 &plot nbnd=  16, nks=  1501 /
            0.000000  0.000000  0.000000
  -21.115  -21.115   -9.211   -9.211   -4.658   -4.658   -4.648   -4.648    0.987    0.987
    2.003    2.003    2.933    2.933    4.881    4.881
            0.000667  0.001155  0.000000
  -21.115  -21.115   -9.211   -9.211   -4.658   -4.658   -4.649   -4.649    0.987    0.987
    2.003    2.003    2.934    2.934    4.881    4.881
            0.001333  0.002309  0.000000
  -21.115  -21.115   -9.211   -9.211   -4.658   -4.658   -4.649   -4.649    0.987    0.987
    2.003    2.003    2.934    2.934    4.881    4.881
            0.002000  0.003464  0.000000
  -21.115  -21.115   -9.211   -9.211   -4.659   -4.659   -4.649   -4.649    0.988    0.988
    2.003    2.003    2.934    2.934    4.881    4.881
            0.002667  0.004619  0.000000
  -21.114  -21.114   -9.211   -9.211   -4.659   -4.659   -4.650   -4.650    0.988    0.988
    2.004    2.004    2.934    2.934    4.881    4.881
            0.003333  0.005774  0.000000
  -21.114  -21.114   -9.210   -9.210   -4.660   -4.660   -4.651   -4.651    0.988    0.988
    2.004    2.004    2.935    2.935    4.882    4.882
            0.004000  0.006928  0.000000
  -21.114  -21.114   -9.210   -9.210   -4.661   -4.661   -4.652   -4.652    0.989    0.989
    2.005    2.005    2.935    2.935    4.882    4.882
            0.004667  0.008083  0.000000
  -21.113  -21.113   -9.210   -9.210   -4.663   -4.663   -4.653   -4.653    0.989    0.989
    2.005    2.005    2.936    2.936    4.883    4.883
            0.005333  0.009238  0.000000
  -21.113  -21.113   -9.209   -9.209   -4.665   -4.665   -4.655   -4.655    0.990    0.990
    2.006    2.006    2.936    2.936    4.883    4.883
            0.006000  0.010392  0.000000
  -21.112  -21.112   -9.208   -9.208   -4.666   -4.666   -4.656   -4.656    0.991    0.991
    2.006    2.006    2.937    2.937    4.884    4.884
            0.006667  0.011547  0.000000
  -21.112  -21.112   -9.208   -9.208   -4.669   -4.669   -4.658   -4.658    0.992    0.992
    2.007    2.007    2.938    2.938    4.885    4.885
            0.007333  0.012702  0.000000
  -21.111  -21.111   -9.207   -9.207   -4.671   -4.671   -4.659   -4.659    0.993    0.993
    2.008    2.008    2.939    2.939    4.886    4.886
            0.008000  0.013856  0.000000
  -21.110  -21.110   -9.206   -9.206   -4.674   -4.674   -4.661   -4.661    0.994    0.994
    2.009    2.009    2.940    2.940    4.887    4.887
            0.008667  0.015011  0.000000
  -21.109  -21.109   -9.205   -9.205   -4.677   -4.677   -4.663   -4.663    0.995    0.995
    2.010    2.010    2.941    2.941    4.888    4.888
            0.009333  0.016166  0.000000
  -21.109  -21.109   -9.204   -9.204   -4.680   -4.680   -4.665   -4.665    0.996    0.996
    2.011    2.011    2.942    2.942    4.889    4.889
            0.010000  0.017321  0.000000
  -21.108  -21.108   -9.203   -9.203   -4.684   -4.684   -4.667   -4.667    0.997    0.997
    2.013    2.013    2.943    2.943    4.890    4.890
            0.010667  0.018475  0.000000
  -21.107  -21.107   -9.202   -9.202   -4.688   -4.688   -4.670   -4.670    0.998    0.998
    2.014    2.014    2.944    2.944    4.892    4.892
            0.011333  0.019630  0.000000
  -21.106  -21.106   -9.201   -9.200   -4.692   -4.692   -4.672   -4.672    1.000    1.000
    2.015    2.015    2.946    2.946    4.893    4.893
            0.012000  0.020785  0.000000
  -21.105  -21.105   -9.199   -9.199   -4.697   -4.697   -4.675   -4.675    1.001    1.001
    2.017    2.017    2.947    2.947    4.895    4.895
            0.012667  0.021939  0.000000
  -21.103  -21.103   -9.198   -9.198   -4.701   -4.701   -4.677   -4.677    1.003    1.003
    2.019    2.019    2.949    2.949    4.896    4.896
            0.013333  0.023094  0.000000
  -21.102  -21.102   -9.196   -9.196   -4.706   -4.706   -4.680   -4.680    1.005    1.005
    2.020    2.020    2.951    2.951    4.898    4.898
            0.014000  0.024249  0.000000
  -21.101  -21.101   -9.195   -9.195   -4.712   -4.712   -4.683   -4.683    1.006    1.006
    2.022    2.022    2.952    2.952    4.900    4.900
            0.014667  0.025403  0.000000
  -21.100  -21.100   -9.193   -9.193   -4.717   -4.717   -4.686   -4.686    1.008    1.008
    2.024    2.024    2.954    2.954    4.901    4.901
            0.015333  0.026558  0.000000
  -21.098  -21.098   -9.191   -9.191   -4.723   -4.723   -4.689   -4.689    1.010    1.010
    2.026    2.026    2.956    2.956    4.903    4.903
            0.016000  0.027713  0.000000
  -21.097  -21.097   -9.190   -9.190   -4.729   -4.729   -4.693   -4.693    1.012    1.012
    2.028    2.028    2.958    2.958    4.905    4.905
            0.016667  0.028868  0.000000
  -21.095  -21.095   -9.188   -9.188   -4.735   -4.735   -4.696   -4.696    1.014    1.014
    2.030    2.030    2.960    2.960    4.907    4.907
            0.017333  0.030022  0.000000
  -21.094  -21.094   -9.186   -9.186   -4.742   -4.742   -4.700   -4.700    1.017    1.017
    2.032    2.032    2.962    2.962    4.910    4.910
            0.018000  0.031177  0.000000
  -21.092  -21.092   -9.184   -9.184   -4.748   -4.748   -4.703   -4.703    1.019    1.019
    2.034    2.034    2.965    2.965    4.912    4.912
            0.018667  0.032332  0.000000
  -21.090  -21.090   -9.182   -9.182   -4.755   -4.755   -4.707   -4.707    1.021    1.021
    2.037    2.037    2.967    2.967    4.914    4.914
            0.019333  0.033486  0.000000
  -21.088  -21.088   -9.180   -9.180   -4.763   -4.763   -4.711   -4.711    1.024    1.024
    2.039    2.039    2.969    2.970    4.917    4.917
            0.020000  0.034641  0.000000
  -21.086  -21.086   -9.178   -9.178   -4.770   -4.770   -4.715   -4.715    1.026    1.026
    2.042    2.042    2.972    2.972    4.919    4.919
            0.020667  0.035796  0.000000
  -21.085  -21.085   -9.175   -9.175   -4.778   -4.778   -4.719   -4.719    1.029    1.029
    2.044    2.044    2.975    2.975    4.922    4.922
            0.021333  0.036950  0.000000
  -21.083  -21.083   -9.173   -9.173   -4.786   -4.786   -4.724   -4.724    1.032    1.032
    2.047    2.047    2.977    2.977    4.924    4.925
            0.022000  0.038105  0.000000
  -21.081  -21.081   -9.170   -9.170   -4.794   -4.794   -4.728   -4.728    1.035    1.035
    2.050    2.050    2.980    2.980    4.927    4.927
            0.022667  0.039260  0.000000
  -21.078  -21.078   -9.168   -9.168   -4.803   -4.803   -4.733   -4.733    1.038    1.038
    2.053    2.053    2.983    2.983    4.930    4.930
            0.023333  0.040415  0.000000
  -21.076  -21.076   -9.165   -9.165   -4.812   -4.812   -4.738   -4.738    1.041    1.041
    2.056    2.056    2.986    2.986    4.933    4.933
            0.024000  0.041569  0.000000
  -21.074  -21.074   -9.163   -9.163   -4.821   -4.821   -4.743   -4.743    1.044    1.044
    2.059    2.059    2.989    2.989    4.936    4.936
            0.024667  0.042724  0.000000
  -21.072  -21.072   -9.160   -9.160   -4.830   -4.830   -4.748   -4.748    1.047    1.047
    2.062    2.062    2.992    2.992    4.939    4.939
            0.025333  0.043879  0.000000
  -21.069  -21.069   -9.157   -9.157   -4.839   -4.839   -4.753   -4.753    1.050    1.050
    2.065    2.065    2.995    2.995    4.942    4.942
            0.026000  0.045033  0.000000
  -21.067  -21.067   -9.154   -9.154   -4.849   -4.849   -4.758   -4.758    1.053    1.053
    2.068    2.068    2.999    2.999    4.946    4.946
            0.026667  0.046188  0.000000
  -21.064  -21.064   -9.151   -9.151   -4.859   -4.859   -4.764   -4.764    1.057    1.057
    2.072    2.072    3.002    3.002    4.949    4.949
            0.027333  0.047343  0.000000
  -21.062  -21.062   -9.148   -9.148   -4.869   -4.869   -4.769   -4.769    1.060    1.060
    2.075    2.075    3.005    3.006    4.953    4.953
            0.028000  0.048497  0.000000
  -21.059  -21.059   -9.145   -9.145   -4.879   -4.879   -4.775   -4.775    1.064    1.064
    2.079    2.079    3.009    3.009    4.956    4.956
            0.028667  0.049652  0.000000
  -21.057  -21.057   -9.142   -9.142   -4.890   -4.890   -4.781   -4.781    1.068    1.068
    2.083    2.083    3.013    3.013    4.960    4.960
            0.029333  0.050807  0.000000
  -21.054  -21.054   -9.139   -9.139   -4.901   -4.901   -4.787   -4.787    1.071    1.071
    2.086    2.086    3.016    3.016    4.963    4.964
            0.030000  0.051962  0.000000
  -21.051  -21.051   -9.135   -9.135   -4.912   -4.912   -4.793   -4.793    1.075    1.075
    2.090    2.090    3.020    3.020    4.967    4.967
            0.030667  0.053116  0.000000
  -21.048  -21.048   -9.132   -9.132   -4.923   -4.923   -4.799   -4.799    1.079    1.079
    2.094    2.094    3.024    3.024    4.971    4.971
            0.031333  0.054271  0.000000
  -21.045  -21.045   -9.128   -9.128   -4.934   -4.934   -4.805   -4.805    1.083    1.083
    2.098    2.098    3.028    3.028    4.975    4.975
            0.032000  0.055426  0.000000
  -21.042  -21.042   -9.125   -9.125   -4.946   -4.946   -4.812   -4.812    1.087    1.087
    2.102    2.102    3.032    3.032    4.979    4.979
            0.032667  0.056580  0.000000
  -21.039  -21.039   -9.121   -9.121   -4.958   -4.958   -4.818   -4.818    1.092    1.092
    2.106    2.106    3.036    3.036    4.983    4.983
            0.033333  0.057735  0.000000
  -21.036  -21.036   -9.117   -9.117   -4.970   -4.970   -4.825   -4.825    1.096    1.096
    2.111    2.111    3.041    3.041    4.988    4.988
            0.034000  0.058890  0.000000
  -21.033  -21.033   -9.114   -9.114   -4.982   -4.982   -4.832   -4.832    1.100    1.100
    2.115    2.115    3.045    3.045    4.992    4.992
            0.034667  0.060044  0.000000
  -21.030  -21.030   -9.110   -9.110   -4.995   -4.995   -4.839   -4.839    1.105    1.105
    2.119    2.119    3.049    3.049    4.996    4.996
            0.035333  0.061199  0.000000
  -21.026  -21.026   -9.106   -9.106   -5.008   -5.008   -4.846   -4.846    1.109    1.109
    2.124    2.124    3.054    3.054    5.001    5.001
            0.036000  0.062354  0.000000
  -21.023  -21.023   -9.102   -9.102   -5.021   -5.021   -4.853   -4.853    1.114    1.114
    2.128    2.128    3.058    3.058    5.005    5.005
            0.036667  0.063509  0.000000
  -21.020  -21.020   -9.098   -9.098   -5.034   -5.034   -4.861   -4.861    1.119    1.119
    2.133    2.133    3.063    3.063    5.010    5.010
            0.037333  0.064663  0.000000
  -21.016  -21.016   -9.093   -9.093   -5.047   -5.047   -4.868   -4.868    1.124    1.124
    2.138    2.138    3.068    3.068    5.015    5.015
            0.038000  0.065818  0.000000
  -21.013  -21.013   -9.089   -9.089   -5.061   -5.061   -4.876   -4.876    1.129    1.129
    2.143    2.143    3.073    3.073    5.020    5.020
            0.038667  0.066973  0.000000
  -21.009  -21.009   -9.085   -9.085   -5.074   -5.074   -4.884   -4.884    1.134    1.134
    2.148    2.148    3.078    3.078    5.024    5.025
            0.039333  0.068127  0.000000
  -21.005  -21.005   -9.080   -9.080   -5.088   -5.088   -4.892   -4.892    1.139    1.139
    2.153    2.153    3.083    3.083    5.029    5.030
            0.040000  0.069282  0.000000
  -21.002  -21.002   -9.076   -9.076   -5.102   -5.102   -4.900   -4.900    1.144    1.144
    2.158    2.158    3.088    3.088    5.035    5.035
            0.040667  0.070437  0.000000
  -20.998  -20.998   -9.071   -9.071   -5.117   -5.117   -4.908   -4.908    1.149    1.149
    2.163    2.163    3.093    3.093    5.040    5.040
            0.041333  0.071591  0.000000
  -20.994  -20.994   -9.067   -9.067   -5.131   -5.131   -4.916   -4.916    1.154    1.154
    2.168    2.168    3.098    3.098    5.045    5.045
            0.042000  0.072746  0.000000
  -20.990  -20.990   -9.062   -9.062   -5.146   -5.146   -4.925   -4.925    1.160    1.160
    2.174    2.174    3.103    3.104    5.050    5.050
            0.042667  0.073901  0.000000
  -20.986  -20.986   -9.057   -9.057   -5.161   -5.161   -4.933   -4.933    1.165    1.165
    2.179    2.179    3.109    3.109    5.056    5.056
            0.043333  0.075056  0.000000
  -20.982  -20.982   -9.053   -9.053   -5.176   -5.176   -4.942   -4.942    1.171    1.171
    2.185    2.185    3.114    3.114    5.061    5.061
            0.044000  0.076210  0.000000
  -20.978  -20.978   -9.048   -9.048   -5.191   -5.191   -4.951   -4.951    1.177    1.177
    2.190    2.190    3.120    3.120    5.067    5.067
            0.044667  0.077365  0.000000
  -20.974  -20.974   -9.043   -9.043   -5.206   -5.206   -4.959   -4.959    1.183    1.183
    2.196    2.196    3.126    3.126    5.073    5.073
            0.045333  0.078520  0.000000
  -20.969  -20.969   -9.038   -9.038   -5.222   -5.222   -4.968   -4.968    1.188    1.188
    2.202    2.202    3.132    3.132    5.078    5.078
            0.046000  0.079674  0.000000
  -20.965  -20.965   -9.032   -9.032   -5.238   -5.238   -4.978   -4.978    1.194    1.194
    2.208    2.208    3.137    3.137    5.084    5.084
            0.046667  0.080829  0.000000
  -20.961  -20.961   -9.027   -9.027   -5.253   -5.253   -4.987   -4.987    1.200    1.200
    2.214    2.214    3.143    3.143    5.090    5.090
            0.047333  0.081984  0.000000
  -20.956  -20.956   -9.022   -9.022   -5.270   -5.270   -4.996   -4.996    1.207    1.207
    2.220    2.220    3.149    3.149    5.096    5.096
            0.048000  0.083138  0.000000
  -20.952  -20.952   -9.017   -9.017   -5.286   -5.286   -5.006   -5.006    1.213    1.213
    2.226    2.226    3.155    3.156    5.102    5.102
            0.048667  0.084293  0.000000
  -20.947  -20.947   -9.011   -9.011   -5.302   -5.302   -5.015   -5.015    1.219    1.219
    2.232    2.232    3.162    3.162    5.108    5.108
            0.049333  0.085448  0.000000
  -20.943  -20.943   -9.006   -9.006   -5.319   -5.319   -5.025   -5.025    1.225    1.225
    2.239    2.239    3.168    3.168    5.115    5.115
            0.050000  0.086603  0.000000
  -20.938  -20.938   -9.000   -9.000   -5.336   -5.336   -5.035   -5.035    1.232    1.232
    2.245    2.245    3.174    3.174    5.121    5.121
            0.050667  0.087757  0.000000
  -20.933  -20.933   -8.994   -8.994   -5.352   -5.352   -5.045   -5.045    1.239    1.239
    2.251    2.251    3.181    3.181    5.127    5.128
            0.051333  0.088912  0.000000
  -20.928  -20.928   -8.989   -8.989   -5.370   -5.370   -5.055   -5.055    1.245    1.245
    2.258    2.258    3.187    3.187    5.134    5.134
            0.052000  0.090067  0.000000
  -20.924  -20.924   -8.983   -8.983   -5.387   -5.387   -5.065   -5.065    1.252    1.252
    2.265    2.265    3.194    3.194    5.141    5.141
            0.052667  0.091221  0.000000
  -20.919  -20.919   -8.977   -8.977   -5.404   -5.404   -5.076   -5.076    1.259    1.259
    2.271    2.271    3.201    3.201    5.147    5.147
            0.053333  0.092376  0.000000
  -20.914  -20.914   -8.971   -8.971   -5.422   -5.422   -5.086   -5.086    1.266    1.266
    2.278    2.278    3.208    3.208    5.154    5.154
            0.054000  0.093531  0.000000
  -20.909  -20.909   -8.965   -8.965   -5.439   -5.439   -5.097   -5.097    1.273    1.273
    2.285    2.285    3.214    3.215    5.161    5.161
            0.054667  0.094685  0.000000
  -20.903  -20.903   -8.959   -8.959   -5.457   -5.457   -5.107   -5.107    1.280    1.280
    2.292    2.292    3.221    3.222    5.168    5.168
            0.055333  0.095840  0.000000
  -20.898  -20.898   -8.953   -8.953   -5.475   -5.475   -5.118   -5.118    1.287    1.287
    2.299    2.299    3.228    3.229    5.175    5.175
            0.056000  0.096995  0.000000
  -20.893  -20.893   -8.946   -8.946   -5.493   -5.493   -5.129   -5.129    1.294    1.294
    2.306    2.307    3.236    3.236    5.182    5.182
            0.056667  0.098150  0.000000
  -20.888  -20.888   -8.940   -8.940   -5.512   -5.512   -5.140   -5.140    1.302    1.302
    2.314    2.314    3.243    3.243    5.189    5.189
            0.057333  0.099304  0.000000
  -20.882  -20.882   -8.934   -8.934   -5.530   -5.530   -5.151   -5.151    1.309    1.309
    2.321    2.321    3.250    3.250    5.197    5.197
            0.058000  0.100459  0.000000
  -20.877  -20.877   -8.927   -8.927   -5.548   -5.548   -5.162   -5.162    1.317    1.317
    2.329    2.329    3.258    3.258    5.204    5.204
            0.058667  0.101614  0.000000
  -20.871  -20.871   -8.921   -8.921   -5.567   -5.567   -5.174   -5.174    1.324    1.324
    2.336    2.336    3.265    3.265    5.212    5.212
            0.059333  0.102768  0.000000
  -20.866  -20.866   -8.914   -8.914   -5.586   -5.586   -5.185   -5.185    1.332    1.332
    2.344    2.344    3.273    3.273    5.219    5.219
            0.060000  0.103923  0.000000
  -20.860  -20.860   -8.907   -8.907   -5.605   -5.605   -5.197   -5.197    1.340    1.340
    2.351    2.351    3.280    3.280    5.227    5.227
            0.060667  0.105078  0.000000
  -20.855  -20.855   -8.901   -8.901   -5.624   -5.624   -5.209   -5.209    1.347    1.348
    2.359    2.359    3.288    3.288    5.234    5.235
            0.061333  0.106232  0.000000
  -20.849  -20.849   -8.894   -8.894   -5.643   -5.643   -5.220   -5.220    1.355    1.355
    2.367    2.367    3.296    3.296    5.242    5.242
            0.062000  0.107387  0.000000
  -20.843  -20.843   -8.887   -8.887   -5.663   -5.662   -5.232   -5.232    1.363    1.364
    2.375    2.375    3.304    3.304    5.250    5.250
            0.062667  0.108542  0.000000
  -20.837  -20.837   -8.880   -8.880   -5.682   -5.682   -5.244   -5.244    1.372    1.372
    2.383    2.383    3.312    3.312    5.258    5.258
            0.063333  0.109697  0.000000
  -20.831  -20.831   -8.873   -8.873   -5.702   -5.702   -5.256   -5.256    1.380    1.380
    2.391    2.391    3.320    3.320    5.266    5.266
            0.064000  0.110851  0.000000
  -20.825  -20.825   -8.866   -8.866   -5.721   -5.721   -5.269   -5.269    1.388    1.388
    2.399    2.399    3.328    3.328    5.274    5.274
            0.064667  0.112006  0.000000
  -20.819  -20.819   -8.858   -8.858   -5.741   -5.741   -5.281   -5.281    1.397    1.397
    2.408    2.408    3.336    3.336    5.283    5.283
            0.065333  0.113161  0.000000
  -20.813  -20.813   -8.851   -8.851   -5.761   -5.761   -5.294   -5.294    1.405    1.405
    2.416    2.416    3.345    3.345    5.291    5.291
            0.066000  0.114315  0.000000
  -20.807  -20.807   -8.844   -8.844   -5.781   -5.781   -5.306   -5.306    1.414    1.414
    2.425    2.425    3.353    3.353    5.299    5.299
            0.066667  0.115470  0.000000
  -20.801  -20.801   -8.836   -8.836   -5.801   -5.801   -5.319   -5.319    1.422    1.422
    2.433    2.433    3.362    3.362    5.308    5.308
            0.067333  0.116625  0.000000
  -20.794  -20.794   -8.829   -8.829   -5.821   -5.821   -5.332   -5.332    1.431    1.431
    2.442    2.442    3.370    3.370    5.316    5.316
            0.068000  0.117779  0.000000
  -20.788  -20.788   -8.821   -8.821   -5.842   -5.842   -5.344   -5.344    1.440    1.440
    2.451    2.451    3.379    3.379    5.325    5.325
            0.068667  0.118934  0.000000
  -20.782  -20.782   -8.814   -8.814   -5.862   -5.862   -5.357   -5.357    1.449    1.449
    2.459    2.459    3.388    3.388    5.334    5.334
            0.069333  0.120089  0.000000
  -20.775  -20.775   -8.806   -8.806   -5.883   -5.883   -5.370   -5.370    1.458    1.458
    2.468    2.468    3.397    3.397    5.343    5.343
            0.070000  0.121244  0.000000
  -20.768  -20.768   -8.798   -8.798   -5.904   -5.904   -5.384   -5.384    1.467    1.467
    2.477    2.477    3.405    3.406    5.351    5.352
            0.070667  0.122398  0.000000
  -20.762  -20.762   -8.790   -8.790   -5.925   -5.925   -5.397   -5.397    1.476    1.476
    2.486    2.486    3.415    3.415    5.360    5.361
            0.071333  0.123553  0.000000
  -20.755  -20.755   -8.782   -8.782   -5.945   -5.945   -5.410   -5.410    1.485    1.485
    2.495    2.496    3.424    3.424    5.370    5.370
            0.072000  0.124708  0.000000
  -20.748  -20.748   -8.774   -8.774   -5.966   -5.966   -5.424   -5.424    1.495    1.495
    2.505    2.505    3.433    3.433    5.379    5.379
            0.072667  0.125862  0.000000
  -20.742  -20.742   -8.766   -8.766   -5.988   -5.988   -5.437   -5.437    1.504    1.504
    2.514    2.514    3.442    3.442    5.388    5.388
            0.073333  0.127017  0.000000
  -20.735  -20.735   -8.758   -8.758   -6.009   -6.009   -5.451   -5.451    1.514    1.514
    2.524    2.524    3.451    3.452    5.397    5.397
            0.074000  0.128172  0.000000
  -20.728  -20.728   -8.750   -8.750   -6.030   -6.030   -5.465   -5.465    1.523    1.523
    2.533    2.533    3.461    3.461    5.407    5.407
            0.074667  0.129326  0.000000
  -20.721  -20.721   -8.741   -8.741   -6.052   -6.051   -5.479   -5.479    1.533    1.533
    2.543    2.543    3.470    3.471    5.416    5.416
            0.075333  0.130481  0.000000
  -20.714  -20.714   -8.733   -8.733   -6.073   -6.073   -5.493   -5.493    1.543    1.543
    2.552    2.552    3.480    3.480    5.426    5.426
            0.076000  0.131636  0.000000
  -20.707  -20.707   -8.725   -8.725   -6.095   -6.095   -5.507   -5.507    1.553    1.553
    2.562    2.562    3.490    3.490    5.436    5.436
            0.076667  0.132791  0.000000
  -20.700  -20.700   -8.716   -8.716   -6.116   -6.116   -5.521   -5.521    1.563    1.563
    2.572    2.572    3.500    3.500    5.445    5.445
            0.077333  0.133945  0.000000
  -20.692  -20.692   -8.707   -8.707   -6.138   -6.138   -5.535   -5.535    1.573    1.573
    2.582    2.582    3.509    3.510    5.455    5.455
            0.078000  0.135100  0.000000
  -20.685  -20.685   -8.699   -8.699   -6.160   -6.160   -5.549   -5.549    1.583    1.583
    2.592    2.592    3.519    3.520    5.465    5.465
            0.078667  0.136255  0.000000
  -20.678  -20.678   -8.690   -8.690   -6.182   -6.182   -5.564   -5.564    1.593    1.593
    2.602    2.602    3.529    3.530    5.475    5.475
            0.079333  0.137409  0.000000
  -20.670  -20.670   -8.681   -8.681   -6.204   -6.204   -5.578   -5.578    1.603    1.603
    2.612    2.612    3.540    3.540    5.485    5.485
            0.080000  0.138564  0.000000
  -20.663  -20.663   -8.672   -8.672   -6.226   -6.226   -5.593   -5.593    1.614    1.614
    2.622    2.623    3.550    3.550    5.495    5.495
            0.080667  0.139719  0.000000
  -20.655  -20.655   -8.663   -8.663   -6.248   -6.248   -5.608   -5.608    1.624    1.624
    2.633    2.633    3.560    3.560    5.506    5.506
            0.081333  0.140873  0.000000
  -20.648  -20.648   -8.654   -8.654   -6.270   -6.270   -5.623   -5.623    1.635    1.635
    2.643    2.643    3.571    3.571    5.516    5.516
            0.082000  0.142028  0.000000
  -20.640  -20.640   -8.645   -8.645   -6.293   -6.293   -5.638   -5.638    1.645    1.645
    2.654    2.654    3.581    3.581    5.526    5.527
            0.082667  0.143183  0.000000
  -20.632  -20.632   -8.636   -8.636   -6.315   -6.315   -5.653   -5.653    1.656    1.656
    2.664    2.665    3.592    3.592    5.537    5.537
            0.083333  0.144338  0.000000
  -20.624  -20.624   -8.627   -8.627   -6.338   -6.338   -5.668   -5.668    1.667    1.667
    2.675    2.675    3.602    3.602    5.548    5.548
            0.084000  0.145492  0.000000
  -20.617  -20.617   -8.617   -8.617   -6.360   -6.360   -5.683   -5.683    1.678    1.678
    2.686    2.686    3.613    3.613    5.558    5.558
            0.084667  0.146647  0.000000
  -20.609  -20.609   -8.608   -8.608   -6.383   -6.383   -5.698   -5.698    1.689    1.689
    2.697    2.697    3.624    3.624    5.569    5.569
            0.085333  0.147802  0.000000
  -20.601  -20.601   -8.599   -8.598   -6.405   -6.405   -5.713   -5.713    1.700    1.700
    2.708    2.708    3.635    3.635    5.580    5.580
            0.086000  0.148956  0.000000
  -20.593  -20.593   -8.589   -8.589   -6.428   -6.428   -5.729   -5.729    1.711    1.711
    2.719    2.719    3.646    3.646    5.591    5.591
            0.086667  0.150111  0.000000
  -20.585  -20.585   -8.579   -8.579   -6.451   -6.451   -5.744   -5.744    1.722    1.722
    2.730    2.730    3.657    3.657    5.602    5.602
            0.087333  0.151266  0.000000
  -20.576  -20.576   -8.570   -8.570   -6.474   -6.474   -5.760   -5.760    1.734    1.734
    2.741    2.741    3.668    3.668    5.613    5.613
            0.088000  0.152420  0.000000
  -20.568  -20.568   -8.560   -8.560   -6.497   -6.497   -5.776   -5.776    1.745    1.745
    2.753    2.753    3.679    3.679    5.624    5.624
            0.088667  0.153575  0.000000
  -20.560  -20.560   -8.550   -8.550   -6.520   -6.520   -5.791   -5.791    1.757    1.757
    2.764    2.764    3.690    3.691    5.635    5.636
            0.089333  0.154730  0.000000
  -20.551  -20.551   -8.540   -8.540   -6.543   -6.543   -5.807   -5.807    1.768    1.768
    2.775    2.776    3.702    3.702    5.647    5.647
            0.090000  0.155885  0.000000
  -20.543  -20.543   -8.530   -8.530   -6.566   -6.566   -5.823   -5.823    1.780    1.780
    2.787    2.787    3.713    3.713    5.658    5.658
            0.090667  0.157039  0.000000
  -20.535  -20.535   -8.520   -8.520   -6.589   -6.589   -5.839   -5.839    1.792    1.792
    2.799    2.799    3.725    3.725    5.670    5.670
            0.091333  0.158194  0.000000
  -20.526  -20.526   -8.510   -8.510   -6.613   -6.613   -5.855   -5.855    1.804    1.804
    2.810    2.811    3.737    3.737    5.681    5.682
            0.092000  0.159349  0.000000
  -20.517  -20.517   -8.500   -8.500   -6.636   -6.636   -5.871   -5.871    1.816    1.816
    2.822    2.822    3.748    3.748    5.693    5.693
            0.092667  0.160503  0.000000
  -20.509  -20.509   -8.490   -8.490   -6.659   -6.659   -5.888   -5.888    1.828    1.828
    2.834    2.834    3.760    3.760    5.705    5.705
            0.093333  0.161658  0.000000
  -20.500  -20.500   -8.479   -8.479   -6.683   -6.683   -5.904   -5.904    1.840    1.840
    2.846    2.846    3.772    3.772    5.717    5.717
            0.094000  0.162813  0.000000
  -20.491  -20.491   -8.469   -8.469   -6.706   -6.706   -5.920   -5.920    1.852    1.852
    2.858    2.858    3.784    3.784    5.729    5.729
            0.094667  0.163967  0.000000
  -20.482  -20.482   -8.458   -8.458   -6.730   -6.730   -5.937   -5.937    1.864    1.864
    2.870    2.871    3.796    3.796    5.741    5.741
            0.095333  0.165122  0.000000
  -20.474  -20.474   -8.448   -8.448   -6.753   -6.753   -5.953   -5.953    1.877    1.877
    2.883    2.883    3.808    3.808    5.753    5.753
            0.096000  0.166277  0.000000
  -20.465  -20.465   -8.437   -8.437   -6.777   -6.777   -5.970   -5.970    1.889    1.889
    2.895    2.895    3.821    3.821    5.765    5.765
            0.096667  0.167432  0.000000
  -20.456  -20.456   -8.426   -8.426   -6.801   -6.801   -5.987   -5.987    1.902    1.902
    2.908    2.908    3.833    3.833    5.777    5.778
            0.097333  0.168586  0.000000
  -20.446  -20.446   -8.416   -8.416   -6.824   -6.824   -6.004   -6.004    1.914    1.914
    2.920    2.920    3.845    3.846    5.790    5.790
            0.098000  0.169741  0.000000
  -20.437  -20.437   -8.405   -8.405   -6.848   -6.848   -6.020   -6.020    1.927    1.927
    2.933    2.933    3.858    3.858    5.802    5.802
            0.098667  0.170896  0.000000
  -20.428  -20.428   -8.394   -8.394   -6.872   -6.872   -6.037   -6.037    1.940    1.940
    2.945    2.945    3.870    3.871    5.815    5.815
            0.099333  0.172050  0.000000
  -20.419  -20.419   -8.383   -8.383   -6.896   -6.896   -6.054   -6.054    1.953    1.953
    2.958    2.958    3.883    3.883    5.827    5.828
            0.100000  0.173205  0.000000
  -20.410  -20.409   -8.372   -8.372   -6.920   -6.920   -6.071   -6.071    1.966    1.966
    2.971    2.971    3.896    3.896    5.840    5.840
            0.100667  0.174360  0.000000
  -20.400  -20.400   -8.361   -8.361   -6.944   -6.944   -6.089   -6.089    1.979    1.979
    2.984    2.984    3.909    3.909    5.853    5.853
            0.101333  0.175514  0.000000
  -20.391  -20.391   -8.350   -8.350   -6.968   -6.968   -6.106   -6.106    1.992    1.992
    2.997    2.997    3.922    3.922    5.866    5.866
            0.102000  0.176669  0.000000
  -20.381  -20.381   -8.338   -8.338   -6.992   -6.992   -6.123   -6.123    2.005    2.005
    3.010    3.010    3.935    3.935    5.879    5.879
            0.102667  0.177824  0.000000
  -20.372  -20.372   -8.327   -8.327   -7.016   -7.016   -6.140   -6.140    2.019    2.019
    3.023    3.023    3.948    3.948    5.892    5.892
            0.103333  0.178979  0.000000
  -20.362  -20.362   -8.316   -8.316   -7.040   -7.040   -6.158   -6.158    2.032    2.032
    3.037    3.037    3.961    3.961    5.905    5.905
            0.104000  0.180133  0.000000
  -20.352  -20.352   -8.304   -8.304   -7.064   -7.064   -6.175   -6.175    2.046    2.046
    3.050    3.050    3.974    3.974    5.918    5.918
            0.104667  0.181288  0.000000
  -20.342  -20.342   -8.293   -8.293   -7.088   -7.088   -6.193   -6.193    2.059    2.059
    3.063    3.064    3.988    3.988    5.931    5.932
            0.105333  0.182443  0.000000
  -20.333  -20.333   -8.281   -8.281   -7.112   -7.112   -6.210   -6.210    2.073    2.073
    3.077    3.077    4.001    4.001    5.945    5.945
            0.106000  0.183597  0.000000
  -20.323  -20.323   -8.269   -8.269   -7.137   -7.137   -6.228   -6.228    2.087    2.087
    3.091    3.091    4.015    4.015    5.958    5.958
            0.106667  0.184752  0.000000
  -20.313  -20.313   -8.258   -8.258   -7.161   -7.161   -6.246   -6.246    2.101    2.101
    3.104    3.104    4.028    4.028    5.972    5.972
            0.107333  0.185907  0.000000
  -20.303  -20.303   -8.246   -8.246   -7.185   -7.185   -6.264   -6.264    2.114    2.115
    3.118    3.118    4.042    4.042    5.985    5.986
            0.108000  0.187061  0.000000
  -20.293  -20.293   -8.234   -8.234   -7.209   -7.209   -6.282   -6.282    2.129    2.129
    3.132    3.132    4.056    4.056    5.999    5.999
            0.108667  0.188216  0.000000
  -20.283  -20.283   -8.222   -8.222   -7.234   -7.234   -6.300   -6.300    2.143    2.143
    3.146    3.146    4.070    4.070    6.013    6.013
            0.109333  0.189371  0.000000
  -20.272  -20.272   -8.210   -8.210   -7.258   -7.258   -6.318   -6.318    2.157    2.157
    3.160    3.160    4.083    4.084    6.027    6.027
            0.110000  0.190526  0.000000
  -20.262  -20.262   -8.198   -8.198   -7.283   -7.283   -6.336   -6.336    2.171    2.171
    3.174    3.174    4.098    4.098    6.041    6.041
            0.110667  0.191680  0.000000
  -20.252  -20.252   -8.186   -8.186   -7.307   -7.307   -6.354   -6.354    2.186    2.186
    3.189    3.189    4.112    4.112    6.055    6.055
            0.111333  0.192835  0.000000
  -20.241  -20.241   -8.173   -8.173   -7.331   -7.331   -6.372   -6.372    2.200    2.200
    3.203    3.203    4.126    4.126    6.069    6.069
            0.112000  0.193990  0.000000
  -20.231  -20.231   -8.161   -8.161   -7.356   -7.356   -6.390   -6.390    2.215    2.215
    3.217    3.217    4.140    4.140    6.083    6.083
            0.112667  0.195144  0.000000
  -20.221  -20.221   -8.149   -8.149   -7.380   -7.380   -6.408   -6.408    2.229    2.229
    3.232    3.232    4.154    4.155    6.097    6.098
            0.113333  0.196299  0.000000
  -20.210  -20.210   -8.136   -8.136   -7.405   -7.405   -6.427   -6.427    2.244    2.244
    3.246    3.246    4.169    4.169    6.112    6.112
            0.114000  0.197454  0.000000
  -20.199  -20.199   -8.124   -8.124   -7.429   -7.429   -6.445   -6.445    2.259    2.259
    3.261    3.261    4.183    4.184    6.126    6.126
            0.114667  0.198608  0.000000
  -20.189  -20.189   -8.111   -8.111   -7.454   -7.454   -6.464   -6.464    2.274    2.274
    3.276    3.276    4.198    4.198    6.141    6.141
            0.115333  0.199763  0.000000
  -20.178  -20.178   -8.098   -8.098   -7.479   -7.479   -6.482   -6.482    2.289    2.289
    3.291    3.291    4.213    4.213    6.155    6.156
            0.116000  0.200918  0.000000
  -20.167  -20.167   -8.086   -8.086   -7.503   -7.503   -6.501   -6.501    2.304    2.304
    3.306    3.306    4.228    4.228    6.170    6.170
            0.116667  0.202073  0.000000
  -20.156  -20.156   -8.073   -8.073   -7.528   -7.528   -6.519   -6.519    2.319    2.319
    3.321    3.321    4.242    4.243    6.185    6.185
            0.117333  0.203227  0.000000
  -20.145  -20.145   -8.060   -8.060   -7.553   -7.553   -6.538   -6.538    2.334    2.334
    3.336    3.336    4.257    4.258    6.200    6.200
            0.118000  0.204382  0.000000
  -20.134  -20.134   -8.047   -8.047   -7.577   -7.577   -6.557   -6.557    2.350    2.350
    3.351    3.351    4.272    4.273    6.215    6.215
            0.118667  0.205537  0.000000
  -20.123  -20.123   -8.034   -8.034   -7.602   -7.602   -6.576   -6.576    2.365    2.365
    3.366    3.366    4.288    4.288    6.230    6.230
            0.119333  0.206691  0.000000
  -20.112  -20.112   -8.021   -8.021   -7.627   -7.627   -6.594   -6.594    2.380    2.381
    3.381    3.382    4.303    4.303    6.245    6.245
            0.120000  0.207846  0.000000
  -20.101  -20.101   -8.008   -8.008   -7.651   -7.651   -6.613   -6.613    2.396    2.396
    3.397    3.397    4.318    4.318    6.260    6.260
            0.120667  0.209001  0.000000
  -20.090  -20.090   -7.995   -7.995   -7.676   -7.676   -6.632   -6.632    2.412    2.412
    3.412    3.412    4.333    4.334    6.275    6.276
            0.121333  0.210155  0.000000
  -20.079  -20.079   -7.981   -7.981   -7.701   -7.701   -6.651   -6.651    2.427    2.428
    3.428    3.428    4.349    4.349    6.291    6.291
            0.122000  0.211310  0.000000
  -20.067  -20.067   -7.968   -7.968   -7.725   -7.725   -6.670   -6.670    2.443    2.443
    3.444    3.444    4.364    4.365    6.306    6.306
            0.122667  0.212465  0.000000
  -20.056  -20.056   -7.955   -7.955   -7.750   -7.750   -6.689   -6.689    2.459    2.459
    3.460    3.460    4.380    4.380    6.322    6.322
            0.123333  0.213620  0.000000
  -20.044  -20.044   -7.941   -7.941   -7.775   -7.775   -6.709   -6.709    2.475    2.475
    3.475    3.475    4.396    4.396    6.337    6.338
            0.124000  0.214774  0.000000
  -20.033  -20.033   -7.928   -7.928   -7.800   -7.800   -6.728   -6.728    2.491    2.492
    3.491    3.491    4.412    4.412    6.353    6.353
            0.124667  0.215929  0.000000
  -20.021  -20.021   -7.914   -7.914   -7.825   -7.825   -6.747   -6.747    2.508    2.508
    3.507    3.507    4.427    4.428    6.369    6.369
            0.125333  0.217084  0.000000
  -20.010  -20.010   -7.900   -7.900   -7.849   -7.849   -6.766   -6.766    2.524    2.524
    3.524    3.524    4.443    4.444    6.385    6.385
            0.126000  0.218238  0.000000
  -19.998  -19.998   -7.887   -7.887   -7.874   -7.874   -6.786   -6.786    2.540    2.540
    3.540    3.540    4.459    4.460    6.401    6.401
            0.126667  0.219393  0.000000
  -19.986  -19.986   -7.899   -7.899   -7.873   -7.873   -6.805   -6.805    2.557    2.557
    3.556    3.556    4.476    4.476    6.417    6.417
            0.127333  0.220548  0.000000
  -19.974  -19.974   -7.924   -7.924   -7.859   -7.859   -6.824   -6.824    2.573    2.573
    3.572    3.572    4.492    4.492    6.433    6.433
            0.128000  0.221703  0.000000
  -19.962  -19.962   -7.949   -7.949   -7.845   -7.845   -6.844   -6.844    2.590    2.590
    3.589    3.589    4.508    4.508    6.449    6.449
            0.128667  0.222857  0.000000
  -19.950  -19.950   -7.973   -7.973   -7.831   -7.831   -6.863   -6.863    2.607    2.607
    3.605    3.605    4.524    4.525    6.443    6.443
            0.129333  0.224012  0.000000
  -19.938  -19.938   -7.998   -7.998   -7.817   -7.817   -6.883   -6.883    2.623    2.624
    3.622    3.622    4.541    4.541    6.414    6.414
            0.130000  0.225167  0.000000
  -19.926  -19.926   -8.023   -8.023   -7.803   -7.803   -6.902   -6.902    2.640    2.640
    3.639    3.639    4.557    4.558    6.386    6.386
            0.130667  0.226321  0.000000
  -19.914  -19.914   -8.048   -8.048   -7.789   -7.789   -6.922   -6.922    2.657    2.657
    3.656    3.656    4.574    4.574    6.357    6.357
            0.131333  0.227476  0.000000
  -19.902  -19.902   -8.073   -8.073   -7.774   -7.774   -6.942   -6.942    2.674    2.674
    3.672    3.673    4.591    4.591    6.328    6.328
            0.132000  0.228631  0.000000
  -19.890  -19.890   -8.098   -8.098   -7.760   -7.760   -6.961   -6.961    2.692    2.692
    3.689    3.690    4.607    4.608    6.300    6.300
            0.132667  0.229785  0.000000
  -19.877  -19.877   -8.122   -8.122   -7.745   -7.745   -6.981   -6.981    2.709    2.709
    3.707    3.707    4.624    4.625    6.271    6.271
            0.133333  0.230940  0.000000
  -19.865  -19.865   -8.147   -8.147   -7.731   -7.731   -7.001   -7.001    2.726    2.726
    3.724    3.724    4.641    4.641    6.242    6.242
            0.134000  0.232095  0.000000
  -19.853  -19.853   -8.172   -8.172   -7.716   -7.716   -7.021   -7.021    2.744    2.744
    3.741    3.741    4.658    4.659    6.213    6.213
            0.134667  0.233250  0.000000
  -19.840  -19.840   -8.197   -8.197   -7.702   -7.702   -7.041   -7.041    2.761    2.761
    3.758    3.758    4.675    4.676    6.184    6.184
            0.135333  0.234404  0.000000
  -19.828  -19.828   -8.222   -8.222   -7.687   -7.687   -7.060   -7.060    2.779    2.779
    3.776    3.776    4.693    4.693    6.155    6.155
            0.136000  0.235559  0.000000
  -19.815  -19.815   -8.247   -8.247   -7.672   -7.672   -7.080   -7.080    2.796    2.796
    3.793    3.793    4.710    4.710    6.126    6.126
            0.136667  0.236714  0.000000
  -19.802  -19.802   -8.271   -8.271   -7.658   -7.658   -7.100   -7.100    2.814    2.814
    3.811    3.811    4.727    4.727    6.097    6.097
            0.137333  0.237868  0.000000
  -19.790  -19.790   -8.296   -8.296   -7.643   -7.643   -7.120   -7.120    2.832    2.832
    3.828    3.828    4.745    4.745    6.068    6.068
            0.138000  0.239023  0.000000
  -19.777  -19.777   -8.321   -8.321   -7.628   -7.628   -7.140   -7.140    2.850    2.850
    3.846    3.846    4.762    4.762    6.039    6.039
            0.138667  0.240178  0.000000
  -19.764  -19.764   -8.346   -8.346   -7.613   -7.613   -7.160   -7.160    2.868    2.868
    3.864    3.864    4.780    4.780    6.010    6.010
            0.139333  0.241332  0.000000
  -19.751  -19.751   -8.371   -8.371   -7.598   -7.598   -7.181   -7.180    2.886    2.886
    3.882    3.882    4.798    4.798    5.981    5.981
            0.140000  0.242487  0.000000
  -19.738  -19.738   -8.395   -8.395   -7.583   -7.582   -7.201   -7.201    2.904    2.904
    3.900    3.900    4.815    4.816    5.952    5.952
            0.140667  0.243642  0.000000
  -19.725  -19.725   -8.420   -8.420   -7.567   -7.567   -7.221   -7.221    2.922    2.923
    3.918    3.918    4.833    4.833    5.923    5.923
            0.141333  0.244797  0.000000
  -19.712  -19.712   -8.445   -8.445   -7.552   -7.552   -7.241   -7.241    2.941    2.941
    3.936    3.936    4.851    4.851    5.893    5.894
            0.142000  0.245951  0.000000
  -19.699  -19.699   -8.470   -8.470   -7.537   -7.537   -7.261   -7.261    2.959    2.959
    3.954    3.955    4.869    4.869    5.864    5.864
            0.142667  0.247106  0.000000
  -19.686  -19.686   -8.495   -8.495   -7.521   -7.521   -7.281   -7.281    2.978    2.978
    3.973    3.973    4.887    4.887    5.835    5.835
            0.143333  0.248261  0.000000
  -19.672  -19.672   -8.519   -8.519   -7.506   -7.506   -7.302   -7.302    2.996    2.996
    3.991    3.991    4.905    4.906    5.806    5.806
            0.144000  0.249415  0.000000
  -19.659  -19.659   -8.544   -8.544   -7.490   -7.490   -7.322   -7.322    3.015    3.015
    4.010    4.010    4.924    4.924    5.776    5.776
            0.144667  0.250570  0.000000
  -19.646  -19.646   -8.569   -8.569   -7.475   -7.475   -7.342   -7.342    3.034    3.034
    4.028    4.028    4.942    4.942    5.747    5.747
            0.145333  0.251725  0.000000
  -19.632  -19.632   -8.594   -8.594   -7.459   -7.459   -7.363   -7.363    3.053    3.053
    4.047    4.047    4.960    4.961    5.718    5.718
            0.146000  0.252879  0.000000
  -19.619  -19.619   -8.618   -8.618   -7.444   -7.443   -7.383   -7.383    3.072    3.072
    4.066    4.066    4.979    4.979    5.688    5.688
            0.146667  0.254034  0.000000
  -19.605  -19.605   -8.643   -8.643   -7.428   -7.428   -7.403   -7.403    3.091    3.091
    4.085    4.085    4.998    4.998    5.659    5.659
            0.147333  0.255189  0.000000
  -19.592  -19.592   -8.668   -8.668   -7.425   -7.424   -7.411   -7.410    3.110    3.110
    4.104    4.104    5.016    5.016    5.629    5.629
            0.148000  0.256344  0.000000
  -19.578  -19.578   -8.693   -8.693   -7.445   -7.444   -7.396   -7.395    3.129    3.129
    4.123    4.123    5.035    5.035    5.600    5.600
            0.148667  0.257498  0.000000
  -19.564  -19.564   -8.717   -8.717   -7.465   -7.465   -7.380   -7.380    3.148    3.149
    4.142    4.142    5.054    5.054    5.570    5.570
            0.149333  0.258653  0.000000
  -19.550  -19.550   -8.742   -8.742   -7.486   -7.485   -7.364   -7.364    3.168    3.168
    4.161    4.161    5.073    5.073    5.541    5.541
            0.150000  0.259808  0.000000
  -19.537  -19.537   -8.767   -8.767   -7.506   -7.506   -7.348   -7.347    3.187    3.187
    4.180    4.180    5.092    5.092    5.511    5.511
            0.150667  0.260962  0.000000
  -19.523  -19.523   -8.791   -8.791   -7.527   -7.526   -7.331   -7.331    3.207    3.207
    4.200    4.200    5.111    5.111    5.482    5.482
            0.151333  0.262117  0.000000
  -19.509  -19.509   -8.816   -8.816   -7.547   -7.547   -7.315   -7.315    3.227    3.227
    4.219    4.219    5.130    5.130    5.452    5.452
            0.152000  0.263272  0.000000
  -19.495  -19.495   -8.840   -8.840   -7.568   -7.568   -7.299   -7.299    3.246    3.246
    4.239    4.239    5.149    5.149    5.423    5.423
            0.152667  0.264426  0.000000
  -19.481  -19.481   -8.865   -8.865   -7.588   -7.588   -7.282   -7.282    3.266    3.266
    4.258    4.258    5.169    5.169    5.393    5.393
            0.153333  0.265581  0.000000
  -19.466  -19.466   -8.890   -8.890   -7.609   -7.609   -7.266   -7.266    3.286    3.286
    4.278    4.278    5.188    5.188    5.363    5.364
            0.154000  0.266736  0.000000
  -19.452  -19.452   -8.914   -8.914   -7.630   -7.630   -7.250   -7.250    3.306    3.306
    4.298    4.298    5.207    5.208    5.334    5.334
            0.154667  0.267891  0.000000
  -19.438  -19.438   -8.939   -8.939   -7.650   -7.650   -7.233   -7.233    3.326    3.326
    4.318    4.318    5.227    5.227    5.304    5.304
            0.155333  0.269045  0.000000
  -19.424  -19.424   -8.963   -8.963   -7.671   -7.671   -7.216   -7.216    3.346    3.346
    4.338    4.338    5.247    5.247    5.275    5.275
            0.156000  0.270200  0.000000
  -19.409  -19.409   -8.988   -8.988   -7.692   -7.692   -7.200   -7.200    3.367    3.367
    4.358    4.358    5.245    5.245    5.266    5.267
            0.156667  0.271355  0.000000
  -19.395  -19.395   -9.012   -9.012   -7.712   -7.712   -7.183   -7.183    3.387    3.387
    4.378    4.378    5.215    5.215    5.286    5.286
            0.157333  0.272509  0.000000
  -19.380  -19.380   -9.037   -9.037   -7.733   -7.733   -7.166   -7.166    3.407    3.407
    4.398    4.398    5.186    5.186    5.306    5.306
            0.158000  0.273664  0.000000
  -19.366  -19.366   -9.061   -9.061   -7.754   -7.754   -7.149   -7.149    3.428    3.428
    4.418    4.419    5.156    5.156    5.326    5.326
            0.158667  0.274819  0.000000
  -19.351  -19.351   -9.086   -9.086   -7.775   -7.775   -7.132   -7.132    3.448    3.448
    4.439    4.439    5.126    5.126    5.346    5.346
            0.159333  0.275973  0.000000
  -19.337  -19.337   -9.110   -9.110   -7.795   -7.795   -7.115   -7.115    3.469    3.469
    4.459    4.459    5.097    5.097    5.366    5.366
            0.160000  0.277128  0.000000
  -19.322  -19.322   -9.135   -9.135   -7.816   -7.816   -7.098   -7.098    3.490    3.490
    4.480    4.480    5.067    5.067    5.386    5.387
            0.160667  0.278283  0.000000
  -19.307  -19.307   -9.159   -9.159   -7.837   -7.837   -7.081   -7.081    3.511    3.511
    4.501    4.501    5.037    5.037    5.407    5.407
            0.161333  0.279438  0.000000
  -19.292  -19.292   -9.183   -9.183   -7.858   -7.858   -7.064   -7.064    3.532    3.532
    4.521    4.521    5.007    5.007    5.427    5.427
            0.162000  0.280592  0.000000
  -19.277  -19.277   -9.208   -9.208   -7.879   -7.879   -7.047   -7.047    3.553    3.553
    4.542    4.542    4.978    4.978    5.447    5.448
            0.162667  0.281747  0.000000
  -19.262  -19.262   -9.232   -9.232   -7.900   -7.900   -7.030   -7.030    3.574    3.574
    4.563    4.563    4.948    4.948    5.468    5.468
            0.163333  0.282902  0.000000
  -19.247  -19.247   -9.256   -9.256   -7.920   -7.920   -7.012   -7.012    3.595    3.595
    4.584    4.584    4.918    4.918    5.488    5.489
            0.164000  0.284056  0.000000
  -19.232  -19.232   -9.281   -9.281   -7.941   -7.941   -6.995   -6.995    3.616    3.616
    4.605    4.605    4.888    4.889    5.509    5.509
            0.164667  0.285211  0.000000
  -19.217  -19.217   -9.305   -9.305   -7.962   -7.962   -6.977   -6.977    3.638    3.638
    4.626    4.626    4.859    4.859    5.530    5.530
            0.165333  0.286366  0.000000
  -19.202  -19.202   -9.329   -9.329   -7.983   -7.983   -6.960   -6.960    3.659    3.659
    4.647    4.648    4.829    4.829    5.551    5.551
            0.166000  0.287520  0.000000
  -19.187  -19.187   -9.353   -9.353   -8.004   -8.004   -6.942   -6.942    3.681    3.681
    4.669    4.669    4.799    4.799    5.572    5.572
            0.166667  0.288675  0.000000
  -19.171  -19.171   -9.378   -9.378   -8.025   -8.025   -6.925   -6.925    3.702    3.702
    4.690    4.690    4.770    4.770    5.593    5.593
            0.167333  0.289830  0.000000
  -19.156  -19.156   -9.402   -9.402   -8.046   -8.046   -6.907   -6.907    3.724    3.724
    4.712    4.712    4.740    4.740    5.614    5.614
            0.168000  0.290985  0.000000
  -19.141  -19.141   -9.426   -9.426   -8.067   -8.067   -6.889   -6.889    3.746    3.746
    4.710    4.710    4.733    4.733    5.635    5.635
            0.168667  0.292139  0.000000
  -19.125  -19.125   -9.450   -9.450   -8.088   -8.088   -6.871   -6.871    3.768    3.768
    4.680    4.680    4.755    4.755    5.656    5.656
            0.169333  0.293294  0.000000
  -19.110  -19.110   -9.474   -9.474   -8.109   -8.109   -6.854   -6.854    3.790    3.790
    4.651    4.651    4.777    4.777    5.677    5.678
            0.170000  0.294449  0.000000
  -19.094  -19.094   -9.498   -9.498   -8.130   -8.130   -6.836   -6.836    3.812    3.812
    4.621    4.621    4.799    4.799    5.699    5.699
            0.170667  0.295603  0.000000
  -19.078  -19.078   -9.522   -9.522   -8.151   -8.151   -6.818   -6.818    3.834    3.834
    4.591    4.591    4.820    4.821    5.720    5.720
            0.171333  0.296758  0.000000
  -19.063  -19.063   -9.546   -9.546   -8.172   -8.172   -6.800   -6.800    3.856    3.856
    4.561    4.561    4.842    4.843    5.742    5.742
            0.172000  0.297913  0.000000
  -19.047  -19.047   -9.570   -9.570   -8.193   -8.193   -6.781   -6.781    3.878    3.878
    4.532    4.532    4.865    4.865    5.763    5.764
            0.172667  0.299067  0.000000
  -19.031  -19.031   -9.594   -9.594   -8.214   -8.214   -6.763   -6.763    3.901    3.901
    4.502    4.502    4.887    4.887    5.785    5.785
            0.173333  0.300222  0.000000
  -19.015  -19.015   -9.618   -9.618   -8.235   -8.235   -6.745   -6.745    3.923    3.923
    4.472    4.472    4.909    4.909    5.807    5.807
            0.174000  0.301377  0.000000
  -18.999  -18.999   -9.642   -9.642   -8.256   -8.256   -6.727   -6.727    3.946    3.946
    4.442    4.443    4.931    4.931    5.829    5.829
            0.174667  0.302532  0.000000
  -18.983  -18.983   -9.666   -9.666   -8.277   -8.277   -6.708   -6.708    3.968    3.968
    4.413    4.413    4.954    4.954    5.850    5.851
            0.175333  0.303686  0.000000
  -18.967  -18.967   -9.690   -9.690   -8.298   -8.298   -6.690   -6.690    3.991    3.991
    4.383    4.383    4.976    4.976    5.872    5.873
            0.176000  0.304841  0.000000
  -18.951  -18.951   -9.714   -9.714   -8.319   -8.319   -6.672   -6.672    4.014    4.014
    4.353    4.353    4.999    4.999    5.894    5.895
            0.176667  0.305996  0.000000
  -18.935  -18.935   -9.738   -9.738   -8.340   -8.340   -6.653   -6.653    4.037    4.037
    4.324    4.324    5.022    5.022    5.917    5.917
            0.177333  0.307150  0.000000
  -18.919  -18.919   -9.761   -9.761   -8.361   -8.361   -6.634   -6.634    4.060    4.060
    4.294    4.294    5.044    5.044    5.939    5.939
            0.178000  0.308305  0.000000
  -18.902  -18.902   -9.785   -9.785   -8.382   -8.382   -6.616   -6.616    4.083    4.083
    4.264    4.264    5.067    5.067    5.961    5.961
            0.178667  0.309460  0.000000
  -18.886  -18.886   -9.809   -9.809   -8.403   -8.403   -6.597   -6.597    4.106    4.106
    4.235    4.235    5.090    5.090    5.983    5.984
            0.179333  0.310614  0.000000
  -18.870  -18.870   -9.833   -9.833   -8.424   -8.424   -6.578   -6.578    4.129    4.129
    4.205    4.205    5.113    5.113    6.006    6.006
            0.180000  0.311769  0.000000
  -18.853  -18.853   -9.856   -9.856   -8.445   -8.445   -6.560   -6.560    4.153    4.153
    4.175    4.176    5.136    5.136    6.028    6.029
            0.180667  0.312924  0.000000
  -18.837  -18.837   -9.880   -9.880   -8.466   -8.466   -6.541   -6.541    4.146    4.146
    4.176    4.176    5.159    5.159    6.051    6.051
            0.181333  0.314079  0.000000
  -18.820  -18.820   -9.904   -9.904   -8.487   -8.487   -6.522   -6.522    4.116    4.116
    4.200    4.200    5.183    5.183    6.074    6.074
            0.182000  0.315233  0.000000
  -18.804  -18.804   -9.927   -9.927   -8.508   -8.508   -6.503   -6.503    4.087    4.087
    4.223    4.223    5.206    5.206    6.096    6.097
            0.182667  0.316388  0.000000
  -18.787  -18.787   -9.951   -9.951   -8.529   -8.529   -6.484   -6.484    4.057    4.057
    4.247    4.247    5.229    5.230    6.119    6.119
            0.183333  0.317543  0.000000
  -18.770  -18.770   -9.974   -9.974   -8.550   -8.550   -6.465   -6.465    4.027    4.028
    4.270    4.271    5.253    5.253    6.142    6.142
            0.184000  0.318697  0.000000
  -18.754  -18.754   -9.998   -9.998   -8.571   -8.571   -6.446   -6.446    3.998    3.998
    4.294    4.294    5.277    5.277    6.165    6.165
            0.184667  0.319852  0.000000
  -18.737  -18.737  -10.021  -10.021   -8.592   -8.591   -6.427   -6.427    3.968    3.968
    4.318    4.318    5.300    5.300    6.188    6.188
            0.185333  0.321007  0.000000
  -18.720  -18.720  -10.045  -10.045   -8.612   -8.612   -6.407   -6.407    3.939    3.939
    4.342    4.342    5.324    5.324    6.211    6.211
            0.186000  0.322161  0.000000
  -18.703  -18.703  -10.068  -10.068   -8.633   -8.633   -6.388   -6.388    3.909    3.909
    4.366    4.366    5.348    5.348    6.234    6.235
            0.186667  0.323316  0.000000
  -18.686  -18.686  -10.091  -10.091   -8.654   -8.654   -6.369   -6.369    3.880    3.880
    4.391    4.391    5.372    5.372    6.257    6.258
            0.187333  0.324471  0.000000
  -18.669  -18.669  -10.115  -10.115   -8.675   -8.675   -6.349   -6.349    3.850    3.850
    4.415    4.415    5.396    5.396    6.281    6.281
            0.188000  0.325626  0.000000
  -18.652  -18.652  -10.138  -10.138   -8.696   -8.696   -6.330   -6.330    3.821    3.821
    4.439    4.439    5.420    5.420    6.304    6.304
            0.188667  0.326780  0.000000
  -18.635  -18.635  -10.161  -10.161   -8.717   -8.717   -6.310   -6.310    3.792    3.792
    4.464    4.464    5.444    5.444    6.328    6.328
            0.189333  0.327935  0.000000
  -18.617  -18.617  -10.185  -10.185   -8.738   -8.738   -6.291   -6.291    3.762    3.762
    4.488    4.488    5.468    5.469    6.351    6.351
            0.190000  0.329090  0.000000
  -18.600  -18.600  -10.208  -10.208   -8.759   -8.759   -6.271   -6.271    3.733    3.733
    4.513    4.513    5.493    5.493    6.375    6.375
            0.190667  0.330244  0.000000
  -18.583  -18.583  -10.231  -10.231   -8.780   -8.780   -6.252   -6.252    3.703    3.703
    4.537    4.537    5.517    5.517    6.398    6.399
            0.191333  0.331399  0.000000
  -18.565  -18.565  -10.254  -10.254   -8.801   -8.801   -6.232   -6.232    3.674    3.674
    4.562    4.562    5.542    5.542    6.422    6.422
            0.192000  0.332554  0.000000
  -18.548  -18.548  -10.277  -10.277   -8.822   -8.822   -6.212   -6.212    3.645    3.645
    4.587    4.587    5.566    5.566    6.446    6.446
            0.192667  0.333708  0.000000
  -18.530  -18.530  -10.300  -10.300   -8.843   -8.843   -6.192   -6.192    3.615    3.615
    4.612    4.612    5.591    5.591    6.470    6.470
            0.193333  0.334863  0.000000
  -18.513  -18.513  -10.323  -10.323   -8.864   -8.864   -6.173   -6.172    3.586    3.586
    4.637    4.637    5.616    5.616    6.494    6.494
            0.194000  0.336018  0.000000
  -18.495  -18.495  -10.346  -10.346   -8.885   -8.885   -6.153   -6.153    3.557    3.557
    4.662    4.662    5.641    5.641    6.518    6.518
            0.194667  0.337173  0.000000
  -18.478  -18.478  -10.369  -10.369   -8.906   -8.906   -6.133   -6.133    3.527    3.528
    4.687    4.687    5.666    5.666    6.542    6.542
            0.195333  0.338327  0.000000
  -18.460  -18.460  -10.392  -10.392   -8.926   -8.926   -6.113   -6.113    3.498    3.498
    4.712    4.713    5.691    5.691    6.566    6.566
            0.196000  0.339482  0.000000
  -18.442  -18.442  -10.415  -10.415   -8.947   -8.947   -6.093   -6.093    3.469    3.469
    4.738    4.738    5.716    5.716    6.590    6.590
            0.196667  0.340637  0.000000
  -18.424  -18.424  -10.438  -10.438   -8.968   -8.968   -6.073   -6.072    3.440    3.440
    4.763    4.763    5.741    5.741    6.614    6.615
            0.197333  0.341791  0.000000
  -18.407  -18.407  -10.461  -10.461   -8.989   -8.989   -6.052   -6.052    3.411    3.411
    4.789    4.789    5.766    5.766    6.639    6.639
            0.198000  0.342946  0.000000
  -18.389  -18.389  -10.484  -10.484   -9.010   -9.010   -6.032   -6.032    3.382    3.382
    4.814    4.814    5.792    5.792    6.663    6.663
            0.198667  0.344101  0.000000
  -18.371  -18.371  -10.506  -10.506   -9.031   -9.031   -6.012   -6.012    3.352    3.353
    4.840    4.840    5.817    5.817    6.687    6.688
            0.199333  0.345255  0.000000
  -18.353  -18.353  -10.529  -10.529   -9.051   -9.051   -5.992   -5.992    3.323    3.323
    4.866    4.866    5.843    5.843    6.712    6.712
            0.200000  0.346410  0.000000
  -18.335  -18.335  -10.552  -10.552   -9.072   -9.072   -5.971   -5.971    3.294    3.294
    4.892    4.892    5.868    5.868    6.736    6.737
            0.200667  0.347565  0.000000
  -18.316  -18.316  -10.575  -10.575   -9.093   -9.093   -5.951   -5.951    3.265    3.265
    4.918    4.918    5.894    5.894    6.761    6.761
            0.201333  0.348720  0.000000
  -18.298  -18.298  -10.597  -10.597   -9.114   -9.114   -5.930   -5.930    3.236    3.236
    4.944    4.944    5.920    5.920    6.786    6.786
            0.202000  0.349874  0.000000
  -18.280  -18.280  -10.620  -10.620   -9.134   -9.134   -5.910   -5.910    3.207    3.207
    4.970    4.970    5.946    5.946    6.811    6.811
            0.202667  0.351029  0.000000
  -18.262  -18.262  -10.642  -10.642   -9.155   -9.155   -5.889   -5.889    3.178    3.178
    4.996    4.996    5.971    5.972    6.835    6.836
            0.203333  0.352184  0.000000
  -18.243  -18.243  -10.665  -10.665   -9.176   -9.176   -5.869   -5.869    3.149    3.149
    5.022    5.022    5.998    5.998    6.860    6.861
            0.204000  0.353338  0.000000
  -18.225  -18.225  -10.687  -10.687   -9.196   -9.196   -5.848   -5.848    3.121    3.121
    5.048    5.049    6.024    6.024    6.885    6.885
            0.204667  0.354493  0.000000
  -18.207  -18.207  -10.710  -10.710   -9.217   -9.217   -5.828   -5.828    3.092    3.092
    5.075    5.075    6.050    6.050    6.910    6.910
            0.205333  0.355648  0.000000
  -18.188  -18.188  -10.732  -10.732   -9.238   -9.238   -5.807   -5.807    3.063    3.063
    5.101    5.101    6.076    6.076    6.935    6.935
            0.206000  0.356802  0.000000
  -18.170  -18.170  -10.754  -10.754   -9.258   -9.258   -5.786   -5.786    3.034    3.034
    5.128    5.128    6.102    6.103    6.960    6.961
            0.206667  0.357957  0.000000
  -18.151  -18.151  -10.777  -10.777   -9.279   -9.279   -5.765   -5.765    3.005    3.005
    5.155    5.155    6.129    6.129    6.985    6.986
            0.207333  0.359112  0.000000
  -18.132  -18.132  -10.799  -10.799   -9.300   -9.300   -5.744   -5.744    2.976    2.977
    5.181    5.182    6.155    6.155    7.011    7.011
            0.208000  0.360267  0.000000
  -18.114  -18.114  -10.821  -10.821   -9.320   -9.320   -5.723   -5.723    2.948    2.948
    5.208    5.208    6.182    6.182    7.036    7.036
            0.208667  0.361421  0.000000
  -18.095  -18.095  -10.844  -10.844   -9.341   -9.341   -5.703   -5.703    2.919    2.919
    5.235    5.235    6.209    6.209    7.061    7.062
            0.209333  0.362576  0.000000
  -18.076  -18.076  -10.866  -10.866   -9.361   -9.361   -5.682   -5.682    2.890    2.890
    5.262    5.262    6.235    6.236    7.087    7.087
            0.210000  0.363731  0.000000
  -18.057  -18.057  -10.888  -10.888   -9.382   -9.382   -5.661   -5.661    2.862    2.862
    5.289    5.289    6.262    6.262    7.112    7.112
            0.210667  0.364885  0.000000
  -18.038  -18.038  -10.910  -10.910   -9.402   -9.402   -5.639   -5.639    2.833    2.833
    5.316    5.317    6.289    6.289    7.137    7.138
            0.211333  0.366040  0.000000
  -18.019  -18.019  -10.932  -10.932   -9.423   -9.423   -5.618   -5.618    2.805    2.805
    5.344    5.344    6.316    6.316    7.163    7.163
            0.212000  0.367195  0.000000
  -18.000  -18.000  -10.954  -10.954   -9.443   -9.443   -5.597   -5.597    2.776    2.776
    5.371    5.371    6.343    6.343    7.189    7.189
            0.212667  0.368349  0.000000
  -17.981  -17.981  -10.976  -10.976   -9.464   -9.464   -5.576   -5.576    2.748    2.748
    5.398    5.399    6.370    6.371    7.214    7.215
            0.213333  0.369504  0.000000
  -17.962  -17.962  -10.998  -10.998   -9.484   -9.484   -5.555   -5.555    2.719    2.719
    5.426    5.426    6.398    6.398    7.240    7.240
            0.214000  0.370659  0.000000
  -17.943  -17.943  -11.020  -11.020   -9.504   -9.504   -5.533   -5.533    2.691    2.691
    5.453    5.454    6.425    6.425    7.266    7.266
            0.214667  0.371814  0.000000
  -17.924  -17.924  -11.042  -11.042   -9.525   -9.525   -5.512   -5.512    2.662    2.662
    5.481    5.481    6.452    6.453    7.291    7.292
            0.215333  0.372968  0.000000
  -17.904  -17.904  -11.064  -11.064   -9.545   -9.545   -5.491   -5.491    2.634    2.634
    5.509    5.509    6.480    6.480    7.317    7.317
            0.216000  0.374123  0.000000
  -17.885  -17.885  -11.085  -11.085   -9.566   -9.565   -5.469   -5.469    2.606    2.606
    5.537    5.537    6.508    6.508    7.343    7.343
            0.216667  0.375278  0.000000
  -17.866  -17.866  -11.107  -11.107   -9.586   -9.586   -5.448   -5.448    2.577    2.577
    5.565    5.565    6.535    6.535    7.369    7.369
            0.217333  0.376432  0.000000
  -17.846  -17.846  -11.129  -11.129   -9.606   -9.606   -5.426   -5.426    2.549    2.549
    5.593    5.593    6.563    6.563    7.395    7.395
            0.218000  0.377587  0.000000
  -17.827  -17.827  -11.150  -11.150   -9.626   -9.626   -5.405   -5.405    2.521    2.521
    5.621    5.621    6.591    6.591    7.421    7.421
            0.218667  0.378742  0.000000
  -17.807  -17.807  -11.172  -11.172   -9.647   -9.647   -5.383   -5.383    2.493    2.493
    5.649    5.649    6.619    6.619    7.447    7.447
            0.219333  0.379896  0.000000
  -17.788  -17.788  -11.194  -11.194   -9.667   -9.667   -5.362   -5.362    2.465    2.465
    5.677    5.677    6.647    6.647    7.473    7.473
            0.220000  0.381051  0.000000
  -17.768  -17.768  -11.215  -11.215   -9.687   -9.687   -5.340   -5.340    2.436    2.437
    5.705    5.705    6.675    6.675    7.499    7.499
            0.220667  0.382206  0.000000
  -17.749  -17.749  -11.237  -11.237   -9.707   -9.707   -5.318   -5.318    2.408    2.408
    5.734    5.734    6.703    6.703    7.525    7.525
            0.221333  0.383361  0.000000
  -17.729  -17.729  -11.258  -11.258   -9.727   -9.727   -5.297   -5.297    2.380    2.380
    5.762    5.762    6.731    6.731    7.551    7.551
            0.222000  0.384515  0.000000
  -17.709  -17.709  -11.279  -11.279   -9.747   -9.747   -5.275   -5.275    2.352    2.352
    5.791    5.791    6.759    6.759    7.577    7.577
            0.222667  0.385670  0.000000
  -17.689  -17.689  -11.301  -11.301   -9.767   -9.767   -5.253   -5.253    2.324    2.324
    5.819    5.819    6.788    6.788    7.603    7.604
            0.223333  0.386825  0.000000
  -17.669  -17.669  -11.322  -11.322   -9.787   -9.787   -5.231   -5.231    2.297    2.297
    5.848    5.848    6.816    6.816    7.629    7.630
            0.224000  0.387979  0.000000
  -17.650  -17.650  -11.343  -11.343   -9.807   -9.807   -5.210   -5.210    2.269    2.269
    5.877    5.877    6.845    6.845    7.656    7.656
            0.224667  0.389134  0.000000
  -17.630  -17.630  -11.365  -11.365   -9.827   -9.827   -5.188   -5.188    2.241    2.241
    5.906    5.906    6.873    6.873    7.682    7.682
            0.225333  0.390289  0.000000
  -17.610  -17.610  -11.386  -11.386   -9.847   -9.847   -5.166   -5.166    2.213    2.213
    5.935    5.935    6.902    6.902    7.708    7.708
            0.226000  0.391443  0.000000
  -17.590  -17.590  -11.407  -11.407   -9.867   -9.867   -5.144   -5.144    2.185    2.185
    5.964    5.964    6.931    6.931    7.734    7.735
            0.226667  0.392598  0.000000
  -17.569  -17.569  -11.428  -11.428   -9.887   -9.887   -5.122   -5.122    2.158    2.158
    5.993    5.993    6.960    6.960    7.761    7.761
            0.227333  0.393753  0.000000
  -17.549  -17.549  -11.449  -11.449   -9.907   -9.907   -5.100   -5.100    2.130    2.130
    6.022    6.022    6.989    6.989    7.787    7.787
            0.228000  0.394908  0.000000
  -17.529  -17.529  -11.470  -11.470   -9.927   -9.927   -5.078   -5.078    2.102    2.102
    6.051    6.051    7.018    7.018    7.813    7.814
            0.228667  0.396062  0.000000
  -17.509  -17.509  -11.491  -11.491   -9.947   -9.947   -5.056   -5.056    2.075    2.075
    6.080    6.081    7.047    7.047    7.839    7.840
            0.229333  0.397217  0.000000
  -17.489  -17.489  -11.512  -11.512   -9.966   -9.966   -5.033   -5.033    2.047    2.047
    6.110    6.110    7.076    7.076    7.866    7.866
            0.230000  0.398372  0.000000
  -17.468  -17.468  -11.533  -11.533   -9.986   -9.986   -5.011   -5.011    2.020    2.020
    6.139    6.139    7.105    7.105    7.892    7.892
            0.230667  0.399526  0.000000
  -17.448  -17.448  -11.554  -11.554  -10.006  -10.006   -4.989   -4.989    1.992    1.992
    6.169    6.169    7.135    7.135    7.918    7.919
            0.231333  0.400681  0.000000
  -17.428  -17.428  -11.575  -11.575  -10.025  -10.025   -4.967   -4.967    1.965    1.965
    6.198    6.199    7.164    7.164    7.945    7.945
            0.232000  0.401836  0.000000
  -17.407  -17.407  -11.596  -11.596  -10.045  -10.045   -4.945   -4.945    1.937    1.937
    6.228    6.228    7.193    7.194    7.971    7.971
            0.232667  0.402990  0.000000
  -17.387  -17.387  -11.616  -11.616  -10.065  -10.065   -4.922   -4.922    1.910    1.910
    6.258    6.258    7.223    7.223    7.997    7.997
            0.233333  0.404145  0.000000
  -17.366  -17.366  -11.637  -11.637  -10.084  -10.084   -4.900   -4.900    1.883    1.883
    6.288    6.288    7.253    7.253    8.023    8.024
            0.234000  0.405300  0.000000
  -17.345  -17.345  -11.658  -11.658  -10.104  -10.104   -4.878   -4.878    1.855    1.855
    6.318    6.318    7.282    7.283    8.049    8.050
            0.234667  0.406455  0.000000
  -17.325  -17.325  -11.678  -11.678  -10.123  -10.123   -4.855   -4.855    1.828    1.828
    6.348    6.348    7.312    7.312    8.076    8.076
            0.235333  0.407609  0.000000
  -17.304  -17.304  -11.699  -11.699  -10.143  -10.143   -4.833   -4.833    1.801    1.801
    6.378    6.378    7.342    7.342    8.102    8.102
            0.236000  0.408764  0.000000
  -17.283  -17.283  -11.719  -11.719  -10.162  -10.162   -4.811   -4.810    1.774    1.774
    6.408    6.408    7.372    7.372    8.128    8.128
            0.236667  0.409919  0.000000
  -17.263  -17.263  -11.740  -11.740  -10.182  -10.182   -4.788   -4.788    1.747    1.747
    6.438    6.438    7.402    7.402    8.154    8.154
            0.237333  0.411073  0.000000
  -17.242  -17.242  -11.760  -11.760  -10.201  -10.201   -4.766   -4.766    1.720    1.720
    6.469    6.469    7.432    7.432    8.180    8.180
            0.238000  0.412228  0.000000
  -17.221  -17.221  -11.781  -11.781  -10.220  -10.220   -4.743   -4.743    1.693    1.693
    6.499    6.499    7.462    7.463    8.206    8.206
            0.238667  0.413383  0.000000
  -17.200  -17.200  -11.801  -11.801  -10.239  -10.239   -4.721   -4.721    1.666    1.666
    6.529    6.530    7.493    7.493    8.232    8.232
            0.239333  0.414537  0.000000
  -17.179  -17.179  -11.821  -11.821  -10.259  -10.259   -4.698   -4.698    1.639    1.639
    6.560    6.560    7.523    7.523    8.258    8.258
            0.240000  0.415692  0.000000
  -17.158  -17.158  -11.842  -11.842  -10.278  -10.278   -4.675   -4.675    1.612    1.612
    6.590    6.591    7.553    7.554    8.283    8.284
            0.240667  0.416847  0.000000
  -17.137  -17.137  -11.862  -11.862  -10.297  -10.297   -4.653   -4.653    1.585    1.585
    6.621    6.621    7.584    7.584    8.309    8.310
            0.241333  0.418002  0.000000
  -17.116  -17.116  -11.882  -11.882  -10.316  -10.316   -4.630   -4.630    1.559    1.559
    6.652    6.652    7.614    7.615    8.335    8.335
            0.242000  0.419156  0.000000
  -17.095  -17.095  -11.902  -11.902  -10.335  -10.335   -4.608   -4.608    1.532    1.532
    6.683    6.683    7.645    7.645    8.360    8.361
            0.242667  0.420311  0.000000
  -17.074  -17.074  -11.922  -11.922  -10.354  -10.354   -4.585   -4.585    1.505    1.505
    6.714    6.714    7.676    7.676    8.386    8.386
            0.243333  0.421466  0.000000
  -17.053  -17.053  -11.942  -11.942  -10.373  -10.373   -4.562   -4.562    1.479    1.479
    6.744    6.745    7.707    7.707    8.411    8.412
            0.244000  0.422620  0.000000
  -17.031  -17.031  -11.962  -11.962  -10.392  -10.392   -4.539   -4.539    1.452    1.452
    6.775    6.776    7.738    7.738    8.436    8.437
            0.244667  0.423775  0.000000
  -17.010  -17.010  -11.982  -11.982  -10.411  -10.411   -4.517   -4.517    1.426    1.426
    6.807    6.807    7.768    7.769    8.462    8.462
            0.245333  0.424930  0.000000
  -16.989  -16.989  -12.002  -12.002  -10.430  -10.430   -4.494   -4.494    1.399    1.399
    6.838    6.838    7.799    7.800    8.487    8.487
            0.246000  0.426084  0.000000
  -16.967  -16.967  -12.022  -12.022  -10.449  -10.449   -4.471   -4.471    1.373    1.373
    6.869    6.869    7.831    7.831    8.511    8.512
            0.246667  0.427239  0.000000
  -16.946  -16.946  -12.042  -12.042  -10.468  -10.468   -4.448   -4.448    1.346    1.346
    6.900    6.900    7.862    7.862    8.536    8.537
            0.247333  0.428394  0.000000
  -16.925  -16.925  -12.061  -12.061  -10.486  -10.486   -4.426   -4.426    1.320    1.320
    6.932    6.932    7.893    7.893    8.561    8.561
            0.248000  0.429549  0.000000
  -16.903  -16.903  -12.081  -12.081  -10.505  -10.505   -4.403   -4.403    1.294    1.294
    6.963    6.963    7.924    7.924    8.585    8.586
            0.248667  0.430703  0.000000
  -16.882  -16.882  -12.101  -12.101  -10.524  -10.524   -4.380   -4.380    1.267    1.268
    6.994    6.995    7.956    7.956    8.609    8.610
            0.249333  0.431858  0.000000
  -16.860  -16.860  -12.120  -12.120  -10.542  -10.542   -4.357   -4.357    1.241    1.241
    7.026    7.026    7.987    7.987    8.633    8.634
            0.250000  0.433013  0.000000
  -16.838  -16.838  -12.140  -12.140  -10.561  -10.561   -4.334   -4.334    1.215    1.215
    7.057    7.058    8.019    8.019    8.657    8.658
            0.250667  0.434167  0.000000
  -16.817  -16.817  -12.159  -12.159  -10.580  -10.580   -4.311   -4.311    1.189    1.189
    7.089    7.089    8.050    8.050    8.681    8.682
            0.251333  0.435322  0.000000
  -16.795  -16.795  -12.179  -12.179  -10.598  -10.598   -4.288   -4.288    1.163    1.163
    7.121    7.121    8.082    8.082    8.705    8.705
            0.252000  0.436477  0.000000
  -16.773  -16.773  -12.198  -12.198  -10.616  -10.616   -4.265   -4.265    1.137    1.137
    7.153    7.153    8.114    8.114    8.728    8.728
            0.252667  0.437632  0.000000
  -16.752  -16.752  -12.218  -12.218  -10.635  -10.635   -4.242   -4.242    1.111    1.111
    7.184    7.185    8.145    8.145    8.751    8.751
            0.253333  0.438786  0.000000
  -16.730  -16.730  -12.237  -12.237  -10.653  -10.653   -4.220   -4.219    1.085    1.085
    7.216    7.217    8.177    8.177    8.774    8.774
            0.254000  0.439941  0.000000
  -16.708  -16.708  -12.256  -12.256  -10.672  -10.672   -4.197   -4.196    1.059    1.059
    7.248    7.248    8.209    8.209    8.796    8.797
            0.254667  0.441096  0.000000
  -16.686  -16.686  -12.276  -12.276  -10.690  -10.690   -4.174   -4.174    1.034    1.034
    7.280    7.280    8.241    8.241    8.818    8.819
            0.255333  0.442250  0.000000
  -16.664  -16.664  -12.295  -12.295  -10.708  -10.708   -4.151   -4.151    1.008    1.008
    7.312    7.312    8.273    8.273    8.840    8.841
            0.256000  0.443405  0.000000
  -16.643  -16.643  -12.314  -12.314  -10.726  -10.726   -4.128   -4.128    0.982    0.982
    7.344    7.345    8.305    8.305    8.862    8.863
            0.256667  0.444560  0.000000
  -16.621  -16.621  -12.333  -12.333  -10.744  -10.744   -4.105   -4.105    0.957    0.957
    7.376    7.377    8.337    8.338    8.884    8.884
            0.257333  0.445714  0.000000
  -16.599  -16.599  -12.352  -12.352  -10.762  -10.762   -4.082   -4.081    0.931    0.931
    7.409    7.409    8.370    8.370    8.905    8.905
            0.258000  0.446869  0.000000
  -16.577  -16.577  -12.371  -12.371  -10.780  -10.780   -4.058   -4.058    0.906    0.906
    7.441    7.441    8.402    8.402    8.925    8.926
            0.258667  0.448024  0.000000
  -16.555  -16.555  -12.390  -12.390  -10.798  -10.798   -4.035   -4.035    0.880    0.880
    7.473    7.473    8.434    8.435    8.946    8.946
            0.259333  0.449179  0.000000
  -16.533  -16.533  -12.409  -12.409  -10.816  -10.816   -4.012   -4.012    0.855    0.855
    7.505    7.506    8.467    8.467    8.966    8.966
            0.260000  0.450333  0.000000
  -16.510  -16.510  -12.428  -12.428  -10.834  -10.834   -3.989   -3.989    0.829    0.829
    7.538    7.538    8.499    8.499    8.985    8.986
            0.260667  0.451488  0.000000
  -16.488  -16.488  -12.447  -12.447  -10.852  -10.852   -3.966   -3.966    0.804    0.804
    7.570    7.570    8.532    8.532    9.005    9.005
            0.261333  0.452643  0.000000
  -16.466  -16.466  -12.466  -12.466  -10.869  -10.869   -3.943   -3.943    0.779    0.779
    7.603    7.603    8.564    8.565    9.024    9.024
            0.262000  0.453797  0.000000
  -16.444  -16.444  -12.484  -12.484  -10.887  -10.887   -3.920   -3.920    0.754    0.754
    7.635    7.635    8.597    8.597    9.042    9.043
            0.262667  0.454952  0.000000
  -16.422  -16.422  -12.503  -12.503  -10.905  -10.905   -3.897   -3.897    0.728    0.729
    7.668    7.668    8.630    8.630    9.060    9.061
            0.263333  0.456107  0.000000
  -16.400  -16.400  -12.522  -12.522  -10.922  -10.922   -3.874   -3.874    0.703    0.703
    7.700    7.700    8.662    8.663    9.078    9.079
            0.264000  0.457261  0.000000
  -16.377  -16.377  -12.540  -12.540  -10.940  -10.940   -3.851   -3.851    0.678    0.678
    7.733    7.733    8.695    8.695    9.095    9.096
            0.264667  0.458416  0.000000
  -16.355  -16.355  -12.559  -12.559  -10.957  -10.957   -3.828   -3.828    0.653    0.653
    7.765    7.765    8.728    8.728    9.112    9.113
            0.265333  0.459571  0.000000
  -16.333  -16.333  -12.577  -12.577  -10.975  -10.975   -3.805   -3.805    0.628    0.629
    7.798    7.798    8.761    8.761    9.129    9.129
            0.266000  0.460726  0.000000
  -16.310  -16.310  -12.596  -12.596  -10.992  -10.992   -3.782   -3.782    0.604    0.604
    7.830    7.830    8.794    8.794    9.145    9.145
            0.266667  0.461880  0.000000
  -16.288  -16.288  -12.614  -12.614  -11.009  -11.009   -3.759   -3.759    0.579    0.579
    7.863    7.863    8.826    8.827    9.160    9.161
            0.267333  0.463035  0.000000
  -16.266  -16.266  -12.632  -12.632  -11.026  -11.026   -3.735   -3.735    0.554    0.554
    7.895    7.896    8.859    8.859    9.175    9.176
            0.268000  0.464190  0.000000
  -16.243  -16.243  -12.651  -12.651  -11.044  -11.044   -3.712   -3.712    0.529    0.529
    7.928    7.928    8.892    8.892    9.190    9.191
            0.268667  0.465344  0.000000
  -16.221  -16.221  -12.669  -12.669  -11.061  -11.061   -3.689   -3.689    0.505    0.505
    7.960    7.961    8.925    8.925    9.205    9.205
            0.269333  0.466499  0.000000
  -16.198  -16.198  -12.687  -12.687  -11.078  -11.078   -3.666   -3.666    0.480    0.480
    7.993    7.993    8.957    8.958    9.219    9.219
            0.270000  0.467654  0.000000
  -16.176  -16.176  -12.705  -12.705  -11.095  -11.095   -3.643   -3.643    0.456    0.456
    8.025    8.026    8.990    8.990    9.233    9.233
            0.270667  0.468808  0.000000
  -16.153  -16.153  -12.723  -12.723  -11.112  -11.112   -3.620   -3.620    0.431    0.431
    8.058    8.058    9.023    9.023    9.246    9.247
            0.271333  0.469963  0.000000
  -16.131  -16.131  -12.742  -12.742  -11.128  -11.128   -3.597   -3.597    0.407    0.407
    8.090    8.091    9.055    9.055    9.259    9.260
            0.272000  0.471118  0.000000
  -16.108  -16.108  -12.760  -12.760  -11.145  -11.145   -3.574   -3.574    0.382    0.382
    8.123    8.123    9.087    9.087    9.273    9.273
            0.272667  0.472273  0.000000
  -16.086  -16.086  -12.778  -12.778  -11.162  -11.162   -3.551   -3.551    0.358    0.358
    8.155    8.155    9.118    9.118    9.286    9.287
            0.273333  0.473427  0.000000
  -16.063  -16.063  -12.795  -12.795  -11.178  -11.178   -3.528   -3.528    0.334    0.334
    8.187    8.188    9.149    9.149    9.300    9.300
            0.274000  0.474582  0.000000
  -16.040  -16.040  -12.813  -12.813  -11.195  -11.195   -3.505   -3.505    0.310    0.310
    8.219    8.220    9.179    9.179    9.314    9.315
            0.274667  0.475737  0.000000
  -16.018  -16.018  -12.831  -12.831  -11.212  -11.212   -3.482   -3.482    0.285    0.285
    8.251    8.252    9.207    9.207    9.329    9.330
            0.275333  0.476891  0.000000
  -15.995  -15.995  -12.849  -12.849  -11.228  -11.228   -3.459   -3.459    0.261    0.261
    8.283    8.284    9.234    9.234    9.346    9.347
            0.276000  0.478046  0.000000
  -15.972  -15.972  -12.867  -12.867  -11.244  -11.244   -3.436   -3.436    0.237    0.237
    8.315    8.315    9.257    9.258    9.366    9.366
            0.276667  0.479201  0.000000
  -15.950  -15.950  -12.884  -12.884  -11.261  -11.261   -3.413   -3.413    0.213    0.213
    8.347    8.347    9.278    9.278    9.388    9.388
            0.277333  0.480355  0.000000
  -15.927  -15.927  -12.902  -12.902  -11.277  -11.277   -3.390   -3.390    0.189    0.189
    8.378    8.379    9.296    9.296    9.413    9.413
            0.278000  0.481510  0.000000
  -15.904  -15.904  -12.920  -12.920  -11.293  -11.293   -3.367   -3.367    0.166    0.166
    8.409    8.410    9.311    9.311    9.440    9.440
            0.278667  0.482665  0.000000
  -15.882  -15.882  -12.937  -12.937  -11.309  -11.309   -3.344   -3.344    0.142    0.142
    8.440    8.441    9.324    9.324    9.469    9.469
            0.279333  0.483820  0.000000
  -15.859  -15.859  -12.955  -12.955  -11.325  -11.325   -3.321   -3.321    0.118    0.118
    8.471    8.472    9.336    9.336    9.500    9.500
            0.280000  0.484974  0.000000
  -15.836  -15.836  -12.972  -12.972  -11.341  -11.341   -3.298   -3.298    0.094    0.094
    8.502    8.502    9.347    9.347    9.531    9.531
            0.280667  0.486129  0.000000
  -15.814  -15.814  -12.989  -12.989  -11.357  -11.357   -3.275   -3.275    0.071    0.071
    8.532    8.532    9.356    9.357    9.564    9.564
            0.281333  0.487284  0.000000
  -15.791  -15.791  -13.007  -13.007  -11.372  -11.372   -3.252   -3.252    0.047    0.047
    8.562    8.562    9.366    9.366    9.596    9.596
            0.282000  0.488438  0.000000
  -15.768  -15.768  -13.024  -13.024  -11.388  -11.388   -3.229   -3.229    0.024    0.024
    8.591    8.592    9.375    9.375    9.629    9.630
            0.282667  0.489593  0.000000
  -15.745  -15.745  -13.041  -13.041  -11.404  -11.404   -3.206   -3.206    0.000    0.000
    8.620    8.621    9.384    9.384    9.663    9.663
            0.283333  0.490748  0.000000
  -15.723  -15.723  -13.058  -13.058  -11.419  -11.419   -3.184   -3.184   -0.023   -0.023
    8.649    8.649    9.393    9.393    9.697    9.697
            0.284000  0.491902  0.000000
  -15.700  -15.700  -13.076  -13.076  -11.435  -11.435   -3.161   -3.161   -0.046   -0.046
    8.677    8.677    9.401    9.402    9.731    9.731
            0.284667  0.493057  0.000000
  -15.677  -15.677  -13.093  -13.093  -11.450  -11.450   -3.138   -3.138   -0.070   -0.070
    8.704    8.704    9.411    9.411    9.765    9.765
            0.285333  0.494212  0.000000
  -15.655  -15.655  -13.110  -13.110  -11.465  -11.465   -3.115   -3.115   -0.093   -0.093
    8.730    8.731    9.420    9.420    9.799    9.799
            0.286000  0.495367  0.000000
  -15.632  -15.632  -13.127  -13.127  -11.480  -11.480   -3.093   -3.092   -0.116   -0.116
    8.756    8.757    9.430    9.430    9.833    9.833
            0.286667  0.496521  0.000000
  -15.609  -15.609  -13.144  -13.144  -11.495  -11.495   -3.070   -3.070   -0.139   -0.139
    8.781    8.782    9.440    9.440    9.868    9.868
            0.287333  0.497676  0.000000
  -15.586  -15.586  -13.160  -13.160  -11.510  -11.510   -3.047   -3.047   -0.162   -0.162
    8.806    8.806    9.451    9.451    9.902    9.902
            0.288000  0.498831  0.000000
  -15.564  -15.564  -13.177  -13.177  -11.525  -11.525   -3.024   -3.024   -0.185   -0.185
    8.829    8.829    9.463    9.463    9.937    9.937
            0.288667  0.499985  0.000000
  -15.541  -15.541  -13.194  -13.194  -11.540  -11.540   -3.002   -3.002   -0.208   -0.208
    8.851    8.851    9.475    9.475    9.971    9.971
            0.289333  0.501140  0.000000
  -15.518  -15.518  -13.211  -13.211  -11.555  -11.555   -2.979   -2.979   -0.231   -0.231
    8.872    8.872    9.488    9.489   10.006   10.006
            0.290000  0.502295  0.000000
  -15.496  -15.496  -13.228  -13.228  -11.569  -11.569   -2.957   -2.957   -0.254   -0.254
    8.892    8.892    9.502    9.503   10.041   10.041
            0.290667  0.503449  0.000000
  -15.473  -15.473  -13.244  -13.244  -11.584  -11.584   -2.934   -2.934   -0.276   -0.276
    8.910    8.911    9.518    9.518   10.075   10.075
            0.291333  0.504604  0.000000
  -15.450  -15.450  -13.261  -13.261  -11.598  -11.598   -2.912   -2.911   -0.299   -0.299
    8.927    8.928    9.534    9.534   10.110   10.110
            0.292000  0.505759  0.000000
  -15.428  -15.428  -13.277  -13.277  -11.613  -11.613   -2.889   -2.889   -0.322   -0.322
    8.943    8.944    9.551    9.552   10.145   10.145
            0.292667  0.506914  0.000000
  -15.405  -15.405  -13.294  -13.294  -11.627  -11.627   -2.867   -2.867   -0.344   -0.344
    8.958    8.959    9.570    9.570   10.180   10.180
            0.293333  0.508068  0.000000
  -15.382  -15.382  -13.310  -13.310  -11.641  -11.641   -2.844   -2.844   -0.367   -0.367
    8.972    8.972    9.590    9.590   10.215   10.215
            0.294000  0.509223  0.000000
  -15.360  -15.360  -13.327  -13.327  -11.655  -11.655   -2.822   -2.822   -0.389   -0.389
    8.984    8.984    9.610    9.611   10.250   10.250
            0.294667  0.510378  0.000000
  -15.337  -15.337  -13.343  -13.343  -11.669  -11.669   -2.799   -2.799   -0.411   -0.411
    8.995    8.995    9.632    9.632   10.285   10.285
            0.295333  0.511532  0.000000
  -15.315  -15.315  -13.359  -13.359  -11.683  -11.683   -2.777   -2.777   -0.434   -0.434
    9.004    9.005    9.655    9.655   10.320   10.320
            0.296000  0.512687  0.000000
  -15.292  -15.292  -13.376  -13.376  -11.696  -11.696   -2.755   -2.755   -0.456   -0.456
    9.013    9.013    9.679    9.679   10.355   10.355
            0.296667  0.513842  0.000000
  -15.270  -15.270  -13.392  -13.392  -11.710  -11.710   -2.733   -2.733   -0.478   -0.478
    9.021    9.021    9.704    9.704   10.390   10.390
            0.297333  0.514996  0.000000
  -15.248  -15.248  -13.408  -13.408  -11.723  -11.723   -2.710   -2.710   -0.500   -0.500
    9.027    9.027    9.730    9.730   10.425   10.425
            0.298000  0.516151  0.000000
  -15.225  -15.225  -13.424  -13.424  -11.736  -11.736   -2.688   -2.688   -0.522   -0.522
    9.033    9.033    9.756    9.756   10.460   10.460
            0.298667  0.517306  0.000000
  -15.203  -15.203  -13.440  -13.440  -11.750  -11.750   -2.666   -2.666   -0.544   -0.544
    9.038    9.038    9.783    9.784   10.495   10.495
            0.299333  0.518461  0.000000
  -15.181  -15.181  -13.456  -13.456  -11.763  -11.763   -2.644   -2.644   -0.566   -0.566
    9.042    9.042    9.811    9.811   10.530   10.530
            0.300000  0.519615  0.000000
  -15.158  -15.158  -13.472  -13.472  -11.775  -11.775   -2.622   -2.622   -0.588   -0.588
    9.045    9.045    9.840    9.840   10.565   10.565
            0.300667  0.520770  0.000000
  -15.136  -15.136  -13.488  -13.488  -11.788  -11.788   -2.600   -2.600   -0.610   -0.610
    9.048    9.048    9.869    9.869   10.600   10.600
            0.301333  0.521925  0.000000
  -15.114  -15.114  -13.504  -13.504  -11.801  -11.801   -2.578   -2.578   -0.631   -0.631
    9.050    9.050    9.899    9.899   10.635   10.635
            0.302000  0.523079  0.000000
  -15.092  -15.092  -13.519  -13.519  -11.813  -11.813   -2.556   -2.556   -0.653   -0.653
    9.052    9.052    9.929    9.929   10.670   10.670
            0.302667  0.524234  0.000000
  -15.070  -15.070  -13.535  -13.535  -11.826  -11.826   -2.534   -2.534   -0.675   -0.675
    9.053    9.053    9.959    9.959   10.705   10.705
            0.303333  0.525389  0.000000
  -15.048  -15.048  -13.551  -13.551  -11.838  -11.838   -2.512   -2.512   -0.696   -0.696
    9.053    9.054    9.990    9.990   10.740   10.740
            0.304000  0.526543  0.000000
  -15.026  -15.026  -13.566  -13.566  -11.850  -11.850   -2.491   -2.491   -0.718   -0.718
    9.054    9.054   10.021   10.021   10.775   10.775
            0.304667  0.527698  0.000000
  -15.004  -15.004  -13.582  -13.582  -11.862  -11.862   -2.469   -2.469   -0.739   -0.739
    9.054    9.054   10.052   10.053   10.809   10.809
            0.305333  0.528853  0.000000
  -14.983  -14.983  -13.598  -13.598  -11.874  -11.874   -2.447   -2.447   -0.760   -0.760
    9.054    9.054   10.084   10.084   10.844   10.844
            0.306000  0.530008  0.000000
  -14.961  -14.961  -13.613  -13.613  -11.885  -11.885   -2.426   -2.426   -0.782   -0.782
    9.053    9.053   10.116   10.116   10.879   10.879
            0.306667  0.531162  0.000000
  -14.939  -14.939  -13.629  -13.629  -11.897  -11.897   -2.404   -2.404   -0.803   -0.803
    9.052    9.052   10.148   10.148   10.913   10.913
            0.307333  0.532317  0.000000
  -14.918  -14.918  -13.644  -13.644  -11.908  -11.908   -2.383   -2.383   -0.824   -0.824
    9.051    9.051   10.180   10.180   10.948   10.948
            0.308000  0.533472  0.000000
  -14.896  -14.896  -13.659  -13.659  -11.919  -11.919   -2.361   -2.361   -0.845   -0.845
    9.050    9.050   10.212   10.212   10.982   10.982
            0.308667  0.534626  0.000000
  -14.875  -14.875  -13.675  -13.675  -11.930  -11.930   -2.340   -2.340   -0.866   -0.866
    9.049    9.049   10.244   10.244   11.016   11.016
            0.309333  0.535781  0.000000
  -14.854  -14.854  -13.690  -13.690  -11.941  -11.941   -2.319   -2.319   -0.887   -0.887
    9.047    9.047   10.276   10.277   11.050   11.050
            0.310000  0.536936  0.000000
  -14.833  -14.833  -13.705  -13.705  -11.951  -11.951   -2.297   -2.297   -0.908   -0.908
    9.045    9.045   10.309   10.309   11.084   11.084
            0.310667  0.538090  0.000000
  -14.812  -14.812  -13.720  -13.720  -11.962  -11.962   -2.276   -2.276   -0.929   -0.929
    9.044    9.044   10.341   10.341   11.118   11.118
            0.311333  0.539245  0.000000
  -14.791  -14.791  -13.735  -13.735  -11.972  -11.972   -2.255   -2.255   -0.950   -0.950
    9.042    9.042   10.373   10.373   11.152   11.152
            0.312000  0.540400  0.000000
  -14.770  -14.770  -13.750  -13.750  -11.982  -11.982   -2.234   -2.234   -0.970   -0.970
    9.040    9.040   10.405   10.405   11.185   11.185
            0.312667  0.541555  0.000000
  -14.749  -14.749  -13.765  -13.765  -11.991  -11.991   -2.213   -2.213   -0.991   -0.991
    9.038    9.038   10.437   10.438   11.218   11.218
            0.313333  0.542709  0.000000
  -14.729  -14.729  -13.780  -13.780  -12.001  -12.001   -2.192   -2.192   -1.012   -1.012
    9.036    9.036   10.469   10.469   11.251   11.251
            0.314000  0.543864  0.000000
  -14.708  -14.708  -13.795  -13.795  -12.010  -12.010   -2.171   -2.171   -1.032   -1.032
    9.034    9.034   10.501   10.501   11.284   11.284
            0.314667  0.545019  0.000000
  -14.688  -14.688  -13.810  -13.810  -12.020  -12.020   -2.150   -2.150   -1.053   -1.053
    9.032    9.032   10.533   10.533   11.316   11.316
            0.315333  0.546173  0.000000
  -14.668  -14.668  -13.825  -13.825  -12.028  -12.028   -2.129   -2.129   -1.073   -1.073
    9.030    9.030   10.564   10.564   11.347   11.347
            0.316000  0.547328  0.000000
  -14.648  -14.648  -13.839  -13.839  -12.037  -12.037   -2.109   -2.109   -1.093   -1.093
    9.028    9.028   10.595   10.595   11.345   11.345
            0.316667  0.548483  0.000000
  -14.628  -14.628  -13.854  -13.854  -12.046  -12.046   -2.088   -2.088   -1.113   -1.113
    9.025    9.026   10.626   10.626   11.341   11.341
            0.317333  0.549637  0.000000
  -14.608  -14.608  -13.869  -13.869  -12.054  -12.054   -2.068   -2.068   -1.134   -1.134
    9.023    9.023   10.656   10.657   11.337   11.337
            0.318000  0.550792  0.000000
  -14.589  -14.589  -13.883  -13.883  -12.062  -12.062   -2.047   -2.047   -1.154   -1.154
    9.021    9.021   10.686   10.687   11.332   11.333
            0.318667  0.551947  0.000000
  -14.570  -14.570  -13.898  -13.898  -12.069  -12.069   -2.027   -2.027   -1.174   -1.174
    9.019    9.019   10.716   10.716   11.328   11.328
            0.319333  0.553102  0.000000
  -14.550  -14.550  -13.912  -13.912  -12.077  -12.077   -2.006   -2.006   -1.194   -1.194
    9.017    9.017   10.745   10.746   11.323   11.324
            0.320000  0.554256  0.000000
  -14.531  -14.531  -13.927  -13.927  -12.084  -12.084   -1.986   -1.986   -1.214   -1.214
    9.015    9.016   10.774   10.775   11.318   11.319
            0.320667  0.555411  0.000000
  -14.513  -14.513  -13.941  -13.941  -12.091  -12.091   -1.966   -1.966   -1.234   -1.234
    9.014    9.014   10.803   10.803   11.313   11.314
            0.321333  0.556566  0.000000
  -14.494  -14.494  -13.955  -13.955  -12.098  -12.098   -1.946   -1.946   -1.253   -1.253
    9.012    9.012   10.830   10.831   11.308   11.308
            0.322000  0.557720  0.000000
  -14.476  -14.476  -13.969  -13.969  -12.104  -12.104   -1.926   -1.926   -1.273   -1.273
    9.010    9.010   10.858   10.858   11.303   11.303
            0.322667  0.558875  0.000000
  -14.458  -14.458  -13.984  -13.984  -12.110  -12.110   -1.906   -1.906   -1.293   -1.293
    9.008    9.008   10.884   10.884   11.297   11.297
            0.323333  0.560030  0.000000
  -14.440  -14.440  -13.998  -13.998  -12.116  -12.116   -1.886   -1.886   -1.312   -1.312
    9.007    9.007   10.910   10.910   11.291   11.291
            0.324000  0.561184  0.000000
  -14.422  -14.422  -14.012  -14.012  -12.121  -12.121   -1.866   -1.866   -1.332   -1.332
    9.005    9.005   10.935   10.935   11.285   11.285
            0.324667  0.562339  0.000000
  -14.405  -14.405  -14.026  -14.026  -12.126  -12.126   -1.846   -1.846   -1.351   -1.351
    9.004    9.004   10.959   10.960   11.278   11.279
            0.325333  0.563494  0.000000
  -14.387  -14.387  -14.040  -14.040  -12.131  -12.131   -1.827   -1.827   -1.371   -1.371
    9.002    9.002   10.983   10.983   11.272   11.272
            0.326000  0.564649  0.000000
  -14.371  -14.371  -14.054  -14.054  -12.135  -12.135   -1.807   -1.807   -1.390   -1.390
    9.001    9.001   11.005   11.005   11.265   11.266
            0.326667  0.565803  0.000000
  -14.354  -14.354  -14.068  -14.068  -12.139  -12.139   -1.788   -1.788   -1.409   -1.409
    9.000    9.000   11.027   11.027   11.258   11.259
            0.327333  0.566958  0.000000
  -14.338  -14.338  -14.082  -14.082  -12.143  -12.143   -1.768   -1.768   -1.428   -1.428
    8.999    8.999   11.047   11.047   11.251   11.251
            0.328000  0.568113  0.000000
  -14.321  -14.321  -14.095  -14.095  -12.147  -12.147   -1.749   -1.749   -1.447   -1.447
    8.998    8.998   11.066   11.067   11.244   11.244
            0.328667  0.569267  0.000000
  -14.306  -14.306  -14.109  -14.109  -12.150  -12.150   -1.730   -1.730   -1.467   -1.466
    8.997    8.997   11.085   11.085   11.236   11.237
            0.329333  0.570422  0.000000
  -14.290  -14.290  -14.123  -14.123  -12.152  -12.152   -1.711   -1.711   -1.485   -1.485
    8.996    8.996   11.102   11.102   11.229   11.229
            0.330000  0.571577  0.000000
  -14.275  -14.275  -14.137  -14.137  -12.154  -12.154   -1.692   -1.692   -1.504   -1.504
    8.996    8.996   11.118   11.118   11.221   11.221
            0.330667  0.572731  0.000000
  -14.260  -14.260  -14.150  -14.150  -12.156  -12.156   -1.673   -1.673   -1.523   -1.523
    8.995    8.995   11.132   11.133   11.213   11.213
            0.331333  0.573886  0.000000
  -14.246  -14.246  -14.164  -14.164  -12.158  -12.158   -1.654   -1.654   -1.542   -1.542
    8.995    8.995   11.146   11.146   11.204   11.205
            0.332000  0.575041  0.000000
  -14.231  -14.231  -14.177  -14.177  -12.159  -12.159   -1.635   -1.635   -1.561   -1.561
    8.994    8.994   11.158   11.158   11.196   11.196
            0.332667  0.576196  0.000000
  -14.218  -14.217  -14.191  -14.190  -12.159  -12.159   -1.616   -1.616   -1.579   -1.579
    8.994    8.994   11.169   11.169   11.187   11.188
            0.333333  0.577350  0.000000
  -14.205  -14.205  -14.203  -14.203  -12.160  -12.160   -1.598   -1.598   -1.598   -1.598
    8.994    8.994   11.176   11.177   11.180   11.180
            0.333667  0.576773  0.000000
  -14.211  -14.211  -14.197  -14.197  -12.160  -12.160   -1.607   -1.607   -1.589   -1.589
    8.994    8.994   11.174   11.174   11.183   11.183
            0.334000  0.576196  0.000000
  -14.217  -14.217  -14.191  -14.191  -12.159  -12.159   -1.616   -1.616   -1.579   -1.579
    8.994    8.994   11.169   11.170   11.187   11.187
            0.334333  0.575618  0.000000
  -14.224  -14.224  -14.184  -14.184  -12.159  -12.159   -1.626   -1.626   -1.570   -1.570
    8.994    8.994   11.165   11.165   11.190   11.191
            0.334667  0.575041  0.000000
  -14.231  -14.231  -14.178  -14.178  -12.159  -12.159   -1.635   -1.635   -1.561   -1.561
    8.994    8.994   11.160   11.161   11.194   11.194
            0.335000  0.574464  0.000000
  -14.237  -14.237  -14.172  -14.172  -12.158  -12.158   -1.644   -1.644   -1.552   -1.552
    8.994    8.994   11.155   11.156   11.197   11.197
            0.335333  0.573886  0.000000
  -14.244  -14.244  -14.165  -14.165  -12.158  -12.158   -1.653   -1.653   -1.543   -1.543
    8.995    8.995   11.151   11.151   11.199   11.200
            0.335667  0.573309  0.000000
  -14.250  -14.250  -14.159  -14.159  -12.157  -12.157   -1.662   -1.662   -1.534   -1.534
    8.995    8.995   11.146   11.147   11.202   11.202
            0.336000  0.572731  0.000000
  -14.257  -14.257  -14.153  -14.153  -12.156  -12.156   -1.671   -1.671   -1.525   -1.524
    8.995    8.995   11.141   11.142   11.204   11.204
            0.336333  0.572154  0.000000
  -14.263  -14.263  -14.148  -14.148  -12.155  -12.155   -1.681   -1.681   -1.515   -1.515
    8.995    8.995   11.137   11.137   11.206   11.206
            0.336667  0.571577  0.000000
  -14.270  -14.270  -14.142  -14.142  -12.154  -12.154   -1.690   -1.690   -1.506   -1.506
    8.996    8.996   11.132   11.132   11.207   11.208
            0.337000  0.570999  0.000000
  -14.277  -14.277  -14.136  -14.136  -12.153  -12.153   -1.699   -1.699   -1.497   -1.497
    8.996    8.996   11.127   11.127   11.209   11.209
            0.337333  0.570422  0.000000
  -14.283  -14.283  -14.130  -14.130  -12.152  -12.152   -1.708   -1.708   -1.488   -1.488
    8.996    8.996   11.122   11.122   11.210   11.210
            0.337667  0.569845  0.000000
  -14.290  -14.290  -14.125  -14.125  -12.150  -12.150   -1.717   -1.717   -1.479   -1.479
    8.997    8.997   11.117   11.117   11.210   11.211
            0.338000  0.569267  0.000000
  -14.296  -14.296  -14.120  -14.120  -12.149  -12.149   -1.726   -1.726   -1.471   -1.470
    8.997    8.997   11.112   11.112   11.211   11.211
            0.338333  0.568690  0.000000
  -14.303  -14.303  -14.114  -14.114  -12.147  -12.147   -1.735   -1.735   -1.462   -1.462
    8.998    8.998   11.107   11.107   11.211   11.211
            0.338667  0.568113  0.000000
  -14.309  -14.309  -14.109  -14.109  -12.145  -12.145   -1.744   -1.744   -1.453   -1.453
    8.998    8.998   11.102   11.102   11.211   11.211
            0.339000  0.567535  0.000000
  -14.316  -14.316  -14.104  -14.104  -12.144  -12.144   -1.753   -1.753   -1.444   -1.444
    8.999    8.999   11.097   11.097   11.211   11.211
            0.339333  0.566958  0.000000
  -14.322  -14.322  -14.099  -14.099  -12.142  -12.142   -1.762   -1.762   -1.435   -1.435
    8.999    8.999   11.092   11.092   11.210   11.210
            0.339667  0.566381  0.000000
  -14.328  -14.328  -14.094  -14.094  -12.139  -12.139   -1.771   -1.771   -1.426   -1.426
    9.000    9.000   11.086   11.087   11.209   11.210
            0.340000  0.565803  0.000000
  -14.335  -14.335  -14.089  -14.089  -12.137  -12.137   -1.780   -1.780   -1.417   -1.417
    9.001    9.001   11.081   11.082   11.208   11.209
            0.340333  0.565226  0.000000
  -14.341  -14.341  -14.084  -14.084  -12.135  -12.135   -1.789   -1.789   -1.409   -1.409
    9.001    9.001   11.076   11.076   11.207   11.207
            0.340667  0.564649  0.000000
  -14.348  -14.348  -14.080  -14.080  -12.132  -12.132   -1.798   -1.798   -1.400   -1.400
    9.002    9.002   11.071   11.071   11.206   11.206
            0.341000  0.564071  0.000000
  -14.354  -14.354  -14.075  -14.075  -12.130  -12.130   -1.807   -1.806   -1.391   -1.391
    9.003    9.003   11.065   11.066   11.204   11.204
            0.341333  0.563494  0.000000
  -14.360  -14.360  -14.071  -14.071  -12.127  -12.127   -1.815   -1.815   -1.382   -1.382
    9.004    9.004   11.060   11.060   11.202   11.202
            0.341667  0.562917  0.000000
  -14.367  -14.367  -14.067  -14.067  -12.124  -12.124   -1.824   -1.824   -1.374   -1.374
    9.004    9.004   11.055   11.055   11.200   11.200
            0.342000  0.562339  0.000000
  -14.373  -14.373  -14.062  -14.062  -12.121  -12.121   -1.833   -1.833   -1.365   -1.365
    9.005    9.005   11.049   11.050   11.198   11.198
            0.342333  0.561762  0.000000
  -14.379  -14.379  -14.058  -14.058  -12.118  -12.118   -1.842   -1.842   -1.357   -1.357
    9.006    9.006   11.044   11.044   11.195   11.196
            0.342667  0.561184  0.000000
  -14.386  -14.386  -14.054  -14.054  -12.115  -12.115   -1.851   -1.851   -1.348   -1.348
    9.007    9.007   11.038   11.039   11.193   11.193
            0.343000  0.560607  0.000000
  -14.392  -14.392  -14.050  -14.050  -12.112  -12.112   -1.859   -1.859   -1.339   -1.339
    9.008    9.008   11.033   11.033   11.190   11.190
            0.343333  0.560030  0.000000
  -14.398  -14.398  -14.047  -14.047  -12.108  -12.108   -1.868   -1.868   -1.331   -1.331
    9.009    9.009   11.027   11.028   11.187   11.187
            0.343667  0.559452  0.000000
  -14.405  -14.405  -14.043  -14.043  -12.105  -12.105   -1.877   -1.877   -1.322   -1.322
    9.010    9.010   11.022   11.022   11.184   11.184
            0.344000  0.558875  0.000000
  -14.411  -14.411  -14.039  -14.039  -12.101  -12.101   -1.886   -1.886   -1.314   -1.314
    9.011    9.011   11.016   11.016   11.181   11.181
            0.344333  0.558298  0.000000
  -14.417  -14.417  -14.036  -14.036  -12.097  -12.097   -1.894   -1.894   -1.305   -1.305
    9.012    9.012   11.010   11.011   11.177   11.178
            0.344667  0.557720  0.000000
  -14.423  -14.423  -14.033  -14.033  -12.094  -12.094   -1.903   -1.903   -1.297   -1.297
    9.014    9.014   11.005   11.005   11.174   11.174
            0.345000  0.557143  0.000000
  -14.430  -14.430  -14.029  -14.029  -12.090  -12.090   -1.912   -1.912   -1.289   -1.289
    9.015    9.015   10.999   10.999   11.170   11.171
            0.345333  0.556566  0.000000
  -14.436  -14.436  -14.026  -14.026  -12.085  -12.085   -1.920   -1.920   -1.280   -1.280
    9.016    9.016   10.993   10.994   11.167   11.167
            0.345667  0.555988  0.000000
  -14.442  -14.442  -14.023  -14.023  -12.081  -12.081   -1.929   -1.929   -1.272   -1.272
    9.017    9.017   10.987   10.988   11.163   11.163
            0.346000  0.555411  0.000000
  -14.448  -14.448  -14.020  -14.020  -12.077  -12.077   -1.938   -1.938   -1.264   -1.264
    9.019    9.019   10.982   10.982   11.159   11.159
            0.346333  0.554834  0.000000
  -14.454  -14.454  -14.017  -14.017  -12.072  -12.072   -1.946   -1.946   -1.255   -1.255
    9.020    9.020   10.976   10.976   11.154   11.155
            0.346667  0.554256  0.000000
  -14.461  -14.461  -14.014  -14.014  -12.068  -12.068   -1.955   -1.955   -1.247   -1.247
    9.021    9.021   10.970   10.970   11.150   11.150
            0.347000  0.553679  0.000000
  -14.467  -14.467  -14.012  -14.012  -12.063  -12.063   -1.963   -1.963   -1.239   -1.239
    9.023    9.023   10.964   10.965   11.146   11.146
            0.347333  0.553102  0.000000
  -14.473  -14.473  -14.009  -14.009  -12.058  -12.058   -1.972   -1.972   -1.231   -1.231
    9.024    9.024   10.958   10.959   11.141   11.141
            0.347667  0.552524  0.000000
  -14.479  -14.479  -14.007  -14.007  -12.053  -12.053   -1.980   -1.980   -1.222   -1.222
    9.026    9.026   10.952   10.953   11.137   11.137
            0.348000  0.551947  0.000000
  -14.485  -14.485  -14.004  -14.004  -12.048  -12.048   -1.989   -1.989   -1.214   -1.214
    9.027    9.027   10.946   10.947   11.132   11.132
            0.348333  0.551370  0.000000
  -14.491  -14.491  -14.002  -14.002  -12.043  -12.043   -1.998   -1.997   -1.206   -1.206
    9.029    9.029   10.941   10.941   11.127   11.127
            0.348667  0.550792  0.000000
  -14.497  -14.497  -14.000  -14.000  -12.038  -12.038   -2.006   -2.006   -1.198   -1.198
    9.030    9.030   10.935   10.935   11.122   11.122
            0.349000  0.550215  0.000000
  -14.503  -14.503  -13.998  -13.998  -12.032  -12.032   -2.014   -2.014   -1.190   -1.190
    9.032    9.032   10.929   10.929   11.117   11.117
            0.349333  0.549637  0.000000
  -14.509  -14.509  -13.996  -13.996  -12.027  -12.027   -2.023   -2.023   -1.182   -1.182
    9.034    9.034   10.923   10.923   11.112   11.112
            0.349667  0.549060  0.000000
  -14.515  -14.515  -13.994  -13.994  -12.021  -12.021   -2.031   -2.031   -1.174   -1.174
    9.035    9.035   10.916   10.917   11.107   11.107
            0.350000  0.548483  0.000000
  -14.521  -14.521  -13.992  -13.992  -12.015  -12.015   -2.040   -2.040   -1.166   -1.166
    9.037    9.037   10.910   10.911   11.102   11.102
            0.350333  0.547905  0.000000
  -14.527  -14.527  -13.990  -13.990  -12.010  -12.010   -2.048   -2.048   -1.158   -1.158
    9.039    9.039   10.904   10.905   11.096   11.097
            0.350667  0.547328  0.000000
  -14.533  -14.533  -13.989  -13.989  -12.004  -12.004   -2.057   -2.056   -1.150   -1.150
    9.041    9.041   10.898   10.899   11.091   11.091
            0.351000  0.546751  0.000000
  -14.539  -14.539  -13.987  -13.987  -11.997  -11.997   -2.065   -2.065   -1.142   -1.142
    9.042    9.043   10.892   10.892   11.085   11.086
            0.351333  0.546173  0.000000
  -14.545  -14.545  -13.986  -13.986  -11.991  -11.991   -2.073   -2.073   -1.134   -1.134
    9.044    9.044   10.886   10.886   11.080   11.080
            0.351667  0.545596  0.000000
  -14.551  -14.551  -13.985  -13.985  -11.985  -11.985   -2.082   -2.082   -1.126   -1.126
    9.046    9.046   10.880   10.880   11.074   11.074
            0.352000  0.545019  0.000000
  -14.557  -14.557  -13.983  -13.983  -11.979  -11.979   -2.090   -2.090   -1.119   -1.119
    9.048    9.048   10.874   10.874   11.069   11.069
            0.352333  0.544441  0.000000
  -14.563  -14.563  -13.982  -13.982  -11.972  -11.972   -2.098   -2.098   -1.111   -1.111
    9.050    9.050   10.867   10.868   11.063   11.063
            0.352667  0.543864  0.000000
  -14.569  -14.569  -13.981  -13.981  -11.966  -11.966   -2.106   -2.106   -1.103   -1.103
    9.052    9.052   10.861   10.862   11.057   11.057
            0.353000  0.543287  0.000000
  -14.575  -14.575  -13.980  -13.980  -11.959  -11.959   -2.115   -2.115   -1.095   -1.095
    9.054    9.054   10.855   10.855   11.051   11.051
            0.353333  0.542709  0.000000
  -14.581  -14.581  -13.979  -13.979  -11.952  -11.952   -2.123   -2.123   -1.088   -1.088
    9.056    9.057   10.849   10.849   11.045   11.045
            0.353667  0.542132  0.000000
  -14.587  -14.587  -13.978  -13.978  -11.945  -11.945   -2.131   -2.131   -1.080   -1.080
    9.059    9.059   10.842   10.843   11.039   11.039
            0.354000  0.541555  0.000000
  -14.593  -14.593  -13.978  -13.978  -11.938  -11.938   -2.139   -2.139   -1.072   -1.072
    9.061    9.061   10.836   10.837   11.033   11.033
            0.354333  0.540977  0.000000
  -14.599  -14.599  -13.977  -13.977  -11.931  -11.931   -2.147   -2.147   -1.065   -1.065
    9.063    9.063   10.830   10.830   11.027   11.027
            0.354667  0.540400  0.000000
  -14.604  -14.604  -13.977  -13.977  -11.924  -11.924   -2.156   -2.156   -1.057   -1.057
    9.065    9.065   10.824   10.824   11.020   11.020
            0.355000  0.539823  0.000000
  -14.610  -14.610  -13.976  -13.976  -11.917  -11.917   -2.164   -2.164   -1.050   -1.050
    9.068    9.068   10.817   10.818   11.014   11.014
            0.355333  0.539245  0.000000
  -14.616  -14.616  -13.976  -13.976  -11.909  -11.909   -2.172   -2.172   -1.042   -1.042
    9.070    9.070   10.811   10.811   11.008   11.008
            0.355667  0.538668  0.000000
  -14.622  -14.622  -13.975  -13.975  -11.902  -11.902   -2.180   -2.180   -1.035   -1.035
    9.072    9.072   10.805   10.805   11.001   11.001
            0.356000  0.538090  0.000000
  -14.628  -14.628  -13.975  -13.975  -11.894  -11.894   -2.188   -2.188   -1.027   -1.027
    9.075    9.075   10.798   10.799   10.995   10.995
            0.356333  0.537513  0.000000
  -14.634  -14.634  -13.975  -13.975  -11.886  -11.886   -2.196   -2.196   -1.020   -1.020
    9.077    9.077   10.792   10.792   10.988   10.988
            0.356667  0.536936  0.000000
  -14.639  -14.639  -13.975  -13.975  -11.879  -11.879   -2.204   -2.204   -1.012   -1.012
    9.080    9.080   10.785   10.786   10.982   10.982
            0.357000  0.536358  0.000000
  -14.645  -14.645  -13.975  -13.975  -11.871  -11.871   -2.212   -2.212   -1.005   -1.005
    9.082    9.082   10.779   10.779   10.975   10.975
            0.357333  0.535781  0.000000
  -14.651  -14.651  -13.975  -13.975  -11.863  -11.863   -2.220   -2.220   -0.997   -0.997
    9.085    9.085   10.773   10.773   10.968   10.968
            0.357667  0.535204  0.000000
  -14.656  -14.656  -13.975  -13.975  -11.855  -11.855   -2.228   -2.228   -0.990   -0.990
    9.087    9.087   10.766   10.766   10.961   10.961
            0.358000  0.534626  0.000000
  -14.662  -14.662  -13.975  -13.975  -11.847  -11.847   -2.236   -2.236   -0.983   -0.983
    9.090    9.090   10.760   10.760   10.954   10.955
            0.358333  0.534049  0.000000
  -14.668  -14.668  -13.975  -13.975  -11.839  -11.839   -2.244   -2.244   -0.976   -0.976
    9.092    9.093   10.753   10.754   10.948   10.948
            0.358667  0.533472  0.000000
  -14.674  -14.674  -13.976  -13.976  -11.830  -11.830   -2.252   -2.252   -0.968   -0.968
    9.095    9.095   10.747   10.747   10.941   10.941
            0.359000  0.532894  0.000000
  -14.679  -14.679  -13.976  -13.976  -11.822  -11.822   -2.260   -2.260   -0.961   -0.961
    9.098    9.098   10.740   10.741   10.934   10.934
            0.359333  0.532317  0.000000
  -14.685  -14.685  -13.977  -13.977  -11.813  -11.813   -2.268   -2.268   -0.954   -0.954
    9.101    9.101   10.734   10.734   10.927   10.927
            0.359667  0.531740  0.000000
  -14.691  -14.691  -13.977  -13.977  -11.805  -11.805   -2.276   -2.276   -0.947   -0.947
    9.103    9.103   10.727   10.728   10.919   10.919
            0.360000  0.531162  0.000000
  -14.696  -14.696  -13.978  -13.978  -11.796  -11.796   -2.284   -2.284   -0.940   -0.940
    9.106    9.106   10.721   10.721   10.912   10.912
            0.360333  0.530585  0.000000
  -14.702  -14.702  -13.979  -13.979  -11.788  -11.788   -2.292   -2.292   -0.933   -0.933
    9.109    9.109   10.714   10.715   10.905   10.905
            0.360667  0.530008  0.000000
  -14.707  -14.707  -13.979  -13.979  -11.779  -11.779   -2.300   -2.300   -0.926   -0.926
    9.112    9.112   10.708   10.708   10.898   10.898
            0.361000  0.529430  0.000000
  -14.713  -14.713  -13.980  -13.980  -11.770  -11.770   -2.307   -2.307   -0.919   -0.918
    9.115    9.115   10.701   10.702   10.890   10.890
            0.361333  0.528853  0.000000
  -14.719  -14.719  -13.981  -13.981  -11.761  -11.761   -2.315   -2.315   -0.912   -0.911
    9.118    9.118   10.695   10.695   10.883   10.883
            0.361667  0.528275  0.000000
  -14.724  -14.724  -13.982  -13.982  -11.752  -11.752   -2.323   -2.323   -0.905   -0.905
    9.121    9.121   10.688   10.689   10.875   10.875
            0.362000  0.527698  0.000000
  -14.730  -14.730  -13.983  -13.983  -11.743  -11.743   -2.331   -2.331   -0.898   -0.898
    9.124    9.124   10.682   10.682   10.867   10.868
            0.362333  0.527121  0.000000
  -14.735  -14.735  -13.984  -13.984  -11.734  -11.734   -2.339   -2.339   -0.891   -0.891
    9.127    9.127   10.675   10.676   10.860   10.860
            0.362667  0.526543  0.000000
  -14.741  -14.741  -13.985  -13.985  -11.725  -11.725   -2.346   -2.346   -0.884   -0.884
    9.130    9.130   10.669   10.669   10.852   10.852
            0.363000  0.525966  0.000000
  -14.746  -14.746  -13.986  -13.986  -11.715  -11.715   -2.354   -2.354   -0.877   -0.877
    9.133    9.133   10.662   10.662   10.844   10.844
            0.363333  0.525389  0.000000
  -14.752  -14.752  -13.987  -13.987  -11.706  -11.706   -2.362   -2.362   -0.870   -0.870
    9.136    9.136   10.656   10.656   10.836   10.836
            0.363667  0.524811  0.000000
  -14.757  -14.757  -13.989  -13.989  -11.697  -11.697   -2.369   -2.369   -0.863   -0.863
    9.139    9.139   10.649   10.649   10.828   10.828
            0.364000  0.524234  0.000000
  -14.763  -14.763  -13.990  -13.990  -11.687  -11.687   -2.377   -2.377   -0.857   -0.857
    9.143    9.143   10.642   10.643   10.820   10.820
            0.364333  0.523657  0.000000
  -14.768  -14.768  -13.991  -13.991  -11.678  -11.678   -2.385   -2.385   -0.850   -0.850
    9.146    9.146   10.636   10.636   10.812   10.812
            0.364667  0.523079  0.000000
  -14.774  -14.774  -13.993  -13.993  -11.668  -11.668   -2.392   -2.392   -0.843   -0.843
    9.149    9.149   10.629   10.630   10.803   10.803
            0.365000  0.522502  0.000000
  -14.779  -14.779  -13.994  -13.994  -11.658  -11.658   -2.400   -2.400   -0.836   -0.836
    9.152    9.152   10.623   10.623   10.795   10.795
            0.365333  0.521925  0.000000
  -14.785  -14.785  -13.996  -13.996  -11.649  -11.649   -2.408   -2.408   -0.830   -0.830
    9.156    9.156   10.616   10.616   10.786   10.787
            0.365667  0.521347  0.000000
  -14.790  -14.790  -13.997  -13.997  -11.639  -11.639   -2.415   -2.415   -0.823   -0.823
    9.159    9.159   10.609   10.610   10.778   10.778
            0.366000  0.520770  0.000000
  -14.795  -14.795  -13.999  -13.999  -11.629  -11.629   -2.423   -2.423   -0.817   -0.817
    9.162    9.163   10.603   10.603   10.769   10.769
            0.366333  0.520193  0.000000
  -14.801  -14.801  -14.000  -14.000  -11.619  -11.619   -2.430   -2.430   -0.810   -0.810
    9.166    9.166   10.596   10.597   10.760   10.760
            0.366667  0.519615  0.000000
  -14.806  -14.806  -14.002  -14.002  -11.609  -11.609   -2.438   -2.438   -0.804   -0.804
    9.169    9.169   10.590   10.590   10.751   10.751
            0.367000  0.519038  0.000000
  -14.812  -14.812  -14.004  -14.004  -11.599  -11.599   -2.445   -2.445   -0.797   -0.797
    9.173    9.173   10.583   10.583   10.742   10.742
            0.367333  0.518461  0.000000
  -14.817  -14.817  -14.006  -14.006  -11.589  -11.589   -2.453   -2.453   -0.791   -0.791
    9.176    9.176   10.577   10.577   10.733   10.733
            0.367667  0.517883  0.000000
  -14.822  -14.822  -14.008  -14.008  -11.579  -11.579   -2.460   -2.460   -0.784   -0.784
    9.180    9.180   10.570   10.570   10.723   10.723
            0.368000  0.517306  0.000000
  -14.828  -14.828  -14.009  -14.009  -11.569  -11.569   -2.468   -2.468   -0.778   -0.778
    9.183    9.183   10.563   10.564   10.714   10.714
            0.368333  0.516728  0.000000
  -14.833  -14.833  -14.011  -14.011  -11.559  -11.559   -2.475   -2.475   -0.771   -0.771
    9.187    9.187   10.557   10.557   10.704   10.704
            0.368667  0.516151  0.000000
  -14.838  -14.838  -14.013  -14.013  -11.548  -11.548   -2.483   -2.483   -0.765   -0.765
    9.191    9.191   10.550   10.550   10.694   10.694
            0.369000  0.515574  0.000000
  -14.843  -14.843  -14.015  -14.015  -11.538  -11.538   -2.490   -2.490   -0.759   -0.759
    9.194    9.194   10.544   10.544   10.684   10.684
            0.369333  0.514996  0.000000
  -14.849  -14.849  -14.017  -14.017  -11.528  -11.528   -2.497   -2.497   -0.752   -0.752
    9.198    9.198   10.537   10.537   10.674   10.674
            0.369667  0.514419  0.000000
  -14.854  -14.854  -14.019  -14.019  -11.517  -11.517   -2.505   -2.505   -0.746   -0.746
    9.202    9.202   10.530   10.531   10.663   10.663
            0.370000  0.513842  0.000000
  -14.859  -14.859  -14.021  -14.021  -11.507  -11.507   -2.512   -2.512   -0.740   -0.740
    9.205    9.205   10.524   10.524   10.653   10.653
            0.370333  0.513264  0.000000
  -14.864  -14.864  -14.024  -14.024  -11.496  -11.496   -2.519   -2.519   -0.734   -0.734
    9.209    9.209   10.517   10.517   10.642   10.642
            0.370667  0.512687  0.000000
  -14.870  -14.870  -14.026  -14.026  -11.485  -11.485   -2.527   -2.527   -0.728   -0.728
    9.213    9.213   10.511   10.511   10.631   10.631
            0.371000  0.512110  0.000000
  -14.875  -14.875  -14.028  -14.028  -11.475  -11.475   -2.534   -2.534   -0.721   -0.721
    9.217    9.217   10.504   10.504   10.620   10.620
            0.371333  0.511532  0.000000
  -14.880  -14.880  -14.030  -14.030  -11.464  -11.464   -2.541   -2.541   -0.715   -0.715
    9.220    9.220   10.497   10.498   10.608   10.608
            0.371667  0.510955  0.000000
  -14.885  -14.885  -14.032  -14.032  -11.453  -11.453   -2.548   -2.548   -0.709   -0.709
    9.224    9.224   10.491   10.491   10.597   10.597
            0.372000  0.510378  0.000000
  -14.890  -14.890  -14.035  -14.035  -11.443  -11.443   -2.556   -2.556   -0.703   -0.703
    9.228    9.228   10.484   10.485   10.585   10.585
            0.372333  0.509800  0.000000
  -14.895  -14.895  -14.037  -14.037  -11.432  -11.432   -2.563   -2.563   -0.697   -0.697
    9.232    9.232   10.478   10.478   10.573   10.573
            0.372667  0.509223  0.000000
  -14.901  -14.901  -14.039  -14.039  -11.421  -11.421   -2.570   -2.570   -0.691   -0.691
    9.236    9.236   10.471   10.471   10.561   10.561
            0.373000  0.508646  0.000000
  -14.906  -14.906  -14.042  -14.042  -11.410  -11.410   -2.577   -2.577   -0.685   -0.685
    9.240    9.240   10.464   10.465   10.549   10.549
            0.373333  0.508068  0.000000
  -14.911  -14.911  -14.044  -14.044  -11.399  -11.399   -2.584   -2.584   -0.679   -0.679
    9.244    9.244   10.458   10.458   10.536   10.536
            0.373667  0.507491  0.000000
  -14.916  -14.916  -14.047  -14.047  -11.388  -11.388   -2.592   -2.592   -0.674   -0.673
    9.248    9.248   10.451   10.452   10.523   10.523
            0.374000  0.506914  0.000000
  -14.921  -14.921  -14.049  -14.049  -11.377  -11.377   -2.599   -2.599   -0.668   -0.668
    9.252    9.252   10.445   10.445   10.510   10.510
            0.374333  0.506336  0.000000
  -14.926  -14.926  -14.052  -14.052  -11.366  -11.366   -2.606   -2.606   -0.662   -0.662
    9.256    9.256   10.438   10.439   10.497   10.497
            0.374667  0.505759  0.000000
  -14.931  -14.931  -14.054  -14.054  -11.355  -11.355   -2.613   -2.613   -0.656   -0.656
    9.260    9.260   10.432   10.432   10.484   10.484
            0.375000  0.505181  0.000000
  -14.936  -14.936  -14.057  -14.057  -11.344  -11.344   -2.620   -2.620   -0.650   -0.650
    9.264    9.264   10.425   10.425   10.470   10.470
            0.375333  0.504604  0.000000
  -14.941  -14.941  -14.059  -14.059  -11.333  -11.333   -2.627   -2.627   -0.644   -0.644
    9.268    9.268   10.419   10.419   10.457   10.457
            0.375667  0.504027  0.000000
  -14.946  -14.946  -14.062  -14.062  -11.322  -11.322   -2.634   -2.634   -0.639   -0.639
    9.272    9.272   10.412   10.412   10.443   10.443
            0.376000  0.503449  0.000000
  -14.951  -14.951  -14.065  -14.065  -11.310  -11.310   -2.641   -2.641   -0.633   -0.633
    9.276    9.276   10.405   10.406   10.429   10.429
            0.376333  0.502872  0.000000
  -14.956  -14.956  -14.067  -14.067  -11.299  -11.299   -2.648   -2.648   -0.627   -0.627
    9.280    9.280   10.399   10.399   10.415   10.415
            0.376667  0.502295  0.000000
  -14.961  -14.961  -14.070  -14.070  -11.288  -11.288   -2.655   -2.655   -0.622   -0.622
    9.284    9.284   10.392   10.393   10.401   10.401
            0.377000  0.501717  0.000000
  -14.966  -14.966  -14.073  -14.073  -11.277  -11.277   -2.662   -2.662   -0.616   -0.616
    9.288    9.288   10.385   10.385   10.387   10.387
            0.377333  0.501140  0.000000
  -14.971  -14.971  -14.075  -14.075  -11.265  -11.265   -2.669   -2.669   -0.611   -0.611
    9.292    9.292   10.371   10.371   10.380   10.380
            0.377667  0.500563  0.000000
  -14.976  -14.976  -14.078  -14.078  -11.254  -11.254   -2.676   -2.676   -0.605   -0.605
    9.297    9.297   10.356   10.356   10.373   10.373
            0.378000  0.499985  0.000000
  -14.981  -14.981  -14.081  -14.081  -11.242  -11.242   -2.683   -2.683   -0.600   -0.600
    9.301    9.301   10.342   10.342   10.367   10.367
            0.378333  0.499408  0.000000
  -14.986  -14.986  -14.084  -14.084  -11.231  -11.231   -2.690   -2.690   -0.594   -0.594
    9.305    9.305   10.326   10.327   10.360   10.360
            0.378667  0.498831  0.000000
  -14.991  -14.991  -14.086  -14.086  -11.220  -11.220   -2.697   -2.697   -0.589   -0.589
    9.309    9.309   10.311   10.311   10.354   10.354
            0.379000  0.498253  0.000000
  -14.996  -14.996  -14.089  -14.089  -11.208  -11.208   -2.704   -2.703   -0.583   -0.583
    9.313    9.313   10.296   10.296   10.347   10.347
            0.379333  0.497676  0.000000
  -15.000  -15.000  -14.092  -14.092  -11.196  -11.196   -2.710   -2.710   -0.578   -0.578
    9.318    9.318   10.281   10.281   10.341   10.341
            0.379667  0.497099  0.000000
  -15.005  -15.005  -14.095  -14.095  -11.185  -11.185   -2.717   -2.717   -0.573   -0.573
    9.322    9.322   10.265   10.265   10.334   10.334
            0.380000  0.496521  0.000000
  -15.010  -15.010  -14.098  -14.098  -11.173  -11.173   -2.724   -2.724   -0.567   -0.567
    9.326    9.326   10.249   10.249   10.328   10.328
            0.380333  0.495944  0.000000
  -15.015  -15.015  -14.101  -14.101  -11.162  -11.162   -2.731   -2.731   -0.562   -0.562
    9.330    9.330   10.234   10.234   10.321   10.321
            0.380667  0.495367  0.000000
  -15.020  -15.020  -14.103  -14.103  -11.150  -11.150   -2.738   -2.738   -0.557   -0.557
    9.334    9.335   10.218   10.218   10.315   10.315
            0.381000  0.494789  0.000000
  -15.025  -15.025  -14.106  -14.106  -11.138  -11.138   -2.744   -2.744   -0.551   -0.551
    9.339    9.339   10.202   10.202   10.308   10.309
            0.381333  0.494212  0.000000
  -15.029  -15.029  -14.109  -14.109  -11.127  -11.127   -2.751   -2.751   -0.546   -0.546
    9.343    9.343   10.186   10.186   10.302   10.302
            0.381667  0.493634  0.000000
  -15.034  -15.034  -14.112  -14.112  -11.115  -11.115   -2.758   -2.758   -0.541   -0.541
    9.347    9.347   10.169   10.169   10.295   10.296
            0.382000  0.493057  0.000000
  -15.039  -15.039  -14.115  -14.115  -11.103  -11.103   -2.764   -2.764   -0.536   -0.536
    9.351    9.351   10.153   10.153   10.289   10.289
            0.382333  0.492480  0.000000
  -15.044  -15.044  -14.118  -14.118  -11.092  -11.092   -2.771   -2.771   -0.531   -0.531
    9.356    9.356   10.137   10.137   10.283   10.283
            0.382667  0.491902  0.000000
  -15.048  -15.048  -14.121  -14.121  -11.080  -11.080   -2.778   -2.778   -0.526   -0.526
    9.360    9.360   10.120   10.120   10.276   10.277
            0.383000  0.491325  0.000000
  -15.053  -15.053  -14.124  -14.124  -11.068  -11.068   -2.784   -2.784   -0.521   -0.521
    9.364    9.364   10.104   10.104   10.270   10.270
            0.383333  0.490748  0.000000
  -15.058  -15.058  -14.127  -14.127  -11.056  -11.056   -2.791   -2.791   -0.516   -0.516
    9.368    9.369   10.087   10.087   10.264   10.264
            0.383667  0.490170  0.000000
  -15.063  -15.063  -14.130  -14.130  -11.044  -11.044   -2.798   -2.798   -0.511   -0.511
    9.373    9.373   10.071   10.071   10.257   10.257
            0.384000  0.489593  0.000000
  -15.067  -15.067  -14.133  -14.133  -11.033  -11.033   -2.804   -2.804   -0.506   -0.506
    9.377    9.377   10.054   10.054   10.251   10.251
            0.384333  0.489016  0.000000
  -15.072  -15.072  -14.136  -14.136  -11.021  -11.021   -2.811   -2.811   -0.501   -0.501
    9.381    9.381   10.037   10.037   10.244   10.245
            0.384667  0.488438  0.000000
  -15.077  -15.077  -14.139  -14.139  -11.009  -11.009   -2.817   -2.817   -0.496   -0.496
    9.385    9.385   10.020   10.020   10.238   10.238
            0.385000  0.487861  0.000000
  -15.081  -15.081  -14.142  -14.142  -10.997  -10.997   -2.824   -2.824   -0.491   -0.491
    9.390    9.390   10.003   10.003   10.232   10.232
            0.385333  0.487284  0.000000
  -15.086  -15.086  -14.145  -14.145  -10.985  -10.985   -2.830   -2.830   -0.486   -0.486
    9.394    9.394    9.986    9.986   10.226   10.226
            0.385667  0.486706  0.000000
  -15.090  -15.090  -14.149  -14.149  -10.973  -10.973   -2.837   -2.837   -0.481   -0.481
    9.398    9.398    9.969    9.969   10.219   10.219
            0.386000  0.486129  0.000000
  -15.095  -15.095  -14.152  -14.152  -10.961  -10.961   -2.843   -2.843   -0.476   -0.476
    9.402    9.402    9.952    9.952   10.213   10.213
            0.386333  0.485552  0.000000
  -15.100  -15.100  -14.155  -14.155  -10.949  -10.949   -2.850   -2.850   -0.472   -0.471
    9.406    9.407    9.935    9.935   10.207   10.207
            0.386667  0.484974  0.000000
  -15.104  -15.104  -14.158  -14.158  -10.937  -10.937   -2.856   -2.856   -0.467   -0.467
    9.411    9.411    9.918    9.918   10.200   10.201
            0.387000  0.484397  0.000000
  -15.109  -15.109  -14.161  -14.161  -10.925  -10.925   -2.863   -2.863   -0.462   -0.462
    9.415    9.415    9.900    9.900   10.194   10.194
            0.387333  0.483820  0.000000
  -15.113  -15.113  -14.164  -14.164  -10.913  -10.913   -2.869   -2.869   -0.457   -0.457
    9.419    9.419    9.883    9.883   10.188   10.188
            0.387667  0.483242  0.000000
  -15.118  -15.118  -14.167  -14.167  -10.901  -10.901   -2.875   -2.875   -0.453   -0.453
    9.423    9.423    9.866    9.866   10.182   10.182
            0.388000  0.482665  0.000000
  -15.122  -15.122  -14.170  -14.170  -10.889  -10.889   -2.882   -2.882   -0.448   -0.448
    9.427    9.427    9.848    9.848   10.175   10.176
            0.388333  0.482087  0.000000
  -15.127  -15.127  -14.174  -14.174  -10.877  -10.877   -2.888   -2.888   -0.443   -0.443
    9.431    9.431    9.831    9.831   10.169   10.169
            0.388667  0.481510  0.000000
  -15.131  -15.131  -14.177  -14.177  -10.865  -10.865   -2.894   -2.894   -0.439   -0.439
    9.435    9.436    9.814    9.814   10.163   10.163
            0.389000  0.480933  0.000000
  -15.136  -15.136  -14.180  -14.180  -10.853  -10.853   -2.901   -2.901   -0.434   -0.434
    9.439    9.440    9.796    9.796   10.157   10.157
            0.389333  0.480355  0.000000
  -15.140  -15.140  -14.183  -14.183  -10.841  -10.841   -2.907   -2.907   -0.430   -0.430
    9.444    9.444    9.778    9.778   10.151   10.151
            0.389667  0.479778  0.000000
  -15.145  -15.145  -14.186  -14.186  -10.829  -10.829   -2.913   -2.913   -0.425   -0.425
    9.448    9.448    9.761    9.761   10.144   10.145
            0.390000  0.479201  0.000000
  -15.149  -15.149  -14.189  -14.189  -10.816  -10.816   -2.920   -2.920   -0.421   -0.421
    9.452    9.452    9.743    9.743   10.138   10.139
            0.390333  0.478623  0.000000
  -15.154  -15.154  -14.193  -14.193  -10.804  -10.804   -2.926   -2.926   -0.416   -0.416
    9.455    9.456    9.726    9.726   10.132   10.132
            0.390667  0.478046  0.000000
  -15.158  -15.158  -14.196  -14.196  -10.792  -10.792   -2.932   -2.932   -0.412   -0.412
    9.459    9.460    9.708    9.708   10.126   10.126
            0.391000  0.477469  0.000000
  -15.162  -15.162  -14.199  -14.199  -10.780  -10.780   -2.938   -2.938   -0.408   -0.408
    9.463    9.463    9.690    9.690   10.120   10.120
            0.391333  0.476891  0.000000
  -15.167  -15.167  -14.202  -14.202  -10.768  -10.768   -2.944   -2.944   -0.403   -0.403
    9.467    9.467    9.673    9.673   10.114   10.114
            0.391667  0.476314  0.000000
  -15.171  -15.171  -14.205  -14.205  -10.756  -10.756   -2.951   -2.951   -0.399   -0.399
    9.471    9.471    9.655    9.655   10.108   10.108
            0.392000  0.475737  0.000000
  -15.176  -15.176  -14.209  -14.209  -10.744  -10.744   -2.957   -2.957   -0.395   -0.395
    9.475    9.475    9.637    9.637   10.102   10.102
            0.392333  0.475159  0.000000
  -15.180  -15.180  -14.212  -14.212  -10.731  -10.731   -2.963   -2.963   -0.390   -0.390
    9.479    9.479    9.619    9.619   10.096   10.096
            0.392667  0.474582  0.000000
  -15.184  -15.184  -14.215  -14.215  -10.719  -10.719   -2.969   -2.969   -0.386   -0.386
    9.482    9.483    9.601    9.602   10.089   10.090
            0.393000  0.474005  0.000000
  -15.189  -15.189  -14.218  -14.218  -10.707  -10.707   -2.975   -2.975   -0.382   -0.382
    9.486    9.486    9.584    9.584   10.083   10.084
            0.393333  0.473427  0.000000
  -15.193  -15.193  -14.221  -14.221  -10.695  -10.695   -2.981   -2.981   -0.378   -0.378
    9.490    9.490    9.566    9.566   10.077   10.078
            0.393667  0.472850  0.000000
  -15.197  -15.197  -14.225  -14.225  -10.683  -10.682   -2.987   -2.987   -0.374   -0.374
    9.493    9.493    9.548    9.548   10.071   10.072
            0.394000  0.472273  0.000000
  -15.201  -15.201  -14.228  -14.228  -10.670  -10.670   -2.993   -2.993   -0.369   -0.369
    9.497    9.497    9.530    9.530   10.065   10.066
            0.394333  0.471695  0.000000
  -15.206  -15.206  -14.231  -14.231  -10.658  -10.658   -2.999   -2.999   -0.365   -0.365
    9.499    9.500    9.513    9.513   10.059   10.060
            0.394667  0.471118  0.000000
  -15.210  -15.210  -14.234  -14.234  -10.646  -10.646   -3.005   -3.005   -0.361   -0.361
    9.493    9.493    9.505    9.506   10.053   10.054
            0.395000  0.470540  0.000000
  -15.214  -15.214  -14.238  -14.238  -10.634  -10.634   -3.011   -3.011   -0.357   -0.357
    9.476    9.476    9.508    9.508   10.047   10.048
            0.395333  0.469963  0.000000
  -15.218  -15.218  -14.241  -14.241  -10.621  -10.621   -3.017   -3.017   -0.353   -0.353
    9.458    9.458    9.511    9.511   10.041   10.042
            0.395667  0.469386  0.000000
  -15.223  -15.223  -14.244  -14.244  -10.609  -10.609   -3.023   -3.023   -0.349   -0.349
    9.440    9.440    9.515    9.515   10.036   10.036
            0.396000  0.468808  0.000000
  -15.227  -15.227  -14.247  -14.247  -10.597  -10.597   -3.029   -3.029   -0.345   -0.345
    9.422    9.422    9.518    9.518   10.030   10.030
            0.396333  0.468231  0.000000
  -15.231  -15.231  -14.250  -14.250  -10.585  -10.585   -3.035   -3.035   -0.341   -0.341
    9.404    9.404    9.521    9.521   10.024   10.024
            0.396667  0.467654  0.000000
  -15.235  -15.235  -14.254  -14.254  -10.572  -10.572   -3.041   -3.041   -0.337   -0.337
    9.386    9.386    9.524    9.524   10.018   10.018
            0.397000  0.467076  0.000000
  -15.239  -15.239  -14.257  -14.257  -10.560  -10.560   -3.047   -3.047   -0.333   -0.333
    9.368    9.368    9.527    9.527   10.012   10.012
            0.397333  0.466499  0.000000
  -15.244  -15.244  -14.260  -14.260  -10.548  -10.548   -3.052   -3.052   -0.330   -0.329
    9.350    9.350    9.530    9.530   10.006   10.006
            0.397667  0.465922  0.000000
  -15.248  -15.248  -14.263  -14.263  -10.535  -10.535   -3.058   -3.058   -0.326   -0.326
    9.332    9.332    9.533    9.533   10.000   10.000
            0.398000  0.465344  0.000000
  -15.252  -15.252  -14.267  -14.267  -10.523  -10.523   -3.064   -3.064   -0.322   -0.322
    9.314    9.314    9.536    9.536    9.994    9.995
            0.398333  0.464767  0.000000
  -15.256  -15.256  -14.270  -14.270  -10.511  -10.511   -3.070   -3.070   -0.318   -0.318
    9.296    9.296    9.539    9.539    9.989    9.989
            0.398667  0.464190  0.000000
  -15.260  -15.260  -14.273  -14.273  -10.499  -10.499   -3.076   -3.076   -0.314   -0.314
    9.278    9.278    9.542    9.542    9.983    9.983
            0.399000  0.463612  0.000000
  -15.264  -15.264  -14.276  -14.276  -10.486  -10.486   -3.081   -3.081   -0.311   -0.311
    9.260    9.260    9.545    9.545    9.977    9.977
            0.399333  0.463035  0.000000
  -15.268  -15.268  -14.280  -14.280  -10.474  -10.474   -3.087   -3.087   -0.307   -0.307
    9.242    9.242    9.547    9.548    9.971    9.971
            0.399667  0.462458  0.000000
  -15.272  -15.272  -14.283  -14.283  -10.462  -10.462   -3.093   -3.093   -0.303   -0.303
    9.224    9.224    9.550    9.550    9.965    9.966
            0.400000  0.461880  0.000000
  -15.276  -15.276  -14.286  -14.286  -10.449  -10.449   -3.099   -3.099   -0.299   -0.299
    9.206    9.206    9.553    9.553    9.960    9.960
            0.400333  0.461303  0.000000
  -15.280  -15.280  -14.289  -14.289  -10.437  -10.437   -3.104   -3.104   -0.296   -0.296
    9.188    9.188    9.555    9.555    9.954    9.954
            0.400667  0.460726  0.000000
  -15.284  -15.284  -14.292  -14.292  -10.425  -10.425   -3.110   -3.110   -0.292   -0.292
    9.170    9.170    9.558    9.558    9.948    9.948
            0.401000  0.460148  0.000000
  -15.288  -15.288  -14.296  -14.296  -10.413  -10.413   -3.116   -3.116   -0.289   -0.289
    9.152    9.152    9.560    9.560    9.942    9.943
            0.401333  0.459571  0.000000
  -15.292  -15.292  -14.299  -14.299  -10.400  -10.400   -3.121   -3.121   -0.285   -0.285
    9.134    9.134    9.562    9.562    9.937    9.937
            0.401667  0.458993  0.000000
  -15.296  -15.296  -14.302  -14.302  -10.388  -10.388   -3.127   -3.127   -0.282   -0.282
    9.116    9.116    9.564    9.564    9.931    9.931
            0.402000  0.458416  0.000000
  -15.300  -15.300  -14.305  -14.305  -10.376  -10.376   -3.132   -3.132   -0.278   -0.278
    9.098    9.098    9.566    9.567    9.925    9.926
            0.402333  0.457839  0.000000
  -15.304  -15.304  -14.309  -14.309  -10.364  -10.363   -3.138   -3.138   -0.275   -0.275
    9.080    9.080    9.568    9.569    9.920    9.920
            0.402667  0.457261  0.000000
  -15.308  -15.308  -14.312  -14.312  -10.351  -10.351   -3.144   -3.143   -0.271   -0.271
    9.062    9.062    9.570    9.570    9.914    9.914
            0.403000  0.456684  0.000000
  -15.312  -15.312  -14.315  -14.315  -10.339  -10.339   -3.149   -3.149   -0.268   -0.268
    9.044    9.044    9.572    9.572    9.908    9.909
            0.403333  0.456107  0.000000
  -15.316  -15.316  -14.318  -14.318  -10.327  -10.327   -3.155   -3.155   -0.264   -0.264
    9.026    9.026    9.574    9.574    9.903    9.903
            0.403667  0.455529  0.000000
  -15.320  -15.320  -14.321  -14.321  -10.314  -10.314   -3.160   -3.160   -0.261   -0.261
    9.008    9.008    9.576    9.576    9.897    9.897
            0.404000  0.454952  0.000000
  -15.324  -15.324  -14.325  -14.325  -10.302  -10.302   -3.166   -3.166   -0.257   -0.257
    8.990    8.990    9.577    9.577    9.892    9.892
            0.404333  0.454375  0.000000
  -15.328  -15.328  -14.328  -14.328  -10.290  -10.290   -3.171   -3.171   -0.254   -0.254
    8.972    8.972    9.579    9.579    9.886    9.886
            0.404667  0.453797  0.000000
  -15.331  -15.331  -14.331  -14.331  -10.278  -10.278   -3.176   -3.176   -0.251   -0.251
    8.954    8.954    9.580    9.580    9.881    9.881
            0.405000  0.453220  0.000000
  -15.335  -15.335  -14.334  -14.334  -10.265  -10.265   -3.182   -3.182   -0.248   -0.247
    8.936    8.936    9.582    9.582    9.875    9.875
            0.405333  0.452643  0.000000
  -15.339  -15.339  -14.337  -14.337  -10.253  -10.253   -3.187   -3.187   -0.244   -0.244
    8.918    8.918    9.583    9.583    9.870    9.870
            0.405667  0.452065  0.000000
  -15.343  -15.343  -14.340  -14.340  -10.241  -10.241   -3.193   -3.193   -0.241   -0.241
    8.900    8.900    9.584    9.584    9.864    9.864
            0.406000  0.451488  0.000000
  -15.347  -15.347  -14.344  -14.344  -10.229  -10.229   -3.198   -3.198   -0.238   -0.238
    8.882    8.882    9.585    9.585    9.859    9.859
            0.406333  0.450911  0.000000
  -15.350  -15.350  -14.347  -14.347  -10.216  -10.216   -3.203   -3.203   -0.235   -0.235
    8.864    8.864    9.586    9.586    9.853    9.853
            0.406667  0.450333  0.000000
  -15.354  -15.354  -14.350  -14.350  -10.204  -10.204   -3.209   -3.209   -0.231   -0.231
    8.846    8.846    9.587    9.587    9.848    9.848
            0.407000  0.449756  0.000000
  -15.358  -15.358  -14.353  -14.353  -10.192  -10.192   -3.214   -3.214   -0.228   -0.228
    8.828    8.828    9.588    9.588    9.842    9.842
            0.407333  0.449179  0.000000
  -15.362  -15.362  -14.356  -14.356  -10.180  -10.180   -3.219   -3.219   -0.225   -0.225
    8.810    8.810    9.589    9.589    9.837    9.837
            0.407667  0.448601  0.000000
  -15.365  -15.365  -14.359  -14.359  -10.168  -10.168   -3.225   -3.225   -0.222   -0.222
    8.792    8.792    9.589    9.590    9.831    9.832
            0.408000  0.448024  0.000000
  -15.369  -15.369  -14.363  -14.363  -10.155  -10.155   -3.230   -3.230   -0.219   -0.219
    8.775    8.775    9.590    9.590    9.826    9.826
            0.408333  0.447446  0.000000
  -15.373  -15.373  -14.366  -14.366  -10.143  -10.143   -3.235   -3.235   -0.216   -0.216
    8.757    8.757    9.590    9.591    9.821    9.821
            0.408667  0.446869  0.000000
  -15.377  -15.377  -14.369  -14.369  -10.131  -10.131   -3.240   -3.240   -0.213   -0.213
    8.739    8.739    9.591    9.591    9.815    9.816
            0.409000  0.446292  0.000000
  -15.380  -15.380  -14.372  -14.372  -10.119  -10.119   -3.245   -3.245   -0.210   -0.210
    8.721    8.721    9.591    9.591    9.810    9.810
            0.409333  0.445714  0.000000
  -15.384  -15.384  -14.375  -14.375  -10.107  -10.107   -3.251   -3.251   -0.207   -0.207
    8.703    8.703    9.591    9.592    9.805    9.805
            0.409667  0.445137  0.000000
  -15.388  -15.388  -14.378  -14.378  -10.094  -10.094   -3.256   -3.256   -0.204   -0.204
    8.685    8.685    9.592    9.592    9.799    9.800
            0.410000  0.444560  0.000000
  -15.391  -15.391  -14.381  -14.381  -10.082  -10.082   -3.261   -3.261   -0.201   -0.201
    8.668    8.668    9.592    9.592    9.794    9.794
            0.410333  0.443982  0.000000
  -15.395  -15.395  -14.384  -14.384  -10.070  -10.070   -3.266   -3.266   -0.198   -0.198
    8.650    8.650    9.592    9.592    9.789    9.789
            0.410667  0.443405  0.000000
  -15.398  -15.398  -14.388  -14.388  -10.058  -10.058   -3.271   -3.271   -0.195   -0.195
    8.632    8.632    9.591    9.592    9.784    9.784
            0.411000  0.442828  0.000000
  -15.402  -15.402  -14.391  -14.391  -10.046  -10.046   -3.276   -3.276   -0.192   -0.192
    8.614    8.614    9.591    9.591    9.778    9.779
            0.411333  0.442250  0.000000
  -15.406  -15.406  -14.394  -14.394  -10.034  -10.034   -3.281   -3.281   -0.189   -0.189
    8.597    8.597    9.591    9.591    9.773    9.773
            0.411667  0.441673  0.000000
  -15.409  -15.409  -14.397  -14.397  -10.022  -10.022   -3.286   -3.286   -0.187   -0.187
    8.579    8.579    9.591    9.591    9.768    9.768
            0.412000  0.441096  0.000000
  -15.413  -15.413  -14.400  -14.400  -10.010  -10.010   -3.291   -3.291   -0.184   -0.184
    8.561    8.561    9.590    9.590    9.763    9.763
            0.412333  0.440518  0.000000
  -15.416  -15.416  -14.403  -14.403   -9.997   -9.997   -3.296   -3.296   -0.181   -0.181
    8.544    8.544    9.590    9.590    9.758    9.758
            0.412667  0.439941  0.000000
  -15.420  -15.420  -14.406  -14.406   -9.985   -9.985   -3.301   -3.301   -0.178   -0.178
    8.526    8.526    9.589    9.589    9.752    9.753
            0.413000  0.439364  0.000000
  -15.423  -15.423  -14.409  -14.409   -9.973   -9.973   -3.306   -3.306   -0.175   -0.175
    8.509    8.509    9.588    9.589    9.747    9.748
            0.413333  0.438786  0.000000
  -15.427  -15.427  -14.412  -14.412   -9.961   -9.961   -3.311   -3.311   -0.173   -0.173
    8.491    8.491    9.588    9.588    9.742    9.742
            0.413667  0.438209  0.000000
  -15.430  -15.430  -14.415  -14.415   -9.949   -9.949   -3.316   -3.316   -0.170   -0.170
    8.473    8.473    9.587    9.587    9.737    9.737
            0.414000  0.437632  0.000000
  -15.434  -15.434  -14.418  -14.418   -9.937   -9.937   -3.321   -3.321   -0.167   -0.167
    8.456    8.456    9.586    9.586    9.732    9.732
            0.414333  0.437054  0.000000
  -15.437  -15.437  -14.421  -14.421   -9.925   -9.925   -3.326   -3.326   -0.165   -0.165
    8.438    8.438    9.585    9.585    9.727    9.727
            0.414667  0.436477  0.000000
  -15.441  -15.441  -14.424  -14.424   -9.913   -9.913   -3.331   -3.331   -0.162   -0.162
    8.421    8.421    9.584    9.584    9.722    9.722
            0.415000  0.435899  0.000000
  -15.444  -15.444  -14.427  -14.427   -9.901   -9.901   -3.336   -3.336   -0.159   -0.159
    8.403    8.403    9.583    9.583    9.717    9.717
            0.415333  0.435322  0.000000
  -15.448  -15.448  -14.430  -14.430   -9.889   -9.889   -3.341   -3.341   -0.157   -0.157
    8.386    8.386    9.582    9.582    9.712    9.712
            0.415667  0.434745  0.000000
  -15.451  -15.451  -14.433  -14.433   -9.877   -9.877   -3.346   -3.345   -0.154   -0.154
    8.369    8.369    9.581    9.581    9.707    9.707
            0.416000  0.434167  0.000000
  -15.454  -15.454  -14.436  -14.436   -9.865   -9.865   -3.350   -3.350   -0.152   -0.152
    8.351    8.351    9.579    9.579    9.702    9.702
            0.416333  0.433590  0.000000
  -15.458  -15.458  -14.439  -14.439   -9.853   -9.853   -3.355   -3.355   -0.149   -0.149
    8.334    8.334    9.578    9.578    9.697    9.697
            0.416667  0.433013  0.000000
  -15.461  -15.461  -14.442  -14.442   -9.841   -9.841   -3.360   -3.360   -0.147   -0.147
    8.317    8.317    9.577    9.577    9.692    9.692
            0.417000  0.432435  0.000000
  -15.465  -15.465  -14.445  -14.445   -9.830   -9.829   -3.365   -3.365   -0.144   -0.144
    8.299    8.299    9.575    9.575    9.687    9.687
            0.417333  0.431858  0.000000
  -15.468  -15.468  -14.448  -14.448   -9.818   -9.818   -3.369   -3.369   -0.142   -0.142
    8.282    8.282    9.574    9.574    9.682    9.682
            0.417667  0.431281  0.000000
  -15.471  -15.471  -14.451  -14.451   -9.806   -9.806   -3.374   -3.374   -0.139   -0.139
    8.265    8.265    9.572    9.572    9.677    9.678
            0.418000  0.430703  0.000000
  -15.475  -15.475  -14.454  -14.454   -9.794   -9.794   -3.379   -3.379   -0.137   -0.137
    8.248    8.248    9.570    9.570    9.672    9.673
            0.418333  0.430126  0.000000
  -15.478  -15.478  -14.457  -14.457   -9.782   -9.782   -3.383   -3.383   -0.134   -0.134
    8.230    8.230    9.569    9.569    9.668    9.668
            0.418667  0.429549  0.000000
  -15.481  -15.481  -14.460  -14.460   -9.770   -9.770   -3.388   -3.388   -0.132   -0.132
    8.213    8.213    9.567    9.567    9.663    9.663
            0.419000  0.428971  0.000000
  -15.484  -15.484  -14.463  -14.463   -9.758   -9.758   -3.393   -3.393   -0.130   -0.130
    8.196    8.196    9.565    9.565    9.658    9.658
            0.419333  0.428394  0.000000
  -15.488  -15.488  -14.466  -14.466   -9.747   -9.747   -3.397   -3.397   -0.127   -0.127
    8.179    8.179    9.563    9.563    9.653    9.653
            0.419667  0.427817  0.000000
  -15.491  -15.491  -14.469  -14.469   -9.735   -9.735   -3.402   -3.402   -0.125   -0.125
    8.162    8.162    9.561    9.561    9.648    9.649
            0.420000  0.427239  0.000000
  -15.494  -15.494  -14.472  -14.472   -9.723   -9.723   -3.407   -3.407   -0.123   -0.123
    8.145    8.145    9.559    9.560    9.644    9.644
            0.420333  0.426662  0.000000
  -15.497  -15.497  -14.474  -14.474   -9.711   -9.711   -3.411   -3.411   -0.120   -0.120
    8.128    8.128    9.557    9.558    9.639    9.639
            0.420667  0.426084  0.000000
  -15.501  -15.501  -14.477  -14.477   -9.700   -9.700   -3.416   -3.416   -0.118   -0.118
    8.111    8.111    9.555    9.556    9.634    9.634
            0.421000  0.425507  0.000000
  -15.504  -15.504  -14.480  -14.480   -9.688   -9.688   -3.420   -3.420   -0.116   -0.116
    8.094    8.094    9.553    9.553    9.629    9.630
            0.421333  0.424930  0.000000
  -15.507  -15.507  -14.483  -14.483   -9.676   -9.676   -3.425   -3.425   -0.114   -0.113
    8.077    8.077    9.551    9.551    9.625    9.625
            0.421667  0.424352  0.000000
  -15.510  -15.510  -14.486  -14.486   -9.664   -9.664   -3.429   -3.429   -0.111   -0.111
    8.060    8.060    9.549    9.549    9.620    9.620
            0.422000  0.423775  0.000000
  -15.513  -15.513  -14.489  -14.489   -9.653   -9.653   -3.434   -3.434   -0.109   -0.109
    8.043    8.043    9.547    9.547    9.615    9.616
            0.422333  0.423198  0.000000
  -15.517  -15.517  -14.492  -14.492   -9.641   -9.641   -3.438   -3.438   -0.107   -0.107
    8.026    8.026    9.545    9.545    9.611    9.611
            0.422667  0.422620  0.000000
  -15.520  -15.520  -14.494  -14.494   -9.630   -9.630   -3.442   -3.442   -0.105   -0.105
    8.010    8.010    9.542    9.543    9.606    9.606
            0.423000  0.422043  0.000000
  -15.523  -15.523  -14.497  -14.497   -9.618   -9.618   -3.447   -3.447   -0.103   -0.103
    7.993    7.993    9.540    9.540    9.602    9.602
            0.423333  0.421466  0.000000
  -15.526  -15.526  -14.500  -14.500   -9.606   -9.606   -3.451   -3.451   -0.100   -0.100
    7.976    7.976    9.538    9.538    9.597    9.597
            0.423667  0.420888  0.000000
  -15.529  -15.529  -14.503  -14.503   -9.595   -9.595   -3.456   -3.456   -0.098   -0.098
    7.960    7.960    9.535    9.536    9.592    9.593
            0.424000  0.420311  0.000000
  -15.532  -15.532  -14.506  -14.506   -9.583   -9.583   -3.460   -3.460   -0.096   -0.096
    7.943    7.943    9.533    9.533    9.588    9.588
            0.424333  0.419734  0.000000
  -15.535  -15.535  -14.508  -14.508   -9.572   -9.572   -3.464   -3.464   -0.094   -0.094
    7.926    7.926    9.531    9.531    9.583    9.583
            0.424667  0.419156  0.000000
  -15.538  -15.538  -14.511  -14.511   -9.560   -9.560   -3.469   -3.469   -0.092   -0.092
    7.910    7.910    9.528    9.528    9.579    9.579
            0.425000  0.418579  0.000000
  -15.541  -15.541  -14.514  -14.514   -9.549   -9.549   -3.473   -3.473   -0.090   -0.090
    7.893    7.893    9.526    9.526    9.574    9.574
            0.425333  0.418002  0.000000
  -15.544  -15.544  -14.517  -14.517   -9.537   -9.537   -3.477   -3.477   -0.088   -0.088
    7.877    7.877    9.523    9.523    9.570    9.570
            0.425667  0.417424  0.000000
  -15.547  -15.547  -14.519  -14.519   -9.526   -9.526   -3.482   -3.482   -0.086   -0.086
    7.860    7.860    9.521    9.521    9.565    9.566
            0.426000  0.416847  0.000000
  -15.550  -15.550  -14.522  -14.522   -9.514   -9.514   -3.486   -3.486   -0.084   -0.084
    7.844    7.844    9.518    9.518    9.561    9.561
            0.426333  0.416270  0.000000
  -15.553  -15.553  -14.525  -14.525   -9.503   -9.503   -3.490   -3.490   -0.082   -0.082
    7.828    7.828    9.516    9.516    9.557    9.557
            0.426667  0.415692  0.000000
  -15.556  -15.556  -14.528  -14.528   -9.492   -9.492   -3.494   -3.494   -0.080   -0.080
    7.811    7.811    9.513    9.513    9.552    9.552
            0.427000  0.415115  0.000000
  -15.559  -15.559  -14.530  -14.530   -9.480   -9.480   -3.498   -3.498   -0.078   -0.078
    7.795    7.795    9.510    9.511    9.548    9.548
            0.427333  0.414537  0.000000
  -15.562  -15.562  -14.533  -14.533   -9.469   -9.469   -3.503   -3.503   -0.076   -0.076
    7.779    7.779    9.508    9.508    9.543    9.544
            0.427667  0.413960  0.000000
  -15.565  -15.565  -14.536  -14.536   -9.458   -9.458   -3.507   -3.507   -0.074   -0.074
    7.762    7.762    9.505    9.505    9.539    9.539
            0.428000  0.413383  0.000000
  -15.568  -15.568  -14.538  -14.538   -9.446   -9.446   -3.511   -3.511   -0.073   -0.073
    7.746    7.746    9.503    9.503    9.535    9.535
            0.428333  0.412805  0.000000
  -15.571  -15.571  -14.541  -14.541   -9.435   -9.435   -3.515   -3.515   -0.071   -0.071
    7.730    7.730    9.500    9.500    9.530    9.531
            0.428667  0.412228  0.000000
  -15.574  -15.574  -14.544  -14.544   -9.424   -9.424   -3.519   -3.519   -0.069   -0.069
    7.714    7.714    9.497    9.497    9.526    9.526
            0.429000  0.411651  0.000000
  -15.577  -15.577  -14.546  -14.546   -9.413   -9.413   -3.523   -3.523   -0.067   -0.067
    7.698    7.698    9.494    9.495    9.522    9.522
            0.429333  0.411073  0.000000
  -15.579  -15.579  -14.549  -14.549   -9.402   -9.401   -3.527   -3.527   -0.065   -0.065
    7.682    7.682    9.492    9.492    9.518    9.518
            0.429667  0.410496  0.000000
  -15.582  -15.582  -14.552  -14.552   -9.390   -9.390   -3.531   -3.531   -0.063   -0.063
    7.666    7.666    9.489    9.489    9.513    9.514
            0.430000  0.409919  0.000000
  -15.585  -15.585  -14.554  -14.554   -9.379   -9.379   -3.535   -3.535   -0.062   -0.062
    7.650    7.650    9.486    9.486    9.509    9.509
            0.430333  0.409341  0.000000
  -15.588  -15.588  -14.557  -14.557   -9.368   -9.368   -3.539   -3.539   -0.060   -0.060
    7.634    7.634    9.483    9.484    9.505    9.505
            0.430667  0.408764  0.000000
  -15.591  -15.591  -14.560  -14.560   -9.357   -9.357   -3.543   -3.543   -0.058   -0.058
    7.618    7.618    9.481    9.481    9.501    9.501
            0.431000  0.408187  0.000000
  -15.594  -15.594  -14.562  -14.562   -9.346   -9.346   -3.547   -3.547   -0.056   -0.056
    7.602    7.603    9.478    9.478    9.497    9.497
            0.431333  0.407609  0.000000
  -15.596  -15.596  -14.565  -14.565   -9.335   -9.335   -3.551   -3.551   -0.055   -0.055
    7.587    7.587    9.475    9.475    9.493    9.493
            0.431667  0.407032  0.000000
  -15.599  -15.599  -14.567  -14.567   -9.324   -9.324   -3.555   -3.555   -0.053   -0.053
    7.571    7.571    9.472    9.472    9.488    9.489
            0.432000  0.406455  0.000000
  -15.602  -15.602  -14.570  -14.570   -9.313   -9.313   -3.559   -3.559   -0.051   -0.051
    7.555    7.555    9.470    9.470    9.484    9.484
            0.432333  0.405877  0.000000
  -15.605  -15.605  -14.572  -14.572   -9.302   -9.302   -3.563   -3.563   -0.050   -0.050
    7.540    7.540    9.467    9.467    9.480    9.480
            0.432667  0.405300  0.000000
  -15.607  -15.607  -14.575  -14.575   -9.291   -9.291   -3.567   -3.567   -0.048   -0.048
    7.524    7.524    9.464    9.464    9.476    9.476
            0.433000  0.404723  0.000000
  -15.610  -15.610  -14.577  -14.577   -9.280   -9.280   -3.571   -3.570   -0.046   -0.046
    7.509    7.509    9.461    9.461    9.472    9.472
            0.433333  0.404145  0.000000
  -15.613  -15.613  -14.580  -14.580   -9.269   -9.269   -3.574   -3.574   -0.045   -0.045
    7.493    7.493    9.458    9.458    9.468    9.468
            0.433667  0.403568  0.000000
  -15.615  -15.615  -14.582  -14.582   -9.258   -9.258   -3.578   -3.578   -0.043   -0.043
    7.478    7.478    9.455    9.455    9.464    9.464
            0.434000  0.402990  0.000000
  -15.618  -15.618  -14.585  -14.585   -9.248   -9.248   -3.582   -3.582   -0.042   -0.041
    7.462    7.462    9.453    9.453    9.460    9.460
            0.434333  0.402413  0.000000
  -15.621  -15.621  -14.587  -14.587   -9.237   -9.237   -3.586   -3.586   -0.040   -0.040
    7.447    7.447    9.450    9.450    9.456    9.456
            0.434667  0.401836  0.000000
  -15.623  -15.623  -14.590  -14.590   -9.226   -9.226   -3.589   -3.589   -0.038   -0.038
    7.432    7.432    9.447    9.447    9.452    9.452
            0.435000  0.401258  0.000000
  -15.626  -15.626  -14.592  -14.592   -9.215   -9.215   -3.593   -3.593   -0.037   -0.037
    7.416    7.416    9.444    9.444    9.448    9.448
            0.435333  0.400681  0.000000
  -15.629  -15.629  -14.595  -14.595   -9.205   -9.205   -3.597   -3.597   -0.035   -0.035
    7.401    7.401    9.441    9.441    9.444    9.444
            0.435667  0.400104  0.000000
  -15.631  -15.631  -14.597  -14.597   -9.194   -9.194   -3.601   -3.601   -0.034   -0.034
    7.386    7.386    9.438    9.438    9.440    9.441
            0.436000  0.399526  0.000000
  -15.634  -15.634  -14.600  -14.600   -9.183   -9.183   -3.604   -3.604   -0.032   -0.032
    7.371    7.371    9.435    9.435    9.437    9.437
            0.436333  0.398949  0.000000
  -15.636  -15.636  -14.602  -14.602   -9.173   -9.173   -3.608   -3.608   -0.031   -0.031
    7.356    7.356    9.432    9.433    9.433    9.433
            0.436667  0.398372  0.000000
  -15.639  -15.639  -14.605  -14.605   -9.162   -9.162   -3.612   -3.612   -0.029   -0.029
    7.341    7.341    9.429    9.429    9.430    9.430
            0.437000  0.397794  0.000000
  -15.642  -15.642  -14.607  -14.607   -9.152   -9.152   -3.615   -3.615   -0.028   -0.028
    7.326    7.326    9.425    9.425    9.427    9.427
            0.437333  0.397217  0.000000
  -15.644  -15.644  -14.609  -14.609   -9.141   -9.141   -3.619   -3.619   -0.026   -0.026
    7.311    7.311    9.421    9.421    9.424    9.424
            0.437667  0.396640  0.000000
  -15.647  -15.647  -14.612  -14.612   -9.131   -9.131   -3.622   -3.622   -0.025   -0.025
    7.296    7.296    9.417    9.418    9.421    9.421
            0.438000  0.396062  0.000000
  -15.649  -15.649  -14.614  -14.614   -9.120   -9.120   -3.626   -3.626   -0.024   -0.024
    7.281    7.281    9.414    9.414    9.418    9.418
            0.438333  0.395485  0.000000
  -15.652  -15.652  -14.616  -14.616   -9.110   -9.110   -3.629   -3.629   -0.022   -0.022
    7.267    7.267    9.410    9.410    9.415    9.416
            0.438667  0.394908  0.000000
  -15.654  -15.654  -14.619  -14.619   -9.099   -9.099   -3.633   -3.633   -0.021   -0.021
    7.252    7.252    9.406    9.406    9.413    9.413
            0.439000  0.394330  0.000000
  -15.657  -15.657  -14.621  -14.621   -9.089   -9.089   -3.637   -3.636   -0.019   -0.019
    7.237    7.237    9.403    9.403    9.410    9.410
            0.439333  0.393753  0.000000
  -15.659  -15.659  -14.623  -14.623   -9.079   -9.079   -3.640   -3.640   -0.018   -0.018
    7.223    7.223    9.399    9.399    9.407    9.407
            0.439667  0.393176  0.000000
  -15.662  -15.662  -14.626  -14.626   -9.069   -9.069   -3.643   -3.643   -0.017   -0.017
    7.208    7.208    9.395    9.395    9.404    9.404
            0.440000  0.392598  0.000000
  -15.664  -15.664  -14.628  -14.628   -9.058   -9.058   -3.647   -3.647   -0.015   -0.015
    7.194    7.194    9.392    9.392    9.401    9.401
            0.440333  0.392021  0.000000
  -15.666  -15.666  -14.630  -14.630   -9.048   -9.048   -3.650   -3.650   -0.014   -0.014
    7.179    7.179    9.388    9.388    9.398    9.399
            0.440667  0.391443  0.000000
  -15.669  -15.669  -14.633  -14.633   -9.038   -9.038   -3.654   -3.654   -0.013   -0.013
    7.165    7.165    9.384    9.384    9.396    9.396
            0.441000  0.390866  0.000000
  -15.671  -15.671  -14.635  -14.635   -9.028   -9.028   -3.657   -3.657   -0.011   -0.011
    7.151    7.151    9.381    9.381    9.393    9.393
            0.441333  0.390289  0.000000
  -15.674  -15.674  -14.637  -14.637   -9.018   -9.018   -3.661   -3.661   -0.010   -0.010
    7.136    7.136    9.377    9.377    9.390    9.390
            0.441667  0.389711  0.000000
  -15.676  -15.676  -14.639  -14.639   -9.008   -9.007   -3.664   -3.664   -0.009   -0.009
    7.122    7.122    9.374    9.374    9.387    9.387
            0.442000  0.389134  0.000000
  -15.678  -15.678  -14.642  -14.642   -8.997   -8.997   -3.667   -3.667   -0.008   -0.008
    7.108    7.108    9.370    9.370    9.384    9.384
            0.442333  0.388557  0.000000
  -15.681  -15.681  -14.644  -14.644   -8.987   -8.987   -3.671   -3.671   -0.006   -0.006
    7.094    7.094    9.367    9.367    9.382    9.382
            0.442667  0.387979  0.000000
  -15.683  -15.683  -14.646  -14.646   -8.977   -8.977   -3.674   -3.674   -0.005   -0.005
    7.080    7.080    9.363    9.363    9.379    9.379
            0.443000  0.387402  0.000000
  -15.685  -15.685  -14.648  -14.648   -8.968   -8.968   -3.677   -3.677   -0.004   -0.004
    7.066    7.066    9.360    9.360    9.376    9.376
            0.443333  0.386825  0.000000
  -15.688  -15.688  -14.650  -14.650   -8.958   -8.958   -3.680   -3.680   -0.003   -0.003
    7.052    7.052    9.356    9.356    9.373    9.373
            0.443667  0.386247  0.000000
  -15.690  -15.690  -14.653  -14.653   -8.948   -8.948   -3.684   -3.684   -0.001   -0.001
    7.038    7.038    9.353    9.353    9.370    9.371
            0.444000  0.385670  0.000000
  -15.692  -15.692  -14.655  -14.655   -8.938   -8.938   -3.687   -3.687   -0.000   -0.000
    7.024    7.024    9.349    9.350    9.368    9.368
            0.444333  0.385093  0.000000
  -15.694  -15.694  -14.657  -14.657   -8.928   -8.928   -3.690   -3.690    0.001    0.001
    7.011    7.011    9.346    9.346    9.365    9.365
            0.444667  0.384515  0.000000
  -15.697  -15.697  -14.659  -14.659   -8.918   -8.918   -3.693   -3.693    0.002    0.002
    6.997    6.997    9.343    9.343    9.362    9.362
            0.445000  0.383938  0.000000
  -15.699  -15.699  -14.661  -14.661   -8.909   -8.909   -3.696   -3.696    0.003    0.003
    6.983    6.983    9.339    9.339    9.360    9.360
            0.445333  0.383361  0.000000
  -15.701  -15.701  -14.663  -14.663   -8.899   -8.899   -3.700   -3.700    0.004    0.004
    6.970    6.970    9.336    9.336    9.357    9.357
            0.445667  0.382783  0.000000
  -15.703  -15.703  -14.665  -14.665   -8.889   -8.889   -3.703   -3.703    0.006    0.006
    6.956    6.956    9.333    9.333    9.354    9.354
            0.446000  0.382206  0.000000
  -15.705  -15.705  -14.667  -14.667   -8.880   -8.880   -3.706   -3.706    0.007    0.007
    6.943    6.943    9.329    9.329    9.351    9.351
            0.446333  0.381629  0.000000
  -15.708  -15.708  -14.670  -14.670   -8.870   -8.870   -3.709   -3.709    0.008    0.008
    6.929    6.929    9.326    9.326    9.349    9.349
            0.446667  0.381051  0.000000
  -15.710  -15.710  -14.672  -14.672   -8.861   -8.861   -3.712   -3.712    0.009    0.009
    6.916    6.916    9.323    9.323    9.346    9.346
            0.447000  0.380474  0.000000
  -15.712  -15.712  -14.674  -14.674   -8.851   -8.851   -3.715   -3.715    0.010    0.010
    6.903    6.903    9.320    9.320    9.343    9.343
            0.447333  0.379896  0.000000
  -15.714  -15.714  -14.676  -14.676   -8.842   -8.842   -3.718   -3.718    0.011    0.011
    6.889    6.889    9.316    9.316    9.341    9.341
            0.447667  0.379319  0.000000
  -15.716  -15.716  -14.678  -14.678   -8.832   -8.832   -3.721   -3.721    0.012    0.012
    6.876    6.876    9.313    9.313    9.338    9.338
            0.448000  0.378742  0.000000
  -15.718  -15.718  -14.680  -14.680   -8.823   -8.823   -3.724   -3.724    0.013    0.013
    6.863    6.863    9.310    9.310    9.335    9.335
            0.448333  0.378164  0.000000
  -15.720  -15.720  -14.682  -14.682   -8.814   -8.814   -3.727   -3.727    0.014    0.014
    6.850    6.850    9.307    9.307    9.333    9.333
            0.448667  0.377587  0.000000
  -15.722  -15.722  -14.684  -14.684   -8.804   -8.804   -3.730   -3.730    0.015    0.015
    6.837    6.837    9.304    9.304    9.330    9.330
            0.449000  0.377010  0.000000
  -15.725  -15.725  -14.686  -14.686   -8.795   -8.795   -3.733   -3.733    0.016    0.016
    6.824    6.824    9.301    9.301    9.327    9.328
            0.449333  0.376432  0.000000
  -15.727  -15.727  -14.688  -14.688   -8.786   -8.786   -3.736   -3.736    0.017    0.017
    6.811    6.811    9.298    9.298    9.325    9.325
            0.449667  0.375855  0.000000
  -15.729  -15.729  -14.690  -14.690   -8.777   -8.777   -3.739   -3.739    0.018    0.018
    6.799    6.799    9.294    9.295    9.322    9.322
            0.450000  0.375278  0.000000
  -15.731  -15.731  -14.692  -14.692   -8.768   -8.768   -3.742   -3.742    0.019    0.019
    6.786    6.786    9.291    9.292    9.320    9.320
            0.450333  0.374700  0.000000
  -15.733  -15.733  -14.694  -14.694   -8.759   -8.759   -3.744   -3.744    0.020    0.020
    6.773    6.773    9.288    9.288    9.317    9.317
            0.450667  0.374123  0.000000
  -15.735  -15.735  -14.696  -14.696   -8.750   -8.750   -3.747   -3.747    0.021    0.021
    6.761    6.761    9.285    9.285    9.315    9.315
            0.451000  0.373546  0.000000
  -15.737  -15.737  -14.697  -14.697   -8.741   -8.741   -3.750   -3.750    0.022    0.022
    6.748    6.748    9.282    9.282    9.312    9.312
            0.451333  0.372968  0.000000
  -15.739  -15.739  -14.699  -14.699   -8.732   -8.732   -3.753   -3.753    0.023    0.023
    6.736    6.736    9.279    9.279    9.310    9.310
            0.451667  0.372391  0.000000
  -15.741  -15.741  -14.701  -14.701   -8.723   -8.723   -3.756   -3.756    0.024    0.024
    6.723    6.723    9.276    9.277    9.307    9.307
            0.452000  0.371814  0.000000
  -15.743  -15.743  -14.703  -14.703   -8.714   -8.714   -3.758   -3.758    0.025    0.025
    6.711    6.711    9.274    9.274    9.304    9.305
            0.452333  0.371236  0.000000
  -15.745  -15.745  -14.705  -14.705   -8.705   -8.705   -3.761   -3.761    0.026    0.026
    6.699    6.699    9.271    9.271    9.302    9.302
            0.452667  0.370659  0.000000
  -15.746  -15.746  -14.707  -14.707   -8.696   -8.696   -3.764   -3.764    0.027    0.027
    6.687    6.687    9.268    9.268    9.300    9.300
            0.453000  0.370082  0.000000
  -15.748  -15.748  -14.709  -14.709   -8.688   -8.688   -3.767   -3.767    0.028    0.028
    6.675    6.675    9.265    9.265    9.297    9.297
            0.453333  0.369504  0.000000
  -15.750  -15.750  -14.710  -14.710   -8.679   -8.679   -3.769   -3.769    0.028    0.028
    6.662    6.662    9.262    9.262    9.295    9.295
            0.453667  0.368927  0.000000
  -15.752  -15.752  -14.712  -14.712   -8.670   -8.670   -3.772   -3.772    0.029    0.029
    6.650    6.650    9.259    9.259    9.292    9.292
            0.454000  0.368349  0.000000
  -15.754  -15.754  -14.714  -14.714   -8.662   -8.662   -3.775   -3.775    0.030    0.030
    6.639    6.639    9.256    9.256    9.290    9.290
            0.454333  0.367772  0.000000
  -15.756  -15.756  -14.716  -14.716   -8.653   -8.653   -3.777   -3.777    0.031    0.031
    6.627    6.627    9.254    9.254    9.287    9.287
            0.454667  0.367195  0.000000
  -15.758  -15.758  -14.718  -14.718   -8.645   -8.645   -3.780   -3.780    0.032    0.032
    6.615    6.615    9.251    9.251    9.285    9.285
            0.455000  0.366617  0.000000
  -15.759  -15.759  -14.719  -14.719   -8.636   -8.636   -3.782   -3.782    0.033    0.033
    6.603    6.603    9.248    9.248    9.283    9.283
            0.455333  0.366040  0.000000
  -15.761  -15.761  -14.721  -14.721   -8.628   -8.628   -3.785   -3.785    0.033    0.033
    6.592    6.592    9.245    9.245    9.280    9.280
            0.455667  0.365463  0.000000
  -15.763  -15.763  -14.723  -14.723   -8.620   -8.620   -3.788   -3.788    0.034    0.034
    6.580    6.580    9.243    9.243    9.278    9.278
            0.456000  0.364885  0.000000
  -15.765  -15.765  -14.725  -14.725   -8.611   -8.611   -3.790   -3.790    0.035    0.035
    6.568    6.568    9.240    9.240    9.275    9.275
            0.456333  0.364308  0.000000
  -15.767  -15.767  -14.726  -14.726   -8.603   -8.603   -3.793   -3.793    0.036    0.036
    6.557    6.557    9.237    9.237    9.273    9.273
            0.456667  0.363731  0.000000
  -15.768  -15.768  -14.728  -14.728   -8.595   -8.595   -3.795   -3.795    0.037    0.037
    6.546    6.546    9.234    9.235    9.271    9.271
            0.457000  0.363153  0.000000
  -15.770  -15.770  -14.730  -14.730   -8.587   -8.587   -3.798   -3.798    0.037    0.037
    6.534    6.534    9.232    9.232    9.269    9.269
            0.457333  0.362576  0.000000
  -15.772  -15.772  -14.731  -14.731   -8.579   -8.579   -3.800   -3.800    0.038    0.038
    6.523    6.523    9.229    9.229    9.266    9.266
            0.457667  0.361999  0.000000
  -15.774  -15.774  -14.733  -14.733   -8.571   -8.571   -3.803   -3.802    0.039    0.039
    6.512    6.512    9.227    9.227    9.264    9.264
            0.458000  0.361421  0.000000
  -15.775  -15.775  -14.735  -14.735   -8.563   -8.563   -3.805   -3.805    0.040    0.040
    6.501    6.501    9.224    9.224    9.262    9.262
            0.458333  0.360844  0.000000
  -15.777  -15.777  -14.736  -14.736   -8.555   -8.555   -3.807   -3.807    0.040    0.040
    6.490    6.490    9.222    9.222    9.259    9.260
            0.458667  0.360267  0.000000
  -15.779  -15.779  -14.738  -14.738   -8.547   -8.547   -3.810   -3.810    0.041    0.041
    6.479    6.479    9.219    9.219    9.257    9.257
            0.459000  0.359689  0.000000
  -15.780  -15.780  -14.740  -14.740   -8.539   -8.539   -3.812   -3.812    0.042    0.042
    6.468    6.468    9.216    9.217    9.255    9.255
            0.459333  0.359112  0.000000
  -15.782  -15.782  -14.741  -14.741   -8.531   -8.531   -3.814   -3.814    0.043    0.043
    6.457    6.457    9.214    9.214    9.253    9.253
            0.459667  0.358535  0.000000
  -15.784  -15.784  -14.743  -14.743   -8.523   -8.523   -3.817   -3.817    0.043    0.043
    6.447    6.447    9.211    9.212    9.251    9.251
            0.460000  0.357957  0.000000
  -15.785  -15.785  -14.744  -14.744   -8.516   -8.516   -3.819   -3.819    0.044    0.044
    6.436    6.436    9.209    9.209    9.249    9.249
            0.460333  0.357380  0.000000
  -15.787  -15.787  -14.746  -14.746   -8.508   -8.508   -3.821   -3.821    0.045    0.045
    6.425    6.425    9.207    9.207    9.246    9.246
            0.460667  0.356802  0.000000
  -15.788  -15.788  -14.748  -14.748   -8.500   -8.500   -3.824   -3.824    0.045    0.045
    6.415    6.415    9.204    9.204    9.244    9.244
            0.461000  0.356225  0.000000
  -15.790  -15.790  -14.749  -14.749   -8.493   -8.493   -3.826   -3.826    0.046    0.046
    6.404    6.404    9.202    9.202    9.242    9.242
            0.461333  0.355648  0.000000
  -15.792  -15.792  -14.751  -14.751   -8.485   -8.485   -3.828   -3.828    0.047    0.047
    6.394    6.394    9.199    9.199    9.240    9.240
            0.461667  0.355070  0.000000
  -15.793  -15.793  -14.752  -14.752   -8.478   -8.478   -3.830   -3.830    0.047    0.047
    6.384    6.384    9.197    9.197    9.238    9.238
            0.462000  0.354493  0.000000
  -15.795  -15.795  -14.754  -14.754   -8.470   -8.470   -3.833   -3.832    0.048    0.048
    6.374    6.374    9.195    9.195    9.236    9.236
            0.462333  0.353916  0.000000
  -15.796  -15.796  -14.755  -14.755   -8.463   -8.463   -3.835   -3.835    0.049    0.049
    6.364    6.364    9.192    9.192    9.234    9.234
            0.462667  0.353338  0.000000
  -15.798  -15.798  -14.757  -14.757   -8.456   -8.456   -3.837   -3.837    0.049    0.049
    6.354    6.354    9.190    9.190    9.232    9.232
            0.463000  0.352761  0.000000
  -15.799  -15.799  -14.758  -14.758   -8.448   -8.448   -3.839   -3.839    0.050    0.050
    6.344    6.344    9.188    9.188    9.230    9.230
            0.463333  0.352184  0.000000
  -15.801  -15.801  -14.760  -14.760   -8.441   -8.441   -3.841   -3.841    0.051    0.051
    6.334    6.334    9.186    9.186    9.228    9.228
            0.463667  0.351606  0.000000
  -15.802  -15.802  -14.761  -14.761   -8.434   -8.434   -3.843   -3.843    0.051    0.051
    6.324    6.324    9.183    9.183    9.226    9.226
            0.464000  0.351029  0.000000
  -15.804  -15.804  -14.762  -14.762   -8.427   -8.427   -3.845   -3.845    0.052    0.052
    6.314    6.314    9.181    9.181    9.224    9.224
            0.464333  0.350452  0.000000
  -15.805  -15.805  -14.764  -14.764   -8.420   -8.420   -3.847   -3.847    0.052    0.052
    6.304    6.304    9.179    9.179    9.222    9.222
            0.464667  0.349874  0.000000
  -15.807  -15.807  -14.765  -14.765   -8.413   -8.413   -3.849   -3.849    0.053    0.053
    6.295    6.295    9.177    9.177    9.220    9.220
            0.465000  0.349297  0.000000
  -15.808  -15.808  -14.767  -14.767   -8.406   -8.406   -3.851   -3.851    0.053    0.053
    6.285    6.285    9.175    9.175    9.218    9.218
            0.465333  0.348720  0.000000
  -15.809  -15.809  -14.768  -14.768   -8.399   -8.399   -3.853   -3.853    0.054    0.054
    6.276    6.276    9.172    9.173    9.216    9.216
            0.465667  0.348142  0.000000
  -15.811  -15.811  -14.769  -14.769   -8.392   -8.392   -3.855   -3.855    0.055    0.055
    6.267    6.267    9.170    9.170    9.214    9.214
            0.466000  0.347565  0.000000
  -15.812  -15.812  -14.771  -14.771   -8.386   -8.386   -3.857   -3.857    0.055    0.055
    6.257    6.257    9.168    9.168    9.212    9.212
            0.466333  0.346988  0.000000
  -15.814  -15.814  -14.772  -14.772   -8.379   -8.379   -3.859   -3.859    0.056    0.056
    6.248    6.248    9.166    9.166    9.210    9.210
            0.466667  0.346410  0.000000
  -15.815  -15.815  -14.773  -14.773   -8.372   -8.372   -3.861   -3.861    0.056    0.056
    6.239    6.239    9.164    9.164    9.209    9.209
            0.467000  0.345833  0.000000
  -15.816  -15.816  -14.775  -14.775   -8.366   -8.366   -3.863   -3.863    0.057    0.057
    6.230    6.230    9.162    9.162    9.207    9.207
            0.467333  0.345255  0.000000
  -15.818  -15.818  -14.776  -14.776   -8.359   -8.359   -3.865   -3.865    0.057    0.057
    6.221    6.221    9.160    9.160    9.205    9.205
            0.467667  0.344678  0.000000
  -15.819  -15.819  -14.777  -14.777   -8.353   -8.353   -3.867   -3.867    0.058    0.058
    6.212    6.212    9.158    9.158    9.203    9.203
            0.468000  0.344101  0.000000
  -15.820  -15.820  -14.779  -14.779   -8.346   -8.346   -3.869   -3.869    0.058    0.058
    6.203    6.204    9.156    9.156    9.201    9.201
            0.468333  0.343523  0.000000
  -15.822  -15.822  -14.780  -14.780   -8.340   -8.340   -3.871   -3.871    0.059    0.059
    6.195    6.195    9.154    9.154    9.200    9.200
            0.468667  0.342946  0.000000
  -15.823  -15.823  -14.781  -14.781   -8.334   -8.334   -3.872   -3.872    0.059    0.059
    6.186    6.186    9.152    9.152    9.198    9.198
            0.469000  0.342369  0.000000
  -15.824  -15.824  -14.782  -14.782   -8.328   -8.328   -3.874   -3.874    0.060    0.060
    6.178    6.178    9.150    9.150    9.196    9.196
            0.469333  0.341791  0.000000
  -15.825  -15.825  -14.784  -14.784   -8.321   -8.321   -3.876   -3.876    0.060    0.060
    6.169    6.169    9.148    9.149    9.194    9.194
            0.469667  0.341214  0.000000
  -15.827  -15.827  -14.785  -14.785   -8.315   -8.315   -3.878   -3.878    0.061    0.061
    6.161    6.161    9.147    9.147    9.193    9.193
            0.470000  0.340637  0.000000
  -15.828  -15.828  -14.786  -14.786   -8.309   -8.309   -3.879   -3.879    0.061    0.061
    6.153    6.153    9.145    9.145    9.191    9.191
            0.470333  0.340059  0.000000
  -15.829  -15.829  -14.787  -14.787   -8.303   -8.303   -3.881   -3.881    0.062    0.062
    6.144    6.144    9.143    9.143    9.189    9.189
            0.470667  0.339482  0.000000
  -15.830  -15.830  -14.788  -14.788   -8.297   -8.297   -3.883   -3.883    0.062    0.062
    6.136    6.136    9.141    9.141    9.188    9.188
            0.471000  0.338905  0.000000
  -15.831  -15.831  -14.789  -14.789   -8.291   -8.291   -3.884   -3.884    0.063    0.063
    6.128    6.128    9.139    9.139    9.186    9.186
            0.471333  0.338327  0.000000
  -15.832  -15.832  -14.791  -14.791   -8.285   -8.285   -3.886   -3.886    0.063    0.063
    6.120    6.120    9.138    9.138    9.185    9.185
            0.471667  0.337750  0.000000
  -15.834  -15.834  -14.792  -14.792   -8.280   -8.280   -3.888   -3.888    0.064    0.064
    6.112    6.112    9.136    9.136    9.183    9.183
            0.472000  0.337173  0.000000
  -15.835  -15.835  -14.793  -14.793   -8.274   -8.274   -3.889   -3.889    0.064    0.064
    6.105    6.105    9.134    9.134    9.181    9.181
            0.472333  0.336595  0.000000
  -15.836  -15.836  -14.794  -14.794   -8.268   -8.268   -3.891   -3.891    0.064    0.064
    6.097    6.097    9.132    9.132    9.180    9.180
            0.472667  0.336018  0.000000
  -15.837  -15.837  -14.795  -14.795   -8.263   -8.263   -3.893   -3.893    0.065    0.065
    6.089    6.089    9.131    9.131    9.178    9.178
            0.473000  0.335441  0.000000
  -15.838  -15.838  -14.796  -14.796   -8.257   -8.257   -3.894   -3.894    0.065    0.065
    6.082    6.082    9.129    9.129    9.177    9.177
            0.473333  0.334863  0.000000
  -15.839  -15.839  -14.797  -14.797   -8.252   -8.252   -3.896   -3.896    0.066    0.066
    6.074    6.074    9.127    9.127    9.175    9.175
            0.473667  0.334286  0.000000
  -15.840  -15.840  -14.798  -14.798   -8.246   -8.246   -3.897   -3.897    0.066    0.066
    6.067    6.067    9.126    9.126    9.174    9.174
            0.474000  0.333708  0.000000
  -15.841  -15.841  -14.799  -14.799   -8.241   -8.241   -3.899   -3.899    0.066    0.066
    6.060    6.060    9.124    9.124    9.172    9.172
            0.474333  0.333131  0.000000
  -15.842  -15.842  -14.800  -14.800   -8.236   -8.236   -3.900   -3.900    0.067    0.067
    6.052    6.052    9.123    9.123    9.171    9.171
            0.474667  0.332554  0.000000
  -15.843  -15.843  -14.801  -14.801   -8.231   -8.231   -3.902   -3.902    0.067    0.067
    6.045    6.045    9.121    9.121    9.170    9.170
            0.475000  0.331976  0.000000
  -15.844  -15.844  -14.802  -14.802   -8.225   -8.225   -3.903   -3.903    0.068    0.068
    6.038    6.038    9.119    9.119    9.168    9.168
            0.475333  0.331399  0.000000
  -15.845  -15.845  -14.803  -14.803   -8.220   -8.220   -3.905   -3.905    0.068    0.068
    6.031    6.031    9.118    9.118    9.167    9.167
            0.475667  0.330822  0.000000
  -15.846  -15.846  -14.804  -14.804   -8.215   -8.215   -3.906   -3.906    0.068    0.068
    6.025    6.025    9.116    9.116    9.165    9.165
            0.476000  0.330244  0.000000
  -15.847  -15.847  -14.805  -14.805   -8.210   -8.210   -3.907   -3.907    0.069    0.069
    6.018    6.018    9.115    9.115    9.164    9.164
            0.476333  0.329667  0.000000
  -15.848  -15.848  -14.806  -14.806   -8.205   -8.205   -3.909   -3.909    0.069    0.069
    6.011    6.011    9.113    9.113    9.163    9.163
            0.476667  0.329090  0.000000
  -15.849  -15.849  -14.807  -14.807   -8.201   -8.201   -3.910   -3.910    0.069    0.069
    6.005    6.005    9.112    9.112    9.161    9.161
            0.477000  0.328512  0.000000
  -15.850  -15.850  -14.808  -14.808   -8.196   -8.196   -3.911   -3.911    0.070    0.070
    5.998    5.998    9.111    9.111    9.160    9.160
            0.477333  0.327935  0.000000
  -15.851  -15.851  -14.809  -14.809   -8.191   -8.191   -3.913   -3.913    0.070    0.070
    5.992    5.992    9.109    9.109    9.159    9.159
            0.477667  0.327358  0.000000
  -15.852  -15.852  -14.810  -14.810   -8.186   -8.186   -3.914   -3.914    0.070    0.070
    5.985    5.985    9.108    9.108    9.158    9.158
            0.478000  0.326780  0.000000
  -15.853  -15.853  -14.811  -14.811   -8.182   -8.182   -3.915   -3.915    0.071    0.071
    5.979    5.979    9.106    9.106    9.156    9.156
            0.478333  0.326203  0.000000
  -15.854  -15.854  -14.812  -14.812   -8.177   -8.177   -3.917   -3.917    0.071    0.071
    5.973    5.973    9.105    9.105    9.155    9.155
            0.478667  0.325626  0.000000
  -15.855  -15.855  -14.813  -14.813   -8.173   -8.173   -3.918   -3.918    0.071    0.071
    5.967    5.967    9.104    9.104    9.154    9.154
            0.479000  0.325048  0.000000
  -15.856  -15.856  -14.813  -14.813   -8.169   -8.169   -3.919   -3.919    0.072    0.072
    5.961    5.961    9.102    9.102    9.153    9.153
            0.479333  0.324471  0.000000
  -15.856  -15.856  -14.814  -14.814   -8.164   -8.164   -3.920   -3.920    0.072    0.072
    5.955    5.955    9.101    9.101    9.151    9.152
            0.479667  0.323894  0.000000
  -15.857  -15.857  -14.815  -14.815   -8.160   -8.160   -3.921   -3.921    0.072    0.072
    5.949    5.949    9.100    9.100    9.150    9.150
            0.480000  0.323316  0.000000
  -15.858  -15.858  -14.816  -14.816   -8.156   -8.156   -3.923   -3.923    0.072    0.072
    5.944    5.944    9.099    9.099    9.149    9.149
            0.480333  0.322739  0.000000
  -15.859  -15.859  -14.817  -14.817   -8.152   -8.152   -3.924   -3.924    0.073    0.073
    5.938    5.938    9.097    9.097    9.148    9.148
            0.480667  0.322161  0.000000
  -15.860  -15.860  -14.817  -14.817   -8.148   -8.148   -3.925   -3.925    0.073    0.073
    5.932    5.932    9.096    9.096    9.147    9.147
            0.481000  0.321584  0.000000
  -15.860  -15.860  -14.818  -14.818   -8.144   -8.144   -3.926   -3.926    0.073    0.073
    5.927    5.927    9.095    9.095    9.146    9.146
            0.481333  0.321007  0.000000
  -15.861  -15.861  -14.819  -14.819   -8.140   -8.140   -3.927   -3.927    0.074    0.074
    5.922    5.922    9.094    9.094    9.145    9.145
            0.481667  0.320429  0.000000
  -15.862  -15.862  -14.820  -14.820   -8.136   -8.136   -3.928   -3.928    0.074    0.074
    5.916    5.916    9.093    9.093    9.144    9.144
            0.482000  0.319852  0.000000
  -15.863  -15.863  -14.820  -14.820   -8.132   -8.132   -3.929   -3.929    0.074    0.074
    5.911    5.911    9.092    9.092    9.143    9.143
            0.482333  0.319275  0.000000
  -15.863  -15.863  -14.821  -14.821   -8.128   -8.128   -3.930   -3.930    0.074    0.074
    5.906    5.906    9.091    9.091    9.142    9.142
            0.482667  0.318697  0.000000
  -15.864  -15.864  -14.822  -14.822   -8.125   -8.125   -3.931   -3.931    0.075    0.075
    5.901    5.901    9.089    9.090    9.141    9.141
            0.483000  0.318120  0.000000
  -15.865  -15.865  -14.822  -14.822   -8.121   -8.121   -3.932   -3.932    0.075    0.075
    5.896    5.896    9.088    9.088    9.140    9.140
            0.483333  0.317543  0.000000
  -15.866  -15.866  -14.823  -14.823   -8.117   -8.117   -3.933   -3.933    0.075    0.075
    5.892    5.892    9.087    9.087    9.139    9.139
            0.483667  0.316965  0.000000
  -15.866  -15.866  -14.824  -14.824   -8.114   -8.114   -3.934   -3.934    0.075    0.075
    5.887    5.887    9.086    9.086    9.138    9.138
            0.484000  0.316388  0.000000
  -15.867  -15.867  -14.824  -14.824   -8.111   -8.111   -3.935   -3.935    0.076    0.076
    5.882    5.882    9.085    9.085    9.137    9.137
            0.484333  0.315811  0.000000
  -15.867  -15.867  -14.825  -14.825   -8.107   -8.107   -3.936   -3.936    0.076    0.076
    5.878    5.878    9.084    9.084    9.136    9.136
            0.484667  0.315233  0.000000
  -15.868  -15.868  -14.826  -14.826   -8.104   -8.104   -3.937   -3.937    0.076    0.076
    5.873    5.873    9.083    9.083    9.135    9.135
            0.485000  0.314656  0.000000
  -15.869  -15.869  -14.826  -14.826   -8.101   -8.101   -3.938   -3.938    0.076    0.076
    5.869    5.869    9.083    9.083    9.134    9.134
            0.485333  0.314079  0.000000
  -15.869  -15.869  -14.827  -14.827   -8.098   -8.098   -3.938   -3.938    0.076    0.076
    5.865    5.865    9.082    9.082    9.134    9.134
            0.485667  0.313501  0.000000
  -15.870  -15.870  -14.827  -14.827   -8.095   -8.095   -3.939   -3.939    0.077    0.077
    5.861    5.861    9.081    9.081    9.133    9.133
            0.486000  0.312924  0.000000
  -15.870  -15.870  -14.828  -14.828   -8.092   -8.092   -3.940   -3.940    0.077    0.077
    5.857    5.857    9.080    9.080    9.132    9.132
            0.486333  0.312346  0.000000
  -15.871  -15.871  -14.829  -14.829   -8.089   -8.089   -3.941   -3.941    0.077    0.077
    5.853    5.853    9.079    9.079    9.131    9.131
            0.486667  0.311769  0.000000
  -15.872  -15.872  -14.829  -14.829   -8.086   -8.086   -3.942   -3.942    0.077    0.077
    5.849    5.849    9.078    9.078    9.130    9.130
            0.487000  0.311192  0.000000
  -15.872  -15.872  -14.830  -14.830   -8.083   -8.083   -3.942   -3.942    0.077    0.077
    5.845    5.845    9.077    9.077    9.130    9.130
            0.487333  0.310614  0.000000
  -15.873  -15.873  -14.830  -14.830   -8.080   -8.080   -3.943   -3.943    0.077    0.077
    5.841    5.841    9.077    9.077    9.129    9.129
            0.487667  0.310037  0.000000
  -15.873  -15.873  -14.831  -14.831   -8.078   -8.078   -3.944   -3.944    0.078    0.078
    5.838    5.838    9.076    9.076    9.128    9.128
            0.488000  0.309460  0.000000
  -15.874  -15.874  -14.831  -14.831   -8.075   -8.075   -3.945   -3.945    0.078    0.078
    5.834    5.834    9.075    9.075    9.128    9.128
            0.488333  0.308882  0.000000
  -15.874  -15.874  -14.832  -14.832   -8.073   -8.073   -3.945   -3.945    0.078    0.078
    5.831    5.831    9.074    9.074    9.127    9.127
            0.488667  0.308305  0.000000
  -15.875  -15.875  -14.832  -14.832   -8.070   -8.070   -3.946   -3.946    0.078    0.078
    5.828    5.828    9.074    9.074    9.126    9.126
            0.489000  0.307728  0.000000
  -15.875  -15.875  -14.833  -14.833   -8.068   -8.068   -3.947   -3.947    0.078    0.078
    5.824    5.824    9.073    9.073    9.126    9.126
            0.489333  0.307150  0.000000
  -15.875  -15.875  -14.833  -14.833   -8.066   -8.066   -3.947   -3.947    0.078    0.078
    5.821    5.821    9.072    9.072    9.125    9.125
            0.489667  0.306573  0.000000
  -15.876  -15.876  -14.833  -14.833   -8.063   -8.063   -3.948   -3.948    0.079    0.079
    5.818    5.818    9.072    9.072    9.124    9.124
            0.490000  0.305996  0.000000
  -15.876  -15.876  -14.834  -14.834   -8.061   -8.061   -3.948   -3.948    0.079    0.079
    5.815    5.815    9.071    9.071    9.124    9.124
            0.490333  0.305418  0.000000
  -15.877  -15.877  -14.834  -14.834   -8.059   -8.059   -3.949   -3.949    0.079    0.079
    5.813    5.813    9.070    9.070    9.123    9.123
            0.490667  0.304841  0.000000
  -15.877  -15.877  -14.835  -14.835   -8.057   -8.057   -3.950   -3.950    0.079    0.079
    5.810    5.810    9.070    9.070    9.123    9.123
            0.491000  0.304264  0.000000
  -15.877  -15.877  -14.835  -14.835   -8.055   -8.055   -3.950   -3.950    0.079    0.079
    5.807    5.807    9.069    9.069    9.122    9.122
            0.491333  0.303686  0.000000
  -15.878  -15.878  -14.835  -14.835   -8.053   -8.053   -3.951   -3.951    0.079    0.079
    5.805    5.805    9.069    9.069    9.122    9.122
            0.491667  0.303109  0.000000
  -15.878  -15.878  -14.836  -14.836   -8.051   -8.051   -3.951   -3.951    0.079    0.079
    5.802    5.802    9.068    9.068    9.121    9.121
            0.492000  0.302532  0.000000
  -15.878  -15.878  -14.836  -14.836   -8.050   -8.050   -3.952   -3.952    0.079    0.079
    5.800    5.800    9.068    9.068    9.121    9.121
            0.492333  0.301954  0.000000
  -15.879  -15.879  -14.836  -14.836   -8.048   -8.048   -3.952   -3.952    0.080    0.080
    5.798    5.798    9.067    9.067    9.120    9.120
            0.492667  0.301377  0.000000
  -15.879  -15.879  -14.837  -14.837   -8.046   -8.046   -3.952   -3.952    0.080    0.080
    5.795    5.795    9.067    9.067    9.120    9.120
            0.493000  0.300799  0.000000
  -15.879  -15.879  -14.837  -14.837   -8.045   -8.045   -3.953   -3.953    0.080    0.080
    5.793    5.793    9.066    9.066    9.119    9.119
            0.493333  0.300222  0.000000
  -15.880  -15.880  -14.837  -14.837   -8.043   -8.043   -3.953   -3.953    0.080    0.080
    5.791    5.791    9.066    9.066    9.119    9.119
            0.493667  0.299645  0.000000
  -15.880  -15.880  -14.837  -14.837   -8.042   -8.042   -3.954   -3.954    0.080    0.080
    5.790    5.790    9.065    9.065    9.119    9.119
            0.494000  0.299067  0.000000
  -15.880  -15.880  -14.838  -14.838   -8.041   -8.041   -3.954   -3.954    0.080    0.080
    5.788    5.788    9.065    9.065    9.118    9.118
            0.494333  0.298490  0.000000
  -15.880  -15.880  -14.838  -14.838   -8.039   -8.039   -3.954   -3.954    0.080    0.080
    5.786    5.786    9.065    9.065    9.118    9.118
            0.494667  0.297913  0.000000
  -15.881  -15.881  -14.838  -14.838   -8.038   -8.038   -3.955   -3.955    0.080    0.080
    5.784    5.784    9.064    9.064    9.118    9.118
            0.495000  0.297335  0.000000
  -15.881  -15.881  -14.838  -14.838   -8.037   -8.037   -3.955   -3.955    0.080    0.080
    5.783    5.783    9.064    9.064    9.117    9.117
            0.495333  0.296758  0.000000
  -15.881  -15.881  -14.839  -14.839   -8.036   -8.036   -3.955   -3.955    0.080    0.080
    5.782    5.782    9.064    9.064    9.117    9.117
            0.495667  0.296181  0.000000
  -15.881  -15.881  -14.839  -14.839   -8.035   -8.035   -3.955   -3.955    0.080    0.080
    5.780    5.780    9.064    9.064    9.117    9.117
            0.496000  0.295603  0.000000
  -15.881  -15.881  -14.839  -14.839   -8.034   -8.034   -3.956   -3.956    0.080    0.080
    5.779    5.779    9.063    9.063    9.117    9.117
            0.496333  0.295026  0.000000
  -15.882  -15.882  -14.839  -14.839   -8.033   -8.033   -3.956   -3.956    0.080    0.080
    5.778    5.778    9.063    9.063    9.116    9.116
            0.496667  0.294449  0.000000
  -15.882  -15.882  -14.839  -14.839   -8.033   -8.033   -3.956   -3.956    0.081    0.081
    5.777    5.777    9.063    9.063    9.116    9.116
            0.497000  0.293871  0.000000
  -15.882  -15.882  -14.839  -14.839   -8.032   -8.032   -3.956   -3.956    0.081    0.081
    5.776    5.776    9.063    9.063    9.116    9.116
            0.497333  0.293294  0.000000
  -15.882  -15.882  -14.839  -14.839   -8.031   -8.031   -3.956   -3.956    0.081    0.081
    5.775    5.775    9.062    9.062    9.116    9.116
            0.497667  0.292717  0.000000
  -15.882  -15.882  -14.840  -14.840   -8.031   -8.031   -3.957   -3.957    0.081    0.081
    5.775    5.775    9.062    9.062    9.116    9.116
            0.498000  0.292139  0.000000
  -15.882  -15.882  -14.840  -14.840   -8.030   -8.030   -3.957   -3.957    0.081    0.081
    5.774    5.774    9.062    9.062    9.116    9.116
            0.498333  0.291562  0.000000
  -15.882  -15.882  -14.840  -14.840   -8.030   -8.030   -3.957   -3.957    0.081    0.081
    5.773    5.773    9.062    9.062    9.115    9.115
            0.498667  0.290985  0.000000
  -15.882  -15.882  -14.840  -14.840   -8.030   -8.030   -3.957   -3.957    0.081    0.081
    5.773    5.773    9.062    9.062    9.115    9.115
            0.499000  0.290407  0.000000
  -15.882  -15.882  -14.840  -14.840   -8.030   -8.030   -3.957   -3.957    0.081    0.081
    5.773    5.773    9.062    9.062    9.115    9.115
            0.499333  0.289830  0.000000
  -15.882  -15.882  -14.840  -14.840   -8.029   -8.029   -3.957   -3.957    0.081    0.081
    5.772    5.772    9.062    9.062    9.115    9.115
            0.499667  0.289252  0.000000
  -15.882  -15.882  -14.840  -14.840   -8.029   -8.029   -3.957   -3.957    0.081    0.081
    5.772    5.772    9.062    9.062    9.115    9.115
            0.500000  0.288675  0.000000
  -15.882  -15.882  -14.840  -14.840   -8.029   -8.029   -3.957   -3.957    0.081    0.081
    5.772    5.772    9.062    9.062    9.115    9.115
            0.499000  0.288098  0.000000
  -15.883  -15.883  -14.839  -14.839   -8.029   -8.029   -3.957   -3.957    0.081    0.081
    5.772    5.772    9.047    9.047    9.130    9.130
            0.498000  0.287520  0.000000
  -15.884  -15.884  -14.838  -14.838   -8.029   -8.029   -3.958   -3.958    0.082    0.082
    5.772    5.772    9.020    9.020    9.157    9.157
            0.497000  0.286943  0.000000
  -15.886  -15.886  -14.836  -14.836   -8.029   -8.029   -3.958   -3.958    0.082    0.082
    5.772    5.772    8.990    8.990    9.187    9.188
            0.496000  0.286366  0.000000
  -15.889  -15.889  -14.832  -14.832   -8.029   -8.029   -3.960   -3.960    0.084    0.084
    5.772    5.772    8.959    8.959    9.218    9.218
            0.495000  0.285788  0.000000
  -15.893  -15.893  -14.828  -14.828   -8.029   -8.029   -3.961   -3.961    0.086    0.086
    5.772    5.772    8.928    8.929    9.249    9.250
            0.494000  0.285211  0.000000
  -15.898  -15.898  -14.823  -14.823   -8.028   -8.028   -3.963   -3.963    0.088    0.088
    5.773    5.773    8.897    8.898    9.281    9.281
            0.493000  0.284634  0.000000
  -15.904  -15.904  -14.817  -14.817   -8.028   -8.028   -3.965   -3.965    0.090    0.090
    5.773    5.773    8.866    8.866    9.312    9.313
            0.492000  0.284056  0.000000
  -15.910  -15.910  -14.810  -14.810   -8.028   -8.028   -3.967   -3.967    0.093    0.093
    5.773    5.773    8.835    8.835    9.344    9.344
            0.491000  0.283479  0.000000
  -15.917  -15.917  -14.802  -14.802   -8.027   -8.027   -3.970   -3.970    0.096    0.096
    5.773    5.773    8.804    8.804    9.375    9.376
            0.490000  0.282902  0.000000
  -15.925  -15.925  -14.793  -14.793   -8.027   -8.027   -3.973   -3.973    0.100    0.100
    5.773    5.773    8.773    8.773    9.407    9.407
            0.489000  0.282324  0.000000
  -15.934  -15.934  -14.784  -14.784   -8.026   -8.026   -3.976   -3.976    0.104    0.104
    5.774    5.774    8.742    8.742    9.438    9.438
            0.488000  0.281747  0.000000
  -15.943  -15.943  -14.774  -14.774   -8.026   -8.026   -3.979   -3.979    0.108    0.108
    5.774    5.774    8.711    8.711    9.468    9.469
            0.487000  0.281170  0.000000
  -15.953  -15.953  -14.763  -14.763   -8.025   -8.025   -3.983   -3.983    0.113    0.113
    5.774    5.774    8.680    8.680    9.497    9.497
            0.486000  0.280592  0.000000
  -15.963  -15.963  -14.752  -14.752   -8.025   -8.025   -3.987   -3.987    0.118    0.118
    5.775    5.775    8.649    8.649    9.521    9.521
            0.485000  0.280015  0.000000
  -15.974  -15.974  -14.740  -14.740   -8.024   -8.024   -3.992   -3.992    0.124    0.124
    5.775    5.775    8.618    8.618    9.527    9.527
            0.484000  0.279438  0.000000
  -15.986  -15.986  -14.727  -14.727   -8.023   -8.023   -3.997   -3.997    0.130    0.130
    5.775    5.775    8.587    8.587    9.510    9.510
            0.483000  0.278860  0.000000
  -15.998  -15.998  -14.714  -14.714   -8.022   -8.022   -4.002   -4.002    0.136    0.136
    5.776    5.776    8.556    8.556    9.484    9.484
            0.482000  0.278283  0.000000
  -16.010  -16.010  -14.701  -14.700   -8.022   -8.022   -4.007   -4.007    0.143    0.143
    5.776    5.776    8.525    8.526    9.456    9.456
            0.481000  0.277705  0.000000
  -16.023  -16.023  -14.686  -14.686   -8.021   -8.021   -4.013   -4.013    0.150    0.150
    5.776    5.776    8.495    8.495    9.427    9.427
            0.480000  0.277128  0.000000
  -16.037  -16.037  -14.672  -14.672   -8.020   -8.020   -4.019   -4.019    0.157    0.157
    5.777    5.777    8.464    8.464    9.397    9.397
            0.479000  0.276551  0.000000
  -16.050  -16.050  -14.656  -14.656   -8.019   -8.019   -4.025   -4.025    0.165    0.165
    5.777    5.777    8.433    8.434    9.368    9.368
            0.478000  0.275973  0.000000
  -16.064  -16.064  -14.641  -14.641   -8.018   -8.018   -4.031   -4.031    0.173    0.173
    5.778    5.778    8.403    8.403    9.338    9.338
            0.477000  0.275396  0.000000
  -16.079  -16.079  -14.625  -14.625   -8.017   -8.017   -4.038   -4.038    0.181    0.181
    5.778    5.778    8.372    8.372    9.308    9.308
            0.476000  0.274819  0.000000
  -16.093  -16.093  -14.609  -14.609   -8.016   -8.016   -4.045   -4.045    0.190    0.190
    5.779    5.779    8.342    8.342    9.278    9.278
            0.475000  0.274241  0.000000
  -16.108  -16.108  -14.592  -14.592   -8.015   -8.015   -4.052   -4.052    0.199    0.199
    5.780    5.780    8.311    8.312    9.248    9.248
            0.474000  0.273664  0.000000
  -16.124  -16.124  -14.575  -14.575   -8.013   -8.013   -4.060   -4.060    0.208    0.208
    5.780    5.780    8.281    8.281    9.218    9.218
            0.473000  0.273087  0.000000
  -16.139  -16.139  -14.558  -14.558   -8.012   -8.012   -4.067   -4.067    0.218    0.218
    5.781    5.781    8.251    8.251    9.188    9.189
            0.472000  0.272509  0.000000
  -16.155  -16.155  -14.540  -14.540   -8.011   -8.011   -4.075   -4.075    0.228    0.228
    5.782    5.782    8.220    8.221    9.159    9.159
            0.471000  0.271932  0.000000
  -16.171  -16.171  -14.522  -14.522   -8.009   -8.009   -4.084   -4.084    0.238    0.238
    5.782    5.782    8.190    8.191    9.129    9.129
            0.470000  0.271355  0.000000
  -16.187  -16.187  -14.504  -14.504   -8.008   -8.008   -4.092   -4.092    0.249    0.249
    5.783    5.783    8.160    8.160    9.099    9.099
            0.469000  0.270777  0.000000
  -16.203  -16.203  -14.485  -14.485   -8.007   -8.007   -4.101   -4.101    0.260    0.260
    5.784    5.784    8.130    8.130    9.070    9.070
            0.468000  0.270200  0.000000
  -16.220  -16.220  -14.467  -14.467   -8.005   -8.005   -4.110   -4.110    0.271    0.271
    5.784    5.784    8.100    8.100    9.040    9.040
            0.467000  0.269623  0.000000
  -16.236  -16.236  -14.448  -14.448   -8.004   -8.004   -4.119   -4.119    0.283    0.283
    5.785    5.785    8.070    8.070    9.010    9.010
            0.466000  0.269045  0.000000
  -16.253  -16.253  -14.429  -14.429   -8.002   -8.002   -4.129   -4.129    0.295    0.295
    5.786    5.786    8.040    8.040    8.981    8.981
            0.465000  0.268468  0.000000
  -16.270  -16.270  -14.409  -14.409   -8.000   -8.000   -4.138   -4.138    0.307    0.307
    5.787    5.787    8.010    8.011    8.951    8.952
            0.464000  0.267891  0.000000
  -16.287  -16.287  -14.390  -14.390   -7.999   -7.999   -4.148   -4.148    0.320    0.320
    5.788    5.788    7.981    7.981    8.922    8.922
            0.463000  0.267313  0.000000
  -16.304  -16.304  -14.370  -14.370   -7.997   -7.997   -4.158   -4.158    0.332    0.332
    5.788    5.788    7.951    7.951    8.893    8.893
            0.462000  0.266736  0.000000
  -16.321  -16.321  -14.350  -14.350   -7.995   -7.995   -4.169   -4.169    0.346    0.346
    5.789    5.789    7.921    7.921    8.863    8.864
            0.461000  0.266158  0.000000
  -16.339  -16.339  -14.330  -14.330   -7.993   -7.993   -4.179   -4.179    0.359    0.359
    5.790    5.790    7.892    7.892    8.834    8.834
            0.460000  0.265581  0.000000
  -16.356  -16.356  -14.310  -14.310   -7.992   -7.992   -4.190   -4.190    0.373    0.373
    5.791    5.791    7.862    7.862    8.805    8.805
            0.459000  0.265004  0.000000
  -16.374  -16.374  -14.289  -14.289   -7.990   -7.990   -4.201   -4.201    0.386    0.387
    5.792    5.792    7.833    7.833    8.776    8.776
            0.458000  0.264426  0.000000
  -16.391  -16.391  -14.269  -14.269   -7.988   -7.988   -4.212   -4.212    0.401    0.401
    5.793    5.793    7.803    7.803    8.747    8.747
            0.457000  0.263849  0.000000
  -16.409  -16.409  -14.248  -14.248   -7.986   -7.986   -4.224   -4.224    0.415    0.415
    5.794    5.794    7.774    7.774    8.718    8.718
            0.456000  0.263272  0.000000
  -16.427  -16.427  -14.227  -14.227   -7.984   -7.984   -4.235   -4.235    0.430    0.430
    5.795    5.795    7.745    7.745    8.689    8.689
            0.455000  0.262694  0.000000
  -16.445  -16.445  -14.207  -14.207   -7.982   -7.982   -4.247   -4.247    0.445    0.445
    5.796    5.796    7.715    7.716    8.660    8.660
            0.454000  0.262117  0.000000
  -16.462  -16.462  -14.185  -14.185   -7.980   -7.980   -4.259   -4.259    0.460    0.460
    5.797    5.797    7.686    7.686    8.631    8.631
            0.453000  0.261540  0.000000
  -16.480  -16.480  -14.164  -14.164   -7.977   -7.977   -4.271   -4.271    0.476    0.476
    5.798    5.798    7.657    7.657    8.602    8.602
            0.452000  0.260962  0.000000
  -16.498  -16.498  -14.143  -14.143   -7.975   -7.975   -4.283   -4.283    0.491    0.491
    5.799    5.799    7.628    7.628    8.574    8.574
            0.451000  0.260385  0.000000
  -16.516  -16.516  -14.122  -14.122   -7.973   -7.973   -4.296   -4.296    0.507    0.507
    5.801    5.801    7.599    7.599    8.545    8.545
            0.450000  0.259808  0.000000
  -16.534  -16.534  -14.100  -14.100   -7.971   -7.971   -4.308   -4.308    0.524    0.524
    5.802    5.802    7.570    7.570    8.516    8.516
            0.449000  0.259230  0.000000
  -16.552  -16.552  -14.078  -14.078   -7.968   -7.968   -4.321   -4.321    0.540    0.540
    5.803    5.803    7.541    7.541    8.488    8.488
            0.448000  0.258653  0.000000
  -16.571  -16.571  -14.057  -14.057   -7.966   -7.966   -4.334   -4.334    0.557    0.557
    5.804    5.804    7.512    7.512    8.459    8.459
            0.447000  0.258076  0.000000
  -16.589  -16.589  -14.035  -14.035   -7.963   -7.963   -4.347   -4.347    0.574    0.574
    5.805    5.805    7.484    7.484    8.431    8.431
            0.446000  0.257498  0.000000
  -16.607  -16.607  -14.013  -14.013   -7.961   -7.961   -4.360   -4.360    0.591    0.591
    5.807    5.807    7.455    7.455    8.403    8.403
            0.445000  0.256921  0.000000
  -16.625  -16.625  -13.991  -13.991   -7.958   -7.958   -4.373   -4.373    0.608    0.608
    5.808    5.808    7.426    7.426    8.374    8.374
            0.444000  0.256344  0.000000
  -16.643  -16.643  -13.969  -13.969   -7.956   -7.956   -4.387   -4.387    0.626    0.626
    5.809    5.809    7.398    7.398    8.346    8.346
            0.443000  0.255766  0.000000
  -16.662  -16.662  -13.947  -13.947   -7.953   -7.953   -4.401   -4.401    0.643    0.643
    5.810    5.810    7.369    7.369    8.318    8.318
            0.442000  0.255189  0.000000
  -16.680  -16.680  -13.924  -13.924   -7.950   -7.950   -4.414   -4.414    0.661    0.661
    5.812    5.812    7.341    7.341    8.290    8.290
            0.441000  0.254611  0.000000
  -16.698  -16.698  -13.902  -13.902   -7.948   -7.948   -4.428   -4.428    0.679    0.679
    5.813    5.813    7.312    7.312    8.262    8.262
            0.440000  0.254034  0.000000
  -16.716  -16.716  -13.880  -13.880   -7.945   -7.945   -4.442   -4.442    0.698    0.698
    5.814    5.814    7.284    7.284    8.234    8.234
            0.439000  0.253457  0.000000
  -16.735  -16.735  -13.857  -13.857   -7.942   -7.942   -4.457   -4.457    0.716    0.716
    5.816    5.816    7.256    7.256    8.206    8.206
            0.438000  0.252879  0.000000
  -16.753  -16.753  -13.835  -13.835   -7.939   -7.939   -4.471   -4.471    0.735    0.735
    5.817    5.817    7.227    7.228    8.178    8.178
            0.437000  0.252302  0.000000
  -16.771  -16.771  -13.812  -13.812   -7.936   -7.936   -4.485   -4.485    0.754    0.754
    5.819    5.819    7.199    7.199    8.150    8.150
            0.436000  0.251725  0.000000
  -16.789  -16.789  -13.789  -13.789   -7.933   -7.933   -4.500   -4.500    0.773    0.773
    5.820    5.820    7.171    7.171    8.122    8.122
            0.435000  0.251147  0.000000
  -16.808  -16.808  -13.766  -13.766   -7.930   -7.930   -4.514   -4.514    0.793    0.793
    5.822    5.822    7.143    7.143    8.094    8.095
            0.434000  0.250570  0.000000
  -16.826  -16.826  -13.744  -13.744   -7.927   -7.927   -4.529   -4.529    0.812    0.812
    5.823    5.823    7.115    7.115    8.067    8.067
            0.433000  0.249993  0.000000
  -16.844  -16.844  -13.721  -13.721   -7.924   -7.924   -4.544   -4.544    0.832    0.832
    5.825    5.825    7.087    7.088    8.039    8.039
            0.432000  0.249415  0.000000
  -16.862  -16.862  -13.698  -13.698   -7.921   -7.921   -4.559   -4.559    0.852    0.852
    5.826    5.826    7.060    7.060    8.012    8.012
            0.431000  0.248838  0.000000
  -16.881  -16.881  -13.675  -13.675   -7.918   -7.918   -4.574   -4.574    0.872    0.872
    5.828    5.828    7.032    7.032    7.984    7.984
            0.430000  0.248261  0.000000
  -16.899  -16.899  -13.652  -13.652   -7.914   -7.914   -4.589   -4.589    0.892    0.892
    5.829    5.829    7.004    7.004    7.957    7.957
            0.429000  0.247683  0.000000
  -16.917  -16.917  -13.628  -13.628   -7.911   -7.911   -4.605   -4.605    0.912    0.912
    5.831    5.831    6.976    6.977    7.930    7.930
            0.428000  0.247106  0.000000
  -16.935  -16.935  -13.605  -13.605   -7.908   -7.908   -4.620   -4.620    0.933    0.933
    5.832    5.832    6.949    6.949    7.902    7.902
            0.427000  0.246529  0.000000
  -16.954  -16.954  -13.582  -13.582   -7.904   -7.904   -4.635   -4.635    0.953    0.953
    5.834    5.834    6.921    6.922    7.875    7.875
            0.426000  0.245951  0.000000
  -16.972  -16.972  -13.559  -13.559   -7.901   -7.901   -4.651   -4.651    0.974    0.974
    5.836    5.836    6.894    6.894    7.848    7.848
            0.425000  0.245374  0.000000
  -16.990  -16.990  -13.535  -13.535   -7.898   -7.898   -4.666   -4.666    0.995    0.995
    5.837    5.837    6.867    6.867    7.821    7.821
            0.424000  0.244797  0.000000
  -17.008  -17.008  -13.512  -13.512   -7.894   -7.894   -4.682   -4.682    1.016    1.016
    5.839    5.839    6.839    6.839    7.794    7.794
            0.423000  0.244219  0.000000
  -17.026  -17.026  -13.488  -13.488   -7.891   -7.891   -4.698   -4.698    1.038    1.038
    5.840    5.840    6.812    6.812    7.767    7.767
            0.422000  0.243642  0.000000
  -17.045  -17.045  -13.465  -13.465   -7.887   -7.887   -4.714   -4.714    1.059    1.059
    5.842    5.842    6.785    6.785    7.740    7.740
            0.421000  0.243064  0.000000
  -17.063  -17.063  -13.441  -13.441   -7.883   -7.883   -4.730   -4.730    1.080    1.081
    5.844    5.844    6.758    6.758    7.713    7.713
            0.420000  0.242487  0.000000
  -17.081  -17.081  -13.418  -13.418   -7.880   -7.880   -4.746   -4.746    1.102    1.102
    5.846    5.846    6.731    6.731    7.686    7.686
            0.419000  0.241910  0.000000
  -17.099  -17.099  -13.394  -13.394   -7.876   -7.876   -4.762   -4.762    1.124    1.124
    5.847    5.847    6.704    6.704    7.660    7.660
            0.418000  0.241332  0.000000
  -17.117  -17.117  -13.370  -13.370   -7.872   -7.872   -4.778   -4.778    1.146    1.146
    5.849    5.849    6.677    6.677    7.633    7.633
            0.417000  0.240755  0.000000
  -17.135  -17.135  -13.346  -13.346   -7.868   -7.868   -4.794   -4.794    1.168    1.168
    5.851    5.851    6.650    6.650    7.606    7.607
            0.416000  0.240178  0.000000
  -17.153  -17.153  -13.323  -13.323   -7.864   -7.864   -4.810   -4.810    1.190    1.190
    5.852    5.852    6.623    6.624    7.580    7.580
            0.415000  0.239600  0.000000
  -17.171  -17.171  -13.299  -13.299   -7.860   -7.860   -4.827   -4.827    1.213    1.213
    5.854    5.854    6.597    6.597    7.553    7.554
            0.414000  0.239023  0.000000
  -17.189  -17.189  -13.275  -13.275   -7.856   -7.856   -4.843   -4.843    1.235    1.235
    5.856    5.856    6.570    6.570    7.527    7.527
            0.413000  0.238446  0.000000
  -17.207  -17.207  -13.251  -13.251   -7.852   -7.852   -4.859   -4.859    1.258    1.258
    5.858    5.858    6.544    6.544    7.501    7.501
            0.412000  0.237868  0.000000
  -17.225  -17.225  -13.227  -13.227   -7.848   -7.848   -4.876   -4.876    1.280    1.280
    5.859    5.859    6.517    6.517    7.474    7.475
            0.411000  0.237291  0.000000
  -17.243  -17.243  -13.203  -13.203   -7.844   -7.844   -4.892   -4.892    1.303    1.303
    5.861    5.861    6.491    6.491    7.448    7.448
            0.410000  0.236714  0.000000
  -17.261  -17.261  -13.179  -13.179   -7.840   -7.840   -4.909   -4.909    1.326    1.326
    5.863    5.863    6.465    6.465    7.422    7.422
            0.409000  0.236136  0.000000
  -17.279  -17.279  -13.155  -13.155   -7.836   -7.836   -4.926   -4.926    1.349    1.349
    5.865    5.865    6.438    6.439    7.396    7.396
            0.408000  0.235559  0.000000
  -17.297  -17.297  -13.130  -13.130   -7.832   -7.832   -4.942   -4.942    1.372    1.373
    5.866    5.866    6.412    6.412    7.370    7.370
            0.407000  0.234982  0.000000
  -17.314  -17.314  -13.106  -13.106   -7.827   -7.827   -4.959   -4.959    1.396    1.396
    5.868    5.868    6.386    6.386    7.344    7.344
            0.406000  0.234404  0.000000
  -17.332  -17.332  -13.082  -13.082   -7.823   -7.823   -4.976   -4.976    1.419    1.419
    5.870    5.870    6.360    6.361    7.318    7.318
            0.405000  0.233827  0.000000
  -17.350  -17.350  -13.058  -13.058   -7.819   -7.819   -4.992   -4.992    1.443    1.443
    5.871    5.871    6.335    6.335    7.293    7.293
            0.404000  0.233250  0.000000
  -17.368  -17.368  -13.033  -13.033   -7.814   -7.814   -5.009   -5.009    1.466    1.466
    5.873    5.873    6.309    6.309    7.267    7.267
            0.403000  0.232672  0.000000
  -17.385  -17.385  -13.009  -13.009   -7.810   -7.810   -5.026   -5.026    1.490    1.490
    5.875    5.875    6.284    6.284    7.241    7.241
            0.402000  0.232095  0.000000
  -17.403  -17.403  -12.985  -12.985   -7.805   -7.805   -5.043   -5.043    1.514    1.514
    5.876    5.876    6.258    6.258    7.216    7.216
            0.401000  0.231517  0.000000
  -17.421  -17.421  -12.960  -12.960   -7.801   -7.801   -5.060   -5.060    1.538    1.538
    5.877    5.878    6.233    6.233    7.190    7.190
            0.400000  0.230940  0.000000
  -17.438  -17.438  -12.936  -12.936   -7.796   -7.796   -5.077   -5.077    1.562    1.562
    5.879    5.879    6.208    6.208    7.165    7.165
            0.399000  0.230363  0.000000
  -17.456  -17.456  -12.911  -12.911   -7.792   -7.792   -5.094   -5.094    1.586    1.586
    5.880    5.880    6.183    6.183    7.139    7.139
            0.398000  0.229785  0.000000
  -17.473  -17.473  -12.887  -12.887   -7.787   -7.787   -5.111   -5.111    1.610    1.610
    5.881    5.881    6.159    6.159    7.114    7.114
            0.397000  0.229208  0.000000
  -17.491  -17.491  -12.862  -12.862   -7.782   -7.782   -5.128   -5.128    1.634    1.634
    5.882    5.882    6.134    6.134    7.089    7.089
            0.396000  0.228631  0.000000
  -17.509  -17.509  -12.837  -12.837   -7.777   -7.777   -5.145   -5.145    1.659    1.659
    5.882    5.882    6.111    6.111    7.063    7.064
            0.395000  0.228053  0.000000
  -17.526  -17.526  -12.813  -12.813   -7.773   -7.773   -5.162   -5.162    1.683    1.683
    5.882    5.882    6.087    6.087    7.038    7.038
            0.394000  0.227476  0.000000
  -17.543  -17.543  -12.788  -12.788   -7.768   -7.768   -5.179   -5.179    1.708    1.708
    5.881    5.881    6.065    6.065    7.013    7.013
            0.393000  0.226899  0.000000
  -17.561  -17.561  -12.763  -12.763   -7.763   -7.763   -5.196   -5.196    1.732    1.732
    5.880    5.880    6.043    6.043    6.988    6.988
            0.392000  0.226321  0.000000
  -17.578  -17.578  -12.739  -12.739   -7.758   -7.758   -5.214   -5.214    1.757    1.757
    5.877    5.877    6.023    6.023    6.963    6.964
            0.391000  0.225744  0.000000
  -17.596  -17.596  -12.714  -12.714   -7.753   -7.753   -5.231   -5.231    1.782    1.782
    5.872    5.872    6.004    6.004    6.939    6.939
            0.390000  0.225167  0.000000
  -17.613  -17.613  -12.689  -12.689   -7.748   -7.748   -5.248   -5.248    1.806    1.807
    5.865    5.866    5.988    5.988    6.914    6.914
            0.389000  0.224589  0.000000
  -17.630  -17.630  -12.664  -12.664   -7.743   -7.743   -5.265   -5.265    1.831    1.831
    5.856    5.856    5.975    5.975    6.889    6.889
            0.388000  0.224012  0.000000
  -17.647  -17.647  -12.639  -12.639   -7.738   -7.738   -5.282   -5.282    1.856    1.856
    5.843    5.843    5.965    5.965    6.865    6.865
            0.387000  0.223435  0.000000
  -17.665  -17.665  -12.614  -12.614   -7.733   -7.733   -5.300   -5.300    1.881    1.882
    5.827    5.827    5.957    5.958    6.840    6.840
            0.386000  0.222857  0.000000
  -17.682  -17.682  -12.589  -12.589   -7.727   -7.727   -5.317   -5.317    1.907    1.907
    5.809    5.809    5.953    5.953    6.816    6.816
            0.385000  0.222280  0.000000
  -17.699  -17.699  -12.565  -12.564   -7.722   -7.722   -5.334   -5.334    1.932    1.932
    5.789    5.790    5.950    5.950    6.792    6.792
            0.384000  0.221703  0.000000
  -17.716  -17.716  -12.540  -12.539   -7.717   -7.717   -5.351   -5.351    1.957    1.957
    5.768    5.769    5.948    5.948    6.767    6.767
            0.383000  0.221125  0.000000
  -17.733  -17.733  -12.514  -12.514   -7.712   -7.712   -5.369   -5.369    1.983    1.983
    5.746    5.747    5.947    5.948    6.743    6.743
            0.382000  0.220548  0.000000
  -17.750  -17.750  -12.489  -12.489   -7.706   -7.706   -5.386   -5.386    2.008    2.008
    5.724    5.724    5.947    5.948    6.719    6.719
            0.381000  0.219970  0.000000
  -17.767  -17.767  -12.464  -12.464   -7.701   -7.701   -5.403   -5.403    2.034    2.034
    5.701    5.701    5.948    5.948    6.695    6.695
            0.380000  0.219393  0.000000
  -17.784  -17.784  -12.439  -12.439   -7.695   -7.695   -5.421   -5.421    2.059    2.059
    5.678    5.678    5.948    5.949    6.671    6.671
            0.379000  0.218816  0.000000
  -17.801  -17.801  -12.414  -12.414   -7.690   -7.690   -5.438   -5.438    2.085    2.085
    5.655    5.655    5.949    5.950    6.647    6.647
            0.378000  0.218238  0.000000
  -17.818  -17.818  -12.389  -12.389   -7.684   -7.684   -5.455   -5.455    2.110    2.110
    5.631    5.631    5.951    5.951    6.624    6.624
            0.377000  0.217661  0.000000
  -17.835  -17.835  -12.364  -12.364   -7.679   -7.679   -5.473   -5.473    2.136    2.136
    5.608    5.608    5.952    5.952    6.600    6.600
            0.376000  0.217084  0.000000
  -17.852  -17.852  -12.338  -12.338   -7.673   -7.673   -5.490   -5.490    2.162    2.162
    5.584    5.584    5.953    5.953    6.577    6.577
            0.375000  0.216506  0.000000
  -17.868  -17.868  -12.313  -12.313   -7.667   -7.667   -5.507   -5.507    2.188    2.188
    5.560    5.561    5.955    5.955    6.553    6.553
            0.374000  0.215929  0.000000
  -17.885  -17.885  -12.288  -12.288   -7.662   -7.662   -5.525   -5.525    2.214    2.214
    5.537    5.537    5.956    5.956    6.530    6.530
            0.373000  0.215352  0.000000
  -17.902  -17.902  -12.263  -12.263   -7.656   -7.656   -5.542   -5.542    2.240    2.240
    5.513    5.513    5.957    5.958    6.507    6.507
            0.372000  0.214774  0.000000
  -17.919  -17.919  -12.237  -12.237   -7.650   -7.650   -5.559   -5.559    2.266    2.266
    5.489    5.490    5.959    5.959    6.484    6.484
            0.371000  0.214197  0.000000
  -17.935  -17.935  -12.212  -12.212   -7.644   -7.644   -5.576   -5.576    2.292    2.292
    5.466    5.466    5.960    5.960    6.462    6.462
            0.370000  0.213620  0.000000
  -17.952  -17.952  -12.187  -12.187   -7.638   -7.638   -5.594   -5.594    2.318    2.318
    5.442    5.442    5.962    5.962    6.439    6.439
            0.369000  0.213042  0.000000
  -17.969  -17.969  -12.161  -12.161   -7.632   -7.632   -5.611   -5.611    2.344    2.344
    5.418    5.419    5.963    5.963    6.417    6.417
            0.368000  0.212465  0.000000
  -17.985  -17.985  -12.136  -12.136   -7.627   -7.627   -5.628   -5.628    2.371    2.371
    5.395    5.395    5.964    5.964    6.394    6.394
            0.367000  0.211888  0.000000
  -18.002  -18.002  -12.110  -12.110   -7.620   -7.620   -5.646   -5.646    2.397    2.397
    5.371    5.372    5.965    5.965    6.373    6.373
            0.366000  0.211310  0.000000
  -18.018  -18.018  -12.085  -12.085   -7.614   -7.614   -5.663   -5.663    2.423    2.423
    5.348    5.348    5.966    5.966    6.351    6.351
            0.365000  0.210733  0.000000
  -18.034  -18.034  -12.059  -12.059   -7.608   -7.608   -5.680   -5.680    2.450    2.450
    5.324    5.325    5.966    5.967    6.330    6.330
            0.364000  0.210155  0.000000
  -18.051  -18.051  -12.034  -12.034   -7.602   -7.602   -5.697   -5.697    2.476    2.476
    5.301    5.301    5.967    5.967    6.309    6.309
            0.363000  0.209578  0.000000
  -18.067  -18.067  -12.008  -12.008   -7.596   -7.596   -5.715   -5.715    2.503    2.503
    5.278    5.278    5.967    5.967    6.288    6.288
            0.362000  0.209001  0.000000
  -18.084  -18.084  -11.983  -11.983   -7.590   -7.590   -5.732   -5.732    2.529    2.529
    5.254    5.255    5.967    5.967    6.268    6.268
            0.361000  0.208423  0.000000
  -18.100  -18.100  -11.957  -11.957   -7.584   -7.584   -5.749   -5.749    2.556    2.556
    5.231    5.231    5.966    5.966    6.248    6.248
            0.360000  0.207846  0.000000
  -18.116  -18.116  -11.931  -11.931   -7.577   -7.577   -5.766   -5.766    2.582    2.582
    5.208    5.208    5.964    5.964    6.230    6.230
            0.359000  0.207269  0.000000
  -18.132  -18.132  -11.906  -11.906   -7.571   -7.571   -5.784   -5.784    2.609    2.609
    5.185    5.185    5.962    5.962    6.212    6.212
            0.358000  0.206691  0.000000
  -18.148  -18.148  -11.880  -11.880   -7.565   -7.565   -5.801   -5.801    2.636    2.636
    5.162    5.162    5.959    5.959    6.194    6.195
            0.357000  0.206114  0.000000
  -18.165  -18.165  -11.854  -11.854   -7.558   -7.558   -5.818   -5.818    2.662    2.662
    5.139    5.139    5.955    5.955    6.179    6.179
            0.356000  0.205537  0.000000
  -18.181  -18.181  -11.829  -11.829   -7.552   -7.552   -5.835   -5.835    2.689    2.689
    5.116    5.116    5.950    5.950    6.164    6.164
            0.355000  0.204959  0.000000
  -18.197  -18.197  -11.803  -11.803   -7.545   -7.545   -5.852   -5.852    2.716    2.716
    5.093    5.093    5.943    5.943    6.151    6.151
            0.354000  0.204382  0.000000
  -18.213  -18.213  -11.777  -11.777   -7.539   -7.539   -5.869   -5.869    2.743    2.743
    5.070    5.070    5.935    5.935    6.139    6.139
            0.353000  0.203805  0.000000
  -18.229  -18.229  -11.751  -11.751   -7.532   -7.532   -5.887   -5.887    2.770    2.770
    5.047    5.047    5.925    5.925    6.129    6.129
            0.352000  0.203227  0.000000
  -18.245  -18.245  -11.726  -11.725   -7.525   -7.525   -5.904   -5.904    2.797    2.797
    5.024    5.025    5.914    5.914    6.121    6.121
            0.351000  0.202650  0.000000
  -18.261  -18.261  -11.700  -11.700   -7.519   -7.519   -5.921   -5.921    2.823    2.824
    5.002    5.002    5.901    5.901    6.114    6.114
            0.350000  0.202073  0.000000
  -18.276  -18.276  -11.674  -11.674   -7.512   -7.512   -5.938   -5.938    2.850    2.851
    4.979    4.979    5.887    5.887    6.109    6.109
            0.349000  0.201495  0.000000
  -18.292  -18.292  -11.648  -11.648   -7.505   -7.505   -5.955   -5.955    2.877    2.878
    4.957    4.957    5.872    5.872    6.104    6.105
            0.348000  0.200918  0.000000
  -18.308  -18.308  -11.622  -11.622   -7.498   -7.498   -5.972   -5.972    2.904    2.905
    4.934    4.934    5.855    5.856    6.101    6.102
            0.347000  0.200341  0.000000
  -18.324  -18.324  -11.596  -11.596   -7.492   -7.492   -5.989   -5.989    2.932    2.932
    4.912    4.912    5.838    5.838    6.099    6.100
            0.346000  0.199763  0.000000
  -18.339  -18.339  -11.570  -11.570   -7.485   -7.485   -6.006   -6.006    2.959    2.959
    4.889    4.890    5.820    5.820    6.098    6.098
            0.345000  0.199186  0.000000
  -18.355  -18.355  -11.544  -11.544   -7.478   -7.478   -6.023   -6.023    2.986    2.986
    4.867    4.867    5.802    5.802    6.097    6.098
            0.344000  0.198608  0.000000
  -18.371  -18.371  -11.518  -11.518   -7.471   -7.471   -6.040   -6.040    3.013    3.013
    4.845    4.845    5.783    5.783    6.097    6.097
            0.343000  0.198031  0.000000
  -18.386  -18.386  -11.492  -11.492   -7.464   -7.464   -6.057   -6.057    3.040    3.040
    4.823    4.823    5.764    5.764    6.097    6.098
            0.342000  0.197454  0.000000
  -18.402  -18.402  -11.466  -11.466   -7.457   -7.457   -6.074   -6.074    3.067    3.067
    4.801    4.801    5.744    5.744    6.098    6.098
            0.341000  0.196876  0.000000
  -18.417  -18.417  -11.440  -11.440   -7.450   -7.450   -6.090   -6.090    3.094    3.094
    4.779    4.779    5.724    5.724    6.099    6.099
            0.340000  0.196299  0.000000
  -18.433  -18.433  -11.414  -11.414   -7.443   -7.443   -6.107   -6.107    3.122    3.122
    4.757    4.757    5.704    5.705    6.100    6.100
            0.339000  0.195722  0.000000
  -18.448  -18.448  -11.388  -11.388   -7.436   -7.436   -6.124   -6.124    3.149    3.149
    4.735    4.735    5.684    5.684    6.101    6.102
            0.338000  0.195144  0.000000
  -18.464  -18.464  -11.362  -11.362   -7.428   -7.428   -6.141   -6.141    3.176    3.176
    4.713    4.713    5.664    5.664    6.103    6.103
            0.337000  0.194567  0.000000
  -18.479  -18.479  -11.336  -11.336   -7.421   -7.421   -6.158   -6.158    3.203    3.203
    4.691    4.691    5.644    5.644    6.104    6.105
            0.336000  0.193990  0.000000
  -18.494  -18.494  -11.310  -11.310   -7.414   -7.414   -6.174   -6.174    3.230    3.231
    4.670    4.670    5.623    5.623    6.106    6.106
            0.335000  0.193412  0.000000
  -18.509  -18.509  -11.284  -11.284   -7.407   -7.407   -6.191   -6.191    3.258    3.258
    4.648    4.648    5.603    5.603    6.108    6.108
            0.334000  0.192835  0.000000
  -18.525  -18.525  -11.258  -11.258   -7.399   -7.399   -6.208   -6.208    3.285    3.285
    4.627    4.627    5.582    5.582    6.110    6.110
            0.333000  0.192258  0.000000
  -18.540  -18.540  -11.232  -11.232   -7.392   -7.392   -6.225   -6.225    3.312    3.312
    4.605    4.605    5.562    5.562    6.112    6.112
            0.332000  0.191680  0.000000
  -18.555  -18.555  -11.206  -11.206   -7.385   -7.385   -6.241   -6.241    3.340    3.340
    4.584    4.584    5.541    5.541    6.113    6.114
            0.331000  0.191103  0.000000
  -18.570  -18.570  -11.179  -11.179   -7.377   -7.377   -6.258   -6.258    3.367    3.367
    4.562    4.563    5.521    5.521    6.115    6.116
            0.330000  0.190526  0.000000
  -18.585  -18.585  -11.153  -11.153   -7.370   -7.370   -6.274   -6.274    3.394    3.394
    4.541    4.541    5.500    5.500    6.117    6.117
            0.329000  0.189948  0.000000
  -18.600  -18.600  -11.127  -11.127   -7.362   -7.362   -6.291   -6.291    3.421    3.421
    4.520    4.520    5.480    5.480    6.119    6.119
            0.328000  0.189371  0.000000
  -18.615  -18.615  -11.101  -11.101   -7.355   -7.355   -6.308   -6.308    3.449    3.449
    4.499    4.499    5.459    5.459    6.120    6.121
            0.327000  0.188794  0.000000
  -18.630  -18.630  -11.075  -11.075   -7.347   -7.347   -6.324   -6.324    3.476    3.476
    4.478    4.478    5.439    5.439    6.121    6.122
            0.326000  0.188216  0.000000
  -18.645  -18.645  -11.048  -11.048   -7.339   -7.339   -6.341   -6.341    3.503    3.503
    4.457    4.457    5.418    5.418    6.123    6.123
            0.325000  0.187639  0.000000
  -18.660  -18.660  -11.022  -11.022   -7.332   -7.332   -6.357   -6.357    3.530    3.530
    4.437    4.437    5.398    5.398    6.123    6.124
            0.324000  0.187061  0.000000
  -18.675  -18.675  -10.996  -10.996   -7.324   -7.324   -6.373   -6.373    3.557    3.557
    4.416    4.416    5.377    5.377    6.124    6.124
            0.323000  0.186484  0.000000
  -18.689  -18.689  -10.970  -10.970   -7.316   -7.316   -6.390   -6.390    3.584    3.585
    4.395    4.396    5.357    5.357    6.123    6.124
            0.322000  0.185907  0.000000
  -18.704  -18.704  -10.943  -10.943   -7.308   -7.308   -6.406   -6.406    3.612    3.612
    4.375    4.375    5.337    5.337    6.123    6.123
            0.321000  0.185329  0.000000
  -18.719  -18.719  -10.917  -10.917   -7.301   -7.301   -6.422   -6.422    3.639    3.639
    4.355    4.355    5.316    5.317    6.121    6.122
            0.320000  0.184752  0.000000
  -18.733  -18.733  -10.891  -10.891   -7.293   -7.293   -6.439   -6.439    3.665    3.665
    4.335    4.335    5.296    5.296    6.118    6.119
            0.319000  0.184175  0.000000
  -18.748  -18.748  -10.864  -10.864   -7.285   -7.285   -6.455   -6.455    3.692    3.692
    4.315    4.315    5.276    5.276    6.113    6.115
            0.318000  0.183597  0.000000
  -18.763  -18.763  -10.838  -10.838   -7.277   -7.277   -6.471   -6.471    3.719    3.719
    4.295    4.295    5.256    5.256    6.108    6.109
            0.317000  0.183020  0.000000
  -18.777  -18.777  -10.812  -10.812   -7.269   -7.269   -6.487   -6.487    3.745    3.745
    4.276    4.276    5.236    5.236    6.100    6.101
            0.316000  0.182443  0.000000
  -18.792  -18.792  -10.785  -10.785   -7.261   -7.261   -6.504   -6.504    3.772    3.772
    4.256    4.256    5.216    5.216    6.090    6.091
            0.315000  0.181865  0.000000
  -18.806  -18.806  -10.759  -10.759   -7.253   -7.253   -6.520   -6.520    3.798    3.798
    4.237    4.238    5.196    5.196    6.079    6.080
            0.314000  0.181288  0.000000
  -18.820  -18.820  -10.733  -10.733   -7.245   -7.245   -6.536   -6.536    3.823    3.823
    4.219    4.219    5.176    5.176    6.066    6.067
            0.313000  0.180711  0.000000
  -18.835  -18.835  -10.706  -10.706   -7.237   -7.237   -6.552   -6.552    3.848    3.848
    4.201    4.201    5.156    5.156    6.052    6.053
            0.312000  0.180133  0.000000
  -18.849  -18.849  -10.680  -10.680   -7.228   -7.228   -6.568   -6.568    3.873    3.873
    4.184    4.184    5.136    5.136    6.037    6.038
            0.311000  0.179556  0.000000
  -18.863  -18.863  -10.653  -10.653   -7.220   -7.220   -6.584   -6.584    3.896    3.896
    4.168    4.168    5.116    5.116    6.022    6.023
            0.310000  0.178979  0.000000
  -18.878  -18.877  -10.627  -10.627   -7.212   -7.212   -6.600   -6.600    3.918    3.918
    4.154    4.154    5.097    5.097    6.005    6.006
            0.309000  0.178401  0.000000
  -18.892  -18.892  -10.601  -10.601   -7.204   -7.204   -6.616   -6.616    3.937    3.937
    4.142    4.142    5.077    5.077    5.988    5.989
            0.308000  0.177824  0.000000
  -18.906  -18.906  -10.574  -10.574   -7.196   -7.196   -6.632   -6.632    3.953    3.953
    4.134    4.134    5.057    5.057    5.971    5.972
            0.307000  0.177247  0.000000
  -18.920  -18.920  -10.548  -10.548   -7.187   -7.187   -6.648   -6.648    3.963    3.963
    4.131    4.131    5.038    5.038    5.954    5.955
            0.306000  0.176669  0.000000
  -18.934  -18.934  -10.521  -10.521   -7.179   -7.179   -6.663   -6.663    3.967    3.967
    4.135    4.135    5.018    5.018    5.936    5.937
            0.305000  0.176092  0.000000
  -18.948  -18.948  -10.495  -10.495   -7.170   -7.170   -6.679   -6.679    3.964    3.964
    4.145    4.145    4.999    4.999    5.918    5.919
            0.304000  0.175514  0.000000
  -18.962  -18.962  -10.468  -10.468   -7.162   -7.162   -6.695   -6.695    3.957    3.957
    4.160    4.160    4.980    4.980    5.901    5.901
            0.303000  0.174937  0.000000
  -18.976  -18.976  -10.442  -10.442   -7.154   -7.154   -6.711   -6.711    3.945    3.945
    4.179    4.179    4.960    4.960    5.883    5.883
            0.302000  0.174360  0.000000
  -18.990  -18.990  -10.416  -10.416   -7.145   -7.145   -6.726   -6.726    3.932    3.932
    4.201    4.201    4.941    4.941    5.865    5.865
            0.301000  0.173782  0.000000
  -19.004  -19.004  -10.389  -10.389   -7.137   -7.137   -6.742   -6.742    3.916    3.916
    4.224    4.224    4.922    4.922    5.847    5.847
            0.300000  0.173205  0.000000
  -19.017  -19.017  -10.363  -10.363   -7.128   -7.128   -6.757   -6.757    3.900    3.900
    4.248    4.248    4.903    4.903    5.829    5.829
            0.299000  0.172628  0.000000
  -19.031  -19.031  -10.336  -10.336   -7.119   -7.119   -6.773   -6.773    3.883    3.883
    4.273    4.273    4.884    4.884    5.811    5.811
            0.298000  0.172050  0.000000
  -19.045  -19.045  -10.310  -10.310   -7.111   -7.111   -6.789   -6.789    3.866    3.866
    4.298    4.298    4.865    4.865    5.793    5.793
            0.297000  0.171473  0.000000
  -19.059  -19.059  -10.283  -10.283   -7.102   -7.102   -6.804   -6.804    3.848    3.848
    4.323    4.323    4.846    4.846    5.775    5.775
            0.296000  0.170896  0.000000
  -19.072  -19.072  -10.257  -10.257   -7.093   -7.093   -6.819   -6.819    3.830    3.830
    4.349    4.349    4.828    4.828    5.757    5.757
            0.295000  0.170318  0.000000
  -19.086  -19.086  -10.230  -10.230   -7.085   -7.085   -6.835   -6.835    3.812    3.812
    4.375    4.375    4.809    4.809    5.739    5.739
            0.294000  0.169741  0.000000
  -19.099  -19.099  -10.204  -10.204   -7.076   -7.076   -6.850   -6.850    3.794    3.794
    4.401    4.401    4.791    4.791    5.721    5.722
            0.293000  0.169164  0.000000
  -19.113  -19.113  -10.177  -10.177   -7.067   -7.067   -6.866   -6.866    3.776    3.776
    4.427    4.427    4.772    4.773    5.704    5.704
            0.292000  0.168586  0.000000
  -19.126  -19.126  -10.151  -10.151   -7.058   -7.058   -6.881   -6.881    3.757    3.757
    4.452    4.452    4.754    4.755    5.686    5.686
            0.291000  0.168009  0.000000
  -19.140  -19.140  -10.124  -10.124   -7.050   -7.050   -6.896   -6.896    3.739    3.739
    4.478    4.478    4.737    4.737    5.668    5.669
            0.290000  0.167432  0.000000
  -19.153  -19.153  -10.098  -10.097   -7.041   -7.041   -6.911   -6.911    3.721    3.721
    4.503    4.503    4.719    4.720    5.651    5.651
            0.289000  0.166854  0.000000
  -19.166  -19.166  -10.071  -10.071   -7.032   -7.032   -6.926   -6.926    3.702    3.702
    4.527    4.527    4.703    4.703    5.634    5.634
            0.288000  0.166277  0.000000
  -19.180  -19.180  -10.044  -10.044   -7.023   -7.023   -6.942   -6.942    3.684    3.684
    4.551    4.551    4.688    4.688    5.616    5.617
            0.287000  0.165700  0.000000
  -19.193  -19.193  -10.018  -10.018   -7.014   -7.014   -6.957   -6.957    3.666    3.666
    4.571    4.571    4.675    4.675    5.599    5.600
            0.286000  0.165122  0.000000
  -19.206  -19.206   -9.991   -9.991   -7.005   -7.005   -6.972   -6.972    3.647    3.647
    4.585    4.585    4.669    4.669    5.582    5.583
            0.285000  0.164545  0.000000
  -19.219  -19.219   -9.965   -9.965   -6.996   -6.996   -6.987   -6.987    3.629    3.629
    4.589    4.589    4.673    4.673    5.566    5.566
            0.284000  0.163967  0.000000
  -19.232  -19.232   -9.938   -9.938   -7.002   -7.002   -6.987   -6.987    3.611    3.611
    4.583    4.583    4.687    4.688    5.549    5.550
            0.283000  0.163390  0.000000
  -19.245  -19.245   -9.912   -9.912   -7.017   -7.017   -6.978   -6.978    3.593    3.593
    4.570    4.570    4.708    4.708    5.533    5.533
            0.282000  0.162813  0.000000
  -19.258  -19.258   -9.885   -9.885   -7.032   -7.032   -6.968   -6.968    3.574    3.575
    4.555    4.555    4.730    4.730    5.517    5.517
            0.281000  0.162235  0.000000
  -19.271  -19.271   -9.859   -9.859   -7.046   -7.046   -6.959   -6.959    3.556    3.556
    4.539    4.539    4.754    4.754    5.501    5.501
            0.280000  0.161658  0.000000
  -19.284  -19.284   -9.832   -9.832   -7.061   -7.061   -6.950   -6.950    3.538    3.538
    4.522    4.523    4.778    4.778    5.485    5.485
            0.279000  0.161081  0.000000
  -19.297  -19.297   -9.806   -9.806   -7.076   -7.076   -6.941   -6.941    3.520    3.520
    4.505    4.506    4.802    4.802    5.470    5.470
            0.278000  0.160503  0.000000
  -19.310  -19.310   -9.779   -9.779   -7.091   -7.091   -6.932   -6.932    3.502    3.502
    4.488    4.488    4.826    4.826    5.455    5.455
            0.277000  0.159926  0.000000
  -19.323  -19.323   -9.753   -9.753   -7.105   -7.105   -6.922   -6.922    3.485    3.485
    4.471    4.471    4.850    4.850    5.440    5.441
            0.276000  0.159349  0.000000
  -19.336  -19.336   -9.726   -9.726   -7.120   -7.120   -6.913   -6.913    3.467    3.467
    4.454    4.454    4.874    4.874    5.426    5.427
            0.275000  0.158771  0.000000
  -19.348  -19.348   -9.700   -9.700   -7.135   -7.134   -6.904   -6.904    3.449    3.449
    4.436    4.436    4.897    4.897    5.413    5.413
            0.274000  0.158194  0.000000
  -19.361  -19.361   -9.673   -9.673   -7.149   -7.149   -6.894   -6.894    3.431    3.431
    4.419    4.419    4.919    4.919    5.400    5.401
            0.273000  0.157617  0.000000
  -19.374  -19.374   -9.647   -9.647   -7.164   -7.164   -6.885   -6.885    3.413    3.414
    4.402    4.402    4.941    4.941    5.389    5.389
            0.272000  0.157039  0.000000
  -19.386  -19.386   -9.620   -9.620   -7.178   -7.178   -6.876   -6.876    3.396    3.396
    4.384    4.385    4.961    4.961    5.378    5.378
            0.271000  0.156462  0.000000
  -19.399  -19.399   -9.594   -9.594   -7.192   -7.192   -6.866   -6.866    3.378    3.378
    4.367    4.367    4.980    4.980    5.369    5.369
            0.270000  0.155885  0.000000
  -19.411  -19.411   -9.567   -9.567   -7.207   -7.207   -6.857   -6.857    3.361    3.361
    4.350    4.350    4.998    4.998    5.361    5.362
            0.269000  0.155307  0.000000
  -19.424  -19.424   -9.541   -9.541   -7.221   -7.221   -6.847   -6.847    3.343    3.343
    4.333    4.333    5.014    5.014    5.356    5.356
            0.268000  0.154730  0.000000
  -19.436  -19.436   -9.514   -9.514   -7.235   -7.235   -6.838   -6.838    3.326    3.326
    4.316    4.316    5.027    5.027    5.353    5.353
            0.267000  0.154153  0.000000
  -19.449  -19.449   -9.488   -9.488   -7.250   -7.250   -6.828   -6.828    3.309    3.309
    4.299    4.299    5.038    5.038    5.352    5.352
            0.266000  0.153575  0.000000
  -19.461  -19.461   -9.461   -9.461   -7.264   -7.264   -6.818   -6.818    3.291    3.291
    4.282    4.282    5.045    5.045    5.355    5.355
            0.265000  0.152998  0.000000
  -19.473  -19.473   -9.435   -9.435   -7.278   -7.278   -6.809   -6.809    3.274    3.274
    4.265    4.265    5.050    5.050    5.361    5.361
            0.264000  0.152420  0.000000
  -19.485  -19.485   -9.408   -9.408   -7.292   -7.292   -6.799   -6.799    3.257    3.257
    4.248    4.248    5.051    5.051    5.369    5.370
            0.263000  0.151843  0.000000
  -19.498  -19.498   -9.382   -9.382   -7.306   -7.306   -6.789   -6.789    3.240    3.240
    4.231    4.231    5.050    5.050    5.381    5.381
            0.262000  0.151266  0.000000
  -19.510  -19.510   -9.355   -9.355   -7.320   -7.320   -6.780   -6.780    3.223    3.223
    4.214    4.214    5.046    5.046    5.396    5.396
            0.261000  0.150688  0.000000
  -19.522  -19.522   -9.329   -9.329   -7.334   -7.334   -6.770   -6.770    3.206    3.206
    4.197    4.197    5.040    5.040    5.412    5.412
            0.260000  0.150111  0.000000
  -19.534  -19.534   -9.302   -9.302   -7.348   -7.348   -6.760   -6.760    3.189    3.189
    4.181    4.181    5.032    5.032    5.430    5.430
            0.259000  0.149534  0.000000
  -19.546  -19.546   -9.276   -9.276   -7.362   -7.362   -6.751   -6.751    3.172    3.172
    4.164    4.164    5.023    5.023    5.450    5.450
            0.258000  0.148956  0.000000
  -19.558  -19.558   -9.250   -9.250   -7.376   -7.376   -6.741   -6.741    3.156    3.156
    4.147    4.147    5.013    5.013    5.471    5.471
            0.257000  0.148379  0.000000
  -19.570  -19.570   -9.223   -9.223   -7.390   -7.390   -6.731   -6.731    3.139    3.139
    4.131    4.131    5.002    5.002    5.493    5.493
            0.256000  0.147802  0.000000
  -19.582  -19.582   -9.197   -9.197   -7.403   -7.403   -6.721   -6.721    3.122    3.122
    4.114    4.114    4.990    4.990    5.515    5.515
            0.255000  0.147224  0.000000
  -19.594  -19.594   -9.170   -9.170   -7.417   -7.417   -6.711   -6.711    3.106    3.106
    4.098    4.098    4.977    4.978    5.538    5.538
            0.254000  0.146647  0.000000
  -19.605  -19.605   -9.144   -9.144   -7.431   -7.431   -6.701   -6.701    3.089    3.089
    4.082    4.082    4.965    4.965    5.562    5.562
            0.253000  0.146070  0.000000
  -19.617  -19.617   -9.118   -9.118   -7.444   -7.444   -6.691   -6.691    3.073    3.073
    4.065    4.065    4.951    4.951    5.586    5.586
            0.252000  0.145492  0.000000
  -19.629  -19.629   -9.091   -9.091   -7.458   -7.458   -6.682   -6.682    3.056    3.056
    4.049    4.049    4.938    4.938    5.610    5.610
            0.251000  0.144915  0.000000
  -19.640  -19.640   -9.065   -9.065   -7.471   -7.471   -6.672   -6.672    3.040    3.040
    4.033    4.033    4.924    4.924    5.635    5.635
            0.250000  0.144338  0.000000
  -19.652  -19.652   -9.039   -9.039   -7.485   -7.485   -6.662   -6.662    3.024    3.024
    4.017    4.017    4.910    4.910    5.659    5.659
            0.249000  0.143760  0.000000
  -19.664  -19.664   -9.012   -9.012   -7.498   -7.498   -6.652   -6.652    3.007    3.007
    4.001    4.001    4.896    4.896    5.684    5.684
            0.248000  0.143183  0.000000
  -19.675  -19.675   -8.986   -8.986   -7.512   -7.512   -6.642   -6.642    2.991    2.991
    3.985    3.985    4.882    4.882    5.709    5.709
            0.247000  0.142606  0.000000
  -19.687  -19.687   -8.960   -8.960   -7.525   -7.525   -6.632   -6.632    2.975    2.975
    3.969    3.969    4.867    4.867    5.734    5.734
            0.246000  0.142028  0.000000
  -19.698  -19.698   -8.934   -8.934   -7.538   -7.538   -6.621   -6.621    2.959    2.959
    3.953    3.953    4.853    4.853    5.760    5.760
            0.245000  0.141451  0.000000
  -19.709  -19.709   -8.907   -8.907   -7.551   -7.551   -6.611   -6.611    2.943    2.943
    3.937    3.938    4.838    4.839    5.785    5.785
            0.244000  0.140873  0.000000
  -19.721  -19.721   -8.881   -8.881   -7.565   -7.565   -6.601   -6.601    2.927    2.927
    3.922    3.922    4.824    4.824    5.810    5.810
            0.243000  0.140296  0.000000
  -19.732  -19.732   -8.855   -8.855   -7.578   -7.578   -6.591   -6.591    2.911    2.912
    3.906    3.906    4.809    4.809    5.835    5.835
            0.242000  0.139719  0.000000
  -19.743  -19.743   -8.829   -8.829   -7.591   -7.591   -6.581   -6.581    2.896    2.896
    3.890    3.891    4.795    4.795    5.861    5.861
            0.241000  0.139141  0.000000
  -19.755  -19.755   -8.802   -8.802   -7.604   -7.604   -6.571   -6.571    2.880    2.880
    3.875    3.875    4.780    4.780    5.886    5.886
            0.240000  0.138564  0.000000
  -19.766  -19.766   -8.776   -8.776   -7.617   -7.617   -6.561   -6.561    2.864    2.864
    3.860    3.860    4.765    4.766    5.911    5.911
            0.239000  0.137987  0.000000
  -19.777  -19.777   -8.750   -8.750   -7.630   -7.630   -6.550   -6.550    2.849    2.849
    3.844    3.844    4.751    4.751    5.936    5.936
            0.238000  0.137409  0.000000
  -19.788  -19.788   -8.724   -8.724   -7.643   -7.643   -6.540   -6.540    2.833    2.833
    3.829    3.829    4.736    4.737    5.961    5.961
            0.237000  0.136832  0.000000
  -19.799  -19.799   -8.698   -8.698   -7.656   -7.656   -6.530   -6.530    2.818    2.818
    3.813    3.814    4.722    4.722    5.986    5.986
            0.236000  0.136255  0.000000
  -19.810  -19.810   -8.672   -8.672   -7.668   -7.668   -6.520   -6.520    2.802    2.803
    3.798    3.798    4.707    4.707    6.011    6.011
            0.235000  0.135677  0.000000
  -19.821  -19.821   -8.646   -8.646   -7.681   -7.681   -6.509   -6.509    2.787    2.787
    3.783    3.783    4.693    4.693    6.036    6.036
            0.234000  0.135100  0.000000
  -19.832  -19.832   -8.620   -8.620   -7.694   -7.694   -6.499   -6.499    2.772    2.772
    3.768    3.768    4.678    4.679    6.061    6.061
            0.233000  0.134523  0.000000
  -19.843  -19.843   -8.594   -8.594   -7.706   -7.706   -6.489   -6.489    2.757    2.757
    3.753    3.753    4.664    4.664    6.085    6.085
            0.232000  0.133945  0.000000
  -19.854  -19.854   -8.568   -8.568   -7.719   -7.719   -6.478   -6.478    2.742    2.742
    3.738    3.738    4.649    4.650    6.109    6.109
            0.231000  0.133368  0.000000
  -19.864  -19.864   -8.542   -8.542   -7.732   -7.732   -6.468   -6.468    2.726    2.727
    3.723    3.723    4.635    4.635    6.133    6.133
            0.230000  0.132791  0.000000
  -19.875  -19.875   -8.516   -8.516   -7.744   -7.744   -6.458   -6.458    2.711    2.712
    3.708    3.708    4.621    4.621    6.156    6.156
            0.229000  0.132213  0.000000
  -19.886  -19.886   -8.490   -8.490   -7.757   -7.757   -6.447   -6.447    2.697    2.697
    3.694    3.694    4.606    4.607    6.179    6.179
            0.228000  0.131636  0.000000
  -19.896  -19.896   -8.464   -8.464   -7.769   -7.769   -6.437   -6.437    2.682    2.682
    3.679    3.679    4.592    4.592    6.201    6.201
            0.227000  0.131059  0.000000
  -19.907  -19.907   -8.438   -8.438   -7.781   -7.781   -6.426   -6.426    2.667    2.667
    3.664    3.664    4.578    4.578    6.223    6.223
            0.226000  0.130481  0.000000
  -19.917  -19.917   -8.412   -8.412   -7.794   -7.794   -6.416   -6.416    2.652    2.652
    3.650    3.650    4.564    4.564    6.243    6.243
            0.225000  0.129904  0.000000
  -19.928  -19.928   -8.386   -8.386   -7.806   -7.806   -6.406   -6.406    2.637    2.638
    3.635    3.635    4.550    4.550    6.262    6.262
            0.224000  0.129326  0.000000
  -19.938  -19.938   -8.360   -8.360   -7.818   -7.818   -6.395   -6.395    2.623    2.623
    3.621    3.621    4.536    4.536    6.280    6.280
            0.223000  0.128749  0.000000
  -19.949  -19.949   -8.334   -8.334   -7.830   -7.830   -6.385   -6.385    2.608    2.608
    3.606    3.606    4.522    4.522    6.295    6.295
            0.222000  0.128172  0.000000
  -19.959  -19.959   -8.309   -8.309   -7.842   -7.842   -6.374   -6.374    2.594    2.594
    3.592    3.592    4.508    4.508    6.307    6.307
            0.221000  0.127594  0.000000
  -19.969  -19.969   -8.283   -8.283   -7.855   -7.855   -6.364   -6.364    2.579    2.579
    3.578    3.578    4.494    4.494    6.316    6.316
            0.220000  0.127017  0.000000
  -19.980  -19.980   -8.257   -8.257   -7.867   -7.867   -6.353   -6.353    2.565    2.565
    3.564    3.564    4.480    4.480    6.322    6.322
            0.219000  0.126440  0.000000
  -19.990  -19.990   -8.232   -8.232   -7.878   -7.878   -6.342   -6.342    2.551    2.551
    3.549    3.549    4.466    4.466    6.325    6.325
            0.218000  0.125862  0.000000
  -20.000  -20.000   -8.206   -8.206   -7.890   -7.890   -6.332   -6.332    2.537    2.537
    3.535    3.535    4.452    4.452    6.324    6.324
            0.217000  0.125285  0.000000
  -20.010  -20.010   -8.180   -8.180   -7.902   -7.902   -6.321   -6.321    2.522    2.522
    3.521    3.521    4.439    4.439    6.321    6.321
            0.216000  0.124708  0.000000
  -20.020  -20.020   -8.155   -8.155   -7.914   -7.914   -6.311   -6.311    2.508    2.508
    3.507    3.507    4.425    4.425    6.316    6.316
            0.215000  0.124130  0.000000
  -20.030  -20.030   -8.129   -8.129   -7.926   -7.926   -6.300   -6.300    2.494    2.494
    3.493    3.494    4.411    4.411    6.309    6.310
            0.214000  0.123553  0.000000
  -20.040  -20.040   -8.104   -8.103   -7.938   -7.938   -6.290   -6.290    2.480    2.480
    3.480    3.480    4.398    4.398    6.302    6.302
            0.213000  0.122976  0.000000
  -20.050  -20.050   -8.078   -8.078   -7.949   -7.949   -6.279   -6.279    2.466    2.466
    3.466    3.466    4.384    4.384    6.293    6.293
            0.212000  0.122398  0.000000
  -20.060  -20.060   -8.053   -8.052   -7.961   -7.961   -6.268   -6.268    2.453    2.453
    3.452    3.452    4.371    4.371    6.283    6.284
            0.211000  0.121821  0.000000
  -20.070  -20.070   -8.027   -8.027   -7.972   -7.972   -6.258   -6.258    2.439    2.439
    3.439    3.439    4.357    4.358    6.273    6.274
            0.210000  0.121244  0.000000
  -20.080  -20.080   -8.002   -8.002   -7.984   -7.983   -6.247   -6.247    2.425    2.425
    3.425    3.425    4.344    4.344    6.263    6.263
            0.209000  0.120666  0.000000
  -20.090  -20.090   -7.996   -7.996   -7.976   -7.976   -6.236   -6.236    2.411    2.411
    3.412    3.412    4.331    4.331    6.252    6.252
            0.208000  0.120089  0.000000
  -20.099  -20.099   -8.007   -8.007   -7.951   -7.951   -6.226   -6.226    2.398    2.398
    3.398    3.398    4.318    4.318    6.241    6.241
            0.207000  0.119512  0.000000
  -20.109  -20.109   -8.018   -8.018   -7.926   -7.925   -6.215   -6.215    2.384    2.384
    3.385    3.385    4.304    4.305    6.229    6.230
            0.206000  0.118934  0.000000
  -20.119  -20.119   -8.030   -8.030   -7.900   -7.900   -6.204   -6.204    2.371    2.371
    3.371    3.372    4.291    4.292    6.218    6.218
            0.205000  0.118357  0.000000
  -20.128  -20.128   -8.041   -8.041   -7.875   -7.875   -6.194   -6.194    2.357    2.358
    3.358    3.358    4.278    4.278    6.206    6.207
            0.204000  0.117779  0.000000
  -20.138  -20.138   -8.052   -8.052   -7.850   -7.850   -6.183   -6.183    2.344    2.344
    3.345    3.345    4.265    4.266    6.195    6.195
            0.203000  0.117202  0.000000
  -20.147  -20.147   -8.063   -8.063   -7.825   -7.825   -6.172   -6.172    2.331    2.331
    3.332    3.332    4.252    4.253    6.183    6.183
            0.202000  0.116625  0.000000
  -20.157  -20.157   -8.074   -8.074   -7.800   -7.800   -6.162   -6.162    2.318    2.318
    3.319    3.319    4.240    4.240    6.171    6.171
            0.201000  0.116047  0.000000
  -20.166  -20.166   -8.085   -8.085   -7.774   -7.774   -6.151   -6.151    2.305    2.305
    3.306    3.306    4.227    4.227    6.159    6.159
            0.200000  0.115470  0.000000
  -20.176  -20.176   -8.096   -8.096   -7.749   -7.749   -6.140   -6.140    2.292    2.292
    3.293    3.293    4.214    4.214    6.147    6.147
            0.199000  0.114893  0.000000
  -20.185  -20.185   -8.107   -8.107   -7.724   -7.724   -6.130   -6.130    2.279    2.279
    3.280    3.280    4.201    4.202    6.135    6.136
            0.198000  0.114315  0.000000
  -20.194  -20.194   -8.118   -8.118   -7.699   -7.699   -6.119   -6.119    2.266    2.266
    3.267    3.267    4.189    4.189    6.123    6.124
            0.197000  0.113738  0.000000
  -20.203  -20.203   -8.129   -8.129   -7.674   -7.674   -6.108   -6.108    2.253    2.253
    3.255    3.255    4.176    4.176    6.111    6.112
            0.196000  0.113161  0.000000
  -20.213  -20.213   -8.140   -8.140   -7.650   -7.650   -6.097   -6.097    2.240    2.240
    3.242    3.242    4.164    4.164    6.099    6.100
            0.195000  0.112583  0.000000
  -20.222  -20.222   -8.151   -8.151   -7.625   -7.625   -6.087   -6.087    2.227    2.227
    3.229    3.229    4.151    4.151    6.088    6.088
            0.194000  0.112006  0.000000
  -20.231  -20.231   -8.161   -8.161   -7.600   -7.600   -6.076   -6.076    2.215    2.215
    3.217    3.217    4.139    4.139    6.076    6.076
            0.193000  0.111429  0.000000
  -20.240  -20.240   -8.172   -8.172   -7.575   -7.575   -6.065   -6.065    2.202    2.202
    3.204    3.204    4.127    4.127    6.064    6.064
            0.192000  0.110851  0.000000
  -20.249  -20.249   -8.183   -8.183   -7.550   -7.550   -6.054   -6.054    2.189    2.189
    3.192    3.192    4.114    4.114    6.052    6.052
            0.191000  0.110274  0.000000
  -20.258  -20.258   -8.193   -8.193   -7.526   -7.526   -6.044   -6.044    2.177    2.177
    3.180    3.180    4.102    4.102    6.040    6.040
            0.190000  0.109697  0.000000
  -20.267  -20.267   -8.204   -8.204   -7.501   -7.501   -6.033   -6.033    2.164    2.165
    3.167    3.167    4.090    4.090    6.028    6.029
            0.189000  0.109119  0.000000
  -20.276  -20.276   -8.214   -8.214   -7.477   -7.477   -6.022   -6.022    2.152    2.152
    3.155    3.155    4.078    4.078    6.017    6.017
            0.188000  0.108542  0.000000
  -20.284  -20.284   -8.225   -8.224   -7.452   -7.452   -6.011   -6.011    2.140    2.140
    3.143    3.143    4.066    4.066    6.005    6.005
            0.187000  0.107965  0.000000
  -20.293  -20.293   -8.235   -8.235   -7.428   -7.428   -6.001   -6.001    2.128    2.128
    3.131    3.131    4.054    4.054    5.993    5.994
            0.186000  0.107387  0.000000
  -20.302  -20.302   -8.245   -8.245   -7.403   -7.403   -5.990   -5.990    2.115    2.116
    3.119    3.119    4.042    4.042    5.982    5.982
            0.185000  0.106810  0.000000
  -20.311  -20.311   -8.255   -8.255   -7.379   -7.379   -5.979   -5.979    2.103    2.103
    3.107    3.107    4.030    4.030    5.970    5.970
            0.184000  0.106232  0.000000
  -20.319  -20.319   -8.266   -8.266   -7.354   -7.354   -5.968   -5.968    2.091    2.091
    3.095    3.095    4.018    4.019    5.959    5.959
            0.183000  0.105655  0.000000
  -20.328  -20.328   -8.276   -8.276   -7.330   -7.330   -5.958   -5.958    2.079    2.079
    3.083    3.083    4.007    4.007    5.947    5.947
            0.182000  0.105078  0.000000
  -20.336  -20.336   -8.286   -8.286   -7.306   -7.306   -5.947   -5.947    2.067    2.068
    3.071    3.071    3.995    3.995    5.936    5.936
            0.181000  0.104500  0.000000
  -20.345  -20.345   -8.296   -8.296   -7.282   -7.282   -5.936   -5.936    2.056    2.056
    3.060    3.060    3.983    3.984    5.924    5.925
            0.180000  0.103923  0.000000
  -20.353  -20.353   -8.306   -8.306   -7.258   -7.258   -5.925   -5.925    2.044    2.044
    3.048    3.048    3.972    3.972    5.913    5.913
            0.179000  0.103346  0.000000
  -20.362  -20.362   -8.316   -8.316   -7.233   -7.233   -5.915   -5.915    2.032    2.032
    3.036    3.037    3.960    3.961    5.902    5.902
            0.178000  0.102768  0.000000
  -20.370  -20.370   -8.326   -8.326   -7.209   -7.209   -5.904   -5.904    2.021    2.021
    3.025    3.025    3.949    3.949    5.891    5.891
            0.177000  0.102191  0.000000
  -20.378  -20.378   -8.335   -8.335   -7.185   -7.185   -5.893   -5.893    2.009    2.009
    3.014    3.014    3.938    3.938    5.880    5.880
            0.176000  0.101614  0.000000
  -20.387  -20.387   -8.345   -8.345   -7.162   -7.162   -5.882   -5.882    1.997    1.998
    3.002    3.002    3.926    3.927    5.868    5.869
            0.175000  0.101036  0.000000
  -20.395  -20.395   -8.355   -8.355   -7.138   -7.138   -5.872   -5.872    1.986    1.986
    2.991    2.991    3.915    3.915    5.857    5.858
            0.174000  0.100459  0.000000
  -20.403  -20.403   -8.365   -8.364   -7.114   -7.114   -5.861   -5.861    1.975    1.975
    2.980    2.980    3.904    3.904    5.846    5.847
            0.173000  0.099882  0.000000
  -20.411  -20.411   -8.374   -8.374   -7.090   -7.090   -5.850   -5.850    1.963    1.963
    2.968    2.968    3.893    3.893    5.835    5.836
            0.172000  0.099304  0.000000
  -20.419  -20.419   -8.384   -8.384   -7.066   -7.066   -5.840   -5.840    1.952    1.952
    2.957    2.957    3.882    3.882    5.825    5.825
            0.171000  0.098727  0.000000
  -20.427  -20.427   -8.393   -8.393   -7.043   -7.043   -5.829   -5.829    1.941    1.941
    2.946    2.946    3.871    3.871    5.814    5.814
            0.170000  0.098150  0.000000
  -20.435  -20.435   -8.403   -8.403   -7.019   -7.019   -5.818   -5.818    1.930    1.930
    2.935    2.935    3.860    3.860    5.803    5.803
            0.169000  0.097572  0.000000
  -20.443  -20.443   -8.412   -8.412   -6.996   -6.996   -5.807   -5.807    1.919    1.919
    2.924    2.924    3.849    3.849    5.792    5.792
            0.168000  0.096995  0.000000
  -20.451  -20.451   -8.421   -8.421   -6.972   -6.972   -5.797   -5.797    1.908    1.908
    2.913    2.913    3.839    3.839    5.782    5.782
            0.167000  0.096417  0.000000
  -20.459  -20.459   -8.431   -8.431   -6.949   -6.949   -5.786   -5.786    1.897    1.897
    2.903    2.903    3.828    3.828    5.771    5.771
            0.166000  0.095840  0.000000
  -20.467  -20.467   -8.440   -8.440   -6.926   -6.926   -5.776   -5.776    1.886    1.886
    2.892    2.892    3.817    3.817    5.760    5.761
            0.165000  0.095263  0.000000
  -20.474  -20.474   -8.449   -8.449   -6.902   -6.902   -5.765   -5.765    1.875    1.875
    2.881    2.881    3.807    3.807    5.750    5.750
            0.164000  0.094685  0.000000
  -20.482  -20.482   -8.458   -8.458   -6.879   -6.879   -5.754   -5.754    1.865    1.865
    2.871    2.871    3.796    3.796    5.740    5.740
            0.163000  0.094108  0.000000
  -20.490  -20.490   -8.467   -8.467   -6.856   -6.856   -5.744   -5.744    1.854    1.854
    2.860    2.860    3.786    3.786    5.729    5.729
            0.162000  0.093531  0.000000
  -20.497  -20.497   -8.476   -8.476   -6.833   -6.833   -5.733   -5.733    1.843    1.843
    2.850    2.850    3.775    3.775    5.719    5.719
            0.161000  0.092953  0.000000
  -20.505  -20.505   -8.485   -8.485   -6.810   -6.810   -5.722   -5.722    1.833    1.833
    2.839    2.839    3.765    3.765    5.709    5.709
            0.160000  0.092376  0.000000
  -20.513  -20.513   -8.494   -8.494   -6.787   -6.787   -5.712   -5.712    1.822    1.822
    2.829    2.829    3.755    3.755    5.698    5.699
            0.159000  0.091799  0.000000
  -20.520  -20.520   -8.503   -8.503   -6.764   -6.764   -5.701   -5.701    1.812    1.812
    2.818    2.819    3.744    3.745    5.688    5.689
            0.158000  0.091221  0.000000
  -20.527  -20.527   -8.512   -8.512   -6.741   -6.741   -5.691   -5.691    1.802    1.802
    2.808    2.808    3.734    3.734    5.678    5.678
            0.157000  0.090644  0.000000
  -20.535  -20.535   -8.521   -8.521   -6.719   -6.719   -5.680   -5.680    1.791    1.791
    2.798    2.798    3.724    3.724    5.668    5.668
            0.156000  0.090067  0.000000
  -20.542  -20.542   -8.529   -8.529   -6.696   -6.696   -5.670   -5.670    1.781    1.781
    2.788    2.788    3.714    3.714    5.658    5.659
            0.155000  0.089489  0.000000
  -20.550  -20.549   -8.538   -8.538   -6.673   -6.673   -5.659   -5.659    1.771    1.771
    2.778    2.778    3.704    3.704    5.648    5.649
            0.154000  0.088912  0.000000
  -20.557  -20.557   -8.547   -8.547   -6.651   -6.651   -5.649   -5.649    1.761    1.761
    2.768    2.768    3.694    3.694    5.639    5.639
            0.153000  0.088335  0.000000
  -20.564  -20.564   -8.555   -8.555   -6.629   -6.629   -5.638   -5.638    1.751    1.751
    2.758    2.758    3.685    3.685    5.629    5.629
            0.152000  0.087757  0.000000
  -20.571  -20.571   -8.564   -8.564   -6.606   -6.606   -5.628   -5.628    1.741    1.741
    2.748    2.748    3.675    3.675    5.619    5.619
            0.151000  0.087180  0.000000
  -20.578  -20.578   -8.572   -8.572   -6.584   -6.584   -5.617   -5.617    1.731    1.731
    2.739    2.739    3.665    3.665    5.610    5.610
            0.150000  0.086603  0.000000
  -20.585  -20.585   -8.580   -8.580   -6.562   -6.562   -5.607   -5.607    1.721    1.721
    2.729    2.729    3.655    3.656    5.600    5.600
            0.149000  0.086025  0.000000
  -20.592  -20.592   -8.589   -8.589   -6.540   -6.540   -5.597   -5.597    1.711    1.711
    2.719    2.719    3.646    3.646    5.590    5.591
            0.148000  0.085448  0.000000
  -20.599  -20.599   -8.597   -8.597   -6.518   -6.518   -5.586   -5.586    1.702    1.702
    2.710    2.710    3.636    3.636    5.581    5.581
            0.147000  0.084870  0.000000
  -20.606  -20.606   -8.605   -8.605   -6.496   -6.496   -5.576   -5.576    1.692    1.692
    2.700    2.700    3.627    3.627    5.572    5.572
            0.146000  0.084293  0.000000
  -20.613  -20.613   -8.613   -8.613   -6.474   -6.474   -5.566   -5.566    1.683    1.683
    2.691    2.691    3.617    3.618    5.562    5.562
            0.145000  0.083716  0.000000
  -20.620  -20.620   -8.621   -8.621   -6.452   -6.452   -5.555   -5.555    1.673    1.673
    2.681    2.681    3.608    3.608    5.553    5.553
            0.144000  0.083138  0.000000
  -20.627  -20.627   -8.629   -8.629   -6.430   -6.430   -5.545   -5.545    1.664    1.664
    2.672    2.672    3.599    3.599    5.544    5.544
            0.143000  0.082561  0.000000
  -20.633  -20.633   -8.637   -8.637   -6.409   -6.409   -5.535   -5.535    1.654    1.654
    2.663    2.663    3.590    3.590    5.535    5.535
            0.142000  0.081984  0.000000
  -20.640  -20.640   -8.645   -8.645   -6.387   -6.387   -5.525   -5.525    1.645    1.645
    2.653    2.653    3.581    3.581    5.526    5.526
            0.141000  0.081406  0.000000
  -20.647  -20.647   -8.653   -8.653   -6.366   -6.366   -5.514   -5.514    1.636    1.636
    2.644    2.644    3.572    3.572    5.517    5.517
            0.140000  0.080829  0.000000
  -20.653  -20.653   -8.661   -8.661   -6.344   -6.344   -5.504   -5.504    1.627    1.627
    2.635    2.635    3.563    3.563    5.508    5.508
            0.139000  0.080252  0.000000
  -20.660  -20.660   -8.669   -8.669   -6.323   -6.323   -5.494   -5.494    1.618    1.618
    2.626    2.626    3.554    3.554    5.499    5.499
            0.138000  0.079674  0.000000
  -20.666  -20.666   -8.677   -8.677   -6.302   -6.302   -5.484   -5.484    1.608    1.609
    2.617    2.617    3.545    3.545    5.490    5.490
            0.137000  0.079097  0.000000
  -20.673  -20.673   -8.684   -8.684   -6.281   -6.281   -5.474   -5.474    1.600    1.600
    2.608    2.609    3.536    3.536    5.481    5.481
            0.136000  0.078520  0.000000
  -20.679  -20.679   -8.692   -8.692   -6.260   -6.260   -5.464   -5.464    1.591    1.591
    2.600    2.600    3.527    3.527    5.472    5.473
            0.135000  0.077942  0.000000
  -20.686  -20.686   -8.700   -8.700   -6.239   -6.239   -5.454   -5.454    1.582    1.582
    2.591    2.591    3.518    3.519    5.464    5.464
            0.134000  0.077365  0.000000
  -20.692  -20.692   -8.707   -8.707   -6.218   -6.218   -5.444   -5.444    1.573    1.573
    2.582    2.582    3.510    3.510    5.455    5.455
            0.133000  0.076788  0.000000
  -20.698  -20.698   -8.714   -8.714   -6.197   -6.197   -5.434   -5.434    1.564    1.564
    2.574    2.574    3.501    3.501    5.447    5.447
            0.132000  0.076210  0.000000
  -20.704  -20.704   -8.722   -8.722   -6.176   -6.176   -5.424   -5.424    1.556    1.556
    2.565    2.565    3.493    3.493    5.438    5.438
            0.131000  0.075633  0.000000
  -20.711  -20.711   -8.729   -8.729   -6.156   -6.156   -5.414   -5.414    1.547    1.547
    2.557    2.557    3.484    3.484    5.430    5.430
            0.130000  0.075056  0.000000
  -20.717  -20.717   -8.737   -8.737   -6.135   -6.135   -5.404   -5.404    1.539    1.539
    2.548    2.548    3.476    3.476    5.422    5.422
            0.129000  0.074478  0.000000
  -20.723  -20.723   -8.744   -8.744   -6.115   -6.115   -5.394   -5.394    1.530    1.530
    2.540    2.540    3.468    3.468    5.413    5.413
            0.128000  0.073901  0.000000
  -20.729  -20.729   -8.751   -8.751   -6.095   -6.095   -5.384   -5.384    1.522    1.522
    2.532    2.532    3.459    3.460    5.405    5.405
            0.127000  0.073323  0.000000
  -20.735  -20.735   -8.758   -8.758   -6.074   -6.074   -5.374   -5.374    1.513    1.513
    2.523    2.523    3.451    3.451    5.397    5.397
            0.126000  0.072746  0.000000
  -20.741  -20.741   -8.765   -8.765   -6.054   -6.054   -5.365   -5.365    1.505    1.505
    2.515    2.515    3.443    3.443    5.389    5.389
            0.125000  0.072169  0.000000
  -20.747  -20.747   -8.772   -8.772   -6.034   -6.034   -5.355   -5.355    1.497    1.497
    2.507    2.507    3.435    3.435    5.381    5.381
            0.124000  0.071591  0.000000
  -20.753  -20.753   -8.779   -8.779   -6.015   -6.015   -5.345   -5.345    1.489    1.489
    2.499    2.499    3.427    3.427    5.373    5.373
            0.123000  0.071014  0.000000
  -20.758  -20.758   -8.786   -8.786   -5.995   -5.995   -5.336   -5.336    1.481    1.481
    2.491    2.491    3.419    3.419    5.365    5.365
            0.122000  0.070437  0.000000
  -20.764  -20.764   -8.793   -8.793   -5.975   -5.975   -5.326   -5.326    1.473    1.473
    2.483    2.483    3.411    3.411    5.357    5.357
            0.121000  0.069859  0.000000
  -20.770  -20.770   -8.800   -8.800   -5.956   -5.956   -5.316   -5.316    1.465    1.465
    2.475    2.475    3.404    3.404    5.349    5.350
            0.120000  0.069282  0.000000
  -20.776  -20.776   -8.806   -8.806   -5.936   -5.936   -5.307   -5.307    1.457    1.457
    2.468    2.468    3.396    3.396    5.342    5.342
            0.119000  0.068705  0.000000
  -20.781  -20.781   -8.813   -8.813   -5.917   -5.917   -5.297   -5.297    1.449    1.449
    2.460    2.460    3.388    3.388    5.334    5.334
            0.118000  0.068127  0.000000
  -20.787  -20.787   -8.820   -8.820   -5.897   -5.897   -5.288   -5.288    1.441    1.442
    2.452    2.452    3.381    3.381    5.327    5.327
            0.117000  0.067550  0.000000
  -20.792  -20.792   -8.826   -8.826   -5.878   -5.878   -5.279   -5.279    1.434    1.434
    2.445    2.445    3.373    3.373    5.319    5.319
            0.116000  0.066973  0.000000
  -20.798  -20.798   -8.833   -8.833   -5.859   -5.859   -5.269   -5.269    1.426    1.426
    2.437    2.437    3.366    3.366    5.312    5.312
            0.115000  0.066395  0.000000
  -20.803  -20.803   -8.839   -8.839   -5.840   -5.840   -5.260   -5.260    1.419    1.419
    2.430    2.430    3.358    3.358    5.304    5.304
            0.114000  0.065818  0.000000
  -20.809  -20.809   -8.846   -8.846   -5.821   -5.821   -5.251   -5.251    1.411    1.411
    2.422    2.422    3.351    3.351    5.297    5.297
            0.113000  0.065241  0.000000
  -20.814  -20.814   -8.852   -8.852   -5.803   -5.803   -5.241   -5.241    1.404    1.404
    2.415    2.415    3.343    3.344    5.290    5.290
            0.112000  0.064663  0.000000
  -20.819  -20.819   -8.858   -8.858   -5.784   -5.784   -5.232   -5.232    1.396    1.397
    2.408    2.408    3.336    3.336    5.282    5.283
            0.111000  0.064086  0.000000
  -20.824  -20.824   -8.865   -8.865   -5.766   -5.766   -5.223   -5.223    1.389    1.389
    2.400    2.400    3.329    3.329    5.275    5.275
            0.110000  0.063509  0.000000
  -20.830  -20.830   -8.871   -8.871   -5.747   -5.747   -5.214   -5.214    1.382    1.382
    2.393    2.393    3.322    3.322    5.268    5.268
            0.109000  0.062931  0.000000
  -20.835  -20.835   -8.877   -8.877   -5.729   -5.729   -5.205   -5.205    1.375    1.375
    2.386    2.386    3.315    3.315    5.261    5.261
            0.108000  0.062354  0.000000
  -20.840  -20.840   -8.883   -8.883   -5.711   -5.711   -5.196   -5.196    1.368    1.368
    2.379    2.379    3.308    3.308    5.254    5.254
            0.107000  0.061776  0.000000
  -20.845  -20.845   -8.889   -8.889   -5.693   -5.693   -5.187   -5.187    1.361    1.361
    2.372    2.372    3.301    3.301    5.247    5.248
            0.106000  0.061199  0.000000
  -20.850  -20.850   -8.895   -8.895   -5.675   -5.675   -5.178   -5.178    1.354    1.354
    2.365    2.365    3.294    3.294    5.241    5.241
            0.105000  0.060622  0.000000
  -20.855  -20.855   -8.901   -8.901   -5.657   -5.657   -5.169   -5.169    1.347    1.347
    2.359    2.359    3.288    3.288    5.234    5.234
            0.104000  0.060044  0.000000
  -20.860  -20.860   -8.907   -8.907   -5.640   -5.640   -5.160   -5.160    1.340    1.340
    2.352    2.352    3.281    3.281    5.227    5.227
            0.103000  0.059467  0.000000
  -20.865  -20.865   -8.913   -8.913   -5.622   -5.622   -5.152   -5.152    1.333    1.333
    2.345    2.345    3.274    3.274    5.221    5.221
            0.102000  0.058890  0.000000
  -20.870  -20.870   -8.918   -8.918   -5.605   -5.605   -5.143   -5.143    1.327    1.327
    2.339    2.339    3.268    3.268    5.214    5.214
            0.101000  0.058312  0.000000
  -20.874  -20.874   -8.924   -8.924   -5.587   -5.587   -5.134   -5.134    1.320    1.320
    2.332    2.332    3.261    3.261    5.207    5.208
            0.100000  0.057735  0.000000
  -20.879  -20.879   -8.930   -8.930   -5.570   -5.570   -5.126   -5.126    1.313    1.314
    2.326    2.326    3.255    3.255    5.201    5.201
            0.099000  0.057158  0.000000
  -20.884  -20.884   -8.935   -8.935   -5.553   -5.553   -5.117   -5.117    1.307    1.307
    2.319    2.319    3.248    3.248    5.195    5.195
            0.098000  0.056580  0.000000
  -20.888  -20.888   -8.941   -8.941   -5.536   -5.536   -5.109   -5.109    1.301    1.301
    2.313    2.313    3.242    3.242    5.188    5.188
            0.097000  0.056003  0.000000
  -20.893  -20.893   -8.946   -8.946   -5.520   -5.520   -5.100   -5.100    1.294    1.294
    2.307    2.307    3.236    3.236    5.182    5.182
            0.096000  0.055426  0.000000
  -20.898  -20.898   -8.952   -8.952   -5.503   -5.503   -5.092   -5.092    1.288    1.288
    2.300    2.300    3.229    3.230    5.176    5.176
            0.095000  0.054848  0.000000
  -20.902  -20.902   -8.957   -8.957   -5.486   -5.486   -5.084   -5.084    1.282    1.282
    2.294    2.294    3.223    3.223    5.170    5.170
            0.094000  0.054271  0.000000
  -20.906  -20.906   -8.962   -8.962   -5.470   -5.470   -5.075   -5.075    1.276    1.276
    2.288    2.288    3.217    3.217    5.164    5.164
            0.093000  0.053694  0.000000
  -20.911  -20.911   -8.968   -8.968   -5.454   -5.454   -5.067   -5.067    1.269    1.269
    2.282    2.282    3.211    3.211    5.158    5.158
            0.092000  0.053116  0.000000
  -20.915  -20.915   -8.973   -8.973   -5.438   -5.438   -5.059   -5.059    1.263    1.263
    2.276    2.276    3.205    3.205    5.152    5.152
            0.091000  0.052539  0.000000
  -20.920  -20.920   -8.978   -8.978   -5.422   -5.422   -5.051   -5.051    1.257    1.257
    2.270    2.270    3.199    3.200    5.146    5.146
            0.090000  0.051962  0.000000
  -20.924  -20.924   -8.983   -8.983   -5.406   -5.406   -5.043   -5.043    1.252    1.252
    2.264    2.264    3.194    3.194    5.140    5.140
            0.089000  0.051384  0.000000
  -20.928  -20.928   -8.988   -8.988   -5.390   -5.390   -5.035   -5.035    1.246    1.246
    2.258    2.259    3.188    3.188    5.135    5.135
            0.088000  0.050807  0.000000
  -20.932  -20.932   -8.993   -8.993   -5.375   -5.375   -5.027   -5.027    1.240    1.240
    2.253    2.253    3.182    3.182    5.129    5.129
            0.087000  0.050229  0.000000
  -20.936  -20.936   -8.998   -8.998   -5.359   -5.359   -5.019   -5.019    1.234    1.234
    2.247    2.247    3.177    3.177    5.123    5.123
            0.086000  0.049652  0.000000
  -20.940  -20.940   -9.003   -9.003   -5.344   -5.344   -5.011   -5.011    1.229    1.229
    2.242    2.242    3.171    3.171    5.118    5.118
            0.085000  0.049075  0.000000
  -20.944  -20.944   -9.008   -9.008   -5.329   -5.329   -5.004   -5.004    1.223    1.223
    2.236    2.236    3.166    3.166    5.112    5.112
            0.084000  0.048497  0.000000
  -20.948  -20.948   -9.013   -9.013   -5.314   -5.314   -4.996   -4.996    1.217    1.217
    2.231    2.231    3.160    3.160    5.107    5.107
            0.083000  0.047920  0.000000
  -20.952  -20.952   -9.017   -9.017   -5.299   -5.299   -4.988   -4.988    1.212    1.212
    2.225    2.225    3.155    3.155    5.101    5.102
            0.082000  0.047343  0.000000
  -20.956  -20.956   -9.022   -9.022   -5.284   -5.284   -4.981   -4.981    1.207    1.207
    2.220    2.220    3.149    3.150    5.096    5.096
            0.081000  0.046765  0.000000
  -20.960  -20.960   -9.026   -9.026   -5.270   -5.270   -4.974   -4.974    1.201    1.201
    2.215    2.215    3.144    3.144    5.091    5.091
            0.080000  0.046188  0.000000
  -20.964  -20.964   -9.031   -9.031   -5.255   -5.255   -4.966   -4.966    1.196    1.196
    2.209    2.209    3.139    3.139    5.086    5.086
            0.079000  0.045611  0.000000
  -20.968  -20.968   -9.035   -9.035   -5.241   -5.241   -4.959   -4.959    1.191    1.191
    2.204    2.204    3.134    3.134    5.081    5.081
            0.078000  0.045033  0.000000
  -20.971  -20.971   -9.040   -9.040   -5.227   -5.227   -4.952   -4.952    1.186    1.186
    2.199    2.199    3.129    3.129    5.076    5.076
            0.077000  0.044456  0.000000
  -20.975  -20.975   -9.044   -9.044   -5.213   -5.213   -4.944   -4.944    1.181    1.181
    2.194    2.194    3.124    3.124    5.071    5.071
            0.076000  0.043879  0.000000
  -20.979  -20.979   -9.049   -9.049   -5.199   -5.199   -4.937   -4.937    1.176    1.176
    2.189    2.189    3.119    3.119    5.066    5.066
            0.075000  0.043301  0.000000
  -20.982  -20.982   -9.053   -9.053   -5.185   -5.185   -4.930   -4.930    1.171    1.171
    2.184    2.184    3.114    3.114    5.061    5.061
            0.074000  0.042724  0.000000
  -20.986  -20.986   -9.057   -9.057   -5.172   -5.172   -4.923   -4.923    1.166    1.166
    2.180    2.180    3.109    3.109    5.056    5.056
            0.073000  0.042147  0.000000
  -20.989  -20.989   -9.061   -9.061   -5.158   -5.158   -4.917   -4.917    1.161    1.161
    2.175    2.175    3.105    3.105    5.052    5.052
            0.072000  0.041569  0.000000
  -20.993  -20.993   -9.065   -9.065   -5.145   -5.145   -4.910   -4.910    1.156    1.156
    2.170    2.170    3.100    3.100    5.047    5.047
            0.071000  0.040992  0.000000
  -20.996  -20.996   -9.069   -9.069   -5.132   -5.132   -4.903   -4.903    1.152    1.152
    2.166    2.166    3.095    3.095    5.042    5.042
            0.070000  0.040415  0.000000
  -20.999  -20.999   -9.073   -9.073   -5.119   -5.119   -4.896   -4.896    1.147    1.147
    2.161    2.161    3.091    3.091    5.038    5.038
            0.069000  0.039837  0.000000
  -21.002  -21.002   -9.077   -9.077   -5.106   -5.106   -4.890   -4.890    1.143    1.143
    2.157    2.157    3.086    3.086    5.033    5.033
            0.068000  0.039260  0.000000
  -21.006  -21.006   -9.081   -9.081   -5.094   -5.094   -4.883   -4.883    1.138    1.138
    2.152    2.152    3.082    3.082    5.029    5.029
            0.067000  0.038682  0.000000
  -21.009  -21.009   -9.085   -9.085   -5.081   -5.081   -4.877   -4.877    1.134    1.134
    2.148    2.148    3.078    3.078    5.025    5.025
            0.066000  0.038105  0.000000
  -21.012  -21.012   -9.089   -9.089   -5.069   -5.069   -4.871   -4.871    1.129    1.129
    2.143    2.144    3.073    3.073    5.020    5.020
            0.065000  0.037528  0.000000
  -21.015  -21.015   -9.092   -9.092   -5.057   -5.057   -4.864   -4.864    1.125    1.125
    2.139    2.139    3.069    3.069    5.016    5.016
            0.064000  0.036950  0.000000
  -21.018  -21.018   -9.096   -9.096   -5.045   -5.045   -4.858   -4.858    1.121    1.121
    2.135    2.135    3.065    3.065    5.012    5.012
            0.063000  0.036373  0.000000
  -21.021  -21.021   -9.099   -9.099   -5.033   -5.033   -4.852   -4.852    1.117    1.117
    2.131    2.131    3.061    3.061    5.008    5.008
            0.062000  0.035796  0.000000
  -21.024  -21.024   -9.103   -9.103   -5.022   -5.022   -4.846   -4.846    1.113    1.113
    2.127    2.127    3.057    3.057    5.004    5.004
            0.061000  0.035218  0.000000
  -21.027  -21.027   -9.106   -9.106   -5.010   -5.010   -4.840   -4.840    1.109    1.109
    2.123    2.123    3.053    3.053    5.000    5.000
            0.060000  0.034641  0.000000
  -21.030  -21.030   -9.110   -9.110   -4.999   -4.999   -4.834   -4.834    1.105    1.105
    2.119    2.119    3.049    3.049    4.996    4.996
            0.059000  0.034064  0.000000
  -21.033  -21.033   -9.113   -9.113   -4.988   -4.988   -4.828   -4.828    1.101    1.101
    2.115    2.115    3.045    3.045    4.992    4.992
            0.058000  0.033486  0.000000
  -21.035  -21.035   -9.116   -9.116   -4.977   -4.977   -4.823   -4.823    1.097    1.097
    2.111    2.112    3.042    3.042    4.989    4.989
            0.057000  0.032909  0.000000
  -21.038  -21.038   -9.120   -9.120   -4.966   -4.966   -4.817   -4.817    1.093    1.093
    2.108    2.108    3.038    3.038    4.985    4.985
            0.056000  0.032332  0.000000
  -21.041  -21.041   -9.123   -9.123   -4.955   -4.955   -4.812   -4.812    1.090    1.090
    2.104    2.104    3.034    3.034    4.981    4.981
            0.055000  0.031754  0.000000
  -21.043  -21.043   -9.126   -9.126   -4.945   -4.945   -4.806   -4.806    1.086    1.086
    2.101    2.101    3.031    3.031    4.978    4.978
            0.054000  0.031177  0.000000
  -21.046  -21.046   -9.129   -9.129   -4.935   -4.935   -4.801   -4.801    1.082    1.082
    2.097    2.097    3.027    3.027    4.974    4.974
            0.053000  0.030600  0.000000
  -21.049  -21.049   -9.132   -9.132   -4.925   -4.925   -4.795   -4.795    1.079    1.079
    2.094    2.094    3.024    3.024    4.971    4.971
            0.052000  0.030022  0.000000
  -21.051  -21.051   -9.135   -9.135   -4.915   -4.915   -4.790   -4.790    1.075    1.075
    2.090    2.090    3.020    3.020    4.967    4.967
            0.051000  0.029445  0.000000
  -21.053  -21.053   -9.138   -9.138   -4.905   -4.905   -4.785   -4.785    1.072    1.072
    2.087    2.087    3.017    3.017    4.964    4.964
            0.050000  0.028868  0.000000
  -21.056  -21.056   -9.141   -9.141   -4.895   -4.895   -4.780   -4.780    1.069    1.069
    2.084    2.084    3.014    3.014    4.961    4.961
            0.049000  0.028290  0.000000
  -21.058  -21.058   -9.144   -9.144   -4.886   -4.886   -4.775   -4.775    1.066    1.066
    2.080    2.080    3.011    3.011    4.958    4.958
            0.048000  0.027713  0.000000
  -21.060  -21.060   -9.146   -9.146   -4.877   -4.877   -4.770   -4.770    1.062    1.062
    2.077    2.077    3.007    3.008    4.955    4.955
            0.047000  0.027135  0.000000
  -21.063  -21.063   -9.149   -9.149   -4.868   -4.868   -4.766   -4.766    1.059    1.059
    2.074    2.074    3.004    3.004    4.952    4.952
            0.046000  0.026558  0.000000
  -21.065  -21.065   -9.152   -9.152   -4.859   -4.859   -4.761   -4.761    1.056    1.056
    2.071    2.071    3.001    3.001    4.949    4.949
            0.045000  0.025981  0.000000
  -21.067  -21.067   -9.154   -9.154   -4.850   -4.850   -4.756   -4.756    1.053    1.053
    2.068    2.068    2.999    2.999    4.946    4.946
            0.044000  0.025403  0.000000
  -21.069  -21.069   -9.157   -9.157   -4.842   -4.842   -4.752   -4.752    1.050    1.050
    2.065    2.065    2.996    2.996    4.943    4.943
            0.043000  0.024826  0.000000
  -21.071  -21.071   -9.159   -9.159   -4.833   -4.833   -4.748   -4.748    1.048    1.048
    2.063    2.063    2.993    2.993    4.940    4.940
            0.042000  0.024249  0.000000
  -21.073  -21.073   -9.162   -9.162   -4.825   -4.825   -4.743   -4.743    1.045    1.045
    2.060    2.060    2.990    2.990    4.937    4.937
            0.041000  0.023671  0.000000
  -21.075  -21.075   -9.164   -9.164   -4.817   -4.817   -4.739   -4.739    1.042    1.042
    2.057    2.057    2.987    2.987    4.935    4.935
            0.040000  0.023094  0.000000
  -21.077  -21.077   -9.166   -9.166   -4.809   -4.809   -4.735   -4.735    1.039    1.039
    2.055    2.055    2.985    2.985    4.932    4.932
            0.039000  0.022517  0.000000
  -21.079  -21.079   -9.168   -9.168   -4.802   -4.802   -4.731   -4.731    1.037    1.037
    2.052    2.052    2.982    2.982    4.929    4.930
            0.038000  0.021939  0.000000
  -21.081  -21.081   -9.171   -9.171   -4.794   -4.794   -4.727   -4.727    1.034    1.034
    2.050    2.050    2.980    2.980    4.927    4.927
            0.037000  0.021362  0.000000
  -21.082  -21.082   -9.173   -9.173   -4.787   -4.787   -4.723   -4.723    1.032    1.032
    2.047    2.047    2.977    2.977    4.925    4.925
            0.036000  0.020785  0.000000
  -21.084  -21.084   -9.175   -9.175   -4.780   -4.780   -4.720   -4.720    1.030    1.030
    2.045    2.045    2.975    2.975    4.922    4.922
            0.035000  0.020207  0.000000
  -21.086  -21.086   -9.177   -9.177   -4.773   -4.773   -4.716   -4.716    1.027    1.027
    2.042    2.043    2.973    2.973    4.920    4.920
            0.034000  0.019630  0.000000
  -21.088  -21.088   -9.179   -9.179   -4.767   -4.767   -4.712   -4.712    1.025    1.025
    2.040    2.040    2.971    2.971    4.918    4.918
            0.033000  0.019053  0.000000
  -21.089  -21.089   -9.181   -9.181   -4.760   -4.760   -4.709   -4.709    1.023    1.023
    2.038    2.038    2.968    2.968    4.916    4.916
            0.032000  0.018475  0.000000
  -21.091  -21.091   -9.182   -9.182   -4.754   -4.754   -4.706   -4.706    1.021    1.021
    2.036    2.036    2.966    2.966    4.914    4.914
            0.031000  0.017898  0.000000
  -21.092  -21.092   -9.184   -9.184   -4.748   -4.748   -4.702   -4.702    1.019    1.019
    2.034    2.034    2.964    2.964    4.912    4.912
            0.030000  0.017321  0.000000
  -21.094  -21.094   -9.186   -9.186   -4.742   -4.742   -4.699   -4.699    1.017    1.017
    2.032    2.032    2.962    2.962    4.910    4.910
            0.029000  0.016743  0.000000
  -21.095  -21.095   -9.188   -9.188   -4.736   -4.736   -4.696   -4.696    1.015    1.015
    2.030    2.030    2.960    2.960    4.908    4.908
            0.028000  0.016166  0.000000
  -21.096  -21.096   -9.189   -9.189   -4.731   -4.731   -4.693   -4.693    1.013    1.013
    2.028    2.028    2.959    2.959    4.906    4.906
            0.027000  0.015588  0.000000
  -21.098  -21.098   -9.191   -9.191   -4.725   -4.725   -4.690   -4.690    1.011    1.011
    2.027    2.027    2.957    2.957    4.904    4.904
            0.026000  0.015011  0.000000
  -21.099  -21.099   -9.192   -9.192   -4.720   -4.720   -4.688   -4.688    1.009    1.009
    2.025    2.025    2.955    2.955    4.902    4.902
            0.025000  0.014434  0.000000
  -21.100  -21.100   -9.194   -9.194   -4.715   -4.715   -4.685   -4.685    1.008    1.008
    2.023    2.023    2.954    2.954    4.901    4.901
            0.024000  0.013856  0.000000
  -21.101  -21.101   -9.195   -9.195   -4.710   -4.710   -4.682   -4.682    1.006    1.006
    2.022    2.022    2.952    2.952    4.899    4.899
            0.023000  0.013279  0.000000
  -21.102  -21.102   -9.196   -9.196   -4.706   -4.706   -4.680   -4.680    1.005    1.005
    2.020    2.020    2.950    2.950    4.898    4.898
            0.022000  0.012702  0.000000
  -21.103  -21.103   -9.198   -9.198   -4.702   -4.702   -4.677   -4.677    1.003    1.003
    2.019    2.019    2.949    2.949    4.896    4.896
            0.021000  0.012124  0.000000
  -21.104  -21.104   -9.199   -9.199   -4.697   -4.697   -4.675   -4.675    1.002    1.002
    2.017    2.017    2.948    2.948    4.895    4.895
            0.020000  0.011547  0.000000
  -21.105  -21.105   -9.200   -9.200   -4.694   -4.694   -4.673   -4.673    1.000    1.000
    2.016    2.016    2.946    2.946    4.894    4.894
            0.019000  0.010970  0.000000
  -21.106  -21.106   -9.201   -9.201   -4.690   -4.690   -4.671   -4.671    0.999    0.999
    2.015    2.015    2.945    2.945    4.892    4.892
            0.018000  0.010392  0.000000
  -21.107  -21.107   -9.202   -9.202   -4.686   -4.686   -4.669   -4.669    0.998    0.998
    2.013    2.013    2.944    2.944    4.891    4.891
            0.017000  0.009815  0.000000
  -21.108  -21.108   -9.203   -9.203   -4.683   -4.683   -4.667   -4.667    0.997    0.997
    2.012    2.012    2.943    2.943    4.890    4.890
            0.016000  0.009238  0.000000
  -21.109  -21.109   -9.204   -9.204   -4.680   -4.680   -4.665   -4.665    0.996    0.996
    2.011    2.011    2.942    2.942    4.889    4.889
            0.015000  0.008660  0.000000
  -21.109  -21.109   -9.205   -9.205   -4.677   -4.677   -4.663   -4.663    0.995    0.995
    2.010    2.010    2.941    2.941    4.888    4.888
            0.014000  0.008083  0.000000
  -21.110  -21.110   -9.206   -9.206   -4.674   -4.674   -4.661   -4.661    0.994    0.994
    2.009    2.009    2.940    2.940    4.887    4.887
            0.013000  0.007506  0.000000
  -21.111  -21.111   -9.207   -9.207   -4.672   -4.672   -4.660   -4.660    0.993    0.993
    2.008    2.008    2.939    2.939    4.886    4.886
            0.012000  0.006928  0.000000
  -21.111  -21.111   -9.207   -9.207   -4.670   -4.670   -4.658   -4.658    0.992    0.992
    2.008    2.008    2.938    2.938    4.885    4.885
            0.011000  0.006351  0.000000
  -21.112  -21.112   -9.208   -9.208   -4.668   -4.668   -4.657   -4.657    0.991    0.991
    2.007    2.007    2.937    2.937    4.885    4.885
            0.010000  0.005774  0.000000
  -21.112  -21.112   -9.209   -9.209   -4.666   -4.666   -4.655   -4.655    0.991    0.991
    2.006    2.006    2.937    2.937    4.884    4.884
            0.009000  0.005196  0.000000
  -21.113  -21.113   -9.209   -9.209   -4.664   -4.664   -4.654   -4.654    0.990    0.990
    2.006    2.006    2.936    2.936    4.883    4.883
            0.008000  0.004619  0.000000
  -21.113  -21.113   -9.210   -9.210   -4.663   -4.663   -4.653   -4.653    0.989    0.989
    2.005    2.005    2.936    2.936    4.883    4.883
            0.007000  0.004041  0.000000
  -21.114  -21.114   -9.210   -9.210   -4.662   -4.662   -4.652   -4.652    0.989    0.989
    2.005    2.005    2.935    2.935    4.882    4.882
            0.006000  0.003464  0.000000
  -21.114  -21.114   -9.210   -9.210   -4.660   -4.660   -4.651   -4.651    0.988    0.988
    2.004    2.004    2.935    2.935    4.882    4.882
            0.005000  0.002887  0.000000
  -21.114  -21.114   -9.211   -9.211   -4.660   -4.660   -4.650   -4.650    0.988    0.988
    2.004    2.004    2.934    2.934    4.882    4.882
            0.004000  0.002309  0.000000
  -21.114  -21.114   -9.211   -9.211   -4.659   -4.659   -4.650   -4.650    0.988    0.988
    2.004    2.004    2.934    2.934    4.881    4.881
            0.003000  0.001732  0.000000
  -21.115  -21.115   -9.211   -9.211   -4.658   -4.658   -4.649   -4.649    0.988    0.988
    2.003    2.003    2.934    2.934    4.881    4.881
            0.002000  0.001155  0.000000
  -21.115  -21.115   -9.211   -9.211   -4.658   -4.658   -4.649   -4.649    0.987    0.987
    2.003    2.003    2.934    2.934    4.881    4.881
            0.001000  0.000577  0.000000
  -21.115  -21.115   -9.211   -9.211   -4.658   -4.658   -4.649   -4.649    0.987    0.987
    2.003    2.003    2.933    2.933    4.881    4.881
            0.000000  0.000000  0.000000
  -21.115  -21.115   -9.211   -9.211   -4.658   -4.658   -4.648   -4.648    0.987    0.987
    2.003    2.003    2.933    2.933    4.881    4.881
