 &plot nbnd=  16, nks=  1501 /
            0.000000  0.000000  0.000000
  -21.085  -21.085   -9.182   -9.182   -4.628   -4.628   -4.619   -4.619    0.703    0.703
    1.799    1.799    3.042    3.042    4.769    4.769
            0.000667  0.001155  0.000000
  -21.085  -21.085   -9.182   -9.182   -4.628   -4.628   -4.619   -4.619    0.703    0.703
    1.799    1.799    3.042    3.042    4.769    4.769
            0.001333  0.002309  0.000000
  -21.085  -21.085   -9.181   -9.181   -4.628   -4.628   -4.619   -4.619    0.703    0.703
    1.799    1.799    3.042    3.042    4.769    4.769
            0.002000  0.003464  0.000000
  -21.085  -21.085   -9.181   -9.181   -4.629   -4.629   -4.620   -4.620    0.704    0.704
    1.799    1.799    3.042    3.042    4.769    4.769
            0.002667  0.004619  0.000000
  -21.084  -21.084   -9.181   -9.181   -4.630   -4.630   -4.620   -4.620    0.704    0.704
    1.799    1.799    3.042    3.042    4.770    4.770
            0.003333  0.005774  0.000000
  -21.084  -21.084   -9.181   -9.181   -4.631   -4.631   -4.621   -4.621    0.704    0.704
    1.800    1.800    3.043    3.043    4.770    4.770
            0.004000  0.006928  0.000000
  -21.084  -21.084   -9.180   -9.180   -4.632   -4.632   -4.622   -4.622    0.705    0.705
    1.800    1.800    3.043    3.043    4.771    4.771
            0.004667  0.008083  0.000000
  -21.083  -21.083   -9.180   -9.180   -4.633   -4.633   -4.623   -4.623    0.705    0.705
    1.801    1.801    3.044    3.044    4.771    4.771
            0.005333  0.009238  0.000000
  -21.083  -21.083   -9.179   -9.179   -4.635   -4.635   -4.625   -4.625    0.706    0.706
    1.801    1.801    3.044    3.044    4.772    4.772
            0.006000  0.010392  0.000000
  -21.082  -21.082   -9.179   -9.179   -4.637   -4.637   -4.626   -4.626    0.707    0.707
    1.802    1.802    3.045    3.045    4.772    4.773
            0.006667  0.011547  0.000000
  -21.082  -21.082   -9.178   -9.178   -4.639   -4.639   -4.628   -4.628    0.708    0.708
    1.803    1.803    3.046    3.046    4.773    4.773
            0.007333  0.012702  0.000000
  -21.081  -21.081   -9.177   -9.177   -4.641   -4.641   -4.630   -4.630    0.708    0.708
    1.804    1.804    3.047    3.047    4.774    4.774
            0.008000  0.013856  0.000000
  -21.080  -21.080   -9.176   -9.176   -4.644   -4.644   -4.631   -4.631    0.709    0.709
    1.805    1.805    3.048    3.048    4.775    4.775
            0.008667  0.015011  0.000000
  -21.080  -21.080   -9.175   -9.175   -4.647   -4.647   -4.633   -4.633    0.711    0.711
    1.806    1.806    3.049    3.049    4.776    4.776
            0.009333  0.016166  0.000000
  -21.079  -21.079   -9.174   -9.174   -4.651   -4.651   -4.635   -4.635    0.712    0.712
    1.807    1.807    3.050    3.050    4.777    4.777
            0.010000  0.017321  0.000000
  -21.078  -21.078   -9.173   -9.173   -4.654   -4.654   -4.638   -4.638    0.713    0.713
    1.808    1.808    3.051    3.051    4.779    4.779
            0.010667  0.018475  0.000000
  -21.077  -21.077   -9.172   -9.172   -4.658   -4.658   -4.640   -4.640    0.714    0.714
    1.810    1.810    3.053    3.053    4.780    4.780
            0.011333  0.019630  0.000000
  -21.076  -21.076   -9.171   -9.171   -4.662   -4.662   -4.642   -4.642    0.716    0.716
    1.811    1.811    3.054    3.054    4.781    4.781
            0.012000  0.020785  0.000000
  -21.075  -21.075   -9.169   -9.169   -4.667   -4.667   -4.645   -4.645    0.717    0.717
    1.813    1.813    3.056    3.056    4.783    4.783
            0.012667  0.021939  0.000000
  -21.074  -21.074   -9.168   -9.168   -4.672   -4.671   -4.648   -4.648    0.719    0.719
    1.814    1.814    3.057    3.057    4.784    4.784
            0.013333  0.023094  0.000000
  -21.072  -21.072   -9.167   -9.167   -4.676   -4.676   -4.650   -4.650    0.721    0.721
    1.816    1.816    3.059    3.059    4.786    4.786
            0.014000  0.024249  0.000000
  -21.071  -21.071   -9.165   -9.165   -4.682   -4.682   -4.653   -4.653    0.722    0.722
    1.818    1.818    3.061    3.061    4.788    4.788
            0.014667  0.025403  0.000000
  -21.070  -21.070   -9.163   -9.163   -4.687   -4.687   -4.656   -4.656    0.724    0.724
    1.819    1.819    3.062    3.062    4.790    4.790
            0.015333  0.026558  0.000000
  -21.068  -21.068   -9.162   -9.162   -4.693   -4.693   -4.659   -4.659    0.726    0.726
    1.821    1.821    3.064    3.064    4.792    4.792
            0.016000  0.027713  0.000000
  -21.067  -21.067   -9.160   -9.160   -4.699   -4.699   -4.663   -4.663    0.728    0.728
    1.823    1.823    3.066    3.066    4.794    4.794
            0.016667  0.028868  0.000000
  -21.065  -21.065   -9.158   -9.158   -4.705   -4.705   -4.666   -4.666    0.730    0.730
    1.825    1.826    3.068    3.068    4.796    4.796
            0.017333  0.030022  0.000000
  -21.064  -21.064   -9.156   -9.156   -4.712   -4.712   -4.670   -4.670    0.733    0.733
    1.828    1.828    3.071    3.071    4.798    4.798
            0.018000  0.031177  0.000000
  -21.062  -21.062   -9.154   -9.154   -4.719   -4.719   -4.674   -4.674    0.735    0.735
    1.830    1.830    3.073    3.073    4.800    4.800
            0.018667  0.032332  0.000000
  -21.060  -21.060   -9.152   -9.152   -4.726   -4.726   -4.677   -4.677    0.737    0.737
    1.832    1.832    3.075    3.075    4.803    4.803
            0.019333  0.033486  0.000000
  -21.059  -21.059   -9.150   -9.150   -4.733   -4.733   -4.681   -4.681    0.740    0.740
    1.835    1.835    3.078    3.078    4.805    4.805
            0.020000  0.034641  0.000000
  -21.057  -21.057   -9.148   -9.148   -4.741   -4.741   -4.685   -4.685    0.742    0.742
    1.837    1.837    3.080    3.080    4.807    4.807
            0.020667  0.035796  0.000000
  -21.055  -21.055   -9.145   -9.145   -4.748   -4.748   -4.690   -4.690    0.745    0.745
    1.840    1.840    3.083    3.083    4.810    4.810
            0.021333  0.036950  0.000000
  -21.053  -21.053   -9.143   -9.143   -4.756   -4.756   -4.694   -4.694    0.748    0.748
    1.843    1.843    3.085    3.085    4.813    4.813
            0.022000  0.038105  0.000000
  -21.051  -21.051   -9.141   -9.141   -4.765   -4.765   -4.699   -4.699    0.751    0.751
    1.845    1.845    3.088    3.088    4.816    4.816
            0.022667  0.039260  0.000000
  -21.049  -21.049   -9.138   -9.138   -4.773   -4.773   -4.703   -4.703    0.754    0.754
    1.848    1.848    3.091    3.091    4.818    4.818
            0.023333  0.040415  0.000000
  -21.046  -21.046   -9.136   -9.136   -4.782   -4.782   -4.708   -4.708    0.757    0.757
    1.851    1.851    3.094    3.094    4.821    4.821
            0.024000  0.041569  0.000000
  -21.044  -21.044   -9.133   -9.133   -4.791   -4.791   -4.713   -4.713    0.760    0.760
    1.854    1.854    3.097    3.097    4.824    4.824
            0.024667  0.042724  0.000000
  -21.042  -21.042   -9.130   -9.130   -4.800   -4.800   -4.718   -4.718    0.763    0.763
    1.857    1.857    3.100    3.100    4.827    4.828
            0.025333  0.043879  0.000000
  -21.040  -21.040   -9.127   -9.127   -4.809   -4.809   -4.723   -4.723    0.766    0.766
    1.861    1.861    3.103    3.103    4.831    4.831
            0.026000  0.045033  0.000000
  -21.037  -21.037   -9.124   -9.124   -4.819   -4.819   -4.728   -4.728    0.770    0.770
    1.864    1.864    3.107    3.107    4.834    4.834
            0.026667  0.046188  0.000000
  -21.035  -21.035   -9.121   -9.121   -4.829   -4.829   -4.734   -4.734    0.773    0.773
    1.867    1.867    3.110    3.110    4.837    4.837
            0.027333  0.047343  0.000000
  -21.032  -21.032   -9.118   -9.118   -4.839   -4.839   -4.739   -4.739    0.777    0.777
    1.871    1.871    3.113    3.114    4.841    4.841
            0.028000  0.048497  0.000000
  -21.029  -21.029   -9.115   -9.115   -4.850   -4.850   -4.745   -4.745    0.780    0.780
    1.874    1.874    3.117    3.117    4.844    4.844
            0.028667  0.049652  0.000000
  -21.027  -21.027   -9.112   -9.112   -4.860   -4.860   -4.751   -4.751    0.784    0.784
    1.878    1.878    3.121    3.121    4.848    4.848
            0.029333  0.050807  0.000000
  -21.024  -21.024   -9.109   -9.109   -4.871   -4.871   -4.757   -4.757    0.788    0.788
    1.882    1.882    3.124    3.124    4.852    4.852
            0.030000  0.051962  0.000000
  -21.021  -21.021   -9.105   -9.105   -4.882   -4.882   -4.763   -4.763    0.792    0.792
    1.886    1.886    3.128    3.128    4.855    4.856
            0.030667  0.053116  0.000000
  -21.018  -21.018   -9.102   -9.102   -4.893   -4.893   -4.769   -4.769    0.796    0.796
    1.890    1.890    3.132    3.132    4.859    4.859
            0.031333  0.054271  0.000000
  -21.015  -21.015   -9.099   -9.099   -4.905   -4.905   -4.776   -4.776    0.800    0.800
    1.894    1.894    3.136    3.136    4.863    4.863
            0.032000  0.055426  0.000000
  -21.012  -21.012   -9.095   -9.095   -4.916   -4.916   -4.782   -4.782    0.804    0.804
    1.898    1.898    3.140    3.140    4.867    4.867
            0.032667  0.056580  0.000000
  -21.009  -21.009   -9.091   -9.091   -4.928   -4.928   -4.789   -4.789    0.808    0.808
    1.902    1.902    3.144    3.144    4.872    4.872
            0.033333  0.057735  0.000000
  -21.006  -21.006   -9.088   -9.088   -4.940   -4.940   -4.795   -4.795    0.812    0.812
    1.906    1.906    3.148    3.148    4.876    4.876
            0.034000  0.058890  0.000000
  -21.003  -21.003   -9.084   -9.084   -4.953   -4.953   -4.802   -4.802    0.817    0.817
    1.910    1.910    3.153    3.153    4.880    4.880
            0.034667  0.060044  0.000000
  -21.000  -21.000   -9.080   -9.080   -4.965   -4.965   -4.809   -4.809    0.821    0.821
    1.915    1.915    3.157    3.157    4.884    4.885
            0.035333  0.061199  0.000000
  -20.997  -20.997   -9.076   -9.076   -4.978   -4.978   -4.816   -4.816    0.826    0.826
    1.919    1.919    3.162    3.162    4.889    4.889
            0.036000  0.062354  0.000000
  -20.993  -20.993   -9.072   -9.072   -4.991   -4.991   -4.824   -4.824    0.830    0.830
    1.924    1.924    3.166    3.166    4.893    4.894
            0.036667  0.063509  0.000000
  -20.990  -20.990   -9.068   -9.068   -5.004   -5.004   -4.831   -4.831    0.835    0.835
    1.929    1.929    3.171    3.171    4.898    4.898
            0.037333  0.064663  0.000000
  -20.986  -20.986   -9.064   -9.064   -5.017   -5.017   -4.839   -4.839    0.840    0.840
    1.933    1.933    3.176    3.176    4.903    4.903
            0.038000  0.065818  0.000000
  -20.983  -20.983   -9.059   -9.059   -5.031   -5.031   -4.846   -4.846    0.845    0.845
    1.938    1.938    3.180    3.180    4.908    4.908
            0.038667  0.066973  0.000000
  -20.979  -20.979   -9.055   -9.055   -5.044   -5.044   -4.854   -4.854    0.850    0.850
    1.943    1.943    3.185    3.185    4.913    4.913
            0.039333  0.068127  0.000000
  -20.975  -20.975   -9.051   -9.051   -5.058   -5.058   -4.862   -4.862    0.855    0.855
    1.948    1.948    3.190    3.190    4.918    4.918
            0.040000  0.069282  0.000000
  -20.972  -20.972   -9.046   -9.046   -5.073   -5.073   -4.870   -4.870    0.860    0.860
    1.953    1.953    3.195    3.195    4.923    4.923
            0.040667  0.070437  0.000000
  -20.968  -20.968   -9.042   -9.042   -5.087   -5.087   -4.878   -4.878    0.866    0.866
    1.959    1.959    3.201    3.201    4.928    4.928
            0.041333  0.071591  0.000000
  -20.964  -20.964   -9.037   -9.037   -5.101   -5.101   -4.886   -4.886    0.871    0.871
    1.964    1.964    3.206    3.206    4.933    4.933
            0.042000  0.072746  0.000000
  -20.960  -20.960   -9.032   -9.032   -5.116   -5.116   -4.895   -4.895    0.876    0.876
    1.969    1.969    3.211    3.211    4.938    4.939
            0.042667  0.073901  0.000000
  -20.956  -20.956   -9.028   -9.028   -5.131   -5.131   -4.903   -4.903    0.882    0.882
    1.975    1.975    3.217    3.217    4.944    4.944
            0.043333  0.075056  0.000000
  -20.952  -20.952   -9.023   -9.023   -5.146   -5.146   -4.912   -4.912    0.888    0.888
    1.980    1.980    3.222    3.222    4.949    4.949
            0.044000  0.076210  0.000000
  -20.948  -20.948   -9.018   -9.018   -5.161   -5.161   -4.921   -4.921    0.893    0.893
    1.986    1.986    3.228    3.228    4.955    4.955
            0.044667  0.077365  0.000000
  -20.944  -20.944   -9.013   -9.013   -5.176   -5.176   -4.930   -4.930    0.899    0.899
    1.992    1.992    3.233    3.233    4.961    4.961
            0.045333  0.078520  0.000000
  -20.940  -20.940   -9.008   -9.008   -5.192   -5.192   -4.939   -4.939    0.905    0.905
    1.997    1.997    3.239    3.239    4.966    4.966
            0.046000  0.079674  0.000000
  -20.935  -20.935   -9.003   -9.003   -5.208   -5.208   -4.948   -4.948    0.911    0.911
    2.003    2.003    3.245    3.245    4.972    4.972
            0.046667  0.080829  0.000000
  -20.931  -20.931   -8.997   -8.997   -5.224   -5.224   -4.957   -4.957    0.917    0.917
    2.009    2.009    3.251    3.251    4.978    4.978
            0.047333  0.081984  0.000000
  -20.926  -20.926   -8.992   -8.992   -5.240   -5.240   -4.966   -4.966    0.923    0.923
    2.015    2.015    3.257    3.257    4.984    4.984
            0.048000  0.083138  0.000000
  -20.922  -20.922   -8.987   -8.987   -5.256   -5.256   -4.976   -4.976    0.929    0.929
    2.021    2.022    3.263    3.263    4.990    4.990
            0.048667  0.084293  0.000000
  -20.917  -20.917   -8.981   -8.981   -5.272   -5.272   -4.986   -4.986    0.936    0.936
    2.028    2.028    3.269    3.269    4.996    4.997
            0.049333  0.085448  0.000000
  -20.913  -20.913   -8.976   -8.976   -5.289   -5.289   -4.995   -4.995    0.942    0.942
    2.034    2.034    3.275    3.276    5.003    5.003
            0.050000  0.086603  0.000000
  -20.908  -20.908   -8.970   -8.970   -5.306   -5.306   -5.005   -5.005    0.949    0.949
    2.040    2.040    3.282    3.282    5.009    5.009
            0.050667  0.087757  0.000000
  -20.903  -20.903   -8.965   -8.965   -5.323   -5.323   -5.015   -5.015    0.955    0.955
    2.047    2.047    3.288    3.288    5.016    5.016
            0.051333  0.088912  0.000000
  -20.899  -20.899   -8.959   -8.959   -5.340   -5.340   -5.025   -5.025    0.962    0.962
    2.054    2.054    3.295    3.295    5.022    5.022
            0.052000  0.090067  0.000000
  -20.894  -20.894   -8.953   -8.953   -5.357   -5.357   -5.036   -5.036    0.969    0.969
    2.060    2.060    3.301    3.302    5.029    5.029
            0.052667  0.091221  0.000000
  -20.889  -20.889   -8.947   -8.947   -5.374   -5.374   -5.046   -5.046    0.976    0.976
    2.067    2.067    3.308    3.308    5.035    5.035
            0.053333  0.092376  0.000000
  -20.884  -20.884   -8.941   -8.941   -5.392   -5.392   -5.056   -5.056    0.983    0.983
    2.074    2.074    3.315    3.315    5.042    5.042
            0.054000  0.093531  0.000000
  -20.879  -20.879   -8.935   -8.935   -5.410   -5.410   -5.067   -5.067    0.990    0.990
    2.081    2.081    3.322    3.322    5.049    5.049
            0.054667  0.094685  0.000000
  -20.874  -20.874   -8.929   -8.929   -5.427   -5.427   -5.078   -5.078    0.997    0.997
    2.088    2.088    3.329    3.329    5.056    5.056
            0.055333  0.095840  0.000000
  -20.868  -20.868   -8.923   -8.923   -5.445   -5.445   -5.088   -5.088    1.004    1.004
    2.095    2.095    3.336    3.336    5.063    5.063
            0.056000  0.096995  0.000000
  -20.863  -20.863   -8.917   -8.917   -5.464   -5.463   -5.099   -5.099    1.011    1.011
    2.102    2.102    3.343    3.343    5.070    5.070
            0.056667  0.098150  0.000000
  -20.858  -20.858   -8.910   -8.910   -5.482   -5.482   -5.110   -5.110    1.019    1.019
    2.109    2.109    3.350    3.350    5.077    5.077
            0.057333  0.099304  0.000000
  -20.853  -20.853   -8.904   -8.904   -5.500   -5.500   -5.121   -5.121    1.026    1.026
    2.117    2.117    3.357    3.358    5.085    5.085
            0.058000  0.100459  0.000000
  -20.847  -20.847   -8.897   -8.897   -5.519   -5.519   -5.133   -5.133    1.034    1.034
    2.124    2.124    3.365    3.365    5.092    5.092
            0.058667  0.101614  0.000000
  -20.842  -20.842   -8.891   -8.891   -5.537   -5.537   -5.144   -5.144    1.041    1.041
    2.132    2.132    3.372    3.372    5.099    5.100
            0.059333  0.102768  0.000000
  -20.836  -20.836   -8.884   -8.884   -5.556   -5.556   -5.156   -5.156    1.049    1.049
    2.139    2.139    3.380    3.380    5.107    5.107
            0.060000  0.103923  0.000000
  -20.830  -20.830   -8.878   -8.878   -5.575   -5.575   -5.167   -5.167    1.057    1.057
    2.147    2.147    3.387    3.388    5.115    5.115
            0.060667  0.105078  0.000000
  -20.825  -20.825   -8.871   -8.871   -5.594   -5.594   -5.179   -5.179    1.065    1.065
    2.155    2.155    3.395    3.395    5.122    5.122
            0.061333  0.106232  0.000000
  -20.819  -20.819   -8.864   -8.864   -5.613   -5.613   -5.191   -5.191    1.073    1.073
    2.162    2.163    3.403    3.403    5.130    5.130
            0.062000  0.107387  0.000000
  -20.813  -20.813   -8.857   -8.857   -5.633   -5.633   -5.203   -5.203    1.081    1.081
    2.170    2.171    3.411    3.411    5.138    5.138
            0.062667  0.108542  0.000000
  -20.807  -20.807   -8.850   -8.850   -5.652   -5.652   -5.215   -5.215    1.089    1.089
    2.178    2.179    3.419    3.419    5.146    5.146
            0.063333  0.109697  0.000000
  -20.801  -20.801   -8.843   -8.843   -5.672   -5.672   -5.227   -5.227    1.097    1.097
    2.187    2.187    3.427    3.427    5.154    5.154
            0.064000  0.110851  0.000000
  -20.795  -20.795   -8.836   -8.836   -5.691   -5.691   -5.239   -5.239    1.105    1.106
    2.195    2.195    3.435    3.435    5.162    5.162
            0.064667  0.112006  0.000000
  -20.789  -20.789   -8.829   -8.829   -5.711   -5.711   -5.251   -5.251    1.114    1.114
    2.203    2.203    3.443    3.443    5.170    5.170
            0.065333  0.113161  0.000000
  -20.783  -20.783   -8.821   -8.821   -5.731   -5.731   -5.264   -5.264    1.122    1.122
    2.212    2.212    3.452    3.452    5.179    5.179
            0.066000  0.114315  0.000000
  -20.777  -20.777   -8.814   -8.814   -5.751   -5.751   -5.276   -5.276    1.131    1.131
    2.220    2.220    3.460    3.460    5.187    5.187
            0.066667  0.115470  0.000000
  -20.771  -20.771   -8.807   -8.807   -5.771   -5.771   -5.289   -5.289    1.140    1.140
    2.229    2.229    3.469    3.469    5.196    5.196
            0.067333  0.116625  0.000000
  -20.764  -20.764   -8.799   -8.799   -5.792   -5.792   -5.302   -5.302    1.148    1.149
    2.237    2.237    3.477    3.477    5.204    5.204
            0.068000  0.117779  0.000000
  -20.758  -20.758   -8.791   -8.791   -5.812   -5.812   -5.315   -5.315    1.157    1.157
    2.246    2.246    3.486    3.486    5.213    5.213
            0.068667  0.118934  0.000000
  -20.752  -20.752   -8.784   -8.784   -5.833   -5.833   -5.328   -5.328    1.166    1.166
    2.255    2.255    3.494    3.495    5.221    5.222
            0.069333  0.120089  0.000000
  -20.745  -20.745   -8.776   -8.776   -5.853   -5.853   -5.341   -5.341    1.175    1.175
    2.264    2.264    3.503    3.503    5.230    5.230
            0.070000  0.121244  0.000000
  -20.739  -20.739   -8.768   -8.768   -5.874   -5.874   -5.354   -5.354    1.184    1.184
    2.273    2.273    3.512    3.512    5.239    5.239
            0.070667  0.122398  0.000000
  -20.732  -20.732   -8.760   -8.760   -5.895   -5.895   -5.367   -5.367    1.194    1.194
    2.282    2.282    3.521    3.521    5.248    5.248
            0.071333  0.123553  0.000000
  -20.725  -20.725   -8.752   -8.752   -5.916   -5.916   -5.381   -5.381    1.203    1.203
    2.291    2.291    3.530    3.530    5.257    5.257
            0.072000  0.124708  0.000000
  -20.719  -20.719   -8.744   -8.744   -5.937   -5.937   -5.394   -5.394    1.212    1.212
    2.300    2.300    3.539    3.540    5.266    5.267
            0.072667  0.125862  0.000000
  -20.712  -20.712   -8.736   -8.736   -5.958   -5.958   -5.408   -5.408    1.222    1.222
    2.309    2.309    3.549    3.549    5.276    5.276
            0.073333  0.127017  0.000000
  -20.705  -20.705   -8.728   -8.728   -5.979   -5.979   -5.421   -5.421    1.231    1.231
    2.319    2.319    3.558    3.558    5.285    5.285
            0.074000  0.128172  0.000000
  -20.698  -20.698   -8.720   -8.720   -6.000   -6.000   -5.435   -5.435    1.241    1.241
    2.328    2.328    3.568    3.568    5.294    5.295
            0.074667  0.129326  0.000000
  -20.691  -20.691   -8.712   -8.712   -6.022   -6.022   -5.449   -5.449    1.251    1.251
    2.338    2.338    3.577    3.577    5.304    5.304
            0.075333  0.130481  0.000000
  -20.684  -20.684   -8.703   -8.703   -6.043   -6.043   -5.463   -5.463    1.261    1.261
    2.348    2.348    3.587    3.587    5.313    5.314
            0.076000  0.131636  0.000000
  -20.677  -20.677   -8.695   -8.695   -6.065   -6.065   -5.477   -5.477    1.270    1.271
    2.357    2.357    3.596    3.596    5.323    5.323
            0.076667  0.132791  0.000000
  -20.670  -20.670   -8.686   -8.686   -6.086   -6.086   -5.491   -5.491    1.280    1.281
    2.367    2.367    3.606    3.606    5.333    5.333
            0.077333  0.133945  0.000000
  -20.662  -20.662   -8.678   -8.678   -6.108   -6.108   -5.505   -5.505    1.291    1.291
    2.377    2.377    3.616    3.616    5.343    5.343
            0.078000  0.135100  0.000000
  -20.655  -20.655   -8.669   -8.669   -6.130   -6.130   -5.520   -5.520    1.301    1.301
    2.387    2.387    3.626    3.626    5.353    5.353
            0.078667  0.136255  0.000000
  -20.648  -20.648   -8.660   -8.660   -6.152   -6.152   -5.534   -5.534    1.311    1.311
    2.397    2.397    3.636    3.636    5.363    5.363
            0.079333  0.137409  0.000000
  -20.640  -20.640   -8.651   -8.651   -6.174   -6.174   -5.549   -5.549    1.321    1.321
    2.407    2.408    3.646    3.646    5.373    5.373
            0.080000  0.138564  0.000000
  -20.633  -20.633   -8.643   -8.643   -6.196   -6.196   -5.563   -5.563    1.332    1.332
    2.418    2.418    3.656    3.656    5.383    5.383
            0.080667  0.139719  0.000000
  -20.625  -20.625   -8.634   -8.634   -6.218   -6.218   -5.578   -5.578    1.342    1.342
    2.428    2.428    3.666    3.667    5.393    5.393
            0.081333  0.140873  0.000000
  -20.618  -20.618   -8.625   -8.624   -6.241   -6.241   -5.593   -5.593    1.353    1.353
    2.439    2.439    3.677    3.677    5.403    5.404
            0.082000  0.142028  0.000000
  -20.610  -20.610   -8.615   -8.615   -6.263   -6.263   -5.608   -5.608    1.364    1.364
    2.449    2.449    3.687    3.687    5.414    5.414
            0.082667  0.143183  0.000000
  -20.602  -20.602   -8.606   -8.606   -6.285   -6.285   -5.623   -5.623    1.374    1.374
    2.460    2.460    3.698    3.698    5.424    5.425
            0.083333  0.144338  0.000000
  -20.595  -20.595   -8.597   -8.597   -6.308   -6.308   -5.638   -5.638    1.385    1.385
    2.470    2.470    3.708    3.709    5.435    5.435
            0.084000  0.145492  0.000000
  -20.587  -20.587   -8.588   -8.588   -6.330   -6.330   -5.653   -5.653    1.396    1.396
    2.481    2.481    3.719    3.719    5.446    5.446
            0.084667  0.146647  0.000000
  -20.579  -20.579   -8.578   -8.578   -6.353   -6.353   -5.668   -5.668    1.407    1.407
    2.492    2.492    3.730    3.730    5.456    5.457
            0.085333  0.147802  0.000000
  -20.571  -20.571   -8.569   -8.569   -6.376   -6.376   -5.684   -5.684    1.418    1.418
    2.503    2.503    3.741    3.741    5.467    5.467
            0.086000  0.148956  0.000000
  -20.563  -20.563   -8.559   -8.559   -6.398   -6.398   -5.699   -5.699    1.430    1.430
    2.514    2.514    3.752    3.752    5.478    5.478
            0.086667  0.150111  0.000000
  -20.555  -20.555   -8.550   -8.550   -6.421   -6.421   -5.715   -5.715    1.441    1.441
    2.525    2.525    3.763    3.763    5.489    5.489
            0.087333  0.151266  0.000000
  -20.547  -20.547   -8.540   -8.540   -6.444   -6.444   -5.730   -5.730    1.452    1.452
    2.536    2.536    3.774    3.774    5.500    5.500
            0.088000  0.152420  0.000000
  -20.538  -20.538   -8.530   -8.530   -6.467   -6.467   -5.746   -5.746    1.464    1.464
    2.548    2.548    3.785    3.785    5.512    5.512
            0.088667  0.153575  0.000000
  -20.530  -20.530   -8.520   -8.520   -6.490   -6.490   -5.762   -5.762    1.475    1.475
    2.559    2.559    3.796    3.797    5.523    5.523
            0.089333  0.154730  0.000000
  -20.522  -20.522   -8.510   -8.510   -6.513   -6.513   -5.777   -5.777    1.487    1.487
    2.571    2.571    3.808    3.808    5.534    5.534
            0.090000  0.155885  0.000000
  -20.513  -20.513   -8.500   -8.500   -6.536   -6.536   -5.793   -5.793    1.499    1.499
    2.582    2.582    3.819    3.819    5.546    5.546
            0.090667  0.157039  0.000000
  -20.505  -20.505   -8.490   -8.490   -6.560   -6.560   -5.809   -5.809    1.511    1.511
    2.594    2.594    3.831    3.831    5.557    5.557
            0.091333  0.158194  0.000000
  -20.496  -20.496   -8.480   -8.480   -6.583   -6.583   -5.825   -5.825    1.522    1.522
    2.606    2.606    3.842    3.843    5.569    5.569
            0.092000  0.159349  0.000000
  -20.488  -20.488   -8.470   -8.470   -6.606   -6.606   -5.842   -5.842    1.534    1.534
    2.617    2.617    3.854    3.854    5.580    5.581
            0.092667  0.160503  0.000000
  -20.479  -20.479   -8.460   -8.460   -6.630   -6.630   -5.858   -5.858    1.547    1.547
    2.629    2.629    3.866    3.866    5.592    5.592
            0.093333  0.161658  0.000000
  -20.470  -20.470   -8.449   -8.449   -6.653   -6.653   -5.874   -5.874    1.559    1.559
    2.641    2.641    3.878    3.878    5.604    5.604
            0.094000  0.162813  0.000000
  -20.461  -20.461   -8.439   -8.439   -6.676   -6.676   -5.891   -5.891    1.571    1.571
    2.653    2.653    3.890    3.890    5.616    5.616
            0.094667  0.163967  0.000000
  -20.453  -20.453   -8.429   -8.429   -6.700   -6.700   -5.907   -5.907    1.583    1.583
    2.666    2.666    3.902    3.902    5.628    5.628
            0.095333  0.165122  0.000000
  -20.444  -20.444   -8.418   -8.418   -6.724   -6.724   -5.924   -5.924    1.596    1.596
    2.678    2.678    3.914    3.914    5.640    5.640
            0.096000  0.166277  0.000000
  -20.435  -20.435   -8.407   -8.407   -6.747   -6.747   -5.940   -5.940    1.608    1.608
    2.690    2.690    3.926    3.926    5.652    5.652
            0.096667  0.167432  0.000000
  -20.426  -20.426   -8.397   -8.397   -6.771   -6.771   -5.957   -5.957    1.621    1.621
    2.703    2.703    3.939    3.939    5.665    5.665
            0.097333  0.168586  0.000000
  -20.417  -20.417   -8.386   -8.386   -6.795   -6.795   -5.974   -5.974    1.634    1.634
    2.715    2.715    3.951    3.951    5.677    5.677
            0.098000  0.169741  0.000000
  -20.407  -20.407   -8.375   -8.375   -6.818   -6.818   -5.991   -5.991    1.646    1.646
    2.728    2.728    3.963    3.964    5.689    5.689
            0.098667  0.170896  0.000000
  -20.398  -20.398   -8.364   -8.364   -6.842   -6.842   -6.008   -6.008    1.659    1.659
    2.740    2.740    3.976    3.976    5.702    5.702
            0.099333  0.172050  0.000000
  -20.389  -20.389   -8.353   -8.353   -6.866   -6.866   -6.025   -6.025    1.672    1.672
    2.753    2.753    3.989    3.989    5.714    5.715
            0.100000  0.173205  0.000000
  -20.380  -20.380   -8.342   -8.342   -6.890   -6.890   -6.042   -6.042    1.685    1.685
    2.766    2.766    4.001    4.001    5.727    5.727
            0.100667  0.174360  0.000000
  -20.370  -20.370   -8.331   -8.331   -6.914   -6.914   -6.059   -6.059    1.698    1.698
    2.779    2.779    4.014    4.014    5.740    5.740
            0.101333  0.175514  0.000000
  -20.361  -20.361   -8.320   -8.320   -6.938   -6.938   -6.076   -6.076    1.712    1.712
    2.792    2.792    4.027    4.027    5.753    5.753
            0.102000  0.176669  0.000000
  -20.351  -20.351   -8.309   -8.309   -6.962   -6.962   -6.093   -6.093    1.725    1.725
    2.805    2.805    4.040    4.040    5.766    5.766
            0.102667  0.177824  0.000000
  -20.342  -20.342   -8.297   -8.297   -6.986   -6.986   -6.111   -6.111    1.738    1.738
    2.818    2.818    4.053    4.053    5.779    5.779
            0.103333  0.178979  0.000000
  -20.332  -20.332   -8.286   -8.286   -7.010   -7.010   -6.128   -6.128    1.752    1.752
    2.831    2.832    4.066    4.066    5.792    5.792
            0.104000  0.180133  0.000000
  -20.322  -20.322   -8.274   -8.274   -7.034   -7.034   -6.146   -6.146    1.765    1.765
    2.845    2.845    4.079    4.080    5.805    5.805
            0.104667  0.181288  0.000000
  -20.313  -20.313   -8.263   -8.263   -7.058   -7.058   -6.163   -6.163    1.779    1.779
    2.858    2.858    4.093    4.093    5.818    5.818
            0.105333  0.182443  0.000000
  -20.303  -20.303   -8.251   -8.251   -7.083   -7.083   -6.181   -6.181    1.793    1.793
    2.872    2.872    4.106    4.106    5.832    5.832
            0.106000  0.183597  0.000000
  -20.293  -20.293   -8.240   -8.240   -7.107   -7.107   -6.198   -6.198    1.807    1.807
    2.885    2.886    4.120    4.120    5.845    5.845
            0.106667  0.184752  0.000000
  -20.283  -20.283   -8.228   -8.228   -7.131   -7.131   -6.216   -6.216    1.821    1.821
    2.899    2.899    4.133    4.133    5.859    5.859
            0.107333  0.185907  0.000000
  -20.273  -20.273   -8.216   -8.216   -7.155   -7.155   -6.234   -6.234    1.835    1.835
    2.913    2.913    4.147    4.147    5.872    5.872
            0.108000  0.187061  0.000000
  -20.263  -20.263   -8.204   -8.204   -7.180   -7.180   -6.252   -6.252    1.849    1.849
    2.927    2.927    4.161    4.161    5.886    5.886
            0.108667  0.188216  0.000000
  -20.253  -20.253   -8.192   -8.192   -7.204   -7.204   -6.270   -6.270    1.863    1.863
    2.941    2.941    4.175    4.175    5.900    5.900
            0.109333  0.189371  0.000000
  -20.243  -20.243   -8.180   -8.180   -7.228   -7.228   -6.288   -6.288    1.877    1.877
    2.955    2.955    4.188    4.189    5.914    5.914
            0.110000  0.190526  0.000000
  -20.232  -20.232   -8.168   -8.168   -7.253   -7.253   -6.306   -6.306    1.891    1.891
    2.969    2.969    4.202    4.203    5.928    5.928
            0.110667  0.191680  0.000000
  -20.222  -20.222   -8.156   -8.156   -7.277   -7.277   -6.324   -6.324    1.906    1.906
    2.983    2.983    4.217    4.217    5.942    5.942
            0.111333  0.192835  0.000000
  -20.212  -20.212   -8.144   -8.144   -7.302   -7.302   -6.342   -6.342    1.920    1.920
    2.998    2.998    4.231    4.231    5.956    5.956
            0.112000  0.193990  0.000000
  -20.201  -20.201   -8.131   -8.131   -7.326   -7.326   -6.360   -6.360    1.935    1.935
    3.012    3.012    4.245    4.245    5.970    5.970
            0.112667  0.195144  0.000000
  -20.191  -20.191   -8.119   -8.119   -7.351   -7.351   -6.379   -6.379    1.950    1.950
    3.026    3.026    4.259    4.259    5.984    5.984
            0.113333  0.196299  0.000000
  -20.180  -20.180   -8.106   -8.106   -7.375   -7.375   -6.397   -6.397    1.964    1.965
    3.041    3.041    4.274    4.274    5.998    5.999
            0.114000  0.197454  0.000000
  -20.170  -20.170   -8.094   -8.094   -7.400   -7.400   -6.415   -6.415    1.979    1.979
    3.056    3.056    4.288    4.288    6.013    6.013
            0.114667  0.198608  0.000000
  -20.159  -20.159   -8.081   -8.081   -7.424   -7.424   -6.434   -6.434    1.994    1.994
    3.070    3.070    4.303    4.303    6.027    6.028
            0.115333  0.199763  0.000000
  -20.148  -20.148   -8.069   -8.069   -7.449   -7.449   -6.452   -6.452    2.009    2.009
    3.085    3.085    4.317    4.318    6.042    6.042
            0.116000  0.200918  0.000000
  -20.137  -20.137   -8.056   -8.056   -7.473   -7.473   -6.471   -6.471    2.025    2.025
    3.100    3.100    4.332    4.332    6.057    6.057
            0.116667  0.202073  0.000000
  -20.126  -20.126   -8.043   -8.043   -7.498   -7.498   -6.490   -6.490    2.040    2.040
    3.115    3.115    4.347    4.347    6.071    6.072
            0.117333  0.203227  0.000000
  -20.116  -20.116   -8.030   -8.030   -7.523   -7.523   -6.508   -6.508    2.055    2.055
    3.130    3.130    4.362    4.362    6.086    6.087
            0.118000  0.204382  0.000000
  -20.105  -20.105   -8.017   -8.017   -7.547   -7.547   -6.527   -6.527    2.070    2.070
    3.145    3.145    4.377    4.377    6.101    6.101
            0.118667  0.205537  0.000000
  -20.093  -20.093   -8.004   -8.004   -7.572   -7.572   -6.546   -6.546    2.086    2.086
    3.161    3.161    4.392    4.392    6.116    6.116
            0.119333  0.206691  0.000000
  -20.082  -20.082   -7.991   -7.991   -7.597   -7.597   -6.565   -6.565    2.102    2.102
    3.176    3.176    4.407    4.407    6.131    6.132
            0.120000  0.207846  0.000000
  -20.071  -20.071   -7.978   -7.978   -7.621   -7.621   -6.584   -6.584    2.117    2.117
    3.191    3.191    4.422    4.423    6.147    6.147
            0.120667  0.209001  0.000000
  -20.060  -20.060   -7.965   -7.965   -7.646   -7.646   -6.603   -6.603    2.133    2.133
    3.207    3.207    4.438    4.438    6.162    6.162
            0.121333  0.210155  0.000000
  -20.049  -20.049   -7.952   -7.952   -7.671   -7.671   -6.622   -6.621    2.149    2.149
    3.222    3.223    4.453    4.453    6.177    6.177
            0.122000  0.211310  0.000000
  -20.037  -20.037   -7.938   -7.938   -7.696   -7.696   -6.641   -6.641    2.165    2.165
    3.238    3.238    4.469    4.469    6.193    6.193
            0.122667  0.212465  0.000000
  -20.026  -20.026   -7.925   -7.925   -7.720   -7.720   -6.660   -6.660    2.181    2.181
    3.254    3.254    4.484    4.484    6.208    6.208
            0.123333  0.213620  0.000000
  -20.014  -20.014   -7.912   -7.911   -7.745   -7.745   -6.679   -6.679    2.197    2.197
    3.270    3.270    4.500    4.500    6.224    6.224
            0.124000  0.214774  0.000000
  -20.003  -20.003   -7.898   -7.898   -7.770   -7.770   -6.698   -6.698    2.213    2.213
    3.286    3.286    4.516    4.516    6.239    6.240
            0.124667  0.215929  0.000000
  -19.991  -19.991   -7.884   -7.884   -7.795   -7.795   -6.717   -6.717    2.229    2.229
    3.302    3.302    4.532    4.532    6.255    6.255
            0.125333  0.217084  0.000000
  -19.980  -19.980   -7.871   -7.871   -7.820   -7.820   -6.736   -6.736    2.246    2.246
    3.318    3.318    4.547    4.548    6.271    6.271
            0.126000  0.218238  0.000000
  -19.968  -19.968   -7.857   -7.857   -7.844   -7.844   -6.756   -6.756    2.262    2.262
    3.334    3.334    4.563    4.564    6.287    6.287
            0.126667  0.219393  0.000000
  -19.956  -19.956   -7.869   -7.869   -7.843   -7.843   -6.775   -6.775    2.279    2.279
    3.350    3.350    4.580    4.580    6.303    6.303
            0.127333  0.220548  0.000000
  -19.944  -19.944   -7.894   -7.894   -7.829   -7.829   -6.795   -6.795    2.295    2.295
    3.367    3.367    4.596    4.596    6.319    6.319
            0.128000  0.221703  0.000000
  -19.933  -19.933   -7.919   -7.919   -7.815   -7.815   -6.814   -6.814    2.312    2.312
    3.383    3.383    4.612    4.612    6.335    6.335
            0.128667  0.222857  0.000000
  -19.921  -19.921   -7.944   -7.944   -7.801   -7.801   -6.834   -6.834    2.329    2.329
    3.400    3.400    4.628    4.629    6.351    6.352
            0.129333  0.224012  0.000000
  -19.909  -19.909   -7.968   -7.968   -7.787   -7.787   -6.853   -6.853    2.346    2.346
    3.416    3.416    4.645    4.645    6.368    6.368
            0.130000  0.225167  0.000000
  -19.897  -19.897   -7.993   -7.993   -7.773   -7.773   -6.873   -6.873    2.362    2.363
    3.433    3.433    4.661    4.661    6.384    6.384
            0.130667  0.226321  0.000000
  -19.884  -19.884   -8.018   -8.018   -7.759   -7.759   -6.892   -6.892    2.380    2.380
    3.450    3.450    4.678    4.678    6.387    6.387
            0.131333  0.227476  0.000000
  -19.872  -19.872   -8.043   -8.043   -7.745   -7.744   -6.912   -6.912    2.397    2.397
    3.467    3.467    4.694    4.695    6.358    6.358
            0.132000  0.228631  0.000000
  -19.860  -19.860   -8.068   -8.068   -7.730   -7.730   -6.932   -6.932    2.414    2.414
    3.484    3.484    4.711    4.711    6.329    6.329
            0.132667  0.229785  0.000000
  -19.848  -19.848   -8.093   -8.093   -7.716   -7.716   -6.951   -6.951    2.431    2.431
    3.501    3.501    4.728    4.728    6.301    6.301
            0.133333  0.230940  0.000000
  -19.835  -19.835   -8.117   -8.117   -7.701   -7.701   -6.971   -6.971    2.449    2.449
    3.518    3.518    4.745    4.745    6.272    6.272
            0.134000  0.232095  0.000000
  -19.823  -19.823   -8.142   -8.142   -7.687   -7.687   -6.991   -6.991    2.466    2.466
    3.535    3.535    4.762    4.762    6.243    6.243
            0.134667  0.233250  0.000000
  -19.810  -19.810   -8.167   -8.167   -7.672   -7.672   -7.011   -7.011    2.484    2.484
    3.552    3.552    4.779    4.779    6.214    6.214
            0.135333  0.234404  0.000000
  -19.798  -19.798   -8.192   -8.192   -7.657   -7.657   -7.031   -7.031    2.501    2.501
    3.570    3.570    4.796    4.796    6.185    6.185
            0.136000  0.235559  0.000000
  -19.785  -19.785   -8.217   -8.217   -7.643   -7.643   -7.051   -7.051    2.519    2.519
    3.587    3.587    4.813    4.814    6.156    6.156
            0.136667  0.236714  0.000000
  -19.773  -19.773   -8.242   -8.242   -7.628   -7.628   -7.071   -7.071    2.537    2.537
    3.605    3.605    4.831    4.831    6.127    6.127
            0.137333  0.237868  0.000000
  -19.760  -19.760   -8.266   -8.266   -7.613   -7.613   -7.091   -7.091    2.555    2.555
    3.622    3.622    4.848    4.848    6.098    6.098
            0.138000  0.239023  0.000000
  -19.747  -19.747   -8.291   -8.291   -7.598   -7.598   -7.111   -7.111    2.573    2.573
    3.640    3.640    4.866    4.866    6.069    6.069
            0.138667  0.240178  0.000000
  -19.734  -19.734   -8.316   -8.316   -7.583   -7.583   -7.131   -7.131    2.591    2.591
    3.658    3.658    4.883    4.884    6.040    6.040
            0.139333  0.241332  0.000000
  -19.721  -19.721   -8.341   -8.341   -7.568   -7.568   -7.151   -7.151    2.609    2.609
    3.676    3.676    4.901    4.901    6.011    6.011
            0.140000  0.242487  0.000000
  -19.708  -19.708   -8.366   -8.366   -7.553   -7.553   -7.171   -7.171    2.627    2.627
    3.694    3.694    4.919    4.919    5.982    5.982
            0.140667  0.243642  0.000000
  -19.695  -19.695   -8.390   -8.390   -7.538   -7.538   -7.191   -7.191    2.646    2.646
    3.712    3.712    4.937    4.937    5.952    5.953
            0.141333  0.244797  0.000000
  -19.682  -19.682   -8.415   -8.415   -7.522   -7.522   -7.211   -7.211    2.664    2.664
    3.730    3.730    4.954    4.955    5.923    5.923
            0.142000  0.245951  0.000000
  -19.669  -19.669   -8.440   -8.440   -7.507   -7.507   -7.231   -7.231    2.683    2.683
    3.748    3.748    4.972    4.973    5.894    5.894
            0.142667  0.247106  0.000000
  -19.656  -19.656   -8.465   -8.465   -7.492   -7.491   -7.252   -7.252    2.701    2.701
    3.766    3.767    4.990    4.991    5.865    5.865
            0.143333  0.248261  0.000000
  -19.643  -19.643   -8.490   -8.490   -7.476   -7.476   -7.272   -7.272    2.720    2.720
    3.785    3.785    5.009    5.009    5.835    5.836
            0.144000  0.249415  0.000000
  -19.629  -19.629   -8.514   -8.514   -7.461   -7.461   -7.292   -7.292    2.739    2.739
    3.803    3.803    5.027    5.027    5.806    5.806
            0.144667  0.250570  0.000000
  -19.616  -19.616   -8.539   -8.539   -7.445   -7.445   -7.313   -7.312    2.758    2.758
    3.822    3.822    5.045    5.045    5.777    5.777
            0.145333  0.251725  0.000000
  -19.602  -19.602   -8.564   -8.564   -7.429   -7.429   -7.333   -7.333    2.777    2.777
    3.841    3.841    5.064    5.064    5.747    5.747
            0.146000  0.252879  0.000000
  -19.589  -19.589   -8.589   -8.589   -7.414   -7.414   -7.353   -7.353    2.796    2.796
    3.859    3.859    5.082    5.082    5.718    5.718
            0.146667  0.254034  0.000000
  -19.575  -19.575   -8.613   -8.613   -7.399   -7.398   -7.373   -7.373    2.815    2.815
    3.878    3.878    5.101    5.101    5.689    5.689
            0.147333  0.255189  0.000000
  -19.562  -19.562   -8.638   -8.638   -7.396   -7.395   -7.381   -7.380    2.834    2.834
    3.897    3.897    5.119    5.119    5.659    5.659
            0.148000  0.256344  0.000000
  -19.548  -19.548   -8.663   -8.663   -7.415   -7.415   -7.366   -7.365    2.853    2.853
    3.916    3.916    5.138    5.138    5.630    5.630
            0.148667  0.257498  0.000000
  -19.534  -19.534   -8.687   -8.687   -7.435   -7.435   -7.350   -7.350    2.873    2.873
    3.935    3.935    5.157    5.157    5.600    5.600
            0.149333  0.258653  0.000000
  -19.521  -19.521   -8.712   -8.712   -7.456   -7.456   -7.334   -7.334    2.892    2.892
    3.954    3.954    5.176    5.176    5.571    5.571
            0.150000  0.259808  0.000000
  -19.507  -19.507   -8.737   -8.737   -7.476   -7.476   -7.318   -7.318    2.912    2.912
    3.974    3.974    5.195    5.195    5.541    5.541
            0.150667  0.260962  0.000000
  -19.493  -19.493   -8.761   -8.761   -7.497   -7.497   -7.302   -7.301    2.931    2.931
    3.993    3.993    5.214    5.214    5.512    5.512
            0.151333  0.262117  0.000000
  -19.479  -19.479   -8.786   -8.786   -7.517   -7.517   -7.285   -7.285    2.951    2.951
    4.012    4.012    5.233    5.233    5.482    5.482
            0.152000  0.263272  0.000000
  -19.465  -19.465   -8.811   -8.811   -7.538   -7.538   -7.269   -7.269    2.971    2.971
    4.032    4.032    5.252    5.252    5.452    5.453
            0.152667  0.264426  0.000000
  -19.451  -19.451   -8.835   -8.835   -7.559   -7.558   -7.253   -7.253    2.991    2.991
    4.051    4.052    5.271    5.272    5.423    5.423
            0.153333  0.265581  0.000000
  -19.437  -19.437   -8.860   -8.860   -7.579   -7.579   -7.236   -7.236    3.011    3.011
    4.071    4.071    5.291    5.291    5.393    5.393
            0.154000  0.266736  0.000000
  -19.422  -19.422   -8.884   -8.884   -7.600   -7.600   -7.220   -7.220    3.031    3.031
    4.091    4.091    5.310    5.310    5.364    5.364
            0.154667  0.267891  0.000000
  -19.408  -19.408   -8.909   -8.909   -7.620   -7.620   -7.203   -7.203    3.051    3.051
    4.111    4.111    5.330    5.330    5.334    5.334
            0.155333  0.269045  0.000000
  -19.394  -19.394   -8.934   -8.934   -7.641   -7.641   -7.187   -7.187    3.071    3.071
    4.131    4.131    5.304    5.305    5.349    5.349
            0.156000  0.270200  0.000000
  -19.379  -19.379   -8.958   -8.958   -7.662   -7.662   -7.170   -7.170    3.092    3.092
    4.151    4.151    5.275    5.275    5.369    5.369
            0.156667  0.271355  0.000000
  -19.365  -19.365   -8.983   -8.983   -7.683   -7.683   -7.153   -7.153    3.112    3.112
    4.171    4.171    5.245    5.245    5.389    5.389
            0.157333  0.272509  0.000000
  -19.351  -19.351   -9.007   -9.007   -7.703   -7.703   -7.136   -7.136    3.133    3.133
    4.191    4.191    5.215    5.216    5.409    5.409
            0.158000  0.273664  0.000000
  -19.336  -19.336   -9.032   -9.032   -7.724   -7.724   -7.120   -7.120    3.153    3.153
    4.211    4.211    5.186    5.186    5.428    5.429
            0.158667  0.274819  0.000000
  -19.321  -19.321   -9.056   -9.056   -7.745   -7.745   -7.103   -7.103    3.174    3.174
    4.232    4.232    5.156    5.156    5.448    5.449
            0.159333  0.275973  0.000000
  -19.307  -19.307   -9.080   -9.080   -7.766   -7.766   -7.086   -7.086    3.195    3.195
    4.252    4.252    5.126    5.126    5.469    5.469
            0.160000  0.277128  0.000000
  -19.292  -19.292   -9.105   -9.105   -7.786   -7.786   -7.069   -7.069    3.216    3.216
    4.273    4.273    5.097    5.097    5.489    5.489
            0.160667  0.278283  0.000000
  -19.277  -19.277   -9.129   -9.129   -7.807   -7.807   -7.052   -7.052    3.237    3.237
    4.293    4.293    5.067    5.067    5.509    5.509
            0.161333  0.279438  0.000000
  -19.262  -19.262   -9.154   -9.154   -7.828   -7.828   -7.034   -7.034    3.258    3.258
    4.314    4.314    5.037    5.037    5.529    5.530
            0.162000  0.280592  0.000000
  -19.247  -19.247   -9.178   -9.178   -7.849   -7.849   -7.017   -7.017    3.279    3.279
    4.335    4.335    5.007    5.008    5.550    5.550
            0.162667  0.281747  0.000000
  -19.232  -19.232   -9.202   -9.202   -7.870   -7.870   -7.000   -7.000    3.300    3.300
    4.355    4.356    4.978    4.978    5.570    5.570
            0.163333  0.282902  0.000000
  -19.217  -19.217   -9.227   -9.227   -7.891   -7.891   -6.983   -6.983    3.321    3.321
    4.376    4.377    4.948    4.948    5.591    5.591
            0.164000  0.284056  0.000000
  -19.202  -19.202   -9.251   -9.251   -7.912   -7.912   -6.965   -6.965    3.343    3.343
    4.397    4.398    4.918    4.918    5.611    5.612
            0.164667  0.285211  0.000000
  -19.187  -19.187   -9.275   -9.275   -7.932   -7.932   -6.948   -6.948    3.364    3.364
    4.419    4.419    4.889    4.889    5.632    5.632
            0.165333  0.286366  0.000000
  -19.172  -19.172   -9.299   -9.299   -7.953   -7.953   -6.930   -6.930    3.386    3.386
    4.440    4.440    4.859    4.859    5.653    5.653
            0.166000  0.287520  0.000000
  -19.157  -19.157   -9.324   -9.324   -7.974   -7.974   -6.913   -6.913    3.407    3.407
    4.461    4.461    4.829    4.829    5.674    5.674
            0.166667  0.288675  0.000000
  -19.142  -19.141   -9.348   -9.348   -7.995   -7.995   -6.895   -6.895    3.429    3.429
    4.482    4.483    4.799    4.799    5.695    5.695
            0.167333  0.289830  0.000000
  -19.126  -19.126   -9.372   -9.372   -8.016   -8.016   -6.877   -6.877    3.451    3.451
    4.504    4.504    4.770    4.770    5.716    5.716
            0.168000  0.290985  0.000000
  -19.111  -19.111   -9.396   -9.396   -8.037   -8.037   -6.859   -6.859    3.473    3.473
    4.525    4.526    4.740    4.740    5.737    5.737
            0.168667  0.292139  0.000000
  -19.095  -19.095   -9.420   -9.420   -8.058   -8.058   -6.842   -6.842    3.495    3.495
    4.547    4.547    4.710    4.710    5.758    5.758
            0.169333  0.293294  0.000000
  -19.080  -19.080   -9.444   -9.444   -8.079   -8.079   -6.824   -6.824    3.517    3.517
    4.569    4.569    4.680    4.680    5.779    5.780
            0.170000  0.294449  0.000000
  -19.064  -19.064   -9.468   -9.468   -8.100   -8.100   -6.806   -6.806    3.539    3.539
    4.591    4.591    4.651    4.651    5.801    5.801
            0.170667  0.295603  0.000000
  -19.048  -19.048   -9.493   -9.493   -8.121   -8.121   -6.788   -6.788    3.561    3.561
    4.612    4.613    4.621    4.621    5.822    5.822
            0.171333  0.296758  0.000000
  -19.033  -19.033   -9.517   -9.517   -8.142   -8.142   -6.770   -6.770    3.583    3.584
    4.591    4.591    4.634    4.634    5.844    5.844
            0.172000  0.297913  0.000000
  -19.017  -19.017   -9.541   -9.541   -8.163   -8.163   -6.752   -6.752    3.606    3.606
    4.561    4.562    4.656    4.657    5.865    5.865
            0.172667  0.299067  0.000000
  -19.001  -19.001   -9.565   -9.565   -8.184   -8.184   -6.733   -6.733    3.628    3.628
    4.532    4.532    4.679    4.679    5.887    5.887
            0.173333  0.300222  0.000000
  -18.985  -18.985   -9.589   -9.589   -8.205   -8.205   -6.715   -6.715    3.651    3.651
    4.502    4.502    4.701    4.701    5.909    5.909
            0.174000  0.301377  0.000000
  -18.969  -18.969   -9.612   -9.612   -8.226   -8.226   -6.697   -6.697    3.674    3.674
    4.472    4.472    4.723    4.723    5.930    5.931
            0.174667  0.302532  0.000000
  -18.953  -18.953   -9.636   -9.636   -8.247   -8.247   -6.679   -6.679    3.696    3.696
    4.443    4.443    4.745    4.746    5.952    5.953
            0.175333  0.303686  0.000000
  -18.937  -18.937   -9.660   -9.660   -8.268   -8.268   -6.660   -6.660    3.719    3.719
    4.413    4.413    4.768    4.768    5.974    5.975
            0.176000  0.304841  0.000000
  -18.921  -18.921   -9.684   -9.684   -8.289   -8.289   -6.642   -6.642    3.742    3.742
    4.383    4.383    4.790    4.791    5.996    5.997
            0.176667  0.305996  0.000000
  -18.905  -18.905   -9.708   -9.708   -8.310   -8.310   -6.623   -6.623    3.765    3.765
    4.354    4.354    4.813    4.813    6.018    6.019
            0.177333  0.307150  0.000000
  -18.889  -18.889   -9.732   -9.732   -8.331   -8.331   -6.605   -6.605    3.788    3.788
    4.324    4.324    4.836    4.836    6.041    6.041
            0.178000  0.308305  0.000000
  -18.873  -18.873   -9.755   -9.755   -8.352   -8.352   -6.586   -6.586    3.811    3.812
    4.294    4.294    4.858    4.859    6.063    6.063
            0.178667  0.309460  0.000000
  -18.856  -18.856   -9.779   -9.779   -8.373   -8.373   -6.567   -6.567    3.835    3.835
    4.265    4.265    4.881    4.882    6.085    6.085
            0.179333  0.310614  0.000000
  -18.840  -18.840   -9.803   -9.803   -8.394   -8.394   -6.549   -6.549    3.858    3.858
    4.235    4.235    4.904    4.904    6.108    6.108
            0.180000  0.311769  0.000000
  -18.823  -18.823   -9.827   -9.827   -8.415   -8.415   -6.530   -6.530    3.882    3.882
    4.205    4.205    4.927    4.928    6.130    6.130
            0.180667  0.312924  0.000000
  -18.807  -18.807   -9.850   -9.850   -8.436   -8.436   -6.511   -6.511    3.905    3.905
    4.176    4.176    4.950    4.951    6.153    6.153
            0.181333  0.314079  0.000000
  -18.790  -18.790   -9.874   -9.874   -8.457   -8.457   -6.492   -6.492    3.929    3.929
    4.146    4.146    4.974    4.974    6.175    6.176
            0.182000  0.315233  0.000000
  -18.774  -18.774   -9.897   -9.897   -8.478   -8.478   -6.473   -6.473    3.952    3.952
    4.116    4.117    4.997    4.997    6.198    6.198
            0.182667  0.316388  0.000000
  -18.757  -18.757   -9.921   -9.921   -8.499   -8.499   -6.454   -6.454    3.976    3.976
    4.087    4.087    5.020    5.021    6.221    6.221
            0.183333  0.317543  0.000000
  -18.740  -18.740   -9.944   -9.944   -8.520   -8.520   -6.435   -6.435    4.000    4.000
    4.057    4.057    5.044    5.044    6.244    6.244
            0.184000  0.318697  0.000000
  -18.724  -18.724   -9.968   -9.968   -8.541   -8.541   -6.416   -6.416    4.024    4.024
    4.028    4.028    5.067    5.068    6.266    6.267
            0.184667  0.319852  0.000000
  -18.707  -18.707   -9.991   -9.991   -8.562   -8.562   -6.397   -6.397    3.998    3.998
    4.048    4.048    5.091    5.091    6.289    6.290
            0.185333  0.321007  0.000000
  -18.690  -18.690  -10.015  -10.015   -8.583   -8.583   -6.378   -6.378    3.969    3.969
    4.072    4.072    5.115    5.115    6.313    6.313
            0.186000  0.322161  0.000000
  -18.673  -18.673  -10.038  -10.038   -8.604   -8.604   -6.358   -6.358    3.939    3.939
    4.096    4.097    5.138    5.139    6.336    6.336
            0.186667  0.323316  0.000000
  -18.656  -18.656  -10.062  -10.062   -8.625   -8.625   -6.339   -6.339    3.910    3.910
    4.121    4.121    5.162    5.163    6.359    6.359
            0.187333  0.324471  0.000000
  -18.639  -18.639  -10.085  -10.085   -8.646   -8.646   -6.320   -6.320    3.880    3.880
    4.145    4.145    5.186    5.186    6.382    6.383
            0.188000  0.325626  0.000000
  -18.622  -18.622  -10.108  -10.108   -8.667   -8.667   -6.300   -6.300    3.851    3.851
    4.170    4.170    5.210    5.210    6.406    6.406
            0.188667  0.326780  0.000000
  -18.605  -18.605  -10.132  -10.132   -8.688   -8.687   -6.281   -6.281    3.821    3.821
    4.194    4.194    5.234    5.235    6.429    6.429
            0.189333  0.327935  0.000000
  -18.588  -18.588  -10.155  -10.155   -8.708   -8.708   -6.261   -6.261    3.792    3.792
    4.219    4.219    5.259    5.259    6.453    6.453
            0.190000  0.329090  0.000000
  -18.570  -18.570  -10.178  -10.178   -8.729   -8.729   -6.241   -6.241    3.763    3.763
    4.244    4.244    5.283    5.283    6.476    6.476
            0.190667  0.330244  0.000000
  -18.553  -18.553  -10.201  -10.201   -8.750   -8.750   -6.222   -6.222    3.733    3.733
    4.268    4.268    5.307    5.307    6.500    6.500
            0.191333  0.331399  0.000000
  -18.536  -18.536  -10.224  -10.224   -8.771   -8.771   -6.202   -6.202    3.704    3.704
    4.293    4.293    5.332    5.332    6.523    6.524
            0.192000  0.332554  0.000000
  -18.518  -18.518  -10.247  -10.247   -8.792   -8.792   -6.182   -6.182    3.674    3.675
    4.318    4.318    5.356    5.356    6.547    6.548
            0.192667  0.333708  0.000000
  -18.501  -18.501  -10.271  -10.271   -8.813   -8.813   -6.163   -6.163    3.645    3.645
    4.343    4.343    5.381    5.381    6.571    6.571
            0.193333  0.334863  0.000000
  -18.483  -18.483  -10.294  -10.294   -8.834   -8.834   -6.143   -6.143    3.616    3.616
    4.368    4.369    5.406    5.406    6.595    6.595
            0.194000  0.336018  0.000000
  -18.466  -18.466  -10.317  -10.317   -8.855   -8.855   -6.123   -6.123    3.587    3.587
    4.394    4.394    5.430    5.431    6.619    6.619
            0.194667  0.337173  0.000000
  -18.448  -18.448  -10.340  -10.340   -8.876   -8.876   -6.103   -6.103    3.557    3.557
    4.419    4.419    5.455    5.455    6.643    6.643
            0.195333  0.338327  0.000000
  -18.430  -18.430  -10.363  -10.363   -8.897   -8.897   -6.083   -6.083    3.528    3.528
    4.444    4.445    5.480    5.480    6.667    6.667
            0.196000  0.339482  0.000000
  -18.412  -18.412  -10.385  -10.385   -8.917   -8.917   -6.063   -6.063    3.499    3.499
    4.470    4.470    5.505    5.505    6.691    6.692
            0.196667  0.340637  0.000000
  -18.395  -18.395  -10.408  -10.408   -8.938   -8.938   -6.043   -6.043    3.470    3.470
    4.496    4.496    5.530    5.530    6.716    6.716
            0.197333  0.341791  0.000000
  -18.377  -18.377  -10.431  -10.431   -8.959   -8.959   -6.023   -6.023    3.441    3.441
    4.521    4.521    5.556    5.556    6.740    6.740
            0.198000  0.342946  0.000000
  -18.359  -18.359  -10.454  -10.454   -8.980   -8.980   -6.002   -6.002    3.411    3.411
    4.547    4.547    5.581    5.581    6.764    6.765
            0.198667  0.344101  0.000000
  -18.341  -18.341  -10.477  -10.477   -9.001   -9.001   -5.982   -5.982    3.382    3.382
    4.573    4.573    5.606    5.606    6.789    6.789
            0.199333  0.345255  0.000000
  -18.323  -18.323  -10.499  -10.499   -9.022   -9.022   -5.962   -5.962    3.353    3.353
    4.599    4.599    5.632    5.632    6.813    6.814
            0.200000  0.346410  0.000000
  -18.305  -18.305  -10.522  -10.522   -9.042   -9.042   -5.941   -5.941    3.324    3.324
    4.625    4.625    5.657    5.657    6.838    6.838
            0.200667  0.347565  0.000000
  -18.287  -18.287  -10.545  -10.545   -9.063   -9.063   -5.921   -5.921    3.295    3.295
    4.651    4.651    5.683    5.683    6.862    6.863
            0.201333  0.348720  0.000000
  -18.268  -18.268  -10.567  -10.567   -9.084   -9.084   -5.901   -5.901    3.266    3.266
    4.677    4.677    5.708    5.709    6.887    6.888
            0.202000  0.349874  0.000000
  -18.250  -18.250  -10.590  -10.590   -9.105   -9.105   -5.880   -5.880    3.237    3.237
    4.703    4.703    5.734    5.734    6.912    6.912
            0.202667  0.351029  0.000000
  -18.232  -18.232  -10.613  -10.613   -9.125   -9.125   -5.860   -5.860    3.208    3.208
    4.730    4.730    5.760    5.760    6.937    6.937
            0.203333  0.352184  0.000000
  -18.214  -18.214  -10.635  -10.635   -9.146   -9.146   -5.839   -5.839    3.179    3.179
    4.756    4.756    5.786    5.786    6.962    6.962
            0.204000  0.353338  0.000000
  -18.195  -18.195  -10.658  -10.657   -9.167   -9.167   -5.818   -5.818    3.150    3.150
    4.783    4.783    5.812    5.812    6.987    6.987
            0.204667  0.354493  0.000000
  -18.177  -18.177  -10.680  -10.680   -9.187   -9.187   -5.798   -5.798    3.121    3.122
    4.809    4.809    5.838    5.838    7.012    7.012
            0.205333  0.355648  0.000000
  -18.158  -18.158  -10.702  -10.702   -9.208   -9.208   -5.777   -5.777    3.093    3.093
    4.836    4.836    5.864    5.864    7.037    7.037
            0.206000  0.356802  0.000000
  -18.140  -18.140  -10.725  -10.725   -9.229   -9.229   -5.756   -5.756    3.064    3.064
    4.863    4.863    5.890    5.891    7.062    7.062
            0.206667  0.357957  0.000000
  -18.121  -18.121  -10.747  -10.747   -9.249   -9.249   -5.735   -5.735    3.035    3.035
    4.889    4.890    5.917    5.917    7.087    7.087
            0.207333  0.359112  0.000000
  -18.102  -18.102  -10.769  -10.769   -9.270   -9.270   -5.715   -5.715    3.006    3.006
    4.916    4.916    5.943    5.943    7.112    7.113
            0.208000  0.360267  0.000000
  -18.084  -18.084  -10.792  -10.792   -9.290   -9.290   -5.694   -5.694    2.978    2.978
    4.943    4.943    5.970    5.970    7.137    7.138
            0.208667  0.361421  0.000000
  -18.065  -18.065  -10.814  -10.814   -9.311   -9.311   -5.673   -5.673    2.949    2.949
    4.970    4.971    5.996    5.996    7.163    7.163
            0.209333  0.362576  0.000000
  -18.046  -18.046  -10.836  -10.836   -9.331   -9.331   -5.652   -5.652    2.920    2.920
    4.998    4.998    6.023    6.023    7.188    7.189
            0.210000  0.363731  0.000000
  -18.027  -18.027  -10.858  -10.858   -9.352   -9.352   -5.631   -5.631    2.892    2.892
    5.025    5.025    6.050    6.050    7.214    7.214
            0.210667  0.364885  0.000000
  -18.008  -18.008  -10.880  -10.880   -9.372   -9.372   -5.610   -5.610    2.863    2.863
    5.052    5.052    6.076    6.077    7.239    7.240
            0.211333  0.366040  0.000000
  -17.989  -17.989  -10.902  -10.902   -9.393   -9.393   -5.589   -5.589    2.834    2.835
    5.080    5.080    6.103    6.103    7.265    7.265
            0.212000  0.367195  0.000000
  -17.970  -17.970  -10.924  -10.924   -9.413   -9.413   -5.567   -5.567    2.806    2.806
    5.107    5.107    6.130    6.130    7.290    7.291
            0.212667  0.368349  0.000000
  -17.951  -17.951  -10.946  -10.946   -9.434   -9.434   -5.546   -5.546    2.777    2.778
    5.135    5.135    6.157    6.157    7.316    7.316
            0.213333  0.369504  0.000000
  -17.932  -17.932  -10.968  -10.968   -9.454   -9.454   -5.525   -5.525    2.749    2.749
    5.163    5.163    6.184    6.185    7.342    7.342
            0.214000  0.370659  0.000000
  -17.913  -17.913  -10.990  -10.990   -9.475   -9.475   -5.504   -5.504    2.721    2.721
    5.190    5.190    6.212    6.212    7.367    7.368
            0.214667  0.371814  0.000000
  -17.894  -17.894  -11.012  -11.012   -9.495   -9.495   -5.482   -5.482    2.692    2.692
    5.218    5.218    6.239    6.239    7.393    7.394
            0.215333  0.372968  0.000000
  -17.875  -17.875  -11.034  -11.034   -9.515   -9.515   -5.461   -5.461    2.664    2.664
    5.246    5.246    6.266    6.266    7.419    7.419
            0.216000  0.374123  0.000000
  -17.855  -17.855  -11.056  -11.055   -9.536   -9.536   -5.440   -5.440    2.635    2.636
    5.274    5.274    6.294    6.294    7.445    7.445
            0.216667  0.375278  0.000000
  -17.836  -17.836  -11.077  -11.077   -9.556   -9.556   -5.418   -5.418    2.607    2.607
    5.302    5.302    6.321    6.321    7.471    7.471
            0.217333  0.376432  0.000000
  -17.817  -17.817  -11.099  -11.099   -9.576   -9.576   -5.397   -5.397    2.579    2.579
    5.330    5.331    6.349    6.349    7.497    7.497
            0.218000  0.377587  0.000000
  -17.797  -17.797  -11.121  -11.121   -9.597   -9.596   -5.375   -5.375    2.551    2.551
    5.359    5.359    6.376    6.377    7.523    7.523
            0.218667  0.378742  0.000000
  -17.778  -17.778  -11.142  -11.142   -9.617   -9.617   -5.354   -5.354    2.523    2.523
    5.387    5.387    6.404    6.404    7.549    7.549
            0.219333  0.379896  0.000000
  -17.758  -17.758  -11.164  -11.164   -9.637   -9.637   -5.332   -5.332    2.494    2.495
    5.415    5.416    6.432    6.432    7.575    7.575
            0.220000  0.381051  0.000000
  -17.738  -17.738  -11.185  -11.185   -9.657   -9.657   -5.310   -5.310    2.466    2.466
    5.444    5.444    6.460    6.460    7.601    7.601
            0.220667  0.382206  0.000000
  -17.719  -17.719  -11.207  -11.207   -9.677   -9.677   -5.289   -5.289    2.438    2.438
    5.473    5.473    6.488    6.488    7.627    7.628
            0.221333  0.383361  0.000000
  -17.699  -17.699  -11.228  -11.228   -9.697   -9.697   -5.267   -5.267    2.410    2.410
    5.501    5.501    6.516    6.516    7.653    7.654
            0.222000  0.384515  0.000000
  -17.679  -17.679  -11.250  -11.250   -9.717   -9.717   -5.245   -5.245    2.382    2.382
    5.530    5.530    6.544    6.544    7.680    7.680
            0.222667  0.385670  0.000000
  -17.659  -17.659  -11.271  -11.271   -9.738   -9.737   -5.223   -5.223    2.354    2.354
    5.559    5.559    6.572    6.573    7.706    7.706
            0.223333  0.386825  0.000000
  -17.640  -17.640  -11.292  -11.292   -9.758   -9.758   -5.202   -5.202    2.326    2.326
    5.588    5.588    6.601    6.601    7.732    7.732
            0.224000  0.387979  0.000000
  -17.620  -17.620  -11.314  -11.314   -9.778   -9.778   -5.180   -5.180    2.298    2.299
    5.617    5.617    6.629    6.629    7.758    7.759
            0.224667  0.389134  0.000000
  -17.600  -17.600  -11.335  -11.335   -9.798   -9.798   -5.158   -5.158    2.271    2.271
    5.646    5.646    6.657    6.658    7.785    7.785
            0.225333  0.390289  0.000000
  -17.580  -17.580  -11.356  -11.356   -9.817   -9.817   -5.136   -5.136    2.243    2.243
    5.675    5.675    6.686    6.686    7.811    7.811
            0.226000  0.391443  0.000000
  -17.560  -17.560  -11.377  -11.377   -9.837   -9.837   -5.114   -5.114    2.215    2.215
    5.704    5.704    6.715    6.715    7.837    7.838
            0.226667  0.392598  0.000000
  -17.540  -17.540  -11.398  -11.398   -9.857   -9.857   -5.092   -5.092    2.187    2.187
    5.734    5.734    6.743    6.743    7.864    7.864
            0.227333  0.393753  0.000000
  -17.520  -17.520  -11.419  -11.419   -9.877   -9.877   -5.070   -5.070    2.160    2.160
    5.763    5.763    6.772    6.772    7.890    7.890
            0.228000  0.394908  0.000000
  -17.499  -17.499  -11.441  -11.440   -9.897   -9.897   -5.048   -5.048    2.132    2.132
    5.793    5.793    6.801    6.801    7.916    7.917
            0.228667  0.396062  0.000000
  -17.479  -17.479  -11.461  -11.461   -9.917   -9.917   -5.026   -5.026    2.104    2.105
    5.822    5.822    6.830    6.830    7.943    7.943
            0.229333  0.397217  0.000000
  -17.459  -17.459  -11.482  -11.482   -9.937   -9.937   -5.004   -5.004    2.077    2.077
    5.852    5.852    6.859    6.859    7.969    7.970
            0.230000  0.398372  0.000000
  -17.439  -17.438  -11.503  -11.503   -9.956   -9.956   -4.981   -4.981    2.049    2.050
    5.882    5.882    6.888    6.888    7.995    7.996
            0.230667  0.399526  0.000000
  -17.418  -17.418  -11.524  -11.524   -9.976   -9.976   -4.959   -4.959    2.022    2.022
    5.911    5.911    6.917    6.917    8.022    8.022
            0.231333  0.400681  0.000000
  -17.398  -17.398  -11.545  -11.545   -9.996   -9.996   -4.937   -4.937    1.995    1.995
    5.941    5.941    6.946    6.946    8.048    8.049
            0.232000  0.401836  0.000000
  -17.377  -17.377  -11.566  -11.566  -10.015  -10.015   -4.915   -4.915    1.967    1.967
    5.971    5.971    6.975    6.976    8.075    8.075
            0.232667  0.402990  0.000000
  -17.357  -17.357  -11.587  -11.587  -10.035  -10.035   -4.893   -4.892    1.940    1.940
    6.001    6.001    7.005    7.005    8.101    8.101
            0.233333  0.404145  0.000000
  -17.336  -17.336  -11.607  -11.607  -10.054  -10.054   -4.870   -4.870    1.913    1.913
    6.031    6.032    7.034    7.034    8.127    8.128
            0.234000  0.405300  0.000000
  -17.316  -17.316  -11.628  -11.628  -10.074  -10.074   -4.848   -4.848    1.885    1.885
    6.062    6.062    7.064    7.064    8.154    8.154
            0.234667  0.406455  0.000000
  -17.295  -17.295  -11.648  -11.648  -10.093  -10.093   -4.826   -4.825    1.858    1.858
    6.092    6.092    7.093    7.093    8.180    8.180
            0.235333  0.407609  0.000000
  -17.274  -17.274  -11.669  -11.669  -10.113  -10.113   -4.803   -4.803    1.831    1.831
    6.122    6.122    7.123    7.123    8.206    8.207
            0.236000  0.408764  0.000000
  -17.254  -17.254  -11.690  -11.690  -10.132  -10.132   -4.781   -4.781    1.804    1.804
    6.153    6.153    7.152    7.153    8.232    8.233
            0.236667  0.409919  0.000000
  -17.233  -17.233  -11.710  -11.710  -10.152  -10.152   -4.758   -4.758    1.777    1.777
    6.183    6.183    7.182    7.182    8.259    8.259
            0.237333  0.411073  0.000000
  -17.212  -17.212  -11.730  -11.730  -10.171  -10.171   -4.736   -4.736    1.750    1.750
    6.214    6.214    7.212    7.212    8.285    8.285
            0.238000  0.412228  0.000000
  -17.191  -17.191  -11.751  -11.751  -10.190  -10.190   -4.713   -4.713    1.723    1.723
    6.245    6.245    7.242    7.242    8.311    8.311
            0.238667  0.413383  0.000000
  -17.170  -17.170  -11.771  -11.771  -10.210  -10.210   -4.691   -4.691    1.696    1.696
    6.275    6.275    7.272    7.272    8.337    8.337
            0.239333  0.414537  0.000000
  -17.149  -17.149  -11.791  -11.791  -10.229  -10.229   -4.668   -4.668    1.669    1.669
    6.306    6.306    7.302    7.302    8.363    8.363
            0.240000  0.415692  0.000000
  -17.128  -17.128  -11.812  -11.812  -10.248  -10.248   -4.646   -4.646    1.642    1.642
    6.337    6.337    7.332    7.332    8.389    8.389
            0.240667  0.416847  0.000000
  -17.107  -17.107  -11.832  -11.832  -10.267  -10.267   -4.623   -4.623    1.615    1.615
    6.368    6.368    7.362    7.363    8.415    8.415
            0.241333  0.418002  0.000000
  -17.086  -17.086  -11.852  -11.852  -10.286  -10.286   -4.600   -4.600    1.588    1.589
    6.399    6.399    7.393    7.393    8.440    8.441
            0.242000  0.419156  0.000000
  -17.065  -17.065  -11.872  -11.872  -10.305  -10.305   -4.578   -4.578    1.562    1.562
    6.430    6.430    7.423    7.423    8.466    8.467
            0.242667  0.420311  0.000000
  -17.044  -17.044  -11.892  -11.892  -10.325  -10.325   -4.555   -4.555    1.535    1.535
    6.461    6.462    7.453    7.454    8.492    8.492
            0.243333  0.421466  0.000000
  -17.023  -17.023  -11.912  -11.912  -10.344  -10.344   -4.532   -4.532    1.508    1.509
    6.493    6.493    7.484    7.484    8.517    8.518
            0.244000  0.422620  0.000000
  -17.002  -17.002  -11.932  -11.932  -10.362  -10.362   -4.510   -4.510    1.482    1.482
    6.524    6.524    7.514    7.515    8.543    8.543
            0.244667  0.423775  0.000000
  -16.980  -16.980  -11.952  -11.952  -10.381  -10.381   -4.487   -4.487    1.455    1.455
    6.556    6.556    7.545    7.545    8.568    8.568
            0.245333  0.424930  0.000000
  -16.959  -16.959  -11.972  -11.972  -10.400  -10.400   -4.464   -4.464    1.429    1.429
    6.587    6.587    7.576    7.576    8.593    8.594
            0.246000  0.426084  0.000000
  -16.938  -16.938  -11.992  -11.992  -10.419  -10.419   -4.441   -4.441    1.403    1.403
    6.619    6.619    7.606    7.606    8.618    8.619
            0.246667  0.427239  0.000000
  -16.916  -16.916  -12.012  -12.012  -10.438  -10.438   -4.419   -4.419    1.376    1.376
    6.650    6.650    7.637    7.637    8.643    8.644
            0.247333  0.428394  0.000000
  -16.895  -16.895  -12.032  -12.032  -10.457  -10.457   -4.396   -4.396    1.350    1.350
    6.682    6.682    7.668    7.668    8.668    8.668
            0.248000  0.429549  0.000000
  -16.873  -16.873  -12.051  -12.051  -10.475  -10.475   -4.373   -4.373    1.324    1.324
    6.714    6.714    7.699    7.699    8.692    8.693
            0.248667  0.430703  0.000000
  -16.852  -16.852  -12.071  -12.071  -10.494  -10.494   -4.350   -4.350    1.297    1.297
    6.746    6.746    7.730    7.730    8.717    8.717
            0.249333  0.431858  0.000000
  -16.830  -16.830  -12.091  -12.091  -10.513  -10.513   -4.327   -4.327    1.271    1.271
    6.778    6.778    7.761    7.761    8.741    8.742
            0.250000  0.433013  0.000000
  -16.809  -16.809  -12.110  -12.110  -10.531  -10.531   -4.304   -4.304    1.245    1.245
    6.810    6.810    7.792    7.792    8.765    8.766
            0.250667  0.434167  0.000000
  -16.787  -16.787  -12.130  -12.130  -10.550  -10.550   -4.281   -4.281    1.219    1.219
    6.842    6.842    7.823    7.823    8.789    8.789
            0.251333  0.435322  0.000000
  -16.765  -16.765  -12.149  -12.149  -10.568  -10.568   -4.258   -4.258    1.193    1.193
    6.874    6.874    7.854    7.854    8.813    8.813
            0.252000  0.436477  0.000000
  -16.744  -16.744  -12.169  -12.169  -10.587  -10.587   -4.236   -4.236    1.167    1.167
    6.906    6.906    7.885    7.886    8.836    8.837
            0.252667  0.437632  0.000000
  -16.722  -16.722  -12.188  -12.188  -10.605  -10.605   -4.213   -4.213    1.141    1.141
    6.938    6.939    7.917    7.917    8.859    8.860
            0.253333  0.438786  0.000000
  -16.700  -16.700  -12.207  -12.207  -10.623  -10.623   -4.190   -4.190    1.115    1.115
    6.971    6.971    7.948    7.948    8.882    8.883
            0.254000  0.439941  0.000000
  -16.678  -16.678  -12.227  -12.227  -10.642  -10.642   -4.167   -4.167    1.089    1.089
    7.003    7.003    7.979    7.979    8.905    8.905
            0.254667  0.441096  0.000000
  -16.657  -16.657  -12.246  -12.246  -10.660  -10.660   -4.144   -4.144    1.064    1.064
    7.036    7.036    8.011    8.011    8.927    8.928
            0.255333  0.442250  0.000000
  -16.635  -16.635  -12.265  -12.265  -10.678  -10.678   -4.121   -4.121    1.038    1.038
    7.068    7.068    8.042    8.042    8.949    8.950
            0.256000  0.443405  0.000000
  -16.613  -16.613  -12.284  -12.284  -10.696  -10.696   -4.098   -4.098    1.012    1.012
    7.101    7.101    8.074    8.074    8.971    8.972
            0.256667  0.444560  0.000000
  -16.591  -16.591  -12.303  -12.303  -10.714  -10.714   -4.075   -4.075    0.987    0.987
    7.133    7.134    8.105    8.105    8.993    8.993
            0.257333  0.445714  0.000000
  -16.569  -16.569  -12.322  -12.322  -10.732  -10.732   -4.052   -4.052    0.961    0.961
    7.166    7.166    8.137    8.137    9.014    9.014
            0.258000  0.446869  0.000000
  -16.547  -16.547  -12.341  -12.341  -10.750  -10.750   -4.029   -4.029    0.935    0.936
    7.199    7.199    8.168    8.169    9.035    9.035
            0.258667  0.448024  0.000000
  -16.525  -16.525  -12.360  -12.360  -10.768  -10.768   -4.006   -4.006    0.910    0.910
    7.232    7.232    8.200    8.200    9.055    9.056
            0.259333  0.449179  0.000000
  -16.503  -16.503  -12.379  -12.379  -10.786  -10.786   -3.983   -3.983    0.885    0.885
    7.265    7.265    8.232    8.232    9.075    9.076
            0.260000  0.450333  0.000000
  -16.481  -16.481  -12.398  -12.398  -10.804  -10.804   -3.959   -3.959    0.859    0.859
    7.298    7.298    8.263    8.264    9.095    9.096
            0.260667  0.451488  0.000000
  -16.459  -16.459  -12.417  -12.417  -10.822  -10.822   -3.936   -3.936    0.834    0.834
    7.331    7.331    8.295    8.295    9.114    9.115
            0.261333  0.452643  0.000000
  -16.436  -16.436  -12.436  -12.436  -10.840  -10.840   -3.913   -3.913    0.809    0.809
    7.364    7.364    8.327    8.327    9.133    9.134
            0.262000  0.453797  0.000000
  -16.414  -16.414  -12.454  -12.454  -10.857  -10.857   -3.890   -3.890    0.783    0.784
    7.397    7.397    8.359    8.359    9.152    9.153
            0.262667  0.454952  0.000000
  -16.392  -16.392  -12.473  -12.473  -10.875  -10.875   -3.867   -3.867    0.758    0.758
    7.430    7.430    8.390    8.391    9.170    9.171
            0.263333  0.456107  0.000000
  -16.370  -16.370  -12.492  -12.492  -10.892  -10.892   -3.844   -3.844    0.733    0.733
    7.463    7.463    8.422    8.422    9.188    9.189
            0.264000  0.457261  0.000000
  -16.347  -16.347  -12.510  -12.510  -10.910  -10.910   -3.821   -3.821    0.708    0.708
    7.496    7.497    8.454    8.454    9.205    9.206
            0.264667  0.458416  0.000000
  -16.325  -16.325  -12.529  -12.529  -10.927  -10.927   -3.798   -3.798    0.683    0.683
    7.530    7.530    8.485    8.486    9.222    9.223
            0.265333  0.459571  0.000000
  -16.303  -16.303  -12.547  -12.547  -10.945  -10.945   -3.775   -3.775    0.658    0.658
    7.563    7.563    8.517    8.517    9.239    9.239
            0.266000  0.460726  0.000000
  -16.281  -16.280  -12.566  -12.566  -10.962  -10.962   -3.752   -3.752    0.633    0.634
    7.596    7.597    8.549    8.549    9.255    9.255
            0.266667  0.461880  0.000000
  -16.258  -16.258  -12.584  -12.584  -10.979  -10.979   -3.729   -3.729    0.609    0.609
    7.630    7.630    8.580    8.581    9.270    9.271
            0.267333  0.463035  0.000000
  -16.236  -16.236  -12.603  -12.603  -10.997  -10.997   -3.706   -3.706    0.584    0.584
    7.663    7.663    8.612    8.612    9.286    9.286
            0.268000  0.464190  0.000000
  -16.213  -16.213  -12.621  -12.621  -11.014  -11.014   -3.683   -3.683    0.559    0.559
    7.697    7.697    8.644    8.644    9.300    9.301
            0.268667  0.465344  0.000000
  -16.191  -16.191  -12.639  -12.639  -11.031  -11.031   -3.659   -3.659    0.535    0.535
    7.730    7.730    8.675    8.675    9.315    9.315
            0.269333  0.466499  0.000000
  -16.168  -16.168  -12.657  -12.657  -11.048  -11.048   -3.636   -3.636    0.510    0.510
    7.764    7.764    8.706    8.707    9.329    9.329
            0.270000  0.467654  0.000000
  -16.146  -16.146  -12.676  -12.676  -11.065  -11.065   -3.613   -3.613    0.485    0.485
    7.797    7.797    8.738    8.738    9.342    9.343
            0.270667  0.468808  0.000000
  -16.123  -16.123  -12.694  -12.694  -11.082  -11.082   -3.590   -3.590    0.461    0.461
    7.831    7.831    8.769    8.769    9.356    9.356
            0.271333  0.469963  0.000000
  -16.101  -16.101  -12.712  -12.712  -11.099  -11.099   -3.567   -3.567    0.437    0.437
    7.864    7.864    8.800    8.800    9.369    9.369
            0.272000  0.471118  0.000000
  -16.078  -16.078  -12.730  -12.730  -11.115  -11.115   -3.544   -3.544    0.412    0.412
    7.898    7.898    8.830    8.831    9.381    9.382
            0.272667  0.472273  0.000000
  -16.056  -16.056  -12.748  -12.748  -11.132  -11.132   -3.521   -3.521    0.388    0.388
    7.931    7.931    8.861    8.861    9.394    9.395
            0.273333  0.473427  0.000000
  -16.033  -16.033  -12.766  -12.766  -11.149  -11.149   -3.498   -3.498    0.364    0.364
    7.965    7.965    8.891    8.891    9.406    9.407
            0.274000  0.474582  0.000000
  -16.011  -16.011  -12.784  -12.783  -11.165  -11.165   -3.475   -3.475    0.339    0.339
    7.998    7.998    8.921    8.921    9.419    9.419
            0.274667  0.475737  0.000000
  -15.988  -15.988  -12.801  -12.801  -11.182  -11.182   -3.452   -3.452    0.315    0.315
    8.031    8.032    8.951    8.951    9.431    9.431
            0.275333  0.476891  0.000000
  -15.965  -15.965  -12.819  -12.819  -11.198  -11.198   -3.429   -3.429    0.291    0.291
    8.065    8.065    8.980    8.980    9.443    9.444
            0.276000  0.478046  0.000000
  -15.943  -15.943  -12.837  -12.837  -11.214  -11.214   -3.406   -3.406    0.267    0.267
    8.098    8.098    9.008    9.009    9.455    9.456
            0.276667  0.479201  0.000000
  -15.920  -15.920  -12.855  -12.854  -11.231  -11.231   -3.383   -3.383    0.243    0.243
    8.132    8.132    9.037    9.037    9.468    9.468
            0.277333  0.480355  0.000000
  -15.897  -15.897  -12.872  -12.872  -11.247  -11.247   -3.360   -3.360    0.219    0.219
    8.165    8.165    9.064    9.065    9.480    9.481
            0.278000  0.481510  0.000000
  -15.875  -15.875  -12.890  -12.890  -11.263  -11.263   -3.337   -3.337    0.195    0.195
    8.198    8.198    9.091    9.091    9.494    9.494
            0.278667  0.482665  0.000000
  -15.852  -15.852  -12.907  -12.907  -11.279  -11.279   -3.314   -3.314    0.172    0.172
    8.231    8.231    9.117    9.117    9.507    9.508
            0.279333  0.483820  0.000000
  -15.829  -15.829  -12.925  -12.925  -11.295  -11.295   -3.291   -3.291    0.148    0.148
    8.264    8.264    9.142    9.143    9.522    9.522
            0.280000  0.484974  0.000000
  -15.807  -15.807  -12.942  -12.942  -11.311  -11.311   -3.268   -3.268    0.124    0.124
    8.297    8.297    9.166    9.167    9.537    9.537
            0.280667  0.486129  0.000000
  -15.784  -15.784  -12.960  -12.960  -11.327  -11.327   -3.245   -3.245    0.101    0.101
    8.329    8.330    9.189    9.190    9.553    9.553
            0.281333  0.487284  0.000000
  -15.761  -15.761  -12.977  -12.977  -11.343  -11.343   -3.222   -3.222    0.077    0.077
    8.362    8.362    9.211    9.212    9.570    9.570
            0.282000  0.488438  0.000000
  -15.738  -15.738  -12.994  -12.994  -11.358  -11.358   -3.199   -3.199    0.054    0.054
    8.394    8.394    9.232    9.232    9.588    9.588
            0.282667  0.489593  0.000000
  -15.716  -15.716  -13.011  -13.011  -11.374  -11.374   -3.177   -3.177    0.030    0.030
    8.426    8.427    9.252    9.252    9.607    9.608
            0.283333  0.490748  0.000000
  -15.693  -15.693  -13.029  -13.029  -11.389  -11.389   -3.154   -3.154    0.007    0.007
    8.458    8.458    9.270    9.270    9.628    9.628
            0.284000  0.491902  0.000000
  -15.670  -15.670  -13.046  -13.046  -11.405  -11.405   -3.131   -3.131   -0.017   -0.017
    8.490    8.490    9.287    9.287    9.649    9.650
            0.284667  0.493057  0.000000
  -15.647  -15.647  -13.063  -13.063  -11.420  -11.420   -3.108   -3.108   -0.040   -0.040
    8.521    8.521    9.303    9.303    9.672    9.673
            0.285333  0.494212  0.000000
  -15.625  -15.625  -13.080  -13.080  -11.435  -11.435   -3.085   -3.085   -0.063   -0.063
    8.552    8.552    9.318    9.318    9.696    9.697
            0.286000  0.495367  0.000000
  -15.602  -15.602  -13.097  -13.097  -11.451  -11.451   -3.063   -3.063   -0.086   -0.086
    8.582    8.582    9.332    9.332    9.721    9.722
            0.286667  0.496521  0.000000
  -15.579  -15.579  -13.114  -13.114  -11.466  -11.466   -3.040   -3.040   -0.109   -0.109
    8.612    8.612    9.346    9.346    9.747    9.748
            0.287333  0.497676  0.000000
  -15.557  -15.557  -13.131  -13.131  -11.481  -11.481   -3.017   -3.017   -0.132   -0.132
    8.641    8.642    9.358    9.358    9.774    9.775
            0.288000  0.498831  0.000000
  -15.534  -15.534  -13.148  -13.147  -11.496  -11.496   -2.995   -2.995   -0.155   -0.155
    8.670    8.671    9.371    9.371    9.802    9.802
            0.288667  0.499985  0.000000
  -15.511  -15.511  -13.164  -13.164  -11.510  -11.510   -2.972   -2.972   -0.178   -0.178
    8.699    8.699    9.383    9.383    9.831    9.831
            0.289333  0.501140  0.000000
  -15.488  -15.488  -13.181  -13.181  -11.525  -11.525   -2.949   -2.949   -0.201   -0.201
    8.726    8.726    9.395    9.395    9.860    9.860
            0.290000  0.502295  0.000000
  -15.466  -15.466  -13.198  -13.198  -11.540  -11.540   -2.927   -2.927   -0.224   -0.224
    8.753    8.753    9.407    9.407    9.889    9.889
            0.290667  0.503449  0.000000
  -15.443  -15.443  -13.214  -13.214  -11.554  -11.554   -2.904   -2.904   -0.246   -0.246
    8.778    8.779    9.420    9.420    9.920    9.920
            0.291333  0.504604  0.000000
  -15.420  -15.420  -13.231  -13.231  -11.569  -11.569   -2.882   -2.882   -0.269   -0.269
    8.803    8.804    9.433    9.433    9.950    9.950
            0.292000  0.505759  0.000000
  -15.398  -15.398  -13.248  -13.247  -11.583  -11.583   -2.859   -2.859   -0.292   -0.292
    8.827    8.827    9.446    9.446    9.981    9.981
            0.292667  0.506914  0.000000
  -15.375  -15.375  -13.264  -13.264  -11.597  -11.597   -2.837   -2.837   -0.314   -0.314
    8.850    8.850    9.460    9.460   10.012   10.012
            0.293333  0.508068  0.000000
  -15.353  -15.353  -13.280  -13.280  -11.611  -11.611   -2.814   -2.814   -0.337   -0.337
    8.871    8.871    9.475    9.475   10.044   10.044
            0.294000  0.509223  0.000000
  -15.330  -15.330  -13.297  -13.297  -11.625  -11.625   -2.792   -2.792   -0.359   -0.359
    8.891    8.891    9.491    9.491   10.076   10.076
            0.294667  0.510378  0.000000
  -15.308  -15.308  -13.313  -13.313  -11.639  -11.639   -2.770   -2.769   -0.382   -0.381
    8.910    8.910    9.508    9.508   10.108   10.108
            0.295333  0.511532  0.000000
  -15.285  -15.285  -13.329  -13.329  -11.653  -11.653   -2.747   -2.747   -0.404   -0.404
    8.927    8.928    9.526    9.526   10.140   10.140
            0.296000  0.512687  0.000000
  -15.263  -15.263  -13.346  -13.346  -11.666  -11.666   -2.725   -2.725   -0.426   -0.426
    8.944    8.944    9.545    9.545   10.173   10.173
            0.296667  0.513842  0.000000
  -15.240  -15.240  -13.362  -13.362  -11.680  -11.680   -2.703   -2.703   -0.448   -0.448
    8.958    8.959    9.565    9.565   10.205   10.205
            0.297333  0.514996  0.000000
  -15.218  -15.218  -13.378  -13.378  -11.693  -11.693   -2.680   -2.680   -0.470   -0.470
    8.972    8.972    9.587    9.587   10.238   10.238
            0.298000  0.516151  0.000000
  -15.195  -15.195  -13.394  -13.394  -11.707  -11.707   -2.658   -2.658   -0.492   -0.492
    8.984    8.984    9.609    9.609   10.271   10.271
            0.298667  0.517306  0.000000
  -15.173  -15.173  -13.410  -13.410  -11.720  -11.720   -2.636   -2.636   -0.514   -0.514
    8.994    8.995    9.633    9.633   10.304   10.304
            0.299333  0.518461  0.000000
  -15.151  -15.151  -13.426  -13.426  -11.733  -11.733   -2.614   -2.614   -0.536   -0.536
    9.004    9.004    9.657    9.658   10.337   10.337
            0.300000  0.519615  0.000000
  -15.129  -15.129  -13.442  -13.442  -11.746  -11.746   -2.592   -2.592   -0.558   -0.558
    9.012    9.013    9.683    9.683   10.370   10.370
            0.300667  0.520770  0.000000
  -15.106  -15.106  -13.458  -13.458  -11.758  -11.758   -2.570   -2.570   -0.580   -0.580
    9.020    9.020    9.710    9.710   10.403   10.403
            0.301333  0.521925  0.000000
  -15.084  -15.084  -13.474  -13.474  -11.771  -11.771   -2.548   -2.548   -0.602   -0.602
    9.026    9.026    9.737    9.738   10.436   10.436
            0.302000  0.523079  0.000000
  -15.062  -15.062  -13.490  -13.490  -11.783  -11.783   -2.526   -2.526   -0.623   -0.623
    9.032    9.032    9.766    9.766   10.469   10.469
            0.302667  0.524234  0.000000
  -15.040  -15.040  -13.505  -13.505  -11.796  -11.796   -2.504   -2.504   -0.645   -0.645
    9.036    9.036    9.795    9.795   10.502   10.502
            0.303333  0.525389  0.000000
  -15.018  -15.018  -13.521  -13.521  -11.808  -11.808   -2.483   -2.483   -0.666   -0.666
    9.040    9.040    9.825    9.825   10.535   10.536
            0.304000  0.526543  0.000000
  -14.996  -14.996  -13.537  -13.537  -11.820  -11.820   -2.461   -2.461   -0.688   -0.688
    9.043    9.043    9.855    9.855   10.569   10.569
            0.304667  0.527698  0.000000
  -14.974  -14.974  -13.552  -13.552  -11.832  -11.832   -2.439   -2.439   -0.709   -0.709
    9.046    9.046    9.886    9.886   10.602   10.602
            0.305333  0.528853  0.000000
  -14.953  -14.953  -13.568  -13.568  -11.844  -11.844   -2.418   -2.417   -0.731   -0.731
    9.048    9.048    9.918    9.918   10.635   10.635
            0.306000  0.530008  0.000000
  -14.931  -14.931  -13.583  -13.583  -11.855  -11.855   -2.396   -2.396   -0.752   -0.752
    9.049    9.050    9.950    9.950   10.668   10.668
            0.306667  0.531162  0.000000
  -14.909  -14.909  -13.599  -13.599  -11.867  -11.867   -2.374   -2.374   -0.773   -0.773
    9.051    9.051    9.982    9.982   10.701   10.701
            0.307333  0.532317  0.000000
  -14.888  -14.888  -13.614  -13.614  -11.878  -11.878   -2.353   -2.353   -0.794   -0.794
    9.051    9.051   10.015   10.015   10.733   10.734
            0.308000  0.533472  0.000000
  -14.867  -14.867  -13.629  -13.629  -11.889  -11.889   -2.331   -2.331   -0.815   -0.815
    9.052    9.052   10.048   10.048   10.766   10.766
            0.308667  0.534626  0.000000
  -14.845  -14.845  -13.645  -13.645  -11.900  -11.900   -2.310   -2.310   -0.836   -0.836
    9.052    9.052   10.081   10.081   10.799   10.799
            0.309333  0.535781  0.000000
  -14.824  -14.824  -13.660  -13.660  -11.911  -11.911   -2.289   -2.289   -0.857   -0.857
    9.052    9.052   10.114   10.114   10.831   10.832
            0.310000  0.536936  0.000000
  -14.803  -14.803  -13.675  -13.675  -11.921  -11.921   -2.267   -2.267   -0.878   -0.878
    9.051    9.051   10.148   10.148   10.864   10.864
            0.310667  0.538090  0.000000
  -14.782  -14.782  -13.690  -13.690  -11.932  -11.932   -2.246   -2.246   -0.899   -0.899
    9.050    9.051   10.182   10.182   10.896   10.896
            0.311333  0.539245  0.000000
  -14.761  -14.761  -13.705  -13.705  -11.942  -11.942   -2.225   -2.225   -0.920   -0.920
    9.050    9.050   10.216   10.216   10.928   10.928
            0.312000  0.540400  0.000000
  -14.740  -14.740  -13.720  -13.720  -11.952  -11.952   -2.204   -2.204   -0.941   -0.940
    9.049    9.049   10.250   10.250   10.960   10.960
            0.312667  0.541555  0.000000
  -14.719  -14.719  -13.735  -13.735  -11.962  -11.962   -2.183   -2.183   -0.961   -0.961
    9.047    9.047   10.284   10.284   10.992   10.992
            0.313333  0.542709  0.000000
  -14.699  -14.699  -13.750  -13.750  -11.971  -11.971   -2.162   -2.162   -0.982   -0.982
    9.046    9.046   10.318   10.318   11.023   11.024
            0.314000  0.543864  0.000000
  -14.678  -14.678  -13.765  -13.765  -11.981  -11.981   -2.141   -2.141   -1.002   -1.002
    9.045    9.045   10.352   10.352   11.055   11.055
            0.314667  0.545019  0.000000
  -14.658  -14.658  -13.780  -13.780  -11.990  -11.990   -2.120   -2.120   -1.023   -1.023
    9.043    9.043   10.386   10.387   11.086   11.086
            0.315333  0.546173  0.000000
  -14.638  -14.638  -13.795  -13.795  -11.999  -11.999   -2.100   -2.100   -1.043   -1.043
    9.042    9.042   10.420   10.421   11.117   11.117
            0.316000  0.547328  0.000000
  -14.618  -14.618  -13.809  -13.809  -12.007  -12.007   -2.079   -2.079   -1.063   -1.063
    9.040    9.040   10.454   10.455   11.147   11.147
            0.316667  0.548483  0.000000
  -14.598  -14.598  -13.824  -13.824  -12.016  -12.016   -2.058   -2.058   -1.084   -1.084
    9.039    9.039   10.488   10.488   11.177   11.177
            0.317333  0.549637  0.000000
  -14.579  -14.579  -13.839  -13.839  -12.024  -12.024   -2.038   -2.038   -1.104   -1.104
    9.037    9.037   10.522   10.522   11.207   11.207
            0.318000  0.550792  0.000000
  -14.559  -14.559  -13.853  -13.853  -12.032  -12.032   -2.017   -2.017   -1.124   -1.124
    9.035    9.035   10.555   10.556   11.237   11.237
            0.318667  0.551947  0.000000
  -14.540  -14.540  -13.868  -13.868  -12.040  -12.040   -1.997   -1.997   -1.144   -1.144
    9.034    9.034   10.589   10.589   11.266   11.266
            0.319333  0.553102  0.000000
  -14.521  -14.521  -13.882  -13.882  -12.047  -12.047   -1.977   -1.976   -1.164   -1.164
    9.032    9.032   10.621   10.622   11.294   11.294
            0.320000  0.554256  0.000000
  -14.502  -14.502  -13.897  -13.897  -12.054  -12.054   -1.956   -1.956   -1.184   -1.184
    9.031    9.031   10.654   10.654   11.311   11.312
            0.320667  0.555411  0.000000
  -14.483  -14.483  -13.911  -13.911  -12.061  -12.061   -1.936   -1.936   -1.204   -1.204
    9.029    9.029   10.686   10.687   11.305   11.305
            0.321333  0.556566  0.000000
  -14.464  -14.464  -13.925  -13.925  -12.068  -12.068   -1.916   -1.916   -1.223   -1.223
    9.027    9.027   10.718   10.718   11.298   11.299
            0.322000  0.557720  0.000000
  -14.446  -14.446  -13.940  -13.940  -12.074  -12.074   -1.896   -1.896   -1.243   -1.243
    9.026    9.026   10.750   10.750   11.291   11.292
            0.322667  0.558875  0.000000
  -14.428  -14.428  -13.954  -13.954  -12.080  -12.080   -1.876   -1.876   -1.263   -1.263
    9.024    9.024   10.780   10.781   11.284   11.285
            0.323333  0.560030  0.000000
  -14.410  -14.410  -13.968  -13.968  -12.086  -12.086   -1.856   -1.856   -1.282   -1.282
    9.023    9.023   10.811   10.811   11.277   11.277
            0.324000  0.561184  0.000000
  -14.392  -14.392  -13.982  -13.982  -12.091  -12.091   -1.836   -1.836   -1.302   -1.302
    9.022    9.022   10.840   10.840   11.269   11.270
            0.324667  0.562339  0.000000
  -14.375  -14.375  -13.996  -13.996  -12.096  -12.096   -1.817   -1.817   -1.321   -1.321
    9.020    9.020   10.869   10.869   11.261   11.262
            0.325333  0.563494  0.000000
  -14.358  -14.358  -14.010  -14.010  -12.101  -12.101   -1.797   -1.797   -1.341   -1.341
    9.019    9.019   10.897   10.897   11.253   11.254
            0.326000  0.564649  0.000000
  -14.341  -14.341  -14.024  -14.024  -12.106  -12.106   -1.777   -1.777   -1.360   -1.360
    9.018    9.018   10.924   10.924   11.245   11.245
            0.326667  0.565803  0.000000
  -14.324  -14.324  -14.038  -14.038  -12.110  -12.110   -1.758   -1.758   -1.379   -1.379
    9.017    9.017   10.950   10.950   11.236   11.237
            0.327333  0.566958  0.000000
  -14.308  -14.308  -14.052  -14.052  -12.113  -12.113   -1.739   -1.738   -1.398   -1.398
    9.016    9.016   10.975   10.976   11.227   11.228
            0.328000  0.568113  0.000000
  -14.292  -14.292  -14.066  -14.066  -12.117  -12.117   -1.719   -1.719   -1.418   -1.418
    9.015    9.015   10.999   10.999   11.218   11.219
            0.328667  0.569267  0.000000
  -14.276  -14.276  -14.079  -14.079  -12.120  -12.120   -1.700   -1.700   -1.437   -1.437
    9.014    9.014   11.022   11.022   11.209   11.210
            0.329333  0.570422  0.000000
  -14.260  -14.260  -14.093  -14.093  -12.122  -12.122   -1.681   -1.681   -1.456   -1.456
    9.014    9.014   11.043   11.043   11.200   11.200
            0.330000  0.571577  0.000000
  -14.245  -14.245  -14.107  -14.107  -12.125  -12.125   -1.662   -1.662   -1.475   -1.474
    9.013    9.013   11.063   11.063   11.190   11.190
            0.330667  0.572731  0.000000
  -14.230  -14.230  -14.120  -14.120  -12.126  -12.126   -1.643   -1.643   -1.493   -1.493
    9.012    9.012   11.081   11.081   11.180   11.180
            0.331333  0.573886  0.000000
  -14.216  -14.216  -14.134  -14.134  -12.128  -12.128   -1.624   -1.624   -1.512   -1.512
    9.012    9.012   11.098   11.098   11.170   11.170
            0.332000  0.575041  0.000000
  -14.202  -14.202  -14.147  -14.147  -12.129  -12.129   -1.605   -1.605   -1.531   -1.531
    9.012    9.012   11.113   11.113   11.159   11.160
            0.332667  0.576196  0.000000
  -14.188  -14.188  -14.161  -14.161  -12.130  -12.130   -1.587   -1.587   -1.549   -1.549
    9.012    9.012   11.126   11.127   11.149   11.149
            0.333333  0.577350  0.000000
  -14.175  -14.175  -14.173  -14.173  -12.130  -12.130   -1.568   -1.568   -1.568   -1.568
    9.012    9.012   11.136   11.137   11.140   11.140
            0.333667  0.576773  0.000000
  -14.181  -14.181  -14.167  -14.167  -12.130  -12.130   -1.577   -1.577   -1.559   -1.559
    9.012    9.012   11.132   11.133   11.144   11.144
            0.334000  0.576196  0.000000
  -14.187  -14.187  -14.161  -14.161  -12.130  -12.130   -1.587   -1.586   -1.550   -1.549
    9.012    9.012   11.127   11.127   11.148   11.149
            0.334333  0.575618  0.000000
  -14.194  -14.194  -14.154  -14.154  -12.129  -12.129   -1.596   -1.596   -1.540   -1.540
    9.012    9.012   11.121   11.122   11.153   11.153
            0.334667  0.575041  0.000000
  -14.201  -14.201  -14.148  -14.148  -12.129  -12.129   -1.605   -1.605   -1.531   -1.531
    9.012    9.012   11.116   11.116   11.156   11.157
            0.335000  0.574464  0.000000
  -14.207  -14.207  -14.142  -14.142  -12.128  -12.128   -1.614   -1.614   -1.522   -1.522
    9.012    9.012   11.110   11.111   11.160   11.160
            0.335333  0.573886  0.000000
  -14.214  -14.214  -14.136  -14.136  -12.128  -12.128   -1.623   -1.623   -1.513   -1.513
    9.012    9.012   11.105   11.105   11.163   11.163
            0.335667  0.573309  0.000000
  -14.221  -14.221  -14.130  -14.130  -12.127  -12.127   -1.632   -1.632   -1.504   -1.504
    9.012    9.012   11.099   11.099   11.166   11.166
            0.336000  0.572731  0.000000
  -14.227  -14.227  -14.124  -14.124  -12.126  -12.126   -1.642   -1.642   -1.495   -1.495
    9.013    9.013   11.093   11.094   11.168   11.168
            0.336333  0.572154  0.000000
  -14.234  -14.234  -14.118  -14.118  -12.125  -12.125   -1.651   -1.651   -1.486   -1.486
    9.013    9.013   11.087   11.088   11.170   11.170
            0.336667  0.571577  0.000000
  -14.240  -14.240  -14.112  -14.112  -12.124  -12.124   -1.660   -1.660   -1.477   -1.476
    9.013    9.013   11.081   11.082   11.171   11.172
            0.337000  0.570999  0.000000
  -14.247  -14.247  -14.106  -14.106  -12.123  -12.123   -1.669   -1.669   -1.468   -1.467
    9.013    9.013   11.075   11.076   11.172   11.173
            0.337333  0.570422  0.000000
  -14.253  -14.253  -14.101  -14.101  -12.122  -12.122   -1.678   -1.678   -1.459   -1.458
    9.014    9.014   11.069   11.070   11.173   11.174
            0.337667  0.569845  0.000000
  -14.260  -14.260  -14.095  -14.095  -12.120  -12.120   -1.687   -1.687   -1.450   -1.450
    9.014    9.014   11.063   11.064   11.174   11.174
            0.338000  0.569267  0.000000
  -14.266  -14.266  -14.090  -14.090  -12.119  -12.119   -1.696   -1.696   -1.441   -1.441
    9.015    9.015   11.057   11.058   11.174   11.174
            0.338333  0.568690  0.000000
  -14.273  -14.273  -14.084  -14.084  -12.117  -12.117   -1.705   -1.705   -1.432   -1.432
    9.015    9.015   11.051   11.052   11.173   11.174
            0.338667  0.568113  0.000000
  -14.279  -14.279  -14.079  -14.079  -12.116  -12.116   -1.714   -1.714   -1.423   -1.423
    9.015    9.015   11.045   11.046   11.173   11.173
            0.339000  0.567535  0.000000
  -14.286  -14.286  -14.074  -14.074  -12.114  -12.114   -1.723   -1.723   -1.414   -1.414
    9.016    9.016   11.039   11.040   11.172   11.172
            0.339333  0.566958  0.000000
  -14.292  -14.292  -14.069  -14.069  -12.112  -12.112   -1.732   -1.732   -1.405   -1.405
    9.017    9.017   11.033   11.033   11.170   11.171
            0.339667  0.566381  0.000000
  -14.299  -14.299  -14.064  -14.064  -12.110  -12.110   -1.741   -1.741   -1.396   -1.396
    9.017    9.017   11.027   11.027   11.169   11.169
            0.340000  0.565803  0.000000
  -14.305  -14.305  -14.059  -14.059  -12.107  -12.107   -1.750   -1.750   -1.388   -1.387
    9.018    9.018   11.020   11.021   11.167   11.167
            0.340333  0.565226  0.000000
  -14.311  -14.311  -14.055  -14.055  -12.105  -12.105   -1.759   -1.759   -1.379   -1.379
    9.018    9.018   11.014   11.014   11.165   11.165
            0.340667  0.564649  0.000000
  -14.318  -14.318  -14.050  -14.050  -12.103  -12.103   -1.768   -1.768   -1.370   -1.370
    9.019    9.019   11.008   11.008   11.162   11.163
            0.341000  0.564071  0.000000
  -14.324  -14.324  -14.046  -14.046  -12.100  -12.100   -1.777   -1.777   -1.361   -1.361
    9.020    9.020   11.001   11.002   11.160   11.160
            0.341333  0.563494  0.000000
  -14.331  -14.331  -14.041  -14.041  -12.097  -12.097   -1.785   -1.785   -1.353   -1.353
    9.021    9.021   10.995   10.995   11.157   11.157
            0.341667  0.562917  0.000000
  -14.337  -14.337  -14.037  -14.037  -12.094  -12.094   -1.794   -1.794   -1.344   -1.344
    9.021    9.021   10.988   10.989   11.154   11.154
            0.342000  0.562339  0.000000
  -14.343  -14.343  -14.033  -14.033  -12.092  -12.092   -1.803   -1.803   -1.335   -1.335
    9.022    9.022   10.982   10.982   11.150   11.151
            0.342333  0.561762  0.000000
  -14.350  -14.350  -14.029  -14.029  -12.089  -12.088   -1.812   -1.812   -1.327   -1.327
    9.023    9.023   10.975   10.976   11.147   11.147
            0.342667  0.561184  0.000000
  -14.356  -14.356  -14.025  -14.025  -12.085  -12.085   -1.821   -1.821   -1.318   -1.318
    9.024    9.024   10.969   10.969   11.143   11.143
            0.343000  0.560607  0.000000
  -14.362  -14.362  -14.021  -14.021  -12.082  -12.082   -1.830   -1.830   -1.310   -1.310
    9.025    9.025   10.962   10.963   11.139   11.139
            0.343333  0.560030  0.000000
  -14.369  -14.369  -14.017  -14.017  -12.079  -12.079   -1.838   -1.838   -1.301   -1.301
    9.026    9.026   10.956   10.956   11.135   11.135
            0.343667  0.559452  0.000000
  -14.375  -14.375  -14.013  -14.013  -12.075  -12.075   -1.847   -1.847   -1.293   -1.292
    9.027    9.027   10.949   10.949   11.131   11.131
            0.344000  0.558875  0.000000
  -14.381  -14.381  -14.010  -14.010  -12.071  -12.071   -1.856   -1.856   -1.284   -1.284
    9.028    9.028   10.942   10.943   11.126   11.127
            0.344333  0.558298  0.000000
  -14.387  -14.387  -14.006  -14.006  -12.068  -12.068   -1.864   -1.864   -1.276   -1.276
    9.029    9.029   10.936   10.936   11.122   11.122
            0.344667  0.557720  0.000000
  -14.394  -14.394  -14.003  -14.003  -12.064  -12.064   -1.873   -1.873   -1.267   -1.267
    9.030    9.030   10.929   10.929   11.117   11.117
            0.345000  0.557143  0.000000
  -14.400  -14.400  -13.999  -13.999  -12.060  -12.060   -1.882   -1.882   -1.259   -1.259
    9.031    9.031   10.922   10.923   11.112   11.112
            0.345333  0.556566  0.000000
  -14.406  -14.406  -13.996  -13.996  -12.056  -12.056   -1.891   -1.890   -1.250   -1.250
    9.032    9.032   10.915   10.916   11.107   11.107
            0.345667  0.555988  0.000000
  -14.412  -14.412  -13.993  -13.993  -12.051  -12.051   -1.899   -1.899   -1.242   -1.242
    9.033    9.033   10.909   10.909   11.102   11.102
            0.346000  0.555411  0.000000
  -14.418  -14.418  -13.990  -13.990  -12.047  -12.047   -1.908   -1.908   -1.234   -1.234
    9.035    9.035   10.902   10.902   11.097   11.097
            0.346333  0.554834  0.000000
  -14.425  -14.425  -13.987  -13.987  -12.042  -12.042   -1.916   -1.916   -1.225   -1.225
    9.036    9.036   10.895   10.895   11.091   11.091
            0.346667  0.554256  0.000000
  -14.431  -14.431  -13.985  -13.985  -12.038  -12.038   -1.925   -1.925   -1.217   -1.217
    9.037    9.037   10.888   10.889   11.086   11.086
            0.347000  0.553679  0.000000
  -14.437  -14.437  -13.982  -13.982  -12.033  -12.033   -1.934   -1.933   -1.209   -1.209
    9.039    9.039   10.881   10.882   11.080   11.080
            0.347333  0.553102  0.000000
  -14.443  -14.443  -13.979  -13.979  -12.028  -12.028   -1.942   -1.942   -1.201   -1.201
    9.040    9.040   10.874   10.875   11.074   11.075
            0.347667  0.552524  0.000000
  -14.449  -14.449  -13.977  -13.977  -12.023  -12.023   -1.951   -1.951   -1.193   -1.193
    9.041    9.041   10.867   10.868   11.069   11.069
            0.348000  0.551947  0.000000
  -14.455  -14.455  -13.975  -13.975  -12.018  -12.018   -1.959   -1.959   -1.184   -1.184
    9.043    9.043   10.860   10.861   11.063   11.063
            0.348333  0.551370  0.000000
  -14.461  -14.461  -13.972  -13.972  -12.013  -12.013   -1.968   -1.968   -1.176   -1.176
    9.044    9.044   10.853   10.854   11.057   11.057
            0.348667  0.550792  0.000000
  -14.467  -14.467  -13.970  -13.970  -12.008  -12.008   -1.976   -1.976   -1.168   -1.168
    9.046    9.046   10.846   10.847   11.051   11.051
            0.349000  0.550215  0.000000
  -14.474  -14.473  -13.968  -13.968  -12.002  -12.002   -1.985   -1.985   -1.160   -1.160
    9.047    9.047   10.839   10.840   11.045   11.045
            0.349333  0.549637  0.000000
  -14.480  -14.480  -13.966  -13.966  -11.997  -11.997   -1.993   -1.993   -1.152   -1.152
    9.049    9.049   10.832   10.833   11.038   11.039
            0.349667  0.549060  0.000000
  -14.486  -14.486  -13.964  -13.964  -11.991  -11.991   -2.001   -2.001   -1.144   -1.144
    9.050    9.051   10.825   10.826   11.032   11.032
            0.350000  0.548483  0.000000
  -14.492  -14.492  -13.962  -13.962  -11.986  -11.986   -2.010   -2.010   -1.136   -1.136
    9.052    9.052   10.818   10.819   11.026   11.026
            0.350333  0.547905  0.000000
  -14.498  -14.498  -13.961  -13.961  -11.980  -11.980   -2.018   -2.018   -1.128   -1.128
    9.054    9.054   10.811   10.811   11.019   11.019
            0.350667  0.547328  0.000000
  -14.504  -14.504  -13.959  -13.959  -11.974  -11.974   -2.027   -2.027   -1.120   -1.120
    9.056    9.056   10.804   10.804   11.013   11.013
            0.351000  0.546751  0.000000
  -14.510  -14.510  -13.958  -13.958  -11.968  -11.968   -2.035   -2.035   -1.112   -1.112
    9.057    9.057   10.797   10.797   11.006   11.006
            0.351333  0.546173  0.000000
  -14.516  -14.516  -13.956  -13.956  -11.961  -11.961   -2.043   -2.043   -1.104   -1.104
    9.059    9.059   10.790   10.790   11.000   11.000
            0.351667  0.545596  0.000000
  -14.522  -14.522  -13.955  -13.955  -11.955  -11.955   -2.052   -2.052   -1.097   -1.097
    9.061    9.061   10.783   10.783   10.993   10.993
            0.352000  0.545019  0.000000
  -14.528  -14.528  -13.954  -13.954  -11.949  -11.949   -2.060   -2.060   -1.089   -1.089
    9.063    9.063   10.775   10.776   10.986   10.987
            0.352333  0.544441  0.000000
  -14.533  -14.533  -13.952  -13.952  -11.942  -11.942   -2.068   -2.068   -1.081   -1.081
    9.065    9.065   10.768   10.769   10.980   10.980
            0.352667  0.543864  0.000000
  -14.539  -14.539  -13.951  -13.951  -11.936  -11.936   -2.077   -2.076   -1.073   -1.073
    9.067    9.067   10.761   10.761   10.973   10.973
            0.353000  0.543287  0.000000
  -14.545  -14.545  -13.950  -13.950  -11.929  -11.929   -2.085   -2.085   -1.066   -1.065
    9.069    9.069   10.754   10.754   10.966   10.966
            0.353333  0.542709  0.000000
  -14.551  -14.551  -13.949  -13.949  -11.922  -11.922   -2.093   -2.093   -1.058   -1.058
    9.071    9.071   10.747   10.747   10.959   10.959
            0.353667  0.542132  0.000000
  -14.557  -14.557  -13.949  -13.949  -11.915  -11.915   -2.101   -2.101   -1.050   -1.050
    9.073    9.073   10.739   10.740   10.952   10.953
            0.354000  0.541555  0.000000
  -14.563  -14.563  -13.948  -13.948  -11.908  -11.908   -2.109   -2.109   -1.042   -1.042
    9.075    9.075   10.732   10.732   10.946   10.946
            0.354333  0.540977  0.000000
  -14.569  -14.569  -13.947  -13.947  -11.901  -11.901   -2.118   -2.118   -1.035   -1.035
    9.077    9.077   10.725   10.725   10.939   10.939
            0.354667  0.540400  0.000000
  -14.575  -14.575  -13.947  -13.947  -11.894  -11.894   -2.126   -2.126   -1.027   -1.027
    9.079    9.079   10.718   10.718   10.932   10.932
            0.355000  0.539823  0.000000
  -14.581  -14.580  -13.946  -13.946  -11.887  -11.887   -2.134   -2.134   -1.020   -1.020
    9.081    9.081   10.710   10.711   10.925   10.925
            0.355333  0.539245  0.000000
  -14.586  -14.586  -13.946  -13.946  -11.879  -11.879   -2.142   -2.142   -1.012   -1.012
    9.083    9.083   10.703   10.703   10.918   10.918
            0.355667  0.538668  0.000000
  -14.592  -14.592  -13.946  -13.945  -11.872  -11.872   -2.150   -2.150   -1.005   -1.005
    9.085    9.085   10.696   10.696   10.910   10.911
            0.356000  0.538090  0.000000
  -14.598  -14.598  -13.945  -13.945  -11.864  -11.864   -2.158   -2.158   -0.997   -0.997
    9.088    9.088   10.688   10.689   10.903   10.903
            0.356333  0.537513  0.000000
  -14.604  -14.604  -13.945  -13.945  -11.857  -11.857   -2.166   -2.166   -0.990   -0.990
    9.090    9.090   10.681   10.681   10.896   10.896
            0.356667  0.536936  0.000000
  -14.609  -14.609  -13.945  -13.945  -11.849  -11.849   -2.174   -2.174   -0.982   -0.982
    9.092    9.092   10.674   10.674   10.889   10.889
            0.357000  0.536358  0.000000
  -14.615  -14.615  -13.945  -13.945  -11.841  -11.841   -2.182   -2.182   -0.975   -0.975
    9.095    9.095   10.666   10.667   10.882   10.882
            0.357333  0.535781  0.000000
  -14.621  -14.621  -13.945  -13.945  -11.833  -11.833   -2.190   -2.190   -0.968   -0.968
    9.097    9.097   10.659   10.659   10.875   10.875
            0.357667  0.535204  0.000000
  -14.627  -14.627  -13.945  -13.945  -11.825  -11.825   -2.198   -2.198   -0.960   -0.960
    9.099    9.100   10.652   10.652   10.868   10.868
            0.358000  0.534626  0.000000
  -14.632  -14.632  -13.945  -13.945  -11.817  -11.817   -2.206   -2.206   -0.953   -0.953
    9.102    9.102   10.644   10.645   10.860   10.860
            0.358333  0.534049  0.000000
  -14.638  -14.638  -13.946  -13.946  -11.809  -11.809   -2.214   -2.214   -0.946   -0.946
    9.104    9.104   10.637   10.637   10.853   10.853
            0.358667  0.533472  0.000000
  -14.644  -14.644  -13.946  -13.946  -11.800  -11.800   -2.222   -2.222   -0.939   -0.938
    9.107    9.107   10.630   10.630   10.846   10.846
            0.359000  0.532894  0.000000
  -14.649  -14.649  -13.946  -13.946  -11.792  -11.792   -2.230   -2.230   -0.931   -0.931
    9.110    9.110   10.622   10.623   10.839   10.839
            0.359333  0.532317  0.000000
  -14.655  -14.655  -13.947  -13.947  -11.784  -11.784   -2.238   -2.238   -0.924   -0.924
    9.112    9.112   10.615   10.615   10.831   10.831
            0.359667  0.531740  0.000000
  -14.661  -14.661  -13.947  -13.947  -11.775  -11.775   -2.246   -2.246   -0.917   -0.917
    9.115    9.115   10.608   10.608   10.824   10.824
            0.360000  0.531162  0.000000
  -14.666  -14.666  -13.948  -13.948  -11.766  -11.766   -2.254   -2.254   -0.910   -0.910
    9.117    9.117   10.600   10.601   10.817   10.817
            0.360333  0.530585  0.000000
  -14.672  -14.672  -13.949  -13.949  -11.758  -11.758   -2.262   -2.262   -0.903   -0.903
    9.120    9.120   10.593   10.593   10.810   10.810
            0.360667  0.530008  0.000000
  -14.678  -14.678  -13.949  -13.949  -11.749  -11.749   -2.270   -2.270   -0.896   -0.896
    9.123    9.123   10.586   10.586   10.802   10.802
            0.361000  0.529430  0.000000
  -14.683  -14.683  -13.950  -13.950  -11.740  -11.740   -2.278   -2.278   -0.889   -0.889
    9.125    9.125   10.578   10.578   10.795   10.795
            0.361333  0.528853  0.000000
  -14.689  -14.689  -13.951  -13.951  -11.731  -11.731   -2.285   -2.285   -0.882   -0.882
    9.128    9.128   10.571   10.571   10.787   10.788
            0.361667  0.528275  0.000000
  -14.694  -14.694  -13.952  -13.952  -11.722  -11.722   -2.293   -2.293   -0.875   -0.875
    9.131    9.131   10.563   10.564   10.780   10.780
            0.362000  0.527698  0.000000
  -14.700  -14.700  -13.953  -13.953  -11.713  -11.713   -2.301   -2.301   -0.868   -0.868
    9.134    9.134   10.556   10.556   10.773   10.773
            0.362333  0.527121  0.000000
  -14.705  -14.705  -13.954  -13.954  -11.704  -11.704   -2.309   -2.309   -0.861   -0.861
    9.137    9.137   10.549   10.549   10.765   10.765
            0.362667  0.526543  0.000000
  -14.711  -14.711  -13.955  -13.955  -11.695  -11.695   -2.316   -2.316   -0.854   -0.854
    9.140    9.140   10.541   10.542   10.758   10.758
            0.363000  0.525966  0.000000
  -14.717  -14.717  -13.956  -13.956  -11.686  -11.686   -2.324   -2.324   -0.847   -0.847
    9.142    9.143   10.534   10.534   10.751   10.751
            0.363333  0.525389  0.000000
  -14.722  -14.722  -13.958  -13.958  -11.676  -11.676   -2.332   -2.332   -0.840   -0.840
    9.145    9.145   10.527   10.527   10.743   10.743
            0.363667  0.524811  0.000000
  -14.728  -14.728  -13.959  -13.959  -11.667  -11.667   -2.340   -2.339   -0.833   -0.833
    9.148    9.148   10.519   10.520   10.736   10.736
            0.364000  0.524234  0.000000
  -14.733  -14.733  -13.960  -13.960  -11.657  -11.657   -2.347   -2.347   -0.827   -0.827
    9.151    9.151   10.512   10.512   10.728   10.728
            0.364333  0.523657  0.000000
  -14.738  -14.738  -13.961  -13.961  -11.648  -11.648   -2.355   -2.355   -0.820   -0.820
    9.154    9.154   10.504   10.505   10.721   10.721
            0.364667  0.523079  0.000000
  -14.744  -14.744  -13.963  -13.963  -11.638  -11.638   -2.362   -2.362   -0.813   -0.813
    9.157    9.157   10.497   10.497   10.713   10.713
            0.365000  0.522502  0.000000
  -14.749  -14.749  -13.964  -13.964  -11.629  -11.629   -2.370   -2.370   -0.807   -0.807
    9.160    9.161   10.490   10.490   10.706   10.706
            0.365333  0.521925  0.000000
  -14.755  -14.755  -13.966  -13.966  -11.619  -11.619   -2.378   -2.378   -0.800   -0.800
    9.164    9.164   10.482   10.483   10.698   10.698
            0.365667  0.521347  0.000000
  -14.760  -14.760  -13.967  -13.967  -11.609  -11.609   -2.385   -2.385   -0.793   -0.793
    9.167    9.167   10.475   10.475   10.691   10.691
            0.366000  0.520770  0.000000
  -14.766  -14.766  -13.969  -13.969  -11.599  -11.599   -2.393   -2.393   -0.787   -0.787
    9.170    9.170   10.468   10.468   10.683   10.683
            0.366333  0.520193  0.000000
  -14.771  -14.771  -13.971  -13.971  -11.589  -11.589   -2.400   -2.400   -0.780   -0.780
    9.173    9.173   10.460   10.461   10.676   10.676
            0.366667  0.519615  0.000000
  -14.776  -14.776  -13.972  -13.972  -11.579  -11.579   -2.408   -2.408   -0.774   -0.774
    9.176    9.176   10.453   10.453   10.668   10.668
            0.367000  0.519038  0.000000
  -14.782  -14.782  -13.974  -13.974  -11.569  -11.569   -2.415   -2.415   -0.767   -0.767
    9.179    9.179   10.446   10.446   10.660   10.660
            0.367333  0.518461  0.000000
  -14.787  -14.787  -13.976  -13.976  -11.559  -11.559   -2.423   -2.423   -0.761   -0.761
    9.183    9.183   10.438   10.439   10.653   10.653
            0.367667  0.517883  0.000000
  -14.792  -14.792  -13.978  -13.978  -11.549  -11.549   -2.430   -2.430   -0.754   -0.754
    9.186    9.186   10.431   10.431   10.645   10.645
            0.368000  0.517306  0.000000
  -14.798  -14.798  -13.980  -13.980  -11.539  -11.539   -2.438   -2.438   -0.748   -0.748
    9.189    9.189   10.424   10.424   10.637   10.637
            0.368333  0.516728  0.000000
  -14.803  -14.803  -13.981  -13.981  -11.529  -11.529   -2.445   -2.445   -0.742   -0.741
    9.192    9.192   10.416   10.417   10.630   10.630
            0.368667  0.516151  0.000000
  -14.808  -14.808  -13.983  -13.983  -11.518  -11.518   -2.453   -2.453   -0.735   -0.735
    9.196    9.196   10.409   10.409   10.622   10.622
            0.369000  0.515574  0.000000
  -14.814  -14.814  -13.985  -13.985  -11.508  -11.508   -2.460   -2.460   -0.729   -0.729
    9.199    9.199   10.402   10.402   10.614   10.614
            0.369333  0.514996  0.000000
  -14.819  -14.819  -13.987  -13.987  -11.498  -11.498   -2.467   -2.467   -0.723   -0.723
    9.202    9.203   10.394   10.395   10.606   10.606
            0.369667  0.514419  0.000000
  -14.824  -14.824  -13.990  -13.990  -11.487  -11.487   -2.475   -2.475   -0.716   -0.716
    9.206    9.206   10.387   10.387   10.598   10.598
            0.370000  0.513842  0.000000
  -14.829  -14.829  -13.992  -13.992  -11.477  -11.477   -2.482   -2.482   -0.710   -0.710
    9.209    9.209   10.380   10.380   10.590   10.590
            0.370333  0.513264  0.000000
  -14.835  -14.835  -13.994  -13.994  -11.466  -11.466   -2.489   -2.489   -0.704   -0.704
    9.213    9.213   10.373   10.373   10.582   10.582
            0.370667  0.512687  0.000000
  -14.840  -14.840  -13.996  -13.996  -11.456  -11.456   -2.497   -2.497   -0.698   -0.698
    9.216    9.216   10.365   10.366   10.574   10.574
            0.371000  0.512110  0.000000
  -14.845  -14.845  -13.998  -13.998  -11.445  -11.445   -2.504   -2.504   -0.692   -0.692
    9.220    9.220   10.358   10.358   10.565   10.565
            0.371333  0.511532  0.000000
  -14.850  -14.850  -14.000  -14.000  -11.434  -11.434   -2.511   -2.511   -0.686   -0.685
    9.223    9.223   10.351   10.351   10.557   10.557
            0.371667  0.510955  0.000000
  -14.855  -14.855  -14.003  -14.003  -11.424  -11.424   -2.519   -2.519   -0.679   -0.679
    9.226    9.227   10.343   10.344   10.548   10.548
            0.372000  0.510378  0.000000
  -14.860  -14.860  -14.005  -14.005  -11.413  -11.413   -2.526   -2.526   -0.673   -0.673
    9.230    9.230   10.336   10.336   10.540   10.540
            0.372333  0.509800  0.000000
  -14.866  -14.866  -14.007  -14.007  -11.402  -11.402   -2.533   -2.533   -0.667   -0.667
    9.233    9.234   10.329   10.329   10.531   10.531
            0.372667  0.509223  0.000000
  -14.871  -14.871  -14.010  -14.010  -11.391  -11.391   -2.540   -2.540   -0.661   -0.661
    9.237    9.237   10.322   10.322   10.522   10.522
            0.373000  0.508646  0.000000
  -14.876  -14.876  -14.012  -14.012  -11.380  -11.380   -2.547   -2.547   -0.655   -0.655
    9.241    9.241   10.314   10.315   10.513   10.513
            0.373333  0.508068  0.000000
  -14.881  -14.881  -14.014  -14.014  -11.369  -11.369   -2.555   -2.555   -0.650   -0.650
    9.244    9.244   10.307   10.308   10.504   10.504
            0.373667  0.507491  0.000000
  -14.886  -14.886  -14.017  -14.017  -11.358  -11.358   -2.562   -2.562   -0.644   -0.644
    9.248    9.248   10.300   10.300   10.494   10.495
            0.374000  0.506914  0.000000
  -14.891  -14.891  -14.019  -14.019  -11.347  -11.347   -2.569   -2.569   -0.638   -0.638
    9.251    9.251   10.293   10.293   10.485   10.485
            0.374333  0.506336  0.000000
  -14.896  -14.896  -14.022  -14.022  -11.336  -11.336   -2.576   -2.576   -0.632   -0.632
    9.255    9.255   10.286   10.286   10.475   10.475
            0.374667  0.505759  0.000000
  -14.901  -14.901  -14.024  -14.024  -11.325  -11.325   -2.583   -2.583   -0.626   -0.626
    9.258    9.258   10.279   10.279   10.465   10.465
            0.375000  0.505181  0.000000
  -14.906  -14.906  -14.027  -14.027  -11.314  -11.314   -2.590   -2.590   -0.620   -0.620
    9.262    9.262   10.271   10.272   10.455   10.455
            0.375333  0.504604  0.000000
  -14.911  -14.911  -14.030  -14.030  -11.303  -11.303   -2.597   -2.597   -0.615   -0.615
    9.266    9.266   10.264   10.264   10.444   10.444
            0.375667  0.504027  0.000000
  -14.916  -14.916  -14.032  -14.032  -11.292  -11.292   -2.604   -2.604   -0.609   -0.609
    9.269    9.269   10.257   10.257   10.433   10.433
            0.376000  0.503449  0.000000
  -14.921  -14.921  -14.035  -14.035  -11.281  -11.281   -2.611   -2.611   -0.603   -0.603
    9.273    9.273   10.250   10.250   10.422   10.422
            0.376333  0.502872  0.000000
  -14.926  -14.926  -14.037  -14.037  -11.269  -11.269   -2.618   -2.618   -0.598   -0.598
    9.276    9.277   10.243   10.243   10.410   10.411
            0.376667  0.502295  0.000000
  -14.931  -14.931  -14.040  -14.040  -11.258  -11.258   -2.625   -2.625   -0.592   -0.592
    9.280    9.280   10.236   10.236   10.399   10.399
            0.377000  0.501717  0.000000
  -14.936  -14.936  -14.043  -14.043  -11.247  -11.247   -2.632   -2.632   -0.586   -0.586
    9.284    9.284   10.229   10.229   10.387   10.387
            0.377333  0.501140  0.000000
  -14.941  -14.941  -14.045  -14.045  -11.235  -11.235   -2.639   -2.639   -0.581   -0.581
    9.287    9.287   10.221   10.222   10.374   10.374
            0.377667  0.500563  0.000000
  -14.946  -14.946  -14.048  -14.048  -11.224  -11.224   -2.646   -2.646   -0.575   -0.575
    9.291    9.291   10.214   10.215   10.362   10.362
            0.378000  0.499985  0.000000
  -14.951  -14.951  -14.051  -14.051  -11.213  -11.213   -2.653   -2.653   -0.570   -0.570
    9.295    9.295   10.207   10.208   10.349   10.349
            0.378333  0.499408  0.000000
  -14.956  -14.956  -14.054  -14.054  -11.201  -11.201   -2.660   -2.660   -0.564   -0.564
    9.298    9.298   10.200   10.200   10.336   10.336
            0.378667  0.498831  0.000000
  -14.961  -14.961  -14.057  -14.057  -11.190  -11.190   -2.667   -2.667   -0.559   -0.559
    9.302    9.302   10.193   10.193   10.322   10.322
            0.379000  0.498253  0.000000
  -14.966  -14.966  -14.059  -14.059  -11.178  -11.178   -2.674   -2.674   -0.553   -0.553
    9.306    9.306   10.186   10.186   10.308   10.308
            0.379333  0.497676  0.000000
  -14.971  -14.971  -14.062  -14.062  -11.167  -11.167   -2.680   -2.680   -0.548   -0.548
    9.309    9.309   10.179   10.179   10.294   10.294
            0.379667  0.497099  0.000000
  -14.975  -14.975  -14.065  -14.065  -11.155  -11.155   -2.687   -2.687   -0.543   -0.543
    9.313    9.313   10.172   10.172   10.280   10.280
            0.380000  0.496521  0.000000
  -14.980  -14.980  -14.068  -14.068  -11.144  -11.144   -2.694   -2.694   -0.537   -0.537
    9.316    9.316   10.165   10.165   10.266   10.266
            0.380333  0.495944  0.000000
  -14.985  -14.985  -14.071  -14.071  -11.132  -11.132   -2.701   -2.701   -0.532   -0.532
    9.320    9.320   10.158   10.158   10.251   10.251
            0.380667  0.495367  0.000000
  -14.990  -14.990  -14.074  -14.074  -11.120  -11.120   -2.708   -2.708   -0.527   -0.527
    9.324    9.324   10.151   10.151   10.236   10.236
            0.381000  0.494789  0.000000
  -14.995  -14.995  -14.077  -14.077  -11.109  -11.109   -2.714   -2.714   -0.522   -0.522
    9.327    9.327   10.144   10.144   10.221   10.221
            0.381333  0.494212  0.000000
  -15.000  -15.000  -14.080  -14.079  -11.097  -11.097   -2.721   -2.721   -0.516   -0.516
    9.331    9.331   10.137   10.137   10.206   10.206
            0.381667  0.493634  0.000000
  -15.004  -15.004  -14.082  -14.082  -11.085  -11.085   -2.728   -2.728   -0.511   -0.511
    9.334    9.334   10.130   10.131   10.190   10.190
            0.382000  0.493057  0.000000
  -15.009  -15.009  -14.085  -14.085  -11.074  -11.074   -2.735   -2.734   -0.506   -0.506
    9.338    9.338   10.123   10.124   10.175   10.175
            0.382333  0.492480  0.000000
  -15.014  -15.014  -14.088  -14.088  -11.062  -11.062   -2.741   -2.741   -0.501   -0.501
    9.341    9.342   10.116   10.117   10.159   10.159
            0.382667  0.491902  0.000000
  -15.019  -15.019  -14.091  -14.091  -11.050  -11.050   -2.748   -2.748   -0.496   -0.496
    9.345    9.345   10.110   10.110   10.143   10.143
            0.383000  0.491325  0.000000
  -15.023  -15.023  -14.094  -14.094  -11.038  -11.038   -2.754   -2.754   -0.491   -0.491
    9.348    9.349   10.103   10.103   10.127   10.127
            0.383333  0.490748  0.000000
  -15.028  -15.028  -14.097  -14.097  -11.026  -11.026   -2.761   -2.761   -0.486   -0.486
    9.352    9.352   10.096   10.096   10.111   10.111
            0.383667  0.490170  0.000000
  -15.033  -15.033  -14.100  -14.100  -11.015  -11.015   -2.768   -2.768   -0.481   -0.481
    9.355    9.356   10.089   10.089   10.095   10.095
            0.384000  0.489593  0.000000
  -15.037  -15.037  -14.103  -14.103  -11.003  -11.003   -2.774   -2.774   -0.476   -0.476
    9.359    9.359   10.078   10.078   10.082   10.082
            0.384333  0.489016  0.000000
  -15.042  -15.042  -14.106  -14.106  -10.991  -10.991   -2.781   -2.781   -0.471   -0.471
    9.362    9.362   10.062   10.062   10.075   10.075
            0.384667  0.488438  0.000000
  -15.047  -15.047  -14.110  -14.110  -10.979  -10.979   -2.787   -2.787   -0.466   -0.466
    9.366    9.366   10.045   10.046   10.068   10.069
            0.385000  0.487861  0.000000
  -15.051  -15.051  -14.113  -14.113  -10.967  -10.967   -2.794   -2.794   -0.461   -0.461
    9.369    9.369   10.029   10.029   10.062   10.062
            0.385333  0.487284  0.000000
  -15.056  -15.056  -14.116  -14.116  -10.955  -10.955   -2.800   -2.800   -0.456   -0.456
    9.372    9.373   10.012   10.012   10.055   10.055
            0.385667  0.486706  0.000000
  -15.061  -15.061  -14.119  -14.119  -10.943  -10.943   -2.807   -2.807   -0.451   -0.451
    9.376    9.376    9.995    9.995   10.048   10.048
            0.386000  0.486129  0.000000
  -15.065  -15.065  -14.122  -14.122  -10.931  -10.931   -2.813   -2.813   -0.446   -0.446
    9.379    9.379    9.978    9.979   10.041   10.042
            0.386333  0.485552  0.000000
  -15.070  -15.070  -14.125  -14.125  -10.919  -10.919   -2.820   -2.820   -0.442   -0.442
    9.382    9.382    9.962    9.962   10.035   10.035
            0.386667  0.484974  0.000000
  -15.074  -15.074  -14.128  -14.128  -10.907  -10.907   -2.826   -2.826   -0.437   -0.437
    9.386    9.386    9.945    9.945   10.028   10.028
            0.387000  0.484397  0.000000
  -15.079  -15.079  -14.131  -14.131  -10.895  -10.895   -2.833   -2.833   -0.432   -0.432
    9.389    9.389    9.927    9.928   10.021   10.021
            0.387333  0.483820  0.000000
  -15.083  -15.083  -14.134  -14.134  -10.883  -10.883   -2.839   -2.839   -0.428   -0.428
    9.392    9.392    9.910    9.910   10.014   10.015
            0.387667  0.483242  0.000000
  -15.088  -15.088  -14.137  -14.137  -10.871  -10.871   -2.846   -2.845   -0.423   -0.423
    9.395    9.395    9.893    9.893   10.008   10.008
            0.388000  0.482665  0.000000
  -15.093  -15.093  -14.141  -14.141  -10.859  -10.859   -2.852   -2.852   -0.418   -0.418
    9.398    9.398    9.876    9.876   10.001   10.001
            0.388333  0.482087  0.000000
  -15.097  -15.097  -14.144  -14.144  -10.847  -10.847   -2.858   -2.858   -0.414   -0.414
    9.401    9.401    9.859    9.859    9.994    9.995
            0.388667  0.481510  0.000000
  -15.102  -15.102  -14.147  -14.147  -10.835  -10.835   -2.865   -2.865   -0.409   -0.409
    9.404    9.404    9.841    9.841    9.988    9.988
            0.389000  0.480933  0.000000
  -15.106  -15.106  -14.150  -14.150  -10.823  -10.823   -2.871   -2.871   -0.405   -0.404
    9.407    9.407    9.824    9.824    9.981    9.981
            0.389333  0.480355  0.000000
  -15.110  -15.110  -14.153  -14.153  -10.811  -10.811   -2.877   -2.877   -0.400   -0.400
    9.410    9.410    9.806    9.806    9.974    9.975
            0.389667  0.479778  0.000000
  -15.115  -15.115  -14.156  -14.156  -10.799  -10.799   -2.883   -2.883   -0.396   -0.395
    9.413    9.413    9.789    9.789    9.968    9.968
            0.390000  0.479201  0.000000
  -15.119  -15.119  -14.160  -14.160  -10.787  -10.787   -2.890   -2.890   -0.391   -0.391
    9.416    9.416    9.771    9.771    9.961    9.961
            0.390333  0.478623  0.000000
  -15.124  -15.124  -14.163  -14.163  -10.775  -10.775   -2.896   -2.896   -0.387   -0.387
    9.418    9.419    9.754    9.754    9.955    9.955
            0.390667  0.478046  0.000000
  -15.128  -15.128  -14.166  -14.166  -10.762  -10.762   -2.902   -2.902   -0.382   -0.382
    9.421    9.421    9.736    9.736    9.948    9.948
            0.391000  0.477469  0.000000
  -15.133  -15.133  -14.169  -14.169  -10.750  -10.750   -2.908   -2.908   -0.378   -0.378
    9.424    9.424    9.719    9.719    9.942    9.942
            0.391333  0.476891  0.000000
  -15.137  -15.137  -14.172  -14.172  -10.738  -10.738   -2.914   -2.914   -0.373   -0.373
    9.426    9.427    9.701    9.701    9.935    9.935
            0.391667  0.476314  0.000000
  -15.141  -15.141  -14.176  -14.176  -10.726  -10.726   -2.921   -2.921   -0.369   -0.369
    9.429    9.429    9.683    9.683    9.929    9.929
            0.392000  0.475737  0.000000
  -15.146  -15.146  -14.179  -14.179  -10.714  -10.714   -2.927   -2.927   -0.365   -0.365
    9.431    9.432    9.666    9.666    9.922    9.922
            0.392333  0.475159  0.000000
  -15.150  -15.150  -14.182  -14.182  -10.702  -10.702   -2.933   -2.933   -0.361   -0.361
    9.434    9.434    9.648    9.648    9.916    9.916
            0.392667  0.474582  0.000000
  -15.154  -15.154  -14.185  -14.185  -10.689  -10.689   -2.939   -2.939   -0.356   -0.356
    9.436    9.436    9.630    9.630    9.909    9.909
            0.393000  0.474005  0.000000
  -15.159  -15.159  -14.188  -14.188  -10.677  -10.677   -2.945   -2.945   -0.352   -0.352
    9.439    9.439    9.612    9.612    9.903    9.903
            0.393333  0.473427  0.000000
  -15.163  -15.163  -14.192  -14.192  -10.665  -10.665   -2.951   -2.951   -0.348   -0.348
    9.441    9.441    9.595    9.595    9.896    9.896
            0.393667  0.472850  0.000000
  -15.167  -15.167  -14.195  -14.195  -10.653  -10.653   -2.957   -2.957   -0.344   -0.344
    9.443    9.443    9.577    9.577    9.890    9.890
            0.394000  0.472273  0.000000
  -15.172  -15.172  -14.198  -14.198  -10.640  -10.640   -2.963   -2.963   -0.340   -0.340
    9.445    9.445    9.559    9.559    9.883    9.884
            0.394333  0.471695  0.000000
  -15.176  -15.176  -14.201  -14.201  -10.628  -10.628   -2.969   -2.969   -0.336   -0.335
    9.447    9.447    9.541    9.541    9.877    9.877
            0.394667  0.471118  0.000000
  -15.180  -15.180  -14.205  -14.205  -10.616  -10.616   -2.975   -2.975   -0.331   -0.331
    9.449    9.449    9.523    9.523    9.871    9.871
            0.395000  0.470540  0.000000
  -15.184  -15.184  -14.208  -14.208  -10.604  -10.604   -2.981   -2.981   -0.327   -0.327
    9.451    9.451    9.505    9.505    9.864    9.865
            0.395333  0.469963  0.000000
  -15.189  -15.189  -14.211  -14.211  -10.592  -10.591   -2.987   -2.987   -0.323   -0.323
    9.453    9.453    9.487    9.487    9.858    9.858
            0.395667  0.469386  0.000000
  -15.193  -15.193  -14.214  -14.214  -10.579  -10.579   -2.993   -2.993   -0.319   -0.319
    9.454    9.454    9.469    9.470    9.852    9.852
            0.396000  0.468808  0.000000
  -15.197  -15.197  -14.217  -14.217  -10.567  -10.567   -2.999   -2.999   -0.315   -0.315
    9.450    9.451    9.456    9.457    9.845    9.846
            0.396333  0.468231  0.000000
  -15.201  -15.201  -14.221  -14.221  -10.555  -10.555   -3.005   -3.005   -0.311   -0.311
    9.433    9.433    9.458    9.458    9.839    9.839
            0.396667  0.467654  0.000000
  -15.205  -15.205  -14.224  -14.224  -10.542  -10.542   -3.011   -3.011   -0.307   -0.307
    9.415    9.415    9.459    9.459    9.833    9.833
            0.397000  0.467076  0.000000
  -15.210  -15.210  -14.227  -14.227  -10.530  -10.530   -3.017   -3.017   -0.304   -0.304
    9.397    9.397    9.461    9.461    9.827    9.827
            0.397333  0.466499  0.000000
  -15.214  -15.214  -14.230  -14.230  -10.518  -10.518   -3.023   -3.023   -0.300   -0.300
    9.379    9.379    9.462    9.462    9.820    9.821
            0.397667  0.465922  0.000000
  -15.218  -15.218  -14.234  -14.234  -10.506  -10.506   -3.028   -3.028   -0.296   -0.296
    9.361    9.361    9.463    9.463    9.814    9.814
            0.398000  0.465344  0.000000
  -15.222  -15.222  -14.237  -14.237  -10.493  -10.493   -3.034   -3.034   -0.292   -0.292
    9.343    9.343    9.464    9.464    9.808    9.808
            0.398333  0.464767  0.000000
  -15.226  -15.226  -14.240  -14.240  -10.481  -10.481   -3.040   -3.040   -0.288   -0.288
    9.325    9.325    9.465    9.465    9.802    9.802
            0.398667  0.464190  0.000000
  -15.230  -15.230  -14.243  -14.243  -10.469  -10.469   -3.046   -3.046   -0.285   -0.284
    9.307    9.307    9.466    9.466    9.796    9.796
            0.399000  0.463612  0.000000
  -15.234  -15.234  -14.247  -14.247  -10.457  -10.457   -3.052   -3.052   -0.281   -0.281
    9.289    9.289    9.467    9.467    9.790    9.790
            0.399333  0.463035  0.000000
  -15.238  -15.238  -14.250  -14.250  -10.444  -10.444   -3.057   -3.057   -0.277   -0.277
    9.271    9.271    9.468    9.468    9.783    9.784
            0.399667  0.462458  0.000000
  -15.242  -15.242  -14.253  -14.253  -10.432  -10.432   -3.063   -3.063   -0.273   -0.273
    9.253    9.253    9.469    9.469    9.777    9.778
            0.400000  0.461880  0.000000
  -15.246  -15.246  -14.256  -14.256  -10.420  -10.420   -3.069   -3.069   -0.270   -0.270
    9.235    9.235    9.469    9.470    9.771    9.771
            0.400333  0.461303  0.000000
  -15.250  -15.250  -14.259  -14.259  -10.407  -10.407   -3.074   -3.074   -0.266   -0.266
    9.217    9.217    9.470    9.470    9.765    9.765
            0.400667  0.460726  0.000000
  -15.254  -15.254  -14.263  -14.263  -10.395  -10.395   -3.080   -3.080   -0.262   -0.262
    9.199    9.199    9.470    9.471    9.759    9.759
            0.401000  0.460148  0.000000
  -15.258  -15.258  -14.266  -14.266  -10.383  -10.383   -3.086   -3.086   -0.259   -0.259
    9.181    9.181    9.471    9.471    9.753    9.753
            0.401333  0.459571  0.000000
  -15.262  -15.262  -14.269  -14.269  -10.371  -10.371   -3.091   -3.091   -0.255   -0.255
    9.163    9.163    9.471    9.471    9.747    9.747
            0.401667  0.458993  0.000000
  -15.266  -15.266  -14.272  -14.272  -10.358  -10.358   -3.097   -3.097   -0.252   -0.252
    9.145    9.145    9.471    9.471    9.741    9.741
            0.402000  0.458416  0.000000
  -15.270  -15.270  -14.276  -14.276  -10.346  -10.346   -3.103   -3.102   -0.248   -0.248
    9.127    9.127    9.471    9.471    9.735    9.735
            0.402333  0.457839  0.000000
  -15.274  -15.274  -14.279  -14.279  -10.334  -10.334   -3.108   -3.108   -0.245   -0.245
    9.109    9.109    9.471    9.472    9.729    9.729
            0.402667  0.457261  0.000000
  -15.278  -15.278  -14.282  -14.282  -10.321  -10.321   -3.114   -3.114   -0.241   -0.241
    9.091    9.091    9.471    9.471    9.723    9.723
            0.403000  0.456684  0.000000
  -15.282  -15.282  -14.285  -14.285  -10.309  -10.309   -3.119   -3.119   -0.238   -0.238
    9.073    9.073    9.471    9.471    9.717    9.717
            0.403333  0.456107  0.000000
  -15.286  -15.286  -14.288  -14.288  -10.297  -10.297   -3.125   -3.125   -0.234   -0.234
    9.055    9.055    9.471    9.471    9.711    9.711
            0.403667  0.455529  0.000000
  -15.290  -15.290  -14.292  -14.292  -10.285  -10.285   -3.130   -3.130   -0.231   -0.231
    9.037    9.037    9.471    9.471    9.705    9.706
            0.404000  0.454952  0.000000
  -15.294  -15.294  -14.295  -14.295  -10.272  -10.272   -3.136   -3.136   -0.228   -0.228
    9.019    9.019    9.470    9.470    9.700    9.700
            0.404333  0.454375  0.000000
  -15.298  -15.298  -14.298  -14.298  -10.260  -10.260   -3.141   -3.141   -0.224   -0.224
    9.001    9.001    9.470    9.470    9.694    9.694
            0.404667  0.453797  0.000000
  -15.302  -15.302  -14.301  -14.301  -10.248  -10.248   -3.147   -3.147   -0.221   -0.221
    8.983    8.983    9.469    9.469    9.688    9.688
            0.405000  0.453220  0.000000
  -15.305  -15.305  -14.304  -14.304  -10.236  -10.236   -3.152   -3.152   -0.218   -0.218
    8.965    8.965    9.468    9.469    9.682    9.682
            0.405333  0.452643  0.000000
  -15.309  -15.309  -14.307  -14.307  -10.223  -10.223   -3.157   -3.157   -0.214   -0.214
    8.947    8.947    9.468    9.468    9.676    9.676
            0.405667  0.452065  0.000000
  -15.313  -15.313  -14.311  -14.311  -10.211  -10.211   -3.163   -3.163   -0.211   -0.211
    8.929    8.929    9.467    9.467    9.670    9.671
            0.406000  0.451488  0.000000
  -15.317  -15.317  -14.314  -14.314  -10.199  -10.199   -3.168   -3.168   -0.208   -0.208
    8.911    8.911    9.466    9.466    9.665    9.665
            0.406333  0.450911  0.000000
  -15.321  -15.321  -14.317  -14.317  -10.187  -10.187   -3.173   -3.173   -0.205   -0.205
    8.894    8.894    9.465    9.465    9.659    9.659
            0.406667  0.450333  0.000000
  -15.324  -15.324  -14.320  -14.320  -10.174  -10.174   -3.179   -3.179   -0.202   -0.202
    8.876    8.876    9.464    9.464    9.653    9.653
            0.407000  0.449756  0.000000
  -15.328  -15.328  -14.323  -14.323  -10.162  -10.162   -3.184   -3.184   -0.198   -0.198
    8.858    8.858    9.463    9.463    9.647    9.648
            0.407333  0.449179  0.000000
  -15.332  -15.332  -14.326  -14.326  -10.150  -10.150   -3.189   -3.189   -0.195   -0.195
    8.840    8.840    9.461    9.462    9.642    9.642
            0.407667  0.448601  0.000000
  -15.336  -15.336  -14.330  -14.330  -10.138  -10.138   -3.195   -3.195   -0.192   -0.192
    8.822    8.822    9.460    9.460    9.636    9.636
            0.408000  0.448024  0.000000
  -15.339  -15.339  -14.333  -14.333  -10.126  -10.126   -3.200   -3.200   -0.189   -0.189
    8.804    8.804    9.459    9.459    9.630    9.631
            0.408333  0.447446  0.000000
  -15.343  -15.343  -14.336  -14.336  -10.113  -10.113   -3.205   -3.205   -0.186   -0.186
    8.786    8.786    9.457    9.457    9.625    9.625
            0.408667  0.446869  0.000000
  -15.347  -15.347  -14.339  -14.339  -10.101  -10.101   -3.210   -3.210   -0.183   -0.183
    8.768    8.768    9.456    9.456    9.619    9.619
            0.409000  0.446292  0.000000
  -15.350  -15.350  -14.342  -14.342  -10.089  -10.089   -3.216   -3.216   -0.180   -0.180
    8.751    8.751    9.454    9.454    9.614    9.614
            0.409333  0.445714  0.000000
  -15.354  -15.354  -14.345  -14.345  -10.077  -10.077   -3.221   -3.221   -0.177   -0.177
    8.733    8.733    9.453    9.453    9.608    9.608
            0.409667  0.445137  0.000000
  -15.358  -15.358  -14.348  -14.348  -10.065  -10.065   -3.226   -3.226   -0.174   -0.174
    8.715    8.715    9.451    9.451    9.602    9.603
            0.410000  0.444560  0.000000
  -15.361  -15.361  -14.352  -14.352  -10.052  -10.052   -3.231   -3.231   -0.171   -0.171
    8.697    8.697    9.449    9.449    9.597    9.597
            0.410333  0.443982  0.000000
  -15.365  -15.365  -14.355  -14.355  -10.040  -10.040   -3.236   -3.236   -0.168   -0.168
    8.679    8.680    9.447    9.447    9.591    9.591
            0.410667  0.443405  0.000000
  -15.369  -15.369  -14.358  -14.358  -10.028  -10.028   -3.241   -3.241   -0.165   -0.165
    8.662    8.662    9.445    9.445    9.586    9.586
            0.411000  0.442828  0.000000
  -15.372  -15.372  -14.361  -14.361  -10.016  -10.016   -3.246   -3.246   -0.162   -0.162
    8.644    8.644    9.443    9.443    9.580    9.580
            0.411333  0.442250  0.000000
  -15.376  -15.376  -14.364  -14.364  -10.004  -10.004   -3.251   -3.251   -0.160   -0.160
    8.626    8.626    9.441    9.441    9.575    9.575
            0.411667  0.441673  0.000000
  -15.379  -15.379  -14.367  -14.367   -9.992   -9.992   -3.256   -3.256   -0.157   -0.157
    8.609    8.609    9.439    9.439    9.569    9.570
            0.412000  0.441096  0.000000
  -15.383  -15.383  -14.370  -14.370   -9.980   -9.980   -3.262   -3.261   -0.154   -0.154
    8.591    8.591    9.437    9.437    9.564    9.564
            0.412333  0.440518  0.000000
  -15.387  -15.387  -14.373  -14.373   -9.968   -9.968   -3.267   -3.267   -0.151   -0.151
    8.573    8.573    9.435    9.435    9.559    9.559
            0.412667  0.439941  0.000000
  -15.390  -15.390  -14.376  -14.376   -9.956   -9.956   -3.272   -3.271   -0.148   -0.148
    8.556    8.556    9.433    9.433    9.553    9.553
            0.413000  0.439364  0.000000
  -15.394  -15.394  -14.379  -14.379   -9.944   -9.943   -3.276   -3.276   -0.146   -0.146
    8.538    8.538    9.430    9.430    9.548    9.548
            0.413333  0.438786  0.000000
  -15.397  -15.397  -14.382  -14.382   -9.931   -9.931   -3.281   -3.281   -0.143   -0.143
    8.521    8.521    9.428    9.428    9.542    9.543
            0.413667  0.438209  0.000000
  -15.401  -15.401  -14.385  -14.385   -9.919   -9.919   -3.286   -3.286   -0.140   -0.140
    8.503    8.503    9.426    9.426    9.537    9.537
            0.414000  0.437632  0.000000
  -15.404  -15.404  -14.388  -14.388   -9.907   -9.907   -3.291   -3.291   -0.138   -0.138
    8.486    8.486    9.423    9.423    9.532    9.532
            0.414333  0.437054  0.000000
  -15.408  -15.408  -14.391  -14.391   -9.895   -9.895   -3.296   -3.296   -0.135   -0.135
    8.468    8.468    9.421    9.421    9.526    9.527
            0.414667  0.436477  0.000000
  -15.411  -15.411  -14.394  -14.394   -9.883   -9.883   -3.301   -3.301   -0.132   -0.132
    8.451    8.451    9.418    9.418    9.521    9.521
            0.415000  0.435899  0.000000
  -15.414  -15.414  -14.397  -14.397   -9.871   -9.871   -3.306   -3.306   -0.130   -0.130
    8.433    8.433    9.416    9.416    9.516    9.516
            0.415333  0.435322  0.000000
  -15.418  -15.418  -14.400  -14.400   -9.859   -9.859   -3.311   -3.311   -0.127   -0.127
    8.416    8.416    9.413    9.413    9.511    9.511
            0.415667  0.434745  0.000000
  -15.421  -15.421  -14.403  -14.403   -9.847   -9.847   -3.316   -3.316   -0.124   -0.124
    8.398    8.398    9.410    9.410    9.505    9.506
            0.416000  0.434167  0.000000
  -15.425  -15.425  -14.406  -14.406   -9.835   -9.835   -3.320   -3.320   -0.122   -0.122
    8.381    8.381    9.408    9.408    9.500    9.500
            0.416333  0.433590  0.000000
  -15.428  -15.428  -14.409  -14.409   -9.824   -9.824   -3.325   -3.325   -0.119   -0.119
    8.364    8.364    9.405    9.405    9.495    9.495
            0.416667  0.433013  0.000000
  -15.431  -15.431  -14.412  -14.412   -9.812   -9.812   -3.330   -3.330   -0.117   -0.117
    8.346    8.346    9.402    9.402    9.490    9.490
            0.417000  0.432435  0.000000
  -15.435  -15.435  -14.415  -14.415   -9.800   -9.800   -3.335   -3.335   -0.114   -0.114
    8.329    8.329    9.399    9.399    9.485    9.485
            0.417333  0.431858  0.000000
  -15.438  -15.438  -14.418  -14.418   -9.788   -9.788   -3.339   -3.339   -0.112   -0.112
    8.312    8.312    9.396    9.397    9.480    9.480
            0.417667  0.431281  0.000000
  -15.441  -15.441  -14.421  -14.421   -9.776   -9.776   -3.344   -3.344   -0.109   -0.109
    8.294    8.294    9.394    9.394    9.475    9.475
            0.418000  0.430703  0.000000
  -15.445  -15.445  -14.424  -14.424   -9.764   -9.764   -3.349   -3.349   -0.107   -0.107
    8.277    8.277    9.391    9.391    9.469    9.470
            0.418333  0.430126  0.000000
  -15.448  -15.448  -14.427  -14.427   -9.752   -9.752   -3.354   -3.354   -0.105   -0.105
    8.260    8.260    9.388    9.388    9.464    9.464
            0.418667  0.429549  0.000000
  -15.451  -15.451  -14.430  -14.430   -9.740   -9.740   -3.358   -3.358   -0.102   -0.102
    8.243    8.243    9.385    9.385    9.459    9.459
            0.419000  0.428971  0.000000
  -15.455  -15.455  -14.433  -14.433   -9.729   -9.729   -3.363   -3.363   -0.100   -0.100
    8.226    8.226    9.382    9.382    9.454    9.454
            0.419333  0.428394  0.000000
  -15.458  -15.458  -14.436  -14.436   -9.717   -9.717   -3.367   -3.367   -0.098   -0.097
    8.209    8.209    9.379    9.379    9.449    9.449
            0.419667  0.427817  0.000000
  -15.461  -15.461  -14.439  -14.439   -9.705   -9.705   -3.372   -3.372   -0.095   -0.095
    8.192    8.192    9.376    9.376    9.444    9.444
            0.420000  0.427239  0.000000
  -15.464  -15.464  -14.442  -14.442   -9.693   -9.693   -3.377   -3.377   -0.093   -0.093
    8.175    8.175    9.373    9.373    9.439    9.439
            0.420333  0.426662  0.000000
  -15.468  -15.468  -14.445  -14.445   -9.681   -9.681   -3.381   -3.381   -0.091   -0.091
    8.158    8.158    9.370    9.370    9.434    9.434
            0.420667  0.426084  0.000000
  -15.471  -15.471  -14.448  -14.448   -9.670   -9.670   -3.386   -3.386   -0.088   -0.088
    8.141    8.141    9.367    9.367    9.429    9.430
            0.421000  0.425507  0.000000
  -15.474  -15.474  -14.450  -14.450   -9.658   -9.658   -3.390   -3.390   -0.086   -0.086
    8.124    8.124    9.363    9.364    9.424    9.425
            0.421333  0.424930  0.000000
  -15.477  -15.477  -14.453  -14.453   -9.646   -9.646   -3.395   -3.395   -0.084   -0.084
    8.107    8.107    9.360    9.360    9.420    9.420
            0.421667  0.424352  0.000000
  -15.480  -15.480  -14.456  -14.456   -9.635   -9.635   -3.399   -3.399   -0.082   -0.082
    8.090    8.090    9.357    9.357    9.415    9.415
            0.422000  0.423775  0.000000
  -15.484  -15.484  -14.459  -14.459   -9.623   -9.623   -3.404   -3.404   -0.079   -0.079
    8.073    8.073    9.354    9.354    9.410    9.410
            0.422333  0.423198  0.000000
  -15.487  -15.487  -14.462  -14.462   -9.611   -9.611   -3.408   -3.408   -0.077   -0.077
    8.056    8.056    9.351    9.351    9.405    9.405
            0.422667  0.422620  0.000000
  -15.490  -15.490  -14.465  -14.465   -9.600   -9.600   -3.413   -3.413   -0.075   -0.075
    8.039    8.039    9.348    9.348    9.400    9.400
            0.423000  0.422043  0.000000
  -15.493  -15.493  -14.467  -14.467   -9.588   -9.588   -3.417   -3.417   -0.073   -0.073
    8.023    8.023    9.344    9.345    9.395    9.396
            0.423333  0.421466  0.000000
  -15.496  -15.496  -14.470  -14.470   -9.577   -9.577   -3.421   -3.421   -0.071   -0.071
    8.006    8.006    9.341    9.341    9.391    9.391
            0.423667  0.420888  0.000000
  -15.499  -15.499  -14.473  -14.473   -9.565   -9.565   -3.426   -3.426   -0.069   -0.069
    7.989    7.989    9.338    9.338    9.386    9.386
            0.424000  0.420311  0.000000
  -15.502  -15.502  -14.476  -14.476   -9.553   -9.553   -3.430   -3.430   -0.067   -0.067
    7.973    7.973    9.335    9.335    9.381    9.381
            0.424333  0.419734  0.000000
  -15.505  -15.505  -14.479  -14.479   -9.542   -9.542   -3.434   -3.434   -0.065   -0.064
    7.956    7.956    9.331    9.332    9.376    9.377
            0.424667  0.419156  0.000000
  -15.508  -15.508  -14.481  -14.481   -9.530   -9.530   -3.439   -3.439   -0.062   -0.062
    7.940    7.940    9.328    9.328    9.372    9.372
            0.425000  0.418579  0.000000
  -15.511  -15.511  -14.484  -14.484   -9.519   -9.519   -3.443   -3.443   -0.060   -0.060
    7.923    7.923    9.325    9.325    9.367    9.367
            0.425333  0.418002  0.000000
  -15.514  -15.514  -14.487  -14.487   -9.507   -9.507   -3.447   -3.447   -0.058   -0.058
    7.907    7.907    9.322    9.322    9.362    9.362
            0.425667  0.417424  0.000000
  -15.517  -15.517  -14.490  -14.490   -9.496   -9.496   -3.452   -3.452   -0.056   -0.056
    7.890    7.890    9.318    9.318    9.358    9.358
            0.426000  0.416847  0.000000
  -15.520  -15.520  -14.492  -14.492   -9.485   -9.485   -3.456   -3.456   -0.054   -0.054
    7.874    7.874    9.315    9.315    9.353    9.353
            0.426333  0.416270  0.000000
  -15.523  -15.523  -14.495  -14.495   -9.473   -9.473   -3.460   -3.460   -0.052   -0.052
    7.857    7.857    9.312    9.312    9.349    9.349
            0.426667  0.415692  0.000000
  -15.526  -15.526  -14.498  -14.498   -9.462   -9.462   -3.464   -3.464   -0.051   -0.050
    7.841    7.841    9.308    9.308    9.344    9.344
            0.427000  0.415115  0.000000
  -15.529  -15.529  -14.501  -14.501   -9.450   -9.450   -3.468   -3.468   -0.049   -0.049
    7.825    7.825    9.305    9.305    9.339    9.339
            0.427333  0.414537  0.000000
  -15.532  -15.532  -14.503  -14.503   -9.439   -9.439   -3.473   -3.473   -0.047   -0.047
    7.808    7.808    9.302    9.302    9.335    9.335
            0.427667  0.413960  0.000000
  -15.535  -15.535  -14.506  -14.506   -9.428   -9.428   -3.477   -3.477   -0.045   -0.045
    7.792    7.792    9.298    9.298    9.330    9.330
            0.428000  0.413383  0.000000
  -15.538  -15.538  -14.509  -14.509   -9.417   -9.417   -3.481   -3.481   -0.043   -0.043
    7.776    7.776    9.295    9.295    9.326    9.326
            0.428333  0.412805  0.000000
  -15.541  -15.541  -14.511  -14.511   -9.405   -9.405   -3.485   -3.485   -0.041   -0.041
    7.760    7.760    9.292    9.292    9.321    9.321
            0.428667  0.412228  0.000000
  -15.544  -15.544  -14.514  -14.514   -9.394   -9.394   -3.489   -3.489   -0.039   -0.039
    7.744    7.744    9.288    9.288    9.317    9.317
            0.429000  0.411651  0.000000
  -15.547  -15.547  -14.517  -14.517   -9.383   -9.383   -3.493   -3.493   -0.037   -0.037
    7.728    7.728    9.285    9.285    9.312    9.313
            0.429333  0.411073  0.000000
  -15.550  -15.550  -14.519  -14.519   -9.372   -9.372   -3.497   -3.497   -0.036   -0.036
    7.712    7.712    9.282    9.282    9.308    9.308
            0.429667  0.410496  0.000000
  -15.552  -15.552  -14.522  -14.522   -9.361   -9.361   -3.501   -3.501   -0.034   -0.034
    7.696    7.696    9.278    9.278    9.304    9.304
            0.430000  0.409919  0.000000
  -15.555  -15.555  -14.524  -14.524   -9.349   -9.349   -3.505   -3.505   -0.032   -0.032
    7.680    7.680    9.275    9.275    9.299    9.299
            0.430333  0.409341  0.000000
  -15.558  -15.558  -14.527  -14.527   -9.338   -9.338   -3.509   -3.509   -0.030   -0.030
    7.664    7.664    9.272    9.272    9.295    9.295
            0.430667  0.408764  0.000000
  -15.561  -15.561  -14.530  -14.530   -9.327   -9.327   -3.513   -3.513   -0.028   -0.028
    7.648    7.648    9.268    9.268    9.291    9.291
            0.431000  0.408187  0.000000
  -15.564  -15.564  -14.532  -14.532   -9.316   -9.316   -3.517   -3.517   -0.027   -0.027
    7.632    7.632    9.265    9.265    9.286    9.286
            0.431333  0.407609  0.000000
  -15.567  -15.567  -14.535  -14.535   -9.305   -9.305   -3.521   -3.521   -0.025   -0.025
    7.617    7.617    9.262    9.262    9.282    9.282
            0.431667  0.407032  0.000000
  -15.569  -15.569  -14.537  -14.537   -9.294   -9.294   -3.525   -3.525   -0.023   -0.023
    7.601    7.601    9.258    9.258    9.278    9.278
            0.432000  0.406455  0.000000
  -15.572  -15.572  -14.540  -14.540   -9.283   -9.283   -3.529   -3.529   -0.022   -0.022
    7.585    7.585    9.255    9.255    9.273    9.273
            0.432333  0.405877  0.000000
  -15.575  -15.575  -14.543  -14.543   -9.272   -9.272   -3.533   -3.533   -0.020   -0.020
    7.570    7.570    9.252    9.252    9.269    9.269
            0.432667  0.405300  0.000000
  -15.578  -15.578  -14.545  -14.545   -9.261   -9.261   -3.537   -3.537   -0.018   -0.018
    7.554    7.554    9.248    9.248    9.265    9.265
            0.433000  0.404723  0.000000
  -15.580  -15.580  -14.548  -14.548   -9.250   -9.250   -3.541   -3.541   -0.017   -0.017
    7.538    7.538    9.245    9.245    9.261    9.261
            0.433333  0.404145  0.000000
  -15.583  -15.583  -14.550  -14.550   -9.240   -9.240   -3.544   -3.544   -0.015   -0.015
    7.523    7.523    9.242    9.242    9.257    9.257
            0.433667  0.403568  0.000000
  -15.586  -15.586  -14.553  -14.553   -9.229   -9.229   -3.548   -3.548   -0.013   -0.013
    7.508    7.508    9.238    9.238    9.252    9.252
            0.434000  0.402990  0.000000
  -15.588  -15.588  -14.555  -14.555   -9.218   -9.218   -3.552   -3.552   -0.012   -0.012
    7.492    7.492    9.235    9.235    9.248    9.248
            0.434333  0.402413  0.000000
  -15.591  -15.591  -14.558  -14.558   -9.207   -9.207   -3.556   -3.556   -0.010   -0.010
    7.477    7.477    9.232    9.232    9.244    9.244
            0.434667  0.401836  0.000000
  -15.594  -15.594  -14.560  -14.560   -9.196   -9.196   -3.560   -3.560   -0.009   -0.009
    7.462    7.462    9.228    9.228    9.240    9.240
            0.435000  0.401258  0.000000
  -15.596  -15.596  -14.563  -14.563   -9.186   -9.186   -3.563   -3.563   -0.007   -0.007
    7.446    7.446    9.225    9.225    9.236    9.236
            0.435333  0.400681  0.000000
  -15.599  -15.599  -14.565  -14.565   -9.175   -9.175   -3.567   -3.567   -0.006   -0.006
    7.431    7.431    9.222    9.222    9.232    9.232
            0.435667  0.400104  0.000000
  -15.601  -15.601  -14.567  -14.567   -9.164   -9.164   -3.571   -3.571   -0.004   -0.004
    7.416    7.416    9.219    9.219    9.228    9.228
            0.436000  0.399526  0.000000
  -15.604  -15.604  -14.570  -14.570   -9.154   -9.154   -3.574   -3.574   -0.003   -0.003
    7.401    7.401    9.215    9.215    9.224    9.224
            0.436333  0.398949  0.000000
  -15.607  -15.607  -14.572  -14.572   -9.143   -9.143   -3.578   -3.578   -0.001   -0.001
    7.386    7.386    9.212    9.212    9.220    9.220
            0.436667  0.398372  0.000000
  -15.609  -15.609  -14.575  -14.575   -9.132   -9.132   -3.582   -3.582    0.000    0.000
    7.371    7.371    9.209    9.209    9.216    9.216
            0.437000  0.397794  0.000000
  -15.612  -15.612  -14.577  -14.577   -9.122   -9.122   -3.585   -3.585    0.002    0.002
    7.356    7.356    9.206    9.206    9.212    9.212
            0.437333  0.397217  0.000000
  -15.614  -15.614  -14.579  -14.579   -9.111   -9.111   -3.589   -3.589    0.003    0.003
    7.341    7.341    9.202    9.202    9.208    9.208
            0.437667  0.396640  0.000000
  -15.617  -15.617  -14.582  -14.582   -9.101   -9.101   -3.592   -3.592    0.005    0.005
    7.326    7.326    9.199    9.199    9.204    9.204
            0.438000  0.396062  0.000000
  -15.619  -15.619  -14.584  -14.584   -9.090   -9.090   -3.596   -3.596    0.006    0.006
    7.311    7.311    9.196    9.196    9.200    9.200
            0.438333  0.395485  0.000000
  -15.622  -15.622  -14.587  -14.587   -9.080   -9.080   -3.600   -3.600    0.008    0.008
    7.297    7.297    9.193    9.193    9.196    9.196
            0.438667  0.394908  0.000000
  -15.624  -15.624  -14.589  -14.589   -9.070   -9.070   -3.603   -3.603    0.009    0.009
    7.282    7.282    9.189    9.189    9.192    9.193
            0.439000  0.394330  0.000000
  -15.627  -15.627  -14.591  -14.591   -9.059   -9.059   -3.607   -3.607    0.010    0.010
    7.267    7.267    9.186    9.186    9.189    9.189
            0.439333  0.393753  0.000000
  -15.629  -15.629  -14.594  -14.594   -9.049   -9.049   -3.610   -3.610    0.012    0.012
    7.253    7.253    9.183    9.183    9.185    9.185
            0.439667  0.393176  0.000000
  -15.632  -15.632  -14.596  -14.596   -9.039   -9.039   -3.614   -3.614    0.013    0.013
    7.238    7.238    9.180    9.180    9.181    9.181
            0.440000  0.392598  0.000000
  -15.634  -15.634  -14.598  -14.598   -9.028   -9.028   -3.617   -3.617    0.014    0.014
    7.224    7.224    9.177    9.177    9.177    9.177
            0.440333  0.392021  0.000000
  -15.637  -15.637  -14.600  -14.600   -9.018   -9.018   -3.620   -3.620    0.016    0.016
    7.209    7.209    9.173    9.173    9.174    9.174
            0.440667  0.391443  0.000000
  -15.639  -15.639  -14.603  -14.603   -9.008   -9.008   -3.624   -3.624    0.017    0.017
    7.195    7.195    9.170    9.170    9.170    9.170
            0.441000  0.390866  0.000000
  -15.641  -15.641  -14.605  -14.605   -8.998   -8.998   -3.627   -3.627    0.018    0.018
    7.181    7.181    9.166    9.166    9.167    9.167
            0.441333  0.390289  0.000000
  -15.644  -15.644  -14.607  -14.607   -8.988   -8.988   -3.631   -3.631    0.020    0.020
    7.166    7.166    9.162    9.162    9.164    9.164
            0.441667  0.389711  0.000000
  -15.646  -15.646  -14.610  -14.610   -8.978   -8.978   -3.634   -3.634    0.021    0.021
    7.152    7.152    9.159    9.159    9.161    9.161
            0.442000  0.389134  0.000000
  -15.648  -15.648  -14.612  -14.612   -8.968   -8.968   -3.637   -3.637    0.022    0.022
    7.138    7.138    9.155    9.155    9.158    9.158
            0.442333  0.388557  0.000000
  -15.651  -15.651  -14.614  -14.614   -8.958   -8.958   -3.641   -3.641    0.023    0.023
    7.124    7.124    9.151    9.151    9.155    9.155
            0.442667  0.387979  0.000000
  -15.653  -15.653  -14.616  -14.616   -8.948   -8.948   -3.644   -3.644    0.025    0.025
    7.110    7.110    9.148    9.148    9.152    9.152
            0.443000  0.387402  0.000000
  -15.655  -15.655  -14.618  -14.618   -8.938   -8.938   -3.647   -3.647    0.026    0.026
    7.096    7.096    9.144    9.144    9.149    9.149
            0.443333  0.386825  0.000000
  -15.658  -15.658  -14.621  -14.621   -8.928   -8.928   -3.650   -3.650    0.027    0.027
    7.082    7.082    9.141    9.141    9.146    9.146
            0.443667  0.386247  0.000000
  -15.660  -15.660  -14.623  -14.623   -8.918   -8.918   -3.654   -3.654    0.028    0.028
    7.068    7.068    9.137    9.137    9.142    9.143
            0.444000  0.385670  0.000000
  -15.662  -15.662  -14.625  -14.625   -8.908   -8.908   -3.657   -3.657    0.029    0.029
    7.054    7.054    9.134    9.134    9.139    9.139
            0.444333  0.385093  0.000000
  -15.665  -15.665  -14.627  -14.627   -8.898   -8.898   -3.660   -3.660    0.031    0.031
    7.040    7.040    9.130    9.130    9.136    9.136
            0.444667  0.384515  0.000000
  -15.667  -15.667  -14.629  -14.629   -8.889   -8.889   -3.663   -3.663    0.032    0.032
    7.027    7.027    9.127    9.127    9.133    9.133
            0.445000  0.383938  0.000000
  -15.669  -15.669  -14.631  -14.631   -8.879   -8.879   -3.666   -3.666    0.033    0.033
    7.013    7.013    9.123    9.123    9.130    9.130
            0.445333  0.383361  0.000000
  -15.671  -15.671  -14.633  -14.633   -8.869   -8.869   -3.670   -3.670    0.034    0.034
    7.000    7.000    9.120    9.120    9.127    9.127
            0.445667  0.382783  0.000000
  -15.673  -15.673  -14.636  -14.636   -8.860   -8.860   -3.673   -3.673    0.035    0.035
    6.986    6.986    9.116    9.116    9.124    9.124
            0.446000  0.382206  0.000000
  -15.676  -15.676  -14.638  -14.638   -8.850   -8.850   -3.676   -3.676    0.036    0.036
    6.973    6.973    9.113    9.113    9.122    9.122
            0.446333  0.381629  0.000000
  -15.678  -15.678  -14.640  -14.640   -8.840   -8.840   -3.679   -3.679    0.037    0.037
    6.959    6.959    9.109    9.109    9.119    9.119
            0.446667  0.381051  0.000000
  -15.680  -15.680  -14.642  -14.642   -8.831   -8.831   -3.682   -3.682    0.038    0.039
    6.946    6.946    9.106    9.106    9.116    9.116
            0.447000  0.380474  0.000000
  -15.682  -15.682  -14.644  -14.644   -8.821   -8.821   -3.685   -3.685    0.040    0.040
    6.933    6.933    9.103    9.103    9.113    9.113
            0.447333  0.379896  0.000000
  -15.684  -15.684  -14.646  -14.646   -8.812   -8.812   -3.688   -3.688    0.041    0.041
    6.919    6.919    9.099    9.099    9.110    9.110
            0.447667  0.379319  0.000000
  -15.686  -15.686  -14.648  -14.648   -8.803   -8.803   -3.691   -3.691    0.042    0.042
    6.906    6.906    9.096    9.096    9.107    9.107
            0.448000  0.378742  0.000000
  -15.688  -15.688  -14.650  -14.650   -8.793   -8.793   -3.694   -3.694    0.043    0.043
    6.893    6.893    9.093    9.093    9.104    9.104
            0.448333  0.378164  0.000000
  -15.691  -15.691  -14.652  -14.652   -8.784   -8.784   -3.697   -3.697    0.044    0.044
    6.880    6.880    9.090    9.090    9.101    9.101
            0.448667  0.377587  0.000000
  -15.693  -15.693  -14.654  -14.654   -8.775   -8.775   -3.700   -3.700    0.045    0.045
    6.867    6.867    9.086    9.086    9.098    9.098
            0.449000  0.377010  0.000000
  -15.695  -15.695  -14.656  -14.656   -8.765   -8.765   -3.703   -3.703    0.046    0.046
    6.854    6.854    9.083    9.083    9.096    9.096
            0.449333  0.376432  0.000000
  -15.697  -15.697  -14.658  -14.658   -8.756   -8.756   -3.706   -3.706    0.047    0.047
    6.841    6.841    9.080    9.080    9.093    9.093
            0.449667  0.375855  0.000000
  -15.699  -15.699  -14.660  -14.660   -8.747   -8.747   -3.709   -3.709    0.048    0.048
    6.829    6.829    9.077    9.077    9.090    9.090
            0.450000  0.375278  0.000000
  -15.701  -15.701  -14.662  -14.662   -8.738   -8.738   -3.712   -3.712    0.049    0.049
    6.816    6.816    9.074    9.074    9.087    9.087
            0.450333  0.374700  0.000000
  -15.703  -15.703  -14.664  -14.664   -8.729   -8.729   -3.715   -3.714    0.050    0.050
    6.803    6.803    9.070    9.070    9.084    9.084
            0.450667  0.374123  0.000000
  -15.705  -15.705  -14.666  -14.666   -8.720   -8.720   -3.717   -3.717    0.051    0.051
    6.791    6.791    9.067    9.067    9.082    9.082
            0.451000  0.373546  0.000000
  -15.707  -15.707  -14.668  -14.668   -8.711   -8.711   -3.720   -3.720    0.052    0.052
    6.778    6.778    9.064    9.064    9.079    9.079
            0.451333  0.372968  0.000000
  -15.709  -15.709  -14.669  -14.669   -8.702   -8.702   -3.723   -3.723    0.053    0.053
    6.766    6.766    9.061    9.061    9.076    9.076
            0.451667  0.372391  0.000000
  -15.711  -15.711  -14.671  -14.671   -8.693   -8.693   -3.726   -3.726    0.054    0.054
    6.753    6.753    9.058    9.058    9.073    9.073
            0.452000  0.371814  0.000000
  -15.713  -15.713  -14.673  -14.673   -8.684   -8.684   -3.729   -3.729    0.054    0.054
    6.741    6.741    9.055    9.055    9.071    9.071
            0.452333  0.371236  0.000000
  -15.715  -15.715  -14.675  -14.675   -8.675   -8.675   -3.731   -3.731    0.055    0.055
    6.729    6.729    9.052    9.052    9.068    9.068
            0.452667  0.370659  0.000000
  -15.717  -15.717  -14.677  -14.677   -8.667   -8.667   -3.734   -3.734    0.056    0.056
    6.716    6.716    9.049    9.049    9.065    9.065
            0.453000  0.370082  0.000000
  -15.719  -15.719  -14.679  -14.679   -8.658   -8.658   -3.737   -3.737    0.057    0.057
    6.704    6.704    9.046    9.046    9.063    9.063
            0.453333  0.369504  0.000000
  -15.720  -15.720  -14.681  -14.681   -8.649   -8.649   -3.739   -3.739    0.058    0.058
    6.692    6.692    9.043    9.043    9.060    9.060
            0.453667  0.368927  0.000000
  -15.722  -15.722  -14.682  -14.682   -8.641   -8.641   -3.742   -3.742    0.059    0.059
    6.680    6.680    9.040    9.040    9.057    9.057
            0.454000  0.368349  0.000000
  -15.724  -15.724  -14.684  -14.684   -8.632   -8.632   -3.745   -3.745    0.060    0.060
    6.668    6.668    9.037    9.037    9.055    9.055
            0.454333  0.367772  0.000000
  -15.726  -15.726  -14.686  -14.686   -8.624   -8.624   -3.747   -3.747    0.061    0.061
    6.657    6.657    9.034    9.034    9.052    9.052
            0.454667  0.367195  0.000000
  -15.728  -15.728  -14.688  -14.688   -8.615   -8.615   -3.750   -3.750    0.061    0.061
    6.645    6.645    9.031    9.032    9.050    9.050
            0.455000  0.366617  0.000000
  -15.730  -15.730  -14.690  -14.690   -8.607   -8.607   -3.753   -3.753    0.062    0.062
    6.633    6.633    9.029    9.029    9.047    9.047
            0.455333  0.366040  0.000000
  -15.731  -15.731  -14.691  -14.691   -8.598   -8.598   -3.755   -3.755    0.063    0.063
    6.621    6.621    9.026    9.026    9.045    9.045
            0.455667  0.365463  0.000000
  -15.733  -15.733  -14.693  -14.693   -8.590   -8.590   -3.758   -3.758    0.064    0.064
    6.610    6.610    9.023    9.023    9.042    9.042
            0.456000  0.364885  0.000000
  -15.735  -15.735  -14.695  -14.695   -8.582   -8.582   -3.760   -3.760    0.065    0.065
    6.598    6.598    9.020    9.020    9.040    9.040
            0.456333  0.364308  0.000000
  -15.737  -15.737  -14.697  -14.697   -8.573   -8.573   -3.763   -3.763    0.066    0.066
    6.587    6.587    9.017    9.018    9.037    9.037
            0.456667  0.363731  0.000000
  -15.739  -15.739  -14.698  -14.698   -8.565   -8.565   -3.765   -3.765    0.066    0.066
    6.576    6.576    9.015    9.015    9.035    9.035
            0.457000  0.363153  0.000000
  -15.740  -15.740  -14.700  -14.700   -8.557   -8.557   -3.768   -3.768    0.067    0.067
    6.564    6.564    9.012    9.012    9.032    9.032
            0.457333  0.362576  0.000000
  -15.742  -15.742  -14.702  -14.702   -8.549   -8.549   -3.770   -3.770    0.068    0.068
    6.553    6.553    9.009    9.009    9.030    9.030
            0.457667  0.361999  0.000000
  -15.744  -15.744  -14.703  -14.703   -8.541   -8.541   -3.773   -3.773    0.069    0.069
    6.542    6.542    9.007    9.007    9.027    9.027
            0.458000  0.361421  0.000000
  -15.746  -15.746  -14.705  -14.705   -8.533   -8.533   -3.775   -3.775    0.069    0.069
    6.531    6.531    9.004    9.004    9.025    9.025
            0.458333  0.360844  0.000000
  -15.747  -15.747  -14.707  -14.707   -8.525   -8.525   -3.777   -3.777    0.070    0.070
    6.520    6.520    9.001    9.001    9.023    9.023
            0.458667  0.360267  0.000000
  -15.749  -15.749  -14.708  -14.708   -8.517   -8.517   -3.780   -3.780    0.071    0.071
    6.509    6.509    8.999    8.999    9.020    9.020
            0.459000  0.359689  0.000000
  -15.751  -15.751  -14.710  -14.710   -8.509   -8.509   -3.782   -3.782    0.072    0.072
    6.498    6.498    8.996    8.996    9.018    9.018
            0.459333  0.359112  0.000000
  -15.752  -15.752  -14.711  -14.711   -8.501   -8.501   -3.785   -3.785    0.072    0.072
    6.487    6.487    8.994    8.994    9.016    9.016
            0.459667  0.358535  0.000000
  -15.754  -15.754  -14.713  -14.713   -8.493   -8.493   -3.787   -3.787    0.073    0.073
    6.476    6.476    8.991    8.991    9.013    9.013
            0.460000  0.357957  0.000000
  -15.755  -15.755  -14.715  -14.715   -8.486   -8.486   -3.789   -3.789    0.074    0.074
    6.466    6.466    8.988    8.989    9.011    9.011
            0.460333  0.357380  0.000000
  -15.757  -15.757  -14.716  -14.716   -8.478   -8.478   -3.791   -3.791    0.074    0.074
    6.455    6.455    8.986    8.986    9.009    9.009
            0.460667  0.356802  0.000000
  -15.759  -15.759  -14.718  -14.718   -8.470   -8.470   -3.794   -3.794    0.075    0.075
    6.445    6.445    8.983    8.983    9.006    9.006
            0.461000  0.356225  0.000000
  -15.760  -15.760  -14.719  -14.719   -8.463   -8.463   -3.796   -3.796    0.076    0.076
    6.434    6.434    8.981    8.981    9.004    9.004
            0.461333  0.355648  0.000000
  -15.762  -15.762  -14.721  -14.721   -8.455   -8.455   -3.798   -3.798    0.076    0.076
    6.424    6.424    8.979    8.979    9.002    9.002
            0.461667  0.355070  0.000000
  -15.763  -15.763  -14.722  -14.722   -8.448   -8.448   -3.800   -3.800    0.077    0.077
    6.414    6.414    8.976    8.976    9.000    9.000
            0.462000  0.354493  0.000000
  -15.765  -15.765  -14.724  -14.724   -8.441   -8.441   -3.803   -3.803    0.078    0.078
    6.404    6.404    8.974    8.974    8.997    8.997
            0.462333  0.353916  0.000000
  -15.766  -15.766  -14.725  -14.725   -8.433   -8.433   -3.805   -3.805    0.078    0.078
    6.393    6.393    8.971    8.971    8.995    8.995
            0.462667  0.353338  0.000000
  -15.768  -15.768  -14.727  -14.727   -8.426   -8.426   -3.807   -3.807    0.079    0.079
    6.383    6.383    8.969    8.969    8.993    8.993
            0.463000  0.352761  0.000000
  -15.769  -15.769  -14.728  -14.728   -8.419   -8.419   -3.809   -3.809    0.080    0.080
    6.373    6.373    8.967    8.967    8.991    8.991
            0.463333  0.352184  0.000000
  -15.771  -15.771  -14.730  -14.730   -8.411   -8.411   -3.811   -3.811    0.080    0.080
    6.364    6.364    8.964    8.964    8.989    8.989
            0.463667  0.351606  0.000000
  -15.772  -15.772  -14.731  -14.731   -8.404   -8.404   -3.813   -3.813    0.081    0.081
    6.354    6.354    8.962    8.962    8.987    8.987
            0.464000  0.351029  0.000000
  -15.774  -15.774  -14.733  -14.733   -8.397   -8.397   -3.815   -3.815    0.081    0.081
    6.344    6.344    8.960    8.960    8.985    8.985
            0.464333  0.350452  0.000000
  -15.775  -15.775  -14.734  -14.734   -8.390   -8.390   -3.817   -3.817    0.082    0.082
    6.334    6.334    8.957    8.957    8.983    8.983
            0.464667  0.349874  0.000000
  -15.777  -15.777  -14.735  -14.735   -8.383   -8.383   -3.819   -3.819    0.083    0.083
    6.325    6.325    8.955    8.955    8.981    8.981
            0.465000  0.349297  0.000000
  -15.778  -15.778  -14.737  -14.737   -8.376   -8.376   -3.821   -3.821    0.083    0.083
    6.315    6.315    8.953    8.953    8.979    8.979
            0.465333  0.348720  0.000000
  -15.780  -15.780  -14.738  -14.738   -8.369   -8.369   -3.823   -3.823    0.084    0.084
    6.306    6.306    8.951    8.951    8.977    8.977
            0.465667  0.348142  0.000000
  -15.781  -15.781  -14.740  -14.740   -8.363   -8.363   -3.825   -3.825    0.084    0.084
    6.297    6.297    8.949    8.949    8.975    8.975
            0.466000  0.347565  0.000000
  -15.782  -15.782  -14.741  -14.741   -8.356   -8.356   -3.827   -3.827    0.085    0.085
    6.287    6.287    8.946    8.946    8.973    8.973
            0.466333  0.346988  0.000000
  -15.784  -15.784  -14.742  -14.742   -8.349   -8.349   -3.829   -3.829    0.085    0.085
    6.278    6.278    8.944    8.944    8.971    8.971
            0.466667  0.346410  0.000000
  -15.785  -15.785  -14.744  -14.744   -8.343   -8.343   -3.831   -3.831    0.086    0.086
    6.269    6.269    8.942    8.942    8.969    8.969
            0.467000  0.345833  0.000000
  -15.786  -15.786  -14.745  -14.745   -8.336   -8.336   -3.833   -3.833    0.086    0.086
    6.260    6.260    8.940    8.940    8.967    8.967
            0.467333  0.345255  0.000000
  -15.788  -15.788  -14.746  -14.746   -8.330   -8.329   -3.835   -3.835    0.087    0.087
    6.251    6.251    8.938    8.938    8.965    8.965
            0.467667  0.344678  0.000000
  -15.789  -15.789  -14.747  -14.747   -8.323   -8.323   -3.837   -3.837    0.087    0.087
    6.242    6.242    8.936    8.936    8.963    8.963
            0.468000  0.344101  0.000000
  -15.790  -15.790  -14.749  -14.749   -8.317   -8.317   -3.839   -3.839    0.088    0.088
    6.233    6.233    8.934    8.934    8.961    8.961
            0.468333  0.343523  0.000000
  -15.792  -15.792  -14.750  -14.750   -8.310   -8.310   -3.841   -3.841    0.088    0.088
    6.225    6.225    8.932    8.932    8.959    8.959
            0.468667  0.342946  0.000000
  -15.793  -15.793  -14.751  -14.751   -8.304   -8.304   -3.842   -3.842    0.089    0.089
    6.216    6.216    8.930    8.930    8.957    8.957
            0.469000  0.342369  0.000000
  -15.794  -15.794  -14.752  -14.752   -8.298   -8.298   -3.844   -3.844    0.089    0.089
    6.208    6.208    8.928    8.928    8.956    8.956
            0.469333  0.341791  0.000000
  -15.795  -15.795  -14.754  -14.754   -8.292   -8.292   -3.846   -3.846    0.090    0.090
    6.199    6.199    8.926    8.926    8.954    8.954
            0.469667  0.341214  0.000000
  -15.797  -15.797  -14.755  -14.755   -8.285   -8.285   -3.848   -3.848    0.090    0.090
    6.191    6.191    8.924    8.924    8.952    8.952
            0.470000  0.340637  0.000000
  -15.798  -15.798  -14.756  -14.756   -8.279   -8.279   -3.849   -3.849    0.091    0.091
    6.182    6.182    8.922    8.922    8.950    8.950
            0.470333  0.340059  0.000000
  -15.799  -15.799  -14.757  -14.757   -8.273   -8.273   -3.851   -3.851    0.091    0.091
    6.174    6.174    8.920    8.920    8.948    8.948
            0.470667  0.339482  0.000000
  -15.800  -15.800  -14.758  -14.758   -8.267   -8.267   -3.853   -3.853    0.092    0.092
    6.166    6.166    8.918    8.918    8.947    8.947
            0.471000  0.338905  0.000000
  -15.802  -15.802  -14.760  -14.760   -8.262   -8.262   -3.855   -3.855    0.092    0.092
    6.158    6.158    8.917    8.917    8.945    8.945
            0.471333  0.338327  0.000000
  -15.803  -15.803  -14.761  -14.761   -8.256   -8.256   -3.856   -3.856    0.093    0.093
    6.150    6.150    8.915    8.915    8.943    8.943
            0.471667  0.337750  0.000000
  -15.804  -15.804  -14.762  -14.762   -8.250   -8.250   -3.858   -3.858    0.093    0.093
    6.142    6.142    8.913    8.913    8.942    8.942
            0.472000  0.337173  0.000000
  -15.805  -15.805  -14.763  -14.763   -8.244   -8.244   -3.860   -3.859    0.094    0.094
    6.134    6.134    8.911    8.911    8.940    8.940
            0.472333  0.336595  0.000000
  -15.806  -15.806  -14.764  -14.764   -8.239   -8.239   -3.861   -3.861    0.094    0.094
    6.127    6.127    8.909    8.909    8.938    8.938
            0.472667  0.336018  0.000000
  -15.807  -15.807  -14.765  -14.765   -8.233   -8.233   -3.863   -3.863    0.094    0.094
    6.119    6.119    8.908    8.908    8.937    8.937
            0.473000  0.335441  0.000000
  -15.808  -15.808  -14.766  -14.766   -8.228   -8.228   -3.864   -3.864    0.095    0.095
    6.112    6.112    8.906    8.906    8.935    8.935
            0.473333  0.334863  0.000000
  -15.809  -15.809  -14.767  -14.767   -8.222   -8.222   -3.866   -3.866    0.095    0.095
    6.104    6.104    8.904    8.904    8.934    8.934
            0.473667  0.334286  0.000000
  -15.810  -15.810  -14.768  -14.768   -8.217   -8.217   -3.867   -3.867    0.096    0.096
    6.097    6.097    8.903    8.903    8.932    8.932
            0.474000  0.333708  0.000000
  -15.812  -15.812  -14.769  -14.769   -8.211   -8.211   -3.869   -3.869    0.096    0.096
    6.089    6.089    8.901    8.901    8.931    8.931
            0.474333  0.333131  0.000000
  -15.813  -15.813  -14.771  -14.771   -8.206   -8.206   -3.870   -3.870    0.096    0.096
    6.082    6.082    8.899    8.899    8.929    8.929
            0.474667  0.332554  0.000000
  -15.814  -15.814  -14.772  -14.772   -8.201   -8.201   -3.872   -3.872    0.097    0.097
    6.075    6.075    8.898    8.898    8.928    8.928
            0.475000  0.331976  0.000000
  -15.815  -15.815  -14.773  -14.773   -8.196   -8.196   -3.873   -3.873    0.097    0.097
    6.068    6.068    8.896    8.896    8.926    8.926
            0.475333  0.331399  0.000000
  -15.816  -15.816  -14.774  -14.774   -8.191   -8.191   -3.875   -3.875    0.097    0.098
    6.061    6.061    8.894    8.895    8.925    8.925
            0.475667  0.330822  0.000000
  -15.817  -15.817  -14.774  -14.774   -8.186   -8.186   -3.876   -3.876    0.098    0.098
    6.054    6.054    8.893    8.893    8.923    8.923
            0.476000  0.330244  0.000000
  -15.818  -15.818  -14.775  -14.775   -8.181   -8.181   -3.877   -3.877    0.098    0.098
    6.048    6.048    8.891    8.891    8.922    8.922
            0.476333  0.329667  0.000000
  -15.819  -15.819  -14.776  -14.776   -8.176   -8.176   -3.879   -3.879    0.099    0.099
    6.041    6.041    8.890    8.890    8.920    8.920
            0.476667  0.329090  0.000000
  -15.820  -15.820  -14.777  -14.777   -8.171   -8.171   -3.880   -3.880    0.099    0.099
    6.034    6.034    8.888    8.888    8.919    8.919
            0.477000  0.328512  0.000000
  -15.820  -15.820  -14.778  -14.778   -8.166   -8.166   -3.882   -3.881    0.099    0.099
    6.028    6.028    8.887    8.887    8.918    8.918
            0.477333  0.327935  0.000000
  -15.821  -15.821  -14.779  -14.779   -8.161   -8.161   -3.883   -3.883    0.100    0.100
    6.021    6.021    8.886    8.886    8.916    8.916
            0.477667  0.327358  0.000000
  -15.822  -15.822  -14.780  -14.780   -8.157   -8.157   -3.884   -3.884    0.100    0.100
    6.015    6.015    8.884    8.884    8.915    8.915
            0.478000  0.326780  0.000000
  -15.823  -15.823  -14.781  -14.781   -8.152   -8.152   -3.885   -3.885    0.100    0.100
    6.009    6.009    8.883    8.883    8.914    8.914
            0.478333  0.326203  0.000000
  -15.824  -15.824  -14.782  -14.782   -8.148   -8.148   -3.887   -3.887    0.101    0.101
    6.003    6.003    8.881    8.881    8.912    8.912
            0.478667  0.325626  0.000000
  -15.825  -15.825  -14.783  -14.783   -8.143   -8.143   -3.888   -3.888    0.101    0.101
    5.997    5.997    8.880    8.880    8.911    8.911
            0.479000  0.325048  0.000000
  -15.826  -15.826  -14.784  -14.784   -8.139   -8.139   -3.889   -3.889    0.101    0.101
    5.991    5.991    8.879    8.879    8.910    8.910
            0.479333  0.324471  0.000000
  -15.827  -15.827  -14.784  -14.784   -8.134   -8.134   -3.890   -3.890    0.101    0.101
    5.985    5.985    8.877    8.877    8.909    8.909
            0.479667  0.323894  0.000000
  -15.827  -15.827  -14.785  -14.785   -8.130   -8.130   -3.891   -3.891    0.102    0.102
    5.979    5.979    8.876    8.876    8.907    8.907
            0.480000  0.323316  0.000000
  -15.828  -15.828  -14.786  -14.786   -8.126   -8.126   -3.893   -3.893    0.102    0.102
    5.973    5.973    8.875    8.875    8.906    8.906
            0.480333  0.322739  0.000000
  -15.829  -15.829  -14.787  -14.787   -8.122   -8.122   -3.894   -3.894    0.102    0.102
    5.968    5.968    8.873    8.873    8.905    8.905
            0.480667  0.322161  0.000000
  -15.830  -15.830  -14.788  -14.788   -8.118   -8.118   -3.895   -3.895    0.103    0.103
    5.962    5.962    8.872    8.872    8.904    8.904
            0.481000  0.321584  0.000000
  -15.831  -15.831  -14.788  -14.788   -8.114   -8.114   -3.896   -3.896    0.103    0.103
    5.957    5.957    8.871    8.871    8.903    8.903
            0.481333  0.321007  0.000000
  -15.831  -15.831  -14.789  -14.789   -8.110   -8.110   -3.897   -3.897    0.103    0.103
    5.952    5.952    8.870    8.870    8.902    8.902
            0.481667  0.320429  0.000000
  -15.832  -15.832  -14.790  -14.790   -8.106   -8.106   -3.898   -3.898    0.103    0.103
    5.946    5.946    8.869    8.869    8.901    8.901
            0.482000  0.319852  0.000000
  -15.833  -15.833  -14.791  -14.791   -8.102   -8.102   -3.899   -3.899    0.104    0.104
    5.941    5.941    8.868    8.868    8.900    8.900
            0.482333  0.319275  0.000000
  -15.834  -15.834  -14.791  -14.791   -8.098   -8.098   -3.900   -3.900    0.104    0.104
    5.936    5.936    8.866    8.866    8.898    8.899
            0.482667  0.318697  0.000000
  -15.834  -15.834  -14.792  -14.792   -8.095   -8.095   -3.901   -3.901    0.104    0.104
    5.931    5.931    8.865    8.865    8.897    8.897
            0.483000  0.318120  0.000000
  -15.835  -15.835  -14.793  -14.793   -8.091   -8.091   -3.902   -3.902    0.104    0.104
    5.926    5.926    8.864    8.864    8.896    8.896
            0.483333  0.317543  0.000000
  -15.836  -15.836  -14.793  -14.793   -8.088   -8.088   -3.903   -3.903    0.105    0.105
    5.921    5.921    8.863    8.863    8.895    8.895
            0.483667  0.316965  0.000000
  -15.836  -15.836  -14.794  -14.794   -8.084   -8.084   -3.904   -3.904    0.105    0.105
    5.917    5.917    8.862    8.862    8.894    8.894
            0.484000  0.316388  0.000000
  -15.837  -15.837  -14.795  -14.795   -8.081   -8.081   -3.905   -3.905    0.105    0.105
    5.912    5.912    8.861    8.861    8.894    8.894
            0.484333  0.315811  0.000000
  -15.838  -15.838  -14.795  -14.795   -8.077   -8.077   -3.906   -3.906    0.105    0.105
    5.908    5.908    8.860    8.860    8.893    8.893
            0.484667  0.315233  0.000000
  -15.838  -15.838  -14.796  -14.796   -8.074   -8.074   -3.907   -3.907    0.106    0.106
    5.903    5.903    8.859    8.859    8.892    8.892
            0.485000  0.314656  0.000000
  -15.839  -15.839  -14.796  -14.796   -8.071   -8.071   -3.908   -3.908    0.106    0.106
    5.899    5.899    8.858    8.858    8.891    8.891
            0.485333  0.314079  0.000000
  -15.840  -15.840  -14.797  -14.797   -8.068   -8.068   -3.909   -3.909    0.106    0.106
    5.895    5.895    8.857    8.857    8.890    8.890
            0.485667  0.313501  0.000000
  -15.840  -15.840  -14.798  -14.798   -8.065   -8.065   -3.909   -3.909    0.106    0.106
    5.891    5.891    8.856    8.856    8.889    8.889
            0.486000  0.312924  0.000000
  -15.841  -15.841  -14.798  -14.798   -8.062   -8.062   -3.910   -3.910    0.106    0.106
    5.887    5.887    8.855    8.855    8.888    8.888
            0.486333  0.312346  0.000000
  -15.841  -15.841  -14.799  -14.799   -8.059   -8.059   -3.911   -3.911    0.107    0.107
    5.883    5.883    8.854    8.854    8.887    8.887
            0.486667  0.311769  0.000000
  -15.842  -15.842  -14.799  -14.799   -8.056   -8.056   -3.912   -3.912    0.107    0.107
    5.879    5.879    8.854    8.854    8.887    8.887
            0.487000  0.311192  0.000000
  -15.842  -15.842  -14.800  -14.800   -8.053   -8.053   -3.913   -3.913    0.107    0.107
    5.875    5.875    8.853    8.853    8.886    8.886
            0.487333  0.310614  0.000000
  -15.843  -15.843  -14.800  -14.800   -8.051   -8.051   -3.913   -3.913    0.107    0.107
    5.871    5.871    8.852    8.852    8.885    8.885
            0.487667  0.310037  0.000000
  -15.843  -15.843  -14.801  -14.801   -8.048   -8.048   -3.914   -3.914    0.107    0.107
    5.868    5.868    8.851    8.851    8.884    8.884
            0.488000  0.309460  0.000000
  -15.844  -15.844  -14.801  -14.801   -8.045   -8.045   -3.915   -3.915    0.107    0.107
    5.864    5.864    8.850    8.850    8.884    8.884
            0.488333  0.308882  0.000000
  -15.844  -15.844  -14.802  -14.802   -8.043   -8.043   -3.915   -3.915    0.108    0.108
    5.861    5.861    8.850    8.850    8.883    8.883
            0.488667  0.308305  0.000000
  -15.845  -15.845  -14.802  -14.802   -8.040   -8.040   -3.916   -3.916    0.108    0.108
    5.858    5.858    8.849    8.849    8.882    8.882
            0.489000  0.307728  0.000000
  -15.845  -15.845  -14.803  -14.803   -8.038   -8.038   -3.917   -3.917    0.108    0.108
    5.854    5.854    8.848    8.848    8.882    8.882
            0.489333  0.307150  0.000000
  -15.846  -15.846  -14.803  -14.803   -8.036   -8.036   -3.917   -3.917    0.108    0.108
    5.851    5.851    8.848    8.848    8.881    8.881
            0.489667  0.306573  0.000000
  -15.846  -15.846  -14.804  -14.804   -8.034   -8.034   -3.918   -3.918    0.108    0.108
    5.848    5.848    8.847    8.847    8.880    8.880
            0.490000  0.305996  0.000000
  -15.846  -15.846  -14.804  -14.804   -8.031   -8.031   -3.919   -3.919    0.108    0.108
    5.845    5.845    8.846    8.846    8.880    8.880
            0.490333  0.305418  0.000000
  -15.847  -15.847  -14.804  -14.804   -8.029   -8.029   -3.919   -3.919    0.108    0.108
    5.842    5.842    8.846    8.846    8.879    8.879
            0.490667  0.304841  0.000000
  -15.847  -15.847  -14.805  -14.805   -8.027   -8.027   -3.920   -3.920    0.109    0.109
    5.840    5.840    8.845    8.845    8.879    8.879
            0.491000  0.304264  0.000000
  -15.848  -15.848  -14.805  -14.805   -8.025   -8.025   -3.920   -3.920    0.109    0.109
    5.837    5.837    8.844    8.844    8.878    8.878
            0.491333  0.303686  0.000000
  -15.848  -15.848  -14.805  -14.805   -8.023   -8.023   -3.921   -3.921    0.109    0.109
    5.835    5.835    8.844    8.844    8.877    8.877
            0.491667  0.303109  0.000000
  -15.848  -15.848  -14.806  -14.806   -8.022   -8.022   -3.921   -3.921    0.109    0.109
    5.832    5.832    8.843    8.843    8.877    8.877
            0.492000  0.302532  0.000000
  -15.849  -15.849  -14.806  -14.806   -8.020   -8.020   -3.922   -3.922    0.109    0.109
    5.830    5.830    8.843    8.843    8.876    8.876
            0.492333  0.301954  0.000000
  -15.849  -15.849  -14.806  -14.806   -8.018   -8.018   -3.922   -3.922    0.109    0.109
    5.827    5.827    8.842    8.842    8.876    8.876
            0.492667  0.301377  0.000000
  -15.849  -15.849  -14.807  -14.807   -8.017   -8.017   -3.923   -3.923    0.109    0.109
    5.825    5.825    8.842    8.842    8.876    8.876
            0.493000  0.300799  0.000000
  -15.850  -15.850  -14.807  -14.807   -8.015   -8.015   -3.923   -3.923    0.109    0.109
    5.823    5.823    8.841    8.841    8.875    8.875
            0.493333  0.300222  0.000000
  -15.850  -15.850  -14.807  -14.807   -8.014   -8.014   -3.923   -3.923    0.109    0.109
    5.821    5.821    8.841    8.841    8.875    8.875
            0.493667  0.299645  0.000000
  -15.850  -15.850  -14.808  -14.808   -8.012   -8.012   -3.924   -3.924    0.110    0.110
    5.819    5.819    8.841    8.841    8.874    8.874
            0.494000  0.299067  0.000000
  -15.850  -15.850  -14.808  -14.808   -8.011   -8.011   -3.924   -3.924    0.110    0.110
    5.818    5.818    8.840    8.840    8.874    8.874
            0.494333  0.298490  0.000000
  -15.851  -15.851  -14.808  -14.808   -8.010   -8.010   -3.924   -3.924    0.110    0.110
    5.816    5.816    8.840    8.840    8.874    8.874
            0.494667  0.297913  0.000000
  -15.851  -15.851  -14.808  -14.808   -8.009   -8.009   -3.925   -3.925    0.110    0.110
    5.814    5.814    8.839    8.839    8.873    8.873
            0.495000  0.297335  0.000000
  -15.851  -15.851  -14.809  -14.809   -8.007   -8.007   -3.925   -3.925    0.110    0.110
    5.813    5.813    8.839    8.839    8.873    8.873
            0.495333  0.296758  0.000000
  -15.851  -15.851  -14.809  -14.809   -8.006   -8.006   -3.925   -3.925    0.110    0.110
    5.811    5.811    8.839    8.839    8.873    8.873
            0.495667  0.296181  0.000000
  -15.851  -15.851  -14.809  -14.809   -8.005   -8.005   -3.926   -3.926    0.110    0.110
    5.810    5.810    8.839    8.839    8.872    8.872
            0.496000  0.295603  0.000000
  -15.852  -15.852  -14.809  -14.809   -8.005   -8.005   -3.926   -3.926    0.110    0.110
    5.809    5.809    8.838    8.838    8.872    8.872
            0.496333  0.295026  0.000000
  -15.852  -15.852  -14.809  -14.809   -8.004   -8.004   -3.926   -3.926    0.110    0.110
    5.808    5.808    8.838    8.838    8.872    8.872
            0.496667  0.294449  0.000000
  -15.852  -15.852  -14.809  -14.809   -8.003   -8.003   -3.926   -3.926    0.110    0.110
    5.807    5.807    8.838    8.838    8.872    8.872
            0.497000  0.293871  0.000000
  -15.852  -15.852  -14.809  -14.809   -8.002   -8.002   -3.926   -3.926    0.110    0.110
    5.806    5.806    8.838    8.838    8.872    8.872
            0.497333  0.293294  0.000000
  -15.852  -15.852  -14.810  -14.810   -8.002   -8.002   -3.927   -3.927    0.110    0.110
    5.805    5.805    8.837    8.837    8.871    8.871
            0.497667  0.292717  0.000000
  -15.852  -15.852  -14.810  -14.810   -8.001   -8.001   -3.927   -3.927    0.110    0.110
    5.804    5.804    8.837    8.837    8.871    8.871
            0.498000  0.292139  0.000000
  -15.852  -15.852  -14.810  -14.810   -8.001   -8.001   -3.927   -3.927    0.110    0.110
    5.804    5.804    8.837    8.837    8.871    8.871
            0.498333  0.291562  0.000000
  -15.852  -15.852  -14.810  -14.810   -8.000   -8.000   -3.927   -3.927    0.110    0.110
    5.803    5.803    8.837    8.837    8.871    8.871
            0.498667  0.290985  0.000000
  -15.852  -15.852  -14.810  -14.810   -8.000   -8.000   -3.927   -3.927    0.110    0.110
    5.803    5.803    8.837    8.837    8.871    8.871
            0.499000  0.290407  0.000000
  -15.853  -15.853  -14.810  -14.810   -8.000   -8.000   -3.927   -3.927    0.110    0.110
    5.802    5.802    8.837    8.837    8.871    8.871
            0.499333  0.289830  0.000000
  -15.853  -15.853  -14.810  -14.810   -8.000   -8.000   -3.927   -3.927    0.110    0.110
    5.802    5.802    8.837    8.837    8.871    8.871
            0.499667  0.289252  0.000000
  -15.853  -15.853  -14.810  -14.810   -7.999   -7.999   -3.927   -3.927    0.110    0.110
    5.802    5.802    8.837    8.837    8.871    8.871
            0.500000  0.288675  0.000000
  -15.853  -15.853  -14.810  -14.810   -7.999   -7.999   -3.927   -3.927    0.110    0.110
    5.802    5.802    8.837    8.837    8.871    8.871
            0.499000  0.288098  0.000000
  -15.853  -15.853  -14.810  -14.810   -7.999   -7.999   -3.927   -3.927    0.111    0.111
    5.802    5.802    8.817    8.818    8.890    8.890
            0.498000  0.287520  0.000000
  -15.854  -15.854  -14.808  -14.808   -7.999   -7.999   -3.928   -3.928    0.111    0.111
    5.802    5.802    8.787    8.787    8.920    8.920
            0.497000  0.286943  0.000000
  -15.857  -15.857  -14.806  -14.806   -7.999   -7.999   -3.929   -3.929    0.112    0.112
    5.802    5.802    8.756    8.756    8.952    8.952
            0.496000  0.286366  0.000000
  -15.860  -15.860  -14.802  -14.802   -7.999   -7.999   -3.930   -3.930    0.113    0.113
    5.802    5.802    8.724    8.725    8.984    8.984
            0.495000  0.285788  0.000000
  -15.864  -15.864  -14.798  -14.798   -7.999   -7.999   -3.931   -3.931    0.115    0.115
    5.802    5.802    8.693    8.693    9.016    9.016
            0.494000  0.285211  0.000000
  -15.868  -15.868  -14.793  -14.793   -7.999   -7.999   -3.933   -3.933    0.117    0.117
    5.802    5.802    8.661    8.661    9.048    9.048
            0.493000  0.284634  0.000000
  -15.874  -15.874  -14.787  -14.787   -7.998   -7.998   -3.935   -3.935    0.120    0.120
    5.803    5.803    8.629    8.630    9.080    9.081
            0.492000  0.284056  0.000000
  -15.880  -15.880  -14.780  -14.780   -7.998   -7.998   -3.937   -3.937    0.123    0.123
    5.803    5.803    8.598    8.598    9.113    9.113
            0.491000  0.283479  0.000000
  -15.888  -15.888  -14.772  -14.772   -7.998   -7.998   -3.940   -3.940    0.126    0.126
    5.803    5.803    8.566    8.566    9.145    9.145
            0.490000  0.282902  0.000000
  -15.895  -15.895  -14.764  -14.764   -7.997   -7.997   -3.943   -3.943    0.130    0.130
    5.803    5.803    8.534    8.535    9.177    9.177
            0.489000  0.282324  0.000000
  -15.904  -15.904  -14.754  -14.754   -7.997   -7.997   -3.946   -3.946    0.134    0.134
    5.804    5.804    8.503    8.503    9.209    9.210
            0.488000  0.281747  0.000000
  -15.913  -15.913  -14.744  -14.744   -7.996   -7.996   -3.950   -3.950    0.138    0.138
    5.804    5.804    8.471    8.472    9.241    9.242
            0.487000  0.281170  0.000000
  -15.923  -15.923  -14.734  -14.734   -7.995   -7.995   -3.953   -3.953    0.143    0.143
    5.804    5.804    8.440    8.440    9.272    9.273
            0.486000  0.280592  0.000000
  -15.934  -15.933  -14.722  -14.722   -7.995   -7.995   -3.958   -3.958    0.148    0.148
    5.804    5.804    8.409    8.409    9.301    9.301
            0.485000  0.280015  0.000000
  -15.944  -15.944  -14.710  -14.710   -7.994   -7.994   -3.962   -3.962    0.153    0.154
    5.805    5.805    8.377    8.378    9.313    9.313
            0.484000  0.279438  0.000000
  -15.956  -15.956  -14.698  -14.698   -7.993   -7.993   -3.967   -3.967    0.159    0.159
    5.805    5.805    8.346    8.346    9.296    9.296
            0.483000  0.278860  0.000000
  -15.968  -15.968  -14.684  -14.684   -7.993   -7.993   -3.972   -3.972    0.166    0.166
    5.806    5.806    8.315    8.315    9.269    9.269
            0.482000  0.278283  0.000000
  -15.981  -15.980  -14.671  -14.671   -7.992   -7.992   -3.977   -3.977    0.172    0.172
    5.806    5.806    8.284    8.284    9.240    9.240
            0.481000  0.277705  0.000000
  -15.993  -15.993  -14.656  -14.656   -7.991   -7.991   -3.983   -3.983    0.179    0.179
    5.806    5.806    8.253    8.253    9.210    9.211
            0.480000  0.277128  0.000000
  -16.007  -16.007  -14.642  -14.642   -7.990   -7.990   -3.989   -3.989    0.187    0.187
    5.807    5.807    8.222    8.222    9.181    9.181
            0.479000  0.276551  0.000000
  -16.020  -16.020  -14.627  -14.627   -7.989   -7.989   -3.995   -3.995    0.194    0.194
    5.807    5.807    8.191    8.191    9.151    9.151
            0.478000  0.275973  0.000000
  -16.034  -16.034  -14.611  -14.611   -7.988   -7.988   -4.001   -4.001    0.202    0.202
    5.808    5.808    8.160    8.160    9.121    9.121
            0.477000  0.275396  0.000000
  -16.049  -16.049  -14.595  -14.595   -7.987   -7.987   -4.008   -4.008    0.211    0.211
    5.808    5.808    8.129    8.129    9.091    9.091
            0.476000  0.274819  0.000000
  -16.064  -16.064  -14.579  -14.579   -7.986   -7.986   -4.015   -4.015    0.219    0.219
    5.809    5.809    8.098    8.098    9.061    9.061
            0.475000  0.274241  0.000000
  -16.078  -16.078  -14.562  -14.562   -7.985   -7.985   -4.022   -4.022    0.228    0.228
    5.810    5.810    8.067    8.068    9.031    9.032
            0.474000  0.273664  0.000000
  -16.094  -16.094  -14.545  -14.545   -7.984   -7.984   -4.030   -4.030    0.238    0.238
    5.810    5.810    8.037    8.037    9.002    9.002
            0.473000  0.273087  0.000000
  -16.109  -16.109  -14.528  -14.528   -7.982   -7.982   -4.037   -4.037    0.247    0.248
    5.811    5.811    8.006    8.006    8.972    8.972
            0.472000  0.272509  0.000000
  -16.125  -16.125  -14.510  -14.510   -7.981   -7.981   -4.046   -4.046    0.258    0.258
    5.811    5.811    7.976    7.976    8.942    8.942
            0.471000  0.271932  0.000000
  -16.141  -16.141  -14.492  -14.492   -7.980   -7.980   -4.054   -4.054    0.268    0.268
    5.812    5.812    7.945    7.945    8.913    8.913
            0.470000  0.271355  0.000000
  -16.157  -16.157  -14.474  -14.474   -7.978   -7.978   -4.062   -4.062    0.279    0.279
    5.813    5.813    7.915    7.915    8.883    8.883
            0.469000  0.270777  0.000000
  -16.173  -16.173  -14.456  -14.456   -7.977   -7.977   -4.071   -4.071    0.290    0.290
    5.814    5.814    7.884    7.884    8.853    8.854
            0.468000  0.270200  0.000000
  -16.190  -16.190  -14.437  -14.437   -7.975   -7.975   -4.080   -4.080    0.301    0.301
    5.814    5.814    7.854    7.854    8.824    8.824
            0.467000  0.269623  0.000000
  -16.206  -16.206  -14.418  -14.418   -7.974   -7.974   -4.089   -4.089    0.313    0.313
    5.815    5.815    7.824    7.824    8.794    8.795
            0.466000  0.269045  0.000000
  -16.223  -16.223  -14.399  -14.399   -7.972   -7.972   -4.099   -4.099    0.324    0.324
    5.816    5.816    7.793    7.794    8.765    8.765
            0.465000  0.268468  0.000000
  -16.240  -16.240  -14.379  -14.379   -7.971   -7.971   -4.108   -4.108    0.337    0.337
    5.817    5.817    7.763    7.763    8.736    8.736
            0.464000  0.267891  0.000000
  -16.257  -16.257  -14.360  -14.360   -7.969   -7.969   -4.118   -4.118    0.349    0.349
    5.817    5.817    7.733    7.733    8.706    8.707
            0.463000  0.267313  0.000000
  -16.274  -16.274  -14.340  -14.340   -7.967   -7.967   -4.129   -4.128    0.362    0.362
    5.818    5.818    7.703    7.703    8.677    8.677
            0.462000  0.266736  0.000000
  -16.291  -16.291  -14.320  -14.320   -7.965   -7.965   -4.139   -4.139    0.375    0.375
    5.819    5.819    7.673    7.673    8.648    8.648
            0.461000  0.266158  0.000000
  -16.309  -16.309  -14.300  -14.300   -7.964   -7.964   -4.149   -4.149    0.388    0.389
    5.820    5.820    7.643    7.643    8.619    8.619
            0.460000  0.265581  0.000000
  -16.326  -16.326  -14.280  -14.280   -7.962   -7.962   -4.160   -4.160    0.402    0.402
    5.821    5.821    7.614    7.614    8.590    8.590
            0.459000  0.265004  0.000000
  -16.344  -16.344  -14.260  -14.260   -7.960   -7.960   -4.171   -4.171    0.416    0.416
    5.822    5.822    7.584    7.584    8.561    8.561
            0.458000  0.264426  0.000000
  -16.361  -16.361  -14.239  -14.239   -7.958   -7.958   -4.182   -4.182    0.430    0.430
    5.823    5.823    7.554    7.554    8.532    8.532
            0.457000  0.263849  0.000000
  -16.379  -16.379  -14.218  -14.218   -7.956   -7.956   -4.194   -4.194    0.445    0.445
    5.824    5.824    7.524    7.525    8.503    8.503
            0.456000  0.263272  0.000000
  -16.397  -16.397  -14.198  -14.198   -7.954   -7.954   -4.205   -4.205    0.459    0.460
    5.825    5.825    7.495    7.495    8.474    8.474
            0.455000  0.262694  0.000000
  -16.415  -16.415  -14.177  -14.177   -7.952   -7.952   -4.217   -4.217    0.474    0.474
    5.826    5.826    7.465    7.465    8.445    8.445
            0.454000  0.262117  0.000000
  -16.433  -16.433  -14.156  -14.156   -7.950   -7.950   -4.229   -4.229    0.490    0.490
    5.827    5.827    7.436    7.436    8.417    8.417
            0.453000  0.261540  0.000000
  -16.451  -16.451  -14.134  -14.134   -7.948   -7.948   -4.241   -4.241    0.505    0.505
    5.828    5.828    7.406    7.407    8.388    8.388
            0.452000  0.260962  0.000000
  -16.469  -16.469  -14.113  -14.113   -7.945   -7.945   -4.253   -4.253    0.521    0.521
    5.829    5.829    7.377    7.377    8.359    8.359
            0.451000  0.260385  0.000000
  -16.487  -16.487  -14.092  -14.092   -7.943   -7.943   -4.266   -4.266    0.537    0.537
    5.830    5.830    7.348    7.348    8.331    8.331
            0.450000  0.259808  0.000000
  -16.505  -16.505  -14.070  -14.070   -7.941   -7.941   -4.278   -4.278    0.553    0.553
    5.832    5.832    7.319    7.319    8.302    8.302
            0.449000  0.259230  0.000000
  -16.523  -16.523  -14.049  -14.049   -7.938   -7.938   -4.291   -4.291    0.570    0.570
    5.833    5.833    7.289    7.290    8.274    8.274
            0.448000  0.258653  0.000000
  -16.541  -16.541  -14.027  -14.027   -7.936   -7.936   -4.304   -4.304    0.586    0.586
    5.834    5.834    7.260    7.261    8.245    8.246
            0.447000  0.258076  0.000000
  -16.559  -16.559  -14.005  -14.005   -7.934   -7.934   -4.317   -4.317    0.603    0.603
    5.835    5.835    7.231    7.232    8.217    8.217
            0.446000  0.257498  0.000000
  -16.577  -16.577  -13.983  -13.983   -7.931   -7.931   -4.330   -4.330    0.620    0.620
    5.836    5.836    7.202    7.203    8.189    8.189
            0.445000  0.256921  0.000000
  -16.595  -16.595  -13.961  -13.961   -7.928   -7.928   -4.344   -4.344    0.638    0.638
    5.838    5.838    7.174    7.174    8.161    8.161
            0.444000  0.256344  0.000000
  -16.614  -16.613  -13.939  -13.939   -7.926   -7.926   -4.357   -4.357    0.655    0.655
    5.839    5.839    7.145    7.145    8.132    8.133
            0.443000  0.255766  0.000000
  -16.632  -16.632  -13.917  -13.917   -7.923   -7.923   -4.371   -4.371    0.673    0.673
    5.840    5.840    7.116    7.116    8.104    8.105
            0.442000  0.255189  0.000000
  -16.650  -16.650  -13.895  -13.895   -7.921   -7.921   -4.385   -4.385    0.691    0.691
    5.842    5.842    7.087    7.087    8.076    8.076
            0.441000  0.254611  0.000000
  -16.668  -16.668  -13.872  -13.872   -7.918   -7.918   -4.398   -4.398    0.709    0.709
    5.843    5.843    7.059    7.059    8.048    8.049
            0.440000  0.254034  0.000000
  -16.686  -16.686  -13.850  -13.850   -7.915   -7.915   -4.413   -4.413    0.727    0.727
    5.844    5.844    7.030    7.030    8.020    8.021
            0.439000  0.253457  0.000000
  -16.705  -16.705  -13.827  -13.827   -7.912   -7.912   -4.427   -4.427    0.746    0.746
    5.846    5.846    7.002    7.002    7.993    7.993
            0.438000  0.252879  0.000000
  -16.723  -16.723  -13.805  -13.805   -7.909   -7.909   -4.441   -4.441    0.765    0.765
    5.847    5.847    6.973    6.973    7.965    7.965
            0.437000  0.252302  0.000000
  -16.741  -16.741  -13.782  -13.782   -7.906   -7.906   -4.455   -4.455    0.784    0.784
    5.848    5.848    6.945    6.945    7.937    7.937
            0.436000  0.251725  0.000000
  -16.760  -16.760  -13.759  -13.759   -7.903   -7.903   -4.470   -4.470    0.803    0.803
    5.850    5.850    6.916    6.917    7.909    7.910
            0.435000  0.251147  0.000000
  -16.778  -16.778  -13.737  -13.737   -7.900   -7.900   -4.485   -4.485    0.822    0.822
    5.851    5.851    6.888    6.888    7.882    7.882
            0.434000  0.250570  0.000000
  -16.796  -16.796  -13.714  -13.714   -7.897   -7.897   -4.499   -4.499    0.842    0.842
    5.853    5.853    6.860    6.860    7.854    7.854
            0.433000  0.249993  0.000000
  -16.814  -16.814  -13.691  -13.691   -7.894   -7.894   -4.514   -4.514    0.861    0.861
    5.854    5.854    6.832    6.832    7.827    7.827
            0.432000  0.249415  0.000000
  -16.833  -16.833  -13.668  -13.668   -7.891   -7.891   -4.529   -4.529    0.881    0.881
    5.856    5.856    6.804    6.804    7.799    7.800
            0.431000  0.248838  0.000000
  -16.851  -16.851  -13.645  -13.645   -7.888   -7.888   -4.544   -4.544    0.901    0.901
    5.857    5.857    6.776    6.776    7.772    7.772
            0.430000  0.248261  0.000000
  -16.869  -16.869  -13.622  -13.622   -7.885   -7.885   -4.559   -4.559    0.921    0.921
    5.859    5.859    6.748    6.748    7.745    7.745
            0.429000  0.247683  0.000000
  -16.887  -16.887  -13.599  -13.599   -7.881   -7.881   -4.575   -4.575    0.942    0.942
    5.860    5.860    6.720    6.720    7.717    7.718
            0.428000  0.247106  0.000000
  -16.906  -16.906  -13.575  -13.575   -7.878   -7.878   -4.590   -4.590    0.962    0.962
    5.862    5.862    6.692    6.692    7.690    7.690
            0.427000  0.246529  0.000000
  -16.924  -16.924  -13.552  -13.552   -7.875   -7.875   -4.605   -4.605    0.983    0.983
    5.864    5.864    6.665    6.665    7.663    7.663
            0.426000  0.245951  0.000000
  -16.942  -16.942  -13.529  -13.529   -7.871   -7.871   -4.621   -4.621    1.004    1.004
    5.865    5.865    6.637    6.637    7.636    7.636
            0.425000  0.245374  0.000000
  -16.960  -16.960  -13.505  -13.505   -7.868   -7.868   -4.637   -4.637    1.025    1.025
    5.867    5.867    6.609    6.609    7.609    7.609
            0.424000  0.244797  0.000000
  -16.978  -16.978  -13.482  -13.482   -7.864   -7.864   -4.652   -4.652    1.046    1.046
    5.868    5.868    6.582    6.582    7.582    7.582
            0.423000  0.244219  0.000000
  -16.997  -16.997  -13.459  -13.459   -7.861   -7.861   -4.668   -4.668    1.067    1.067
    5.870    5.870    6.554    6.554    7.555    7.555
            0.422000  0.243642  0.000000
  -17.015  -17.015  -13.435  -13.435   -7.857   -7.857   -4.684   -4.684    1.089    1.089
    5.872    5.872    6.527    6.527    7.528    7.529
            0.421000  0.243064  0.000000
  -17.033  -17.033  -13.411  -13.411   -7.853   -7.853   -4.700   -4.700    1.110    1.110
    5.873    5.873    6.500    6.500    7.502    7.502
            0.420000  0.242487  0.000000
  -17.051  -17.051  -13.388  -13.388   -7.850   -7.850   -4.716   -4.716    1.132    1.132
    5.875    5.875    6.473    6.473    7.475    7.475
            0.419000  0.241910  0.000000
  -17.069  -17.069  -13.364  -13.364   -7.846   -7.846   -4.732   -4.732    1.154    1.154
    5.877    5.877    6.445    6.446    7.448    7.449
            0.418000  0.241332  0.000000
  -17.087  -17.087  -13.340  -13.340   -7.842   -7.842   -4.748   -4.748    1.176    1.176
    5.878    5.878    6.418    6.418    7.422    7.422
            0.417000  0.240755  0.000000
  -17.105  -17.105  -13.317  -13.317   -7.838   -7.838   -4.764   -4.764    1.198    1.198
    5.880    5.880    6.391    6.391    7.395    7.396
            0.416000  0.240178  0.000000
  -17.123  -17.123  -13.293  -13.293   -7.835   -7.835   -4.780   -4.780    1.220    1.220
    5.882    5.882    6.365    6.365    7.369    7.369
            0.415000  0.239600  0.000000
  -17.141  -17.141  -13.269  -13.269   -7.831   -7.831   -4.797   -4.797    1.242    1.242
    5.883    5.883    6.338    6.338    7.343    7.343
            0.414000  0.239023  0.000000
  -17.159  -17.159  -13.245  -13.245   -7.827   -7.827   -4.813   -4.813    1.265    1.265
    5.885    5.885    6.311    6.311    7.316    7.317
            0.413000  0.238446  0.000000
  -17.177  -17.177  -13.221  -13.221   -7.823   -7.823   -4.830   -4.830    1.287    1.287
    5.887    5.887    6.284    6.284    7.290    7.290
            0.412000  0.237868  0.000000
  -17.195  -17.195  -13.197  -13.197   -7.819   -7.819   -4.846   -4.846    1.310    1.310
    5.888    5.888    6.258    6.258    7.264    7.264
            0.411000  0.237291  0.000000
  -17.213  -17.213  -13.173  -13.173   -7.815   -7.815   -4.863   -4.863    1.333    1.333
    5.890    5.890    6.232    6.232    7.238    7.238
            0.410000  0.236714  0.000000
  -17.231  -17.231  -13.149  -13.149   -7.810   -7.810   -4.879   -4.879    1.356    1.356
    5.891    5.891    6.205    6.205    7.212    7.212
            0.409000  0.236136  0.000000
  -17.249  -17.249  -13.125  -13.125   -7.806   -7.806   -4.896   -4.896    1.379    1.379
    5.893    5.893    6.179    6.179    7.186    7.186
            0.408000  0.235559  0.000000
  -17.267  -17.267  -13.101  -13.101   -7.802   -7.802   -4.912   -4.912    1.402    1.402
    5.894    5.894    6.153    6.153    7.160    7.160
            0.407000  0.234982  0.000000
  -17.285  -17.285  -13.076  -13.076   -7.798   -7.798   -4.929   -4.929    1.425    1.425
    5.895    5.895    6.128    6.128    7.134    7.134
            0.406000  0.234404  0.000000
  -17.302  -17.302  -13.052  -13.052   -7.793   -7.793   -4.946   -4.946    1.449    1.449
    5.896    5.896    6.102    6.102    7.108    7.109
            0.405000  0.233827  0.000000
  -17.320  -17.320  -13.028  -13.028   -7.789   -7.789   -4.963   -4.963    1.472    1.472
    5.897    5.897    6.077    6.078    7.083    7.083
            0.404000  0.233250  0.000000
  -17.338  -17.338  -13.004  -13.004   -7.785   -7.785   -4.979   -4.979    1.496    1.496
    5.897    5.897    6.053    6.053    7.057    7.057
            0.403000  0.232672  0.000000
  -17.356  -17.356  -12.979  -12.979   -7.780   -7.780   -4.996   -4.996    1.520    1.520
    5.896    5.896    6.029    6.030    7.032    7.032
            0.402000  0.232095  0.000000
  -17.373  -17.373  -12.955  -12.955   -7.776   -7.776   -5.013   -5.013    1.543    1.543
    5.894    5.894    6.007    6.007    7.006    7.006
            0.401000  0.231517  0.000000
  -17.391  -17.391  -12.930  -12.930   -7.771   -7.771   -5.030   -5.030    1.567    1.567
    5.890    5.890    5.987    5.987    6.981    6.981
            0.400000  0.230940  0.000000
  -17.408  -17.408  -12.906  -12.906   -7.767   -7.767   -5.047   -5.047    1.591    1.591
    5.883    5.883    5.970    5.970    6.955    6.956
            0.399000  0.230363  0.000000
  -17.426  -17.426  -12.881  -12.881   -7.762   -7.762   -5.064   -5.064    1.615    1.615
    5.872    5.872    5.957    5.958    6.930    6.930
            0.398000  0.229785  0.000000
  -17.444  -17.444  -12.857  -12.857   -7.757   -7.757   -5.081   -5.081    1.639    1.640
    5.856    5.857    5.949    5.949    6.905    6.905
            0.397000  0.229208  0.000000
  -17.461  -17.461  -12.832  -12.832   -7.752   -7.752   -5.098   -5.098    1.664    1.664
    5.837    5.837    5.945    5.945    6.880    6.880
            0.396000  0.228631  0.000000
  -17.479  -17.479  -12.808  -12.808   -7.748   -7.748   -5.115   -5.115    1.688    1.688
    5.816    5.816    5.942    5.942    6.855    6.855
            0.395000  0.228053  0.000000
  -17.496  -17.496  -12.783  -12.783   -7.743   -7.743   -5.132   -5.132    1.713    1.713
    5.793    5.793    5.941    5.941    6.830    6.830
            0.394000  0.227476  0.000000
  -17.514  -17.514  -12.758  -12.758   -7.738   -7.738   -5.150   -5.149    1.737    1.737
    5.769    5.770    5.941    5.941    6.805    6.805
            0.393000  0.226899  0.000000
  -17.531  -17.531  -12.734  -12.734   -7.733   -7.733   -5.167   -5.167    1.762    1.762
    5.745    5.746    5.942    5.942    6.780    6.780
            0.392000  0.226321  0.000000
  -17.548  -17.548  -12.709  -12.709   -7.728   -7.728   -5.184   -5.184    1.786    1.786
    5.721    5.721    5.943    5.943    6.756    6.756
            0.391000  0.225744  0.000000
  -17.566  -17.566  -12.684  -12.684   -7.723   -7.723   -5.201   -5.201    1.811    1.811
    5.697    5.697    5.944    5.944    6.731    6.731
            0.390000  0.225167  0.000000
  -17.583  -17.583  -12.659  -12.659   -7.718   -7.718   -5.218   -5.218    1.836    1.836
    5.672    5.672    5.945    5.945    6.707    6.707
            0.389000  0.224589  0.000000
  -17.600  -17.600  -12.634  -12.634   -7.713   -7.713   -5.235   -5.235    1.861    1.861
    5.647    5.647    5.947    5.947    6.682    6.682
            0.388000  0.224012  0.000000
  -17.618  -17.618  -12.610  -12.609   -7.708   -7.708   -5.253   -5.253    1.886    1.886
    5.622    5.622    5.948    5.948    6.658    6.658
            0.387000  0.223435  0.000000
  -17.635  -17.635  -12.585  -12.585   -7.703   -7.703   -5.270   -5.270    1.911    1.911
    5.598    5.598    5.950    5.950    6.634    6.634
            0.386000  0.222857  0.000000
  -17.652  -17.652  -12.560  -12.560   -7.698   -7.698   -5.287   -5.287    1.936    1.936
    5.573    5.573    5.952    5.952    6.609    6.609
            0.385000  0.222280  0.000000
  -17.669  -17.669  -12.535  -12.535   -7.692   -7.692   -5.304   -5.304    1.961    1.961
    5.548    5.548    5.953    5.953    6.585    6.585
            0.384000  0.221703  0.000000
  -17.686  -17.686  -12.510  -12.510   -7.687   -7.687   -5.322   -5.322    1.987    1.987
    5.523    5.523    5.955    5.955    6.561    6.562
            0.383000  0.221125  0.000000
  -17.703  -17.703  -12.485  -12.485   -7.682   -7.682   -5.339   -5.339    2.012    2.012
    5.498    5.499    5.957    5.957    6.538    6.538
            0.382000  0.220548  0.000000
  -17.720  -17.720  -12.460  -12.460   -7.676   -7.676   -5.356   -5.356    2.037    2.038
    5.474    5.474    5.958    5.958    6.514    6.514
            0.381000  0.219970  0.000000
  -17.737  -17.737  -12.435  -12.434   -7.671   -7.671   -5.374   -5.373    2.063    2.063
    5.449    5.449    5.960    5.960    6.491    6.491
            0.380000  0.219393  0.000000
  -17.754  -17.754  -12.409  -12.409   -7.666   -7.666   -5.391   -5.391    2.089    2.089
    5.424    5.425    5.961    5.961    6.467    6.467
            0.379000  0.218816  0.000000
  -17.771  -17.771  -12.384  -12.384   -7.660   -7.660   -5.408   -5.408    2.114    2.114
    5.400    5.400    5.963    5.963    6.444    6.444
            0.378000  0.218238  0.000000
  -17.788  -17.788  -12.359  -12.359   -7.654   -7.654   -5.425   -5.425    2.140    2.140
    5.375    5.376    5.964    5.964    6.421    6.421
            0.377000  0.217661  0.000000
  -17.805  -17.805  -12.334  -12.334   -7.649   -7.649   -5.443   -5.443    2.166    2.166
    5.351    5.351    5.966    5.966    6.398    6.398
            0.376000  0.217084  0.000000
  -17.822  -17.822  -12.309  -12.309   -7.643   -7.643   -5.460   -5.460    2.191    2.192
    5.327    5.327    5.967    5.967    6.376    6.376
            0.375000  0.216506  0.000000
  -17.839  -17.839  -12.283  -12.283   -7.638   -7.638   -5.477   -5.477    2.217    2.217
    5.302    5.302    5.968    5.968    6.353    6.353
            0.374000  0.215929  0.000000
  -17.855  -17.855  -12.258  -12.258   -7.632   -7.632   -5.495   -5.495    2.243    2.243
    5.278    5.278    5.968    5.968    6.331    6.331
            0.373000  0.215352  0.000000
  -17.872  -17.872  -12.233  -12.233   -7.626   -7.626   -5.512   -5.512    2.269    2.269
    5.254    5.254    5.969    5.969    6.310    6.310
            0.372000  0.214774  0.000000
  -17.889  -17.889  -12.207  -12.207   -7.620   -7.620   -5.529   -5.529    2.295    2.295
    5.229    5.230    5.969    5.969    6.288    6.288
            0.371000  0.214197  0.000000
  -17.905  -17.905  -12.182  -12.182   -7.615   -7.615   -5.547   -5.547    2.321    2.321
    5.205    5.205    5.969    5.969    6.267    6.267
            0.370000  0.213620  0.000000
  -17.922  -17.922  -12.157  -12.157   -7.609   -7.609   -5.564   -5.564    2.348    2.348
    5.181    5.181    5.968    5.968    6.247    6.247
            0.369000  0.213042  0.000000
  -17.939  -17.939  -12.131  -12.131   -7.603   -7.603   -5.581   -5.581    2.374    2.374
    5.157    5.157    5.967    5.967    6.227    6.228
            0.368000  0.212465  0.000000
  -17.955  -17.955  -12.106  -12.106   -7.597   -7.597   -5.599   -5.599    2.400    2.400
    5.133    5.134    5.965    5.965    6.209    6.209
            0.367000  0.211888  0.000000
  -17.972  -17.972  -12.080  -12.080   -7.591   -7.591   -5.616   -5.616    2.426    2.426
    5.110    5.110    5.962    5.963    6.191    6.191
            0.366000  0.211310  0.000000
  -17.988  -17.988  -12.055  -12.055   -7.585   -7.585   -5.633   -5.633    2.453    2.453
    5.086    5.086    5.958    5.959    6.174    6.174
            0.365000  0.210733  0.000000
  -18.005  -18.005  -12.029  -12.029   -7.579   -7.579   -5.650   -5.650    2.479    2.479
    5.062    5.062    5.953    5.954    6.159    6.159
            0.364000  0.210155  0.000000
  -18.021  -18.021  -12.004  -12.004   -7.572   -7.572   -5.668   -5.668    2.505    2.505
    5.038    5.038    5.947    5.947    6.145    6.145
            0.363000  0.209578  0.000000
  -18.037  -18.037  -11.978  -11.978   -7.566   -7.566   -5.685   -5.685    2.532    2.532
    5.015    5.015    5.938    5.939    6.133    6.133
            0.362000  0.209001  0.000000
  -18.054  -18.054  -11.953  -11.953   -7.560   -7.560   -5.702   -5.702    2.558    2.558
    4.991    4.991    5.929    5.929    6.122    6.122
            0.361000  0.208423  0.000000
  -18.070  -18.070  -11.927  -11.927   -7.554   -7.554   -5.719   -5.719    2.585    2.585
    4.968    4.968    5.917    5.917    6.113    6.114
            0.360000  0.207846  0.000000
  -18.086  -18.086  -11.901  -11.901   -7.547   -7.547   -5.737   -5.737    2.612    2.612
    4.944    4.944    5.904    5.904    6.107    6.107
            0.359000  0.207269  0.000000
  -18.102  -18.102  -11.876  -11.876   -7.541   -7.541   -5.754   -5.754    2.638    2.638
    4.921    4.921    5.889    5.889    6.101    6.102
            0.358000  0.206691  0.000000
  -18.119  -18.119  -11.850  -11.850   -7.535   -7.535   -5.771   -5.771    2.665    2.665
    4.898    4.898    5.873    5.873    6.097    6.097
            0.357000  0.206114  0.000000
  -18.135  -18.135  -11.824  -11.824   -7.528   -7.528   -5.788   -5.788    2.692    2.692
    4.874    4.874    5.856    5.856    6.094    6.095
            0.356000  0.205537  0.000000
  -18.151  -18.151  -11.799  -11.799   -7.522   -7.522   -5.805   -5.805    2.718    2.718
    4.851    4.851    5.838    5.838    6.092    6.093
            0.355000  0.204959  0.000000
  -18.167  -18.167  -11.773  -11.773   -7.515   -7.515   -5.822   -5.822    2.745    2.745
    4.828    4.828    5.820    5.820    6.091    6.091
            0.354000  0.204382  0.000000
  -18.183  -18.183  -11.747  -11.747   -7.509   -7.509   -5.840   -5.840    2.772    2.772
    4.805    4.805    5.800    5.801    6.091    6.091
            0.353000  0.203805  0.000000
  -18.199  -18.199  -11.722  -11.721   -7.502   -7.502   -5.857   -5.857    2.799    2.799
    4.782    4.782    5.781    5.781    6.091    6.091
            0.352000  0.203227  0.000000
  -18.215  -18.215  -11.696  -11.696   -7.496   -7.496   -5.874   -5.874    2.826    2.826
    4.759    4.759    5.761    5.761    6.091    6.091
            0.351000  0.202650  0.000000
  -18.231  -18.231  -11.670  -11.670   -7.489   -7.489   -5.891   -5.891    2.853    2.853
    4.736    4.736    5.741    5.741    6.092    6.092
            0.350000  0.202073  0.000000
  -18.247  -18.247  -11.644  -11.644   -7.482   -7.482   -5.908   -5.908    2.880    2.880
    4.713    4.714    5.720    5.720    6.093    6.093
            0.349000  0.201495  0.000000
  -18.262  -18.262  -11.618  -11.618   -7.475   -7.475   -5.925   -5.925    2.907    2.907
    4.691    4.691    5.699    5.700    6.094    6.094
            0.348000  0.200918  0.000000
  -18.278  -18.278  -11.592  -11.592   -7.469   -7.469   -5.942   -5.942    2.934    2.934
    4.668    4.668    5.679    5.679    6.095    6.096
            0.347000  0.200341  0.000000
  -18.294  -18.294  -11.566  -11.566   -7.462   -7.462   -5.959   -5.959    2.961    2.961
    4.646    4.646    5.658    5.658    6.097    6.097
            0.346000  0.199763  0.000000
  -18.310  -18.310  -11.541  -11.540   -7.455   -7.455   -5.976   -5.976    2.988    2.988
    4.623    4.623    5.637    5.637    6.099    6.099
            0.345000  0.199186  0.000000
  -18.325  -18.325  -11.515  -11.515   -7.448   -7.448   -5.993   -5.993    3.015    3.015
    4.601    4.601    5.616    5.616    6.101    6.101
            0.344000  0.198608  0.000000
  -18.341  -18.341  -11.489  -11.489   -7.441   -7.441   -6.010   -6.010    3.042    3.042
    4.578    4.578    5.595    5.595    6.103    6.103
            0.343000  0.198031  0.000000
  -18.356  -18.356  -11.463  -11.463   -7.434   -7.434   -6.027   -6.027    3.069    3.069
    4.556    4.556    5.574    5.574    6.105    6.105
            0.342000  0.197454  0.000000
  -18.372  -18.372  -11.437  -11.437   -7.427   -7.427   -6.044   -6.044    3.096    3.096
    4.534    4.534    5.553    5.553    6.107    6.107
            0.341000  0.196876  0.000000
  -18.387  -18.387  -11.411  -11.411   -7.420   -7.420   -6.061   -6.061    3.123    3.123
    4.512    4.512    5.531    5.532    6.109    6.110
            0.340000  0.196299  0.000000
  -18.403  -18.403  -11.385  -11.385   -7.413   -7.413   -6.078   -6.077    3.150    3.150
    4.490    4.490    5.510    5.511    6.111    6.112
            0.339000  0.195722  0.000000
  -18.418  -18.418  -11.359  -11.359   -7.406   -7.406   -6.094   -6.094    3.177    3.177
    4.468    4.468    5.489    5.489    6.114    6.114
            0.338000  0.195144  0.000000
  -18.434  -18.434  -11.333  -11.333   -7.399   -7.399   -6.111   -6.111    3.205    3.205
    4.446    4.446    5.468    5.468    6.116    6.116
            0.337000  0.194567  0.000000
  -18.449  -18.449  -11.306  -11.306   -7.391   -7.391   -6.128   -6.128    3.232    3.232
    4.424    4.424    5.447    5.447    6.118    6.119
            0.336000  0.193990  0.000000
  -18.464  -18.464  -11.280  -11.280   -7.384   -7.384   -6.145   -6.145    3.259    3.259
    4.402    4.402    5.426    5.426    6.120    6.121
            0.335000  0.193412  0.000000
  -18.480  -18.480  -11.254  -11.254   -7.377   -7.377   -6.161   -6.161    3.286    3.286
    4.381    4.381    5.405    5.405    6.123    6.123
            0.334000  0.192835  0.000000
  -18.495  -18.495  -11.228  -11.228   -7.370   -7.370   -6.178   -6.178    3.313    3.313
    4.359    4.359    5.384    5.384    6.125    6.125
            0.333000  0.192258  0.000000
  -18.510  -18.510  -11.202  -11.202   -7.362   -7.362   -6.195   -6.195    3.340    3.340
    4.338    4.338    5.363    5.363    6.127    6.128
            0.332000  0.191680  0.000000
  -18.525  -18.525  -11.176  -11.176   -7.355   -7.355   -6.211   -6.211    3.367    3.367
    4.316    4.316    5.342    5.342    6.129    6.130
            0.331000  0.191103  0.000000
  -18.540  -18.540  -11.150  -11.150   -7.347   -7.347   -6.228   -6.228    3.395    3.395
    4.295    4.295    5.321    5.322    6.131    6.132
            0.330000  0.190526  0.000000
  -18.555  -18.555  -11.124  -11.123   -7.340   -7.340   -6.245   -6.245    3.422    3.422
    4.274    4.274    5.301    5.301    6.133    6.134
            0.329000  0.189948  0.000000
  -18.570  -18.570  -11.097  -11.097   -7.332   -7.332   -6.261   -6.261    3.449    3.449
    4.253    4.253    5.280    5.280    6.135    6.136
            0.328000  0.189371  0.000000
  -18.585  -18.585  -11.071  -11.071   -7.325   -7.325   -6.278   -6.278    3.476    3.476
    4.232    4.232    5.259    5.259    6.137    6.138
            0.327000  0.188794  0.000000
  -18.600  -18.600  -11.045  -11.045   -7.317   -7.317   -6.294   -6.294    3.503    3.503
    4.211    4.211    5.238    5.239    6.139    6.139
            0.326000  0.188216  0.000000
  -18.615  -18.615  -11.019  -11.019   -7.309   -7.309   -6.311   -6.311    3.529    3.529
    4.190    4.190    5.218    5.218    6.140    6.140
            0.325000  0.187639  0.000000
  -18.630  -18.630  -10.992  -10.992   -7.302   -7.302   -6.327   -6.327    3.556    3.556
    4.170    4.170    5.197    5.197    6.141    6.142
            0.324000  0.187061  0.000000
  -18.645  -18.645  -10.966  -10.966   -7.294   -7.294   -6.344   -6.344    3.583    3.583
    4.150    4.150    5.177    5.177    6.142    6.143
            0.323000  0.186484  0.000000
  -18.660  -18.660  -10.940  -10.940   -7.286   -7.286   -6.360   -6.360    3.609    3.609
    4.130    4.130    5.156    5.156    6.142    6.143
            0.322000  0.185907  0.000000
  -18.674  -18.674  -10.914  -10.914   -7.279   -7.279   -6.376   -6.376    3.636    3.636
    4.110    4.110    5.136    5.136    6.142    6.143
            0.321000  0.185329  0.000000
  -18.689  -18.689  -10.887  -10.887   -7.271   -7.271   -6.393   -6.393    3.662    3.662
    4.090    4.090    5.116    5.116    6.142    6.143
            0.320000  0.184752  0.000000
  -18.704  -18.704  -10.861  -10.861   -7.263   -7.263   -6.409   -6.409    3.687    3.687
    4.071    4.071    5.095    5.096    6.141    6.142
            0.319000  0.184175  0.000000
  -18.718  -18.718  -10.835  -10.835   -7.255   -7.255   -6.425   -6.425    3.712    3.712
    4.053    4.053    5.075    5.075    6.139    6.140
            0.318000  0.183597  0.000000
  -18.733  -18.733  -10.808  -10.808   -7.247   -7.247   -6.441   -6.441    3.737    3.737
    4.035    4.035    5.055    5.055    6.136    6.137
            0.317000  0.183020  0.000000
  -18.747  -18.747  -10.782  -10.782   -7.239   -7.239   -6.458   -6.458    3.760    3.760
    4.019    4.019    5.035    5.035    6.132    6.133
            0.316000  0.182443  0.000000
  -18.762  -18.762  -10.756  -10.756   -7.231   -7.231   -6.474   -6.474    3.781    3.781
    4.004    4.004    5.015    5.015    6.127    6.128
            0.315000  0.181865  0.000000
  -18.776  -18.776  -10.729  -10.729   -7.223   -7.223   -6.490   -6.490    3.800    3.800
    3.992    3.992    4.995    4.995    6.121    6.122
            0.314000  0.181288  0.000000
  -18.791  -18.791  -10.703  -10.703   -7.215   -7.215   -6.506   -6.506    3.815    3.815
    3.985    3.985    4.975    4.975    6.113    6.114
            0.313000  0.180711  0.000000
  -18.805  -18.805  -10.676  -10.676   -7.207   -7.207   -6.522   -6.522    3.824    3.824
    3.983    3.983    4.955    4.956    6.104    6.105
            0.312000  0.180133  0.000000
  -18.819  -18.819  -10.650  -10.650   -7.199   -7.199   -6.538   -6.538    3.825    3.825
    3.988    3.988    4.936    4.936    6.094    6.095
            0.311000  0.179556  0.000000
  -18.833  -18.833  -10.624  -10.624   -7.191   -7.191   -6.554   -6.554    3.821    3.821
    4.000    4.000    4.916    4.916    6.083    6.084
            0.310000  0.178979  0.000000
  -18.848  -18.848  -10.597  -10.597   -7.182   -7.182   -6.570   -6.570    3.811    3.811
    4.017    4.017    4.896    4.897    6.070    6.071
            0.309000  0.178401  0.000000
  -18.862  -18.862  -10.571  -10.571   -7.174   -7.174   -6.586   -6.586    3.798    3.798
    4.037    4.037    4.877    4.877    6.056    6.057
            0.308000  0.177824  0.000000
  -18.876  -18.876  -10.544  -10.544   -7.166   -7.166   -6.602   -6.602    3.783    3.783
    4.059    4.059    4.858    4.858    6.042    6.043
            0.307000  0.177247  0.000000
  -18.890  -18.890  -10.518  -10.518   -7.157   -7.157   -6.618   -6.618    3.766    3.767
    4.083    4.083    4.838    4.839    6.027    6.028
            0.306000  0.176669  0.000000
  -18.904  -18.904  -10.492  -10.492   -7.149   -7.149   -6.634   -6.634    3.749    3.749
    4.107    4.107    4.819    4.820    6.012    6.012
            0.305000  0.176092  0.000000
  -18.918  -18.918  -10.465  -10.465   -7.141   -7.141   -6.649   -6.649    3.731    3.732
    4.132    4.132    4.800    4.800    5.996    5.996
            0.304000  0.175514  0.000000
  -18.932  -18.932  -10.439  -10.439   -7.132   -7.132   -6.665   -6.665    3.713    3.713
    4.157    4.157    4.781    4.782    5.979    5.980
            0.303000  0.174937  0.000000
  -18.946  -18.946  -10.412  -10.412   -7.124   -7.124   -6.681   -6.681    3.695    3.695
    4.183    4.183    4.763    4.763    5.963    5.964
            0.302000  0.174360  0.000000
  -18.960  -18.960  -10.386  -10.386   -7.115   -7.115   -6.696   -6.696    3.676    3.676
    4.208    4.209    4.744    4.744    5.946    5.947
            0.301000  0.173782  0.000000
  -18.974  -18.974  -10.359  -10.359   -7.107   -7.107   -6.712   -6.712    3.658    3.658
    4.234    4.234    4.726    4.726    5.929    5.930
            0.300000  0.173205  0.000000
  -18.988  -18.988  -10.333  -10.333   -7.098   -7.098   -6.728   -6.728    3.639    3.639
    4.260    4.260    4.708    4.708    5.912    5.913
            0.299000  0.172628  0.000000
  -19.001  -19.001  -10.306  -10.306   -7.090   -7.090   -6.743   -6.743    3.620    3.620
    4.285    4.285    4.690    4.690    5.895    5.895
            0.298000  0.172050  0.000000
  -19.015  -19.015  -10.280  -10.280   -7.081   -7.081   -6.759   -6.759    3.601    3.601
    4.310    4.310    4.673    4.673    5.877    5.878
            0.297000  0.171473  0.000000
  -19.029  -19.029  -10.253  -10.253   -7.072   -7.072   -6.774   -6.774    3.582    3.582
    4.335    4.335    4.656    4.656    5.860    5.861
            0.296000  0.170896  0.000000
  -19.042  -19.042  -10.227  -10.227   -7.064   -7.064   -6.790   -6.790    3.563    3.563
    4.359    4.359    4.640    4.640    5.843    5.843
            0.295000  0.170318  0.000000
  -19.056  -19.056  -10.200  -10.200   -7.055   -7.055   -6.805   -6.805    3.544    3.544
    4.382    4.382    4.625    4.625    5.825    5.826
            0.294000  0.169741  0.000000
  -19.069  -19.069  -10.174  -10.174   -7.046   -7.046   -6.820   -6.820    3.525    3.526
    4.404    4.404    4.611    4.611    5.808    5.809
            0.293000  0.169164  0.000000
  -19.083  -19.083  -10.147  -10.147   -7.037   -7.037   -6.836   -6.836    3.507    3.507
    4.423    4.423    4.600    4.601    5.791    5.791
            0.292000  0.168586  0.000000
  -19.096  -19.096  -10.121  -10.121   -7.029   -7.029   -6.851   -6.851    3.488    3.488
    4.438    4.438    4.594    4.594    5.773    5.774
            0.291000  0.168009  0.000000
  -19.110  -19.110  -10.094  -10.094   -7.020   -7.020   -6.866   -6.866    3.469    3.469
    4.447    4.447    4.593    4.593    5.756    5.756
            0.290000  0.167432  0.000000
  -19.123  -19.123  -10.068  -10.068   -7.011   -7.011   -6.882   -6.881    3.450    3.450
    4.450    4.450    4.599    4.599    5.739    5.739
            0.289000  0.166854  0.000000
  -19.137  -19.137  -10.041  -10.041   -7.002   -7.002   -6.897   -6.897    3.432    3.432
    4.445    4.445    4.611    4.611    5.721    5.722
            0.288000  0.166277  0.000000
  -19.150  -19.150  -10.015  -10.015   -6.993   -6.993   -6.912   -6.912    3.413    3.413
    4.437    4.437    4.629    4.629    5.704    5.705
            0.287000  0.165700  0.000000
  -19.163  -19.163   -9.988   -9.988   -6.984   -6.984   -6.927   -6.927    3.394    3.394
    4.425    4.425    4.649    4.649    5.687    5.688
            0.286000  0.165122  0.000000
  -19.176  -19.176   -9.962   -9.962   -6.975   -6.975   -6.942   -6.942    3.376    3.376
    4.411    4.411    4.671    4.671    5.670    5.671
            0.285000  0.164545  0.000000
  -19.189  -19.189   -9.935   -9.935   -6.966   -6.966   -6.957   -6.957    3.357    3.357
    4.396    4.396    4.695    4.695    5.654    5.654
            0.284000  0.163967  0.000000
  -19.203  -19.202   -9.909   -9.909   -6.972   -6.972   -6.957   -6.957    3.339    3.339
    4.380    4.380    4.719    4.719    5.637    5.637
            0.283000  0.163390  0.000000
  -19.216  -19.216   -9.882   -9.882   -6.987   -6.987   -6.948   -6.948    3.321    3.321
    4.364    4.364    4.743    4.743    5.620    5.621
            0.282000  0.162813  0.000000
  -19.229  -19.229   -9.855   -9.855   -7.002   -7.002   -6.939   -6.939    3.302    3.302
    4.347    4.347    4.768    4.768    5.604    5.604
            0.281000  0.162235  0.000000
  -19.242  -19.242   -9.829   -9.829   -7.017   -7.017   -6.929   -6.929    3.284    3.284
    4.330    4.330    4.793    4.793    5.588    5.588
            0.280000  0.161658  0.000000
  -19.255  -19.255   -9.802   -9.802   -7.031   -7.031   -6.920   -6.920    3.266    3.266
    4.313    4.313    4.818    4.818    5.572    5.572
            0.279000  0.161081  0.000000
  -19.267  -19.267   -9.776   -9.776   -7.046   -7.046   -6.911   -6.911    3.248    3.248
    4.296    4.296    4.843    4.844    5.556    5.556
            0.278000  0.160503  0.000000
  -19.280  -19.280   -9.749   -9.749   -7.061   -7.061   -6.902   -6.902    3.229    3.230
    4.279    4.279    4.868    4.868    5.540    5.541
            0.277000  0.159926  0.000000
  -19.293  -19.293   -9.723   -9.723   -7.076   -7.075   -6.893   -6.893    3.211    3.211
    4.262    4.262    4.893    4.893    5.525    5.525
            0.276000  0.159349  0.000000
  -19.306  -19.306   -9.696   -9.696   -7.090   -7.090   -6.883   -6.883    3.193    3.193
    4.245    4.245    4.918    4.918    5.510    5.510
            0.275000  0.158771  0.000000
  -19.319  -19.319   -9.670   -9.670   -7.105   -7.105   -6.874   -6.874    3.176    3.176
    4.228    4.228    4.942    4.942    5.495    5.496
            0.274000  0.158194  0.000000
  -19.331  -19.331   -9.643   -9.643   -7.119   -7.119   -6.865   -6.865    3.158    3.158
    4.210    4.210    4.966    4.966    5.481    5.482
            0.273000  0.157617  0.000000
  -19.344  -19.344   -9.617   -9.617   -7.134   -7.134   -6.855   -6.855    3.140    3.140
    4.193    4.193    4.989    4.989    5.468    5.468
            0.272000  0.157039  0.000000
  -19.356  -19.356   -9.590   -9.590   -7.148   -7.148   -6.846   -6.846    3.122    3.122
    4.176    4.176    5.012    5.012    5.455    5.456
            0.271000  0.156462  0.000000
  -19.369  -19.369   -9.564   -9.564   -7.163   -7.163   -6.836   -6.836    3.104    3.104
    4.159    4.159    5.034    5.034    5.443    5.444
            0.270000  0.155885  0.000000
  -19.381  -19.381   -9.537   -9.537   -7.177   -7.177   -6.827   -6.827    3.087    3.087
    4.142    4.142    5.054    5.054    5.433    5.433
            0.269000  0.155307  0.000000
  -19.394  -19.394   -9.511   -9.511   -7.191   -7.191   -6.817   -6.817    3.069    3.069
    4.125    4.125    5.074    5.074    5.424    5.424
            0.268000  0.154730  0.000000
  -19.406  -19.406   -9.484   -9.484   -7.206   -7.206   -6.808   -6.808    3.052    3.052
    4.108    4.108    5.091    5.091    5.416    5.417
            0.267000  0.154153  0.000000
  -19.419  -19.419   -9.458   -9.458   -7.220   -7.220   -6.798   -6.798    3.034    3.034
    4.091    4.091    5.107    5.107    5.411    5.412
            0.266000  0.153575  0.000000
  -19.431  -19.431   -9.431   -9.431   -7.234   -7.234   -6.789   -6.789    3.017    3.017
    4.074    4.074    5.119    5.119    5.409    5.409
            0.265000  0.152998  0.000000
  -19.443  -19.443   -9.405   -9.405   -7.248   -7.248   -6.779   -6.779    3.000    3.000
    4.057    4.057    5.129    5.129    5.409    5.410
            0.264000  0.152420  0.000000
  -19.456  -19.456   -9.378   -9.378   -7.262   -7.262   -6.769   -6.769    2.982    2.982
    4.040    4.040    5.136    5.136    5.413    5.414
            0.263000  0.151843  0.000000
  -19.468  -19.468   -9.352   -9.352   -7.276   -7.276   -6.760   -6.760    2.965    2.965
    4.023    4.023    5.139    5.139    5.421    5.421
            0.262000  0.151266  0.000000
  -19.480  -19.480   -9.326   -9.325   -7.290   -7.290   -6.750   -6.750    2.948    2.948
    4.007    4.007    5.138    5.138    5.432    5.432
            0.261000  0.150688  0.000000
  -19.492  -19.492   -9.299   -9.299   -7.304   -7.304   -6.740   -6.740    2.931    2.931
    3.990    3.990    5.135    5.135    5.445    5.445
            0.260000  0.150111  0.000000
  -19.504  -19.504   -9.273   -9.273   -7.318   -7.318   -6.731   -6.731    2.914    2.914
    3.973    3.973    5.130    5.130    5.461    5.461
            0.259000  0.149534  0.000000
  -19.516  -19.516   -9.246   -9.246   -7.332   -7.332   -6.721   -6.721    2.897    2.897
    3.957    3.957    5.122    5.122    5.479    5.479
            0.258000  0.148956  0.000000
  -19.528  -19.528   -9.220   -9.220   -7.346   -7.346   -6.711   -6.711    2.880    2.880
    3.940    3.940    5.113    5.113    5.499    5.499
            0.257000  0.148379  0.000000
  -19.540  -19.540   -9.193   -9.193   -7.360   -7.360   -6.701   -6.701    2.863    2.864
    3.924    3.924    5.103    5.103    5.520    5.520
            0.256000  0.147802  0.000000
  -19.552  -19.552   -9.167   -9.167   -7.373   -7.373   -6.691   -6.691    2.847    2.847
    3.907    3.907    5.091    5.092    5.542    5.542
            0.255000  0.147224  0.000000
  -19.564  -19.564   -9.141   -9.141   -7.387   -7.387   -6.681   -6.681    2.830    2.830
    3.891    3.891    5.079    5.080    5.564    5.564
            0.254000  0.146647  0.000000
  -19.575  -19.575   -9.114   -9.114   -7.401   -7.401   -6.672   -6.672    2.813    2.814
    3.875    3.875    5.067    5.067    5.588    5.588
            0.253000  0.146070  0.000000
  -19.587  -19.587   -9.088   -9.088   -7.414   -7.414   -6.662   -6.662    2.797    2.797
    3.859    3.859    5.054    5.054    5.611    5.611
            0.252000  0.145492  0.000000
  -19.599  -19.599   -9.062   -9.062   -7.428   -7.428   -6.652   -6.652    2.780    2.780
    3.842    3.842    5.040    5.041    5.635    5.635
            0.251000  0.144915  0.000000
  -19.611  -19.611   -9.035   -9.035   -7.442   -7.441   -6.642   -6.642    2.764    2.764
    3.826    3.826    5.027    5.027    5.660    5.660
            0.250000  0.144338  0.000000
  -19.622  -19.622   -9.009   -9.009   -7.455   -7.455   -6.632   -6.632    2.748    2.748
    3.810    3.810    5.013    5.013    5.684    5.684
            0.249000  0.143760  0.000000
  -19.634  -19.634   -8.983   -8.983   -7.468   -7.468   -6.622   -6.622    2.731    2.731
    3.794    3.794    4.999    4.999    5.709    5.709
            0.248000  0.143183  0.000000
  -19.645  -19.645   -8.956   -8.956   -7.482   -7.482   -6.612   -6.612    2.715    2.715
    3.778    3.778    4.985    4.985    5.734    5.734
            0.247000  0.142606  0.000000
  -19.657  -19.657   -8.930   -8.930   -7.495   -7.495   -6.602   -6.602    2.699    2.699
    3.762    3.763    4.970    4.971    5.759    5.759
            0.246000  0.142028  0.000000
  -19.668  -19.668   -8.904   -8.904   -7.508   -7.508   -6.592   -6.592    2.683    2.683
    3.747    3.747    4.956    4.956    5.784    5.784
            0.245000  0.141451  0.000000
  -19.680  -19.680   -8.877   -8.877   -7.522   -7.522   -6.582   -6.582    2.667    2.667
    3.731    3.731    4.941    4.942    5.809    5.809
            0.244000  0.140873  0.000000
  -19.691  -19.691   -8.851   -8.851   -7.535   -7.535   -6.571   -6.571    2.651    2.651
    3.715    3.715    4.927    4.927    5.834    5.834
            0.243000  0.140296  0.000000
  -19.702  -19.702   -8.825   -8.825   -7.548   -7.548   -6.561   -6.561    2.635    2.635
    3.700    3.700    4.912    4.913    5.859    5.859
            0.242000  0.139719  0.000000
  -19.714  -19.714   -8.799   -8.799   -7.561   -7.561   -6.551   -6.551    2.619    2.619
    3.684    3.684    4.898    4.898    5.884    5.884
            0.241000  0.139141  0.000000
  -19.725  -19.725   -8.773   -8.773   -7.574   -7.574   -6.541   -6.541    2.603    2.603
    3.669    3.669    4.883    4.884    5.909    5.909
            0.240000  0.138564  0.000000
  -19.736  -19.736   -8.746   -8.746   -7.587   -7.587   -6.531   -6.531    2.588    2.588
    3.653    3.653    4.869    4.869    5.933    5.933
            0.239000  0.137987  0.000000
  -19.747  -19.747   -8.720   -8.720   -7.600   -7.600   -6.521   -6.521    2.572    2.572
    3.638    3.638    4.854    4.855    5.958    5.958
            0.238000  0.137409  0.000000
  -19.758  -19.758   -8.694   -8.694   -7.613   -7.613   -6.510   -6.510    2.556    2.556
    3.623    3.623    4.840    4.840    5.983    5.983
            0.237000  0.136832  0.000000
  -19.769  -19.769   -8.668   -8.668   -7.626   -7.626   -6.500   -6.500    2.541    2.541
    3.607    3.607    4.825    4.825    6.007    6.007
            0.236000  0.136255  0.000000
  -19.780  -19.780   -8.642   -8.642   -7.639   -7.639   -6.490   -6.490    2.525    2.525
    3.592    3.592    4.811    4.811    6.031    6.031
            0.235000  0.135677  0.000000
  -19.791  -19.791   -8.616   -8.616   -7.651   -7.651   -6.480   -6.480    2.510    2.510
    3.577    3.577    4.796    4.796    6.055    6.055
            0.234000  0.135100  0.000000
  -19.802  -19.802   -8.590   -8.590   -7.664   -7.664   -6.469   -6.469    2.495    2.495
    3.562    3.562    4.782    4.782    6.078    6.078
            0.233000  0.134523  0.000000
  -19.813  -19.813   -8.564   -8.564   -7.677   -7.677   -6.459   -6.459    2.479    2.480
    3.547    3.547    4.767    4.768    6.101    6.101
            0.232000  0.133945  0.000000
  -19.824  -19.824   -8.538   -8.538   -7.689   -7.689   -6.449   -6.449    2.464    2.464
    3.532    3.532    4.753    4.753    6.123    6.124
            0.231000  0.133368  0.000000
  -19.834  -19.834   -8.512   -8.512   -7.702   -7.702   -6.438   -6.438    2.449    2.449
    3.517    3.517    4.739    4.739    6.145    6.145
            0.230000  0.132791  0.000000
  -19.845  -19.845   -8.486   -8.486   -7.714   -7.714   -6.428   -6.428    2.434    2.434
    3.502    3.502    4.724    4.724    6.166    6.166
            0.229000  0.132213  0.000000
  -19.856  -19.856   -8.460   -8.460   -7.727   -7.727   -6.417   -6.417    2.419    2.419
    3.488    3.488    4.710    4.710    6.185    6.185
            0.228000  0.131636  0.000000
  -19.866  -19.866   -8.434   -8.434   -7.739   -7.739   -6.407   -6.407    2.404    2.404
    3.473    3.473    4.696    4.696    6.203    6.203
            0.227000  0.131059  0.000000
  -19.877  -19.877   -8.408   -8.408   -7.752   -7.752   -6.397   -6.397    2.389    2.389
    3.458    3.458    4.682    4.682    6.219    6.219
            0.226000  0.130481  0.000000
  -19.888  -19.888   -8.382   -8.382   -7.764   -7.764   -6.386   -6.386    2.374    2.375
    3.444    3.444    4.667    4.668    6.233    6.233
            0.225000  0.129904  0.000000
  -19.898  -19.898   -8.356   -8.356   -7.776   -7.776   -6.376   -6.376    2.360    2.360
    3.429    3.429    4.653    4.654    6.243    6.243
            0.224000  0.129326  0.000000
  -19.909  -19.909   -8.330   -8.330   -7.788   -7.788   -6.365   -6.365    2.345    2.345
    3.415    3.415    4.639    4.640    6.251    6.251
            0.223000  0.128749  0.000000
  -19.919  -19.919   -8.305   -8.305   -7.801   -7.801   -6.355   -6.355    2.330    2.330
    3.400    3.401    4.625    4.626    6.255    6.255
            0.222000  0.128172  0.000000
  -19.929  -19.929   -8.279   -8.279   -7.813   -7.813   -6.344   -6.344    2.316    2.316
    3.386    3.386    4.611    4.612    6.256    6.256
            0.221000  0.127594  0.000000
  -19.940  -19.940   -8.253   -8.253   -7.825   -7.825   -6.334   -6.334    2.301    2.301
    3.372    3.372    4.597    4.598    6.255    6.255
            0.220000  0.127017  0.000000
  -19.950  -19.950   -8.227   -8.227   -7.837   -7.837   -6.323   -6.323    2.287    2.287
    3.358    3.358    4.584    4.584    6.251    6.251
            0.219000  0.126440  0.000000
  -19.960  -19.960   -8.202   -8.202   -7.849   -7.849   -6.313   -6.313    2.273    2.273
    3.344    3.344    4.570    4.570    6.245    6.245
            0.218000  0.125862  0.000000
  -19.970  -19.970   -8.176   -8.176   -7.861   -7.861   -6.302   -6.302    2.258    2.258
    3.330    3.330    4.556    4.556    6.238    6.238
            0.217000  0.125285  0.000000
  -19.980  -19.980   -8.150   -8.150   -7.873   -7.872   -6.292   -6.292    2.244    2.244
    3.316    3.316    4.542    4.543    6.230    6.230
            0.216000  0.124708  0.000000
  -19.991  -19.991   -8.125   -8.125   -7.884   -7.884   -6.281   -6.281    2.230    2.230
    3.302    3.302    4.529    4.529    6.220    6.221
            0.215000  0.124130  0.000000
  -20.001  -20.001   -8.099   -8.099   -7.896   -7.896   -6.270   -6.270    2.216    2.216
    3.288    3.288    4.515    4.515    6.211    6.211
            0.214000  0.123553  0.000000
  -20.011  -20.011   -8.074   -8.074   -7.908   -7.908   -6.260   -6.260    2.202    2.202
    3.274    3.274    4.502    4.502    6.200    6.201
            0.213000  0.122976  0.000000
  -20.021  -20.021   -8.048   -8.048   -7.919   -7.919   -6.249   -6.249    2.188    2.188
    3.260    3.260    4.488    4.488    6.190    6.190
            0.212000  0.122398  0.000000
  -20.030  -20.030   -8.023   -8.023   -7.931   -7.931   -6.239   -6.239    2.174    2.174
    3.247    3.247    4.475    4.475    6.178    6.179
            0.211000  0.121821  0.000000
  -20.040  -20.040   -7.998   -7.997   -7.943   -7.942   -6.228   -6.228    2.160    2.160
    3.233    3.233    4.461    4.462    6.167    6.167
            0.210000  0.121244  0.000000
  -20.050  -20.050   -7.973   -7.972   -7.954   -7.954   -6.217   -6.217    2.146    2.146
    3.219    3.220    4.448    4.448    6.156    6.156
            0.209000  0.120666  0.000000
  -20.060  -20.060   -7.966   -7.966   -7.946   -7.946   -6.207   -6.207    2.133    2.133
    3.206    3.206    4.435    4.435    6.144    6.144
            0.208000  0.120089  0.000000
  -20.070  -20.070   -7.977   -7.977   -7.921   -7.921   -6.196   -6.196    2.119    2.119
    3.193    3.193    4.422    4.422    6.132    6.132
            0.207000  0.119512  0.000000
  -20.079  -20.079   -7.989   -7.988   -7.896   -7.896   -6.185   -6.185    2.106    2.106
    3.179    3.179    4.409    4.409    6.120    6.120
            0.206000  0.118934  0.000000
  -20.089  -20.089   -8.000   -8.000   -7.870   -7.870   -6.175   -6.175    2.092    2.092
    3.166    3.166    4.396    4.396    6.108    6.109
            0.205000  0.118357  0.000000
  -20.099  -20.099   -8.011   -8.011   -7.845   -7.845   -6.164   -6.164    2.079    2.079
    3.153    3.153    4.383    4.383    6.096    6.096
            0.204000  0.117779  0.000000
  -20.108  -20.108   -8.022   -8.022   -7.820   -7.820   -6.153   -6.153    2.065    2.065
    3.140    3.140    4.370    4.370    6.084    6.084
            0.203000  0.117202  0.000000
  -20.118  -20.118   -8.034   -8.033   -7.795   -7.795   -6.143   -6.143    2.052    2.052
    3.126    3.127    4.357    4.357    6.072    6.072
            0.202000  0.116625  0.000000
  -20.127  -20.127   -8.045   -8.045   -7.770   -7.770   -6.132   -6.132    2.039    2.039
    3.113    3.114    4.344    4.344    6.060    6.060
            0.201000  0.116047  0.000000
  -20.136  -20.136   -8.056   -8.056   -7.745   -7.745   -6.121   -6.121    2.025    2.025
    3.100    3.101    4.331    4.331    6.048    6.048
            0.200000  0.115470  0.000000
  -20.146  -20.146   -8.067   -8.067   -7.720   -7.720   -6.110   -6.110    2.012    2.012
    3.088    3.088    4.318    4.319    6.036    6.036
            0.199000  0.114893  0.000000
  -20.155  -20.155   -8.078   -8.078   -7.695   -7.695   -6.100   -6.100    1.999    1.999
    3.075    3.075    4.306    4.306    6.024    6.024
            0.198000  0.114315  0.000000
  -20.164  -20.164   -8.089   -8.088   -7.670   -7.670   -6.089   -6.089    1.986    1.986
    3.062    3.062    4.293    4.293    6.012    6.012
            0.197000  0.113738  0.000000
  -20.174  -20.174   -8.099   -8.099   -7.645   -7.645   -6.078   -6.078    1.973    1.973
    3.049    3.049    4.281    4.281    6.000    6.000
            0.196000  0.113161  0.000000
  -20.183  -20.183   -8.110   -8.110   -7.620   -7.620   -6.068   -6.068    1.961    1.961
    3.037    3.037    4.268    4.268    5.988    5.988
            0.195000  0.112583  0.000000
  -20.192  -20.192   -8.121   -8.121   -7.595   -7.595   -6.057   -6.057    1.948    1.948
    3.024    3.024    4.256    4.256    5.976    5.976
            0.194000  0.112006  0.000000
  -20.201  -20.201   -8.132   -8.132   -7.570   -7.570   -6.046   -6.046    1.935    1.935
    3.011    3.012    4.243    4.244    5.964    5.964
            0.193000  0.111429  0.000000
  -20.210  -20.210   -8.142   -8.142   -7.545   -7.545   -6.035   -6.035    1.922    1.922
    2.999    2.999    4.231    4.231    5.952    5.952
            0.192000  0.110851  0.000000
  -20.219  -20.219   -8.153   -8.153   -7.521   -7.521   -6.025   -6.025    1.910    1.910
    2.987    2.987    4.219    4.219    5.940    5.940
            0.191000  0.110274  0.000000
  -20.228  -20.228   -8.163   -8.163   -7.496   -7.496   -6.014   -6.014    1.897    1.897
    2.974    2.974    4.207    4.207    5.928    5.928
            0.190000  0.109697  0.000000
  -20.237  -20.237   -8.174   -8.174   -7.471   -7.471   -6.003   -6.003    1.885    1.885
    2.962    2.962    4.195    4.195    5.916    5.916
            0.189000  0.109119  0.000000
  -20.246  -20.246   -8.184   -8.184   -7.447   -7.447   -5.992   -5.992    1.872    1.872
    2.950    2.950    4.183    4.183    5.904    5.905
            0.188000  0.108542  0.000000
  -20.255  -20.255   -8.195   -8.195   -7.422   -7.422   -5.982   -5.982    1.860    1.860
    2.938    2.938    4.171    4.171    5.893    5.893
            0.187000  0.107965  0.000000
  -20.263  -20.263   -8.205   -8.205   -7.398   -7.398   -5.971   -5.971    1.848    1.848
    2.926    2.926    4.159    4.159    5.881    5.881
            0.186000  0.107387  0.000000
  -20.272  -20.272   -8.215   -8.215   -7.373   -7.373   -5.960   -5.960    1.836    1.836
    2.914    2.914    4.147    4.147    5.869    5.870
            0.185000  0.106810  0.000000
  -20.281  -20.281   -8.226   -8.226   -7.349   -7.349   -5.949   -5.949    1.823    1.823
    2.902    2.902    4.135    4.135    5.858    5.858
            0.184000  0.106232  0.000000
  -20.289  -20.289   -8.236   -8.236   -7.325   -7.325   -5.939   -5.939    1.811    1.811
    2.890    2.890    4.123    4.124    5.846    5.846
            0.183000  0.105655  0.000000
  -20.298  -20.298   -8.246   -8.246   -7.300   -7.300   -5.928   -5.928    1.799    1.799
    2.878    2.878    4.112    4.112    5.835    5.835
            0.182000  0.105078  0.000000
  -20.307  -20.307   -8.256   -8.256   -7.276   -7.276   -5.917   -5.917    1.787    1.787
    2.866    2.866    4.100    4.100    5.823    5.823
            0.181000  0.104500  0.000000
  -20.315  -20.315   -8.266   -8.266   -7.252   -7.252   -5.906   -5.906    1.776    1.776
    2.855    2.855    4.088    4.089    5.812    5.812
            0.180000  0.103923  0.000000
  -20.323  -20.323   -8.276   -8.276   -7.228   -7.228   -5.896   -5.896    1.764    1.764
    2.843    2.843    4.077    4.077    5.801    5.801
            0.179000  0.103346  0.000000
  -20.332  -20.332   -8.286   -8.286   -7.204   -7.204   -5.885   -5.885    1.752    1.752
    2.831    2.831    4.066    4.066    5.789    5.789
            0.178000  0.102768  0.000000
  -20.340  -20.340   -8.296   -8.296   -7.180   -7.180   -5.874   -5.874    1.740    1.740
    2.820    2.820    4.054    4.054    5.778    5.778
            0.177000  0.102191  0.000000
  -20.349  -20.349   -8.306   -8.306   -7.156   -7.156   -5.863   -5.863    1.729    1.729
    2.808    2.808    4.043    4.043    5.767    5.767
            0.176000  0.101614  0.000000
  -20.357  -20.357   -8.315   -8.315   -7.132   -7.132   -5.853   -5.853    1.717    1.717
    2.797    2.797    4.032    4.032    5.756    5.756
            0.175000  0.101036  0.000000
  -20.365  -20.365   -8.325   -8.325   -7.108   -7.108   -5.842   -5.842    1.706    1.706
    2.786    2.786    4.020    4.021    5.745    5.745
            0.174000  0.100459  0.000000
  -20.373  -20.373   -8.335   -8.335   -7.084   -7.084   -5.831   -5.831    1.694    1.694
    2.774    2.775    4.009    4.010    5.734    5.734
            0.173000  0.099882  0.000000
  -20.381  -20.381   -8.344   -8.344   -7.060   -7.060   -5.820   -5.820    1.683    1.683
    2.763    2.763    3.998    3.998    5.723    5.723
            0.172000  0.099304  0.000000
  -20.389  -20.389   -8.354   -8.354   -7.037   -7.037   -5.810   -5.810    1.672    1.672
    2.752    2.752    3.987    3.987    5.712    5.712
            0.171000  0.098727  0.000000
  -20.397  -20.397   -8.363   -8.363   -7.013   -7.013   -5.799   -5.799    1.660    1.660
    2.741    2.741    3.976    3.977    5.701    5.701
            0.170000  0.098150  0.000000
  -20.405  -20.405   -8.373   -8.373   -6.989   -6.989   -5.788   -5.788    1.649    1.649
    2.730    2.730    3.966    3.966    5.690    5.691
            0.169000  0.097572  0.000000
  -20.413  -20.413   -8.382   -8.382   -6.966   -6.966   -5.778   -5.778    1.638    1.638
    2.719    2.719    3.955    3.955    5.680    5.680
            0.168000  0.096995  0.000000
  -20.421  -20.421   -8.392   -8.392   -6.943   -6.942   -5.767   -5.767    1.627    1.627
    2.708    2.708    3.944    3.944    5.669    5.669
            0.167000  0.096417  0.000000
  -20.429  -20.429   -8.401   -8.401   -6.919   -6.919   -5.756   -5.756    1.616    1.616
    2.698    2.698    3.933    3.933    5.658    5.659
            0.166000  0.095840  0.000000
  -20.437  -20.437   -8.410   -8.410   -6.896   -6.896   -5.746   -5.746    1.605    1.605
    2.687    2.687    3.923    3.923    5.648    5.648
            0.165000  0.095263  0.000000
  -20.445  -20.445   -8.419   -8.419   -6.873   -6.873   -5.735   -5.735    1.594    1.594
    2.676    2.676    3.912    3.912    5.637    5.638
            0.164000  0.094685  0.000000
  -20.452  -20.452   -8.428   -8.428   -6.849   -6.849   -5.724   -5.724    1.584    1.584
    2.666    2.666    3.902    3.902    5.627    5.627
            0.163000  0.094108  0.000000
  -20.460  -20.460   -8.437   -8.437   -6.826   -6.826   -5.714   -5.714    1.573    1.573
    2.655    2.655    3.891    3.891    5.617    5.617
            0.162000  0.093531  0.000000
  -20.468  -20.468   -8.447   -8.446   -6.803   -6.803   -5.703   -5.703    1.562    1.562
    2.645    2.645    3.881    3.881    5.606    5.606
            0.161000  0.092953  0.000000
  -20.475  -20.475   -8.455   -8.455   -6.780   -6.780   -5.693   -5.693    1.552    1.552
    2.634    2.634    3.871    3.871    5.596    5.596
            0.160000  0.092376  0.000000
  -20.483  -20.483   -8.464   -8.464   -6.757   -6.757   -5.682   -5.682    1.541    1.541
    2.624    2.624    3.860    3.860    5.586    5.586
            0.159000  0.091799  0.000000
  -20.490  -20.490   -8.473   -8.473   -6.734   -6.734   -5.672   -5.672    1.531    1.531
    2.614    2.614    3.850    3.850    5.576    5.576
            0.158000  0.091221  0.000000
  -20.498  -20.498   -8.482   -8.482   -6.712   -6.712   -5.661   -5.661    1.520    1.520
    2.603    2.603    3.840    3.840    5.566    5.566
            0.157000  0.090644  0.000000
  -20.505  -20.505   -8.491   -8.491   -6.689   -6.689   -5.650   -5.650    1.510    1.510
    2.593    2.593    3.830    3.830    5.556    5.556
            0.156000  0.090067  0.000000
  -20.512  -20.512   -8.500   -8.500   -6.666   -6.666   -5.640   -5.640    1.500    1.500
    2.583    2.583    3.820    3.820    5.546    5.546
            0.155000  0.089489  0.000000
  -20.520  -20.520   -8.508   -8.508   -6.644   -6.644   -5.629   -5.629    1.490    1.490
    2.573    2.573    3.810    3.810    5.536    5.536
            0.154000  0.088912  0.000000
  -20.527  -20.527   -8.517   -8.517   -6.621   -6.621   -5.619   -5.619    1.480    1.480
    2.563    2.563    3.800    3.800    5.526    5.526
            0.153000  0.088335  0.000000
  -20.534  -20.534   -8.525   -8.525   -6.599   -6.599   -5.609   -5.609    1.470    1.470
    2.553    2.553    3.790    3.791    5.516    5.517
            0.152000  0.087757  0.000000
  -20.541  -20.541   -8.534   -8.534   -6.576   -6.576   -5.598   -5.598    1.460    1.460
    2.543    2.544    3.781    3.781    5.507    5.507
            0.151000  0.087180  0.000000
  -20.548  -20.548   -8.542   -8.542   -6.554   -6.554   -5.588   -5.588    1.450    1.450
    2.534    2.534    3.771    3.771    5.497    5.497
            0.150000  0.086603  0.000000
  -20.555  -20.555   -8.551   -8.551   -6.532   -6.532   -5.577   -5.577    1.440    1.440
    2.524    2.524    3.761    3.762    5.487    5.488
            0.149000  0.086025  0.000000
  -20.562  -20.562   -8.559   -8.559   -6.510   -6.510   -5.567   -5.567    1.430    1.430
    2.514    2.514    3.752    3.752    5.478    5.478
            0.148000  0.085448  0.000000
  -20.569  -20.569   -8.567   -8.567   -6.488   -6.488   -5.556   -5.556    1.420    1.420
    2.505    2.505    3.742    3.742    5.469    5.469
            0.147000  0.084870  0.000000
  -20.576  -20.576   -8.575   -8.575   -6.466   -6.466   -5.546   -5.546    1.411    1.411
    2.495    2.495    3.733    3.733    5.459    5.459
            0.146000  0.084293  0.000000
  -20.583  -20.583   -8.584   -8.584   -6.444   -6.444   -5.536   -5.536    1.401    1.401
    2.486    2.486    3.724    3.724    5.450    5.450
            0.145000  0.083716  0.000000
  -20.590  -20.590   -8.592   -8.592   -6.422   -6.422   -5.526   -5.526    1.391    1.392
    2.476    2.477    3.714    3.714    5.441    5.441
            0.144000  0.083138  0.000000
  -20.597  -20.597   -8.600   -8.600   -6.400   -6.400   -5.515   -5.515    1.382    1.382
    2.467    2.467    3.705    3.705    5.431    5.432
            0.143000  0.082561  0.000000
  -20.604  -20.604   -8.608   -8.608   -6.379   -6.379   -5.505   -5.505    1.373    1.373
    2.458    2.458    3.696    3.696    5.422    5.422
            0.142000  0.081984  0.000000
  -20.610  -20.610   -8.616   -8.616   -6.357   -6.357   -5.495   -5.495    1.363    1.363
    2.449    2.449    3.687    3.687    5.413    5.413
            0.141000  0.081406  0.000000
  -20.617  -20.617   -8.624   -8.624   -6.336   -6.336   -5.485   -5.485    1.354    1.354
    2.440    2.440    3.678    3.678    5.404    5.404
            0.140000  0.080829  0.000000
  -20.624  -20.624   -8.631   -8.631   -6.314   -6.314   -5.474   -5.474    1.345    1.345
    2.431    2.431    3.669    3.669    5.395    5.395
            0.139000  0.080252  0.000000
  -20.630  -20.630   -8.639   -8.639   -6.293   -6.293   -5.464   -5.464    1.336    1.336
    2.422    2.422    3.660    3.660    5.386    5.387
            0.138000  0.079674  0.000000
  -20.637  -20.637   -8.647   -8.647   -6.272   -6.272   -5.454   -5.454    1.327    1.327
    2.413    2.413    3.651    3.651    5.378    5.378
            0.137000  0.079097  0.000000
  -20.643  -20.643   -8.655   -8.655   -6.251   -6.251   -5.444   -5.444    1.318    1.318
    2.404    2.404    3.642    3.642    5.369    5.369
            0.136000  0.078520  0.000000
  -20.649  -20.649   -8.662   -8.662   -6.230   -6.230   -5.434   -5.434    1.309    1.309
    2.395    2.395    3.633    3.634    5.360    5.360
            0.135000  0.077942  0.000000
  -20.656  -20.656   -8.670   -8.670   -6.209   -6.209   -5.424   -5.424    1.300    1.300
    2.386    2.386    3.625    3.625    5.351    5.352
            0.134000  0.077365  0.000000
  -20.662  -20.662   -8.677   -8.677   -6.188   -6.188   -5.414   -5.414    1.291    1.291
    2.378    2.378    3.616    3.616    5.343    5.343
            0.133000  0.076788  0.000000
  -20.668  -20.668   -8.685   -8.685   -6.167   -6.167   -5.404   -5.404    1.282    1.282
    2.369    2.369    3.608    3.608    5.334    5.335
            0.132000  0.076210  0.000000
  -20.675  -20.675   -8.692   -8.692   -6.147   -6.147   -5.394   -5.394    1.274    1.274
    2.360    2.360    3.599    3.599    5.326    5.326
            0.131000  0.075633  0.000000
  -20.681  -20.681   -8.699   -8.699   -6.126   -6.126   -5.384   -5.384    1.265    1.265
    2.352    2.352    3.591    3.591    5.318    5.318
            0.130000  0.075056  0.000000
  -20.687  -20.687   -8.707   -8.707   -6.106   -6.106   -5.374   -5.374    1.256    1.256
    2.343    2.344    3.582    3.583    5.309    5.309
            0.129000  0.074478  0.000000
  -20.693  -20.693   -8.714   -8.714   -6.085   -6.085   -5.364   -5.364    1.248    1.248
    2.335    2.335    3.574    3.574    5.301    5.301
            0.128000  0.073901  0.000000
  -20.699  -20.699   -8.721   -8.721   -6.065   -6.065   -5.354   -5.354    1.240    1.240
    2.327    2.327    3.566    3.566    5.293    5.293
            0.127000  0.073323  0.000000
  -20.705  -20.705   -8.728   -8.728   -6.045   -6.045   -5.345   -5.345    1.231    1.231
    2.319    2.319    3.558    3.558    5.285    5.285
            0.126000  0.072746  0.000000
  -20.711  -20.711   -8.735   -8.735   -6.025   -6.025   -5.335   -5.335    1.223    1.223
    2.310    2.311    3.550    3.550    5.277    5.277
            0.125000  0.072169  0.000000
  -20.717  -20.717   -8.742   -8.742   -6.005   -6.005   -5.325   -5.325    1.215    1.215
    2.302    2.302    3.542    3.542    5.269    5.269
            0.124000  0.071591  0.000000
  -20.723  -20.723   -8.749   -8.749   -5.985   -5.985   -5.316   -5.316    1.207    1.207
    2.294    2.294    3.534    3.534    5.261    5.261
            0.123000  0.071014  0.000000
  -20.729  -20.729   -8.756   -8.756   -5.965   -5.965   -5.306   -5.306    1.198    1.199
    2.286    2.286    3.526    3.526    5.253    5.253
            0.122000  0.070437  0.000000
  -20.734  -20.734   -8.763   -8.763   -5.945   -5.945   -5.296   -5.296    1.190    1.190
    2.278    2.279    3.518    3.518    5.245    5.245
            0.121000  0.069859  0.000000
  -20.740  -20.740   -8.770   -8.770   -5.926   -5.926   -5.287   -5.287    1.183    1.183
    2.271    2.271    3.510    3.510    5.237    5.237
            0.120000  0.069282  0.000000
  -20.746  -20.746   -8.777   -8.777   -5.906   -5.906   -5.277   -5.277    1.175    1.175
    2.263    2.263    3.503    3.503    5.229    5.230
            0.119000  0.068705  0.000000
  -20.751  -20.751   -8.783   -8.783   -5.887   -5.887   -5.268   -5.268    1.167    1.167
    2.255    2.255    3.495    3.495    5.222    5.222
            0.118000  0.068127  0.000000
  -20.757  -20.757   -8.790   -8.790   -5.868   -5.868   -5.258   -5.258    1.159    1.159
    2.248    2.248    3.487    3.487    5.214    5.214
            0.117000  0.067550  0.000000
  -20.762  -20.762   -8.797   -8.797   -5.849   -5.848   -5.249   -5.249    1.151    1.151
    2.240    2.240    3.480    3.480    5.207    5.207
            0.116000  0.066973  0.000000
  -20.768  -20.768   -8.803   -8.803   -5.829   -5.829   -5.239   -5.239    1.144    1.144
    2.232    2.233    3.472    3.472    5.199    5.199
            0.115000  0.066395  0.000000
  -20.773  -20.773   -8.810   -8.810   -5.811   -5.811   -5.230   -5.230    1.136    1.136
    2.225    2.225    3.465    3.465    5.192    5.192
            0.114000  0.065818  0.000000
  -20.779  -20.779   -8.816   -8.816   -5.792   -5.792   -5.221   -5.221    1.129    1.129
    2.218    2.218    3.458    3.458    5.185    5.185
            0.113000  0.065241  0.000000
  -20.784  -20.784   -8.822   -8.822   -5.773   -5.773   -5.212   -5.212    1.121    1.121
    2.210    2.210    3.450    3.451    5.177    5.178
            0.112000  0.064663  0.000000
  -20.789  -20.789   -8.829   -8.829   -5.754   -5.754   -5.202   -5.202    1.114    1.114
    2.203    2.203    3.443    3.443    5.170    5.170
            0.111000  0.064086  0.000000
  -20.795  -20.795   -8.835   -8.835   -5.736   -5.736   -5.193   -5.193    1.107    1.107
    2.196    2.196    3.436    3.436    5.163    5.163
            0.110000  0.063509  0.000000
  -20.800  -20.800   -8.841   -8.841   -5.718   -5.718   -5.184   -5.184    1.099    1.099
    2.189    2.189    3.429    3.429    5.156    5.156
            0.109000  0.062931  0.000000
  -20.805  -20.805   -8.847   -8.847   -5.699   -5.699   -5.175   -5.175    1.092    1.092
    2.182    2.182    3.422    3.422    5.149    5.149
            0.108000  0.062354  0.000000
  -20.810  -20.810   -8.853   -8.853   -5.681   -5.681   -5.166   -5.166    1.085    1.085
    2.175    2.175    3.415    3.415    5.142    5.142
            0.107000  0.061776  0.000000
  -20.815  -20.815   -8.859   -8.859   -5.663   -5.663   -5.157   -5.157    1.078    1.078
    2.168    2.168    3.408    3.408    5.135    5.135
            0.106000  0.061199  0.000000
  -20.820  -20.820   -8.865   -8.865   -5.645   -5.645   -5.148   -5.148    1.071    1.071
    2.161    2.161    3.401    3.401    5.128    5.129
            0.105000  0.060622  0.000000
  -20.825  -20.825   -8.871   -8.871   -5.628   -5.628   -5.139   -5.139    1.064    1.064
    2.154    2.154    3.395    3.395    5.122    5.122
            0.104000  0.060044  0.000000
  -20.830  -20.830   -8.877   -8.877   -5.610   -5.610   -5.131   -5.131    1.057    1.057
    2.147    2.147    3.388    3.388    5.115    5.115
            0.103000  0.059467  0.000000
  -20.835  -20.835   -8.883   -8.883   -5.592   -5.592   -5.122   -5.122    1.051    1.051
    2.141    2.141    3.381    3.381    5.108    5.109
            0.102000  0.058890  0.000000
  -20.840  -20.840   -8.889   -8.889   -5.575   -5.575   -5.113   -5.113    1.044    1.044
    2.134    2.134    3.375    3.375    5.102    5.102
            0.101000  0.058312  0.000000
  -20.845  -20.845   -8.894   -8.894   -5.558   -5.558   -5.105   -5.105    1.037    1.037
    2.128    2.128    3.368    3.368    5.095    5.095
            0.100000  0.057735  0.000000
  -20.849  -20.849   -8.900   -8.900   -5.540   -5.540   -5.096   -5.096    1.031    1.031
    2.121    2.121    3.362    3.362    5.089    5.089
            0.099000  0.057158  0.000000
  -20.854  -20.854   -8.906   -8.906   -5.523   -5.523   -5.087   -5.087    1.024    1.024
    2.115    2.115    3.355    3.356    5.083    5.083
            0.098000  0.056580  0.000000
  -20.859  -20.859   -8.911   -8.911   -5.507   -5.507   -5.079   -5.079    1.018    1.018
    2.108    2.108    3.349    3.349    5.076    5.076
            0.097000  0.056003  0.000000
  -20.863  -20.863   -8.917   -8.917   -5.490   -5.490   -5.070   -5.070    1.011    1.011
    2.102    2.102    3.343    3.343    5.070    5.070
            0.096000  0.055426  0.000000
  -20.868  -20.868   -8.922   -8.922   -5.473   -5.473   -5.062   -5.062    1.005    1.005
    2.096    2.096    3.337    3.337    5.064    5.064
            0.095000  0.054848  0.000000
  -20.872  -20.872   -8.927   -8.927   -5.457   -5.457   -5.054   -5.054    0.999    0.999
    2.090    2.090    3.331    3.331    5.058    5.058
            0.094000  0.054271  0.000000
  -20.877  -20.877   -8.933   -8.933   -5.440   -5.440   -5.046   -5.046    0.992    0.992
    2.084    2.084    3.325    3.325    5.052    5.052
            0.093000  0.053694  0.000000
  -20.881  -20.881   -8.938   -8.938   -5.424   -5.424   -5.037   -5.037    0.986    0.986
    2.077    2.078    3.319    3.319    5.046    5.046
            0.092000  0.053116  0.000000
  -20.885  -20.885   -8.943   -8.943   -5.408   -5.408   -5.029   -5.029    0.980    0.980
    2.072    2.072    3.313    3.313    5.040    5.040
            0.091000  0.052539  0.000000
  -20.890  -20.890   -8.948   -8.948   -5.392   -5.392   -5.021   -5.021    0.974    0.974
    2.066    2.066    3.307    3.307    5.034    5.034
            0.090000  0.051962  0.000000
  -20.894  -20.894   -8.953   -8.953   -5.376   -5.376   -5.013   -5.013    0.968    0.968
    2.060    2.060    3.301    3.301    5.028    5.028
            0.089000  0.051384  0.000000
  -20.898  -20.898   -8.958   -8.958   -5.360   -5.360   -5.005   -5.005    0.963    0.963
    2.054    2.054    3.295    3.295    5.023    5.023
            0.088000  0.050807  0.000000
  -20.902  -20.902   -8.963   -8.963   -5.345   -5.345   -4.997   -4.997    0.957    0.957
    2.048    2.048    3.290    3.290    5.017    5.017
            0.087000  0.050229  0.000000
  -20.906  -20.906   -8.968   -8.968   -5.329   -5.329   -4.989   -4.989    0.951    0.951
    2.043    2.043    3.284    3.284    5.011    5.011
            0.086000  0.049652  0.000000
  -20.911  -20.911   -8.973   -8.973   -5.314   -5.314   -4.982   -4.982    0.945    0.945
    2.037    2.037    3.278    3.279    5.006    5.006
            0.085000  0.049075  0.000000
  -20.915  -20.915   -8.978   -8.978   -5.299   -5.299   -4.974   -4.974    0.940    0.940
    2.032    2.032    3.273    3.273    5.000    5.000
            0.084000  0.048497  0.000000
  -20.919  -20.919   -8.983   -8.983   -5.284   -5.284   -4.966   -4.966    0.934    0.934
    2.026    2.026    3.268    3.268    4.995    4.995
            0.083000  0.047920  0.000000
  -20.923  -20.923   -8.987   -8.987   -5.269   -5.269   -4.959   -4.959    0.929    0.929
    2.021    2.021    3.262    3.262    4.990    4.990
            0.082000  0.047343  0.000000
  -20.926  -20.926   -8.992   -8.992   -5.254   -5.254   -4.951   -4.951    0.923    0.923
    2.015    2.015    3.257    3.257    4.984    4.984
            0.081000  0.046765  0.000000
  -20.930  -20.930   -8.997   -8.997   -5.240   -5.240   -4.944   -4.944    0.918    0.918
    2.010    2.010    3.252    3.252    4.979    4.979
            0.080000  0.046188  0.000000
  -20.934  -20.934   -9.001   -9.001   -5.225   -5.225   -4.936   -4.936    0.913    0.913
    2.005    2.005    3.247    3.247    4.974    4.974
            0.079000  0.045611  0.000000
  -20.938  -20.938   -9.006   -9.006   -5.211   -5.211   -4.929   -4.929    0.908    0.908
    2.000    2.000    3.242    3.242    4.969    4.969
            0.078000  0.045033  0.000000
  -20.941  -20.941   -9.010   -9.010   -5.197   -5.197   -4.922   -4.922    0.902    0.902
    1.995    1.995    3.236    3.237    4.964    4.964
            0.077000  0.044456  0.000000
  -20.945  -20.945   -9.014   -9.014   -5.183   -5.183   -4.915   -4.915    0.897    0.897
    1.990    1.990    3.232    3.232    4.959    4.959
            0.076000  0.043879  0.000000
  -20.949  -20.949   -9.019   -9.019   -5.169   -5.169   -4.908   -4.908    0.892    0.892
    1.985    1.985    3.227    3.227    4.954    4.954
            0.075000  0.043301  0.000000
  -20.952  -20.952   -9.023   -9.023   -5.155   -5.155   -4.901   -4.901    0.887    0.887
    1.980    1.980    3.222    3.222    4.949    4.949
            0.074000  0.042724  0.000000
  -20.956  -20.956   -9.027   -9.027   -5.142   -5.142   -4.894   -4.894    0.882    0.882
    1.975    1.975    3.217    3.217    4.944    4.944
            0.073000  0.042147  0.000000
  -20.959  -20.959   -9.031   -9.031   -5.129   -5.129   -4.887   -4.887    0.878    0.878
    1.970    1.970    3.212    3.212    4.940    4.940
            0.072000  0.041569  0.000000
  -20.963  -20.963   -9.035   -9.035   -5.115   -5.115   -4.880   -4.880    0.873    0.873
    1.966    1.966    3.208    3.208    4.935    4.935
            0.071000  0.040992  0.000000
  -20.966  -20.966   -9.039   -9.039   -5.102   -5.102   -4.873   -4.873    0.868    0.868
    1.961    1.961    3.203    3.203    4.930    4.930
            0.070000  0.040415  0.000000
  -20.969  -20.969   -9.043   -9.043   -5.089   -5.089   -4.867   -4.867    0.864    0.864
    1.957    1.957    3.199    3.199    4.926    4.926
            0.069000  0.039837  0.000000
  -20.973  -20.973   -9.047   -9.047   -5.077   -5.077   -4.860   -4.860    0.859    0.859
    1.952    1.952    3.194    3.194    4.921    4.922
            0.068000  0.039260  0.000000
  -20.976  -20.976   -9.051   -9.051   -5.064   -5.064   -4.854   -4.854    0.855    0.855
    1.948    1.948    3.190    3.190    4.917    4.917
            0.067000  0.038682  0.000000
  -20.979  -20.979   -9.055   -9.055   -5.052   -5.052   -4.847   -4.847    0.850    0.850
    1.943    1.943    3.185    3.185    4.913    4.913
            0.066000  0.038105  0.000000
  -20.982  -20.982   -9.059   -9.059   -5.039   -5.039   -4.841   -4.841    0.846    0.846
    1.939    1.939    3.181    3.181    4.908    4.909
            0.065000  0.037528  0.000000
  -20.985  -20.985   -9.062   -9.062   -5.027   -5.027   -4.835   -4.835    0.842    0.842
    1.935    1.935    3.177    3.177    4.904    4.904
            0.064000  0.036950  0.000000
  -20.988  -20.988   -9.066   -9.066   -5.015   -5.015   -4.828   -4.828    0.837    0.837
    1.931    1.931    3.173    3.173    4.900    4.900
            0.063000  0.036373  0.000000
  -20.991  -20.991   -9.070   -9.070   -5.003   -5.003   -4.822   -4.822    0.833    0.833
    1.927    1.927    3.169    3.169    4.896    4.896
            0.062000  0.035796  0.000000
  -20.994  -20.994   -9.073   -9.073   -4.992   -4.992   -4.816   -4.816    0.829    0.829
    1.923    1.923    3.165    3.165    4.892    4.892
            0.061000  0.035218  0.000000
  -20.997  -20.997   -9.077   -9.077   -4.980   -4.980   -4.810   -4.810    0.825    0.825
    1.919    1.919    3.161    3.161    4.888    4.888
            0.060000  0.034641  0.000000
  -21.000  -21.000   -9.080   -9.080   -4.969   -4.969   -4.804   -4.804    0.821    0.821
    1.915    1.915    3.157    3.157    4.884    4.884
            0.059000  0.034064  0.000000
  -21.003  -21.003   -9.083   -9.083   -4.958   -4.958   -4.799   -4.799    0.817    0.817
    1.911    1.911    3.153    3.153    4.880    4.881
            0.058000  0.033486  0.000000
  -21.006  -21.006   -9.087   -9.087   -4.947   -4.947   -4.793   -4.793    0.813    0.813
    1.907    1.907    3.149    3.149    4.877    4.877
            0.057000  0.032909  0.000000
  -21.008  -21.008   -9.090   -9.090   -4.936   -4.936   -4.787   -4.787    0.810    0.810
    1.903    1.903    3.146    3.146    4.873    4.873
            0.056000  0.032332  0.000000
  -21.011  -21.011   -9.093   -9.093   -4.926   -4.926   -4.782   -4.782    0.806    0.806
    1.900    1.900    3.142    3.142    4.869    4.869
            0.055000  0.031754  0.000000
  -21.014  -21.014   -9.096   -9.096   -4.915   -4.915   -4.776   -4.776    0.802    0.802
    1.896    1.896    3.139    3.139    4.866    4.866
            0.054000  0.031177  0.000000
  -21.016  -21.016   -9.099   -9.099   -4.905   -4.905   -4.771   -4.771    0.799    0.799
    1.893    1.893    3.135    3.135    4.862    4.862
            0.053000  0.030600  0.000000
  -21.019  -21.019   -9.102   -9.102   -4.895   -4.895   -4.766   -4.766    0.795    0.795
    1.889    1.889    3.132    3.132    4.859    4.859
            0.052000  0.030022  0.000000
  -21.021  -21.021   -9.105   -9.105   -4.885   -4.885   -4.761   -4.761    0.792    0.792
    1.886    1.886    3.128    3.128    4.856    4.856
            0.051000  0.029445  0.000000
  -21.024  -21.024   -9.108   -9.108   -4.875   -4.875   -4.755   -4.755    0.788    0.788
    1.882    1.883    3.125    3.125    4.852    4.852
            0.050000  0.028868  0.000000
  -21.026  -21.026   -9.111   -9.111   -4.866   -4.866   -4.750   -4.750    0.785    0.785
    1.879    1.879    3.122    3.122    4.849    4.849
            0.049000  0.028290  0.000000
  -21.028  -21.028   -9.114   -9.114   -4.856   -4.856   -4.746   -4.746    0.782    0.782
    1.876    1.876    3.119    3.119    4.846    4.846
            0.048000  0.027713  0.000000
  -21.031  -21.031   -9.117   -9.117   -4.847   -4.847   -4.741   -4.741    0.779    0.779
    1.873    1.873    3.115    3.116    4.843    4.843
            0.047000  0.027135  0.000000
  -21.033  -21.033   -9.119   -9.119   -4.838   -4.838   -4.736   -4.736    0.775    0.776
    1.870    1.870    3.112    3.112    4.840    4.840
            0.046000  0.026558  0.000000
  -21.035  -21.035   -9.122   -9.122   -4.829   -4.829   -4.731   -4.731    0.772    0.772
    1.867    1.867    3.109    3.110    4.837    4.837
            0.045000  0.025981  0.000000
  -21.037  -21.037   -9.124   -9.124   -4.820   -4.820   -4.727   -4.727    0.769    0.769
    1.864    1.864    3.107    3.107    4.834    4.834
            0.044000  0.025403  0.000000
  -21.039  -21.039   -9.127   -9.127   -4.812   -4.812   -4.722   -4.722    0.767    0.767
    1.861    1.861    3.104    3.104    4.831    4.831
            0.043000  0.024826  0.000000
  -21.041  -21.041   -9.129   -9.129   -4.804   -4.804   -4.718   -4.718    0.764    0.764
    1.858    1.858    3.101    3.101    4.828    4.828
            0.042000  0.024249  0.000000
  -21.043  -21.043   -9.132   -9.132   -4.795   -4.795   -4.714   -4.714    0.761    0.761
    1.855    1.856    3.098    3.098    4.826    4.826
            0.041000  0.023671  0.000000
  -21.045  -21.045   -9.134   -9.134   -4.787   -4.787   -4.709   -4.709    0.758    0.758
    1.853    1.853    3.096    3.096    4.823    4.823
            0.040000  0.023094  0.000000
  -21.047  -21.047   -9.136   -9.136   -4.780   -4.780   -4.705   -4.705    0.756    0.756
    1.850    1.850    3.093    3.093    4.820    4.820
            0.039000  0.022517  0.000000
  -21.049  -21.049   -9.139   -9.139   -4.772   -4.772   -4.701   -4.701    0.753    0.753
    1.848    1.848    3.090    3.090    4.818    4.818
            0.038000  0.021939  0.000000
  -21.051  -21.051   -9.141   -9.141   -4.765   -4.765   -4.697   -4.697    0.750    0.750
    1.845    1.845    3.088    3.088    4.815    4.815
            0.037000  0.021362  0.000000
  -21.053  -21.053   -9.143   -9.143   -4.757   -4.757   -4.694   -4.694    0.748    0.748
    1.843    1.843    3.086    3.086    4.813    4.813
            0.036000  0.020785  0.000000
  -21.054  -21.054   -9.145   -9.145   -4.750   -4.750   -4.690   -4.690    0.746    0.746
    1.840    1.840    3.083    3.083    4.811    4.811
            0.035000  0.020207  0.000000
  -21.056  -21.056   -9.147   -9.147   -4.743   -4.743   -4.686   -4.686    0.743    0.743
    1.838    1.838    3.081    3.081    4.808    4.808
            0.034000  0.019630  0.000000
  -21.058  -21.058   -9.149   -9.149   -4.737   -4.737   -4.683   -4.683    0.741    0.741
    1.836    1.836    3.079    3.079    4.806    4.806
            0.033000  0.019053  0.000000
  -21.059  -21.059   -9.151   -9.151   -4.730   -4.730   -4.679   -4.679    0.739    0.739
    1.834    1.834    3.077    3.077    4.804    4.804
            0.032000  0.018475  0.000000
  -21.061  -21.061   -9.153   -9.153   -4.724   -4.724   -4.676   -4.676    0.737    0.737
    1.832    1.832    3.074    3.075    4.802    4.802
            0.031000  0.017898  0.000000
  -21.062  -21.062   -9.155   -9.155   -4.718   -4.718   -4.673   -4.673    0.735    0.735
    1.830    1.830    3.072    3.073    4.800    4.800
            0.030000  0.017321  0.000000
  -21.064  -21.064   -9.156   -9.156   -4.712   -4.712   -4.669   -4.669    0.733    0.733
    1.828    1.828    3.071    3.071    4.798    4.798
            0.029000  0.016743  0.000000
  -21.065  -21.065   -9.158   -9.158   -4.706   -4.706   -4.666   -4.666    0.731    0.731
    1.826    1.826    3.069    3.069    4.796    4.796
            0.028000  0.016166  0.000000
  -21.066  -21.066   -9.160   -9.159   -4.701   -4.701   -4.663   -4.663    0.729    0.729
    1.824    1.824    3.067    3.067    4.794    4.794
            0.027000  0.015588  0.000000
  -21.068  -21.068   -9.161   -9.161   -4.696   -4.696   -4.661   -4.661    0.727    0.727
    1.822    1.822    3.065    3.065    4.792    4.792
            0.026000  0.015011  0.000000
  -21.069  -21.069   -9.163   -9.163   -4.690   -4.690   -4.658   -4.658    0.725    0.725
    1.820    1.820    3.063    3.063    4.791    4.791
            0.025000  0.014434  0.000000
  -21.070  -21.070   -9.164   -9.164   -4.685   -4.685   -4.655   -4.655    0.724    0.724
    1.819    1.819    3.062    3.062    4.789    4.789
            0.024000  0.013856  0.000000
  -21.071  -21.071   -9.165   -9.165   -4.681   -4.681   -4.652   -4.652    0.722    0.722
    1.817    1.817    3.060    3.060    4.787    4.788
            0.023000  0.013279  0.000000
  -21.072  -21.072   -9.167   -9.167   -4.676   -4.676   -4.650   -4.650    0.720    0.720
    1.816    1.816    3.059    3.059    4.786    4.786
            0.022000  0.012702  0.000000
  -21.074  -21.074   -9.168   -9.168   -4.672   -4.672   -4.648   -4.648    0.719    0.719
    1.814    1.814    3.057    3.057    4.785    4.785
            0.021000  0.012124  0.000000
  -21.075  -21.075   -9.169   -9.169   -4.668   -4.668   -4.645   -4.645    0.718    0.718
    1.813    1.813    3.056    3.056    4.783    4.783
            0.020000  0.011547  0.000000
  -21.076  -21.076   -9.170   -9.170   -4.664   -4.664   -4.643   -4.643    0.716    0.716
    1.812    1.812    3.055    3.055    4.782    4.782
            0.019000  0.010970  0.000000
  -21.076  -21.076   -9.171   -9.171   -4.660   -4.660   -4.641   -4.641    0.715    0.715
    1.810    1.810    3.053    3.053    4.781    4.781
            0.018000  0.010392  0.000000
  -21.077  -21.077   -9.172   -9.172   -4.657   -4.657   -4.639   -4.639    0.714    0.714
    1.809    1.809    3.052    3.052    4.779    4.779
            0.017000  0.009815  0.000000
  -21.078  -21.078   -9.173   -9.173   -4.653   -4.653   -4.637   -4.637    0.713    0.713
    1.808    1.808    3.051    3.051    4.778    4.778
            0.016000  0.009238  0.000000
  -21.079  -21.079   -9.174   -9.174   -4.650   -4.650   -4.635   -4.635    0.712    0.712
    1.807    1.807    3.050    3.050    4.777    4.777
            0.015000  0.008660  0.000000
  -21.080  -21.080   -9.175   -9.175   -4.647   -4.647   -4.633   -4.633    0.711    0.711
    1.806    1.806    3.049    3.049    4.776    4.776
            0.014000  0.008083  0.000000
  -21.080  -21.080   -9.176   -9.176   -4.645   -4.645   -4.632   -4.632    0.710    0.710
    1.805    1.805    3.048    3.048    4.775    4.775
            0.013000  0.007506  0.000000
  -21.081  -21.081   -9.177   -9.177   -4.642   -4.642   -4.630   -4.630    0.709    0.709
    1.804    1.804    3.047    3.047    4.774    4.774
            0.012000  0.006928  0.000000
  -21.082  -21.082   -9.178   -9.178   -4.640   -4.640   -4.629   -4.629    0.708    0.708
    1.803    1.803    3.046    3.046    4.774    4.774
            0.011000  0.006351  0.000000
  -21.082  -21.082   -9.178   -9.178   -4.638   -4.638   -4.627   -4.627    0.707    0.707
    1.803    1.803    3.046    3.046    4.773    4.773
            0.010000  0.005774  0.000000
  -21.083  -21.083   -9.179   -9.179   -4.636   -4.636   -4.626   -4.626    0.706    0.706
    1.802    1.802    3.045    3.045    4.772    4.772
            0.009000  0.005196  0.000000
  -21.083  -21.083   -9.179   -9.179   -4.634   -4.634   -4.624   -4.624    0.706    0.706
    1.801    1.801    3.044    3.044    4.772    4.772
            0.008000  0.004619  0.000000
  -21.083  -21.083   -9.180   -9.180   -4.633   -4.633   -4.623   -4.623    0.705    0.705
    1.801    1.801    3.044    3.044    4.771    4.771
            0.007000  0.004041  0.000000
  -21.084  -21.084   -9.180   -9.180   -4.632   -4.632   -4.622   -4.622    0.705    0.705
    1.800    1.800    3.043    3.043    4.771    4.771
            0.006000  0.003464  0.000000
  -21.084  -21.084   -9.181   -9.181   -4.631   -4.631   -4.621   -4.621    0.704    0.704
    1.800    1.800    3.043    3.043    4.770    4.770
            0.005000  0.002887  0.000000
  -21.084  -21.084   -9.181   -9.181   -4.630   -4.630   -4.621   -4.621    0.704    0.704
    1.799    1.799    3.043    3.043    4.770    4.770
            0.004000  0.002309  0.000000
  -21.085  -21.085   -9.181   -9.181   -4.629   -4.629   -4.620   -4.620    0.704    0.704
    1.799    1.799    3.042    3.042    4.770    4.770
            0.003000  0.001732  0.000000
  -21.085  -21.085   -9.181   -9.181   -4.629   -4.629   -4.619   -4.619    0.703    0.703
    1.799    1.799    3.042    3.042    4.769    4.769
            0.002000  0.001155  0.000000
  -21.085  -21.085   -9.182   -9.182   -4.628   -4.628   -4.619   -4.619    0.703    0.703
    1.799    1.799    3.042    3.042    4.769    4.769
            0.001000  0.000577  0.000000
  -21.085  -21.085   -9.182   -9.182   -4.628   -4.628   -4.619   -4.619    0.703    0.703
    1.799    1.799    3.042    3.042    4.769    4.769
            0.000000  0.000000  0.000000
  -21.085  -21.085   -9.182   -9.182   -4.628   -4.628   -4.619   -4.619    0.703    0.703
    1.799    1.799    3.042    3.042    4.769    4.769
