 &plot nbnd=  49, nks=   401 /
            0.000000  0.000000  0.000000
  -22.976  -22.798  -22.517  -22.133  -21.649  -21.071  -20.404  -19.659  -18.863  -18.122
  -16.390  -15.495  -14.427  -13.287  -12.117  -11.069  -10.953  -10.865  -10.540  -10.100
   -9.943   -9.833   -9.768   -9.551   -9.496   -9.138   -8.907   -8.800   -8.705   -8.226
   -8.185   -7.909   -7.734   -7.421   -7.276   -7.208   -6.908   -6.761   -6.685   -6.681
   -6.104   -1.625   -0.942   -0.257   -0.184   -0.107   -0.044    0.051    0.308
            0.000000  0.000000  0.002500
  -22.975  -22.798  -22.517  -22.133  -21.649  -21.070  -20.404  -19.659  -18.863  -18.121
  -16.390  -15.495  -14.427  -13.287  -12.117  -11.069  -10.953  -10.864  -10.540  -10.100
   -9.944   -9.833   -9.769   -9.551   -9.496   -9.139   -8.907   -8.800   -8.705   -8.226
   -8.185   -7.909   -7.734   -7.420   -7.277   -7.208   -6.908   -6.761   -6.685   -6.681
   -6.104   -1.625   -0.942   -0.257   -0.184   -0.107   -0.044    0.051    0.308
            0.000000  0.000000  0.005000
  -22.975  -22.798  -22.516  -22.132  -21.649  -21.070  -20.403  -19.658  -18.862  -18.121
  -16.390  -15.495  -14.427  -13.287  -12.117  -11.069  -10.953  -10.864  -10.539  -10.099
   -9.945   -9.834   -9.770   -9.551   -9.498   -9.140   -8.907   -8.800   -8.707   -8.228
   -8.185   -7.910   -7.735   -7.420   -7.280   -7.207   -6.910   -6.762   -6.686   -6.680
   -6.104   -1.625   -0.942   -0.256   -0.183   -0.106   -0.044    0.052    0.309
            0.000000  0.000000  0.007500
  -22.975  -22.797  -22.516  -22.132  -21.648  -21.070  -20.403  -19.658  -18.862  -18.121
  -16.389  -15.494  -14.427  -13.286  -12.117  -11.068  -10.953  -10.863  -10.539  -10.099
   -9.948   -9.834   -9.772   -9.550   -9.500   -9.143   -8.906   -8.801   -8.709   -8.230
   -8.184   -7.912   -7.736   -7.419   -7.284   -7.206   -6.913   -6.762   -6.689   -6.680
   -6.103   -1.626   -0.942   -0.256   -0.183   -0.106   -0.044    0.052    0.310
            0.000000  0.000000  0.010000
  -22.974  -22.796  -22.515  -22.131  -21.647  -21.069  -20.402  -19.657  -18.861  -18.120
  -16.389  -15.494  -14.426  -13.286  -12.116  -11.067  -10.953  -10.862  -10.538  -10.098
   -9.951   -9.834   -9.776   -9.549   -9.504   -9.146   -8.905   -8.802   -8.712   -8.232
   -8.183   -7.914   -7.738   -7.419   -7.290   -7.204   -6.916   -6.763   -6.692   -6.679
   -6.102   -1.626   -0.942   -0.255   -0.182   -0.105   -0.044    0.053    0.311
            0.000000  0.000000  0.012500
  -22.973  -22.795  -22.514  -22.130  -21.646  -21.068  -20.401  -19.656  -18.860  -18.119
  -16.388  -15.493  -14.425  -13.285  -12.116  -11.066  -10.953  -10.861  -10.537  -10.097
   -9.955   -9.835   -9.780   -9.548   -9.508   -9.151   -8.904   -8.803   -8.716   -8.236
   -8.182   -7.917   -7.740   -7.417   -7.297   -7.203   -6.921   -6.764   -6.696   -6.678
   -6.101   -1.626   -0.942   -0.253   -0.180   -0.103   -0.044    0.054    0.312
            0.000000  0.000000  0.015000
  -22.972  -22.794  -22.513  -22.129  -21.645  -21.067  -20.400  -19.655  -18.859  -18.118
  -16.387  -15.492  -14.425  -13.285  -12.116  -11.064  -10.952  -10.860  -10.535  -10.095
   -9.961   -9.835   -9.786   -9.547   -9.513   -9.156   -8.902   -8.804   -8.721   -8.241
   -8.181   -7.921   -7.742   -7.416   -7.305   -7.202   -6.927   -6.766   -6.701   -6.676
   -6.099   -1.626   -0.942   -0.252   -0.179   -0.102   -0.044    0.056    0.314
            0.000000  0.000000  0.017500
  -22.970  -22.793  -22.511  -22.127  -21.644  -21.065  -20.398  -19.654  -18.858  -18.117
  -16.386  -15.491  -14.424  -13.284  -12.115  -11.063  -10.952  -10.858  -10.534  -10.093
   -9.967   -9.836   -9.792   -9.545   -9.519   -9.162   -8.901   -8.806   -8.727   -8.246
   -8.179   -7.926   -7.745   -7.414   -7.314   -7.200   -6.934   -6.768   -6.707   -6.675
   -6.098   -1.627   -0.943   -0.250   -0.177   -0.100   -0.044    0.058    0.316
            0.000000  0.000000  0.020000
  -22.968  -22.791  -22.510  -22.126  -21.642  -21.064  -20.397  -19.652  -18.856  -18.115
  -16.384  -15.490  -14.422  -13.283  -12.114  -11.061  -10.952  -10.856  -10.532  -10.092
   -9.975   -9.837   -9.800   -9.543   -9.527   -9.169   -8.899   -8.808   -8.734   -8.252
   -8.177   -7.931   -7.748   -7.412   -7.324   -7.200   -6.941   -6.770   -6.713   -6.673
   -6.096   -1.627   -0.943   -0.248   -0.175   -0.098   -0.044    0.060    0.318
            0.000000  0.000000  0.022500
  -22.967  -22.789  -22.508  -22.124  -21.640  -21.062  -20.395  -19.650  -18.855  -18.114
  -16.383  -15.488  -14.421  -13.282  -12.114  -11.058  -10.952  -10.854  -10.529  -10.089
   -9.983   -9.837   -9.808   -9.541   -9.535   -9.178   -8.897   -8.810   -8.742   -8.259
   -8.175   -7.937   -7.751   -7.410   -7.335   -7.199   -6.950   -6.773   -6.721   -6.670
   -6.094   -1.628   -0.944   -0.245   -0.173   -0.096   -0.044    0.062    0.321
            0.000000  0.000000  0.025000
  -22.965  -22.787  -22.506  -22.122  -21.638  -21.060  -20.393  -19.648  -18.853  -18.112
  -16.381  -15.487  -14.420  -13.281  -12.113  -11.056  -10.952  -10.852  -10.527  -10.087
   -9.993   -9.838   -9.817   -9.544   -9.539   -9.187   -8.894   -8.812   -8.751   -8.266
   -8.173   -7.944   -7.755   -7.408   -7.347   -7.199   -6.959   -6.776   -6.729   -6.668
   -6.091   -1.628   -0.944   -0.242   -0.170   -0.093   -0.044    0.065    0.323
            0.000000  0.000000  0.027500
  -22.962  -22.785  -22.503  -22.120  -21.636  -21.058  -20.391  -19.646  -18.851  -18.110
  -16.379  -15.485  -14.418  -13.280  -12.112  -11.053  -10.952  -10.849  -10.524  -10.084
  -10.003   -9.840   -9.827   -9.554   -9.536   -9.197   -8.892   -8.815   -8.760   -8.275
   -8.170   -7.952   -7.759   -7.405   -7.360   -7.199   -6.970   -6.779   -6.738   -6.665
   -6.088   -1.629   -0.945   -0.239   -0.167   -0.090   -0.044    0.068    0.327
            0.000000  0.000000  0.030000
  -22.960  -22.782  -22.501  -22.117  -21.633  -21.055  -20.388  -19.644  -18.848  -18.108
  -16.377  -15.483  -14.417  -13.278  -12.111  -11.050  -10.952  -10.846  -10.521  -10.081
  -10.014   -9.841   -9.839   -9.565   -9.533   -9.208   -8.889   -8.818   -8.771   -8.284
   -8.167   -7.961   -7.763   -7.402   -7.373   -7.200   -6.981   -6.783   -6.748   -6.662
   -6.085   -1.630   -0.945   -0.236   -0.164   -0.087   -0.044    0.071    0.330
            0.000000  0.000000  0.032500
  -22.957  -22.780  -22.498  -22.114  -21.631  -21.052  -20.386  -19.641  -18.846  -18.105
  -16.375  -15.481  -14.415  -13.277  -12.111  -11.047  -10.952  -10.842  -10.518  -10.078
  -10.026   -9.851   -9.842   -9.576   -9.530   -9.220   -8.886   -8.821   -8.782   -8.293
   -8.164   -7.970   -7.768   -7.399   -7.387   -7.201   -6.993   -6.787   -6.759   -6.659
   -6.082   -1.631   -0.946   -0.232   -0.160   -0.084   -0.044    0.075    0.334
            0.000000  0.000000  0.035000
  -22.954  -22.777  -22.495  -22.111  -21.628  -21.050  -20.383  -19.638  -18.843  -18.102
  -16.372  -15.479  -14.413  -13.275  -12.110  -11.043  -10.952  -10.839  -10.514  -10.075
  -10.040   -9.864   -9.844   -9.589   -9.526   -9.233   -8.882   -8.825   -8.794   -8.304
   -8.161   -7.981   -7.773   -7.402   -7.396   -7.203   -7.006   -6.792   -6.771   -6.656
   -6.078   -1.631   -0.947   -0.228   -0.156   -0.080   -0.044    0.079    0.338
            0.000000  0.000000  0.037500
  -22.951  -22.773  -22.492  -22.108  -21.625  -21.046  -20.380  -19.635  -18.840  -18.100
  -16.370  -15.476  -14.411  -13.274  -12.109  -11.040  -10.952  -10.835  -10.511  -10.071
  -10.054   -9.878   -9.846   -9.602   -9.523   -9.246   -8.879   -8.829   -8.807   -8.315
   -8.157   -7.992   -7.778   -7.418   -7.392   -7.205   -7.020   -6.797   -6.784   -6.652
   -6.075   -1.632   -0.947   -0.224   -0.152   -0.076   -0.044    0.083    0.342
            0.000000  0.000000  0.040000
  -22.947  -22.770  -22.489  -22.105  -21.621  -21.043  -20.377  -19.632  -18.837  -18.097
  -16.367  -15.474  -14.408  -13.272  -12.107  -11.035  -10.952  -10.831  -10.507  -10.069
  -10.067   -9.893   -9.848   -9.617   -9.519   -9.261   -8.875   -8.833   -8.820   -8.326
   -8.153   -8.004   -7.783   -7.434   -7.388   -7.208   -7.035   -6.802   -6.797   -6.648
   -6.070   -1.633   -0.948   -0.219   -0.148   -0.072   -0.045    0.087    0.347
            0.000000  0.000000  0.042500
  -22.944  -22.766  -22.485  -22.101  -21.618  -21.040  -20.373  -19.629  -18.834  -18.093
  -16.364  -15.471  -14.406  -13.270  -12.106  -11.031  -10.952  -10.827  -10.502  -10.085
  -10.063   -9.909   -9.850   -9.632   -9.515   -9.276   -8.870   -8.838   -8.835   -8.338
   -8.149   -8.017   -7.788   -7.451   -7.384   -7.211   -7.050   -6.812   -6.808   -6.644
   -6.066   -1.635   -0.949   -0.214   -0.143   -0.067   -0.045    0.092    0.352
            0.000000  0.000000  0.045000
  -22.940  -22.763  -22.481  -22.097  -21.614  -21.036  -20.369  -19.625  -18.830  -18.090
  -16.361  -15.468  -14.403  -13.268  -12.105  -11.027  -10.952  -10.822  -10.498  -10.102
  -10.058   -9.925   -9.852   -9.648   -9.510   -9.292   -8.866   -8.850   -8.843   -8.351
   -8.145   -8.031   -7.794   -7.469   -7.380   -7.214   -7.066   -6.826   -6.814   -6.639
   -6.062   -1.636   -0.950   -0.209   -0.139   -0.063   -0.045    0.097    0.357
            0.000000  0.000000  0.047500
  -22.936  -22.759  -22.477  -22.093  -21.610  -21.032  -20.366  -19.621  -18.826  -18.086
  -16.358  -15.465  -14.401  -13.266  -12.104  -11.022  -10.951  -10.817  -10.493  -10.119
  -10.053   -9.943   -9.855   -9.664   -9.505   -9.310   -8.866   -8.861   -8.849   -8.364
   -8.140   -8.046   -7.799   -7.487   -7.375   -7.219   -7.083   -6.842   -6.821   -6.635
   -6.057   -1.637   -0.951   -0.204   -0.133   -0.058   -0.045    0.102    0.363
            0.000000  0.000000  0.050000
  -22.932  -22.754  -22.473  -22.089  -21.606  -21.028  -20.361  -19.617  -18.822  -18.083
  -16.354  -15.462  -14.398  -13.263  -12.102  -11.017  -10.952  -10.812  -10.488  -10.138
  -10.048   -9.961   -9.858   -9.681   -9.500   -9.328   -8.883   -8.856   -8.855   -8.378
   -8.135   -8.062   -7.805   -7.506   -7.370   -7.223   -7.101   -6.858   -6.828   -6.630
   -6.052   -1.638   -0.952   -0.198   -0.128   -0.052   -0.046    0.107    0.369
            0.000000  0.000000  0.052500
  -22.927  -22.750  -22.468  -22.085  -21.601  -21.023  -20.357  -19.613  -18.818  -18.079
  -16.350  -15.458  -14.395  -13.261  -12.101  -11.011  -10.952  -10.807  -10.483  -10.157
  -10.043   -9.981   -9.862   -9.699   -9.495   -9.346   -8.901   -8.862   -8.851   -8.392
   -8.130   -8.079   -7.811   -7.526   -7.365   -7.228   -7.119   -6.875   -6.836   -6.624
   -6.046   -1.640   -0.953   -0.192   -0.122   -0.047   -0.046    0.113    0.375
            0.000000  0.000000  0.055000
  -22.922  -22.745  -22.464  -22.080  -21.597  -21.019  -20.353  -19.609  -18.814  -18.075
  -16.346  -15.455  -14.392  -13.259  -12.099  -11.006  -10.952  -10.801  -10.477  -10.178
  -10.037  -10.001   -9.866   -9.717   -9.490   -9.366   -8.919   -8.870   -8.846   -8.407
   -8.125   -8.096   -7.818   -7.546   -7.360   -7.234   -7.138   -6.893   -6.844   -6.619
   -6.040   -1.641   -0.955   -0.186   -0.116   -0.046   -0.041    0.119    0.381
            0.000000  0.000000  0.057500
  -22.917  -22.740  -22.459  -22.075  -21.592  -21.014  -20.348  -19.604  -18.809  -18.070
  -16.342  -15.451  -14.388  -13.256  -12.098  -11.000  -10.952  -10.795  -10.471  -10.199
  -10.032  -10.022   -9.871   -9.736   -9.484   -9.386   -8.938   -8.878   -8.840   -8.422
   -8.119   -8.114   -7.824   -7.567   -7.354   -7.240   -7.157   -6.911   -6.853   -6.613
   -6.035   -1.643   -0.956   -0.179   -0.110   -0.047   -0.035    0.126    0.388
            0.000000  0.000000  0.060000
  -22.912  -22.735  -22.454  -22.070  -21.587  -21.009  -20.343  -19.599  -18.805  -18.066
  -16.338  -15.447  -14.385  -13.253  -12.096  -10.993  -10.952  -10.789  -10.465  -10.221
  -10.044  -10.026   -9.877   -9.755   -9.478   -9.407   -8.957   -8.886   -8.834   -8.437
   -8.134   -8.113   -7.831   -7.588   -7.348   -7.247   -7.177   -6.930   -6.862   -6.607
   -6.028   -1.644   -0.958   -0.172   -0.103   -0.047   -0.028    0.132    0.395
            0.000000  0.000000  0.062500
  -22.907  -22.730  -22.448  -22.065  -21.581  -21.004  -20.338  -19.594  -18.800  -18.061
  -16.334  -15.443  -14.382  -13.251  -12.095  -10.987  -10.952  -10.783  -10.459  -10.244
  -10.066  -10.019   -9.883   -9.774   -9.472   -9.429   -8.978   -8.896   -8.828   -8.452
   -8.154   -8.107   -7.838   -7.611   -7.342   -7.254   -7.198   -6.950   -6.871   -6.601
   -6.022   -1.646   -0.959   -0.165   -0.097   -0.048   -0.022    0.139    0.402
            0.000000  0.000000  0.065000
  -22.901  -22.724  -22.443  -22.059  -21.576  -20.998  -20.332  -19.589  -18.795  -18.056
  -16.329  -15.439  -14.378  -13.248  -12.093  -10.980  -10.952  -10.776  -10.452  -10.267
  -10.090  -10.013   -9.892   -9.792   -9.465   -9.452   -8.998   -8.906   -8.822   -8.468
   -8.174   -8.101   -7.845   -7.633   -7.336   -7.262   -7.219   -6.970   -6.881   -6.594
   -6.015   -1.648   -0.961   -0.157   -0.089   -0.049   -0.015    0.146    0.410
            0.000000  0.000000  0.067500
  -22.895  -22.718  -22.437  -22.053  -21.570  -20.993  -20.327  -19.583  -18.789  -18.051
  -16.325  -15.434  -14.374  -13.245  -12.091  -10.973  -10.953  -10.769  -10.445  -10.292
  -10.114  -10.006   -9.902   -9.809   -9.475   -9.458   -9.020   -8.917   -8.815   -8.483
   -8.196   -8.094   -7.853   -7.656   -7.329   -7.271   -7.241   -6.990   -6.892   -6.588
   -6.008   -1.650   -0.962   -0.150   -0.082   -0.050   -0.008    0.154    0.418
            0.000000  0.000000  0.070000
  -22.889  -22.712  -22.431  -22.047  -21.564  -20.987  -20.321  -19.577  -18.784  -18.045
  -16.320  -15.430  -14.370  -13.242  -12.090  -10.966  -10.953  -10.762  -10.438  -10.317
  -10.139   -9.999   -9.915   -9.825   -9.499   -9.451   -9.042   -8.929   -8.808   -8.499
   -8.218   -8.087   -7.860   -7.680   -7.322   -7.280   -7.263   -7.011   -6.903   -6.581
   -6.001   -1.652   -0.964   -0.142   -0.074   -0.051   -0.000    0.162    0.426
            0.000000  0.000000  0.072500
  -22.883  -22.706  -22.425  -22.041  -21.558  -20.981  -20.315  -19.572  -18.778  -18.040
  -16.314  -15.425  -14.366  -13.239  -12.088  -10.959  -10.954  -10.755  -10.431  -10.343
  -10.165   -9.991   -9.931   -9.838   -9.524   -9.444   -9.064   -8.942   -8.801   -8.515
   -8.241   -8.080   -7.869   -7.704   -7.315   -7.291   -7.286   -7.032   -6.914   -6.573
   -5.994   -1.654   -0.966   -0.133   -0.066   -0.052    0.008    0.170    0.435
            0.000000  0.000000  0.075000
  -22.877  -22.699  -22.418  -22.035  -21.552  -20.974  -20.309  -19.565  -18.772  -18.034
  -16.309  -15.420  -14.362  -13.235  -12.086  -10.954  -10.951  -10.747  -10.423  -10.370
  -10.191   -9.984   -9.950   -9.850   -9.549   -9.437   -9.087   -8.955   -8.793   -8.531
   -8.264   -8.072   -7.877   -7.729   -7.310   -7.307   -7.300   -7.054   -6.926   -6.566
   -5.986   -1.657   -0.968   -0.125   -0.058   -0.053    0.016    0.178    0.444
            0.000000  0.000000  0.077500
  -22.870  -22.693  -22.412  -22.028  -21.545  -20.968  -20.302  -19.559  -18.766  -18.028
  -16.304  -15.415  -14.357  -13.232  -12.084  -10.955  -10.943  -10.739  -10.415  -10.397
  -10.218   -9.976   -9.972   -9.861   -9.575   -9.429   -9.110   -8.970   -8.786   -8.547
   -8.288   -8.065   -7.886   -7.754   -7.334   -7.312   -7.300   -7.076   -6.938   -6.558
   -5.978   -1.659   -0.970   -0.116   -0.054   -0.050    0.024    0.187    0.453
            0.000000  0.000000  0.080000
  -22.863  -22.686  -22.405  -22.021  -21.538  -20.961  -20.296  -19.553  -18.760  -18.022
  -16.298  -15.410  -14.353  -13.229  -12.083  -10.956  -10.935  -10.731  -10.426  -10.407
  -10.246   -9.995   -9.968   -9.870   -9.602   -9.421   -9.134   -8.985   -8.778   -8.563
   -8.313   -8.057   -7.895   -7.780   -7.358   -7.324   -7.292   -7.098   -6.950   -6.550
   -5.969   -1.661   -0.972   -0.106   -0.055   -0.041    0.032    0.196    0.462
            0.000000  0.000000  0.082500
  -22.856  -22.679  -22.398  -22.014  -21.531  -20.954  -20.289  -19.546  -18.753  -18.016
  -16.292  -15.405  -14.348  -13.225  -12.081  -10.957  -10.926  -10.722  -10.454  -10.399
  -10.274  -10.020   -9.960   -9.879   -9.629   -9.413   -9.158   -9.002   -8.769   -8.578
   -8.339   -8.049   -7.905   -7.806   -7.382   -7.338   -7.284   -7.120   -6.963   -6.542
   -5.961   -1.664   -0.975   -0.097   -0.057   -0.032    0.041    0.205    0.472
            0.000000  0.000000  0.085000
  -22.849  -22.671  -22.390  -22.007  -21.524  -20.947  -20.282  -19.539  -18.746  -18.009
  -16.286  -15.399  -14.344  -13.222  -12.079  -10.958  -10.918  -10.714  -10.484  -10.390
  -10.304  -10.047   -9.951   -9.887   -9.657   -9.404   -9.183   -9.020   -8.761   -8.594
   -8.365   -8.040   -7.916   -7.832   -7.406   -7.352   -7.275   -7.142   -6.977   -6.533
   -5.952   -1.667   -0.977   -0.087   -0.058   -0.023    0.050    0.214    0.482
            0.000000  0.000000  0.087500
  -22.841  -22.664  -22.383  -21.999  -21.517  -20.939  -20.274  -19.532  -18.739  -18.003
  -16.280  -15.394  -14.339  -13.218  -12.077  -10.960  -10.908  -10.705  -10.514  -10.381
  -10.333  -10.075   -9.942   -9.896   -9.685   -9.395   -9.208   -9.038   -8.752   -8.609
   -8.391   -8.032   -7.926   -7.859   -7.431   -7.368   -7.267   -7.163   -6.991   -6.525
   -5.943   -1.670   -0.980   -0.077   -0.060   -0.013    0.060    0.224    0.492
            0.000000  0.000000  0.090000
  -22.833  -22.656  -22.375  -21.992  -21.509  -20.932  -20.267  -19.524  -18.732  -17.996
  -16.274  -15.388  -14.334  -13.214  -12.075  -10.961  -10.899  -10.695  -10.545  -10.372
  -10.364  -10.103   -9.933   -9.905   -9.714   -9.386   -9.233   -9.058   -8.743   -8.625
   -8.418   -8.023   -7.938   -7.886   -7.456   -7.385   -7.258   -7.185   -7.005   -6.516
   -5.934   -1.673   -0.983   -0.067   -0.062   -0.003    0.069    0.234    0.503
            0.000000  0.000000  0.092500
  -22.825  -22.648  -22.367  -21.984  -21.501  -20.924  -20.259  -19.517  -18.725  -17.989
  -16.268  -15.382  -14.329  -13.210  -12.073  -10.963  -10.890  -10.686  -10.577  -10.395
  -10.362  -10.133   -9.924   -9.914   -9.743   -9.377   -9.258   -9.079   -8.734   -8.640
   -8.446   -8.014   -7.950   -7.913   -7.481   -7.404   -7.249   -7.206   -7.020   -6.506
   -5.924   -1.676   -0.985   -0.064   -0.056    0.007    0.079    0.244    0.514
            0.000000  0.000000  0.095000
  -22.817  -22.640  -22.359  -21.976  -21.493  -20.916  -20.251  -19.509  -18.717  -17.981
  -16.261  -15.376  -14.324  -13.207  -12.072  -10.965  -10.880  -10.676  -10.609  -10.427
  -10.353  -10.163   -9.923   -9.914   -9.773   -9.367   -9.283   -9.100   -8.725   -8.655
   -8.474   -8.005   -7.963   -7.940   -7.506   -7.424   -7.239   -7.226   -7.035   -6.497
   -5.914   -1.679   -0.988   -0.066   -0.045    0.017    0.089    0.255    0.525
            0.000000  0.000000  0.097500
  -22.808  -22.631  -22.350  -21.967  -21.485  -20.908  -20.243  -19.501  -18.710  -17.974
  -16.254  -15.370  -14.318  -13.203  -12.070  -10.967  -10.870  -10.666  -10.642  -10.459
  -10.343  -10.195   -9.934   -9.904   -9.803   -9.358   -9.309   -9.123   -8.715   -8.670
   -8.502   -7.995   -7.977   -7.968   -7.531   -7.445   -7.246   -7.230   -7.050   -6.487
   -5.904   -1.682   -0.992   -0.069   -0.034    0.028    0.100    0.266    0.537
            0.000000  0.000000  0.100000
  -22.800  -22.623  -22.342  -21.959  -21.476  -20.899  -20.235  -19.493  -18.702  -17.966
  -16.247  -15.363  -14.313  -13.199  -12.068  -10.970  -10.859  -10.675  -10.656  -10.492
  -10.332  -10.226   -9.944   -9.894   -9.834   -9.348   -9.334   -9.147   -8.705   -8.686
   -8.531   -7.997   -7.990   -7.985   -7.556   -7.468   -7.265   -7.220   -7.066   -6.477
   -5.894   -1.686   -0.995   -0.071   -0.022    0.038    0.110    0.277    0.548
            0.000000  0.000000  0.102500
  -22.791  -22.614  -22.333  -21.950  -21.467  -20.891  -20.226  -19.485  -18.693  -17.958
  -16.240  -15.357  -14.307  -13.195  -12.067  -10.973  -10.849  -10.709  -10.645  -10.525
  -10.322  -10.259   -9.956   -9.884   -9.865   -9.360   -9.337   -9.171   -8.701   -8.695
   -8.560   -8.024   -8.006   -7.975   -7.580   -7.492   -7.284   -7.210   -7.083   -6.467
   -5.883   -1.690   -0.998   -0.074   -0.010    0.050    0.121    0.288    0.560
            0.000000  0.000000  0.105000
  -22.782  -22.605  -22.324  -21.941  -21.459  -20.882  -20.217  -19.476  -18.685  -17.950
  -16.233  -15.350  -14.302  -13.191  -12.065  -10.976  -10.838  -10.744  -10.634  -10.558
  -10.311  -10.292   -9.968   -9.897   -9.873   -9.385   -9.327   -9.197   -8.717   -8.685
   -8.589   -8.052   -8.023   -7.965   -7.604   -7.518   -7.302   -7.200   -7.099   -6.456
   -5.872   -1.694   -1.002   -0.077    0.002    0.061    0.133    0.300    0.573
            0.000000  0.000000  0.107500
  -22.772  -22.595  -22.315  -21.932  -21.449  -20.873  -20.209  -19.467  -18.677  -17.942
  -16.226  -15.343  -14.296  -13.186  -12.063  -10.979  -10.827  -10.779  -10.623  -10.593
  -10.325  -10.300   -9.981   -9.929   -9.862   -9.411   -9.316   -9.223   -8.732   -8.674
   -8.618   -8.079   -8.040   -7.954   -7.628   -7.545   -7.320   -7.189   -7.116   -6.445
   -5.861   -1.698   -1.006   -0.080    0.014    0.073    0.144    0.312    0.585
            0.000000  0.000000  0.110000
  -22.763  -22.586  -22.305  -21.922  -21.440  -20.864  -20.199  -19.458  -18.668  -17.934
  -16.218  -15.336  -14.290  -13.182  -12.062  -10.983  -10.816  -10.815  -10.627  -10.612
  -10.360  -10.289   -9.995   -9.961   -9.851   -9.436   -9.305   -9.250   -8.748   -8.663
   -8.648   -8.107   -8.059   -7.943   -7.651   -7.573   -7.337   -7.178   -7.134   -6.434
   -5.850   -1.702   -1.010   -0.083    0.027    0.085    0.156    0.324    0.598
            0.000000  0.000000  0.112500
  -22.753  -22.576  -22.295  -21.912  -21.430  -20.854  -20.190  -19.449  -18.659  -17.925
  -16.210  -15.329  -14.284  -13.178  -12.061  -10.988  -10.851  -10.804  -10.662  -10.600
  -10.394  -10.277  -10.010   -9.993   -9.840   -9.461   -9.294   -9.277   -8.765   -8.678
   -8.652   -8.134   -8.079   -7.932   -7.674   -7.602   -7.354   -7.167   -7.152   -6.423
   -5.838   -1.706   -1.014   -0.087    0.040    0.097    0.168    0.337    0.612
            0.000000  0.000000  0.115000
  -22.743  -22.566  -22.285  -21.903  -21.421  -20.844  -20.180  -19.440  -18.650  -17.916
  -16.202  -15.322  -14.278  -13.174  -12.059  -10.993  -10.888  -10.792  -10.697  -10.589
  -10.429  -10.266  -10.028  -10.024   -9.828   -9.486   -9.306   -9.282   -8.782   -8.708
   -8.641   -8.161   -8.100   -7.921   -7.696   -7.632   -7.371   -7.170   -7.156   -6.412
   -5.826   -1.711   -1.018   -0.091    0.053    0.109    0.180    0.350    0.625
            0.000000  0.000000  0.117500
  -22.733  -22.556  -22.275  -21.893  -21.411  -20.834  -20.171  -19.430  -18.640  -17.907
  -16.194  -15.315  -14.272  -13.170  -12.058  -10.999  -10.925  -10.780  -10.733  -10.577
  -10.465  -10.254  -10.060  -10.042   -9.816   -9.510   -9.334   -9.271   -8.800   -8.738
   -8.629   -8.188   -8.123   -7.909   -7.718   -7.664   -7.388   -7.189   -7.144   -6.400
   -5.814   -1.715   -1.022   -0.095    0.067    0.122    0.193    0.363    0.639
            0.000000  0.000000  0.120000
  -22.723  -22.546  -22.265  -21.882  -21.400  -20.824  -20.161  -19.420  -18.631  -17.898
  -16.186  -15.307  -14.266  -13.165  -12.057  -11.006  -10.963  -10.768  -10.767  -10.564
  -10.501  -10.241  -10.093  -10.061   -9.804   -9.535   -9.364   -9.259   -8.818   -8.768
   -8.617   -8.214   -8.146   -7.898   -7.739   -7.696   -7.404   -7.208   -7.133   -6.388
   -5.802   -1.720   -1.027   -0.099    0.081    0.135    0.206    0.376    0.653
            0.000000  0.000000  0.122500
  -22.712  -22.535  -22.254  -21.872  -21.390  -20.814  -20.150  -19.410  -18.621  -17.889
  -16.178  -15.300  -14.259  -13.161  -12.056  -11.014  -11.001  -10.803  -10.755  -10.552
  -10.537  -10.229  -10.126  -10.080   -9.791   -9.559   -9.393   -9.246   -8.837   -8.797
   -8.605   -8.240   -8.171   -7.886   -7.759   -7.729   -7.421   -7.227   -7.121   -6.376
   -5.789   -1.725   -1.032   -0.103    0.095    0.148    0.219    0.390    0.668
            0.000000  0.000000  0.125000
  -22.701  -22.524  -22.244  -21.861  -21.379  -20.803  -20.140  -19.400  -18.611  -17.879
  -16.169  -15.292  -14.253  -13.157  -12.056  -11.039  -11.023  -10.838  -10.742  -10.574
  -10.539  -10.216  -10.159  -10.100   -9.779   -9.583   -9.424   -9.234   -8.857   -8.827
   -8.593   -8.266   -8.197   -7.873   -7.779   -7.762   -7.437   -7.247   -7.108   -6.363
   -5.776   -1.730   -1.037   -0.108    0.109    0.162    0.232    0.404    0.682
            0.000000  0.000000  0.127500
  -22.690  -22.513  -22.233  -21.850  -21.368  -20.793  -20.129  -19.390  -18.601  -17.869
  -16.161  -15.284  -14.247  -13.153  -12.055  -11.078  -11.034  -10.873  -10.729  -10.611
  -10.526  -10.203  -10.193  -10.122   -9.766   -9.607   -9.454   -9.221   -8.877   -8.857
   -8.580   -8.290   -8.225   -7.861   -7.800   -7.794   -7.453   -7.267   -7.096   -6.351
   -5.763   -1.736   -1.042   -0.113    0.124    0.175    0.246    0.419    0.697
            0.000000  0.000000  0.130000
  -22.679  -22.502  -22.221  -21.839  -21.357  -20.782  -20.119  -19.379  -18.591  -17.859
  -16.152  -15.276  -14.240  -13.148  -12.055  -11.118  -11.047  -10.906  -10.715  -10.648
  -10.512  -10.226  -10.190  -10.144   -9.753   -9.630   -9.485   -9.208   -8.899   -8.886
   -8.567   -8.314   -8.254   -7.848   -7.832   -7.814   -7.470   -7.288   -7.083   -6.338
   -5.749   -1.741   -1.047   -0.118    0.138    0.189    0.260    0.433    0.713
            0.000000  0.000000  0.132500
  -22.667  -22.490  -22.210  -21.827  -21.346  -20.770  -20.107  -19.368  -18.580  -17.849
  -16.143  -15.268  -14.233  -13.144  -12.055  -11.158  -11.064  -10.937  -10.702  -10.686
  -10.499  -10.260  -10.176  -10.168   -9.739   -9.654   -9.516   -9.195   -8.922   -8.914
   -8.554   -8.338   -8.283   -7.868   -7.835   -7.832   -7.487   -7.309   -7.070   -6.324
   -5.736   -1.747   -1.053   -0.124    0.154    0.204    0.274    0.448    0.728
            0.000000  0.000000  0.135000
  -22.655  -22.479  -22.198  -21.816  -21.334  -20.759  -20.096  -19.357  -18.569  -17.839
  -16.134  -15.260  -14.227  -13.140  -12.055  -11.198  -11.084  -10.965  -10.724  -10.688
  -10.485  -10.294  -10.193  -10.163   -9.726   -9.677   -9.547   -9.181   -8.947   -8.942
   -8.541   -8.360   -8.314   -7.904   -7.849   -7.822   -7.503   -7.330   -7.057   -6.311
   -5.722   -1.753   -1.059   -0.130    0.169    0.218    0.288    0.463    0.744
            0.000000  0.000000  0.137500
  -22.644  -22.467  -22.186  -21.804  -21.323  -20.747  -20.085  -19.346  -18.558  -17.828
  -16.125  -15.252  -14.220  -13.136  -12.056  -11.238  -11.108  -10.990  -10.762  -10.674
  -10.471  -10.327  -10.218  -10.149   -9.712   -9.701   -9.578   -9.168   -8.973   -8.969
   -8.527   -8.382   -8.346   -7.940   -7.866   -7.809   -7.520   -7.352   -7.044   -6.297
   -5.708   -1.760   -1.065   -0.136    0.185    0.233    0.303    0.479    0.760
            0.000000  0.000000  0.140000
  -22.631  -22.455  -22.174  -21.792  -21.311  -20.735  -20.073  -19.334  -18.547  -17.818
  -16.115  -15.243  -14.213  -13.132  -12.057  -11.279  -11.137  -11.012  -10.801  -10.659
  -10.456  -10.360  -10.245  -10.134   -9.725   -9.698   -9.609   -9.154   -9.000   -8.995
   -8.513   -8.403   -8.379   -7.977   -7.882   -7.795   -7.538   -7.374   -7.030   -6.283
   -5.693   -1.766   -1.071   -0.142    0.201    0.248    0.318    0.494    0.762
            0.000000  0.000000  0.142500
  -22.619  -22.442  -22.162  -21.780  -21.298  -20.723  -20.061  -19.323  -18.536  -17.807
  -16.106  -15.235  -14.207  -13.128  -12.058  -11.321  -11.170  -11.032  -10.839  -10.644
  -10.442  -10.393  -10.272  -10.120   -9.749   -9.683   -9.641   -9.139   -9.027   -9.022
   -8.499   -8.423   -8.412   -8.014   -7.898   -7.781   -7.555   -7.396   -7.016   -6.269
   -5.678   -1.773   -1.078   -0.149    0.217    0.263    0.333    0.510    0.765
            0.000000  0.000000  0.145000
  -22.606  -22.430  -22.149  -21.767  -21.286  -20.711  -20.049  -19.311  -18.525  -17.796
  -16.096  -15.226  -14.200  -13.124  -12.059  -11.362  -11.205  -11.050  -10.878  -10.629
  -10.427  -10.426  -10.301  -10.105   -9.773   -9.672   -9.669   -9.125   -9.054   -9.050
   -8.485   -8.448   -8.442   -8.052   -7.913   -7.767   -7.572   -7.419   -7.002   -6.255
   -5.663   -1.780   -1.085   -0.156    0.234    0.278    0.349    0.527    0.768
            0.000000  0.000000  0.147500
  -22.594  -22.417  -22.137  -21.755  -21.274  -20.699  -20.037  -19.299  -18.513  -17.784
  -16.087  -15.217  -14.193  -13.120  -12.061  -11.404  -11.242  -11.068  -10.917  -10.614
  -10.459  -10.412  -10.329  -10.090   -9.798   -9.703   -9.654   -9.110   -9.082   -9.077
   -8.483   -8.471   -8.461   -8.090   -7.928   -7.753   -7.590   -7.442   -6.988   -6.240
   -5.648   -1.787   -1.092   -0.163    0.250    0.294    0.364    0.543    0.769
            0.000000  0.000000  0.150000
  -22.581  -22.404  -22.124  -21.742  -21.261  -20.686  -20.024  -19.287  -18.501  -17.773
  -16.077  -15.209  -14.186  -13.116  -12.064  -11.446  -11.280  -11.086  -10.957  -10.599
  -10.492  -10.396  -10.359  -10.075   -9.824   -9.733   -9.639   -9.112   -9.102   -9.095
   -8.518   -8.480   -8.456   -8.128   -7.943   -7.738   -7.608   -7.465   -6.973   -6.225
   -5.633   -1.794   -1.099   -0.171    0.267    0.310    0.380    0.560    0.769
            0.000000  0.000000  0.152500
  -22.567  -22.391  -22.111  -21.729  -21.248  -20.673  -20.012  -19.274  -18.489  -17.761
  -16.067  -15.200  -14.179  -13.113  -12.067  -11.488  -11.320  -11.104  -10.996  -10.583
  -10.524  -10.389  -10.381  -10.059   -9.850   -9.764   -9.623   -9.143   -9.126   -9.080
   -8.555   -8.497   -8.441   -8.166   -7.957   -7.723   -7.626   -7.489   -6.958   -6.210
   -5.617   -1.802   -1.107   -0.179    0.285    0.326    0.397    0.577    0.768
            0.000000  0.000000  0.155000
  -22.554  -22.377  -22.097  -21.715  -21.234  -20.660  -19.999  -19.262  -18.476  -17.749
  -16.057  -15.191  -14.172  -13.110  -12.070  -11.531  -11.360  -11.123  -11.035  -10.567
  -10.556  -10.420  -10.365  -10.043   -9.876   -9.794   -9.608   -9.175   -9.149   -9.065
   -8.592   -8.515   -8.426   -8.204   -7.972   -7.708   -7.644   -7.513   -6.943   -6.195
   -5.601   -1.810   -1.114   -0.187    0.302    0.343    0.413    0.595    0.766
            0.000000  0.000000  0.157500
  -22.540  -22.364  -22.084  -21.702  -21.221  -20.647  -19.986  -19.249  -18.464  -17.737
  -16.047  -15.182  -14.165  -13.106  -12.074  -11.574  -11.400  -11.143  -11.074  -10.588
  -10.551  -10.451  -10.349  -10.027   -9.904   -9.823   -9.592   -9.208   -9.172   -9.049
   -8.629   -8.532   -8.410   -8.242   -7.986   -7.693   -7.663   -7.537   -6.928   -6.179
   -5.585   -1.818   -1.123   -0.196    0.320    0.360    0.430    0.613    0.763
            0.000000  0.000000  0.160000
  -22.526  -22.350  -22.070  -21.688  -21.207  -20.633  -19.972  -19.236  -18.451  -17.725
  -16.036  -15.173  -14.158  -13.103  -12.079  -11.617  -11.441  -11.163  -11.114  -10.619
  -10.534  -10.482  -10.332  -10.011   -9.932   -9.852   -9.576   -9.242   -9.193   -9.033
   -8.667   -8.548   -8.395   -8.280   -8.000   -7.682   -7.677   -7.562   -6.913   -6.164
   -5.568   -1.827   -1.131   -0.205    0.338    0.376    0.448    0.631    0.759
            0.000000  0.000000  0.162500
  -22.512  -22.336  -22.056  -21.674  -21.193  -20.620  -19.959  -19.222  -18.438  -17.712
  -16.026  -15.163  -14.151  -13.101  -12.085  -11.660  -11.483  -11.185  -11.153  -10.651
  -10.518  -10.513  -10.315   -9.995   -9.961   -9.881   -9.559   -9.277   -9.214   -9.017
   -8.705   -8.565   -8.379   -8.318   -8.015   -7.701   -7.662   -7.587   -6.897   -6.148
   -5.552   -1.835   -1.140   -0.214    0.356    0.394    0.465    0.649    0.753
            0.000000  0.000000  0.165000
  -22.498  -22.321  -22.041  -21.660  -21.179  -20.606  -19.945  -19.209  -18.425  -17.700
  -16.016  -15.154  -14.145  -13.098  -12.091  -11.703  -11.525  -11.208  -11.192  -10.682
  -10.545  -10.501  -10.299   -9.991   -9.978   -9.908   -9.543   -9.313   -9.234   -9.001
   -8.743   -8.583   -8.362   -8.355   -8.029   -7.720   -7.646   -7.612   -6.881   -6.131
   -5.535   -1.844   -1.148   -0.223    0.375    0.411    0.483    0.668    0.747
            0.000000  0.000000  0.167500
  -22.483  -22.307  -22.027  -21.645  -21.165  -20.591  -19.931  -19.195  -18.412  -17.687
  -16.005  -15.145  -14.138  -13.096  -12.098  -11.747  -11.567  -11.233  -11.230  -10.713
  -10.577  -10.483  -10.281  -10.022   -9.961   -9.935   -9.526   -9.349   -9.253   -8.984
   -8.782   -8.600   -8.392   -8.346   -8.043   -7.740   -7.638   -7.630   -6.865   -6.115
   -5.517   -1.854   -1.158   -0.233    0.393    0.429    0.501    0.687    0.740
            0.000000  0.000000  0.170000
  -22.469  -22.292  -22.012  -21.631  -21.151  -20.577  -19.917  -19.181  -18.399  -17.674
  -15.994  -15.136  -14.131  -13.094  -12.106  -11.790  -11.609  -11.271  -11.256  -10.744
  -10.608  -10.466  -10.264  -10.053   -9.962   -9.943   -9.509   -9.386   -9.272   -8.967
   -8.820   -8.620   -8.427   -8.330   -8.057   -7.760   -7.663   -7.613   -6.848   -6.098
   -5.500   -1.863   -1.167   -0.244    0.412    0.447    0.519    0.706    0.732
            0.000000  0.000000  0.172500
  -22.454  -22.277  -21.997  -21.616  -21.136  -20.563  -19.903  -19.167  -18.385  -17.661
  -15.984  -15.126  -14.124  -13.092  -12.116  -11.834  -11.652  -11.310  -11.282  -10.775
  -10.640  -10.448  -10.246  -10.086   -9.987   -9.926   -9.492   -9.423   -9.290   -8.950
   -8.859   -8.640   -8.460   -8.313   -8.071   -7.780   -7.690   -7.597   -6.832   -6.081
   -5.482   -1.873   -1.177   -0.255    0.431    0.465    0.538    0.724    0.725
            0.000000  0.000000  0.175000
  -22.438  -22.262  -21.982  -21.601  -21.121  -20.548  -19.888  -19.153  -18.371  -17.647
  -15.973  -15.117  -14.118  -13.091  -12.126  -11.877  -11.694  -11.349  -11.308  -10.806
  -10.671  -10.430  -10.228  -10.119  -10.012   -9.908   -9.474   -9.461   -9.307   -8.933
   -8.897   -8.663   -8.491   -8.296   -8.085   -7.800   -7.716   -7.580   -6.815   -6.064
   -5.464   -1.883   -1.187   -0.266    0.451    0.483    0.557    0.714    0.745
            0.000000  0.000000  0.177500
  -22.423  -22.247  -21.967  -21.586  -21.106  -20.533  -19.873  -19.139  -18.357  -17.634
  -15.962  -15.107  -14.111  -13.090  -12.137  -11.920  -11.737  -11.388  -11.336  -10.838
  -10.702  -10.412  -10.210  -10.153  -10.036   -9.890   -9.499   -9.456   -9.325   -8.936
   -8.915   -8.689   -8.519   -8.278   -8.099   -7.820   -7.743   -7.563   -6.798   -6.047
   -5.446   -1.893   -1.198   -0.277    0.470    0.502    0.576    0.703    0.765
            0.000000  0.000000  0.180000
  -22.407  -22.231  -21.951  -21.570  -21.090  -20.518  -19.858  -19.124  -18.343  -17.620
  -15.951  -15.098  -14.105  -13.090  -12.151  -11.963  -11.780  -11.426  -11.364  -10.869
  -10.733  -10.394  -10.192  -10.187  -10.060   -9.872   -9.537   -9.438   -9.342   -8.973
   -8.897   -8.717   -8.544   -8.261   -8.114   -7.841   -7.770   -7.545   -6.781   -6.029
   -5.428   -1.904   -1.208   -0.289    0.490    0.520    0.596    0.692    0.786
            0.000000  0.000000  0.182500
  -22.392  -22.215  -21.936  -21.555  -21.075  -20.502  -19.843  -19.109  -18.328  -17.606
  -15.940  -15.089  -14.099  -13.090  -12.165  -12.006  -11.823  -11.464  -11.394  -10.901
  -10.763  -10.375  -10.222  -10.173  -10.082   -9.853   -9.575   -9.420   -9.360   -9.010
   -8.879   -8.749   -8.566   -8.243   -8.128   -7.862   -7.797   -7.528   -6.763   -6.011
   -5.409   -1.915   -1.219   -0.301    0.510    0.539    0.616    0.680    0.807
            0.000000  0.000000  0.185000
  -22.376  -22.199  -21.920  -21.539  -21.059  -20.487  -19.828  -19.094  -18.314  -17.592
  -15.929  -15.079  -14.093  -13.090  -12.182  -12.048  -11.866  -11.502  -11.423  -10.933
  -10.793  -10.356  -10.258  -10.154  -10.104   -9.835   -9.613   -9.401   -9.378   -9.046
   -8.861   -8.783   -8.585   -8.225   -8.142   -7.884   -7.825   -7.510   -6.746   -5.993
   -5.390   -1.927   -1.231   -0.314    0.530    0.559    0.636    0.668    0.828
            0.000000  0.000000  0.187500
  -22.359  -22.183  -21.904  -21.523  -21.043  -20.471  -19.812  -19.079  -18.299  -17.577
  -15.918  -15.070  -14.087  -13.091  -12.202  -12.088  -11.908  -11.540  -11.454  -10.966
  -10.822  -10.337  -10.294  -10.135  -10.125   -9.816   -9.652   -9.397   -9.383   -9.081
   -8.843   -8.820   -8.602   -8.207   -8.157   -7.905   -7.853   -7.492   -6.728   -5.975
   -5.371   -1.938   -1.242   -0.327    0.550    0.578    0.654    0.656    0.849
            0.000000  0.000000  0.190000
  -22.343  -22.167  -21.887  -21.506  -21.027  -20.455  -19.796  -19.063  -18.284  -17.563
  -15.906  -15.060  -14.081  -13.093  -12.225  -12.126  -11.951  -11.578  -11.484  -10.999
  -10.851  -10.331  -10.317  -10.146  -10.116   -9.797   -9.690   -9.417   -9.364   -9.115
   -8.858   -8.824   -8.617   -8.189   -8.172   -7.927   -7.881   -7.474   -6.710   -5.957
   -5.351   -1.950   -1.254   -0.340    0.571    0.598    0.640    0.677    0.870
            0.000000  0.000000  0.192500
  -22.326  -22.150  -21.870  -21.490  -21.011  -20.438  -19.780  -19.048  -18.268  -17.548
  -15.895  -15.051  -14.076  -13.096  -12.252  -12.162  -11.994  -11.615  -11.515  -11.032
  -10.879  -10.367  -10.297  -10.167  -10.096   -9.777   -9.727   -9.438   -9.344   -9.146
   -8.898   -8.805   -8.631   -8.186   -8.170   -7.949   -7.909   -7.456   -6.692   -5.938
   -5.332   -1.962   -1.267   -0.354    0.592    0.618    0.625    0.698    0.892
            0.000000  0.000000  0.195000
  -22.309  -22.133  -21.854  -21.473  -20.994  -20.422  -19.764  -19.032  -18.253  -17.533
  -15.884  -15.042  -14.071  -13.099  -12.283  -12.194  -12.037  -11.652  -11.546  -11.066
  -10.907  -10.404  -10.277  -10.187  -10.076   -9.764   -9.757   -9.462   -9.325   -9.176
   -8.939   -8.786   -8.644   -8.201   -8.151   -7.971   -7.937   -7.437   -6.673   -5.919
   -5.312   -1.975   -1.279   -0.368    0.610    0.613    0.638    0.720    0.915
            0.000000  0.000000  0.197500
  -22.292  -22.116  -21.837  -21.456  -20.977  -20.405  -19.748  -19.016  -18.237  -17.518
  -15.873  -15.033  -14.066  -13.103  -12.319  -12.223  -12.079  -11.689  -11.578  -11.100
  -10.934  -10.442  -10.257  -10.207  -10.056   -9.801   -9.737   -9.487   -9.305   -9.202
   -8.981   -8.767   -8.656   -8.216   -8.132   -7.994   -7.966   -7.418   -6.654   -5.900
   -5.292   -1.988   -1.292   -0.383    0.593    0.634    0.658    0.741    0.937
            0.000000  0.000000  0.200000
  -22.275  -22.099  -21.819  -21.439  -20.960  -20.389  -19.731  -19.000  -18.222  -17.503
  -15.861  -15.024  -14.062  -13.108  -12.358  -12.250  -12.122  -11.726  -11.609  -11.134
  -10.960  -10.479  -10.237  -10.228  -10.036   -9.836   -9.717   -9.515   -9.285   -9.227
   -9.023   -8.747   -8.668   -8.231   -8.113   -8.017   -7.995   -7.400   -6.635   -5.881
   -5.271   -2.001   -1.306   -0.398    0.577    0.655    0.679    0.764    0.960
            0.000000  0.000000  0.202500
  -22.257  -22.081  -21.802  -21.421  -20.943  -20.371  -19.714  -18.983  -18.206  -17.487
  -15.850  -15.015  -14.058  -13.113  -12.398  -12.277  -12.164  -11.762  -11.641  -11.169
  -10.986  -10.516  -10.249  -10.216  -10.015   -9.870   -9.697   -9.545   -9.265   -9.248
   -9.066   -8.727   -8.679   -8.247   -8.093   -8.041   -8.024   -7.380   -6.616   -5.861
   -5.251   -2.015   -1.320   -0.413    0.559    0.676    0.700    0.786    0.983
            0.000000  0.000000  0.205000
  -22.239  -22.063  -21.784  -21.404  -20.925  -20.354  -19.697  -18.966  -18.190  -17.472
  -15.839  -15.006  -14.054  -13.120  -12.440  -12.303  -12.206  -11.798  -11.672  -11.204
  -11.012  -10.552  -10.272  -10.195   -9.994   -9.902   -9.676   -9.578   -9.267   -9.245
   -9.109   -8.707   -8.689   -8.262   -8.074   -8.065   -8.052   -7.361   -6.597   -5.841
   -5.230   -2.029   -1.334   -0.429    0.541    0.698    0.721    0.809    1.007
            0.000000  0.000000  0.207500
  -22.221  -22.045  -21.766  -21.386  -20.908  -20.337  -19.680  -18.950  -18.173  -17.456
  -15.828  -14.997  -14.050  -13.128  -12.483  -12.330  -12.248  -11.834  -11.704  -11.239
  -11.037  -10.588  -10.295  -10.174   -9.973   -9.933   -9.655   -9.613   -9.284   -9.224
   -9.153   -8.700   -8.687   -8.277   -8.091   -8.079   -8.054   -7.341   -6.578   -5.822
   -5.209   -2.043   -1.348   -0.445    0.522    0.720    0.742    0.832    1.030
            0.000000  0.000000  0.210000
  -22.203  -22.027  -21.748  -21.368  -20.890  -20.319  -19.663  -18.933  -18.157  -17.440
  -15.817  -14.988  -14.048  -13.136  -12.526  -12.358  -12.289  -11.870  -11.735  -11.275
  -11.062  -10.624  -10.320  -10.152   -9.961   -9.952   -9.649   -9.634   -9.299   -9.203
   -9.197   -8.710   -8.666   -8.293   -8.119   -8.105   -8.034   -7.322   -6.558   -5.801
   -5.187   -2.058   -1.363   -0.462    0.503    0.741    0.763    0.856    1.054
            0.000000  0.000000  0.212500
  -22.185  -22.009  -21.730  -21.350  -20.872  -20.301  -19.645  -18.915  -18.140  -17.424
  -15.805  -14.980  -14.045  -13.146  -12.570  -12.386  -12.331  -11.906  -11.766  -11.310
  -11.087  -10.659  -10.346  -10.131   -9.988   -9.930   -9.688   -9.613   -9.312   -9.241
   -9.182   -8.720   -8.646   -8.309   -8.149   -8.130   -8.013   -7.302   -6.538   -5.781
   -5.166   -2.073   -1.378   -0.479    0.483    0.763    0.785    0.879    1.079
            0.000000  0.000000  0.215000
  -22.166  -21.990  -21.711  -21.331  -20.854  -20.283  -19.627  -18.898  -18.123  -17.407
  -15.794  -14.972  -14.044  -13.157  -12.613  -12.414  -12.372  -11.941  -11.797  -11.345
  -11.112  -10.692  -10.375  -10.109  -10.011   -9.909   -9.727   -9.591   -9.323   -9.285
   -9.161   -8.729   -8.625   -8.325   -8.179   -8.154   -7.993   -7.281   -6.518   -5.761
   -5.144   -2.089   -1.393   -0.497    0.463    0.786    0.807    0.904    1.103
            0.000000  0.000000  0.217500
  -22.147  -21.972  -21.693  -21.313  -20.835  -20.265  -19.609  -18.880  -18.106  -17.391
  -15.783  -14.964  -14.042  -13.170  -12.657  -12.444  -12.413  -11.977  -11.827  -11.381
  -11.138  -10.725  -10.405  -10.086  -10.033   -9.887   -9.768   -9.569   -9.334   -9.329
   -9.139   -8.739   -8.603   -8.341   -8.209   -8.179   -7.972   -7.261   -6.498   -5.740
   -5.122   -2.104   -1.409   -0.515    0.442    0.808    0.829    0.928    1.128
            0.000000  0.000000  0.220000
  -22.128  -21.953  -21.674  -21.294  -20.816  -20.246  -19.591  -18.863  -18.089  -17.374
  -15.773  -14.956  -14.042  -13.183  -12.700  -12.474  -12.453  -12.012  -11.858  -11.416
  -11.164  -10.756  -10.438  -10.064  -10.052   -9.864   -9.809   -9.547   -9.375   -9.342
   -9.118   -8.749   -8.582   -8.357   -8.240   -8.204   -7.951   -7.241   -6.478   -5.719
   -5.100   -2.120   -1.425   -0.533    0.420    0.830    0.851    0.953    1.153
            0.000000  0.000000  0.222500
  -22.109  -21.933  -21.655  -21.275  -20.797  -20.228  -19.573  -18.845  -18.071  -17.357
  -15.762  -14.949  -14.042  -13.198  -12.744  -12.504  -12.493  -12.048  -11.888  -11.450
  -11.191  -10.785  -10.472  -10.068  -10.041   -9.852   -9.842   -9.525   -9.420   -9.350
   -9.096   -8.758   -8.560   -8.374   -8.271   -8.229   -7.930   -7.220   -6.457   -5.698
   -5.077   -2.137   -1.442   -0.552    0.398    0.853    0.873    0.978    1.179
            0.000000  0.000000  0.225000
  -22.090  -21.914  -21.635  -21.256  -20.778  -20.209  -19.554  -18.826  -18.054  -17.340
  -15.751  -14.942  -14.043  -13.214  -12.787  -12.536  -12.532  -12.083  -11.918  -11.484
  -11.219  -10.812  -10.508  -10.082  -10.018   -9.895   -9.819   -9.502   -9.465   -9.358
   -9.073   -8.768   -8.539   -8.391   -8.303   -8.254   -7.909   -7.199   -6.436   -5.677
   -5.055   -2.154   -1.459   -0.571    0.376    0.876    0.896    1.004    1.205
            0.000000  0.000000  0.227500
  -22.070  -21.894  -21.616  -21.236  -20.759  -20.190  -19.535  -18.808  -18.036  -17.322
  -15.741  -14.935  -14.045  -13.232  -12.830  -12.573  -12.566  -12.118  -11.948  -11.517
  -11.248  -10.837  -10.546  -10.095   -9.995   -9.939   -9.796   -9.511   -9.480   -9.364
   -9.051   -8.777   -8.517   -8.407   -8.335   -8.279   -7.887   -7.178   -6.415   -5.655
   -5.032   -2.171   -1.476   -0.590    0.352    0.899    0.918    1.030    1.231
            0.000000  0.000000  0.230000
  -22.050  -21.874  -21.596  -21.216  -20.739  -20.170  -19.516  -18.789  -18.018  -17.305
  -15.731  -14.928  -14.048  -13.251  -12.873  -12.612  -12.598  -12.152  -11.978  -11.549
  -11.278  -10.860  -10.585  -10.105   -9.983   -9.972   -9.773   -9.556   -9.457   -9.371
   -9.028   -8.787   -8.494   -8.424   -8.366   -8.304   -7.865   -7.156   -6.394   -5.634
   -5.009   -2.189   -1.494   -0.610    0.329    0.922    0.941    1.056    1.242
            0.000000  0.000000  0.232500
  -22.030  -21.854  -21.576  -21.197  -20.720  -20.151  -19.497  -18.771  -17.999  -17.287
  -15.721  -14.923  -14.052  -13.271  -12.916  -12.650  -12.630  -12.186  -12.009  -11.580
  -11.311  -10.881  -10.625  -10.114  -10.027   -9.948   -9.749   -9.601   -9.433   -9.376
   -9.005   -8.796   -8.472   -8.442   -8.398   -8.330   -7.843   -7.135   -6.373   -5.612
   -4.985   -2.207   -1.511   -0.631    0.304    0.945    0.964    1.082    1.217
            0.000000  0.000000  0.235000
  -22.010  -21.834  -21.556  -21.176  -20.700  -20.131  -19.478  -18.752  -17.981  -17.269
  -15.711  -14.917  -14.056  -13.293  -12.958  -12.689  -12.663  -12.220  -12.039  -11.609
  -11.344  -10.899  -10.666  -10.122  -10.072   -9.924   -9.726   -9.647   -9.410   -9.382
   -8.982   -8.806   -8.459   -8.449   -8.431   -8.355   -7.821   -7.113   -6.352   -5.590
   -4.962   -2.225   -1.530   -0.651    0.280    0.968    0.987    1.109    1.190
            0.000000  0.000000  0.237500
  -21.989  -21.814  -21.535  -21.156  -20.680  -20.111  -19.458  -18.733  -17.963  -17.251
  -15.701  -14.912  -14.062  -13.316  -13.000  -12.726  -12.696  -12.253  -12.070  -11.638
  -11.379  -10.915  -10.709  -10.129  -10.117   -9.900   -9.702   -9.692   -9.387   -9.386
   -8.959   -8.816   -8.477   -8.462   -8.426   -8.381   -7.799   -7.092   -6.330   -5.568
   -4.938   -2.244   -1.548   -0.672    0.255    0.991    1.011    1.137    1.162
            0.000000  0.000000  0.240000
  -21.968  -21.793  -21.515  -21.136  -20.659  -20.091  -19.438  -18.713  -17.944  -17.233
  -15.692  -14.908  -14.069  -13.340  -13.041  -12.763  -12.729  -12.286  -12.102  -11.664
  -11.416  -10.929  -10.751  -10.162  -10.135   -9.876   -9.737   -9.677   -9.391   -9.362
   -8.935   -8.825   -8.500   -8.490   -8.407   -8.403   -7.776   -7.070   -6.308   -5.546
   -4.914   -2.263   -1.567   -0.694    0.229    1.015    1.034    1.134    1.164
            0.000000  0.000000  0.242500
  -21.947  -21.772  -21.494  -21.115  -20.639  -20.071  -19.418  -18.694  -17.925  -17.215
  -15.683  -14.904  -14.077  -13.365  -13.083  -12.800  -12.763  -12.318  -12.135  -11.689
  -11.454  -10.941  -10.795  -10.208  -10.140   -9.851   -9.782   -9.653   -9.396   -9.338
   -8.912   -8.835   -8.531   -8.510   -8.434   -8.380   -7.754   -7.047   -6.287   -5.524
   -4.890   -2.282   -1.587   -0.716    0.203    1.039    1.058    1.104    1.192
            0.000000  0.000000  0.245000
  -21.926  -21.751  -21.473  -21.094  -20.618  -20.050  -19.398  -18.674  -17.906  -17.196
  -15.674  -14.901  -14.087  -13.392  -13.123  -12.836  -12.796  -12.349  -12.168  -11.711
  -11.493  -10.952  -10.839  -10.253  -10.145   -9.827   -9.827   -9.628   -9.400   -9.314
   -8.888   -8.844   -8.563   -8.529   -8.460   -8.357   -7.731   -7.025   -6.265   -5.501
   -4.865   -2.302   -1.606   -0.738    0.176    1.063    1.074    1.082    1.221
            0.000000  0.000000  0.247500
  -21.905  -21.729  -21.451  -21.073  -20.597  -20.029  -19.378  -18.654  -17.887  -17.177
  -15.666  -14.899  -14.098  -13.420  -13.163  -12.871  -12.831  -12.379  -12.203  -11.732
  -11.533  -10.960  -10.884  -10.299  -10.149   -9.872   -9.801   -9.603   -9.404   -9.289
   -8.864   -8.854   -8.596   -8.547   -8.487   -8.333   -7.708   -7.003   -6.242   -5.479
   -4.841   -2.322   -1.626   -0.761    0.149    1.043    1.087    1.106    1.249
            0.000000  0.000000  0.250000
  -21.883  -21.708  -21.430  -21.051  -20.576  -20.009  -19.357  -18.634  -17.867  -17.158
  -15.658  -14.897  -14.110  -13.449  -13.203  -12.906  -12.865  -12.408  -12.238  -11.751
  -11.574  -10.967  -10.928  -10.345  -10.154   -9.915   -9.776   -9.578   -9.408   -9.264
   -8.864   -8.839   -8.630   -8.566   -8.514   -8.309   -7.684   -6.980   -6.220   -5.456
   -4.816   -2.343   -1.647   -0.784    0.122    1.011    1.111    1.130    1.278
            0.000000  0.000000  0.252500
  -21.861  -21.686  -21.408  -21.030  -20.554  -19.987  -19.337  -18.614  -17.848  -17.139
  -15.651  -14.896  -14.123  -13.478  -13.242  -12.940  -12.900  -12.436  -12.275  -11.768
  -11.616  -10.974  -10.972  -10.390  -10.159   -9.958   -9.751   -9.553   -9.411   -9.239
   -8.874   -8.814   -8.663   -8.584   -8.541   -8.285   -7.661   -6.957   -6.198   -5.433
   -4.791   -2.364   -1.667   -0.807    0.094    0.979    1.135    1.154    1.307
            0.000000  0.000000  0.255000
  -21.839  -21.664  -21.386  -21.008  -20.533  -19.966  -19.316  -18.593  -17.828  -17.120
  -15.644  -14.896  -14.138  -13.509  -13.281  -12.974  -12.935  -12.462  -12.312  -11.783
  -11.658  -11.019  -10.978  -10.436  -10.166   -9.998   -9.725   -9.527   -9.415   -9.214
   -8.884   -8.790   -8.697   -8.603   -8.568   -8.261   -7.637   -6.934   -6.175   -5.410
   -4.766   -2.385   -1.688   -0.831    0.065    0.946    1.160    1.179    1.337
            0.000000  0.000000  0.257500
  -21.817  -21.642  -21.364  -20.986  -20.511  -19.945  -19.294  -18.573  -17.808  -17.100
  -15.638  -14.897  -14.154  -13.541  -13.319  -13.006  -12.971  -12.487  -12.350  -11.795
  -11.702  -11.064  -10.982  -10.481  -10.176  -10.035   -9.699   -9.502   -9.418   -9.189
   -8.894   -8.765   -8.731   -8.623   -8.595   -8.236   -7.613   -6.911   -6.153   -5.387
   -4.740   -2.406   -1.709   -0.855    0.037    0.913    1.184    1.204    1.367
            0.000000  0.000000  0.260000
  -21.795  -21.620  -21.342  -20.964  -20.489  -19.923  -19.273  -18.552  -17.788  -17.081
  -15.632  -14.899  -14.172  -13.574  -13.356  -13.038  -13.007  -12.511  -12.389  -11.807
  -11.745  -11.110  -10.986  -10.526  -10.191  -10.066   -9.673   -9.476   -9.421   -9.163
   -8.904   -8.765   -8.739   -8.642   -8.621   -8.212   -7.590   -6.888   -6.130   -5.363
   -4.715   -2.428   -1.731   -0.879    0.007    0.879    1.209    1.228    1.397
            0.000000  0.000000  0.262500
  -21.772  -21.597  -21.319  -20.942  -20.467  -19.901  -19.252  -18.531  -17.767  -17.061
  -15.627  -14.902  -14.191  -13.607  -13.393  -13.068  -13.044  -12.533  -12.429  -11.816
  -11.790  -11.156  -10.988  -10.571  -10.215  -10.088   -9.646   -9.449   -9.425   -9.137
   -8.914   -8.799   -8.714   -8.663   -8.647   -8.187   -7.565   -6.865   -6.107   -5.340
   -4.689   -2.451   -1.753   -0.904   -0.022    0.844    1.234    1.253    1.428
            0.000000  0.000000  0.265000
  -21.749  -21.574  -21.297  -20.919  -20.444  -19.879  -19.230  -18.510  -17.747  -17.041
  -15.622  -14.907  -14.212  -13.641  -13.428  -13.098  -13.081  -12.553  -12.470  -11.834
  -11.824  -11.202  -10.991  -10.615  -10.247  -10.102   -9.619   -9.428   -9.423   -9.111
   -8.925   -8.834   -8.688   -8.686   -8.671   -8.162   -7.541   -6.841   -6.084   -5.317
   -4.663   -2.473   -1.775   -0.929   -0.052    0.809    1.259    1.278    1.459
            0.000000  0.000000  0.267500
  -21.726  -21.551  -21.274  -20.896  -20.422  -19.856  -19.208  -18.489  -17.726  -17.021
  -15.618  -14.912  -14.234  -13.676  -13.463  -13.126  -13.119  -12.571  -12.512  -11.879
  -11.831  -11.247  -10.994  -10.658  -10.285  -10.110   -9.593   -9.431   -9.396   -9.084
   -8.935   -8.868   -8.712   -8.694   -8.662   -8.136   -7.517   -6.817   -6.061   -5.293
   -4.637   -2.496   -1.797   -0.954   -0.082    0.774    1.284    1.303    1.490
            0.000000  0.000000  0.270000
  -21.703  -21.528  -21.251  -20.873  -20.399  -19.834  -19.186  -18.467  -17.706  -17.000
  -15.615  -14.919  -14.258  -13.712  -13.497  -13.157  -13.154  -12.588  -12.554  -11.924
  -11.837  -11.293  -10.997  -10.700  -10.326  -10.114   -9.565   -9.434   -9.369   -9.058
   -8.946   -8.903   -8.739   -8.714   -8.636   -8.111   -7.492   -6.794   -6.038   -5.270
   -4.611   -2.520   -1.820   -0.980   -0.113    0.738    1.309    1.329    1.522
            0.000000  0.000000  0.272500
  -21.679  -21.505  -21.227  -20.850  -20.376  -19.811  -19.164  -18.445  -17.685  -16.980
  -15.613  -14.927  -14.283  -13.748  -13.530  -13.196  -13.180  -12.603  -12.596  -11.969
  -11.841  -11.338  -11.001  -10.741  -10.369  -10.116   -9.538   -9.437   -9.342   -9.031
   -8.957   -8.938   -8.766   -8.735   -8.610   -8.085   -7.467   -6.770   -6.015   -5.246
   -4.585   -2.543   -1.843   -1.006   -0.144    0.702    1.335    1.354    1.510
            0.000000  0.000000  0.275000
  -21.656  -21.481  -21.204  -20.827  -20.353  -19.788  -19.141  -18.424  -17.664  -16.959
  -15.612  -14.936  -14.309  -13.785  -13.563  -13.236  -13.205  -12.639  -12.616  -12.014
  -11.845  -11.383  -11.008  -10.778  -10.413  -10.116   -9.510   -9.440   -9.315   -9.004
   -8.973   -8.968   -8.794   -8.755   -8.584   -8.060   -7.442   -6.746   -5.991   -5.222
   -4.558   -2.567   -1.866   -1.032   -0.175    0.666    1.360    1.380    1.470
            0.000000  0.000000  0.277500
  -21.632  -21.457  -21.180  -20.803  -20.329  -19.765  -19.119  -18.402  -17.643  -16.938
  -15.611  -14.947  -14.336  -13.823  -13.594  -13.275  -13.228  -12.682  -12.628  -12.059
  -11.848  -11.427  -11.019  -10.811  -10.457  -10.116   -9.483   -9.443   -9.287   -9.008
   -8.979   -8.977   -8.823   -8.775   -8.557   -8.034   -7.417   -6.722   -5.968   -5.198
   -4.531   -2.591   -1.889   -1.058   -0.207    0.629    1.386    1.405    1.429
            0.000000  0.000000  0.280000
  -21.608  -21.433  -21.156  -20.779  -20.306  -19.742  -19.096  -18.379  -17.621  -16.917
  -15.612  -14.959  -14.365  -13.861  -13.624  -13.316  -13.250  -12.726  -12.639  -12.104
  -11.852  -11.470  -11.034  -10.838  -10.503  -10.115   -9.454   -9.446   -9.259   -9.043
   -8.990   -8.949   -8.851   -8.796   -8.530   -8.008   -7.392   -6.698   -5.944   -5.175
   -4.504   -2.616   -1.912   -1.085   -0.239    0.592    1.388    1.411    1.431
            0.000000  0.000000  0.282500
  -21.583  -21.409  -21.132  -20.755  -20.282  -19.719  -19.073  -18.357  -17.600  -16.896
  -15.614  -14.972  -14.395  -13.899  -13.653  -13.357  -13.271  -12.770  -12.648  -12.149
  -11.855  -11.512  -11.057  -10.858  -10.548  -10.113   -9.449   -9.426   -9.231   -9.079
   -9.001   -8.922   -8.880   -8.816   -8.503   -7.981   -7.367   -6.673   -5.921   -5.151
   -4.477   -2.641   -1.936   -1.112   -0.271    0.554    1.346    1.437    1.457
            0.000000  0.000000  0.285000
  -21.559  -21.384  -21.108  -20.731  -20.258  -19.695  -19.049  -18.335  -17.578  -16.875
  -15.617  -14.987  -14.426  -13.938  -13.681  -13.398  -13.290  -12.814  -12.656  -12.193
  -11.860  -11.552  -11.086  -10.872  -10.594  -10.111   -9.452   -9.398   -9.203   -9.114
   -9.013   -8.908   -8.894   -8.837   -8.476   -7.955   -7.341   -6.649   -5.898   -5.127
   -4.450   -2.666   -1.960   -1.139   -0.303    0.516    1.304    1.463    1.483
            0.000000  0.000000  0.287500
  -21.534  -21.360  -21.083  -20.707  -20.234  -19.671  -19.026  -18.312  -17.556  -16.853
  -15.620  -15.003  -14.457  -13.978  -13.708  -13.439  -13.308  -12.857  -12.663  -12.237
  -11.866  -11.590  -11.120  -10.879  -10.640  -10.109   -9.455   -9.369   -9.174   -9.150
   -9.025   -8.937   -8.866   -8.857   -8.448   -7.928   -7.316   -6.624   -5.874   -5.103
   -4.423   -2.691   -1.984   -1.166   -0.336    0.478    1.262    1.490    1.509
            0.000000  0.000000  0.290000
  -21.509  -21.335  -21.058  -20.682  -20.209  -19.647  -19.003  -18.289  -17.535  -16.832
  -15.626  -15.021  -14.490  -14.018  -13.734  -13.480  -13.324  -12.901  -12.670  -12.280
  -11.875  -11.623  -11.158  -10.882  -10.686  -10.106   -9.458   -9.340   -9.186   -9.146
   -9.038   -8.965   -8.878   -8.838   -8.421   -7.901   -7.290   -6.600   -5.850   -5.080
   -4.396   -2.717   -2.008   -1.194   -0.369    0.440    1.219    1.516    1.536
            0.000000  0.000000  0.292500
  -21.484  -21.310  -21.033  -20.657  -20.185  -19.623  -18.979  -18.266  -17.513  -16.810
  -15.632  -15.040  -14.524  -14.059  -13.759  -13.522  -13.340  -12.944  -12.677  -12.322
  -11.889  -11.652  -11.199  -10.883  -10.732  -10.104   -9.461   -9.311   -9.222   -9.117
   -9.051   -8.993   -8.899   -8.809   -8.393   -7.874   -7.264   -6.575   -5.827   -5.056
   -4.368   -2.743   -2.032   -1.221   -0.402    0.401    1.176    1.542    1.562
            0.000000  0.000000  0.295000
  -21.459  -21.284  -21.008  -20.632  -20.160  -19.598  -18.955  -18.243  -17.490  -16.788
  -15.640  -15.061  -14.559  -14.100  -13.783  -13.562  -13.354  -12.987  -12.684  -12.362
  -11.908  -11.674  -11.241  -10.881  -10.778  -10.101   -9.464   -9.281   -9.258   -9.088
   -9.067   -9.019   -8.920   -8.780   -8.365   -7.847   -7.238   -6.550   -5.803   -5.032
   -4.341   -2.769   -2.057   -1.249   -0.435    0.362    1.133    1.569    1.589
            0.000000  0.000000  0.297500
  -21.433  -21.259  -20.983  -20.607  -20.135  -19.574  -18.931  -18.220  -17.468  -16.766
  -15.648  -15.083  -14.595  -14.142  -13.807  -13.603  -13.368  -13.029  -12.692  -12.400
  -11.934  -11.690  -11.285  -10.877  -10.824  -10.097   -9.467   -9.294   -9.252   -9.085
   -9.058   -9.043   -8.941   -8.752   -8.337   -7.820   -7.212   -6.526   -5.780   -5.009
   -4.313   -2.795   -2.081   -1.277   -0.469    0.323    1.089    1.595    1.615
            0.000000  0.000000  0.300000
  -21.407  -21.233  -20.957  -20.581  -20.110  -19.549  -18.907  -18.196  -17.446  -16.744
  -15.659  -15.106  -14.631  -14.184  -13.830  -13.642  -13.381  -13.070  -12.703  -12.434
  -11.965  -11.699  -11.329  -10.873  -10.869  -10.094   -9.470   -9.330   -9.222   -9.107
   -9.063   -9.029   -8.963   -8.722   -8.308   -7.793   -7.186   -6.501   -5.756   -4.986
   -4.286   -2.822   -2.105   -1.305   -0.502    0.284    1.046    1.622    1.642
            0.000000  0.000000  0.302500
  -21.382  -21.207  -20.931  -20.556  -20.085  -19.524  -18.882  -18.173  -17.424  -16.722
  -15.670  -15.130  -14.668  -14.226  -13.854  -13.680  -13.395  -13.110  -12.717  -12.464
  -12.000  -11.704  -11.374  -10.916  -10.867  -10.091   -9.473   -9.366   -9.192   -9.132
   -9.079   -8.999   -8.984   -8.693   -8.280   -7.765   -7.160   -6.476   -5.733   -4.962
   -4.258   -2.848   -2.130   -1.333   -0.536    0.244    1.001    1.649    1.669
            0.000000  0.000000  0.305000
  -21.355  -21.181  -20.905  -20.530  -20.059  -19.499  -18.858  -18.149  -17.401  -16.699
  -15.683  -15.156  -14.705  -14.268  -13.878  -13.716  -13.409  -13.147  -12.736  -12.488
  -12.038  -11.704  -11.419  -10.962  -10.861  -10.087   -9.477   -9.402   -9.162   -9.160
   -9.094   -9.005   -8.969   -8.664   -8.251   -7.737   -7.133   -6.451   -5.710   -4.939
   -4.231   -2.875   -2.154   -1.362   -0.570    0.205    0.957    1.674    1.676
            0.000000  0.000000  0.307500
  -21.329  -21.155  -20.879  -20.504  -20.033  -19.473  -18.833  -18.125  -17.378  -16.677
  -15.697  -15.182  -14.744  -14.311  -13.905  -13.748  -13.425  -13.181  -12.760  -12.506
  -12.079  -11.702  -11.465  -11.008  -10.854  -10.083   -9.480   -9.439   -9.189   -9.131
   -9.108   -9.027   -8.939   -8.634   -8.222   -7.710   -7.107   -6.426   -5.686   -4.916
   -4.203   -2.902   -2.178   -1.390   -0.604    0.165    0.913    1.627    1.703
            0.000000  0.000000  0.310000
  -21.302  -21.128  -20.853  -20.478  -20.007  -19.448  -18.808  -18.101  -17.356  -16.654
  -15.713  -15.210  -14.782  -14.355  -13.934  -13.776  -13.444  -13.210  -12.789  -12.518
  -12.122  -11.698  -11.511  -11.054  -10.847  -10.080   -9.484   -9.475   -9.218   -9.122
   -9.100   -9.049   -8.908   -8.604   -8.193   -7.682   -7.080   -6.401   -5.663   -4.894
   -4.175   -2.929   -2.203   -1.418   -0.639    0.125    0.868    1.579    1.730
            0.000000  0.000000  0.312500
  -21.276  -21.102  -20.826  -20.451  -19.981  -19.422  -18.783  -18.077  -17.333  -16.632
  -15.730  -15.239  -14.822  -14.398  -13.966  -13.799  -13.467  -13.235  -12.823  -12.524
  -12.166  -11.692  -11.557  -11.099  -10.839  -10.076   -9.512   -9.487   -9.248   -9.135
   -9.071   -9.069   -8.878   -8.574   -8.164   -7.653   -7.053   -6.377   -5.640   -4.871
   -4.148   -2.956   -2.227   -1.446   -0.673    0.085    0.824    1.531    1.757
            0.000000  0.000000  0.315000
  -21.249  -21.075  -20.799  -20.425  -19.955  -19.396  -18.758  -18.053  -17.311  -16.609
  -15.748  -15.269  -14.861  -14.442  -14.001  -13.818  -13.495  -13.254  -12.860  -12.526
  -12.210  -11.685  -11.603  -11.145  -10.831  -10.072   -9.549   -9.490   -9.278   -9.148
   -9.093   -9.038   -8.847   -8.544   -8.134   -7.625   -7.027   -6.352   -5.617   -4.849
   -4.120   -2.983   -2.251   -1.475   -0.707    0.045    0.779    1.483    1.784
            0.000000  0.000000  0.317500
  -21.222  -21.048  -20.772  -20.398  -19.928  -19.370  -18.732  -18.029  -17.288  -16.586
  -15.768  -15.299  -14.902  -14.486  -14.039  -13.833  -13.526  -13.267  -12.900  -12.525
  -12.255  -11.677  -11.649  -11.191  -10.823  -10.068   -9.585   -9.494   -9.309   -9.161
   -9.114   -9.007   -8.816   -8.513   -8.105   -7.597   -7.000   -6.327   -5.594   -4.827
   -4.093   -3.010   -2.274   -1.503   -0.742    0.004    0.734    1.435    1.812
            0.000000  0.000000  0.320000
  -21.194  -21.020  -20.745  -20.371  -19.902  -19.344  -18.707  -18.004  -17.265  -16.563
  -15.788  -15.331  -14.942  -14.530  -14.080  -13.844  -13.561  -13.275  -12.942  -12.521
  -12.301  -11.695  -11.668  -11.236  -10.814  -10.064   -9.622   -9.498   -9.340   -9.175
   -9.136   -8.975   -8.785   -8.483   -8.075   -7.568   -6.973   -6.302   -5.572   -4.806
   -4.065   -3.037   -2.298   -1.531   -0.776   -0.036    0.689    1.386    1.839
            0.000000  0.000000  0.322500
  -21.167  -20.993  -20.718  -20.344  -19.875  -19.317  -18.681  -17.980  -17.242  -16.540
  -15.810  -15.363  -14.983  -14.575  -14.121  -13.852  -13.600  -13.279  -12.985  -12.515
  -12.347  -11.741  -11.658  -11.281  -10.805  -10.060   -9.659   -9.502   -9.371   -9.189
   -9.158   -8.944   -8.753   -8.452   -8.045   -7.540   -6.946   -6.277   -5.549   -4.785
   -4.038   -3.064   -2.321   -1.559   -0.811   -0.076    0.643    1.338    1.867
            0.000000  0.000000  0.325000
  -21.139  -20.965  -20.690  -20.316  -19.848  -19.291  -18.655  -17.955  -17.220  -16.517
  -15.833  -15.395  -15.024  -14.619  -14.164  -13.857  -13.640  -13.280  -13.029  -12.508
  -12.393  -11.788  -11.648  -11.326  -10.796  -10.056   -9.696   -9.506   -9.402   -9.203
   -9.179   -8.912   -8.722   -8.421   -8.015   -7.511   -6.919   -6.252   -5.527   -4.765
   -4.011   -3.091   -2.343   -1.587   -0.845   -0.117    0.598    1.289    1.895
            0.000000  0.000000  0.327500
  -21.111  -20.937  -20.662  -20.289  -19.820  -19.264  -18.629  -17.931  -17.197  -16.494
  -15.857  -15.428  -15.065  -14.664  -14.208  -13.860  -13.682  -13.278  -13.074  -12.499
  -12.439  -11.833  -11.639  -11.370  -10.787  -10.052   -9.733   -9.510   -9.433   -9.218
   -9.199   -8.879   -8.690   -8.390   -7.985   -7.482   -6.892   -6.228   -5.505   -4.745
   -3.985   -3.118   -2.366   -1.614   -0.880   -0.157    0.553    1.240    1.877
            0.000000  0.000000  0.330000
  -21.083  -20.909  -20.634  -20.261  -19.793  -19.237  -18.603  -17.906  -17.175  -16.472
  -15.881  -15.461  -15.107  -14.709  -14.253  -13.861  -13.725  -13.274  -13.119  -12.490
  -12.485  -11.879  -11.629  -11.414  -10.777  -10.047   -9.770   -9.514   -9.464   -9.236
   -9.218   -8.847   -8.658   -8.359   -7.955   -7.453   -6.865   -6.203   -5.483   -4.726
   -3.958   -3.145   -2.387   -1.642   -0.914   -0.198    0.508    1.192    1.826
            0.000000  0.000000  0.332500
  -21.054  -20.881  -20.606  -20.233  -19.765  -19.210  -18.577  -17.881  -17.153  -16.449
  -15.907  -15.495  -15.149  -14.754  -14.298  -13.861  -13.769  -13.269  -13.164  -12.531
  -12.479  -11.925  -11.620  -11.456  -10.767  -10.043   -9.807   -9.519   -9.495   -9.255
   -9.234   -8.814   -8.626   -8.327   -7.924   -7.424   -6.838   -6.179   -5.462   -4.707
   -3.932   -3.171   -2.408   -1.669   -0.948   -0.238    0.462    1.143    1.775
            0.000000  0.000000  0.335000
  -21.026  -20.852  -20.578  -20.205  -19.737  -19.182  -18.550  -17.856  -17.131  -16.427
  -15.933  -15.529  -15.190  -14.799  -14.343  -13.859  -13.814  -13.262  -13.210  -12.577
  -12.468  -11.970  -11.615  -11.494  -10.758  -10.039   -9.844   -9.527   -9.523   -9.276
   -9.249   -8.782   -8.593   -8.295   -7.894   -7.395   -6.811   -6.154   -5.441   -4.689
   -3.906   -3.197   -2.429   -1.696   -0.982   -0.279    0.417    1.094    1.724
            0.000000  0.000000  0.337500
  -20.997  -20.824  -20.549  -20.176  -19.709  -19.155  -18.524  -17.831  -17.109  -16.404
  -15.960  -15.562  -15.232  -14.844  -14.388  -13.860  -13.855  -13.256  -13.253  -12.623
  -12.457  -12.015  -11.618  -11.523  -10.747  -10.035   -9.881   -9.559   -9.529   -9.298
   -9.264   -8.749   -8.561   -8.264   -7.863   -7.366   -6.784   -6.130   -5.420   -4.672
   -3.881   -3.222   -2.448   -1.723   -1.017   -0.319    0.372    1.045    1.672
            0.000000  0.000000  0.340000
  -20.968  -20.795  -20.521  -20.148  -19.681  -19.127  -18.497  -17.806  -17.088  -16.383
  -15.988  -15.596  -15.274  -14.889  -14.434  -13.905  -13.850  -13.302  -13.244  -12.669
  -12.445  -12.060  -11.637  -11.536  -10.737  -10.031   -9.918   -9.590   -9.534   -9.320
   -9.278   -8.715   -8.528   -8.232   -7.832   -7.337   -6.757   -6.106   -5.400   -4.656
   -3.856   -3.247   -2.467   -1.749   -1.050   -0.360    0.326    0.996    1.621
            0.000000  0.000000  0.342500
  -20.939  -20.766  -20.492  -20.119  -19.653  -19.100  -18.470  -17.781  -17.067  -16.361
  -16.016  -15.629  -15.316  -14.934  -14.480  -13.951  -13.844  -13.348  -13.234  -12.715
  -12.433  -12.103  -11.670  -11.534  -10.727  -10.026   -9.955   -9.622   -9.540   -9.342
   -9.292   -8.682   -8.495   -8.199   -7.801   -7.307   -6.730   -6.082   -5.380   -4.641
   -3.832   -3.272   -2.485   -1.775   -1.084   -0.400    0.281    0.947    1.570
            0.000000  0.000000  0.345000
  -20.909  -20.736  -20.462  -20.090  -19.624  -19.072  -18.443  -17.757  -17.046  -16.341
  -16.044  -15.662  -15.359  -14.979  -14.526  -13.997  -13.837  -13.394  -13.223  -12.760
  -12.422  -12.146  -11.710  -11.526  -10.716  -10.022   -9.993   -9.654   -9.546   -9.363
   -9.307   -8.648   -8.462   -8.167   -7.770   -7.278   -6.703   -6.058   -5.361   -4.627
   -3.808   -3.296   -2.502   -1.800   -1.118   -0.440    0.236    0.898    1.518
            0.000000  0.000000  0.347500
  -20.880  -20.707  -20.433  -20.061  -19.595  -19.044  -18.416  -17.732  -17.026  -16.321
  -16.073  -15.694  -15.401  -15.024  -14.572  -14.044  -13.829  -13.440  -13.211  -12.805
  -12.412  -12.187  -11.752  -11.515  -10.706  -10.030  -10.018   -9.686   -9.552   -9.385
   -9.321   -8.615   -8.428   -8.134   -7.738   -7.248   -6.676   -6.035   -5.342   -4.614
   -3.785   -3.319   -2.518   -1.825   -1.151   -0.480    0.190    0.849    1.467
            0.000000  0.000000  0.350000
  -20.850  -20.677  -20.403  -20.032  -19.567  -19.015  -18.389  -17.707  -17.007  -16.302
  -16.101  -15.725  -15.442  -15.069  -14.618  -14.090  -13.820  -13.485  -13.200  -12.849
  -12.406  -12.223  -11.795  -11.502  -10.695  -10.067  -10.014   -9.718   -9.560   -9.406
   -9.335   -8.581   -8.395   -8.102   -7.707   -7.219   -6.649   -6.012   -5.324   -4.602
   -3.763   -3.342   -2.532   -1.850   -1.184   -0.520    0.145    0.800    1.415
            0.000000  0.000000  0.352500
  -20.820  -20.647  -20.374  -20.002  -19.537  -18.987  -18.362  -17.682  -16.989  -16.285
  -16.129  -15.754  -15.484  -15.114  -14.664  -14.136  -13.811  -13.529  -13.189  -12.892
  -12.406  -12.253  -11.839  -11.488  -10.684  -10.105  -10.010   -9.750   -9.568   -9.426
   -9.350   -8.546   -8.361   -8.069   -7.676   -7.189   -6.622   -5.989   -5.306   -4.592
   -3.742   -3.363   -2.545   -1.873   -1.217   -0.560    0.100    0.751    1.364
            0.000000  0.000000  0.355000
  -20.790  -20.617  -20.344  -19.973  -19.508  -18.958  -18.335  -17.658  -16.972  -16.270
  -16.157  -15.781  -15.526  -15.159  -14.711  -14.183  -13.802  -13.572  -13.179  -12.933
  -12.416  -12.271  -11.883  -11.474  -10.673  -10.142  -10.006   -9.782   -9.577   -9.446
   -9.364   -8.512   -8.327   -8.036   -7.644   -7.160   -6.595   -5.966   -5.289   -4.584
   -3.722   -3.384   -2.556   -1.897   -1.249   -0.600    0.055    0.703    1.313
            0.000000  0.000000  0.357500
  -20.760  -20.587  -20.314  -19.943  -19.479  -18.930  -18.307  -17.634  -16.957  -16.258
  -16.183  -15.806  -15.567  -15.203  -14.757  -14.229  -13.795  -13.613  -13.172  -12.970
  -12.440  -12.276  -11.927  -11.460  -10.662  -10.179  -10.002   -9.814   -9.587   -9.465
   -9.378   -8.477   -8.293   -8.003   -7.612   -7.130   -6.569   -5.943   -5.272   -4.577
   -3.703   -3.404   -2.566   -1.919   -1.282   -0.639    0.010    0.654    1.261
            0.000000  0.000000  0.360000
  -20.729  -20.556  -20.283  -19.913  -19.449  -18.901  -18.280  -17.609  -16.943  -16.250
  -16.209  -15.826  -15.608  -15.248  -14.803  -14.276  -13.791  -13.649  -13.171  -13.001
  -12.473  -12.272  -11.971  -11.445  -10.651  -10.217   -9.998   -9.846   -9.599   -9.482
   -9.393   -8.443   -8.259   -7.970   -7.581   -7.101   -6.542   -5.921   -5.257   -4.571
   -3.685   -3.422   -2.574   -1.941   -1.313   -0.679   -0.035    0.605    1.210
            0.000000  0.000000  0.362500
  -20.698  -20.526  -20.253  -19.883  -19.419  -18.872  -18.253  -17.586  -16.931  -16.248
  -16.230  -15.843  -15.649  -15.292  -14.849  -14.322  -13.797  -13.675  -13.179  -13.021
  -12.511  -12.261  -12.015  -11.429  -10.640  -10.254   -9.995   -9.878   -9.613   -9.498
   -9.408   -8.408   -8.225   -7.936   -7.549   -7.071   -6.516   -5.899   -5.242   -4.568
   -3.668   -3.440   -2.580   -1.962   -1.345   -0.718   -0.079    0.557    1.158
            0.000000  0.000000  0.365000
  -20.667  -20.495  -20.222  -19.852  -19.389  -18.843  -18.225  -17.562  -16.921  -16.262
  -16.239  -15.855  -15.689  -15.336  -14.895  -14.369  -13.818  -13.685  -13.200  -13.029
  -12.552  -12.248  -12.060  -11.414  -10.629  -10.292   -9.992   -9.909   -9.628   -9.512
   -9.423   -8.373   -8.190   -7.903   -7.517   -7.041   -6.489   -5.878   -5.228   -4.566
   -3.653   -3.456   -2.584   -1.982   -1.375   -0.756   -0.124    0.508    1.107
            0.000000  0.000000  0.367500
  -20.636  -20.464  -20.191  -19.822  -19.359  -18.814  -18.198  -17.539  -16.914  -16.282
  -16.245  -15.861  -15.728  -15.380  -14.941  -14.415  -13.850  -13.683  -13.231  -13.026
  -12.594  -12.232  -12.104  -11.398  -10.617  -10.329   -9.990   -9.940   -9.645   -9.524
   -9.437   -8.337   -8.155   -7.869   -7.485   -7.012   -6.463   -5.857   -5.214   -4.567
   -3.639   -3.471   -2.587   -2.001   -1.406   -0.795   -0.168    0.460    1.056
            0.000000  0.000000  0.370000
  -20.605  -20.433  -20.160  -19.791  -19.329  -18.784  -18.170  -17.516  -16.910  -16.301
  -16.255  -15.862  -15.767  -15.423  -14.986  -14.462  -13.889  -13.673  -13.268  -13.016
  -12.638  -12.215  -12.148  -11.382  -10.606  -10.366   -9.995   -9.964   -9.664   -9.536
   -9.452   -8.302   -8.120   -7.835   -7.452   -6.982   -6.437   -5.836   -5.202   -4.569
   -3.626   -3.484   -2.587   -2.019   -1.436   -0.833   -0.212    0.412    1.005
            0.000000  0.000000  0.372500
  -20.573  -20.401  -20.129  -19.760  -19.299  -18.755  -18.143  -17.494  -16.909  -16.318
  -16.269  -15.858  -15.805  -15.466  -15.032  -14.508  -13.931  -13.659  -13.309  -13.002
  -12.681  -12.198  -12.191  -11.365  -10.595  -10.404  -10.016   -9.972   -9.684   -9.546
   -9.467   -8.266   -8.085   -7.801   -7.420   -6.952   -6.411   -5.816   -5.191   -4.574
   -3.615   -3.497   -2.584   -2.036   -1.465   -0.871   -0.256    0.363    0.954
            0.000000  0.000000  0.375000
  -20.542  -20.370  -20.098  -19.729  -19.268  -18.725  -18.115  -17.473  -16.912  -16.332
  -16.287  -15.851  -15.841  -15.507  -15.078  -14.554  -13.975  -13.643  -13.351  -12.986
  -12.725  -12.235  -12.180  -11.349  -10.583  -10.441  -10.046   -9.971   -9.705   -9.555
   -9.482   -8.230   -8.050   -7.767   -7.388   -6.923   -6.386   -5.797   -5.181   -4.581
   -3.605   -3.507   -2.580   -2.051   -1.494   -0.909   -0.300    0.315    0.903
            0.000000  0.000000  0.377500
  -20.510  -20.338  -20.066  -19.697  -19.237  -18.696  -18.088  -17.452  -16.919  -16.345
  -16.307  -15.877  -15.840  -15.548  -15.123  -14.600  -14.019  -13.626  -13.394  -12.968
  -12.769  -12.279  -12.161  -11.332  -10.572  -10.479  -10.077   -9.968   -9.727   -9.564
   -9.497   -8.194   -8.015   -7.733   -7.356   -6.893   -6.360   -5.777   -5.172   -4.590
   -3.597   -3.517   -2.573   -2.066   -1.522   -0.946   -0.343    0.268    0.852
            0.000000  0.000000  0.380000
  -20.478  -20.306  -20.034  -19.666  -19.207  -18.666  -18.061  -17.432  -16.930  -16.356
  -16.328  -15.910  -15.829  -15.586  -15.168  -14.646  -14.064  -13.608  -13.438  -12.949
  -12.813  -12.323  -12.142  -11.315  -10.561  -10.516  -10.109   -9.965   -9.750   -9.572
   -9.512   -8.158   -7.979   -7.699   -7.323   -6.864   -6.335   -5.759   -5.164   -4.601
   -3.590   -3.525   -2.564   -2.079   -1.549   -0.983   -0.387    0.220    0.801
            0.000000  0.000000  0.382500
  -20.445  -20.274  -20.002  -19.634  -19.176  -18.636  -18.034  -17.413  -16.944  -16.368
  -16.348  -15.941  -15.819  -15.621  -15.213  -14.692  -14.109  -13.588  -13.482  -12.930
  -12.857  -12.366  -12.122  -11.298  -10.556  -10.546  -10.142   -9.962   -9.773   -9.579
   -9.527   -8.122   -7.944   -7.664   -7.291   -6.834   -6.310   -5.741   -5.157   -4.614
   -3.584   -3.532   -2.553   -2.091   -1.576   -1.019   -0.430    0.172    0.751
            0.000000  0.000000  0.385000
  -20.413  -20.241  -19.970  -19.603  -19.144  -18.606  -18.007  -17.396  -16.963  -16.386
  -16.361  -15.969  -15.813  -15.649  -15.258  -14.737  -14.154  -13.568  -13.527  -12.909
  -12.901  -12.409  -12.102  -11.281  -10.591  -10.537  -10.174   -9.959   -9.797   -9.587
   -9.542   -8.085   -7.908   -7.630   -7.258   -6.805   -6.286   -5.724   -5.152   -4.629
   -3.580   -3.537   -2.539   -2.102   -1.602   -1.055   -0.472    0.125    0.700
            0.000000  0.000000  0.387500
  -20.380  -20.209  -19.938  -19.571  -19.113  -18.576  -17.980  -17.380  -16.984  -16.408
  -16.370  -15.994  -15.817  -15.665  -15.303  -14.783  -14.200  -13.571  -13.547  -12.945
  -12.889  -12.453  -12.082  -11.264  -10.629  -10.525  -10.207   -9.956   -9.821   -9.595
   -9.557   -8.048   -7.872   -7.595   -7.226   -6.776   -6.262   -5.707   -5.147   -4.646
   -3.577   -3.542   -2.524   -2.111   -1.627   -1.090   -0.515    0.078    0.650
            0.000000  0.000000  0.390000
  -20.347  -20.176  -19.905  -19.539  -19.082  -18.546  -17.953  -17.366  -17.009  -16.431
  -16.379  -16.015  -15.834  -15.667  -15.347  -14.828  -14.245  -13.616  -13.526  -12.989
  -12.868  -12.495  -12.061  -11.247  -10.666  -10.514  -10.239   -9.954   -9.846   -9.602
   -9.571   -8.011   -7.836   -7.560   -7.193   -6.747   -6.238   -5.691   -5.144   -4.665
   -3.576   -3.545   -2.507   -2.119   -1.651   -1.125   -0.557    0.031    0.599
            0.000000  0.000000  0.392500
  -20.314  -20.143  -19.873  -19.506  -19.050  -18.516  -17.927  -17.353  -17.036  -16.453
  -16.389  -16.030  -15.861  -15.657  -15.391  -14.873  -14.290  -13.660  -13.504  -13.033
  -12.846  -12.538  -12.040  -11.229  -10.703  -10.502  -10.272   -9.951   -9.870   -9.611
   -9.586   -7.974   -7.799   -7.525   -7.161   -6.718   -6.214   -5.676   -5.143   -4.686
   -3.575   -3.547   -2.487   -2.125   -1.674   -1.160   -0.599   -0.016    0.549
            0.000000  0.000000  0.395000
  -20.281  -20.110  -19.840  -19.474  -19.018  -18.486  -17.901  -17.343  -17.065  -16.474
  -16.402  -16.041  -15.894  -15.640  -15.435  -14.918  -14.335  -13.705  -13.482  -13.076
  -12.825  -12.580  -12.019  -11.212  -10.740  -10.490  -10.305   -9.948   -9.895   -9.620
   -9.599   -7.937   -7.763   -7.491   -7.128   -6.689   -6.191   -5.662   -5.143   -4.708
   -3.575   -3.549   -2.466   -2.129   -1.696   -1.194   -0.640   -0.062    0.499
            0.000000  0.000000  0.397500
  -20.248  -20.077  -19.807  -19.441  -18.987  -18.456  -17.876  -17.336  -17.096  -16.493
  -16.418  -16.046  -15.930  -15.620  -15.478  -14.963  -14.380  -13.750  -13.460  -13.120
  -12.804  -12.621  -11.998  -11.194  -10.778  -10.479  -10.338   -9.946   -9.920   -9.630
   -9.610   -7.900   -7.726   -7.456   -7.096   -6.660   -6.168   -5.649   -5.144   -4.732
   -3.576   -3.550   -2.443   -2.132   -1.717   -1.227   -0.681   -0.109    0.450
            0.000000  0.000000  0.400000
  -20.214  -20.043  -19.773  -19.408  -18.955  -18.426  -17.850  -17.331  -17.128  -16.510
  -16.436  -16.046  -15.967  -15.597  -15.521  -15.008  -14.425  -13.794  -13.437  -13.162
  -12.785  -12.660  -11.976  -11.176  -10.815  -10.467  -10.370   -9.946   -9.943   -9.642
   -9.620   -7.862   -7.690   -7.420   -7.063   -6.631   -6.146   -5.636   -5.147   -4.757
   -3.577   -3.551   -2.419   -2.134   -1.738   -1.259   -0.722   -0.155    0.400
            0.000000  0.000000  0.402500
  -20.180  -20.010  -19.740  -19.375  -18.923  -18.396  -17.826  -17.330  -17.162  -16.525
  -16.458  -16.041  -16.004  -15.573  -15.563  -15.052  -14.470  -13.838  -13.415  -13.204
  -12.772  -12.691  -11.955  -11.158  -10.852  -10.455  -10.403   -9.970   -9.942   -9.656
   -9.629   -7.824   -7.653   -7.385   -7.031   -6.603   -6.124   -5.624   -5.152   -4.784
   -3.578   -3.552   -2.394   -2.133   -1.757   -1.291   -0.762   -0.200    0.350
            0.000000  0.000000  0.405000
  -20.146  -19.976  -19.706  -19.342  -18.891  -18.366  -17.802  -17.331  -17.198  -16.537
  -16.481  -16.042  -16.033  -15.605  -15.547  -15.095  -14.515  -13.883  -13.395  -13.244
  -12.781  -12.702  -11.933  -11.140  -10.889  -10.444  -10.436   -9.996   -9.941   -9.669
   -9.637   -7.787   -7.616   -7.350   -6.998   -6.575   -6.103   -5.614   -5.157   -4.812
   -3.579   -3.553   -2.366   -2.131   -1.774   -1.322   -0.802   -0.246    0.301
            0.000000  0.000000  0.407500
  -20.112  -19.942  -19.673  -19.309  -18.858  -18.336  -17.779  -17.336  -17.234  -16.548
  -16.505  -16.078  -16.023  -15.645  -15.521  -15.138  -14.559  -13.927  -13.379  -13.279
  -12.811  -12.689  -11.910  -11.122  -10.926  -10.469  -10.432  -10.021   -9.940   -9.683
   -9.644   -7.749   -7.579   -7.315   -6.966   -6.547   -6.082   -5.604   -5.165   -4.841
   -3.580   -3.553   -2.338   -2.127   -1.791   -1.353   -0.841   -0.291    0.252
            0.000000  0.000000  0.410000
  -20.078  -19.908  -19.639  -19.276  -18.826  -18.306  -17.757  -17.344  -17.271  -16.557
  -16.528  -16.113  -16.010  -15.684  -15.496  -15.180  -14.604  -13.971  -13.379  -13.297
  -12.849  -12.669  -11.888  -11.104  -10.963  -10.502  -10.421  -10.047   -9.939   -9.697
   -9.652   -7.710   -7.542   -7.279   -6.933   -6.519   -6.061   -5.595   -5.174   -4.871
   -3.581   -3.554   -2.309   -2.122   -1.806   -1.382   -0.880   -0.336    0.203
            0.000000  0.000000  0.412500
  -20.043  -19.873  -19.605  -19.242  -18.794  -18.276  -17.737  -17.356  -17.308  -16.569
  -16.548  -16.147  -15.998  -15.720  -15.471  -15.221  -14.648  -14.015  -13.403  -13.290
  -12.890  -12.646  -11.866  -11.085  -11.000  -10.534  -10.409  -10.072   -9.939   -9.711
   -9.659   -7.672   -7.504   -7.244   -6.901   -6.492   -6.042   -5.588   -5.184   -4.902
   -3.582   -3.555   -2.278   -2.115   -1.820   -1.411   -0.918   -0.380    0.155
            0.000000  0.000000  0.415000
  -20.009  -19.839  -19.571  -19.209  -18.761  -18.246  -17.717  -17.372  -17.346  -16.588
  -16.557  -16.179  -15.988  -15.752  -15.448  -15.259  -14.692  -14.059  -13.440  -13.271
  -12.930  -12.622  -11.843  -11.067  -11.037  -10.567  -10.398  -10.098   -9.940   -9.724
   -9.666   -7.634   -7.467   -7.209   -6.869   -6.465   -6.023   -5.581   -5.196   -4.934
   -3.583   -3.556   -2.247   -2.106   -1.833   -1.439   -0.956   -0.425    0.106
            0.000000  0.000000  0.417500
  -19.974  -19.804  -19.536  -19.175  -18.729  -18.217  -17.699  -17.392  -17.382  -16.612
  -16.562  -16.208  -15.982  -15.778  -15.431  -15.290  -14.736  -14.103  -13.480  -13.247
  -12.972  -12.598  -11.820  -11.074  -11.048  -10.600  -10.387  -10.123   -9.941   -9.737
   -9.673   -7.595   -7.430   -7.173   -6.837   -6.438   -6.004   -5.576   -5.209   -4.967
   -3.584   -3.557   -2.215   -2.096   -1.844   -1.466   -0.993   -0.468    0.058
            0.000000  0.000000  0.420000
  -19.939  -19.769  -19.502  -19.141  -18.696  -18.188  -17.682  -17.426  -17.408  -16.635
  -16.565  -16.234  -15.984  -15.794  -15.429  -15.306  -14.780  -14.146  -13.521  -13.222
  -13.013  -12.572  -11.797  -11.111  -11.030  -10.633  -10.376  -10.148   -9.943   -9.749
   -9.681   -7.556   -7.392   -7.138   -6.805   -6.412   -5.987   -5.572   -5.223   -5.001
   -3.585   -3.558   -2.182   -2.084   -1.854   -1.491   -1.030   -0.512    0.010
            0.000000  0.000000  0.422500
  -19.904  -19.734  -19.467  -19.107  -18.663  -18.159  -17.668  -17.465  -17.432  -16.657
  -16.570  -16.256  -15.997  -15.797  -15.446  -15.302  -14.823  -14.190  -13.563  -13.196
  -13.054  -12.547  -11.774  -11.148  -11.011  -10.665  -10.365  -10.174   -9.946   -9.761
   -9.688   -7.517   -7.354   -7.102   -6.773   -6.386   -5.970   -5.569   -5.239   -5.035
   -3.586   -3.559   -2.148   -2.071   -1.862   -1.516   -1.066   -0.555   -0.038
            0.000000  0.000000  0.425000
  -19.868  -19.699  -19.432  -19.073  -18.631  -18.130  -17.656  -17.505  -17.458  -16.677
  -16.576  -16.272  -16.019  -15.790  -15.477  -15.284  -14.867  -14.233  -13.605  -13.170
  -13.096  -12.521  -11.750  -11.184  -10.993  -10.698  -10.355  -10.199   -9.950   -9.772
   -9.695   -7.478   -7.316   -7.067   -6.741   -6.360   -5.954   -5.567   -5.257   -5.070
   -3.587   -3.560   -2.114   -2.056   -1.868   -1.540   -1.101   -0.598   -0.085
            0.000000  0.000000  0.427500
  -19.833  -19.664  -19.397  -19.038  -18.598  -18.102  -17.646  -17.544  -17.485  -16.696
  -16.586  -16.283  -16.048  -15.775  -15.513  -15.259  -14.910  -14.276  -13.646  -13.143
  -13.137  -12.495  -11.727  -11.221  -10.974  -10.731  -10.345  -10.223   -9.955   -9.781
   -9.703   -7.439   -7.279   -7.031   -6.709   -6.334   -5.938   -5.567   -5.275   -5.106
   -3.588   -3.561   -2.080   -2.040   -1.873   -1.562   -1.135   -0.640   -0.132
            0.000000  0.000000  0.430000
  -19.797  -19.628  -19.362  -19.004  -18.565  -18.075  -17.639  -17.584  -17.515  -16.712
  -16.600  -16.287  -16.081  -15.755  -15.552  -15.232  -14.953  -14.319  -13.688  -13.178
  -13.115  -12.469  -11.703  -11.258  -10.955  -10.763  -10.337  -10.245   -9.962   -9.790
   -9.710   -7.400   -7.241   -6.995   -6.678   -6.310   -5.924   -5.567   -5.295   -5.142
   -3.589   -3.561   -2.046   -2.022   -1.875   -1.584   -1.169   -0.681   -0.179
            0.000000  0.000000  0.432500
  -19.761  -19.592  -19.327  -18.970  -18.533  -18.048  -17.639  -17.621  -17.546  -16.725
  -16.617  -16.285  -16.116  -15.732  -15.592  -15.203  -14.995  -14.362  -13.730  -13.219
  -13.087  -12.442  -11.680  -11.294  -10.936  -10.796  -10.333  -10.264   -9.970   -9.797
   -9.718   -7.360   -7.203   -6.960   -6.647   -6.285   -5.910   -5.569   -5.316   -5.178
   -3.590   -3.562   -2.012   -2.003   -1.875   -1.603   -1.202   -0.723   -0.226
            0.000000  0.000000  0.435000
  -19.725  -19.556  -19.291  -18.935  -18.500  -18.021  -17.669  -17.631  -17.578  -16.736
  -16.637  -16.278  -16.151  -15.707  -15.632  -15.173  -15.038  -14.404  -13.772  -13.260
  -13.059  -12.415  -11.656  -11.330  -10.917  -10.829  -10.338  -10.275   -9.979   -9.803
   -9.725   -7.321   -7.164   -6.924   -6.616   -6.261   -5.897   -5.573   -5.338   -5.215
   -3.591   -3.563   -1.986   -1.977   -1.872   -1.622   -1.234   -0.763   -0.272
            0.000000  0.000000  0.437500
  -19.689  -19.520  -19.256  -18.900  -18.468  -17.996  -17.709  -17.634  -17.610  -16.744
  -16.659  -16.266  -16.187  -15.681  -15.671  -15.142  -15.079  -14.446  -13.814  -13.301
  -13.031  -12.388  -11.632  -11.367  -10.898  -10.861  -10.352  -10.275   -9.989   -9.808
   -9.733   -7.281   -7.126   -6.889   -6.585   -6.238   -5.885   -5.577   -5.361   -5.253
   -3.592   -3.564   -1.965   -1.948   -1.864   -1.638   -1.265   -0.803   -0.318
            0.000000  0.000000  0.440000
  -19.652  -19.484  -19.220  -18.865  -18.435  -17.971  -17.749  -17.648  -17.636  -16.749
  -16.682  -16.251  -16.223  -15.711  -15.654  -15.121  -15.111  -14.488  -13.855  -13.341
  -13.002  -12.361  -11.608  -11.403  -10.894  -10.879  -10.373  -10.269  -10.001   -9.812
   -9.740   -7.242   -7.088   -6.854   -6.554   -6.215   -5.875   -5.583   -5.386   -5.291
   -3.593   -3.565   -1.944   -1.925   -1.847   -1.653   -1.295   -0.843   -0.363
            0.000000  0.000000  0.442500
  -19.616  -19.448  -19.184  -18.831  -18.403  -17.948  -17.790  -17.681  -17.647  -16.751
  -16.706  -16.258  -16.234  -15.750  -15.626  -15.161  -15.080  -14.530  -13.897  -13.382
  -12.973  -12.334  -11.584  -11.439  -10.927  -10.860  -10.397  -10.261  -10.014   -9.815
   -9.748   -7.202   -7.050   -6.818   -6.524   -6.193   -5.865   -5.591   -5.411   -5.329
   -3.594   -3.566   -1.923   -1.908   -1.822   -1.666   -1.323   -0.882   -0.408
            0.000000  0.000000  0.445000
  -19.579  -19.411  -19.148  -18.796  -18.371  -17.926  -17.831  -17.717  -17.659  -16.753
  -16.727  -16.292  -16.215  -15.789  -15.598  -15.201  -15.049  -14.572  -13.938  -13.422
  -12.944  -12.306  -11.560  -11.474  -10.959  -10.841  -10.422  -10.252  -10.027   -9.818
   -9.756   -7.162   -7.011   -6.783   -6.494   -6.171   -5.856   -5.599   -5.437   -5.367
   -3.595   -3.566   -1.902   -1.896   -1.791   -1.676   -1.351   -0.920   -0.453
            0.000000  0.000000  0.447500
  -19.542  -19.375  -19.112  -18.761  -18.339  -17.905  -17.872  -17.753  -17.674  -16.762
  -16.739  -16.325  -16.194  -15.826  -15.571  -15.240  -15.017  -14.613  -13.979  -13.463
  -12.914  -12.278  -11.539  -11.507  -10.991  -10.822  -10.447  -10.242  -10.041   -9.820
   -9.763   -7.122   -6.973   -6.748   -6.464   -6.150   -5.848   -5.609   -5.464   -5.406
   -3.596   -3.567   -1.887   -1.881   -1.756   -1.683   -1.377   -0.958   -0.498
            0.000000  0.000000  0.450000
  -19.505  -19.338  -19.076  -18.726  -18.307  -17.914  -17.887  -17.789  -17.691  -16.781
  -16.738  -16.357  -16.174  -15.861  -15.544  -15.276  -14.986  -14.653  -14.020  -13.503
  -12.884  -12.250  -11.551  -11.506  -11.024  -10.803  -10.473  -10.232  -10.056   -9.822
   -9.771   -7.081   -6.934   -6.713   -6.434   -6.129   -5.841   -5.620   -5.493   -5.445
   -3.597   -3.568   -1.877   -1.863   -1.720   -1.686   -1.402   -0.994   -0.542
            0.000000  0.000000  0.452500
  -19.468  -19.301  -19.039  -18.691  -18.276  -17.955  -17.872  -17.824  -17.711  -16.801
  -16.733  -16.386  -16.155  -15.893  -15.521  -15.309  -14.955  -14.692  -14.061  -13.543
  -12.854  -12.222  -11.585  -11.483  -11.056  -10.784  -10.499  -10.222  -10.072   -9.823
   -9.778   -7.041   -6.896   -6.678   -6.405   -6.110   -5.836   -5.632   -5.521   -5.484
   -3.598   -3.569   -1.867   -1.847   -1.688   -1.681   -1.424   -1.030   -0.585
            0.000000  0.000000  0.455000
  -19.430  -19.264  -19.003  -18.655  -18.245  -17.996  -17.875  -17.843  -17.734  -16.820
  -16.728  -16.412  -16.139  -15.921  -15.504  -15.335  -14.925  -14.730  -14.102  -13.582
  -12.824  -12.193  -11.620  -11.459  -11.088  -10.765  -10.525  -10.211  -10.088   -9.824
   -9.785   -7.001   -6.857   -6.643   -6.376   -6.091   -5.832   -5.645   -5.551   -5.524
   -3.598   -3.569   -1.857   -1.834   -1.679   -1.646   -1.443   -1.065   -0.628
            0.000000  0.000000  0.457500
  -19.393  -19.226  -18.966  -18.620  -18.214  -18.037  -17.908  -17.836  -17.758  -16.838
  -16.724  -16.434  -16.131  -15.940  -15.500  -15.348  -14.899  -14.764  -14.142  -13.622
  -12.793  -12.165  -11.656  -11.434  -11.120  -10.746  -10.551  -10.201  -10.104   -9.825
   -9.793   -6.960   -6.819   -6.608   -6.348   -6.073   -5.828   -5.660   -5.582   -5.563
   -3.599   -3.570   -1.846   -1.825   -1.667   -1.613   -1.458   -1.099   -0.671
            0.000000  0.000000  0.460000
  -19.355  -19.189  -18.929  -18.585  -18.184  -18.079  -17.945  -17.827  -17.784  -16.852
  -16.723  -16.450  -16.132  -15.948  -15.513  -15.343  -14.885  -14.786  -14.183  -13.662
  -12.763  -12.136  -11.691  -11.409  -11.153  -10.726  -10.577  -10.191  -10.121   -9.826
   -9.799   -6.920   -6.780   -6.573   -6.320   -6.055   -5.826   -5.676   -5.614   -5.602
   -3.600   -3.571   -1.835   -1.819   -1.649   -1.585   -1.464   -1.132   -0.712
            0.000000  0.000000  0.462500
  -19.317  -19.152  -18.893  -18.550  -18.155  -18.119  -17.983  -17.822  -17.810  -16.864
  -16.725  -16.460  -16.146  -15.942  -15.538  -15.325  -14.894  -14.783  -14.223  -13.701
  -12.732  -12.107  -11.727  -11.384  -11.185  -10.707  -10.604  -10.181  -10.138   -9.828
   -9.805   -6.879   -6.742   -6.539   -6.293   -6.039   -5.825   -5.693   -5.649   -5.638
   -3.600   -3.571   -1.823   -1.815   -1.628   -1.568   -1.457   -1.163   -0.754
            0.000000  0.000000  0.465000
  -19.279  -19.114  -18.856  -18.515  -18.162  -18.124  -18.022  -17.843  -17.814  -16.874
  -16.732  -16.462  -16.169  -15.927  -15.569  -15.300  -14.922  -14.761  -14.263  -13.740
  -12.701  -12.078  -11.762  -11.359  -11.217  -10.688  -10.630  -10.172  -10.155   -9.831
   -9.810   -6.838   -6.703   -6.505   -6.266   -6.023   -5.826   -5.711   -5.687   -5.672
   -3.601   -3.572   -1.813   -1.811   -1.604   -1.565   -1.434   -1.193   -0.794
            0.000000  0.000000  0.467500
  -19.241  -19.076  -18.819  -18.480  -18.203  -18.097  -18.060  -17.873  -17.814  -16.880
  -16.744  -16.458  -16.197  -15.904  -15.604  -15.271  -14.957  -14.732  -14.302  -13.779
  -12.669  -12.049  -11.797  -11.334  -11.249  -10.669  -10.656  -10.173  -10.162   -9.835
   -9.813   -6.798   -6.665   -6.471   -6.239   -6.009   -5.827   -5.732   -5.726   -5.705
   -3.602   -3.573   -1.810   -1.801   -1.579   -1.567   -1.401   -1.221   -0.834
            0.000000  0.000000  0.470000
  -19.203  -19.038  -18.782  -18.446  -18.244  -18.099  -18.070  -17.904  -17.816  -16.883
  -16.760  -16.447  -16.228  -15.878  -15.640  -15.240  -14.994  -14.700  -14.342  -13.818
  -12.638  -12.020  -11.832  -11.309  -11.281  -10.683  -10.650  -10.190  -10.153   -9.840
   -9.815   -6.757   -6.626   -6.437   -6.213   -5.995   -5.830   -5.768   -5.752   -5.736
   -3.602   -3.573   -1.807   -1.791   -1.572   -1.553   -1.364   -1.246   -0.873
            0.000000  0.000000  0.472500
  -19.164  -19.000  -18.744  -18.411  -18.285  -18.139  -18.045  -17.935  -17.821  -16.883
  -16.778  -16.431  -16.260  -15.850  -15.677  -15.208  -15.032  -14.667  -14.381  -13.856
  -12.606  -11.991  -11.867  -11.312  -11.283  -10.709  -10.631  -10.208  -10.144   -9.846
   -9.816   -6.716   -6.588   -6.403   -6.188   -5.982   -5.834   -5.808   -5.778   -5.764
   -3.603   -3.574   -1.804   -1.782   -1.574   -1.529   -1.325   -1.267   -0.911
            0.000000  0.000000  0.475000
  -19.126  -18.962  -18.707  -18.376  -18.325  -18.178  -18.023  -17.965  -17.829  -16.880
  -16.797  -16.412  -16.292  -15.820  -15.713  -15.175  -15.070  -14.634  -14.420  -13.895
  -12.574  -11.961  -11.902  -11.344  -11.258  -10.735  -10.612  -10.225  -10.135   -9.852
   -9.817   -6.675   -6.550   -6.370   -6.163   -5.970   -5.849   -5.840   -5.810   -5.788
   -3.603   -3.574   -1.801   -1.776   -1.573   -1.508   -1.287   -1.280   -0.948
            0.000000  0.000000  0.477500
  -19.087  -18.924  -18.670  -18.366  -18.342  -18.217  -18.019  -17.980  -17.840  -16.874
  -16.817  -16.390  -16.325  -15.789  -15.750  -15.142  -15.108  -14.599  -14.459  -13.933
  -12.542  -11.937  -11.931  -11.376  -11.232  -10.762  -10.593  -10.243  -10.127   -9.858
   -9.817   -6.634   -6.511   -6.337   -6.138   -5.960   -5.890   -5.849   -5.841   -5.811
   -3.604   -3.574   -1.797   -1.772   -1.568   -1.492   -1.291   -1.244   -0.982
            0.000000  0.000000  0.480000
  -19.048  -18.885  -18.633  -18.407  -18.309  -18.255  -18.045  -17.966  -17.855  -16.867
  -16.835  -16.365  -16.356  -15.787  -15.757  -15.146  -15.108  -14.565  -14.497  -13.971
  -12.510  -11.972  -11.902  -11.407  -11.207  -10.788  -10.574  -10.261  -10.120   -9.864
   -9.817   -6.593   -6.473   -6.304   -6.115   -5.950   -5.930   -5.879   -5.854   -5.834
   -3.604   -3.575   -1.792   -1.770   -1.560   -1.484   -1.289   -1.205   -1.014
            0.000000  0.000000  0.482500
  -19.009  -18.847  -18.596  -18.448  -18.299  -18.271  -18.078  -17.948  -17.871  -16.865
  -16.845  -16.387  -16.339  -15.822  -15.725  -15.183  -15.074  -14.535  -14.530  -14.009
  -12.478  -12.006  -11.872  -11.439  -11.181  -10.814  -10.556  -10.279  -10.113   -9.870
   -9.817   -6.552   -6.435   -6.271   -6.092   -5.971   -5.941   -5.914   -5.867   -5.854
   -3.604   -3.575   -1.786   -1.770   -1.548   -1.485   -1.277   -1.172   -1.038
            0.000000  0.000000  0.485000
  -18.970  -18.808  -18.558  -18.488  -18.336  -18.240  -18.113  -17.930  -17.890  -16.877
  -16.838  -16.417  -16.312  -15.857  -15.692  -15.220  -15.039  -14.572  -14.495  -14.046
  -12.445  -12.041  -11.842  -11.470  -11.155  -10.841  -10.537  -10.297  -10.106   -9.875
   -9.817   -6.511   -6.397   -6.239   -6.070   -6.012   -5.949   -5.934   -5.889   -5.868
   -3.605   -3.575   -1.781   -1.771   -1.534   -1.491   -1.257   -1.153   -1.046
            0.000000  0.000000  0.487500
  -18.931  -18.770  -18.529  -18.520  -18.375  -18.207  -18.149  -17.918  -17.908  -16.892
  -16.826  -16.444  -16.285  -15.891  -15.660  -15.256  -15.005  -14.609  -14.461  -14.083
  -12.413  -12.075  -11.812  -11.501  -11.130  -10.867  -10.519  -10.314  -10.100   -9.880
   -9.817   -6.470   -6.359   -6.208   -6.053   -6.049   -5.985   -5.928   -5.913   -5.879
   -3.605   -3.576   -1.775   -1.773   -1.517   -1.500   -1.231   -1.158   -1.028
            0.000000  0.000000  0.490000
  -18.892  -18.731  -18.569  -18.484  -18.414  -18.184  -18.175  -17.936  -17.900  -16.905
  -16.812  -16.470  -16.258  -15.924  -15.628  -15.290  -14.972  -14.645  -14.426  -14.119
  -12.380  -12.109  -11.782  -11.532  -11.104  -10.893  -10.502  -10.331  -10.095   -9.884
   -9.817   -6.429   -6.322   -6.176   -6.094   -6.028   -6.021   -5.940   -5.922   -5.891
   -3.605   -3.576   -1.776   -1.769   -1.511   -1.500   -1.202   -1.176   -0.995
            0.000000  0.000000  0.492500
  -18.853  -18.693  -18.609  -18.453  -18.447  -18.220  -18.144  -17.960  -17.889  -16.915
  -16.800  -16.491  -16.233  -15.953  -15.598  -15.323  -14.940  -14.679  -14.392  -14.155
  -12.347  -12.143  -11.752  -11.563  -11.078  -10.919  -10.485  -10.348  -10.091   -9.888
   -9.817   -6.388   -6.284   -6.146   -6.135   -6.056   -6.009   -5.967   -5.920   -5.902
   -3.605   -3.576   -1.778   -1.763   -1.521   -1.484   -1.196   -1.172   -0.955
            0.000000  0.000000  0.495000
  -18.815  -18.655  -18.648  -18.491  -18.411  -18.255  -18.114  -17.984  -17.882  -16.923
  -16.789  -16.508  -16.210  -15.979  -15.571  -15.351  -14.910  -14.709  -14.359  -14.189
  -12.315  -12.176  -11.722  -11.593  -11.053  -10.944  -10.470  -10.362  -10.088   -9.890
   -9.817   -6.348   -6.248   -6.175   -6.116   -6.092   -5.994   -5.990   -5.924   -5.909
   -3.605   -3.576   -1.779   -1.759   -1.529   -1.470   -1.214   -1.145   -0.920
            0.000000  0.000000  0.497500
  -18.778  -18.685  -18.619  -18.527  -18.377  -18.289  -18.087  -18.008  -17.877  -16.928
  -16.781  -16.519  -16.194  -15.997  -15.551  -15.373  -14.887  -14.733  -14.330  -14.218
  -12.283  -12.208  -11.694  -11.622  -11.028  -10.969  -10.459  -10.373  -10.087   -9.892
   -9.817   -6.310   -6.213   -6.213   -6.126   -6.088   -6.020   -5.974   -5.935   -5.910
   -3.605   -3.576   -1.780   -1.756   -1.534   -1.461   -1.226   -1.122   -0.943
            0.000000  0.000000  0.500000
  -18.755  -18.708  -18.597  -18.550  -18.357  -18.309  -18.074  -18.021  -17.875  -16.930
  -16.779  -16.523  -16.188  -16.003  -15.543  -15.381  -14.877  -14.743  -14.317  -14.231
  -12.263  -12.228  -11.677  -11.639  -11.013  -10.985  -10.454  -10.378  -10.086   -9.892
   -9.817   -6.286   -6.236   -6.192   -6.147   -6.072   -6.036   -5.964   -5.943   -5.910
   -3.605   -3.576   -1.781   -1.755   -1.536   -1.457   -1.230   -1.114   -0.953
            0.000000  0.000000  0.497500
  -18.778  -18.685  -18.619  -18.527  -18.377  -18.289  -18.087  -18.008  -17.877  -16.928
  -16.781  -16.519  -16.194  -15.997  -15.551  -15.373  -14.887  -14.733  -14.330  -14.218
  -12.283  -12.208  -11.694  -11.622  -11.028  -10.969  -10.459  -10.373  -10.087   -9.892
   -9.817   -6.310   -6.213   -6.213   -6.126   -6.088   -6.020   -5.974   -5.935   -5.910
   -3.605   -3.576   -1.780   -1.756   -1.534   -1.461   -1.226   -1.122   -0.943
            0.000000  0.000000  0.495000
  -18.815  -18.655  -18.648  -18.491  -18.411  -18.255  -18.114  -17.984  -17.882  -16.923
  -16.789  -16.508  -16.210  -15.979  -15.571  -15.351  -14.910  -14.709  -14.359  -14.189
  -12.315  -12.176  -11.722  -11.593  -11.053  -10.944  -10.470  -10.362  -10.088   -9.890
   -9.817   -6.348   -6.248   -6.175   -6.116   -6.092   -5.994   -5.990   -5.924   -5.909
   -3.605   -3.576   -1.779   -1.759   -1.529   -1.470   -1.214   -1.145   -0.920
            0.000000  0.000000  0.492500
  -18.853  -18.693  -18.609  -18.453  -18.447  -18.220  -18.144  -17.960  -17.889  -16.915
  -16.800  -16.491  -16.233  -15.953  -15.598  -15.323  -14.940  -14.679  -14.392  -14.155
  -12.347  -12.143  -11.752  -11.563  -11.078  -10.919  -10.485  -10.348  -10.091   -9.888
   -9.817   -6.388   -6.284   -6.146   -6.135   -6.056   -6.009   -5.967   -5.920   -5.902
   -3.605   -3.576   -1.778   -1.763   -1.521   -1.484   -1.196   -1.172   -0.955
            0.000000  0.000000  0.490000
  -18.892  -18.731  -18.569  -18.484  -18.414  -18.184  -18.175  -17.936  -17.900  -16.905
  -16.812  -16.470  -16.258  -15.924  -15.628  -15.290  -14.972  -14.645  -14.426  -14.119
  -12.380  -12.109  -11.782  -11.532  -11.104  -10.893  -10.502  -10.331  -10.095   -9.884
   -9.817   -6.429   -6.322   -6.176   -6.094   -6.028   -6.021   -5.940   -5.922   -5.891
   -3.605   -3.576   -1.776   -1.769   -1.511   -1.500   -1.202   -1.176   -0.995
            0.000000  0.000000  0.487500
  -18.931  -18.770  -18.529  -18.520  -18.375  -18.207  -18.149  -17.918  -17.908  -16.892
  -16.826  -16.444  -16.285  -15.891  -15.660  -15.256  -15.005  -14.609  -14.461  -14.083
  -12.413  -12.075  -11.812  -11.501  -11.130  -10.867  -10.519  -10.314  -10.100   -9.880
   -9.817   -6.470   -6.359   -6.208   -6.053   -6.049   -5.985   -5.928   -5.913   -5.879
   -3.605   -3.576   -1.775   -1.773   -1.517   -1.500   -1.231   -1.158   -1.028
            0.000000  0.000000  0.485000
  -18.970  -18.808  -18.558  -18.488  -18.336  -18.240  -18.113  -17.930  -17.890  -16.877
  -16.838  -16.417  -16.312  -15.857  -15.692  -15.220  -15.039  -14.572  -14.495  -14.046
  -12.445  -12.041  -11.842  -11.470  -11.155  -10.841  -10.537  -10.297  -10.106   -9.875
   -9.817   -6.511   -6.397   -6.239   -6.070   -6.012   -5.949   -5.934   -5.889   -5.868
   -3.605   -3.575   -1.781   -1.771   -1.534   -1.491   -1.257   -1.153   -1.046
            0.000000  0.000000  0.482500
  -19.009  -18.847  -18.596  -18.448  -18.299  -18.271  -18.078  -17.948  -17.871  -16.865
  -16.845  -16.387  -16.339  -15.822  -15.725  -15.183  -15.074  -14.535  -14.530  -14.009
  -12.478  -12.006  -11.872  -11.439  -11.181  -10.814  -10.556  -10.279  -10.113   -9.870
   -9.817   -6.552   -6.435   -6.271   -6.092   -5.971   -5.941   -5.914   -5.867   -5.854
   -3.604   -3.575   -1.786   -1.770   -1.548   -1.485   -1.277   -1.172   -1.038
            0.000000  0.000000  0.480000
  -19.048  -18.885  -18.633  -18.407  -18.309  -18.255  -18.045  -17.966  -17.855  -16.867
  -16.835  -16.365  -16.356  -15.787  -15.757  -15.146  -15.108  -14.565  -14.497  -13.971
  -12.510  -11.972  -11.902  -11.407  -11.207  -10.788  -10.574  -10.261  -10.120   -9.864
   -9.817   -6.593   -6.473   -6.304   -6.115   -5.950   -5.930   -5.879   -5.854   -5.834
   -3.604   -3.575   -1.792   -1.770   -1.560   -1.484   -1.289   -1.205   -1.014
            0.000000  0.000000  0.477500
  -19.087  -18.924  -18.670  -18.366  -18.342  -18.217  -18.019  -17.980  -17.840  -16.874
  -16.817  -16.390  -16.325  -15.789  -15.750  -15.142  -15.108  -14.599  -14.459  -13.933
  -12.542  -11.937  -11.931  -11.376  -11.232  -10.762  -10.593  -10.243  -10.127   -9.858
   -9.817   -6.634   -6.511   -6.337   -6.138   -5.960   -5.890   -5.849   -5.841   -5.811
   -3.604   -3.574   -1.797   -1.772   -1.568   -1.492   -1.291   -1.244   -0.982
            0.000000  0.000000  0.475000
  -19.126  -18.962  -18.707  -18.376  -18.325  -18.178  -18.023  -17.965  -17.829  -16.880
  -16.797  -16.412  -16.292  -15.820  -15.713  -15.175  -15.070  -14.634  -14.420  -13.895
  -12.574  -11.961  -11.902  -11.344  -11.258  -10.735  -10.612  -10.225  -10.135   -9.852
   -9.817   -6.675   -6.550   -6.370   -6.163   -5.970   -5.849   -5.840   -5.810   -5.788
   -3.603   -3.574   -1.801   -1.776   -1.573   -1.508   -1.287   -1.280   -0.948
            0.000000  0.000000  0.472500
  -19.164  -19.000  -18.744  -18.411  -18.285  -18.139  -18.045  -17.935  -17.821  -16.883
  -16.778  -16.431  -16.260  -15.850  -15.677  -15.208  -15.032  -14.667  -14.381  -13.856
  -12.606  -11.991  -11.867  -11.312  -11.283  -10.709  -10.631  -10.208  -10.144   -9.846
   -9.816   -6.716   -6.588   -6.403   -6.188   -5.982   -5.834   -5.808   -5.778   -5.764
   -3.603   -3.574   -1.804   -1.782   -1.574   -1.529   -1.325   -1.267   -0.911
            0.000000  0.000000  0.470000
  -19.203  -19.038  -18.782  -18.446  -18.244  -18.099  -18.070  -17.904  -17.816  -16.883
  -16.760  -16.447  -16.228  -15.878  -15.640  -15.240  -14.994  -14.700  -14.342  -13.818
  -12.638  -12.020  -11.832  -11.309  -11.281  -10.683  -10.650  -10.190  -10.153   -9.840
   -9.815   -6.757   -6.626   -6.437   -6.213   -5.995   -5.830   -5.768   -5.752   -5.736
   -3.602   -3.573   -1.807   -1.791   -1.572   -1.553   -1.364   -1.246   -0.873
            0.000000  0.000000  0.467500
  -19.241  -19.076  -18.819  -18.480  -18.203  -18.097  -18.060  -17.873  -17.814  -16.880
  -16.744  -16.458  -16.197  -15.904  -15.604  -15.271  -14.957  -14.732  -14.302  -13.779
  -12.669  -12.049  -11.797  -11.334  -11.249  -10.669  -10.656  -10.173  -10.162   -9.835
   -9.813   -6.798   -6.665   -6.471   -6.239   -6.009   -5.827   -5.732   -5.726   -5.705
   -3.602   -3.573   -1.810   -1.801   -1.579   -1.567   -1.401   -1.221   -0.834
            0.000000  0.000000  0.465000
  -19.279  -19.114  -18.856  -18.515  -18.162  -18.124  -18.022  -17.843  -17.814  -16.874
  -16.732  -16.462  -16.169  -15.927  -15.569  -15.300  -14.922  -14.761  -14.263  -13.740
  -12.701  -12.078  -11.762  -11.359  -11.217  -10.688  -10.630  -10.172  -10.155   -9.831
   -9.810   -6.838   -6.703   -6.505   -6.266   -6.023   -5.826   -5.711   -5.687   -5.672
   -3.601   -3.572   -1.813   -1.811   -1.604   -1.565   -1.434   -1.193   -0.794
            0.000000  0.000000  0.462500
  -19.317  -19.152  -18.893  -18.550  -18.155  -18.119  -17.983  -17.822  -17.810  -16.864
  -16.725  -16.460  -16.146  -15.942  -15.538  -15.325  -14.894  -14.783  -14.223  -13.701
  -12.732  -12.107  -11.727  -11.384  -11.185  -10.707  -10.604  -10.181  -10.138   -9.828
   -9.805   -6.879   -6.742   -6.539   -6.293   -6.039   -5.825   -5.693   -5.649   -5.638
   -3.600   -3.571   -1.823   -1.815   -1.628   -1.568   -1.457   -1.163   -0.754
            0.000000  0.000000  0.460000
  -19.355  -19.189  -18.929  -18.585  -18.184  -18.079  -17.945  -17.827  -17.784  -16.852
  -16.723  -16.450  -16.132  -15.948  -15.513  -15.343  -14.885  -14.786  -14.183  -13.662
  -12.763  -12.136  -11.691  -11.409  -11.153  -10.726  -10.577  -10.191  -10.121   -9.826
   -9.799   -6.920   -6.780   -6.573   -6.320   -6.055   -5.826   -5.676   -5.614   -5.602
   -3.600   -3.571   -1.835   -1.819   -1.649   -1.585   -1.464   -1.132   -0.712
            0.000000  0.000000  0.457500
  -19.393  -19.226  -18.966  -18.620  -18.214  -18.037  -17.908  -17.836  -17.758  -16.838
  -16.724  -16.434  -16.131  -15.940  -15.500  -15.348  -14.899  -14.764  -14.142  -13.622
  -12.793  -12.165  -11.656  -11.434  -11.120  -10.746  -10.551  -10.201  -10.104   -9.825
   -9.793   -6.960   -6.819   -6.608   -6.348   -6.073   -5.828   -5.660   -5.582   -5.563
   -3.599   -3.570   -1.846   -1.825   -1.667   -1.613   -1.458   -1.099   -0.671
            0.000000  0.000000  0.455000
  -19.430  -19.264  -19.003  -18.655  -18.245  -17.996  -17.875  -17.843  -17.734  -16.820
  -16.728  -16.412  -16.139  -15.921  -15.504  -15.335  -14.925  -14.730  -14.102  -13.582
  -12.824  -12.193  -11.620  -11.459  -11.088  -10.765  -10.525  -10.211  -10.088   -9.824
   -9.785   -7.001   -6.857   -6.643   -6.376   -6.091   -5.832   -5.645   -5.551   -5.524
   -3.598   -3.569   -1.857   -1.834   -1.679   -1.646   -1.443   -1.065   -0.628
            0.000000  0.000000  0.452500
  -19.468  -19.301  -19.039  -18.691  -18.276  -17.955  -17.872  -17.824  -17.711  -16.801
  -16.733  -16.386  -16.155  -15.893  -15.521  -15.309  -14.955  -14.692  -14.061  -13.543
  -12.854  -12.222  -11.585  -11.483  -11.056  -10.784  -10.499  -10.222  -10.072   -9.823
   -9.778   -7.041   -6.896   -6.678   -6.405   -6.110   -5.836   -5.632   -5.521   -5.484
   -3.598   -3.569   -1.867   -1.847   -1.688   -1.681   -1.424   -1.030   -0.585
            0.000000  0.000000  0.450000
  -19.505  -19.338  -19.076  -18.726  -18.307  -17.914  -17.887  -17.789  -17.691  -16.781
  -16.738  -16.357  -16.174  -15.861  -15.544  -15.276  -14.986  -14.653  -14.020  -13.503
  -12.884  -12.250  -11.551  -11.506  -11.024  -10.803  -10.473  -10.232  -10.056   -9.822
   -9.771   -7.081   -6.934   -6.713   -6.434   -6.129   -5.841   -5.620   -5.493   -5.445
   -3.597   -3.568   -1.877   -1.863   -1.720   -1.686   -1.402   -0.994   -0.542
            0.000000  0.000000  0.447500
  -19.542  -19.375  -19.112  -18.761  -18.339  -17.905  -17.872  -17.753  -17.674  -16.762
  -16.739  -16.325  -16.194  -15.826  -15.571  -15.240  -15.017  -14.613  -13.979  -13.463
  -12.914  -12.278  -11.539  -11.507  -10.991  -10.822  -10.447  -10.242  -10.041   -9.820
   -9.763   -7.122   -6.973   -6.748   -6.464   -6.150   -5.848   -5.609   -5.464   -5.406
   -3.596   -3.567   -1.887   -1.881   -1.756   -1.683   -1.377   -0.958   -0.498
            0.000000  0.000000  0.445000
  -19.579  -19.411  -19.148  -18.796  -18.371  -17.926  -17.831  -17.717  -17.659  -16.753
  -16.727  -16.292  -16.215  -15.789  -15.598  -15.201  -15.049  -14.572  -13.938  -13.422
  -12.944  -12.306  -11.560  -11.474  -10.959  -10.841  -10.422  -10.252  -10.027   -9.818
   -9.756   -7.162   -7.011   -6.783   -6.494   -6.171   -5.856   -5.599   -5.437   -5.367
   -3.595   -3.566   -1.902   -1.896   -1.791   -1.676   -1.351   -0.920   -0.453
            0.000000  0.000000  0.442500
  -19.616  -19.448  -19.184  -18.831  -18.403  -17.948  -17.790  -17.681  -17.647  -16.751
  -16.706  -16.258  -16.234  -15.750  -15.626  -15.161  -15.080  -14.530  -13.897  -13.382
  -12.973  -12.334  -11.584  -11.439  -10.927  -10.860  -10.397  -10.261  -10.014   -9.815
   -9.748   -7.202   -7.050   -6.818   -6.524   -6.193   -5.865   -5.591   -5.411   -5.329
   -3.594   -3.566   -1.923   -1.908   -1.822   -1.666   -1.323   -0.882   -0.408
            0.000000  0.000000  0.440000
  -19.652  -19.484  -19.220  -18.865  -18.435  -17.971  -17.749  -17.648  -17.636  -16.749
  -16.682  -16.251  -16.223  -15.711  -15.654  -15.121  -15.111  -14.488  -13.855  -13.341
  -13.002  -12.361  -11.608  -11.403  -10.894  -10.879  -10.373  -10.269  -10.001   -9.812
   -9.740   -7.242   -7.088   -6.854   -6.554   -6.215   -5.875   -5.583   -5.386   -5.291
   -3.593   -3.565   -1.944   -1.925   -1.847   -1.653   -1.295   -0.843   -0.363
            0.000000  0.000000  0.437500
  -19.689  -19.520  -19.256  -18.900  -18.468  -17.996  -17.709  -17.634  -17.610  -16.744
  -16.659  -16.266  -16.187  -15.681  -15.671  -15.142  -15.079  -14.446  -13.814  -13.301
  -13.031  -12.388  -11.632  -11.367  -10.898  -10.861  -10.352  -10.275   -9.989   -9.808
   -9.733   -7.281   -7.126   -6.889   -6.585   -6.238   -5.885   -5.577   -5.361   -5.253
   -3.592   -3.564   -1.965   -1.948   -1.864   -1.638   -1.265   -0.803   -0.318
            0.000000  0.000000  0.435000
  -19.725  -19.556  -19.291  -18.935  -18.500  -18.021  -17.669  -17.631  -17.578  -16.736
  -16.637  -16.278  -16.151  -15.707  -15.632  -15.173  -15.038  -14.404  -13.772  -13.260
  -13.059  -12.415  -11.656  -11.330  -10.917  -10.829  -10.338  -10.275   -9.979   -9.803
   -9.725   -7.321   -7.164   -6.924   -6.616   -6.261   -5.897   -5.573   -5.338   -5.215
   -3.591   -3.563   -1.986   -1.977   -1.872   -1.622   -1.234   -0.763   -0.272
            0.000000  0.000000  0.432500
  -19.761  -19.592  -19.327  -18.970  -18.533  -18.048  -17.639  -17.621  -17.546  -16.725
  -16.617  -16.285  -16.116  -15.732  -15.592  -15.203  -14.995  -14.362  -13.730  -13.219
  -13.087  -12.442  -11.680  -11.294  -10.936  -10.796  -10.333  -10.264   -9.970   -9.797
   -9.718   -7.360   -7.203   -6.960   -6.647   -6.285   -5.910   -5.569   -5.316   -5.178
   -3.590   -3.562   -2.012   -2.003   -1.875   -1.603   -1.202   -0.723   -0.226
            0.000000  0.000000  0.430000
  -19.797  -19.628  -19.362  -19.004  -18.565  -18.075  -17.639  -17.584  -17.515  -16.712
  -16.600  -16.287  -16.081  -15.755  -15.552  -15.232  -14.953  -14.319  -13.688  -13.178
  -13.115  -12.469  -11.703  -11.258  -10.955  -10.763  -10.337  -10.245   -9.962   -9.790
   -9.710   -7.400   -7.241   -6.995   -6.678   -6.310   -5.924   -5.567   -5.295   -5.142
   -3.589   -3.561   -2.046   -2.022   -1.875   -1.584   -1.169   -0.681   -0.179
            0.000000  0.000000  0.427500
  -19.833  -19.664  -19.397  -19.038  -18.598  -18.102  -17.646  -17.544  -17.485  -16.696
  -16.586  -16.283  -16.048  -15.775  -15.513  -15.259  -14.910  -14.276  -13.646  -13.143
  -13.137  -12.495  -11.727  -11.221  -10.974  -10.731  -10.345  -10.223   -9.955   -9.781
   -9.703   -7.439   -7.279   -7.031   -6.709   -6.334   -5.938   -5.567   -5.275   -5.106
   -3.588   -3.561   -2.080   -2.040   -1.873   -1.562   -1.135   -0.640   -0.132
            0.000000  0.000000  0.425000
  -19.868  -19.699  -19.432  -19.073  -18.631  -18.130  -17.656  -17.505  -17.458  -16.677
  -16.576  -16.272  -16.019  -15.790  -15.477  -15.284  -14.867  -14.233  -13.605  -13.170
  -13.096  -12.521  -11.750  -11.184  -10.993  -10.698  -10.355  -10.199   -9.950   -9.772
   -9.695   -7.478   -7.316   -7.067   -6.741   -6.360   -5.954   -5.567   -5.257   -5.070
   -3.587   -3.560   -2.114   -2.056   -1.868   -1.540   -1.101   -0.598   -0.085
            0.000000  0.000000  0.422500
  -19.904  -19.734  -19.467  -19.107  -18.663  -18.159  -17.668  -17.465  -17.432  -16.657
  -16.570  -16.256  -15.997  -15.797  -15.446  -15.302  -14.823  -14.190  -13.563  -13.196
  -13.054  -12.547  -11.774  -11.148  -11.011  -10.665  -10.365  -10.174   -9.946   -9.761
   -9.688   -7.517   -7.354   -7.102   -6.773   -6.386   -5.970   -5.569   -5.239   -5.035
   -3.586   -3.559   -2.148   -2.071   -1.862   -1.516   -1.066   -0.555   -0.038
            0.000000  0.000000  0.420000
  -19.939  -19.769  -19.502  -19.141  -18.696  -18.188  -17.682  -17.426  -17.408  -16.635
  -16.565  -16.234  -15.984  -15.794  -15.429  -15.306  -14.780  -14.146  -13.521  -13.222
  -13.013  -12.572  -11.797  -11.111  -11.030  -10.633  -10.376  -10.148   -9.943   -9.749
   -9.681   -7.556   -7.392   -7.138   -6.805   -6.412   -5.987   -5.572   -5.223   -5.001
   -3.585   -3.558   -2.182   -2.084   -1.854   -1.491   -1.030   -0.512    0.010
            0.000000  0.000000  0.417500
  -19.974  -19.804  -19.536  -19.175  -18.729  -18.217  -17.699  -17.392  -17.382  -16.612
  -16.562  -16.208  -15.982  -15.778  -15.431  -15.290  -14.736  -14.103  -13.480  -13.247
  -12.972  -12.598  -11.820  -11.074  -11.048  -10.600  -10.387  -10.123   -9.941   -9.737
   -9.673   -7.595   -7.430   -7.173   -6.837   -6.438   -6.004   -5.576   -5.209   -4.967
   -3.584   -3.557   -2.215   -2.096   -1.844   -1.466   -0.993   -0.468    0.058
            0.000000  0.000000  0.415000
  -20.009  -19.839  -19.571  -19.209  -18.761  -18.246  -17.717  -17.372  -17.346  -16.588
  -16.557  -16.179  -15.988  -15.752  -15.448  -15.259  -14.692  -14.059  -13.440  -13.271
  -12.930  -12.622  -11.843  -11.067  -11.037  -10.567  -10.398  -10.098   -9.940   -9.724
   -9.666   -7.634   -7.467   -7.209   -6.869   -6.465   -6.023   -5.581   -5.196   -4.934
   -3.583   -3.556   -2.247   -2.106   -1.833   -1.439   -0.956   -0.425    0.106
            0.000000  0.000000  0.412500
  -20.043  -19.873  -19.605  -19.242  -18.794  -18.276  -17.737  -17.356  -17.308  -16.569
  -16.548  -16.147  -15.998  -15.720  -15.471  -15.221  -14.648  -14.015  -13.403  -13.290
  -12.890  -12.646  -11.866  -11.085  -11.000  -10.534  -10.409  -10.072   -9.939   -9.711
   -9.659   -7.672   -7.504   -7.244   -6.901   -6.492   -6.042   -5.588   -5.184   -4.902
   -3.582   -3.555   -2.278   -2.115   -1.820   -1.411   -0.918   -0.380    0.155
            0.000000  0.000000  0.410000
  -20.078  -19.908  -19.639  -19.276  -18.826  -18.306  -17.757  -17.344  -17.271  -16.557
  -16.528  -16.113  -16.010  -15.684  -15.496  -15.180  -14.604  -13.971  -13.379  -13.297
  -12.849  -12.669  -11.888  -11.104  -10.963  -10.502  -10.421  -10.047   -9.939   -9.697
   -9.652   -7.710   -7.542   -7.279   -6.933   -6.519   -6.061   -5.595   -5.174   -4.871
   -3.581   -3.554   -2.309   -2.122   -1.806   -1.382   -0.880   -0.336    0.203
            0.000000  0.000000  0.407500
  -20.112  -19.942  -19.673  -19.309  -18.858  -18.336  -17.779  -17.336  -17.234  -16.548
  -16.505  -16.078  -16.023  -15.645  -15.521  -15.138  -14.559  -13.927  -13.379  -13.279
  -12.811  -12.689  -11.910  -11.122  -10.926  -10.469  -10.432  -10.021   -9.940   -9.683
   -9.644   -7.749   -7.579   -7.315   -6.966   -6.547   -6.082   -5.604   -5.165   -4.841
   -3.580   -3.553   -2.338   -2.127   -1.791   -1.353   -0.841   -0.291    0.252
            0.000000  0.000000  0.405000
  -20.146  -19.976  -19.706  -19.342  -18.891  -18.366  -17.802  -17.331  -17.198  -16.537
  -16.481  -16.042  -16.033  -15.605  -15.547  -15.095  -14.515  -13.883  -13.395  -13.244
  -12.781  -12.702  -11.933  -11.140  -10.889  -10.444  -10.436   -9.996   -9.941   -9.669
   -9.637   -7.787   -7.616   -7.350   -6.998   -6.575   -6.103   -5.614   -5.157   -4.812
   -3.579   -3.553   -2.366   -2.131   -1.774   -1.322   -0.802   -0.246    0.301
            0.000000  0.000000  0.402500
  -20.180  -20.010  -19.740  -19.375  -18.923  -18.396  -17.826  -17.330  -17.162  -16.525
  -16.458  -16.041  -16.004  -15.573  -15.563  -15.052  -14.470  -13.838  -13.415  -13.204
  -12.772  -12.691  -11.955  -11.158  -10.852  -10.455  -10.403   -9.970   -9.942   -9.656
   -9.629   -7.824   -7.653   -7.385   -7.031   -6.603   -6.124   -5.624   -5.152   -4.784
   -3.578   -3.552   -2.394   -2.133   -1.757   -1.291   -0.762   -0.200    0.350
            0.000000  0.000000  0.400000
  -20.214  -20.043  -19.773  -19.408  -18.955  -18.426  -17.850  -17.331  -17.128  -16.510
  -16.436  -16.046  -15.967  -15.597  -15.521  -15.008  -14.425  -13.794  -13.437  -13.162
  -12.785  -12.660  -11.976  -11.176  -10.815  -10.467  -10.370   -9.946   -9.943   -9.642
   -9.620   -7.862   -7.690   -7.420   -7.063   -6.631   -6.146   -5.636   -5.147   -4.757
   -3.577   -3.551   -2.419   -2.134   -1.738   -1.259   -0.722   -0.155    0.400
            0.000000  0.000000  0.397500
  -20.248  -20.077  -19.807  -19.441  -18.987  -18.456  -17.876  -17.336  -17.096  -16.493
  -16.418  -16.046  -15.930  -15.620  -15.478  -14.963  -14.380  -13.750  -13.460  -13.120
  -12.804  -12.621  -11.998  -11.194  -10.778  -10.479  -10.338   -9.946   -9.920   -9.630
   -9.610   -7.900   -7.726   -7.456   -7.096   -6.660   -6.168   -5.649   -5.144   -4.732
   -3.576   -3.550   -2.443   -2.132   -1.717   -1.227   -0.681   -0.109    0.450
            0.000000  0.000000  0.395000
  -20.281  -20.110  -19.840  -19.474  -19.018  -18.486  -17.901  -17.343  -17.065  -16.474
  -16.402  -16.041  -15.894  -15.640  -15.435  -14.918  -14.335  -13.705  -13.482  -13.076
  -12.825  -12.580  -12.019  -11.212  -10.740  -10.490  -10.305   -9.948   -9.895   -9.620
   -9.599   -7.937   -7.763   -7.491   -7.128   -6.689   -6.191   -5.662   -5.143   -4.708
   -3.575   -3.549   -2.466   -2.129   -1.696   -1.194   -0.640   -0.062    0.499
            0.000000  0.000000  0.392500
  -20.314  -20.143  -19.873  -19.506  -19.050  -18.516  -17.927  -17.353  -17.036  -16.453
  -16.389  -16.030  -15.861  -15.657  -15.391  -14.873  -14.290  -13.660  -13.504  -13.033
  -12.846  -12.538  -12.040  -11.229  -10.703  -10.502  -10.272   -9.951   -9.870   -9.611
   -9.586   -7.974   -7.799   -7.525   -7.161   -6.718   -6.214   -5.676   -5.143   -4.686
   -3.575   -3.547   -2.487   -2.125   -1.674   -1.160   -0.599   -0.016    0.549
            0.000000  0.000000  0.390000
  -20.347  -20.176  -19.905  -19.539  -19.082  -18.546  -17.953  -17.366  -17.009  -16.431
  -16.379  -16.015  -15.834  -15.667  -15.347  -14.828  -14.245  -13.616  -13.526  -12.989
  -12.868  -12.495  -12.061  -11.247  -10.666  -10.514  -10.239   -9.954   -9.846   -9.602
   -9.571   -8.011   -7.836   -7.560   -7.193   -6.747   -6.238   -5.691   -5.144   -4.665
   -3.576   -3.545   -2.507   -2.119   -1.651   -1.125   -0.557    0.031    0.599
            0.000000  0.000000  0.387500
  -20.380  -20.209  -19.938  -19.571  -19.113  -18.576  -17.980  -17.380  -16.984  -16.408
  -16.370  -15.994  -15.817  -15.665  -15.303  -14.783  -14.200  -13.571  -13.547  -12.945
  -12.889  -12.453  -12.082  -11.264  -10.629  -10.525  -10.207   -9.956   -9.821   -9.595
   -9.557   -8.048   -7.872   -7.595   -7.226   -6.776   -6.262   -5.707   -5.147   -4.646
   -3.577   -3.542   -2.524   -2.111   -1.627   -1.090   -0.515    0.078    0.650
            0.000000  0.000000  0.385000
  -20.413  -20.241  -19.970  -19.603  -19.144  -18.606  -18.007  -17.396  -16.963  -16.386
  -16.361  -15.969  -15.813  -15.649  -15.258  -14.737  -14.154  -13.568  -13.527  -12.909
  -12.901  -12.409  -12.102  -11.281  -10.591  -10.537  -10.174   -9.959   -9.797   -9.587
   -9.542   -8.085   -7.908   -7.630   -7.258   -6.805   -6.286   -5.724   -5.152   -4.629
   -3.580   -3.537   -2.539   -2.102   -1.602   -1.055   -0.472    0.125    0.700
            0.000000  0.000000  0.382500
  -20.445  -20.274  -20.002  -19.634  -19.176  -18.636  -18.034  -17.413  -16.944  -16.368
  -16.348  -15.941  -15.819  -15.621  -15.213  -14.692  -14.109  -13.588  -13.482  -12.930
  -12.857  -12.366  -12.122  -11.298  -10.556  -10.546  -10.142   -9.962   -9.773   -9.579
   -9.527   -8.122   -7.944   -7.664   -7.291   -6.834   -6.310   -5.741   -5.157   -4.614
   -3.584   -3.532   -2.553   -2.091   -1.576   -1.019   -0.430    0.172    0.751
            0.000000  0.000000  0.380000
  -20.478  -20.306  -20.034  -19.666  -19.207  -18.666  -18.061  -17.432  -16.930  -16.356
  -16.328  -15.910  -15.829  -15.586  -15.168  -14.646  -14.064  -13.608  -13.438  -12.949
  -12.813  -12.323  -12.142  -11.315  -10.561  -10.516  -10.109   -9.965   -9.750   -9.572
   -9.512   -8.158   -7.979   -7.699   -7.323   -6.864   -6.335   -5.759   -5.164   -4.601
   -3.590   -3.525   -2.564   -2.079   -1.549   -0.983   -0.387    0.220    0.801
            0.000000  0.000000  0.377500
  -20.510  -20.338  -20.066  -19.697  -19.237  -18.696  -18.088  -17.452  -16.919  -16.345
  -16.307  -15.877  -15.840  -15.548  -15.123  -14.600  -14.019  -13.626  -13.394  -12.968
  -12.769  -12.279  -12.161  -11.332  -10.572  -10.479  -10.077   -9.968   -9.727   -9.564
   -9.497   -8.194   -8.015   -7.733   -7.356   -6.893   -6.360   -5.777   -5.172   -4.590
   -3.597   -3.517   -2.573   -2.066   -1.522   -0.946   -0.343    0.268    0.852
            0.000000  0.000000  0.375000
  -20.542  -20.370  -20.098  -19.729  -19.268  -18.725  -18.115  -17.473  -16.912  -16.332
  -16.287  -15.851  -15.841  -15.507  -15.078  -14.554  -13.975  -13.643  -13.351  -12.986
  -12.725  -12.235  -12.180  -11.349  -10.583  -10.441  -10.046   -9.971   -9.705   -9.555
   -9.482   -8.230   -8.050   -7.767   -7.388   -6.923   -6.386   -5.797   -5.181   -4.581
   -3.605   -3.507   -2.580   -2.051   -1.494   -0.909   -0.300    0.315    0.903
            0.000000  0.000000  0.372500
  -20.573  -20.401  -20.129  -19.760  -19.299  -18.755  -18.143  -17.494  -16.909  -16.318
  -16.269  -15.858  -15.805  -15.466  -15.032  -14.508  -13.931  -13.659  -13.309  -13.002
  -12.681  -12.198  -12.191  -11.365  -10.595  -10.404  -10.016   -9.972   -9.684   -9.546
   -9.467   -8.266   -8.085   -7.801   -7.420   -6.952   -6.411   -5.816   -5.191   -4.574
   -3.615   -3.497   -2.584   -2.036   -1.465   -0.871   -0.256    0.363    0.954
            0.000000  0.000000  0.370000
  -20.605  -20.433  -20.160  -19.791  -19.329  -18.784  -18.170  -17.516  -16.910  -16.301
  -16.255  -15.862  -15.767  -15.423  -14.986  -14.462  -13.889  -13.673  -13.268  -13.016
  -12.638  -12.215  -12.148  -11.382  -10.606  -10.366   -9.995   -9.964   -9.664   -9.536
   -9.452   -8.302   -8.120   -7.835   -7.452   -6.982   -6.437   -5.836   -5.202   -4.569
   -3.626   -3.484   -2.587   -2.019   -1.436   -0.833   -0.212    0.412    1.005
            0.000000  0.000000  0.367500
  -20.636  -20.464  -20.191  -19.822  -19.359  -18.814  -18.198  -17.539  -16.914  -16.282
  -16.245  -15.861  -15.728  -15.380  -14.941  -14.415  -13.850  -13.683  -13.231  -13.026
  -12.594  -12.232  -12.104  -11.398  -10.617  -10.329   -9.990   -9.940   -9.645   -9.524
   -9.437   -8.337   -8.155   -7.869   -7.485   -7.012   -6.463   -5.857   -5.214   -4.567
   -3.639   -3.471   -2.587   -2.001   -1.406   -0.795   -0.168    0.460    1.056
            0.000000  0.000000  0.365000
  -20.667  -20.495  -20.222  -19.852  -19.389  -18.843  -18.225  -17.562  -16.921  -16.262
  -16.239  -15.855  -15.689  -15.336  -14.895  -14.369  -13.818  -13.685  -13.200  -13.029
  -12.552  -12.248  -12.060  -11.414  -10.629  -10.292   -9.992   -9.909   -9.628   -9.512
   -9.423   -8.373   -8.190   -7.903   -7.517   -7.041   -6.489   -5.878   -5.228   -4.566
   -3.653   -3.456   -2.584   -1.982   -1.375   -0.756   -0.124    0.508    1.107
            0.000000  0.000000  0.362500
  -20.698  -20.526  -20.253  -19.883  -19.419  -18.872  -18.253  -17.586  -16.931  -16.248
  -16.230  -15.843  -15.649  -15.292  -14.849  -14.322  -13.797  -13.675  -13.179  -13.021
  -12.511  -12.261  -12.015  -11.429  -10.640  -10.254   -9.995   -9.878   -9.613   -9.498
   -9.408   -8.408   -8.225   -7.936   -7.549   -7.071   -6.516   -5.899   -5.242   -4.568
   -3.668   -3.440   -2.580   -1.962   -1.345   -0.718   -0.079    0.557    1.158
            0.000000  0.000000  0.360000
  -20.729  -20.556  -20.283  -19.913  -19.449  -18.901  -18.280  -17.609  -16.943  -16.250
  -16.209  -15.826  -15.608  -15.248  -14.803  -14.276  -13.791  -13.649  -13.171  -13.001
  -12.473  -12.272  -11.971  -11.445  -10.651  -10.217   -9.998   -9.846   -9.599   -9.482
   -9.393   -8.443   -8.259   -7.970   -7.581   -7.101   -6.542   -5.921   -5.257   -4.571
   -3.685   -3.422   -2.574   -1.941   -1.313   -0.679   -0.035    0.605    1.210
            0.000000  0.000000  0.357500
  -20.760  -20.587  -20.314  -19.943  -19.479  -18.930  -18.307  -17.634  -16.957  -16.258
  -16.183  -15.806  -15.567  -15.203  -14.757  -14.229  -13.795  -13.613  -13.172  -12.970
  -12.440  -12.276  -11.927  -11.460  -10.662  -10.179  -10.002   -9.814   -9.587   -9.465
   -9.378   -8.477   -8.293   -8.003   -7.612   -7.130   -6.569   -5.943   -5.272   -4.577
   -3.703   -3.404   -2.566   -1.919   -1.282   -0.639    0.010    0.654    1.261
            0.000000  0.000000  0.355000
  -20.790  -20.617  -20.344  -19.973  -19.508  -18.958  -18.335  -17.658  -16.972  -16.270
  -16.157  -15.781  -15.526  -15.159  -14.711  -14.183  -13.802  -13.572  -13.179  -12.933
  -12.416  -12.271  -11.883  -11.474  -10.673  -10.142  -10.006   -9.782   -9.577   -9.446
   -9.364   -8.512   -8.327   -8.036   -7.644   -7.160   -6.595   -5.966   -5.289   -4.584
   -3.722   -3.384   -2.556   -1.897   -1.249   -0.600    0.055    0.703    1.313
            0.000000  0.000000  0.352500
  -20.820  -20.647  -20.374  -20.002  -19.537  -18.987  -18.362  -17.682  -16.989  -16.285
  -16.129  -15.754  -15.484  -15.114  -14.664  -14.136  -13.811  -13.529  -13.189  -12.892
  -12.406  -12.253  -11.839  -11.488  -10.684  -10.105  -10.010   -9.750   -9.568   -9.426
   -9.350   -8.546   -8.361   -8.069   -7.676   -7.189   -6.622   -5.989   -5.306   -4.592
   -3.742   -3.363   -2.545   -1.873   -1.217   -0.560    0.100    0.751    1.364
            0.000000  0.000000  0.350000
  -20.850  -20.677  -20.403  -20.032  -19.567  -19.015  -18.389  -17.707  -17.007  -16.302
  -16.101  -15.725  -15.442  -15.069  -14.618  -14.090  -13.820  -13.485  -13.200  -12.849
  -12.406  -12.223  -11.795  -11.502  -10.695  -10.067  -10.014   -9.718   -9.560   -9.406
   -9.335   -8.581   -8.395   -8.102   -7.707   -7.219   -6.649   -6.012   -5.324   -4.602
   -3.763   -3.342   -2.532   -1.850   -1.184   -0.520    0.145    0.800    1.415
            0.000000  0.000000  0.347500
  -20.880  -20.707  -20.433  -20.061  -19.595  -19.044  -18.416  -17.732  -17.026  -16.321
  -16.073  -15.694  -15.401  -15.024  -14.572  -14.044  -13.829  -13.440  -13.211  -12.805
  -12.412  -12.187  -11.752  -11.515  -10.706  -10.030  -10.018   -9.686   -9.552   -9.385
   -9.321   -8.615   -8.428   -8.134   -7.738   -7.248   -6.676   -6.035   -5.342   -4.614
   -3.785   -3.319   -2.518   -1.825   -1.151   -0.480    0.190    0.849    1.467
            0.000000  0.000000  0.345000
  -20.909  -20.736  -20.462  -20.090  -19.624  -19.072  -18.443  -17.757  -17.046  -16.341
  -16.044  -15.662  -15.359  -14.979  -14.526  -13.997  -13.837  -13.394  -13.223  -12.760
  -12.422  -12.146  -11.710  -11.526  -10.716  -10.022   -9.993   -9.654   -9.546   -9.363
   -9.307   -8.648   -8.462   -8.167   -7.770   -7.278   -6.703   -6.058   -5.361   -4.627
   -3.808   -3.296   -2.502   -1.800   -1.118   -0.440    0.236    0.898    1.518
            0.000000  0.000000  0.342500
  -20.939  -20.766  -20.492  -20.119  -19.653  -19.100  -18.470  -17.781  -17.067  -16.361
  -16.016  -15.629  -15.316  -14.934  -14.480  -13.951  -13.844  -13.348  -13.234  -12.715
  -12.433  -12.103  -11.670  -11.534  -10.727  -10.026   -9.955   -9.622   -9.540   -9.342
   -9.292   -8.682   -8.495   -8.199   -7.801   -7.307   -6.730   -6.082   -5.380   -4.641
   -3.832   -3.272   -2.485   -1.775   -1.084   -0.400    0.281    0.947    1.570
            0.000000  0.000000  0.340000
  -20.968  -20.795  -20.521  -20.148  -19.681  -19.127  -18.497  -17.806  -17.088  -16.383
  -15.988  -15.596  -15.274  -14.889  -14.434  -13.905  -13.850  -13.302  -13.244  -12.669
  -12.445  -12.060  -11.637  -11.536  -10.737  -10.031   -9.918   -9.590   -9.534   -9.320
   -9.278   -8.715   -8.528   -8.232   -7.832   -7.337   -6.757   -6.106   -5.400   -4.656
   -3.856   -3.247   -2.467   -1.749   -1.050   -0.360    0.326    0.996    1.621
            0.000000  0.000000  0.337500
  -20.997  -20.824  -20.549  -20.176  -19.709  -19.155  -18.524  -17.831  -17.109  -16.404
  -15.960  -15.562  -15.232  -14.844  -14.388  -13.860  -13.855  -13.256  -13.253  -12.623
  -12.457  -12.015  -11.618  -11.523  -10.747  -10.035   -9.881   -9.559   -9.529   -9.298
   -9.264   -8.749   -8.561   -8.264   -7.863   -7.366   -6.784   -6.130   -5.420   -4.672
   -3.881   -3.222   -2.448   -1.723   -1.017   -0.319    0.372    1.045    1.672
            0.000000  0.000000  0.335000
  -21.026  -20.852  -20.578  -20.205  -19.737  -19.182  -18.550  -17.856  -17.131  -16.427
  -15.933  -15.529  -15.190  -14.799  -14.343  -13.859  -13.814  -13.262  -13.210  -12.577
  -12.468  -11.970  -11.615  -11.494  -10.758  -10.039   -9.844   -9.527   -9.523   -9.276
   -9.249   -8.782   -8.593   -8.295   -7.894   -7.395   -6.811   -6.154   -5.441   -4.689
   -3.906   -3.197   -2.429   -1.696   -0.982   -0.279    0.417    1.094    1.724
            0.000000  0.000000  0.332500
  -21.054  -20.881  -20.606  -20.233  -19.765  -19.210  -18.577  -17.881  -17.153  -16.449
  -15.907  -15.495  -15.149  -14.754  -14.298  -13.861  -13.769  -13.269  -13.164  -12.531
  -12.479  -11.925  -11.620  -11.456  -10.767  -10.043   -9.807   -9.519   -9.495   -9.255
   -9.234   -8.814   -8.626   -8.327   -7.924   -7.424   -6.838   -6.179   -5.462   -4.707
   -3.932   -3.171   -2.408   -1.669   -0.948   -0.238    0.462    1.143    1.775
            0.000000  0.000000  0.330000
  -21.083  -20.909  -20.634  -20.261  -19.793  -19.237  -18.603  -17.906  -17.175  -16.472
  -15.881  -15.461  -15.107  -14.709  -14.253  -13.861  -13.725  -13.274  -13.119  -12.490
  -12.485  -11.879  -11.629  -11.414  -10.777  -10.047   -9.770   -9.514   -9.464   -9.236
   -9.218   -8.847   -8.658   -8.359   -7.955   -7.453   -6.865   -6.203   -5.483   -4.726
   -3.958   -3.145   -2.387   -1.642   -0.914   -0.198    0.508    1.192    1.826
            0.000000  0.000000  0.327500
  -21.111  -20.937  -20.662  -20.289  -19.820  -19.264  -18.629  -17.931  -17.197  -16.494
  -15.857  -15.428  -15.065  -14.664  -14.208  -13.860  -13.682  -13.278  -13.074  -12.499
  -12.439  -11.833  -11.639  -11.370  -10.787  -10.052   -9.733   -9.510   -9.433   -9.218
   -9.199   -8.879   -8.690   -8.390   -7.985   -7.482   -6.892   -6.228   -5.505   -4.745
   -3.985   -3.118   -2.366   -1.614   -0.880   -0.157    0.553    1.240    1.877
            0.000000  0.000000  0.325000
  -21.139  -20.965  -20.690  -20.316  -19.848  -19.291  -18.655  -17.955  -17.220  -16.517
  -15.833  -15.395  -15.024  -14.619  -14.164  -13.857  -13.640  -13.280  -13.029  -12.508
  -12.393  -11.788  -11.648  -11.326  -10.796  -10.056   -9.696   -9.506   -9.402   -9.203
   -9.179   -8.912   -8.722   -8.421   -8.015   -7.511   -6.919   -6.252   -5.527   -4.765
   -4.011   -3.091   -2.343   -1.587   -0.845   -0.117    0.598    1.289    1.895
            0.000000  0.000000  0.322500
  -21.167  -20.993  -20.718  -20.344  -19.875  -19.317  -18.681  -17.980  -17.242  -16.540
  -15.810  -15.363  -14.983  -14.575  -14.121  -13.852  -13.600  -13.279  -12.985  -12.515
  -12.347  -11.741  -11.658  -11.281  -10.805  -10.060   -9.659   -9.502   -9.371   -9.189
   -9.158   -8.944   -8.753   -8.452   -8.045   -7.540   -6.946   -6.277   -5.549   -4.785
   -4.038   -3.064   -2.321   -1.559   -0.811   -0.076    0.643    1.338    1.867
            0.000000  0.000000  0.320000
  -21.194  -21.020  -20.745  -20.371  -19.902  -19.344  -18.707  -18.004  -17.265  -16.563
  -15.788  -15.331  -14.942  -14.530  -14.080  -13.844  -13.561  -13.275  -12.942  -12.521
  -12.301  -11.695  -11.668  -11.236  -10.814  -10.064   -9.622   -9.498   -9.340   -9.175
   -9.136   -8.975   -8.785   -8.483   -8.075   -7.568   -6.973   -6.302   -5.572   -4.806
   -4.065   -3.037   -2.298   -1.531   -0.776   -0.036    0.689    1.386    1.839
            0.000000  0.000000  0.317500
  -21.222  -21.048  -20.772  -20.398  -19.928  -19.370  -18.732  -18.029  -17.288  -16.586
  -15.768  -15.299  -14.902  -14.486  -14.039  -13.833  -13.526  -13.267  -12.900  -12.525
  -12.255  -11.677  -11.649  -11.191  -10.823  -10.068   -9.585   -9.494   -9.309   -9.161
   -9.114   -9.007   -8.816   -8.513   -8.105   -7.597   -7.000   -6.327   -5.594   -4.827
   -4.093   -3.010   -2.274   -1.503   -0.742    0.004    0.734    1.435    1.812
            0.000000  0.000000  0.315000
  -21.249  -21.075  -20.799  -20.425  -19.955  -19.396  -18.758  -18.053  -17.311  -16.609
  -15.748  -15.269  -14.861  -14.442  -14.001  -13.818  -13.495  -13.254  -12.860  -12.526
  -12.210  -11.685  -11.603  -11.145  -10.831  -10.072   -9.549   -9.490   -9.278   -9.148
   -9.093   -9.038   -8.847   -8.544   -8.134   -7.625   -7.027   -6.352   -5.617   -4.849
   -4.120   -2.983   -2.251   -1.475   -0.707    0.045    0.779    1.483    1.784
            0.000000  0.000000  0.312500
  -21.276  -21.102  -20.826  -20.451  -19.981  -19.422  -18.783  -18.077  -17.333  -16.632
  -15.730  -15.239  -14.822  -14.398  -13.966  -13.799  -13.467  -13.235  -12.823  -12.524
  -12.166  -11.692  -11.557  -11.099  -10.839  -10.076   -9.512   -9.487   -9.248   -9.135
   -9.071   -9.069   -8.878   -8.574   -8.164   -7.653   -7.053   -6.377   -5.640   -4.871
   -4.148   -2.956   -2.227   -1.446   -0.673    0.085    0.824    1.531    1.757
            0.000000  0.000000  0.310000
  -21.302  -21.128  -20.853  -20.478  -20.007  -19.448  -18.808  -18.101  -17.356  -16.654
  -15.713  -15.210  -14.782  -14.355  -13.934  -13.776  -13.444  -13.210  -12.789  -12.518
  -12.122  -11.698  -11.511  -11.054  -10.847  -10.080   -9.484   -9.475   -9.218   -9.122
   -9.100   -9.049   -8.908   -8.604   -8.193   -7.682   -7.080   -6.401   -5.663   -4.894
   -4.175   -2.929   -2.203   -1.418   -0.639    0.125    0.868    1.579    1.730
            0.000000  0.000000  0.307500
  -21.329  -21.155  -20.879  -20.504  -20.033  -19.473  -18.833  -18.125  -17.378  -16.677
  -15.697  -15.182  -14.744  -14.311  -13.905  -13.748  -13.425  -13.181  -12.760  -12.506
  -12.079  -11.702  -11.465  -11.008  -10.854  -10.083   -9.480   -9.439   -9.189   -9.131
   -9.108   -9.027   -8.939   -8.634   -8.222   -7.710   -7.107   -6.426   -5.686   -4.916
   -4.203   -2.902   -2.178   -1.390   -0.604    0.165    0.913    1.627    1.703
            0.000000  0.000000  0.305000
  -21.355  -21.181  -20.905  -20.530  -20.059  -19.499  -18.858  -18.149  -17.401  -16.699
  -15.683  -15.156  -14.705  -14.268  -13.878  -13.716  -13.409  -13.147  -12.736  -12.488
  -12.038  -11.704  -11.419  -10.962  -10.861  -10.087   -9.477   -9.402   -9.162   -9.160
   -9.094   -9.005   -8.969   -8.664   -8.251   -7.737   -7.133   -6.451   -5.710   -4.939
   -4.231   -2.875   -2.154   -1.362   -0.570    0.205    0.957    1.674    1.676
            0.000000  0.000000  0.302500
  -21.382  -21.207  -20.931  -20.556  -20.085  -19.524  -18.882  -18.173  -17.424  -16.722
  -15.670  -15.130  -14.668  -14.226  -13.854  -13.680  -13.395  -13.110  -12.717  -12.464
  -12.000  -11.704  -11.374  -10.916  -10.867  -10.091   -9.473   -9.366   -9.192   -9.132
   -9.079   -8.999   -8.984   -8.693   -8.280   -7.765   -7.160   -6.476   -5.733   -4.962
   -4.258   -2.848   -2.130   -1.333   -0.536    0.244    1.001    1.649    1.669
            0.000000  0.000000  0.300000
  -21.407  -21.233  -20.957  -20.581  -20.110  -19.549  -18.907  -18.196  -17.446  -16.744
  -15.659  -15.106  -14.631  -14.184  -13.830  -13.642  -13.381  -13.070  -12.703  -12.434
  -11.965  -11.699  -11.329  -10.873  -10.869  -10.094   -9.470   -9.330   -9.222   -9.107
   -9.063   -9.029   -8.963   -8.722   -8.308   -7.793   -7.186   -6.501   -5.756   -4.986
   -4.286   -2.822   -2.105   -1.305   -0.502    0.284    1.046    1.622    1.642
            0.000000  0.000000  0.297500
  -21.433  -21.259  -20.983  -20.607  -20.135  -19.574  -18.931  -18.220  -17.468  -16.766
  -15.648  -15.083  -14.595  -14.142  -13.807  -13.603  -13.368  -13.029  -12.692  -12.400
  -11.934  -11.690  -11.285  -10.877  -10.824  -10.097   -9.467   -9.294   -9.252   -9.085
   -9.058   -9.043   -8.941   -8.752   -8.337   -7.820   -7.212   -6.526   -5.780   -5.009
   -4.313   -2.795   -2.081   -1.277   -0.469    0.323    1.089    1.595    1.615
            0.000000  0.000000  0.295000
  -21.459  -21.284  -21.008  -20.632  -20.160  -19.598  -18.955  -18.243  -17.490  -16.788
  -15.640  -15.061  -14.559  -14.100  -13.783  -13.562  -13.354  -12.987  -12.684  -12.362
  -11.908  -11.674  -11.241  -10.881  -10.778  -10.101   -9.464   -9.281   -9.258   -9.088
   -9.067   -9.019   -8.920   -8.780   -8.365   -7.847   -7.238   -6.550   -5.803   -5.032
   -4.341   -2.769   -2.057   -1.249   -0.435    0.362    1.133    1.569    1.589
            0.000000  0.000000  0.292500
  -21.484  -21.310  -21.033  -20.657  -20.185  -19.623  -18.979  -18.266  -17.513  -16.810
  -15.632  -15.040  -14.524  -14.059  -13.759  -13.522  -13.340  -12.944  -12.677  -12.322
  -11.889  -11.652  -11.199  -10.883  -10.732  -10.104   -9.461   -9.311   -9.222   -9.117
   -9.051   -8.993   -8.899   -8.809   -8.393   -7.874   -7.264   -6.575   -5.827   -5.056
   -4.368   -2.743   -2.032   -1.221   -0.402    0.401    1.176    1.542    1.562
            0.000000  0.000000  0.290000
  -21.509  -21.335  -21.058  -20.682  -20.209  -19.647  -19.003  -18.289  -17.535  -16.832
  -15.626  -15.021  -14.490  -14.018  -13.734  -13.480  -13.324  -12.901  -12.670  -12.280
  -11.875  -11.623  -11.158  -10.882  -10.686  -10.106   -9.458   -9.340   -9.186   -9.146
   -9.038   -8.965   -8.878   -8.838   -8.421   -7.901   -7.290   -6.600   -5.850   -5.080
   -4.396   -2.717   -2.008   -1.194   -0.369    0.440    1.219    1.516    1.536
            0.000000  0.000000  0.287500
  -21.534  -21.360  -21.083  -20.707  -20.234  -19.671  -19.026  -18.312  -17.556  -16.853
  -15.620  -15.003  -14.457  -13.978  -13.708  -13.439  -13.308  -12.857  -12.663  -12.237
  -11.866  -11.590  -11.120  -10.879  -10.640  -10.109   -9.455   -9.369   -9.174   -9.150
   -9.025   -8.937   -8.866   -8.857   -8.448   -7.928   -7.316   -6.624   -5.874   -5.103
   -4.423   -2.691   -1.984   -1.166   -0.336    0.478    1.262    1.490    1.509
            0.000000  0.000000  0.285000
  -21.559  -21.384  -21.108  -20.731  -20.258  -19.695  -19.049  -18.335  -17.578  -16.875
  -15.617  -14.987  -14.426  -13.938  -13.681  -13.398  -13.290  -12.814  -12.656  -12.193
  -11.860  -11.552  -11.086  -10.872  -10.594  -10.111   -9.452   -9.398   -9.203   -9.114
   -9.013   -8.908   -8.894   -8.837   -8.476   -7.955   -7.341   -6.649   -5.898   -5.127
   -4.450   -2.666   -1.960   -1.139   -0.303    0.516    1.304    1.463    1.483
            0.000000  0.000000  0.282500
  -21.583  -21.409  -21.132  -20.755  -20.282  -19.719  -19.073  -18.357  -17.600  -16.896
  -15.614  -14.972  -14.395  -13.899  -13.653  -13.357  -13.271  -12.770  -12.648  -12.149
  -11.855  -11.512  -11.057  -10.858  -10.548  -10.113   -9.449   -9.426   -9.231   -9.079
   -9.001   -8.922   -8.880   -8.816   -8.503   -7.981   -7.367   -6.673   -5.921   -5.151
   -4.477   -2.641   -1.936   -1.112   -0.271    0.554    1.346    1.437    1.457
            0.000000  0.000000  0.280000
  -21.608  -21.433  -21.156  -20.779  -20.306  -19.742  -19.096  -18.379  -17.621  -16.917
  -15.612  -14.959  -14.365  -13.861  -13.624  -13.316  -13.250  -12.726  -12.639  -12.104
  -11.852  -11.470  -11.034  -10.838  -10.503  -10.115   -9.454   -9.446   -9.259   -9.043
   -8.990   -8.949   -8.851   -8.796   -8.530   -8.008   -7.392   -6.698   -5.944   -5.175
   -4.504   -2.616   -1.912   -1.085   -0.239    0.592    1.388    1.411    1.431
            0.000000  0.000000  0.277500
  -21.632  -21.457  -21.180  -20.803  -20.329  -19.765  -19.119  -18.402  -17.643  -16.938
  -15.611  -14.947  -14.336  -13.823  -13.594  -13.275  -13.228  -12.682  -12.628  -12.059
  -11.848  -11.427  -11.019  -10.811  -10.457  -10.116   -9.483   -9.443   -9.287   -9.008
   -8.979   -8.977   -8.823   -8.775   -8.557   -8.034   -7.417   -6.722   -5.968   -5.198
   -4.531   -2.591   -1.889   -1.058   -0.207    0.629    1.386    1.405    1.429
            0.000000  0.000000  0.275000
  -21.656  -21.481  -21.204  -20.827  -20.353  -19.788  -19.141  -18.424  -17.664  -16.959
  -15.612  -14.936  -14.309  -13.785  -13.563  -13.236  -13.205  -12.639  -12.616  -12.014
  -11.845  -11.383  -11.008  -10.778  -10.413  -10.116   -9.510   -9.440   -9.315   -9.004
   -8.973   -8.968   -8.794   -8.755   -8.584   -8.060   -7.442   -6.746   -5.991   -5.222
   -4.558   -2.567   -1.866   -1.032   -0.175    0.666    1.360    1.380    1.470
            0.000000  0.000000  0.272500
  -21.679  -21.505  -21.227  -20.850  -20.376  -19.811  -19.164  -18.445  -17.685  -16.980
  -15.613  -14.927  -14.283  -13.748  -13.530  -13.196  -13.180  -12.603  -12.596  -11.969
  -11.841  -11.338  -11.001  -10.741  -10.369  -10.116   -9.538   -9.437   -9.342   -9.031
   -8.957   -8.938   -8.766   -8.735   -8.610   -8.085   -7.467   -6.770   -6.015   -5.246
   -4.585   -2.543   -1.843   -1.006   -0.144    0.702    1.335    1.354    1.510
            0.000000  0.000000  0.270000
  -21.703  -21.528  -21.251  -20.873  -20.399  -19.834  -19.186  -18.467  -17.706  -17.000
  -15.615  -14.919  -14.258  -13.712  -13.497  -13.157  -13.154  -12.588  -12.554  -11.924
  -11.837  -11.293  -10.997  -10.700  -10.326  -10.114   -9.565   -9.434   -9.369   -9.058
   -8.946   -8.903   -8.739   -8.714   -8.636   -8.111   -7.492   -6.794   -6.038   -5.270
   -4.611   -2.520   -1.820   -0.980   -0.113    0.738    1.309    1.329    1.522
            0.000000  0.000000  0.267500
  -21.726  -21.551  -21.274  -20.896  -20.422  -19.856  -19.208  -18.489  -17.726  -17.021
  -15.618  -14.912  -14.234  -13.676  -13.463  -13.126  -13.119  -12.571  -12.512  -11.879
  -11.831  -11.247  -10.994  -10.658  -10.285  -10.110   -9.593   -9.431   -9.396   -9.084
   -8.935   -8.868   -8.712   -8.694   -8.662   -8.136   -7.517   -6.817   -6.061   -5.293
   -4.637   -2.496   -1.797   -0.954   -0.082    0.774    1.284    1.303    1.490
            0.000000  0.000000  0.265000
  -21.749  -21.574  -21.297  -20.919  -20.444  -19.879  -19.230  -18.510  -17.747  -17.041
  -15.622  -14.907  -14.212  -13.641  -13.428  -13.098  -13.081  -12.553  -12.470  -11.834
  -11.824  -11.202  -10.991  -10.615  -10.247  -10.102   -9.619   -9.428   -9.423   -9.111
   -8.925   -8.834   -8.688   -8.686   -8.671   -8.162   -7.541   -6.841   -6.084   -5.317
   -4.663   -2.473   -1.775   -0.929   -0.052    0.809    1.259    1.278    1.459
            0.000000  0.000000  0.262500
  -21.772  -21.597  -21.319  -20.942  -20.467  -19.901  -19.252  -18.531  -17.767  -17.061
  -15.627  -14.902  -14.191  -13.607  -13.393  -13.068  -13.044  -12.533  -12.429  -11.816
  -11.790  -11.156  -10.988  -10.571  -10.215  -10.088   -9.646   -9.449   -9.425   -9.137
   -8.914   -8.799   -8.714   -8.663   -8.647   -8.187   -7.565   -6.865   -6.107   -5.340
   -4.689   -2.451   -1.753   -0.904   -0.022    0.844    1.234    1.253    1.428
            0.000000  0.000000  0.260000
  -21.795  -21.620  -21.342  -20.964  -20.489  -19.923  -19.273  -18.552  -17.788  -17.081
  -15.632  -14.899  -14.172  -13.574  -13.356  -13.038  -13.007  -12.511  -12.389  -11.807
  -11.745  -11.110  -10.986  -10.526  -10.191  -10.066   -9.673   -9.476   -9.421   -9.163
   -8.904   -8.765   -8.739   -8.642   -8.621   -8.212   -7.590   -6.888   -6.130   -5.363
   -4.715   -2.428   -1.731   -0.879    0.007    0.879    1.209    1.228    1.397
            0.000000  0.000000  0.257500
  -21.817  -21.642  -21.364  -20.986  -20.511  -19.945  -19.294  -18.573  -17.808  -17.100
  -15.638  -14.897  -14.154  -13.541  -13.319  -13.006  -12.971  -12.487  -12.350  -11.795
  -11.702  -11.064  -10.982  -10.481  -10.176  -10.035   -9.699   -9.502   -9.418   -9.189
   -8.894   -8.765   -8.731   -8.623   -8.595   -8.236   -7.613   -6.911   -6.153   -5.387
   -4.740   -2.406   -1.709   -0.855    0.037    0.913    1.184    1.204    1.367
            0.000000  0.000000  0.255000
  -21.839  -21.664  -21.386  -21.008  -20.533  -19.966  -19.316  -18.593  -17.828  -17.120
  -15.644  -14.896  -14.138  -13.509  -13.281  -12.974  -12.935  -12.462  -12.312  -11.783
  -11.658  -11.019  -10.978  -10.436  -10.166   -9.998   -9.725   -9.527   -9.415   -9.214
   -8.884   -8.790   -8.697   -8.603   -8.568   -8.261   -7.637   -6.934   -6.175   -5.410
   -4.766   -2.385   -1.688   -0.831    0.065    0.946    1.160    1.179    1.337
            0.000000  0.000000  0.252500
  -21.861  -21.686  -21.408  -21.030  -20.554  -19.987  -19.337  -18.614  -17.848  -17.139
  -15.651  -14.896  -14.123  -13.478  -13.242  -12.940  -12.900  -12.436  -12.275  -11.768
  -11.616  -10.974  -10.972  -10.390  -10.159   -9.958   -9.751   -9.553   -9.411   -9.239
   -8.874   -8.814   -8.663   -8.584   -8.541   -8.285   -7.661   -6.957   -6.198   -5.433
   -4.791   -2.364   -1.667   -0.807    0.094    0.979    1.135    1.154    1.307
            0.000000  0.000000  0.250000
  -21.883  -21.708  -21.430  -21.051  -20.576  -20.009  -19.357  -18.634  -17.867  -17.158
  -15.658  -14.897  -14.110  -13.449  -13.203  -12.906  -12.865  -12.408  -12.238  -11.751
  -11.574  -10.967  -10.928  -10.345  -10.154   -9.915   -9.776   -9.578   -9.408   -9.264
   -8.864   -8.839   -8.630   -8.566   -8.514   -8.309   -7.684   -6.980   -6.220   -5.456
   -4.816   -2.343   -1.647   -0.784    0.122    1.011    1.111    1.130    1.278
            0.000000  0.000000  0.247500
  -21.905  -21.729  -21.451  -21.073  -20.597  -20.029  -19.378  -18.654  -17.887  -17.177
  -15.666  -14.899  -14.098  -13.420  -13.163  -12.871  -12.831  -12.379  -12.203  -11.732
  -11.533  -10.960  -10.884  -10.299  -10.149   -9.872   -9.801   -9.603   -9.404   -9.289
   -8.864   -8.854   -8.596   -8.547   -8.487   -8.333   -7.708   -7.003   -6.242   -5.479
   -4.841   -2.322   -1.626   -0.761    0.149    1.043    1.087    1.106    1.249
            0.000000  0.000000  0.245000
  -21.926  -21.751  -21.473  -21.094  -20.618  -20.050  -19.398  -18.674  -17.906  -17.196
  -15.674  -14.901  -14.087  -13.392  -13.123  -12.836  -12.796  -12.349  -12.168  -11.711
  -11.493  -10.952  -10.839  -10.253  -10.145   -9.827   -9.827   -9.628   -9.400   -9.314
   -8.888   -8.844   -8.563   -8.529   -8.460   -8.357   -7.731   -7.025   -6.265   -5.501
   -4.865   -2.302   -1.606   -0.738    0.176    1.063    1.074    1.082    1.221
            0.000000  0.000000  0.242500
  -21.947  -21.772  -21.494  -21.115  -20.639  -20.071  -19.418  -18.694  -17.925  -17.215
  -15.683  -14.904  -14.077  -13.365  -13.083  -12.800  -12.763  -12.318  -12.135  -11.689
  -11.454  -10.941  -10.795  -10.208  -10.140   -9.851   -9.782   -9.653   -9.396   -9.338
   -8.912   -8.835   -8.531   -8.510   -8.434   -8.380   -7.754   -7.047   -6.287   -5.524
   -4.890   -2.282   -1.587   -0.716    0.203    1.039    1.058    1.104    1.192
            0.000000  0.000000  0.240000
  -21.968  -21.793  -21.515  -21.136  -20.659  -20.091  -19.438  -18.713  -17.944  -17.233
  -15.692  -14.908  -14.069  -13.340  -13.041  -12.763  -12.729  -12.286  -12.102  -11.664
  -11.416  -10.929  -10.751  -10.162  -10.135   -9.876   -9.737   -9.677   -9.391   -9.362
   -8.935   -8.825   -8.500   -8.490   -8.407   -8.403   -7.776   -7.070   -6.308   -5.546
   -4.914   -2.263   -1.567   -0.694    0.229    1.015    1.034    1.134    1.164
            0.000000  0.000000  0.237500
  -21.989  -21.814  -21.535  -21.156  -20.680  -20.111  -19.458  -18.733  -17.963  -17.251
  -15.701  -14.912  -14.062  -13.316  -13.000  -12.726  -12.696  -12.253  -12.070  -11.638
  -11.379  -10.915  -10.709  -10.129  -10.117   -9.900   -9.702   -9.692   -9.387   -9.386
   -8.959   -8.816   -8.477   -8.462   -8.426   -8.381   -7.799   -7.092   -6.330   -5.568
   -4.938   -2.244   -1.548   -0.672    0.255    0.991    1.011    1.137    1.162
            0.000000  0.000000  0.235000
  -22.010  -21.834  -21.556  -21.176  -20.700  -20.131  -19.478  -18.752  -17.981  -17.269
  -15.711  -14.917  -14.056  -13.293  -12.958  -12.689  -12.663  -12.220  -12.039  -11.609
  -11.344  -10.899  -10.666  -10.122  -10.072   -9.924   -9.726   -9.647   -9.410   -9.382
   -8.982   -8.806   -8.459   -8.449   -8.431   -8.355   -7.821   -7.113   -6.352   -5.590
   -4.962   -2.225   -1.530   -0.651    0.280    0.968    0.987    1.109    1.190
            0.000000  0.000000  0.232500
  -22.030  -21.854  -21.576  -21.197  -20.720  -20.151  -19.497  -18.771  -17.999  -17.287
  -15.721  -14.923  -14.052  -13.271  -12.916  -12.650  -12.630  -12.186  -12.009  -11.580
  -11.311  -10.881  -10.625  -10.114  -10.027   -9.948   -9.749   -9.601   -9.433   -9.376
   -9.005   -8.796   -8.472   -8.442   -8.398   -8.330   -7.843   -7.135   -6.373   -5.612
   -4.985   -2.207   -1.511   -0.631    0.304    0.945    0.964    1.082    1.217
            0.000000  0.000000  0.230000
  -22.050  -21.874  -21.596  -21.216  -20.739  -20.170  -19.516  -18.789  -18.018  -17.305
  -15.731  -14.928  -14.048  -13.251  -12.873  -12.612  -12.598  -12.152  -11.978  -11.549
  -11.278  -10.860  -10.585  -10.105   -9.983   -9.972   -9.773   -9.556   -9.457   -9.371
   -9.028   -8.787   -8.494   -8.424   -8.366   -8.304   -7.865   -7.156   -6.394   -5.634
   -5.009   -2.189   -1.494   -0.610    0.329    0.922    0.941    1.056    1.242
            0.000000  0.000000  0.227500
  -22.070  -21.894  -21.616  -21.236  -20.759  -20.190  -19.535  -18.808  -18.036  -17.322
  -15.741  -14.935  -14.045  -13.232  -12.830  -12.573  -12.566  -12.118  -11.948  -11.517
  -11.248  -10.837  -10.546  -10.095   -9.995   -9.939   -9.796   -9.511   -9.480   -9.364
   -9.051   -8.777   -8.517   -8.407   -8.335   -8.279   -7.887   -7.178   -6.415   -5.655
   -5.032   -2.171   -1.476   -0.590    0.352    0.899    0.918    1.030    1.231
            0.000000  0.000000  0.225000
  -22.090  -21.914  -21.635  -21.256  -20.778  -20.209  -19.554  -18.826  -18.054  -17.340
  -15.751  -14.942  -14.043  -13.214  -12.787  -12.536  -12.532  -12.083  -11.918  -11.484
  -11.219  -10.812  -10.508  -10.082  -10.018   -9.895   -9.819   -9.502   -9.465   -9.358
   -9.073   -8.768   -8.539   -8.391   -8.303   -8.254   -7.909   -7.199   -6.436   -5.677
   -5.055   -2.154   -1.459   -0.571    0.376    0.876    0.896    1.004    1.205
            0.000000  0.000000  0.222500
  -22.109  -21.933  -21.655  -21.275  -20.797  -20.228  -19.573  -18.845  -18.071  -17.357
  -15.762  -14.949  -14.042  -13.198  -12.744  -12.504  -12.493  -12.048  -11.888  -11.450
  -11.191  -10.785  -10.472  -10.068  -10.041   -9.852   -9.842   -9.525   -9.420   -9.350
   -9.096   -8.758   -8.560   -8.374   -8.271   -8.229   -7.930   -7.220   -6.457   -5.698
   -5.077   -2.137   -1.442   -0.552    0.398    0.853    0.873    0.978    1.179
            0.000000  0.000000  0.220000
  -22.128  -21.953  -21.674  -21.294  -20.816  -20.246  -19.591  -18.863  -18.089  -17.374
  -15.773  -14.956  -14.042  -13.183  -12.700  -12.474  -12.453  -12.012  -11.858  -11.416
  -11.164  -10.756  -10.438  -10.064  -10.052   -9.864   -9.809   -9.547   -9.375   -9.342
   -9.118   -8.749   -8.582   -8.357   -8.240   -8.204   -7.951   -7.241   -6.478   -5.719
   -5.100   -2.120   -1.425   -0.533    0.420    0.830    0.851    0.953    1.153
            0.000000  0.000000  0.217500
  -22.147  -21.972  -21.693  -21.313  -20.835  -20.265  -19.609  -18.880  -18.106  -17.391
  -15.783  -14.964  -14.042  -13.170  -12.657  -12.444  -12.413  -11.977  -11.827  -11.381
  -11.138  -10.725  -10.405  -10.086  -10.033   -9.887   -9.768   -9.569   -9.334   -9.329
   -9.139   -8.739   -8.603   -8.341   -8.209   -8.179   -7.972   -7.261   -6.498   -5.740
   -5.122   -2.104   -1.409   -0.515    0.442    0.808    0.829    0.928    1.128
            0.000000  0.000000  0.215000
  -22.166  -21.990  -21.711  -21.331  -20.854  -20.283  -19.627  -18.898  -18.123  -17.407
  -15.794  -14.972  -14.044  -13.157  -12.613  -12.414  -12.372  -11.941  -11.797  -11.345
  -11.112  -10.692  -10.375  -10.109  -10.011   -9.909   -9.727   -9.591   -9.323   -9.285
   -9.161   -8.729   -8.625   -8.325   -8.179   -8.154   -7.993   -7.281   -6.518   -5.761
   -5.144   -2.089   -1.393   -0.497    0.463    0.786    0.807    0.904    1.103
            0.000000  0.000000  0.212500
  -22.185  -22.009  -21.730  -21.350  -20.872  -20.301  -19.645  -18.915  -18.140  -17.424
  -15.805  -14.980  -14.045  -13.146  -12.570  -12.386  -12.331  -11.906  -11.766  -11.310
  -11.087  -10.659  -10.346  -10.131   -9.988   -9.930   -9.688   -9.613   -9.312   -9.241
   -9.182   -8.720   -8.646   -8.309   -8.149   -8.130   -8.013   -7.302   -6.538   -5.781
   -5.166   -2.073   -1.378   -0.479    0.483    0.763    0.785    0.879    1.079
            0.000000  0.000000  0.210000
  -22.203  -22.027  -21.748  -21.368  -20.890  -20.319  -19.663  -18.933  -18.157  -17.440
  -15.817  -14.988  -14.048  -13.136  -12.526  -12.358  -12.289  -11.870  -11.735  -11.275
  -11.062  -10.624  -10.320  -10.152   -9.961   -9.952   -9.649   -9.634   -9.299   -9.203
   -9.197   -8.710   -8.666   -8.293   -8.119   -8.105   -8.034   -7.322   -6.558   -5.801
   -5.187   -2.058   -1.363   -0.462    0.503    0.741    0.763    0.856    1.054
            0.000000  0.000000  0.207500
  -22.221  -22.045  -21.766  -21.386  -20.908  -20.337  -19.680  -18.950  -18.173  -17.456
  -15.828  -14.997  -14.050  -13.128  -12.483  -12.330  -12.248  -11.834  -11.704  -11.239
  -11.037  -10.588  -10.295  -10.174   -9.973   -9.933   -9.655   -9.613   -9.284   -9.224
   -9.153   -8.700   -8.687   -8.277   -8.091   -8.079   -8.054   -7.341   -6.578   -5.822
   -5.209   -2.043   -1.348   -0.445    0.522    0.720    0.742    0.832    1.030
            0.000000  0.000000  0.205000
  -22.239  -22.063  -21.784  -21.404  -20.925  -20.354  -19.697  -18.966  -18.190  -17.472
  -15.839  -15.006  -14.054  -13.120  -12.440  -12.303  -12.206  -11.798  -11.672  -11.204
  -11.012  -10.552  -10.272  -10.195   -9.994   -9.902   -9.676   -9.578   -9.267   -9.245
   -9.109   -8.707   -8.689   -8.262   -8.074   -8.065   -8.052   -7.361   -6.597   -5.841
   -5.230   -2.029   -1.334   -0.429    0.541    0.698    0.721    0.809    1.007
            0.000000  0.000000  0.202500
  -22.257  -22.081  -21.802  -21.421  -20.943  -20.371  -19.714  -18.983  -18.206  -17.487
  -15.850  -15.015  -14.058  -13.113  -12.398  -12.277  -12.164  -11.762  -11.641  -11.169
  -10.986  -10.516  -10.249  -10.216  -10.015   -9.870   -9.697   -9.545   -9.265   -9.248
   -9.066   -8.727   -8.679   -8.247   -8.093   -8.041   -8.024   -7.380   -6.616   -5.861
   -5.251   -2.015   -1.320   -0.413    0.559    0.676    0.700    0.786    0.983
            0.000000  0.000000  0.200000
  -22.275  -22.099  -21.819  -21.439  -20.960  -20.389  -19.731  -19.000  -18.222  -17.503
  -15.861  -15.024  -14.062  -13.108  -12.358  -12.250  -12.122  -11.726  -11.609  -11.134
  -10.960  -10.479  -10.237  -10.228  -10.036   -9.836   -9.717   -9.515   -9.285   -9.227
   -9.023   -8.747   -8.668   -8.231   -8.113   -8.017   -7.995   -7.400   -6.635   -5.881
   -5.271   -2.001   -1.306   -0.398    0.577    0.655    0.679    0.764    0.960
            0.000000  0.000000  0.197500
  -22.292  -22.116  -21.837  -21.456  -20.977  -20.405  -19.748  -19.016  -18.237  -17.518
  -15.873  -15.033  -14.066  -13.103  -12.319  -12.223  -12.079  -11.689  -11.578  -11.100
  -10.934  -10.442  -10.257  -10.207  -10.056   -9.801   -9.737   -9.487   -9.305   -9.202
   -8.981   -8.767   -8.656   -8.216   -8.132   -7.994   -7.966   -7.418   -6.654   -5.900
   -5.292   -1.988   -1.292   -0.383    0.593    0.634    0.658    0.741    0.937
            0.000000  0.000000  0.195000
  -22.309  -22.133  -21.854  -21.473  -20.994  -20.422  -19.764  -19.032  -18.253  -17.533
  -15.884  -15.042  -14.071  -13.099  -12.283  -12.194  -12.037  -11.652  -11.546  -11.066
  -10.907  -10.404  -10.277  -10.187  -10.076   -9.764   -9.757   -9.462   -9.325   -9.176
   -8.939   -8.786   -8.644   -8.201   -8.151   -7.971   -7.937   -7.437   -6.673   -5.919
   -5.312   -1.975   -1.279   -0.368    0.610    0.613    0.638    0.720    0.915
            0.000000  0.000000  0.192500
  -22.326  -22.150  -21.870  -21.490  -21.011  -20.438  -19.780  -19.048  -18.268  -17.548
  -15.895  -15.051  -14.076  -13.096  -12.252  -12.162  -11.994  -11.615  -11.515  -11.032
  -10.879  -10.367  -10.297  -10.167  -10.096   -9.777   -9.727   -9.438   -9.344   -9.146
   -8.898   -8.805   -8.631   -8.186   -8.170   -7.949   -7.909   -7.456   -6.692   -5.938
   -5.332   -1.962   -1.267   -0.354    0.592    0.618    0.625    0.698    0.892
            0.000000  0.000000  0.190000
  -22.343  -22.167  -21.887  -21.506  -21.027  -20.455  -19.796  -19.063  -18.284  -17.563
  -15.906  -15.060  -14.081  -13.093  -12.225  -12.126  -11.951  -11.578  -11.484  -10.999
  -10.851  -10.331  -10.317  -10.146  -10.116   -9.797   -9.690   -9.417   -9.364   -9.115
   -8.858   -8.824   -8.617   -8.189   -8.172   -7.927   -7.881   -7.474   -6.710   -5.957
   -5.351   -1.950   -1.254   -0.340    0.571    0.598    0.640    0.677    0.870
            0.000000  0.000000  0.187500
  -22.359  -22.183  -21.904  -21.523  -21.043  -20.471  -19.812  -19.079  -18.299  -17.577
  -15.918  -15.070  -14.087  -13.091  -12.202  -12.088  -11.908  -11.540  -11.454  -10.966
  -10.822  -10.337  -10.294  -10.135  -10.125   -9.816   -9.652   -9.397   -9.383   -9.081
   -8.843   -8.820   -8.602   -8.207   -8.157   -7.905   -7.853   -7.492   -6.728   -5.975
   -5.371   -1.938   -1.242   -0.327    0.550    0.578    0.654    0.656    0.849
            0.000000  0.000000  0.185000
  -22.376  -22.199  -21.920  -21.539  -21.059  -20.487  -19.828  -19.094  -18.314  -17.592
  -15.929  -15.079  -14.093  -13.090  -12.182  -12.048  -11.866  -11.502  -11.423  -10.933
  -10.793  -10.356  -10.258  -10.154  -10.104   -9.835   -9.613   -9.401   -9.378   -9.046
   -8.861   -8.783   -8.585   -8.225   -8.142   -7.884   -7.825   -7.510   -6.746   -5.993
   -5.390   -1.927   -1.231   -0.314    0.530    0.559    0.636    0.668    0.828
            0.000000  0.000000  0.182500
  -22.392  -22.215  -21.936  -21.555  -21.075  -20.502  -19.843  -19.109  -18.328  -17.606
  -15.940  -15.089  -14.099  -13.090  -12.165  -12.006  -11.823  -11.464  -11.394  -10.901
  -10.763  -10.375  -10.222  -10.173  -10.082   -9.853   -9.575   -9.420   -9.360   -9.010
   -8.879   -8.749   -8.566   -8.243   -8.128   -7.862   -7.797   -7.528   -6.763   -6.011
   -5.409   -1.915   -1.219   -0.301    0.510    0.539    0.616    0.680    0.807
            0.000000  0.000000  0.180000
  -22.407  -22.231  -21.951  -21.570  -21.090  -20.518  -19.858  -19.124  -18.343  -17.620
  -15.951  -15.098  -14.105  -13.090  -12.151  -11.963  -11.780  -11.426  -11.364  -10.869
  -10.733  -10.394  -10.192  -10.187  -10.060   -9.872   -9.537   -9.438   -9.342   -8.973
   -8.897   -8.717   -8.544   -8.261   -8.114   -7.841   -7.770   -7.545   -6.781   -6.029
   -5.428   -1.904   -1.208   -0.289    0.490    0.520    0.596    0.692    0.786
            0.000000  0.000000  0.177500
  -22.423  -22.247  -21.967  -21.586  -21.106  -20.533  -19.873  -19.139  -18.357  -17.634
  -15.962  -15.107  -14.111  -13.090  -12.137  -11.920  -11.737  -11.388  -11.336  -10.838
  -10.702  -10.412  -10.210  -10.153  -10.036   -9.890   -9.499   -9.456   -9.325   -8.936
   -8.915   -8.689   -8.519   -8.278   -8.099   -7.820   -7.743   -7.563   -6.798   -6.047
   -5.446   -1.893   -1.198   -0.277    0.470    0.502    0.576    0.703    0.765
            0.000000  0.000000  0.175000
  -22.438  -22.262  -21.982  -21.601  -21.121  -20.548  -19.888  -19.153  -18.371  -17.647
  -15.973  -15.117  -14.118  -13.091  -12.126  -11.877  -11.694  -11.349  -11.308  -10.806
  -10.671  -10.430  -10.228  -10.119  -10.012   -9.908   -9.474   -9.461   -9.307   -8.933
   -8.897   -8.663   -8.491   -8.296   -8.085   -7.800   -7.716   -7.580   -6.815   -6.064
   -5.464   -1.883   -1.187   -0.266    0.451    0.483    0.557    0.714    0.745
            0.000000  0.000000  0.172500
  -22.454  -22.277  -21.997  -21.616  -21.136  -20.563  -19.903  -19.167  -18.385  -17.661
  -15.984  -15.126  -14.124  -13.092  -12.116  -11.834  -11.652  -11.310  -11.282  -10.775
  -10.640  -10.448  -10.246  -10.086   -9.987   -9.926   -9.492   -9.423   -9.290   -8.950
   -8.859   -8.640   -8.460   -8.313   -8.071   -7.780   -7.690   -7.597   -6.832   -6.081
   -5.482   -1.873   -1.177   -0.255    0.431    0.465    0.538    0.724    0.725
            0.000000  0.000000  0.170000
  -22.469  -22.292  -22.012  -21.631  -21.151  -20.577  -19.917  -19.181  -18.399  -17.674
  -15.994  -15.136  -14.131  -13.094  -12.106  -11.790  -11.609  -11.271  -11.256  -10.744
  -10.608  -10.466  -10.264  -10.053   -9.962   -9.943   -9.509   -9.386   -9.272   -8.967
   -8.820   -8.620   -8.427   -8.330   -8.057   -7.760   -7.663   -7.613   -6.848   -6.098
   -5.500   -1.863   -1.167   -0.244    0.412    0.447    0.519    0.706    0.732
            0.000000  0.000000  0.167500
  -22.483  -22.307  -22.027  -21.645  -21.165  -20.591  -19.931  -19.195  -18.412  -17.687
  -16.005  -15.145  -14.138  -13.096  -12.098  -11.747  -11.567  -11.233  -11.230  -10.713
  -10.577  -10.483  -10.281  -10.022   -9.961   -9.935   -9.526   -9.349   -9.253   -8.984
   -8.782   -8.600   -8.392   -8.346   -8.043   -7.740   -7.638   -7.630   -6.865   -6.115
   -5.517   -1.854   -1.158   -0.233    0.393    0.429    0.501    0.687    0.740
            0.000000  0.000000  0.165000
  -22.498  -22.321  -22.041  -21.660  -21.179  -20.606  -19.945  -19.209  -18.425  -17.700
  -16.016  -15.154  -14.145  -13.098  -12.091  -11.703  -11.525  -11.208  -11.192  -10.682
  -10.545  -10.501  -10.299   -9.991   -9.978   -9.908   -9.543   -9.313   -9.234   -9.001
   -8.743   -8.583   -8.362   -8.355   -8.029   -7.720   -7.646   -7.612   -6.881   -6.131
   -5.535   -1.844   -1.148   -0.223    0.375    0.411    0.483    0.668    0.747
            0.000000  0.000000  0.162500
  -22.512  -22.336  -22.056  -21.674  -21.193  -20.620  -19.959  -19.222  -18.438  -17.712
  -16.026  -15.163  -14.151  -13.101  -12.085  -11.660  -11.483  -11.185  -11.153  -10.651
  -10.518  -10.513  -10.315   -9.995   -9.961   -9.881   -9.559   -9.277   -9.214   -9.017
   -8.705   -8.565   -8.379   -8.318   -8.015   -7.701   -7.662   -7.587   -6.897   -6.148
   -5.552   -1.835   -1.140   -0.214    0.356    0.394    0.465    0.649    0.753
            0.000000  0.000000  0.160000
  -22.526  -22.350  -22.070  -21.688  -21.207  -20.633  -19.972  -19.236  -18.451  -17.725
  -16.036  -15.173  -14.158  -13.103  -12.079  -11.617  -11.441  -11.163  -11.114  -10.619
  -10.534  -10.482  -10.332  -10.011   -9.932   -9.852   -9.576   -9.242   -9.193   -9.033
   -8.667   -8.548   -8.395   -8.280   -8.000   -7.682   -7.677   -7.562   -6.913   -6.164
   -5.568   -1.827   -1.131   -0.205    0.338    0.376    0.448    0.631    0.759
            0.000000  0.000000  0.157500
  -22.540  -22.364  -22.084  -21.702  -21.221  -20.647  -19.986  -19.249  -18.464  -17.737
  -16.047  -15.182  -14.165  -13.106  -12.074  -11.574  -11.400  -11.143  -11.074  -10.588
  -10.551  -10.451  -10.349  -10.027   -9.904   -9.823   -9.592   -9.208   -9.172   -9.049
   -8.629   -8.532   -8.410   -8.242   -7.986   -7.693   -7.663   -7.537   -6.928   -6.179
   -5.585   -1.818   -1.123   -0.196    0.320    0.360    0.430    0.613    0.763
            0.000000  0.000000  0.155000
  -22.554  -22.377  -22.097  -21.715  -21.234  -20.660  -19.999  -19.262  -18.476  -17.749
  -16.057  -15.191  -14.172  -13.110  -12.070  -11.531  -11.360  -11.123  -11.035  -10.567
  -10.556  -10.420  -10.365  -10.043   -9.876   -9.794   -9.608   -9.175   -9.149   -9.065
   -8.592   -8.515   -8.426   -8.204   -7.972   -7.708   -7.644   -7.513   -6.943   -6.195
   -5.601   -1.810   -1.114   -0.187    0.302    0.343    0.413    0.595    0.766
            0.000000  0.000000  0.152500
  -22.567  -22.391  -22.111  -21.729  -21.248  -20.673  -20.012  -19.274  -18.489  -17.761
  -16.067  -15.200  -14.179  -13.113  -12.067  -11.488  -11.320  -11.104  -10.996  -10.583
  -10.524  -10.389  -10.381  -10.059   -9.850   -9.764   -9.623   -9.143   -9.126   -9.080
   -8.555   -8.497   -8.441   -8.166   -7.957   -7.723   -7.626   -7.489   -6.958   -6.210
   -5.617   -1.802   -1.107   -0.179    0.285    0.326    0.397    0.577    0.768
            0.000000  0.000000  0.150000
  -22.581  -22.404  -22.124  -21.742  -21.261  -20.686  -20.024  -19.287  -18.501  -17.773
  -16.077  -15.209  -14.186  -13.116  -12.064  -11.446  -11.280  -11.086  -10.957  -10.599
  -10.492  -10.396  -10.359  -10.075   -9.824   -9.733   -9.639   -9.112   -9.102   -9.095
   -8.518   -8.480   -8.456   -8.128   -7.943   -7.738   -7.608   -7.465   -6.973   -6.225
   -5.633   -1.794   -1.099   -0.171    0.267    0.310    0.380    0.560    0.769
            0.000000  0.000000  0.147500
  -22.594  -22.417  -22.137  -21.755  -21.274  -20.699  -20.037  -19.299  -18.513  -17.784
  -16.087  -15.217  -14.193  -13.120  -12.061  -11.404  -11.242  -11.068  -10.917  -10.614
  -10.459  -10.412  -10.329  -10.090   -9.798   -9.703   -9.654   -9.110   -9.082   -9.077
   -8.483   -8.471   -8.461   -8.090   -7.928   -7.753   -7.590   -7.442   -6.988   -6.240
   -5.648   -1.787   -1.092   -0.163    0.250    0.294    0.364    0.543    0.769
            0.000000  0.000000  0.145000
  -22.606  -22.430  -22.149  -21.767  -21.286  -20.711  -20.049  -19.311  -18.525  -17.796
  -16.096  -15.226  -14.200  -13.124  -12.059  -11.362  -11.205  -11.050  -10.878  -10.629
  -10.427  -10.426  -10.301  -10.105   -9.773   -9.672   -9.669   -9.125   -9.054   -9.050
   -8.485   -8.448   -8.442   -8.052   -7.913   -7.767   -7.572   -7.419   -7.002   -6.255
   -5.663   -1.780   -1.085   -0.156    0.234    0.278    0.349    0.527    0.768
            0.000000  0.000000  0.142500
  -22.619  -22.442  -22.162  -21.780  -21.298  -20.723  -20.061  -19.323  -18.536  -17.807
  -16.106  -15.235  -14.207  -13.128  -12.058  -11.321  -11.170  -11.032  -10.839  -10.644
  -10.442  -10.393  -10.272  -10.120   -9.749   -9.683   -9.641   -9.139   -9.027   -9.022
   -8.499   -8.423   -8.412   -8.014   -7.898   -7.781   -7.555   -7.396   -7.016   -6.269
   -5.678   -1.773   -1.078   -0.149    0.217    0.263    0.333    0.510    0.765
            0.000000  0.000000  0.140000
  -22.631  -22.455  -22.174  -21.792  -21.311  -20.735  -20.073  -19.334  -18.547  -17.818
  -16.115  -15.243  -14.213  -13.132  -12.057  -11.279  -11.137  -11.012  -10.801  -10.659
  -10.456  -10.360  -10.245  -10.134   -9.725   -9.698   -9.609   -9.154   -9.000   -8.995
   -8.513   -8.403   -8.379   -7.977   -7.882   -7.795   -7.538   -7.374   -7.030   -6.283
   -5.693   -1.766   -1.071   -0.142    0.201    0.248    0.318    0.494    0.762
            0.000000  0.000000  0.137500
  -22.644  -22.467  -22.186  -21.804  -21.323  -20.747  -20.085  -19.346  -18.558  -17.828
  -16.125  -15.252  -14.220  -13.136  -12.056  -11.238  -11.108  -10.990  -10.762  -10.674
  -10.471  -10.327  -10.218  -10.149   -9.712   -9.701   -9.578   -9.168   -8.973   -8.969
   -8.527   -8.382   -8.346   -7.940   -7.866   -7.809   -7.520   -7.352   -7.044   -6.297
   -5.708   -1.760   -1.065   -0.136    0.185    0.233    0.303    0.479    0.758
            0.000000  0.000000  0.135000
  -22.655  -22.479  -22.198  -21.816  -21.334  -20.759  -20.096  -19.357  -18.569  -17.839
  -16.134  -15.260  -14.227  -13.140  -12.055  -11.198  -11.084  -10.965  -10.724  -10.688
  -10.485  -10.294  -10.193  -10.163   -9.726   -9.677   -9.547   -9.181   -8.947   -8.942
   -8.541   -8.360   -8.314   -7.904   -7.849   -7.822   -7.503   -7.330   -7.057   -6.311
   -5.722   -1.753   -1.059   -0.130    0.169    0.218    0.288    0.463    0.744
            0.000000  0.000000  0.132500
  -22.667  -22.490  -22.210  -21.827  -21.346  -20.770  -20.107  -19.368  -18.580  -17.849
  -16.143  -15.268  -14.233  -13.144  -12.055  -11.158  -11.064  -10.937  -10.702  -10.686
  -10.499  -10.260  -10.176  -10.168   -9.739   -9.654   -9.516   -9.195   -8.922   -8.914
   -8.554   -8.338   -8.283   -7.868   -7.835   -7.832   -7.487   -7.309   -7.070   -6.324
   -5.736   -1.747   -1.053   -0.124    0.154    0.204    0.274    0.448    0.728
            0.000000  0.000000  0.130000
  -22.679  -22.502  -22.221  -21.839  -21.357  -20.782  -20.119  -19.379  -18.591  -17.859
  -16.152  -15.276  -14.240  -13.148  -12.055  -11.118  -11.047  -10.906  -10.715  -10.648
  -10.512  -10.226  -10.190  -10.144   -9.753   -9.630   -9.485   -9.208   -8.899   -8.886
   -8.567   -8.314   -8.254   -7.848   -7.832   -7.814   -7.470   -7.288   -7.083   -6.338
   -5.749   -1.741   -1.047   -0.118    0.138    0.189    0.260    0.433    0.713
            0.000000  0.000000  0.127500
  -22.690  -22.513  -22.233  -21.850  -21.368  -20.793  -20.129  -19.390  -18.601  -17.869
  -16.161  -15.284  -14.247  -13.153  -12.055  -11.078  -11.034  -10.873  -10.729  -10.611
  -10.526  -10.203  -10.193  -10.122   -9.766   -9.607   -9.454   -9.221   -8.877   -8.857
   -8.580   -8.290   -8.225   -7.861   -7.800   -7.794   -7.453   -7.267   -7.096   -6.351
   -5.763   -1.736   -1.042   -0.113    0.124    0.175    0.246    0.419    0.697
            0.000000  0.000000  0.125000
  -22.701  -22.524  -22.244  -21.861  -21.379  -20.803  -20.140  -19.400  -18.611  -17.879
  -16.169  -15.292  -14.253  -13.157  -12.056  -11.039  -11.023  -10.838  -10.742  -10.574
  -10.539  -10.216  -10.159  -10.100   -9.779   -9.583   -9.424   -9.234   -8.857   -8.827
   -8.593   -8.266   -8.197   -7.873   -7.779   -7.762   -7.437   -7.247   -7.108   -6.363
   -5.776   -1.730   -1.037   -0.108    0.109    0.162    0.232    0.404    0.682
            0.000000  0.000000  0.122500
  -22.712  -22.535  -22.254  -21.872  -21.390  -20.814  -20.150  -19.410  -18.621  -17.889
  -16.178  -15.300  -14.259  -13.161  -12.056  -11.014  -11.001  -10.803  -10.755  -10.552
  -10.537  -10.229  -10.126  -10.080   -9.791   -9.559   -9.393   -9.246   -8.837   -8.797
   -8.605   -8.240   -8.171   -7.886   -7.759   -7.729   -7.421   -7.227   -7.121   -6.376
   -5.789   -1.725   -1.032   -0.103    0.095    0.148    0.219    0.390    0.668
            0.000000  0.000000  0.120000
  -22.723  -22.546  -22.265  -21.882  -21.400  -20.824  -20.161  -19.420  -18.631  -17.898
  -16.186  -15.307  -14.266  -13.165  -12.057  -11.006  -10.963  -10.768  -10.767  -10.564
  -10.501  -10.241  -10.093  -10.061   -9.804   -9.535   -9.364   -9.259   -8.818   -8.768
   -8.617   -8.214   -8.146   -7.898   -7.739   -7.696   -7.404   -7.208   -7.133   -6.388
   -5.802   -1.720   -1.027   -0.099    0.081    0.135    0.206    0.376    0.653
            0.000000  0.000000  0.117500
  -22.733  -22.556  -22.275  -21.893  -21.411  -20.834  -20.171  -19.430  -18.640  -17.907
  -16.194  -15.315  -14.272  -13.170  -12.058  -10.999  -10.925  -10.780  -10.733  -10.577
  -10.465  -10.254  -10.060  -10.042   -9.816   -9.510   -9.334   -9.271   -8.800   -8.738
   -8.629   -8.188   -8.123   -7.909   -7.718   -7.664   -7.388   -7.189   -7.144   -6.400
   -5.814   -1.715   -1.022   -0.095    0.067    0.122    0.193    0.363    0.639
            0.000000  0.000000  0.115000
  -22.743  -22.566  -22.285  -21.903  -21.421  -20.844  -20.180  -19.440  -18.650  -17.916
  -16.202  -15.322  -14.278  -13.174  -12.059  -10.993  -10.888  -10.792  -10.697  -10.589
  -10.429  -10.266  -10.028  -10.024   -9.828   -9.486   -9.306   -9.282   -8.782   -8.708
   -8.641   -8.161   -8.100   -7.921   -7.696   -7.632   -7.371   -7.170   -7.156   -6.412
   -5.826   -1.711   -1.018   -0.091    0.053    0.109    0.180    0.350    0.625
            0.000000  0.000000  0.112500
  -22.753  -22.576  -22.295  -21.912  -21.430  -20.854  -20.190  -19.449  -18.659  -17.925
  -16.210  -15.329  -14.284  -13.178  -12.061  -10.988  -10.851  -10.804  -10.662  -10.600
  -10.394  -10.277  -10.010   -9.993   -9.840   -9.461   -9.294   -9.277   -8.765   -8.678
   -8.652   -8.134   -8.079   -7.932   -7.674   -7.602   -7.354   -7.167   -7.152   -6.423
   -5.838   -1.706   -1.014   -0.087    0.040    0.097    0.168    0.337    0.612
            0.000000  0.000000  0.110000
  -22.763  -22.586  -22.305  -21.922  -21.440  -20.864  -20.199  -19.458  -18.668  -17.934
  -16.218  -15.336  -14.290  -13.182  -12.062  -10.983  -10.816  -10.815  -10.627  -10.612
  -10.360  -10.289   -9.995   -9.961   -9.851   -9.436   -9.305   -9.250   -8.748   -8.663
   -8.648   -8.107   -8.059   -7.943   -7.651   -7.573   -7.337   -7.178   -7.134   -6.434
   -5.850   -1.702   -1.010   -0.083    0.027    0.085    0.156    0.324    0.598
            0.000000  0.000000  0.107500
  -22.772  -22.595  -22.315  -21.932  -21.449  -20.873  -20.209  -19.467  -18.677  -17.942
  -16.226  -15.343  -14.296  -13.186  -12.063  -10.979  -10.827  -10.779  -10.623  -10.593
  -10.325  -10.300   -9.981   -9.929   -9.862   -9.411   -9.316   -9.223   -8.732   -8.674
   -8.618   -8.079   -8.040   -7.954   -7.628   -7.545   -7.320   -7.189   -7.116   -6.445
   -5.861   -1.698   -1.006   -0.080    0.014    0.073    0.144    0.312    0.585
            0.000000  0.000000  0.105000
  -22.782  -22.605  -22.324  -21.941  -21.459  -20.882  -20.217  -19.476  -18.685  -17.950
  -16.233  -15.350  -14.302  -13.191  -12.065  -10.976  -10.838  -10.744  -10.634  -10.558
  -10.311  -10.292   -9.968   -9.897   -9.873   -9.385   -9.327   -9.197   -8.717   -8.685
   -8.589   -8.052   -8.023   -7.965   -7.604   -7.518   -7.302   -7.200   -7.099   -6.456
   -5.872   -1.694   -1.002   -0.077    0.002    0.061    0.133    0.300    0.573
            0.000000  0.000000  0.102500
  -22.791  -22.614  -22.333  -21.950  -21.467  -20.891  -20.226  -19.485  -18.693  -17.958
  -16.240  -15.357  -14.307  -13.195  -12.067  -10.973  -10.849  -10.709  -10.645  -10.525
  -10.322  -10.259   -9.956   -9.884   -9.865   -9.360   -9.337   -9.171   -8.701   -8.695
   -8.560   -8.024   -8.006   -7.975   -7.580   -7.492   -7.284   -7.210   -7.083   -6.467
   -5.883   -1.690   -0.998   -0.074   -0.010    0.050    0.121    0.288    0.560
            0.000000  0.000000  0.100000
  -22.800  -22.623  -22.342  -21.959  -21.476  -20.899  -20.235  -19.493  -18.702  -17.966
  -16.247  -15.363  -14.313  -13.199  -12.068  -10.970  -10.859  -10.675  -10.656  -10.492
  -10.332  -10.226   -9.944   -9.894   -9.834   -9.348   -9.334   -9.147   -8.705   -8.686
   -8.531   -7.997   -7.990   -7.985   -7.556   -7.468   -7.265   -7.220   -7.066   -6.477
   -5.894   -1.686   -0.995   -0.071   -0.022    0.038    0.110    0.277    0.548
            0.000000  0.000000  0.097500
  -22.808  -22.631  -22.350  -21.967  -21.485  -20.908  -20.243  -19.501  -18.710  -17.974
  -16.254  -15.370  -14.318  -13.203  -12.070  -10.967  -10.870  -10.666  -10.642  -10.459
  -10.343  -10.195   -9.934   -9.904   -9.803   -9.358   -9.309   -9.123   -8.715   -8.670
   -8.502   -7.995   -7.977   -7.968   -7.531   -7.445   -7.246   -7.230   -7.050   -6.487
   -5.904   -1.682   -0.992   -0.069   -0.034    0.028    0.100    0.266    0.537
            0.000000  0.000000  0.095000
  -22.817  -22.640  -22.359  -21.976  -21.493  -20.916  -20.251  -19.509  -18.717  -17.981
  -16.261  -15.376  -14.324  -13.207  -12.072  -10.965  -10.880  -10.676  -10.609  -10.427
  -10.353  -10.163   -9.923   -9.914   -9.773   -9.367   -9.283   -9.100   -8.725   -8.655
   -8.474   -8.005   -7.963   -7.940   -7.506   -7.424   -7.239   -7.226   -7.035   -6.497
   -5.914   -1.679   -0.988   -0.066   -0.045    0.017    0.089    0.255    0.525
            0.000000  0.000000  0.092500
  -22.825  -22.648  -22.367  -21.984  -21.501  -20.924  -20.259  -19.517  -18.725  -17.989
  -16.268  -15.382  -14.329  -13.210  -12.073  -10.963  -10.890  -10.686  -10.577  -10.395
  -10.362  -10.133   -9.924   -9.914   -9.743   -9.377   -9.258   -9.079   -8.734   -8.640
   -8.446   -8.014   -7.950   -7.913   -7.481   -7.404   -7.249   -7.206   -7.020   -6.506
   -5.924   -1.676   -0.985   -0.064   -0.056    0.007    0.079    0.244    0.514
            0.000000  0.000000  0.090000
  -22.833  -22.656  -22.375  -21.992  -21.509  -20.932  -20.267  -19.524  -18.732  -17.996
  -16.274  -15.388  -14.334  -13.214  -12.075  -10.961  -10.899  -10.695  -10.545  -10.372
  -10.364  -10.103   -9.933   -9.905   -9.714   -9.386   -9.233   -9.058   -8.743   -8.625
   -8.418   -8.023   -7.938   -7.886   -7.456   -7.385   -7.258   -7.185   -7.005   -6.516
   -5.934   -1.673   -0.983   -0.067   -0.062   -0.003    0.069    0.234    0.503
            0.000000  0.000000  0.087500
  -22.841  -22.664  -22.383  -21.999  -21.517  -20.939  -20.274  -19.532  -18.739  -18.003
  -16.280  -15.394  -14.339  -13.218  -12.077  -10.960  -10.908  -10.705  -10.514  -10.381
  -10.333  -10.075   -9.942   -9.896   -9.685   -9.395   -9.208   -9.038   -8.752   -8.609
   -8.391   -8.032   -7.926   -7.859   -7.431   -7.368   -7.267   -7.163   -6.991   -6.525
   -5.943   -1.670   -0.980   -0.077   -0.060   -0.013    0.060    0.224    0.492
            0.000000  0.000000  0.085000
  -22.849  -22.671  -22.390  -22.007  -21.524  -20.947  -20.282  -19.539  -18.746  -18.009
  -16.286  -15.399  -14.344  -13.222  -12.079  -10.958  -10.918  -10.714  -10.484  -10.390
  -10.304  -10.047   -9.951   -9.887   -9.657   -9.404   -9.183   -9.020   -8.761   -8.594
   -8.365   -8.040   -7.916   -7.832   -7.406   -7.352   -7.275   -7.142   -6.977   -6.533
   -5.952   -1.667   -0.977   -0.087   -0.058   -0.023    0.050    0.214    0.482
            0.000000  0.000000  0.082500
  -22.856  -22.679  -22.398  -22.014  -21.531  -20.954  -20.289  -19.546  -18.753  -18.016
  -16.292  -15.405  -14.348  -13.225  -12.081  -10.957  -10.926  -10.722  -10.454  -10.399
  -10.274  -10.020   -9.960   -9.879   -9.629   -9.413   -9.158   -9.002   -8.769   -8.578
   -8.339   -8.049   -7.905   -7.806   -7.382   -7.338   -7.284   -7.120   -6.963   -6.542
   -5.961   -1.664   -0.975   -0.097   -0.057   -0.032    0.041    0.205    0.472
            0.000000  0.000000  0.080000
  -22.863  -22.686  -22.405  -22.021  -21.538  -20.961  -20.296  -19.553  -18.760  -18.022
  -16.298  -15.410  -14.353  -13.229  -12.083  -10.956  -10.935  -10.731  -10.426  -10.407
  -10.246   -9.995   -9.968   -9.870   -9.602   -9.421   -9.134   -8.985   -8.778   -8.563
   -8.313   -8.057   -7.895   -7.780   -7.358   -7.324   -7.292   -7.098   -6.950   -6.550
   -5.969   -1.661   -0.972   -0.106   -0.055   -0.041    0.032    0.196    0.462
            0.000000  0.000000  0.077500
  -22.870  -22.693  -22.412  -22.028  -21.545  -20.968  -20.302  -19.559  -18.766  -18.028
  -16.304  -15.415  -14.357  -13.232  -12.084  -10.955  -10.943  -10.739  -10.415  -10.397
  -10.218   -9.976   -9.972   -9.861   -9.575   -9.429   -9.110   -8.970   -8.786   -8.547
   -8.288   -8.065   -7.886   -7.754   -7.334   -7.312   -7.300   -7.076   -6.938   -6.558
   -5.978   -1.659   -0.970   -0.116   -0.054   -0.050    0.024    0.187    0.453
            0.000000  0.000000  0.075000
  -22.877  -22.699  -22.418  -22.035  -21.552  -20.974  -20.309  -19.565  -18.772  -18.034
  -16.309  -15.420  -14.362  -13.235  -12.086  -10.954  -10.951  -10.747  -10.423  -10.370
  -10.191   -9.984   -9.950   -9.850   -9.549   -9.437   -9.087   -8.955   -8.793   -8.531
   -8.264   -8.072   -7.877   -7.729   -7.310   -7.307   -7.300   -7.054   -6.926   -6.566
   -5.986   -1.657   -0.968   -0.125   -0.058   -0.053    0.016    0.178    0.444
            0.000000  0.000000  0.072500
  -22.883  -22.706  -22.425  -22.041  -21.558  -20.981  -20.315  -19.572  -18.778  -18.040
  -16.314  -15.425  -14.366  -13.239  -12.088  -10.959  -10.954  -10.755  -10.431  -10.343
  -10.165   -9.991   -9.931   -9.838   -9.524   -9.444   -9.064   -8.942   -8.801   -8.515
   -8.241   -8.080   -7.869   -7.704   -7.315   -7.291   -7.286   -7.032   -6.914   -6.573
   -5.994   -1.654   -0.966   -0.133   -0.066   -0.052    0.008    0.170    0.435
            0.000000  0.000000  0.070000
  -22.889  -22.712  -22.431  -22.047  -21.564  -20.987  -20.321  -19.577  -18.784  -18.045
  -16.320  -15.430  -14.370  -13.242  -12.090  -10.966  -10.953  -10.762  -10.438  -10.317
  -10.139   -9.999   -9.915   -9.825   -9.499   -9.451   -9.042   -8.929   -8.808   -8.499
   -8.218   -8.087   -7.860   -7.680   -7.322   -7.280   -7.263   -7.011   -6.903   -6.581
   -6.001   -1.652   -0.964   -0.142   -0.074   -0.051   -0.000    0.162    0.426
            0.000000  0.000000  0.067500
  -22.895  -22.718  -22.437  -22.053  -21.570  -20.993  -20.327  -19.583  -18.789  -18.051
  -16.325  -15.434  -14.374  -13.245  -12.091  -10.973  -10.953  -10.769  -10.445  -10.292
  -10.114  -10.006   -9.902   -9.809   -9.475   -9.458   -9.020   -8.917   -8.815   -8.483
   -8.196   -8.094   -7.853   -7.656   -7.329   -7.271   -7.241   -6.990   -6.892   -6.588
   -6.008   -1.650   -0.962   -0.150   -0.082   -0.050   -0.008    0.154    0.418
            0.000000  0.000000  0.065000
  -22.901  -22.724  -22.443  -22.059  -21.576  -20.998  -20.332  -19.589  -18.795  -18.056
  -16.329  -15.439  -14.378  -13.248  -12.093  -10.980  -10.952  -10.776  -10.452  -10.267
  -10.090  -10.013   -9.892   -9.792   -9.465   -9.452   -8.998   -8.906   -8.822   -8.468
   -8.174   -8.101   -7.845   -7.633   -7.336   -7.262   -7.219   -6.970   -6.881   -6.594
   -6.015   -1.648   -0.961   -0.157   -0.089   -0.049   -0.015    0.146    0.410
            0.000000  0.000000  0.062500
  -22.907  -22.730  -22.448  -22.065  -21.581  -21.004  -20.338  -19.594  -18.800  -18.061
  -16.334  -15.443  -14.382  -13.251  -12.095  -10.987  -10.952  -10.783  -10.459  -10.244
  -10.066  -10.019   -9.883   -9.774   -9.472   -9.429   -8.978   -8.896   -8.828   -8.452
   -8.154   -8.107   -7.838   -7.611   -7.342   -7.254   -7.198   -6.950   -6.871   -6.601
   -6.022   -1.646   -0.959   -0.165   -0.097   -0.048   -0.022    0.139    0.402
            0.000000  0.000000  0.060000
  -22.912  -22.735  -22.454  -22.070  -21.587  -21.009  -20.343  -19.599  -18.805  -18.066
  -16.338  -15.447  -14.385  -13.253  -12.096  -10.993  -10.952  -10.789  -10.465  -10.221
  -10.044  -10.026   -9.877   -9.755   -9.478   -9.407   -8.957   -8.886   -8.834   -8.437
   -8.134   -8.113   -7.831   -7.588   -7.348   -7.247   -7.177   -6.930   -6.862   -6.607
   -6.028   -1.644   -0.958   -0.172   -0.103   -0.047   -0.028    0.132    0.395
            0.000000  0.000000  0.057500
  -22.917  -22.740  -22.459  -22.075  -21.592  -21.014  -20.348  -19.604  -18.809  -18.070
  -16.342  -15.451  -14.388  -13.256  -12.098  -11.000  -10.952  -10.795  -10.471  -10.199
  -10.032  -10.022   -9.871   -9.736   -9.484   -9.386   -8.938   -8.878   -8.840   -8.422
   -8.119   -8.114   -7.824   -7.567   -7.354   -7.240   -7.157   -6.911   -6.853   -6.613
   -6.035   -1.643   -0.956   -0.179   -0.110   -0.047   -0.035    0.126    0.388
            0.000000  0.000000  0.055000
  -22.922  -22.745  -22.464  -22.080  -21.597  -21.019  -20.353  -19.609  -18.814  -18.075
  -16.346  -15.455  -14.392  -13.259  -12.099  -11.006  -10.952  -10.801  -10.477  -10.178
  -10.037  -10.001   -9.866   -9.717   -9.490   -9.366   -8.919   -8.870   -8.846   -8.407
   -8.125   -8.096   -7.818   -7.546   -7.360   -7.234   -7.138   -6.893   -6.844   -6.619
   -6.040   -1.641   -0.955   -0.186   -0.116   -0.046   -0.041    0.119    0.381
            0.000000  0.000000  0.052500
  -22.927  -22.750  -22.468  -22.085  -21.601  -21.023  -20.357  -19.613  -18.818  -18.079
  -16.350  -15.458  -14.395  -13.261  -12.101  -11.011  -10.952  -10.807  -10.483  -10.157
  -10.043   -9.981   -9.862   -9.699   -9.495   -9.346   -8.901   -8.862   -8.851   -8.392
   -8.130   -8.079   -7.811   -7.526   -7.365   -7.228   -7.119   -6.875   -6.836   -6.624
   -6.046   -1.640   -0.953   -0.192   -0.122   -0.047   -0.046    0.113    0.375
            0.000000  0.000000  0.050000
  -22.932  -22.754  -22.473  -22.089  -21.606  -21.028  -20.361  -19.617  -18.822  -18.083
  -16.354  -15.462  -14.398  -13.263  -12.102  -11.017  -10.952  -10.812  -10.488  -10.138
  -10.048   -9.961   -9.858   -9.681   -9.500   -9.328   -8.883   -8.856   -8.855   -8.378
   -8.135   -8.062   -7.805   -7.506   -7.370   -7.223   -7.101   -6.858   -6.828   -6.630
   -6.052   -1.638   -0.952   -0.198   -0.128   -0.052   -0.046    0.107    0.369
            0.000000  0.000000  0.047500
  -22.936  -22.759  -22.477  -22.093  -21.610  -21.032  -20.366  -19.621  -18.826  -18.086
  -16.358  -15.465  -14.401  -13.266  -12.104  -11.022  -10.951  -10.817  -10.493  -10.119
  -10.053   -9.943   -9.855   -9.664   -9.505   -9.310   -8.866   -8.861   -8.849   -8.364
   -8.140   -8.046   -7.799   -7.487   -7.375   -7.219   -7.083   -6.842   -6.821   -6.635
   -6.057   -1.637   -0.951   -0.204   -0.133   -0.058   -0.045    0.102    0.363
            0.000000  0.000000  0.045000
  -22.940  -22.763  -22.481  -22.097  -21.614  -21.036  -20.369  -19.625  -18.830  -18.090
  -16.361  -15.468  -14.403  -13.268  -12.105  -11.027  -10.952  -10.822  -10.498  -10.102
  -10.058   -9.925   -9.852   -9.648   -9.510   -9.292   -8.866   -8.850   -8.843   -8.351
   -8.145   -8.031   -7.794   -7.469   -7.380   -7.214   -7.066   -6.826   -6.814   -6.639
   -6.062   -1.636   -0.950   -0.209   -0.139   -0.063   -0.045    0.097    0.357
            0.000000  0.000000  0.042500
  -22.944  -22.766  -22.485  -22.101  -21.618  -21.040  -20.373  -19.629  -18.834  -18.093
  -16.364  -15.471  -14.406  -13.270  -12.106  -11.031  -10.952  -10.827  -10.502  -10.085
  -10.063   -9.909   -9.850   -9.632   -9.515   -9.276   -8.870   -8.838   -8.835   -8.338
   -8.149   -8.017   -7.788   -7.451   -7.384   -7.211   -7.050   -6.812   -6.808   -6.644
   -6.066   -1.635   -0.949   -0.214   -0.143   -0.067   -0.045    0.092    0.352
            0.000000  0.000000  0.040000
  -22.947  -22.770  -22.489  -22.105  -21.621  -21.043  -20.377  -19.632  -18.837  -18.097
  -16.367  -15.474  -14.408  -13.272  -12.107  -11.035  -10.952  -10.831  -10.507  -10.069
  -10.067   -9.893   -9.848   -9.617   -9.519   -9.261   -8.875   -8.833   -8.820   -8.326
   -8.153   -8.004   -7.783   -7.434   -7.388   -7.208   -7.035   -6.802   -6.797   -6.648
   -6.070   -1.633   -0.948   -0.219   -0.148   -0.072   -0.045    0.087    0.347
            0.000000  0.000000  0.037500
  -22.951  -22.773  -22.492  -22.108  -21.625  -21.046  -20.380  -19.635  -18.840  -18.100
  -16.370  -15.476  -14.411  -13.274  -12.109  -11.040  -10.952  -10.835  -10.511  -10.071
  -10.054   -9.878   -9.846   -9.602   -9.523   -9.246   -8.879   -8.829   -8.807   -8.315
   -8.157   -7.992   -7.778   -7.418   -7.392   -7.205   -7.020   -6.797   -6.784   -6.652
   -6.075   -1.632   -0.947   -0.224   -0.152   -0.076   -0.044    0.083    0.342
            0.000000  0.000000  0.035000
  -22.954  -22.777  -22.495  -22.111  -21.628  -21.050  -20.383  -19.638  -18.843  -18.102
  -16.372  -15.479  -14.413  -13.275  -12.110  -11.043  -10.952  -10.839  -10.514  -10.075
  -10.040   -9.864   -9.844   -9.589   -9.526   -9.233   -8.882   -8.825   -8.794   -8.304
   -8.161   -7.981   -7.773   -7.402   -7.396   -7.203   -7.006   -6.792   -6.771   -6.656
   -6.078   -1.631   -0.947   -0.228   -0.156   -0.080   -0.044    0.079    0.338
            0.000000  0.000000  0.032500
  -22.957  -22.780  -22.498  -22.114  -21.631  -21.052  -20.386  -19.641  -18.846  -18.105
  -16.375  -15.481  -14.415  -13.277  -12.111  -11.047  -10.952  -10.842  -10.518  -10.078
  -10.026   -9.851   -9.842   -9.576   -9.530   -9.220   -8.886   -8.821   -8.782   -8.293
   -8.164   -7.970   -7.768   -7.399   -7.387   -7.201   -6.993   -6.787   -6.759   -6.659
   -6.082   -1.631   -0.946   -0.232   -0.160   -0.084   -0.044    0.075    0.334
            0.000000  0.000000  0.030000
  -22.960  -22.782  -22.501  -22.117  -21.633  -21.055  -20.388  -19.644  -18.848  -18.108
  -16.377  -15.483  -14.417  -13.278  -12.111  -11.050  -10.952  -10.846  -10.521  -10.081
  -10.014   -9.841   -9.839   -9.565   -9.533   -9.208   -8.889   -8.818   -8.771   -8.284
   -8.167   -7.961   -7.763   -7.402   -7.373   -7.200   -6.981   -6.783   -6.748   -6.662
   -6.085   -1.630   -0.945   -0.236   -0.164   -0.087   -0.044    0.071    0.330
            0.000000  0.000000  0.027500
  -22.962  -22.785  -22.503  -22.120  -21.636  -21.058  -20.391  -19.646  -18.851  -18.110
  -16.379  -15.485  -14.418  -13.280  -12.112  -11.053  -10.952  -10.849  -10.524  -10.084
  -10.003   -9.840   -9.827   -9.554   -9.536   -9.197   -8.892   -8.815   -8.760   -8.275
   -8.170   -7.952   -7.759   -7.405   -7.360   -7.199   -6.970   -6.779   -6.738   -6.665
   -6.088   -1.629   -0.945   -0.239   -0.167   -0.090   -0.044    0.068    0.327
            0.000000  0.000000  0.025000
  -22.965  -22.787  -22.506  -22.122  -21.638  -21.060  -20.393  -19.648  -18.853  -18.112
  -16.381  -15.487  -14.420  -13.281  -12.113  -11.056  -10.952  -10.852  -10.527  -10.087
   -9.993   -9.838   -9.817   -9.544   -9.539   -9.187   -8.894   -8.812   -8.751   -8.266
   -8.173   -7.944   -7.755   -7.408   -7.347   -7.199   -6.959   -6.776   -6.729   -6.668
   -6.091   -1.628   -0.944   -0.242   -0.170   -0.093   -0.044    0.065    0.323
            0.000000  0.000000  0.022500
  -22.967  -22.789  -22.508  -22.124  -21.640  -21.062  -20.395  -19.650  -18.855  -18.114
  -16.383  -15.488  -14.421  -13.282  -12.114  -11.058  -10.952  -10.854  -10.529  -10.089
   -9.983   -9.837   -9.808   -9.541   -9.535   -9.178   -8.897   -8.810   -8.742   -8.259
   -8.175   -7.937   -7.751   -7.410   -7.335   -7.199   -6.950   -6.773   -6.721   -6.670
   -6.094   -1.628   -0.944   -0.245   -0.173   -0.096   -0.044    0.062    0.321
            0.000000  0.000000  0.020000
  -22.968  -22.791  -22.510  -22.126  -21.642  -21.064  -20.397  -19.652  -18.856  -18.115
  -16.384  -15.490  -14.422  -13.283  -12.114  -11.061  -10.952  -10.856  -10.532  -10.092
   -9.975   -9.837   -9.800   -9.543   -9.527   -9.169   -8.899   -8.808   -8.734   -8.252
   -8.177   -7.931   -7.748   -7.412   -7.324   -7.200   -6.941   -6.770   -6.713   -6.673
   -6.096   -1.627   -0.943   -0.248   -0.175   -0.098   -0.044    0.060    0.318
            0.000000  0.000000  0.017500
  -22.970  -22.793  -22.511  -22.127  -21.644  -21.065  -20.398  -19.654  -18.858  -18.117
  -16.386  -15.491  -14.424  -13.284  -12.115  -11.063  -10.952  -10.858  -10.534  -10.093
   -9.967   -9.836   -9.792   -9.545   -9.519   -9.162   -8.901   -8.806   -8.727   -8.246
   -8.179   -7.926   -7.745   -7.414   -7.314   -7.200   -6.934   -6.768   -6.707   -6.675
   -6.098   -1.627   -0.943   -0.250   -0.177   -0.100   -0.044    0.058    0.316
            0.000000  0.000000  0.015000
  -22.972  -22.794  -22.513  -22.129  -21.645  -21.067  -20.400  -19.655  -18.859  -18.118
  -16.387  -15.492  -14.425  -13.285  -12.116  -11.064  -10.952  -10.860  -10.535  -10.095
   -9.961   -9.835   -9.786   -9.547   -9.513   -9.156   -8.902   -8.804   -8.721   -8.241
   -8.181   -7.921   -7.742   -7.416   -7.305   -7.202   -6.927   -6.766   -6.701   -6.676
   -6.099   -1.626   -0.942   -0.252   -0.179   -0.102   -0.044    0.056    0.314
            0.000000  0.000000  0.012500
  -22.973  -22.795  -22.514  -22.130  -21.646  -21.068  -20.401  -19.656  -18.860  -18.119
  -16.388  -15.493  -14.425  -13.285  -12.116  -11.066  -10.953  -10.861  -10.537  -10.097
   -9.955   -9.835   -9.780   -9.548   -9.508   -9.151   -8.904   -8.803   -8.716   -8.236
   -8.182   -7.917   -7.740   -7.417   -7.297   -7.203   -6.921   -6.764   -6.696   -6.678
   -6.101   -1.626   -0.942   -0.253   -0.180   -0.103   -0.044    0.054    0.312
            0.000000  0.000000  0.010000
  -22.974  -22.796  -22.515  -22.131  -21.647  -21.069  -20.402  -19.657  -18.861  -18.120
  -16.389  -15.494  -14.426  -13.286  -12.116  -11.067  -10.953  -10.862  -10.538  -10.098
   -9.951   -9.834   -9.776   -9.549   -9.504   -9.146   -8.905   -8.802   -8.712   -8.232
   -8.183   -7.914   -7.738   -7.419   -7.290   -7.204   -6.916   -6.763   -6.692   -6.679
   -6.102   -1.626   -0.942   -0.255   -0.182   -0.105   -0.044    0.053    0.311
            0.000000  0.000000  0.007500
  -22.975  -22.797  -22.516  -22.132  -21.648  -21.070  -20.403  -19.658  -18.862  -18.121
  -16.389  -15.494  -14.427  -13.286  -12.117  -11.068  -10.953  -10.863  -10.539  -10.099
   -9.948   -9.834   -9.772   -9.550   -9.500   -9.143   -8.906   -8.801   -8.709   -8.230
   -8.184   -7.912   -7.736   -7.419   -7.284   -7.206   -6.913   -6.762   -6.689   -6.680
   -6.103   -1.626   -0.942   -0.256   -0.183   -0.106   -0.044    0.052    0.310
            0.000000  0.000000  0.005000
  -22.975  -22.798  -22.516  -22.132  -21.649  -21.070  -20.403  -19.658  -18.862  -18.121
  -16.390  -15.495  -14.427  -13.287  -12.117  -11.069  -10.953  -10.864  -10.539  -10.099
   -9.945   -9.834   -9.770   -9.551   -9.498   -9.140   -8.907   -8.800   -8.707   -8.228
   -8.185   -7.910   -7.735   -7.420   -7.280   -7.207   -6.910   -6.762   -6.686   -6.680
   -6.104   -1.625   -0.942   -0.256   -0.183   -0.106   -0.044    0.052    0.309
            0.000000  0.000000  0.002500
  -22.975  -22.798  -22.517  -22.133  -21.649  -21.070  -20.404  -19.659  -18.863  -18.121
  -16.390  -15.495  -14.427  -13.287  -12.117  -11.069  -10.953  -10.864  -10.540  -10.100
   -9.944   -9.833   -9.769   -9.551   -9.496   -9.139   -8.907   -8.800   -8.705   -8.226
   -8.185   -7.909   -7.734   -7.420   -7.277   -7.208   -6.908   -6.761   -6.685   -6.681
   -6.104   -1.625   -0.942   -0.257   -0.184   -0.107   -0.044    0.051    0.308
            0.000000  0.000000  0.000000
  -22.976  -22.798  -22.517  -22.133  -21.649  -21.071  -20.404  -19.659  -18.863  -18.122
  -16.390  -15.495  -14.427  -13.287  -12.117  -11.069  -10.953  -10.865  -10.540  -10.100
   -9.943   -9.833   -9.768   -9.551   -9.496   -9.138   -8.907   -8.800   -8.705   -8.226
   -8.185   -7.909   -7.734   -7.421   -7.276   -7.208   -6.908   -6.761   -6.685   -6.681
   -6.104   -1.625   -0.942   -0.257   -0.184   -0.107   -0.044    0.051    0.308
