#  E (eV)   dos(E)     Int dos(E) EFermi =   -1.724 eV
   -24.00000000    0.1311686215E-84    0.2623372430E-86
   -23.98000000    0.1311686215E-84    0.5246744860E-86
   -23.96000000    0.1311686215E-84    0.7870117291E-86
   -23.94000000    0.1311686215E-84    0.1049348972E-85
   -23.92000000    0.1311686215E-84    0.1311686215E-85
   -23.90000000    0.1311686215E-84    0.1574023458E-85
   -23.88000000    0.1311686215E-84    0.1836360701E-85
   -23.86000000    0.1311686215E-84    0.2098697944E-85
   -23.84000000    0.1311686215E-84    0.2361035187E-85
   -23.82000000    0.1311686215E-84    0.2623372430E-85
   -23.80000000    0.1311686215E-84    0.2885709673E-85
   -23.78000000    0.1311686215E-84    0.3148046916E-85
   -23.76000000    0.1311686215E-84    0.3410384159E-85
   -23.74000000    0.1311686215E-84    0.3672721402E-85
   -23.72000000    0.1311686215E-84    0.3935058645E-85
   -23.70000000    0.1311686215E-84    0.4197395888E-85
   -23.68000000    0.1311686215E-84    0.4459733131E-85
   -23.66000000    0.1311686215E-84    0.4722070374E-85
   -23.64000000    0.1311686215E-84    0.4984407617E-85
   -23.62000000    0.1311686215E-84    0.5246744860E-85
   -23.60000000    0.1311686215E-84    0.5509082103E-85
   -23.58000000    0.1311686215E-84    0.5771419346E-85
   -23.56000000    0.1311686215E-84    0.6033756589E-85
   -23.54000000    0.1311686215E-84    0.6296093833E-85
   -23.52000000    0.1311686215E-84    0.6558431076E-85
   -23.50000000    0.1311686215E-84    0.6820768319E-85
   -23.48000000    0.1311686215E-84    0.7083105562E-85
   -23.46000000    0.1311686215E-84    0.7345442805E-85
   -23.44000000    0.1311686215E-84    0.7607780048E-85
   -23.42000000    0.1311686215E-84    0.7870117291E-85
   -23.40000000    0.1311686215E-84    0.8132454534E-85
   -23.38000000    0.1311686215E-84    0.8394791777E-85
   -23.36000000    0.1311686215E-84    0.8657129020E-85
   -23.34000000    0.1311686215E-84    0.8919466263E-85
   -23.32000000    0.1311686215E-84    0.9181803506E-85
   -23.30000000    0.1311686215E-84    0.9444140749E-85
   -23.28000000    0.1311686215E-84    0.9706477992E-85
   -23.26000000    0.1311686215E-84    0.9968815235E-85
   -23.24000000    0.1311686215E-84    0.1023115248E-84
   -23.22000000    0.1311686215E-84    0.1049348972E-84
   -23.20000000    0.1311686215E-84    0.1075582696E-84
   -23.18000000    0.1311686215E-84    0.1101816421E-84
   -23.16000000    0.1311686215E-84    0.1128050145E-84
   -23.14000000    0.1311686215E-84    0.1154283869E-84
   -23.12000000    0.1311686215E-84    0.1180517594E-84
   -23.10000000    0.1311686215E-84    0.1206751318E-84
   -23.08000000    0.1311686215E-84    0.1232985042E-84
   -23.06000000    0.1311686215E-84    0.1259218767E-84
   -23.04000000    0.1311686215E-84    0.1285452491E-84
   -23.02000000    0.1311686215E-84    0.1311686215E-84
   -23.00000000    0.1311686215E-84    0.1337919939E-84
   -22.98000000    0.1311686215E-84    0.1364153664E-84
   -22.96000000    0.1311686215E-84    0.1390387388E-84
   -22.94000000    0.1311686215E-84    0.1416621112E-84
   -22.92000000    0.1311686215E-84    0.1442854837E-84
   -22.90000000    0.1311686215E-84    0.1469088561E-84
   -22.88000000    0.1311686215E-84    0.1495322285E-84
   -22.86000000    0.1311686215E-84    0.1521556010E-84
   -22.84000000    0.1311686215E-84    0.1547789734E-84
   -22.82000000    0.1311686215E-84    0.1574023458E-84
   -22.80000000    0.1311686215E-84    0.1600257182E-84
   -22.78000000    0.1311686215E-84    0.1626490907E-84
   -22.76000000    0.1311686215E-84    0.1652724631E-84
   -22.74000000    0.1311686215E-84    0.1678958355E-84
   -22.72000000    0.1311686215E-84    0.1705192080E-84
   -22.70000000    0.1311686215E-84    0.1731425804E-84
   -22.68000000    0.1311686215E-84    0.1757659528E-84
   -22.66000000    0.1311686215E-84    0.1783893253E-84
   -22.64000000    0.1311686215E-84    0.1810126977E-84
   -22.62000000    0.1311686215E-84    0.1836360701E-84
   -22.60000000    0.1311686215E-84    0.1862594425E-84
   -22.58000000    0.1315963700E-84    0.1888913699E-84
   -22.56000000    0.4168006353E-84    0.1972273827E-84
   -22.54000000    0.9431444922E-82    0.2083516367E-83
   -22.52000000    0.2836765314E-79    0.5694365792E-81
   -22.50000000    0.7823701448E-77    0.1570434655E-78
   -22.48000000    0.1975842089E-74    0.3967388525E-76
   -22.46000000    0.4569230002E-72    0.9178133890E-74
   -22.44000000    0.9675789216E-70    0.1944335977E-71
   -22.42000000    0.1876222036E-67    0.3771887431E-69
   -22.40000000    0.3331489715E-65    0.6700698303E-67
   -22.38000000    0.5416904625E-63    0.1090081623E-64
   -22.36000000    0.8065374413E-61    0.1623975699E-62
   -22.34000000    0.1099665975E-58    0.2215571706E-60
   -22.32000000    0.1372974128E-56    0.2768103974E-58
   -22.30000000    0.1569754602E-54    0.3167190244E-56
   -22.28000000    0.1643507522E-52    0.3318686947E-54
   -22.26000000    0.1575741504E-50    0.3184669878E-52
   -22.24000000    0.1383485432E-48    0.2798817563E-50
   -22.22000000    0.1112355771E-46    0.2252699717E-48
   -22.20000000    0.8190222463E-45    0.1660571490E-46
   -22.18000000    0.5522479512E-43    0.1121101617E-44
   -22.16000000    0.3410065696E-41    0.6932241555E-43
   -22.14000000    0.1928348955E-39    0.3926020325E-41
   -22.12000000    0.9986356133E-38    0.2036531430E-39
   -22.10000000    0.4736217037E-36    0.9676087216E-38
   -22.08000000    0.2057141461E-34    0.4211043794E-36
   -22.06000000    0.8182951342E-33    0.1678700706E-34
   -22.04000000    0.2981086909E-31    0.6130043889E-33
   -22.02000000    0.9946360130E-30    0.2050572465E-31
   -22.00000000    0.3039380424E-28    0.6283818095E-30
   -21.98000000    0.8506369528E-27    0.1764112087E-28
   -21.96000000    0.2180465585E-25    0.4537342379E-27
   -21.94000000    0.5119271318E-24    0.1069227687E-25
   -21.92000000    0.1100854087E-22    0.2308630944E-24
   -21.90000000    0.2168321108E-21    0.4567505310E-23
   -21.88000000    0.3912010555E-20    0.8280771642E-22
   -21.86000000    0.6465026416E-19    0.1375813000E-20
   -21.84000000    0.9786936673E-18    0.2094968635E-19
   -21.82000000    0.1357197135E-16    0.2923891133E-18
   -21.80000000    0.1724144193E-15    0.3740677500E-17
   -21.78000000    0.2006573321E-14    0.4387214392E-16
   -21.76000000    0.2139465500E-13    0.4717652439E-15
   -21.74000000    0.2089990375E-12    0.4651745994E-14
   -21.72000000    0.1870657102E-11    0.4206488803E-13
   -21.70000000    0.1534191949E-10    0.3489032778E-12
   -21.68000000    0.1152997801E-09    0.2654898880E-11
   -21.66000000    0.7940934304E-09    0.1853676749E-10
   -21.64000000    0.5012381758E-08    0.1187844026E-09
   -21.62000000    0.2899918841E-07    0.6987681709E-09
   -21.60000000    0.1537949190E-06    0.3774666551E-08
   -21.58000000    0.7477637457E-06    0.1872994146E-07
   -21.56000000    0.3333594405E-05    0.8540182957E-07
   -21.54000000    0.1362875320E-04    0.3579768937E-06
   -21.52000000    0.5110636521E-04    0.1380104198E-05
   -21.50000000    0.1758181712E-03    0.4896467621E-05
   -21.48000000    0.5550523368E-03    0.1599751436E-04
   -21.46000000    0.1608489652E-02    0.4816730740E-04
   -21.44000000    0.4280318393E-02    0.1337736753E-03
   -21.42000000    0.1046405938E-01    0.3430548629E-03
   -21.40000000    0.2351398417E-01    0.8133345462E-03
   -21.38000000    0.4860094650E-01    0.1785353476E-02
   -21.36000000    0.9247358177E-01    0.3634825112E-02
   -21.34000000    0.1621438803E+00    0.6877702718E-02
   -21.32000000    0.2623447143E+00    0.1212459700E-01
   -21.30000000    0.3923519992E+00    0.1997163699E-01
   -21.28000000    0.5435914486E+00    0.3084346596E-01
   -21.26000000    0.6997044044E+00    0.4483755405E-01
   -21.24000000    0.8399185671E+00    0.6163592539E-01
   -21.22000000    0.9448678664E+00    0.8053328272E-01
   -21.20000000    0.1002452052E+01    0.1005823238E+00
   -21.18000000    0.1011067005E+01    0.1208036638E+00
   -21.16000000    0.9788763041E+00    0.1403811899E+00
   -21.14000000    0.9198635752E+00    0.1587784614E+00
   -21.12000000    0.8488390070E+00    0.1757552416E+00
   -21.10000000    0.7775889027E+00    0.1913070196E+00
   -21.08000000    0.7132449450E+00    0.2055719185E+00
   -21.06000000    0.6586455044E+00    0.2187448286E+00
   -21.04000000    0.6137355016E+00    0.2310195387E+00
   -21.02000000    0.5770603225E+00    0.2425607451E+00
   -21.00000000    0.5468301237E+00    0.2534973476E+00
   -20.98000000    0.5214627193E+00    0.2639266020E+00
   -20.96000000    0.4997486814E+00    0.2739215756E+00
   -20.94000000    0.4808247917E+00    0.2835380714E+00
   -20.92000000    0.4640874905E+00    0.2928198212E+00
   -20.90000000    0.4491100338E+00    0.3018020219E+00
   -20.88000000    0.4355821004E+00    0.3105136639E+00
   -20.86000000    0.4232705591E+00    0.3189790751E+00
   -20.84000000    0.4119949860E+00    0.3272189748E+00
   -20.82000000    0.4016122908E+00    0.3352512206E+00
   -20.80000000    0.3920067623E+00    0.3430913559E+00
   -20.78000000    0.3830833725E+00    0.3507530233E+00
   -20.76000000    0.3747631018E+00    0.3582482854E+00
   -20.74000000    0.3669795548E+00    0.3655878765E+00
   -20.72000000    0.3596764247E+00    0.3727814050E+00
   -20.70000000    0.3528055420E+00    0.3798375158E+00
   -20.68000000    0.3463253572E+00    0.3867640229E+00
   -20.66000000    0.3401997628E+00    0.3935680182E+00
   -20.64000000    0.3343971849E+00    0.4002559619E+00
   -20.62000000    0.3288898779E+00    0.4068337595E+00
   -20.60000000    0.3236533612E+00    0.4133068267E+00
   -20.58000000    0.3186659494E+00    0.4196801457E+00
   -20.56000000    0.3139083501E+00    0.4259583127E+00
   -20.54000000    0.3093633213E+00    0.4321455791E+00
   -20.52000000    0.3050153937E+00    0.4382458870E+00
   -20.50000000    0.3008506525E+00    0.4442629000E+00
   -20.48000000    0.2968565661E+00    0.4502000313E+00
   -20.46000000    0.2930218316E+00    0.4560604680E+00
   -20.44000000    0.2893362164E+00    0.4618471923E+00
   -20.42000000    0.2857903930E+00    0.4675630002E+00
   -20.40000000    0.2823757888E+00    0.4732105159E+00
   -20.38000000    0.2790844757E+00    0.4787922054E+00
   -20.36000000    0.2759091117E+00    0.4843103877E+00
   -20.34000000    0.2728429213E+00    0.4897672461E+00
   -20.32000000    0.2698796866E+00    0.4951648398E+00
   -20.30000000    0.2670137228E+00    0.5005051143E+00
   -20.28000000    0.2642398314E+00    0.5057899109E+00
   -20.26000000    0.2615532392E+00    0.5110209757E+00
   -20.24000000    0.2589495358E+00    0.5161999664E+00
   -20.22000000    0.2564246239E+00    0.5213284589E+00
   -20.20000000    0.2539746858E+00    0.5264079526E+00
   -20.18000000    0.2515961614E+00    0.5314398758E+00
   -20.16000000    0.2492857310E+00    0.5364255905E+00
   -20.14000000    0.2470402920E+00    0.5413663963E+00
   -20.12000000    0.2448569300E+00    0.5462635349E+00
   -20.10000000    0.2427328876E+00    0.5511181927E+00
   -20.08000000    0.2406655413E+00    0.5559315035E+00
   -20.06000000    0.2386523925E+00    0.5607045513E+00
   -20.04000000    0.2366910709E+00    0.5654383728E+00
   -20.02000000    0.2347793425E+00    0.5701339596E+00
   -20.00000000    0.2329151126E+00    0.5747922619E+00
   -19.98000000    0.2310964220E+00    0.5794141903E+00
   -19.96000000    0.2293214383E+00    0.5840006191E+00
   -19.94000000    0.2275884469E+00    0.5885523880E+00
   -19.92000000    0.2258958434E+00    0.5930703049E+00
   -19.90000000    0.2242421239E+00    0.5975551473E+00
   -19.88000000    0.2226258715E+00    0.6020076648E+00
   -19.86000000    0.2210457388E+00    0.6064285796E+00
   -19.84000000    0.2195004338E+00    0.6108185882E+00
   -19.82000000    0.2179887136E+00    0.6151783625E+00
   -19.80000000    0.2165093905E+00    0.6195085503E+00
   -19.78000000    0.2150613445E+00    0.6238097772E+00
   -19.76000000    0.2136435352E+00    0.6280826479E+00
   -19.74000000    0.2122550030E+00    0.6323277480E+00
   -19.72000000    0.2108948522E+00    0.6365456450E+00
   -19.70000000    0.2095622231E+00    0.6407368895E+00
   -19.68000000    0.2082562632E+00    0.6449020147E+00
   -19.66000000    0.2069761127E+00    0.6490415370E+00
   -19.64000000    0.2057209112E+00    0.6531559552E+00
   -19.62000000    0.2044898187E+00    0.6572457516E+00
   -19.60000000    0.2032820392E+00    0.6613113924E+00
   -19.58000000    0.2020968324E+00    0.6653533290E+00
   -19.56000000    0.2009335095E+00    0.6693719992E+00
   -19.54000000    0.1997914207E+00    0.6733678276E+00
   -19.52000000    0.1986699404E+00    0.6773412264E+00
   -19.50000000    0.1975684609E+00    0.6812925956E+00
   -19.48000000    0.1964863929E+00    0.6852223235E+00
   -19.46000000    0.1954231718E+00    0.6891307869E+00
   -19.44000000    0.1943782642E+00    0.6930183522E+00
   -19.42000000    0.1933511727E+00    0.6968853757E+00
   -19.40000000    0.1923414371E+00    0.7007322044E+00
   -19.38000000    0.1913486328E+00    0.7045591771E+00
   -19.36000000    0.1903723660E+00    0.7083666244E+00
   -19.34000000    0.1894122700E+00    0.7121548698E+00
   -19.32000000    0.1884679988E+00    0.7159242298E+00
   -19.30000000    0.1875392177E+00    0.7196750141E+00
   -19.28000000    0.1866255870E+00    0.7234075259E+00
   -19.26000000    0.1857267430E+00    0.7271220607E+00
   -19.24000000    0.1848422854E+00    0.7308189064E+00
   -19.22000000    0.1839717826E+00    0.7344983421E+00
   -19.20000000    0.1831147986E+00    0.7381606381E+00
   -19.18000000    0.1822709300E+00    0.7418060567E+00
   -19.16000000    0.1814398338E+00    0.7454348533E+00
   -19.14000000    0.1806212297E+00    0.7490472779E+00
   -19.12000000    0.1798148754E+00    0.7526435754E+00
   -19.10000000    0.1790205303E+00    0.7562239860E+00
   -19.08000000    0.1782379280E+00    0.7597887446E+00
   -19.06000000    0.1774667751E+00    0.7633380801E+00
   -19.04000000    0.1767067713E+00    0.7668722155E+00
   -19.02000000    0.1759576396E+00    0.7703913683E+00
   -19.00000000    0.1752191458E+00    0.7738957512E+00
   -18.98000000    0.1744910962E+00    0.7773855732E+00
   -18.96000000    0.1737733175E+00    0.7808610395E+00
   -18.94000000    0.1730656291E+00    0.7843223521E+00
   -18.92000000    0.1723678258E+00    0.7877697086E+00
   -18.90000000    0.1716796795E+00    0.7912033022E+00
   -18.88000000    0.1710009587E+00    0.7946233214E+00
   -18.86000000    0.1703314522E+00    0.7980299504E+00
   -18.84000000    0.1696709824E+00    0.8014233701E+00
   -18.82000000    0.1690193995E+00    0.8048037581E+00
   -18.80000000    0.1683765634E+00    0.8081712893E+00
   -18.78000000    0.1677423257E+00    0.8115261358E+00
   -18.76000000    0.1671165246E+00    0.8148684663E+00
   -18.74000000    0.1664989951E+00    0.8181984462E+00
   -18.72000000    0.1658895827E+00    0.8215162379E+00
   -18.70000000    0.1652881487E+00    0.8248220009E+00
   -18.68000000    0.1646945626E+00    0.8281158921E+00
   -18.66000000    0.1641086866E+00    0.8313980658E+00
   -18.64000000    0.1635303658E+00    0.8346686732E+00
   -18.62000000    0.1629594319E+00    0.8379278618E+00
   -18.60000000    0.1623957198E+00    0.8411757762E+00
   -18.58000000    0.1618390864E+00    0.8444125579E+00
   -18.56000000    0.1612894206E+00    0.8476383463E+00
   -18.54000000    0.1607466374E+00    0.8508532791E+00
   -18.52000000    0.1602106606E+00    0.8540574923E+00
   -18.50000000    0.1596814027E+00    0.8572511204E+00
   -18.48000000    0.1591587555E+00    0.8604342955E+00
   -18.46000000    0.1586425939E+00    0.8636071473E+00
   -18.44000000    0.1581327905E+00    0.8667698032E+00
   -18.42000000    0.1576292323E+00    0.8699223878E+00
   -18.40000000    0.1571318286E+00    0.8730650244E+00
   -18.38000000    0.1566405095E+00    0.8761978346E+00
   -18.36000000    0.1561552173E+00    0.8793209389E+00
   -18.34000000    0.1556758974E+00    0.8824344569E+00
   -18.32000000    0.1552024927E+00    0.8855385067E+00
   -18.30000000    0.1547349405E+00    0.8886332055E+00
   -18.28000000    0.1542731667E+00    0.8917186688E+00
   -18.26000000    0.1538170783E+00    0.8947950104E+00
   -18.24000000    0.1533665578E+00    0.8978623416E+00
   -18.22000000    0.1529214656E+00    0.9009207709E+00
   -18.20000000    0.1524816556E+00    0.9039704040E+00
   -18.18000000    0.1520469987E+00    0.9070113440E+00
   -18.16000000    0.1516174072E+00    0.9100436921E+00
   -18.14000000    0.1511928506E+00    0.9130675491E+00
   -18.12000000    0.1507733554E+00    0.9160830162E+00
   -18.10000000    0.1503589848E+00    0.9190901959E+00
   -18.08000000    0.1499498061E+00    0.9220891921E+00
   -18.06000000    0.1495458551E+00    0.9250801092E+00
   -18.04000000    0.1491471126E+00    0.9280630514E+00
   -18.02000000    0.1487535036E+00    0.9310381215E+00
   -18.00000000    0.1483649143E+00    0.9340054198E+00
   -17.98000000    0.1479812193E+00    0.9369650442E+00
   -17.96000000    0.1476023052E+00    0.9399170903E+00
   -17.94000000    0.1472280823E+00    0.9428616519E+00
   -17.92000000    0.1468584868E+00    0.9457988216E+00
   -17.90000000    0.1464934753E+00    0.9487286911E+00
   -17.88000000    0.1461330172E+00    0.9516513515E+00
   -17.86000000    0.1457770876E+00    0.9545668932E+00
   -17.84000000    0.1454256623E+00    0.9574754065E+00
   -17.82000000    0.1450787153E+00    0.9603769808E+00
   -17.80000000    0.1447362198E+00    0.9632717052E+00
   -17.78000000    0.1443981539E+00    0.9661596683E+00
   -17.76000000    0.1440645073E+00    0.9690409584E+00
   -17.74000000    0.1437352895E+00    0.9719156642E+00
   -17.72000000    0.1434105327E+00    0.9747838749E+00
   -17.70000000    0.1430902867E+00    0.9776456806E+00
   -17.68000000    0.1427746064E+00    0.9805011727E+00
   -17.66000000    0.1424635339E+00    0.9833504434E+00
   -17.64000000    0.1421570834E+00    0.9861935851E+00
   -17.62000000    0.1418552354E+00    0.9890306898E+00
   -17.60000000    0.1415579423E+00    0.9918618486E+00
   -17.58000000    0.1412651443E+00    0.9946871515E+00
   -17.56000000    0.1409767893E+00    0.9975066873E+00
   -17.54000000    0.1406928495E+00    0.1000320544E+01
   -17.52000000    0.1404133295E+00    0.1003128811E+01
   -17.50000000    0.1401382645E+00    0.1005931576E+01
   -17.48000000    0.1398677112E+00    0.1008728930E+01
   -17.46000000    0.1396017346E+00    0.1011520965E+01
   -17.44000000    0.1393403982E+00    0.1014307773E+01
   -17.42000000    0.1390837568E+00    0.1017089448E+01
   -17.40000000    0.1388318551E+00    0.1019866085E+01
   -17.38000000    0.1385847286E+00    0.1022637780E+01
   -17.36000000    0.1383424101E+00    0.1025404628E+01
   -17.34000000    0.1381049392E+00    0.1028166727E+01
   -17.32000000    0.1378723757E+00    0.1030924174E+01
   -17.30000000    0.1376448115E+00    0.1033677071E+01
   -17.28000000    0.1374223736E+00    0.1036425518E+01
   -17.26000000    0.1372052162E+00    0.1039169622E+01
   -17.24000000    0.1369935047E+00    0.1041909492E+01
   -17.22000000    0.1367873986E+00    0.1044645240E+01
   -17.20000000    0.1365870408E+00    0.1047376981E+01
   -17.18000000    0.1363925545E+00    0.1050104832E+01
   -17.16000000    0.1362040471E+00    0.1052828913E+01
   -17.14000000    0.1360216178E+00    0.1055549346E+01
   -17.12000000    0.1358453686E+00    0.1058266253E+01
   -17.10000000    0.1356754194E+00    0.1060979761E+01
   -17.08000000    0.1355119248E+00    0.1063690000E+01
   -17.06000000    0.1353550883E+00    0.1066397102E+01
   -17.04000000    0.1352051694E+00    0.1069101205E+01
   -17.02000000    0.1350624785E+00    0.1071802455E+01
   -17.00000000    0.1349273632E+00    0.1074501002E+01
   -16.98000000    0.1348001869E+00    0.1077197006E+01
   -16.96000000    0.1346813120E+00    0.1079890632E+01
   -16.94000000    0.1345710934E+00    0.1082582054E+01
   -16.92000000    0.1344698882E+00    0.1085271451E+01
   -16.90000000    0.1343780782E+00    0.1087959013E+01
   -16.88000000    0.1342960971E+00    0.1090644935E+01
   -16.86000000    0.1342244498E+00    0.1093329424E+01
   -16.84000000    0.1341637212E+00    0.1096012698E+01
   -16.82000000    0.1341145730E+00    0.1098694990E+01
   -16.80000000    0.1340777372E+00    0.1101376545E+01
   -16.78000000    0.1340540114E+00    0.1104057625E+01
   -16.76000000    0.1340442605E+00    0.1106738510E+01
   -16.74000000    0.1340494262E+00    0.1109419499E+01
   -16.72000000    0.1340705428E+00    0.1112100909E+01
   -16.70000000    0.1341087600E+00    0.1114783085E+01
   -16.68000000    0.1341653718E+00    0.1117466392E+01
   -16.66000000    0.1342418496E+00    0.1120151229E+01
   -16.64000000    0.1343398781E+00    0.1122838027E+01
   -16.62000000    0.1344613878E+00    0.1125527254E+01
   -16.60000000    0.1346085840E+00    0.1128219426E+01
   -16.58000000    0.1347839759E+00    0.1130915106E+01
   -16.56000000    0.1349904130E+00    0.1133614914E+01
   -16.54000000    0.1352311417E+00    0.1136319537E+01
   -16.52000000    0.1355098880E+00    0.1139029734E+01
   -16.50000000    0.1358309727E+00    0.1141746354E+01
   -16.48000000    0.1361994590E+00    0.1144470343E+01
   -16.46000000    0.1366213387E+00    0.1147202770E+01
   -16.44000000    0.1371037668E+00    0.1149944845E+01
   -16.42000000    0.1376553688E+00    0.1152697953E+01
   -16.40000000    0.1382866586E+00    0.1155463686E+01
   -16.38000000    0.1390106379E+00    0.1158243898E+01
   -16.36000000    0.1398437303E+00    0.1161040773E+01
   -16.34000000    0.1408074400E+00    0.1163856922E+01
   -16.32000000    0.1419318070E+00    0.1166695558E+01
   -16.30000000    0.1432635564E+00    0.1169560829E+01
   -16.28000000    0.1448861268E+00    0.1172458552E+01
   -16.26000000    0.1469672823E+00    0.1175397897E+01
   -16.24000000    0.1498631962E+00    0.1178395161E+01
   -16.22000000    0.1543203407E+00    0.1181481568E+01
   -16.20000000    0.1618104514E+00    0.1184717777E+01
   -16.18000000    0.1749778291E+00    0.1188217334E+01
   -16.16000000    0.1980449616E+00    0.1192178233E+01
   -16.14000000    0.2368341387E+00    0.1196914916E+01
   -16.12000000    0.2979406117E+00    0.1202873728E+01
   -16.10000000    0.3867413536E+00    0.1210608555E+01
   -16.08000000    0.5044836594E+00    0.1220698228E+01
   -16.06000000    0.6455196640E+00    0.1233608621E+01
   -16.04000000    0.7963071070E+00    0.1249534764E+01
   -16.02000000    0.9374572418E+00    0.1268283908E+01
   -16.00000000    0.1048727904E+01    0.1289258467E+01
   -15.98000000    0.1115125589E+01    0.1311560978E+01
   -15.96000000    0.1131385174E+01    0.1334188682E+01
   -15.94000000    0.1102797214E+01    0.1356244626E+01
   -15.92000000    0.1042269306E+01    0.1377090012E+01
   -15.90000000    0.9653642482E+00    0.1396397297E+01
   -15.88000000    0.8857024007E+00    0.1414111345E+01
   -15.86000000    0.8123730005E+00    0.1430358805E+01
   -15.84000000    0.7496285528E+00    0.1445351376E+01
   -15.82000000    0.6980847372E+00    0.1459313071E+01
   -15.80000000    0.6563626292E+00    0.1472440324E+01
   -15.78000000    0.6224258653E+00    0.1484888841E+01
   -15.76000000    0.5943539642E+00    0.1496775920E+01
   -15.74000000    0.5706358124E+00    0.1508188636E+01
   -15.72000000    0.5501850320E+00    0.1519192337E+01
   -15.70000000    0.5322484351E+00    0.1529837306E+01
   -15.68000000    0.5163031028E+00    0.1540163368E+01
   -15.66000000    0.5019769313E+00    0.1550202906E+01
   -15.64000000    0.4889960543E+00    0.1559982828E+01
   -15.62000000    0.4771522289E+00    0.1569525872E+01
   -15.60000000    0.4662827619E+00    0.1578851527E+01
   -15.58000000    0.4562577821E+00    0.1587976683E+01
   -15.56000000    0.4469717718E+00    0.1596916118E+01
   -15.54000000    0.4383376598E+00    0.1605682872E+01
   -15.52000000    0.4302825696E+00    0.1614288523E+01
   -15.50000000    0.4227447335E+00    0.1622743418E+01
   -15.48000000    0.4156712767E+00    0.1631056843E+01
   -15.46000000    0.4090166424E+00    0.1639237176E+01
   -15.44000000    0.4027414492E+00    0.1647292005E+01
   -15.42000000    0.3968115979E+00    0.1655228237E+01
   -15.40000000    0.3911974942E+00    0.1663052187E+01
   -15.38000000    0.3858733284E+00    0.1670769653E+01
   -15.36000000    0.3808164120E+00    0.1678385982E+01
   -15.34000000    0.3760066194E+00    0.1685906114E+01
   -15.32000000    0.3714260162E+00    0.1693334634E+01
   -15.30000000    0.3670588789E+00    0.1700675812E+01
   -15.28000000    0.3628927590E+00    0.1707933667E+01
   -15.26000000    0.3589226713E+00    0.1715112121E+01
   -15.24000000    0.3551642245E+00    0.1722215405E+01
   -15.22000000    0.3516897468E+00    0.1729249200E+01
   -15.20000000    0.3487159590E+00    0.1736223519E+01
   -15.18000000    0.3467898394E+00    0.1743159316E+01
   -15.16000000    0.3471261705E+00    0.1750101839E+01
   -15.14000000    0.3521131640E+00    0.1757144103E+01
   -15.12000000    0.3658813006E+00    0.1764461729E+01
   -15.10000000    0.3946199640E+00    0.1772354128E+01
   -15.08000000    0.4461209023E+00    0.1781276546E+01
   -15.06000000    0.5280430111E+00    0.1791837406E+01
   -15.04000000    0.6448551258E+00    0.1804734509E+01
   -15.02000000    0.7943055952E+00    0.1820620621E+01
   -15.00000000    0.9651290356E+00    0.1839923201E+01
   -14.98000000    0.1137781566E+01    0.1862678833E+01
   -14.96000000    0.1288839033E+01    0.1888455613E+01
   -14.94000000    0.1397723652E+01    0.1916410086E+01
   -14.92000000    0.1452886135E+01    0.1945467809E+01
   -14.90000000    0.1454633177E+01    0.1974560473E+01
   -14.88000000    0.1413537444E+01    0.2002831222E+01
   -14.86000000    0.1345642635E+01    0.2029744074E+01
   -14.84000000    0.1267002712E+01    0.2055084128E+01
   -14.82000000    0.1189820132E+01    0.2078880531E+01
   -14.80000000    0.1121091565E+01    0.2101302362E+01
   -14.78000000    0.1063298359E+01    0.2122568330E+01
   -14.76000000    0.1016034961E+01    0.2142889029E+01
   -14.74000000    0.9775978412E+00    0.2162440986E+01
   -14.72000000    0.9460532429E+00    0.2181362050E+01
   -14.70000000    0.9197476270E+00    0.2199757003E+01
   -14.68000000    0.8974400764E+00    0.2217705805E+01
   -14.66000000    0.8782549805E+00    0.2235270904E+01
   -14.64000000    0.8615856136E+00    0.2252502616E+01
   -14.62000000    0.8470077852E+00    0.2269442772E+01
   -14.60000000    0.8342188031E+00    0.2286127148E+01
   -14.58000000    0.8229987361E+00    0.2302587123E+01
   -14.56000000    0.8131869627E+00    0.2318850862E+01
   -14.54000000    0.8046683090E+00    0.2334944228E+01
   -14.52000000    0.7973653446E+00    0.2350891535E+01
   -14.50000000    0.7912352658E+00    0.2366716241E+01
   -14.48000000    0.7862710409E+00    0.2382441661E+01
   -14.46000000    0.7825071517E+00    0.2398091804E+01
   -14.44000000    0.7800303585E+00    0.2413692412E+01
   -14.42000000    0.7789955805E+00    0.2429272323E+01
   -14.40000000    0.7796467846E+00    0.2444865259E+01
   -14.38000000    0.7823435933E+00    0.2460512131E+01
   -14.36000000    0.7875962627E+00    0.2476264056E+01
   -14.34000000    0.7961119010E+00    0.2492186294E+01
   -14.32000000    0.8088454599E+00    0.2508363203E+01
   -14.30000000    0.8270192248E+00    0.2524903588E+01
   -14.28000000    0.8520205955E+00    0.2541944000E+01
   -14.26000000    0.8850326008E+00    0.2559644652E+01
   -14.24000000    0.9262586144E+00    0.2578169824E+01
   -14.22000000    0.9737575496E+00    0.2597644975E+01
   -14.20000000    0.1022237882E+01    0.2618089733E+01
   -14.18000000    0.1062536473E+01    0.2639340462E+01
   -14.16000000    0.1082618125E+01    0.2660992825E+01
   -14.14000000    0.1070461331E+01    0.2682402051E+01
   -14.12000000    0.1018167699E+01    0.2702765405E+01
   -14.10000000    0.9255974775E+00    0.2721277355E+01
   -14.08000000    0.8016016944E+00    0.2737309389E+01
   -14.06000000    0.6619038368E+00    0.2750547465E+01
   -14.04000000    0.5244075904E+00    0.2761035617E+01
   -14.02000000    0.4040554761E+00    0.2769116727E+01
   -14.00000000    0.3094402033E+00    0.2775305531E+01
   -13.98000000    0.2422148744E+00    0.2780149828E+01
   -13.96000000    0.1988400322E+00    0.2784126629E+01
   -13.94000000    0.1733021449E+00    0.2787592672E+01
   -13.92000000    0.1594826869E+00    0.2790782325E+01
   -13.90000000    0.1525117601E+00    0.2793832561E+01
   -13.88000000    0.1491298402E+00    0.2796815157E+01
   -13.86000000    0.1474446661E+00    0.2799764051E+01
   -13.84000000    0.1464876963E+00    0.2802693805E+01
   -13.82000000    0.1458174891E+00    0.2805610154E+01
   -13.80000000    0.1452536740E+00    0.2808515228E+01
   -13.78000000    0.1447298169E+00    0.2811409824E+01
   -13.76000000    0.1442237010E+00    0.2814294298E+01
   -13.74000000    0.1437284581E+00    0.2817168867E+01
   -13.72000000    0.1432420031E+00    0.2820033708E+01
   -13.70000000    0.1427635955E+00    0.2822888979E+01
   -13.68000000    0.1422928440E+00    0.2825734836E+01
   -13.66000000    0.1418294549E+00    0.2828571425E+01
   -13.64000000    0.1413731808E+00    0.2831398889E+01
   -13.62000000    0.1409238135E+00    0.2834217365E+01
   -13.60000000    0.1404811776E+00    0.2837026989E+01
   -13.58000000    0.1400451150E+00    0.2839827891E+01
   -13.56000000    0.1396154647E+00    0.2842620200E+01
   -13.54000000    0.1391920464E+00    0.2845404041E+01
   -13.52000000    0.1387746610E+00    0.2848179535E+01
   -13.50000000    0.1383631093E+00    0.2850946797E+01
   -13.48000000    0.1379572205E+00    0.2853705941E+01
   -13.46000000    0.1375568743E+00    0.2856457079E+01
   -13.44000000    0.1371620015E+00    0.2859200319E+01
   -13.42000000    0.1367725629E+00    0.2861935770E+01
   -13.40000000    0.1363885165E+00    0.2864663540E+01
   -13.38000000    0.1360097913E+00    0.2867383736E+01
   -13.36000000    0.1356362752E+00    0.2870096462E+01
   -13.34000000    0.1352678192E+00    0.2872801818E+01
   -13.32000000    0.1349042498E+00    0.2875499903E+01
   -13.30000000    0.1345453843E+00    0.2878190811E+01
   -13.28000000    0.1341910463E+00    0.2880874632E+01
   -13.26000000    0.1338410804E+00    0.2883551453E+01
   -13.24000000    0.1334953649E+00    0.2886221361E+01
   -13.22000000    0.1331538165E+00    0.2888884437E+01
   -13.20000000    0.1328163838E+00    0.2891540765E+01
   -13.18000000    0.1324830309E+00    0.2894190425E+01
   -13.16000000    0.1321537175E+00    0.2896833500E+01
   -13.14000000    0.1318283841E+00    0.2899470067E+01
   -13.12000000    0.1315069487E+00    0.2902100206E+01
   -13.10000000    0.1311893132E+00    0.2904723992E+01
   -13.08000000    0.1308753745E+00    0.2907341500E+01
   -13.06000000    0.1305650347E+00    0.2909952801E+01
   -13.04000000    0.1302582077E+00    0.2912557965E+01
   -13.02000000    0.1299548223E+00    0.2915157061E+01
   -13.00000000    0.1296548230E+00    0.2917750158E+01
   -12.98000000    0.1293581687E+00    0.2920337321E+01
   -12.96000000    0.1290648259E+00    0.2922918618E+01
   -12.94000000    0.1287747579E+00    0.2925494113E+01
   -12.92000000    0.1284879117E+00    0.2928063871E+01
   -12.90000000    0.1282042127E+00    0.2930627955E+01
   -12.88000000    0.1279235712E+00    0.2933186427E+01
   -12.86000000    0.1276459027E+00    0.2935739345E+01
   -12.84000000    0.1273711512E+00    0.2938286768E+01
   -12.82000000    0.1270993024E+00    0.2940828754E+01
   -12.80000000    0.1268303761E+00    0.2943365361E+01
   -12.78000000    0.1265643998E+00    0.2945896649E+01
   -12.76000000    0.1263013786E+00    0.2948422677E+01
   -12.74000000    0.1260412795E+00    0.2950943502E+01
   -12.72000000    0.1257840379E+00    0.2953459183E+01
   -12.70000000    0.1255295796E+00    0.2955969775E+01
   -12.68000000    0.1252778422E+00    0.2958475332E+01
   -12.66000000    0.1250287864E+00    0.2960975907E+01
   -12.64000000    0.1247824218E+00    0.2963471556E+01
   -12.62000000    0.1245389390E+00    0.2965962335E+01
   -12.60000000    0.1242992614E+00    0.2968448320E+01
   -12.58000000    0.1240669693E+00    0.2970929659E+01
   -12.56000000    0.1238542409E+00    0.2973406744E+01
   -12.54000000    0.1236982028E+00    0.2975880708E+01
   -12.52000000    0.1237007791E+00    0.2978354724E+01
   -12.50000000    0.1241136550E+00    0.2980836997E+01
   -12.48000000    0.1254937044E+00    0.2983346871E+01
   -12.46000000    0.1289381211E+00    0.2985925633E+01
   -12.44000000    0.1363534691E+00    0.2988652703E+01
   -12.42000000    0.1506151149E+00    0.2991665005E+01
   -12.40000000    0.1753747907E+00    0.2995172501E+01
   -12.38000000    0.2142740304E+00    0.2999457981E+01
   -12.36000000    0.2695282352E+00    0.3004848546E+01
   -12.34000000    0.3402600608E+00    0.3011653747E+01
   -12.32000000    0.4213743617E+00    0.3020081235E+01
   -12.30000000    0.5038281394E+00    0.3030157797E+01
   -12.28000000    0.5766294948E+00    0.3041690387E+01
   -12.26000000    0.6299789001E+00    0.3054289965E+01
   -12.24000000    0.6582192194E+00    0.3067454350E+01
   -12.22000000    0.6612519248E+00    0.3080679388E+01
   -12.20000000    0.6438732377E+00    0.3093556853E+01
   -12.18000000    0.6135599783E+00    0.3105828052E+01
   -12.16000000    0.5778891686E+00    0.3117385836E+01
   -12.14000000    0.5426767787E+00    0.3128239371E+01
   -12.12000000    0.5112937526E+00    0.3138465246E+01
   -12.10000000    0.4849625261E+00    0.3148164497E+01
   -12.08000000    0.4635168950E+00    0.3157434835E+01
   -12.06000000    0.4461571364E+00    0.3166357978E+01
   -12.04000000    0.4319634658E+00    0.3174997247E+01
   -12.02000000    0.4201445542E+00    0.3183400138E+01
   -12.00000000    0.4101039386E+00    0.3191602217E+01
   -11.98000000    0.4014187740E+00    0.3199630592E+01
   -11.96000000    0.3937940004E+00    0.3207506472E+01
   -11.94000000    0.3870208331E+00    0.3215246889E+01
   -11.92000000    0.3809471742E+00    0.3222865832E+01
   -11.90000000    0.3754585888E+00    0.3230375004E+01
   -11.88000000    0.3704664777E+00    0.3237784334E+01
   -11.86000000    0.3659006485E+00    0.3245102347E+01
   -11.84000000    0.3617044803E+00    0.3252336436E+01
   -11.82000000    0.3578316291E+00    0.3259493069E+01
   -11.80000000    0.3542436788E+00    0.3266577942E+01
   -11.78000000    0.3509084079E+00    0.3273596111E+01
   -11.76000000    0.3477984885E+00    0.3280552080E+01
   -11.74000000    0.3448905142E+00    0.3287449891E+01
   -11.72000000    0.3421642829E+00    0.3294293176E+01
   -11.70000000    0.3396022678E+00    0.3301085222E+01
   -11.68000000    0.3371892156E+00    0.3307829006E+01
   -11.66000000    0.3349118175E+00    0.3314527242E+01
   -11.64000000    0.3327584242E+00    0.3321182411E+01
   -11.62000000    0.3307187903E+00    0.3327796787E+01
   -11.60000000    0.3287838511E+00    0.3334372464E+01
   -11.58000000    0.3269455339E+00    0.3340911374E+01
   -11.56000000    0.3251966079E+00    0.3347415306E+01
   -11.54000000    0.3235305683E+00    0.3353885918E+01
   -11.52000000    0.3219415488E+00    0.3360324749E+01
   -11.50000000    0.3204242530E+00    0.3366733234E+01
   -11.48000000    0.3189738950E+00    0.3373112712E+01
   -11.46000000    0.3175861424E+00    0.3379464435E+01
   -11.44000000    0.3162570612E+00    0.3385789576E+01
   -11.42000000    0.3149830665E+00    0.3392089237E+01
   -11.40000000    0.3137608838E+00    0.3398364455E+01
   -11.38000000    0.3125875205E+00    0.3404616205E+01
   -11.36000000    0.3114602428E+00    0.3410845410E+01
   -11.34000000    0.3103765484E+00    0.3417052941E+01
   -11.32000000    0.3093341326E+00    0.3423239624E+01
   -11.30000000    0.3083308539E+00    0.3429406241E+01
   -11.28000000    0.3073647106E+00    0.3435553535E+01
   -11.26000000    0.3064338361E+00    0.3441682212E+01
   -11.24000000    0.3055365078E+00    0.3447792942E+01
   -11.22000000    0.3046711528E+00    0.3453886365E+01
   -11.20000000    0.3038363384E+00    0.3459963092E+01
   -11.18000000    0.3030307401E+00    0.3466023707E+01
   -11.16000000    0.3022531047E+00    0.3472068769E+01
   -11.14000000    0.3015022243E+00    0.3478098813E+01
   -11.12000000    0.3007769383E+00    0.3484114352E+01
   -11.10000000    0.3000761589E+00    0.3490115875E+01
   -11.08000000    0.2993989018E+00    0.3496103853E+01
   -11.06000000    0.2987443000E+00    0.3502078739E+01
   -11.04000000    0.2981115882E+00    0.3508040971E+01
   -11.02000000    0.2975000650E+00    0.3513990972E+01
   -11.00000000    0.2969090545E+00    0.3519929153E+01
   -10.98000000    0.2963378866E+00    0.3525855911E+01
   -10.96000000    0.2957859010E+00    0.3531771629E+01
   -10.94000000    0.2952524654E+00    0.3537676678E+01
   -10.92000000    0.2947369903E+00    0.3543571418E+01
   -10.90000000    0.2942389334E+00    0.3549456197E+01
   -10.88000000    0.2937577911E+00    0.3555331353E+01
   -10.86000000    0.2932930866E+00    0.3561197214E+01
   -10.84000000    0.2928443600E+00    0.3567054102E+01
   -10.82000000    0.2924111647E+00    0.3572902325E+01
   -10.80000000    0.2919930720E+00    0.3578742186E+01
   -10.78000000    0.2915896816E+00    0.3584573980E+01
   -10.76000000    0.2912006327E+00    0.3590397993E+01
   -10.74000000    0.2908256068E+00    0.3596214505E+01
   -10.72000000    0.2904643209E+00    0.3602023791E+01
   -10.70000000    0.2901165100E+00    0.3607826121E+01
   -10.68000000    0.2897819079E+00    0.3613621759E+01
   -10.66000000    0.2894602373E+00    0.3619410964E+01
   -10.64000000    0.2891512136E+00    0.3625193988E+01
   -10.62000000    0.2888545622E+00    0.3630971080E+01
   -10.60000000    0.2885700428E+00    0.3636742481E+01
   -10.58000000    0.2882974690E+00    0.3642508430E+01
   -10.56000000    0.2880367122E+00    0.3648269164E+01
   -10.54000000    0.2877876872E+00    0.3654024918E+01
   -10.52000000    0.2875503247E+00    0.3659775924E+01
   -10.50000000    0.2873245442E+00    0.3665522415E+01
   -10.48000000    0.2871102394E+00    0.3671264620E+01
   -10.46000000    0.2869072807E+00    0.3677002766E+01
   -10.44000000    0.2867155280E+00    0.3682737076E+01
   -10.42000000    0.2865348457E+00    0.3688467773E+01
   -10.40000000    0.2863651136E+00    0.3694195075E+01
   -10.38000000    0.2862062357E+00    0.3699919200E+01
   -10.36000000    0.2860581462E+00    0.3705640363E+01
   -10.34000000    0.2859208108E+00    0.3711358779E+01
   -10.32000000    0.2857942156E+00    0.3717074664E+01
   -10.30000000    0.2856783446E+00    0.3722788231E+01
   -10.28000000    0.2855731571E+00    0.3728499694E+01
   -10.26000000    0.2854785828E+00    0.3734209265E+01
   -10.24000000    0.2853945449E+00    0.3739917156E+01
   -10.22000000    0.2853210036E+00    0.3745623576E+01
   -10.20000000    0.2852579963E+00    0.3751328736E+01
   -10.18000000    0.2852056470E+00    0.3757032849E+01
   -10.16000000    0.2851641340E+00    0.3762736132E+01
   -10.14000000    0.2851336253E+00    0.3768438804E+01
   -10.12000000    0.2851142140E+00    0.3774141089E+01
   -10.10000000    0.2851058870E+00    0.3779843206E+01
   -10.08000000    0.2851085425E+00    0.3785545377E+01
   -10.06000000    0.2851220493E+00    0.3791247818E+01
   -10.04000000    0.2851463180E+00    0.3796950745E+01
   -10.02000000    0.2851813504E+00    0.3802654372E+01
   -10.00000000    0.2852272498E+00    0.3808358917E+01
    -9.98000000    0.2852841930E+00    0.3814064600E+01
    -9.96000000    0.2853523859E+00    0.3819771648E+01
    -9.94000000    0.2854320282E+00    0.3825480289E+01
    -9.92000000    0.2855233042E+00    0.3831190755E+01
    -9.90000000    0.2856263983E+00    0.3836903283E+01
    -9.88000000    0.2857415185E+00    0.3842618113E+01
    -9.86000000    0.2858689081E+00    0.3848335491E+01
    -9.84000000    0.2860088313E+00    0.3854055668E+01
    -9.82000000    0.2861615404E+00    0.3859778899E+01
    -9.80000000    0.2863272440E+00    0.3865505444E+01
    -9.78000000    0.2865060961E+00    0.3871235566E+01
    -9.76000000    0.2866982179E+00    0.3876969530E+01
    -9.74000000    0.2869037424E+00    0.3882707605E+01
    -9.72000000    0.2871228659E+00    0.3888450062E+01
    -9.70000000    0.2873559045E+00    0.3894197180E+01
    -9.68000000    0.2876034343E+00    0.3899949249E+01
    -9.66000000    0.2878668501E+00    0.3905706586E+01
    -9.64000000    0.2881504514E+00    0.3911469595E+01
    -9.62000000    0.2884682603E+00    0.3917238960E+01
    -9.60000000    0.2888637184E+00    0.3923016234E+01
    -9.58000000    0.2894600384E+00    0.3928805435E+01
    -9.56000000    0.2905732613E+00    0.3934616900E+01
    -9.54000000    0.2929318515E+00    0.3940475537E+01
    -9.52000000    0.2980353469E+00    0.3946436244E+01
    -9.50000000    0.3086172530E+00    0.3952608589E+01
    -9.48000000    0.3290317968E+00    0.3959189225E+01
    -9.46000000    0.3651977897E+00    0.3966493181E+01
    -9.44000000    0.4236447069E+00    0.3974966075E+01
    -9.42000000    0.5094182200E+00    0.3985154440E+01
    -9.40000000    0.6232118461E+00    0.3997618677E+01
    -9.38000000    0.7588777210E+00    0.4012796231E+01
    -9.36000000    0.9028739488E+00    0.4030853710E+01
    -9.34000000    0.1036681565E+01    0.4051587341E+01
    -9.32000000    0.1141784890E+01    0.4074423039E+01
    -9.30000000    0.1205254902E+01    0.4098528137E+01
    -9.28000000    0.1223410548E+01    0.4122996348E+01
    -9.26000000    0.1201967408E+01    0.4147035696E+01
    -9.24000000    0.1152936519E+01    0.4170094427E+01
    -9.22000000    0.1090072663E+01    0.4191895880E+01
    -9.20000000    0.1024985897E+01    0.4212395598E+01
    -9.18000000    0.9651770468E+00    0.4231699139E+01
    -9.16000000    0.9140260593E+00    0.4249979660E+01
    -9.14000000    0.8719459167E+00    0.4267418578E+01
    -9.12000000    0.8377887108E+00    0.4284174353E+01
    -9.10000000    0.8099266013E+00    0.4300372885E+01
    -9.08000000    0.7868480014E+00    0.4316109845E+01
    -9.06000000    0.7673701492E+00    0.4331457248E+01
    -9.04000000    0.7506409486E+00    0.4346470067E+01
    -9.02000000    0.7360648491E+00    0.4361191364E+01
    -9.00000000    0.7232236534E+00    0.4375655837E+01
    -8.98000000    0.7118163692E+00    0.4389892164E+01
    -8.96000000    0.7016194760E+00    0.4403924554E+01
    -8.94000000    0.6924620899E+00    0.4417773795E+01
    -8.92000000    0.6842104922E+00    0.4431458005E+01
    -8.90000000    0.6767582122E+00    0.4444993169E+01
    -8.88000000    0.6700193909E+00    0.4458393557E+01
    -8.86000000    0.6639241442E+00    0.4471672040E+01
    -8.84000000    0.6584152187E+00    0.4484840344E+01
    -8.82000000    0.6534455415E+00    0.4497909255E+01
    -8.80000000    0.6489764194E+00    0.4510888784E+01
    -8.78000000    0.6449762200E+00    0.4523788308E+01
    -8.76000000    0.6414194126E+00    0.4536616696E+01
    -8.74000000    0.6382858832E+00    0.4549382414E+01
    -8.72000000    0.6355604707E+00    0.4562093623E+01
    -8.70000000    0.6332326864E+00    0.4574758277E+01
    -8.68000000    0.6312965847E+00    0.4587384209E+01
    -8.66000000    0.6297507555E+00    0.4599979224E+01
    -8.64000000    0.6285984246E+00    0.4612551192E+01
    -8.62000000    0.6278476856E+00    0.4625108146E+01
    -8.60000000    0.6275119170E+00    0.4637658385E+01
    -8.58000000    0.6276104761E+00    0.4650210594E+01
    -8.56000000    0.6281697799E+00    0.4662773990E+01
    -8.54000000    0.6292249183E+00    0.4675358488E+01
    -8.52000000    0.6308220164E+00    0.4687974928E+01
    -8.50000000    0.6330217481E+00    0.4700635363E+01
    -8.48000000    0.6359048420E+00    0.4713353460E+01
    -8.46000000    0.6395813804E+00    0.4726145088E+01
    -8.44000000    0.6442076446E+00    0.4739029241E+01
    -8.42000000    0.6500177392E+00    0.4752029595E+01
    -8.40000000    0.6573820754E+00    0.4765177237E+01
    -8.38000000    0.6669081979E+00    0.4778515401E+01
    -8.36000000    0.6795931975E+00    0.4792107265E+01
    -8.34000000    0.6970068254E+00    0.4806047401E+01
    -8.32000000    0.7214183551E+00    0.4820475768E+01
    -8.30000000    0.7556898759E+00    0.4835589566E+01
    -8.28000000    0.8027049699E+00    0.4851643665E+01
    -8.26000000    0.8641906135E+00    0.4868927478E+01
    -8.24000000    0.9391005790E+00    0.4887709489E+01
    -8.22000000    0.1022187472E+01    0.4908153239E+01
    -8.20000000    0.1103706399E+01    0.4930227367E+01
    -8.18000000    0.1170992605E+01    0.4953647219E+01
    -8.16000000    0.1211814353E+01    0.4977883506E+01
    -8.14000000    0.1218307723E+01    0.5002249660E+01
    -8.12000000    0.1189700960E+01    0.5026043679E+01
    -8.10000000    0.1132477125E+01    0.5048693222E+01
    -8.08000000    0.1057924711E+01    0.5069851716E+01
    -8.06000000    0.9783455340E+00    0.5089418627E+01
    -8.04000000    0.9036796747E+00    0.5107492220E+01
    -8.02000000    0.8397690062E+00    0.5124287600E+01
    -8.00000000    0.7884313669E+00    0.5140056228E+01
    -7.98000000    0.7486854299E+00    0.5155029936E+01
    -7.96000000    0.7182385282E+00    0.5169394707E+01
    -7.94000000    0.6946223119E+00    0.5183287153E+01
    -7.92000000    0.6757855373E+00    0.5196802864E+01
    -7.90000000    0.6602512885E+00    0.5210007890E+01
    -7.88000000    0.6470414267E+00    0.5222948718E+01
    -7.86000000    0.6355315391E+00    0.5235659349E+01
    -7.84000000    0.6253212310E+00    0.5248165774E+01
    -7.82000000    0.6161444258E+00    0.5260488662E+01
    -7.80000000    0.6078152028E+00    0.5272644966E+01
    -7.78000000    0.6001971824E+00    0.5284648910E+01
    -7.76000000    0.5931863234E+00    0.5296512636E+01
    -7.74000000    0.5867008049E+00    0.5308246652E+01
    -7.72000000    0.5806746333E+00    0.5319860145E+01
    -7.70000000    0.5750533765E+00    0.5331361213E+01
    -7.68000000    0.5697913007E+00    0.5342757039E+01
    -7.66000000    0.5648495537E+00    0.5354054030E+01
    -7.64000000    0.5601951295E+00    0.5365257932E+01
    -7.62000000    0.5558003085E+00    0.5376373938E+01
    -7.60000000    0.5516422093E+00    0.5387406783E+01
    -7.58000000    0.5477021125E+00    0.5398360825E+01
    -7.56000000    0.5439644023E+00    0.5409240113E+01
    -7.54000000    0.5404152781E+00    0.5420048419E+01
    -7.52000000    0.5370416404E+00    0.5430789251E+01
    -7.50000000    0.5338305578E+00    0.5441465863E+01
    -7.48000000    0.5307694291E+00    0.5452081251E+01
    -7.46000000    0.5278465778E+00    0.5462638183E+01
    -7.44000000    0.5250518168E+00    0.5473139219E+01
    -7.42000000    0.5223766475E+00    0.5483586752E+01
    -7.40000000    0.5198140510E+00    0.5493983033E+01
    -7.38000000    0.5173580693E+00    0.5504330194E+01
    -7.36000000    0.5150034142E+00    0.5514630263E+01
    -7.34000000    0.5127452192E+00    0.5524885167E+01
    -7.32000000    0.5105789131E+00    0.5535096745E+01
    -7.30000000    0.5085001281E+00    0.5545266748E+01
    -7.28000000    0.5065045865E+00    0.5555396840E+01
    -7.26000000    0.5045879943E+00    0.5565488599E+01
    -7.24000000    0.5027460490E+00    0.5575543520E+01
    -7.22000000    0.5009746786E+00    0.5585563014E+01
    -7.20000000    0.4992705239E+00    0.5595548424E+01
    -7.18000000    0.4976314676E+00    0.5605501054E+01
    -7.16000000    0.4960568450E+00    0.5615422191E+01
    -7.14000000    0.4945470192E+00    0.5625313131E+01
    -7.12000000    0.4931023529E+00    0.5635175178E+01
    -7.10000000    0.4917220537E+00    0.5645009619E+01
    -7.08000000    0.4904035574E+00    0.5654817690E+01
    -7.06000000    0.4891428378E+00    0.5664600547E+01
    -7.04000000    0.4879354514E+00    0.5674359256E+01
    -7.02000000    0.4867776971E+00    0.5684094810E+01
    -7.00000000    0.4856672802E+00    0.5693808156E+01
    -6.98000000    0.4846032697E+00    0.5703500221E+01
    -6.96000000    0.4835855651E+00    0.5713171932E+01
    -6.94000000    0.4826142700E+00    0.5722824218E+01
    -6.92000000    0.4816892692E+00    0.5732458003E+01
    -6.90000000    0.4808100920E+00    0.5742074205E+01
    -6.88000000    0.4799759803E+00    0.5751673725E+01
    -6.86000000    0.4791860398E+00    0.5761257445E+01
    -6.84000000    0.4784393789E+00    0.5770826233E+01
    -6.82000000    0.4777351986E+00    0.5780380937E+01
    -6.80000000    0.4770728288E+00    0.5789922394E+01
    -6.78000000    0.4764517294E+00    0.5799451428E+01
    -6.76000000    0.4758714704E+00    0.5808968858E+01
    -6.74000000    0.4753317071E+00    0.5818475492E+01
    -6.72000000    0.4748321570E+00    0.5827972135E+01
    -6.70000000    0.4743725827E+00    0.5837459587E+01
    -6.68000000    0.4739527813E+00    0.5846938642E+01
    -6.66000000    0.4735725793E+00    0.5856410094E+01
    -6.64000000    0.4732318307E+00    0.5865874730E+01
    -6.62000000    0.4729304186E+00    0.5875333339E+01
    -6.60000000    0.4726682622E+00    0.5884786704E+01
    -6.58000000    0.4724453258E+00    0.5894235610E+01
    -6.56000000    0.4722616251E+00    0.5903680843E+01
    -6.54000000    0.4721172226E+00    0.5913123187E+01
    -6.52000000    0.4720122127E+00    0.5922563432E+01
    -6.50000000    0.4719467046E+00    0.5932002366E+01
    -6.48000000    0.4719208198E+00    0.5941440782E+01
    -6.46000000    0.4719347135E+00    0.5950879476E+01
    -6.44000000    0.4719886115E+00    0.5960319249E+01
    -6.42000000    0.4720828413E+00    0.5969760905E+01
    -6.40000000    0.4722178375E+00    0.5979205262E+01
    -6.38000000    0.4723941176E+00    0.5988653145E+01
    -6.36000000    0.4726122440E+00    0.5998105389E+01
    -6.34000000    0.4728727992E+00    0.6007562845E+01
    -6.32000000    0.4731763867E+00    0.6017026373E+01
    -6.30000000    0.4735236542E+00    0.6026496846E+01
    -6.28000000    0.4739153176E+00    0.6035975153E+01
    -6.26000000    0.4743521658E+00    0.6045462196E+01
    -6.24000000    0.4748350421E+00    0.6054958897E+01
    -6.22000000    0.4753648135E+00    0.6064466193E+01
    -6.20000000    0.4759423514E+00    0.6073985040E+01
    -6.18000000    0.4765685409E+00    0.6083516411E+01
    -6.16000000    0.4772443185E+00    0.6093061297E+01
    -6.14000000    0.4779707232E+00    0.6102620712E+01
    -6.12000000    0.4787489391E+00    0.6112195691E+01
    -6.10000000    0.4795803144E+00    0.6121787297E+01
    -6.08000000    0.4804663572E+00    0.6131396624E+01
    -6.06000000    0.4814087145E+00    0.6141024798E+01
    -6.04000000    0.4824091520E+00    0.6150672981E+01
    -6.02000000    0.4834695399E+00    0.6160342372E+01
    -6.00000000    0.4845918487E+00    0.6170034209E+01
    -5.98000000    0.4857781483E+00    0.6179749772E+01
    -5.96000000    0.4870306063E+00    0.6189490384E+01
    -5.94000000    0.4883514890E+00    0.6199257414E+01
    -5.92000000    0.4897431766E+00    0.6209052277E+01
    -5.90000000    0.4912082054E+00    0.6218876442E+01
    -5.88000000    0.4927493304E+00    0.6228731428E+01
    -5.86000000    0.4943695837E+00    0.6238618820E+01
    -5.84000000    0.4960723000E+00    0.6248540266E+01
    -5.82000000    0.4978610933E+00    0.6258497488E+01
    -5.80000000    0.4997398057E+00    0.6268492284E+01
    -5.78000000    0.5017124683E+00    0.6278526533E+01
    -5.76000000    0.5037833101E+00    0.6288602199E+01
    -5.74000000    0.5059568255E+00    0.6298721336E+01
    -5.72000000    0.5082378792E+00    0.6308886093E+01
    -5.70000000    0.5106318144E+00    0.6319098730E+01
    -5.68000000    0.5131445337E+00    0.6329361620E+01
    -5.66000000    0.5157825411E+00    0.6339677271E+01
    -5.64000000    0.5185529469E+00    0.6350048330E+01
    -5.62000000    0.5214634558E+00    0.6360477599E+01
    -5.60000000    0.5245223651E+00    0.6370968047E+01
    -5.58000000    0.5277386047E+00    0.6381522819E+01
    -5.56000000    0.5311218397E+00    0.6392145256E+01
    -5.54000000    0.5346826281E+00    0.6402838908E+01
    -5.52000000    0.5384326011E+00    0.6413607560E+01
    -5.50000000    0.5423846279E+00    0.6424455253E+01
    -5.48000000    0.5465529550E+00    0.6435386312E+01
    -5.46000000    0.5509533521E+00    0.6446405379E+01
    -5.44000000    0.5556033208E+00    0.6457517445E+01
    -5.42000000    0.5605224025E+00    0.6468727893E+01
    -5.40000000    0.5657325751E+00    0.6480042545E+01
    -5.38000000    0.5712587004E+00    0.6491467719E+01
    -5.36000000    0.5771289889E+00    0.6503010299E+01
    -5.34000000    0.5833754978E+00    0.6514677808E+01
    -5.32000000    0.5900347232E+00    0.6526478503E+01
    -5.30000000    0.5971483689E+00    0.6538421470E+01
    -5.28000000    0.6047643654E+00    0.6550516758E+01
    -5.26000000    0.6129382035E+00    0.6562775522E+01
    -5.24000000    0.6217346517E+00    0.6575210215E+01
    -5.22000000    0.6312299776E+00    0.6587834814E+01
    -5.20000000    0.6415148769E+00    0.6600665112E+01
    -5.18000000    0.6526984369E+00    0.6613719081E+01
    -5.16000000    0.6649136394E+00    0.6627017353E+01
    -5.14000000    0.6783252154E+00    0.6640583858E+01
    -5.12000000    0.6931412499E+00    0.6654446683E+01
    -5.10000000    0.7096310386E+00    0.6668639303E+01
    -5.08000000    0.7281535236E+00    0.6683202374E+01
    -5.06000000    0.7492029247E+00    0.6698186432E+01
    -5.04000000    0.7734790553E+00    0.6713656014E+01
    -5.02000000    0.8019837673E+00    0.6729695689E+01
    -5.00000000    0.8361215898E+00    0.6746418121E+01
    -4.98000000    0.8777303917E+00    0.6763972728E+01
    -4.96000000    0.9288893587E+00    0.6782550516E+01
    -4.94000000    0.9912890680E+00    0.6802376297E+01
    -4.92000000    0.1064998392E+01    0.6823676265E+01
    -4.90000000    0.1146735383E+01    0.6846610973E+01
    -4.88000000    0.1228247276E+01    0.6871175918E+01
    -4.86000000    0.1295889226E+01    0.6897093703E+01
    -4.84000000    0.1332502016E+01    0.6923743743E+01
    -4.82000000    0.1321855121E+01    0.6950180845E+01
    -4.80000000    0.1254421207E+01    0.6975269269E+01
    -4.78000000    0.1131963461E+01    0.6997908539E+01
    -4.76000000    0.9684227607E+00    0.7017276994E+01
    -4.74000000    0.7862291389E+00    0.7033001577E+01
    -4.72000000    0.6095435808E+00    0.7045192448E+01
    -4.70000000    0.4574977356E+00    0.7054342403E+01
    -4.68000000    0.3402288003E+00    0.7061146979E+01
    -4.66000000    0.2587341344E+00    0.7066321662E+01
    -4.64000000    0.2076017642E+00    0.7070473697E+01
    -4.62000000    0.1786919860E+00    0.7074047537E+01
    -4.60000000    0.1641143248E+00    0.7077329823E+01
    -4.58000000    0.1577900576E+00    0.7080485624E+01
    -4.56000000    0.1557582021E+00    0.7083600788E+01
    -4.54000000    0.1557759796E+00    0.7086716308E+01
    -4.52000000    0.1567261560E+00    0.7089850831E+01
    -4.50000000    0.1581189100E+00    0.7093013209E+01
    -4.48000000    0.1597702960E+00    0.7096208615E+01
    -4.46000000    0.1616299608E+00    0.7099441214E+01
    -4.44000000    0.1637023880E+00    0.7102715262E+01
    -4.42000000    0.1660166209E+00    0.7106035595E+01
    -4.40000000    0.1686185402E+00    0.7109407965E+01
    -4.38000000    0.1715750565E+00    0.7112839467E+01
    -4.36000000    0.1749903398E+00    0.7116339273E+01
    -4.34000000    0.1790438014E+00    0.7119920149E+01
    -4.32000000    0.1840705576E+00    0.7123601561E+01
    -4.30000000    0.1907151084E+00    0.7127415863E+01
    -4.28000000    0.2001857091E+00    0.7131419577E+01
    -4.26000000    0.2145966956E+00    0.7135711511E+01
    -4.24000000    0.2372857777E+00    0.7140457226E+01
    -4.22000000    0.2728446910E+00    0.7145914120E+01
    -4.20000000    0.3264926785E+00    0.7152443974E+01
    -4.18000000    0.4025149582E+00    0.7160494273E+01
    -4.16000000    0.5019128660E+00    0.7170532530E+01
    -4.14000000    0.6200816076E+00    0.7182934162E+01
    -4.12000000    0.7458401506E+00    0.7197850965E+01
    -4.10000000    0.8629516339E+00    0.7215109998E+01
    -4.08000000    0.9541924038E+00    0.7234193846E+01
    -4.06000000    0.1006549120E+01    0.7254324829E+01
    -4.04000000    0.1015237902E+01    0.7274629587E+01
    -4.02000000    0.9846827311E+00    0.7294323241E+01
    -4.00000000    0.9261671681E+00    0.7312846585E+01
    -3.98000000    0.8535441059E+00    0.7329917467E+01
    -3.96000000    0.7790922243E+00    0.7345499311E+01
    -3.94000000    0.7110697835E+00    0.7359720707E+01
    -3.92000000    0.6533258072E+00    0.7372787223E+01
    -3.90000000    0.6063369132E+00    0.7384913961E+01
    -3.88000000    0.5687108510E+00    0.7396288178E+01
    -3.86000000    0.5384432917E+00    0.7407057044E+01
    -3.84000000    0.5136573165E+00    0.7417330190E+01
    -3.82000000    0.4928865023E+00    0.7427187920E+01
    -3.80000000    0.4750874870E+00    0.7436689670E+01
    -3.78000000    0.4595469542E+00    0.7445880609E+01
    -3.76000000    0.4457775217E+00    0.7454796160E+01
    -3.74000000    0.4334376587E+00    0.7463464913E+01
    -3.72000000    0.4222791282E+00    0.7471910495E+01
    -3.70000000    0.4121148290E+00    0.7480152792E+01
    -3.68000000    0.4027993719E+00    0.7488208779E+01
    -3.66000000    0.3942170422E+00    0.7496093120E+01
    -3.64000000    0.3862740053E+00    0.7503818600E+01
    -3.62000000    0.3788930215E+00    0.7511396461E+01
    -3.60000000    0.3720097196E+00    0.7518836655E+01
    -3.58000000    0.3655698870E+00    0.7526148053E+01
    -3.56000000    0.3595274508E+00    0.7533338602E+01
    -3.54000000    0.3538429458E+00    0.7540415461E+01
    -3.52000000    0.3484823259E+00    0.7547385107E+01
    -3.50000000    0.3434160229E+00    0.7554253428E+01
    -3.48000000    0.3386181891E+00    0.7561025792E+01
    -3.46000000    0.3340660877E+00    0.7567707113E+01
    -3.44000000    0.3297396145E+00    0.7574301906E+01
    -3.42000000    0.3256209282E+00    0.7580814324E+01
    -3.40000000    0.3216941620E+00    0.7587248208E+01
    -3.38000000    0.3179451794E+00    0.7593607111E+01
    -3.36000000    0.3143613482E+00    0.7599894338E+01
    -3.34000000    0.3109313258E+00    0.7606112965E+01
    -3.32000000    0.3076448641E+00    0.7612265862E+01
    -3.30000000    0.3044926484E+00    0.7618355715E+01
    -3.28000000    0.3014661769E+00    0.7624385038E+01
    -3.26000000    0.2985576790E+00    0.7630356192E+01
    -3.24000000    0.2957600575E+00    0.7636271393E+01
    -3.22000000    0.2930668373E+00    0.7642132730E+01
    -3.20000000    0.2904721047E+00    0.7647942172E+01
    -3.18000000    0.2879704260E+00    0.7653701580E+01
    -3.16000000    0.2855567550E+00    0.7659412716E+01
    -3.14000000    0.2832263527E+00    0.7665077243E+01
    -3.12000000    0.2809747471E+00    0.7670696738E+01
    -3.10000000    0.2787977448E+00    0.7676272692E+01
    -3.08000000    0.2766914767E+00    0.7681806522E+01
    -3.06000000    0.2746524361E+00    0.7687299571E+01
    -3.04000000    0.2726774746E+00    0.7692753120E+01
    -3.02000000    0.2707637506E+00    0.7698168395E+01
    -3.00000000    0.2689086557E+00    0.7703546568E+01
    -2.98000000    0.2671097523E+00    0.7708888763E+01
    -2.96000000    0.2653647413E+00    0.7714196058E+01
    -2.94000000    0.2636714518E+00    0.7719469487E+01
    -2.92000000    0.2620278346E+00    0.7724710044E+01
    -2.90000000    0.2604319481E+00    0.7729918683E+01
    -2.88000000    0.2588819396E+00    0.7735096322E+01
    -2.86000000    0.2573760305E+00    0.7740243842E+01
    -2.84000000    0.2559125159E+00    0.7745362093E+01
    -2.82000000    0.2544897770E+00    0.7750451888E+01
    -2.80000000    0.2531063001E+00    0.7755514014E+01
    -2.78000000    0.2517606894E+00    0.7760549228E+01
    -2.76000000    0.2504516678E+00    0.7765558261E+01
    -2.74000000    0.2491780599E+00    0.7770541822E+01
    -2.72000000    0.2479387650E+00    0.7775500598E+01
    -2.70000000    0.2467327291E+00    0.7780435252E+01
    -2.68000000    0.2455589246E+00    0.7785346431E+01
    -2.66000000    0.2444163441E+00    0.7790234758E+01
    -2.64000000    0.2433040050E+00    0.7795100838E+01
    -2.62000000    0.2422209622E+00    0.7799945257E+01
    -2.60000000    0.2411663204E+00    0.7804768584E+01
    -2.58000000    0.2401392443E+00    0.7809571368E+01
    -2.56000000    0.2391389629E+00    0.7814354148E+01
    -2.54000000    0.2381647686E+00    0.7819117443E+01
    -2.52000000    0.2372160114E+00    0.7823861763E+01
    -2.50000000    0.2362920880E+00    0.7828587605E+01
    -2.48000000    0.2353924303E+00    0.7833295454E+01
    -2.46000000    0.2345164963E+00    0.7837985784E+01
    -2.44000000    0.2336637690E+00    0.7842659059E+01
    -2.42000000    0.2328337622E+00    0.7847315734E+01
    -2.40000000    0.2320260266E+00    0.7851956255E+01
    -2.38000000    0.2312401498E+00    0.7856581058E+01
    -2.36000000    0.2304757479E+00    0.7861190573E+01
    -2.34000000    0.2297324528E+00    0.7865785222E+01
    -2.32000000    0.2290099028E+00    0.7870365420E+01
    -2.30000000    0.2283077402E+00    0.7874931575E+01
    -2.28000000    0.2276256161E+00    0.7879484087E+01
    -2.26000000    0.2269631967E+00    0.7884023351E+01
    -2.24000000    0.2263201704E+00    0.7888549754E+01
    -2.22000000    0.2256962514E+00    0.7893063679E+01
    -2.20000000    0.2250911810E+00    0.7897565503E+01
    -2.18000000    0.2245047285E+00    0.7902055597E+01
    -2.16000000    0.2239366901E+00    0.7906534331E+01
    -2.14000000    0.2233868877E+00    0.7911002069E+01
    -2.12000000    0.2228551661E+00    0.7915459172E+01
    -2.10000000    0.2223413894E+00    0.7919906000E+01
    -2.08000000    0.2218454331E+00    0.7924342909E+01
    -2.06000000    0.2213671739E+00    0.7928770252E+01
    -2.04000000    0.2209064792E+00    0.7933188382E+01
    -2.02000000    0.2204632032E+00    0.7937597646E+01
    -2.00000000    0.2200371975E+00    0.7941998390E+01
    -1.98000000    0.2196283399E+00    0.7946390957E+01
    -1.96000000    0.2192365811E+00    0.7950775688E+01
    -1.94000000    0.2188620132E+00    0.7955152929E+01
    -1.92000000    0.2185049825E+00    0.7959523028E+01
    -1.90000000    0.2181662950E+00    0.7963886354E+01
    -1.88000000    0.2178475795E+00    0.7968243306E+01
    -1.86000000    0.2175518535E+00    0.7972594343E+01
    -1.84000000    0.2172842489E+00    0.7976940028E+01
    -1.82000000    0.2170527058E+00    0.7981281082E+01
    -1.80000000    0.2168682834E+00    0.7985618448E+01
    -1.78000000    0.2167446807E+00    0.7989953341E+01
    -1.76000000    0.2166967143E+00    0.7994287275E+01
    -1.74000000    0.2167378965E+00    0.7998622033E+01
    -1.72000000    0.2168777374E+00    0.8002959588E+01
    -1.70000000    0.2171196856E+00    0.8007301982E+01
    -1.68000000    0.2174604965E+00    0.8011651192E+01
    -1.66000000    0.2178912772E+00    0.8016009017E+01
    -1.64000000    0.2183997816E+00    0.8020377013E+01
    -1.62000000    0.2189730872E+00    0.8024756475E+01
    -1.60000000    0.2195997861E+00    0.8029148470E+01
    -1.58000000    0.2202711998E+00    0.8033553894E+01
    -1.56000000    0.2209816051E+00    0.8037973526E+01
    -1.54000000    0.2217277953E+00    0.8042408082E+01
    -1.52000000    0.2225083836E+00    0.8046858250E+01
    -1.50000000    0.2233231514E+00    0.8051324713E+01
    -1.48000000    0.2241725816E+00    0.8055808165E+01
    -1.46000000    0.2250575815E+00    0.8060309316E+01
    -1.44000000    0.2259793396E+00    0.8064828903E+01
    -1.42000000    0.2269392536E+00    0.8069367688E+01
    -1.40000000    0.2279388856E+00    0.8073926466E+01
    -1.38000000    0.2289799222E+00    0.8078506064E+01
    -1.36000000    0.2300641376E+00    0.8083107347E+01
    -1.34000000    0.2311933667E+00    0.8087731214E+01
    -1.32000000    0.2323694936E+00    0.8092378604E+01
    -1.30000000    0.2335944594E+00    0.8097050494E+01
    -1.28000000    0.2348702838E+00    0.8101747899E+01
    -1.26000000    0.2361990956E+00    0.8106471881E+01
    -1.24000000    0.2375831656E+00    0.8111223544E+01
    -1.22000000    0.2390249412E+00    0.8116004043E+01
    -1.20000000    0.2405270812E+00    0.8120814585E+01
    -1.18000000    0.2420924833E+00    0.8125656435E+01
    -1.16000000    0.2437242998E+00    0.8130530921E+01
    -1.14000000    0.2454259330E+00    0.8135439439E+01
    -1.12000000    0.2472010183E+00    0.8140383460E+01
    -1.10000000    0.2490534062E+00    0.8145364528E+01
    -1.08000000    0.2509871633E+00    0.8150384271E+01
    -1.06000000    0.2530066048E+00    0.8155444403E+01
    -1.04000000    0.2551163630E+00    0.8160546730E+01
    -1.02000000    0.2573214737E+00    0.8165693160E+01
    -1.00000000    0.2596274594E+00    0.8170885709E+01
    -0.98000000    0.2620403904E+00    0.8176126517E+01
    -0.96000000    0.2645669212E+00    0.8181417855E+01
    -0.94000000    0.2672143179E+00    0.8186762142E+01
    -0.92000000    0.2699904933E+00    0.8192161951E+01
    -0.90000000    0.2729040597E+00    0.8197620033E+01
    -0.88000000    0.2759643980E+00    0.8203139321E+01
    -0.86000000    0.2791817425E+00    0.8208722955E+01
    -0.84000000    0.2825672854E+00    0.8214374301E+01
    -0.82000000    0.2861333135E+00    0.8220096967E+01
    -0.80000000    0.2898933799E+00    0.8225894835E+01
    -0.78000000    0.2938625090E+00    0.8231772085E+01
    -0.76000000    0.2980574223E+00    0.8237733234E+01
    -0.74000000    0.3024967824E+00    0.8243783169E+01
    -0.72000000    0.3072014626E+00    0.8249927199E+01
    -0.70000000    0.3121948588E+00    0.8256171096E+01
    -0.68000000    0.3175032699E+00    0.8262521161E+01
    -0.66000000    0.3231563725E+00    0.8268984289E+01
    -0.64000000    0.3291878174E+00    0.8275568045E+01
    -0.62000000    0.3356359738E+00    0.8282280764E+01
    -0.60000000    0.3425448470E+00    0.8289131661E+01
    -0.58000000    0.3499651933E+00    0.8296130965E+01
    -0.56000000    0.3579558719E+00    0.8303290083E+01
    -0.54000000    0.3665855124E+00    0.8310621793E+01
    -0.52000000    0.3759346311E+00    0.8318140485E+01
    -0.50000000    0.3860984026E+00    0.8325862454E+01
    -0.48000000    0.3971903630E+00    0.8333806261E+01
    -0.46000000    0.4093474216E+00    0.8341993209E+01
    -0.44000000    0.4227367248E+00    0.8350447944E+01
    -0.42000000    0.4375652502E+00    0.8359199249E+01
    -0.40000000    0.4540936544E+00    0.8368281122E+01
    -0.38000000    0.4726571228E+00    0.8377734264E+01
    -0.36000000    0.4936982117E+00    0.8387608228E+01
    -0.34000000    0.5178204135E+00    0.8397964637E+01
    -0.32000000    0.5458761539E+00    0.8408882160E+01
    -0.30000000    0.5791059400E+00    0.8420464279E+01
    -0.28000000    0.6193365865E+00    0.8432851010E+01
    -0.26000000    0.6692068839E+00    0.8446235148E+01
    -0.24000000    0.7322975485E+00    0.8460881099E+01
    -0.22000000    0.8129023199E+00    0.8477139145E+01
    -0.20000000    0.9150615335E+00    0.8495440376E+01
    -0.18000000    0.1040553769E+01    0.8516251451E+01
    -0.16000000    0.1185990643E+01    0.8539971264E+01
    -0.14000000    0.1339984995E+01    0.8566770964E+01
    -0.12000000    0.1482160891E+01    0.8596414182E+01
    -0.10000000    0.1585793457E+01    0.8628130051E+01
    -0.08000000    0.1624531664E+01    0.8660620684E+01
    -0.06000000    0.1581294493E+01    0.8692246574E+01
    -0.04000000    0.1455459883E+01    0.8721355772E+01
    -0.02000000    0.1264530162E+01    0.8746646375E+01
    -0.00000000    0.1038990082E+01    0.8767426177E+01
     0.02000000    0.8126322309E+00    0.8783678822E+01
     0.04000000    0.6128549561E+00    0.8795935921E+01
     0.06000000    0.4549397279E+00    0.8805034715E+01
     0.08000000    0.3417013608E+00    0.8811868742E+01
     0.10000000    0.2671241940E+00    0.8817211226E+01
     0.12000000    0.2212921005E+00    0.8821637068E+01
     0.14000000    0.1943620923E+00    0.8825524310E+01
     0.16000000    0.1786543051E+00    0.8829097396E+01
     0.18000000    0.1690930272E+00    0.8832479257E+01
     0.20000000    0.1627326037E+00    0.8835733909E+01
     0.22000000    0.1580321324E+00    0.8838894552E+01
     0.24000000    0.1542437141E+00    0.8841979426E+01
     0.26000000    0.1510160005E+00    0.8844999746E+01
     0.28000000    0.1481788535E+00    0.8847963323E+01
     0.30000000    0.1456410238E+00    0.8850876143E+01
     0.32000000    0.1433461271E+00    0.8853743066E+01
     0.34000000    0.1412547325E+00    0.8856568161E+01
     0.36000000    0.1393369965E+00    0.8859354900E+01
     0.38000000    0.1375693218E+00    0.8862106287E+01
     0.40000000    0.1359325743E+00    0.8864824938E+01
     0.42000000    0.1344109751E+00    0.8867513158E+01
     0.44000000    0.1329913410E+00    0.8870172985E+01
     0.46000000    0.1316625365E+00    0.8872806235E+01
     0.48000000    0.1304150683E+00    0.8875414537E+01
     0.50000000    0.1292407802E+00    0.8877999352E+01
     0.52000000    0.1281326229E+00    0.8880562005E+01
     0.54000000    0.1270844764E+00    0.8883103694E+01
     0.56000000    0.1260910099E+00    0.8885625515E+01
     0.58000000    0.1251475625E+00    0.8888128466E+01
     0.60000000    0.1242500358E+00    0.8890613467E+01
     0.62000000    0.1233947964E+00    0.8893081362E+01
     0.64000000    0.1225785928E+00    0.8895532934E+01
     0.66000000    0.1217984925E+00    0.8897968904E+01
     0.68000000    0.1210518443E+00    0.8900389941E+01
     0.70000000    0.1203362574E+00    0.8902796666E+01
     0.72000000    0.1196495870E+00    0.8905189658E+01
     0.74000000    0.1189899141E+00    0.8907569456E+01
     0.76000000    0.1183555142E+00    0.8909936567E+01
     0.78000000    0.1177448198E+00    0.8912291463E+01
     0.80000000    0.1171563886E+00    0.8914634591E+01
     0.82000000    0.1165888848E+00    0.8916966368E+01
     0.84000000    0.1160410729E+00    0.8919287190E+01
     0.86000000    0.1155118175E+00    0.8921597426E+01
     0.88000000    0.1150000786E+00    0.8923897428E+01
     0.90000000    0.1145048997E+00    0.8926187526E+01
     0.92000000    0.1140253909E+00    0.8928468034E+01
     0.94000000    0.1135607169E+00    0.8930739248E+01
     0.96000000    0.1131100942E+00    0.8933001450E+01
     0.98000000    0.1126727976E+00    0.8935254906E+01
     1.00000000    0.1122481689E+00    0.8937499869E+01
     1.02000000    0.1118356191E+00    0.8939736582E+01
     1.04000000    0.1114346198E+00    0.8941965274E+01
     1.06000000    0.1110446877E+00    0.8944186168E+01
     1.08000000    0.1106653671E+00    0.8946399475E+01
     1.10000000    0.1102962164E+00    0.8948605399E+01
     1.12000000    0.1099368023E+00    0.8950804135E+01
     1.14000000    0.1095867096E+00    0.8952995870E+01
     1.16000000    0.1092456017E+00    0.8955180782E+01
     1.18000000    0.1089134728E+00    0.8957359051E+01
     1.20000000    0.1085915928E+00    0.8959530883E+01
     1.22000000    0.1082857264E+00    0.8961696597E+01
     1.24000000    0.1080160332E+00    0.8963856918E+01
     1.26000000    0.1078442641E+00    0.8966013803E+01
     1.28000000    0.1079398863E+00    0.8968172601E+01
     1.30000000    0.1087206357E+00    0.8970347014E+01
     1.32000000    0.1111085991E+00    0.8972569186E+01
     1.34000000    0.1169153871E+00    0.8974907494E+01
     1.36000000    0.1292782420E+00    0.8977493058E+01
     1.38000000    0.1529080343E+00    0.8980551219E+01
     1.40000000    0.1937507109E+00    0.8984426233E+01
     1.42000000    0.2576707895E+00    0.8989579649E+01
     1.44000000    0.3481143856E+00    0.8996541937E+01
     1.46000000    0.4633926496E+00    0.9005809790E+01
     1.48000000    0.5948958334E+00    0.9017707706E+01
     1.50000000    0.7276252436E+00    0.9032260211E+01
     1.52000000    0.8435530247E+00    0.9049131272E+01
     1.54000000    0.9268026004E+00    0.9067667324E+01
     1.56000000    0.9684400121E+00    0.9087036124E+01
     1.58000000    0.9686924051E+00    0.9106409972E+01
     1.60000000    0.9357473113E+00    0.9125124918E+01
     1.62000000    0.8820514457E+00    0.9142765947E+01
     1.64000000    0.8200719772E+00    0.9159167387E+01
     1.66000000    0.7592862877E+00    0.9174353113E+01
     1.68000000    0.7051188912E+00    0.9188455490E+01
     1.70000000    0.6594742927E+00    0.9201644976E+01
     1.72000000    0.6220059879E+00    0.9214085096E+01
     1.74000000    0.5913575134E+00    0.9225912246E+01
     1.76000000    0.5659969433E+00    0.9237232185E+01
     1.78000000    0.5446151925E+00    0.9248124489E+01
     1.80000000    0.5262281513E+00    0.9258649052E+01
     1.82000000    0.5101381963E+00    0.9268851816E+01
     1.84000000    0.4958575845E+00    0.9278768968E+01
     1.86000000    0.4830400454E+00    0.9288429769E+01
     1.88000000    0.4714323093E+00    0.9297858415E+01
     1.90000000    0.4608430108E+00    0.9307075275E+01
     1.92000000    0.4511233385E+00    0.9316097742E+01
     1.94000000    0.4421548396E+00    0.9324940839E+01
     1.96000000    0.4338414581E+00    0.9333617668E+01
     1.98000000    0.4261041196E+00    0.9342139750E+01
     2.00000000    0.4188769135E+00    0.9350517288E+01
     2.02000000    0.4121043222E+00    0.9358759375E+01
     2.04000000    0.4057391727E+00    0.9366874158E+01
     2.06000000    0.3997411397E+00    0.9374868981E+01
     2.08000000    0.3940758260E+00    0.9382750498E+01
     2.10000000    0.3887149248E+00    0.9390524796E+01
     2.12000000    0.3836392470E+00    0.9398197581E+01
     2.14000000    0.3788496123E+00    0.9405774573E+01
     2.16000000    0.3743974358E+00    0.9413262522E+01
     2.18000000    0.3704584909E+00    0.9420671692E+01
     2.20000000    0.3674869293E+00    0.9428021430E+01
     2.22000000    0.3664892741E+00    0.9435351216E+01
     2.24000000    0.3694231539E+00    0.9442739679E+01
     2.26000000    0.3796232448E+00    0.9450332144E+01
     2.28000000    0.4019901605E+00    0.9458371947E+01
     2.30000000    0.4425314837E+00    0.9467222577E+01
     2.32000000    0.5068918007E+00    0.9477360413E+01
     2.34000000    0.5979121734E+00    0.9489318656E+01
     2.36000000    0.7129679606E+00    0.9503578015E+01
     2.38000000    0.8424511442E+00    0.9520427038E+01
     2.40000000    0.9707115559E+00    0.9539841269E+01
     2.42000000    0.1079766414E+01    0.9561436598E+01
     2.44000000    0.1154554635E+01    0.9584527690E+01
     2.46000000    0.1187449416E+01    0.9608276679E+01
     2.48000000    0.1179979839E+01    0.9631876275E+01
     2.50000000    0.1141177856E+01    0.9654699833E+01
     2.52000000    0.1083684557E+01    0.9676373524E+01
     2.54000000    0.1019618974E+01    0.9696765903E+01
     2.56000000    0.9578516954E+00    0.9715922937E+01
     2.58000000    0.9032302400E+00    0.9733987542E+01
     2.60000000    0.8573018482E+00    0.9751133579E+01
     2.62000000    0.8196815642E+00    0.9767527210E+01
     2.64000000    0.7893879258E+00    0.9783314969E+01
     2.66000000    0.7658683449E+00    0.9798632336E+01
     2.68000000    0.7497310693E+00    0.9813626957E+01
     2.70000000    0.7432471961E+00    0.9828491901E+01
     2.72000000    0.7505237004E+00    0.9843502375E+01
     2.74000000    0.7770389057E+00    0.9859043153E+01
     2.76000000    0.8282025292E+00    0.9875607204E+01
     2.78000000    0.9069418395E+00    0.9893746040E+01
     2.80000000    0.1010994239E+01    0.9913965925E+01
     2.82000000    0.1131228324E+01    0.9936590492E+01
     2.84000000    0.1252338129E+01    0.9961637254E+01
     2.86000000    0.1356328741E+01    0.9988763829E+01
     2.88000000    0.1427695895E+01    0.1001731775E+02
     2.90000000    0.1458066489E+01    0.1004647908E+02
     2.92000000    0.1448185191E+01    0.1007544278E+02
     2.94000000    0.1406519564E+01    0.1010357317E+02
     2.96000000    0.1345492116E+01    0.1013048301E+02
     2.98000000    0.1277310023E+01    0.1015602921E+02
     3.00000000    0.1211094361E+01    0.1018025110E+02
     3.02000000    0.1151945689E+01    0.1020329002E+02
     3.04000000    0.1101545604E+01    0.1022532093E+02
     3.06000000    0.1059432047E+01    0.1024650957E+02
     3.08000000    0.1024210573E+01    0.1026699378E+02
     3.10000000    0.9943519252E+00    0.1028688082E+02
     3.12000000    0.9685629984E+00    0.1030625208E+02
     3.14000000    0.9458747453E+00    0.1032516957E+02
     3.16000000    0.9255990391E+00    0.1034368155E+02
     3.18000000    0.9072521900E+00    0.1036182660E+02
     3.20000000    0.8904881237E+00    0.1037963636E+02
     3.22000000    0.8750514383E+00    0.1039713739E+02
     3.24000000    0.8607473663E+00    0.1041435234E+02
     3.26000000    0.8474230648E+00    0.1043130080E+02
     3.28000000    0.8349557904E+00    0.1044799991E+02
     3.30000000    0.8232451498E+00    0.1046446482E+02
     3.32000000    0.8122078088E+00    0.1048070897E+02
     3.34000000    0.8017737405E+00    0.1049674445E+02
     3.36000000    0.7918834829E+00    0.1051258212E+02
     3.38000000    0.7824860823E+00    0.1052823184E+02
     3.40000000    0.7735375218E+00    0.1054370259E+02
     3.42000000    0.7649995008E+00    0.1055900258E+02
     3.44000000    0.7568384758E+00    0.1057413935E+02
     3.46000000    0.7490248996E+00    0.1058911985E+02
     3.48000000    0.7415326095E+00    0.1060395050E+02
     3.50000000    0.7343383320E+00    0.1061863727E+02
     3.52000000    0.7274212756E+00    0.1063318569E+02
     3.54000000    0.7207627931E+00    0.1064760095E+02
     3.56000000    0.7143461006E+00    0.1066188787E+02
     3.58000000    0.7081560392E+00    0.1067605099E+02
     3.60000000    0.7021788730E+00    0.1069009457E+02
     3.62000000    0.6964021146E+00    0.1070402261E+02
     3.64000000    0.6908143765E+00    0.1071783890E+02
     3.66000000    0.6854052450E+00    0.1073154700E+02
     3.68000000    0.6801651753E+00    0.1074515031E+02
     3.70000000    0.6750854072E+00    0.1075865201E+02
     3.72000000    0.6701578938E+00    0.1077205517E+02
     3.74000000    0.6653752395E+00    0.1078536268E+02
     3.76000000    0.6607306429E+00    0.1079857729E+02
     3.78000000    0.6562178448E+00    0.1081170165E+02
     3.80000000    0.6518310810E+00    0.1082473827E+02
     3.82000000    0.6475650422E+00    0.1083768957E+02
     3.84000000    0.6434148395E+00    0.1085055787E+02
     3.86000000    0.6393759747E+00    0.1086334538E+02
     3.88000000    0.6354443144E+00    0.1087605427E+02
     3.90000000    0.6316160680E+00    0.1088868659E+02
     3.92000000    0.6278877698E+00    0.1090124435E+02
     3.94000000    0.6242562648E+00    0.1091372947E+02
     3.96000000    0.6207186981E+00    0.1092614385E+02
     3.98000000    0.6172725050E+00    0.1093848930E+02
     4.00000000    0.6139154045E+00    0.1095076761E+02
     4.02000000    0.6106453995E+00    0.1096298051E+02
     4.04000000    0.6074607878E+00    0.1097512973E+02
     4.06000000    0.6043601894E+00    0.1098721693E+02
     4.08000000    0.6013425850E+00    0.1099924378E+02
     4.10000000    0.5984073627E+00    0.1101121193E+02
     4.12000000    0.5955543639E+00    0.1102312302E+02
     4.14000000    0.5927839300E+00    0.1103497870E+02
     4.16000000    0.5900969549E+00    0.1104678064E+02
     4.18000000    0.5874949571E+00    0.1105853054E+02
     4.20000000    0.5849801835E+00    0.1107023014E+02
     4.22000000    0.5825557603E+00    0.1108188125E+02
     4.24000000    0.5802259071E+00    0.1109348577E+02
     4.26000000    0.5779962401E+00    0.1110504570E+02
     4.28000000    0.5758742015E+00    0.1111656318E+02
     4.30000000    0.5738696753E+00    0.1112804058E+02
     4.32000000    0.5719958861E+00    0.1113948049E+02
     4.34000000    0.5702707552E+00    0.1115088591E+02
     4.36000000    0.5687190320E+00    0.1116226029E+02
     4.38000000    0.5673757573E+00    0.1117360780E+02
     4.40000000    0.5662918853E+00    0.1118493364E+02
     4.42000000    0.5655429595E+00    0.1119624450E+02
     4.44000000    0.5652410196E+00    0.1120754932E+02
     4.46000000    0.5655477186E+00    0.1121886028E+02
     4.48000000    0.5666831808E+00    0.1123019394E+02
     4.50000000    0.5689237673E+00    0.1124157241E+02
     4.52000000    0.5725905917E+00    0.1125302423E+02
     4.54000000    0.5780578828E+00    0.1126458538E+02
     4.56000000    0.5858510605E+00    0.1127630241E+02
     4.58000000    0.5969213720E+00    0.1128824083E+02
     4.60000000    0.6131101243E+00    0.1130050304E+02
     4.62000000    0.6376085373E+00    0.1131325521E+02
     4.64000000    0.6749559251E+00    0.1132675432E+02
     4.66000000    0.7300370813E+00    0.1134135507E+02
     4.68000000    0.8059054431E+00    0.1135747317E+02
     4.70000000    0.9010721631E+00    0.1137549462E+02
     4.72000000    0.1007695941E+01    0.1139564854E+02
     4.74000000    0.1112163261E+01    0.1141789180E+02
     4.76000000    0.1198502258E+01    0.1144186185E+02
     4.78000000    0.1253421120E+01    0.1146693027E+02
     4.80000000    0.1270639530E+01    0.1149234306E+02
     4.82000000    0.1252470970E+01    0.1151739248E+02
     4.84000000    0.1208156158E+01    0.1154155560E+02
     4.86000000    0.1150149504E+01    0.1156455859E+02
     4.88000000    0.1090306045E+01    0.1158636471E+02
     4.90000000    0.1037424873E+01    0.1160711321E+02
     4.92000000    0.9964886584E+00    0.1162704298E+02
     4.94000000    0.9690581182E+00    0.1164642415E+02
     4.96000000    0.9540758056E+00    0.1166550566E+02
     4.98000000    0.9486543011E+00    0.1168447875E+02
     5.00000000    0.9488246501E+00    0.1170345524E+02
     5.02000000    0.9503652726E+00    0.1172246255E+02
     5.04000000    0.9496933724E+00    0.1174145642E+02
     5.06000000    0.9445933301E+00    0.1176034828E+02
     5.08000000    0.9345094138E+00    0.1177903847E+02
     5.10000000    0.9203017955E+00    0.1179744451E+02
     5.12000000    0.9036219389E+00    0.1181551694E+02
     5.14000000    0.8862170452E+00    0.1183324129E+02
     5.16000000    0.8694366735E+00    0.1185063002E+02
     5.18000000    0.8540489106E+00    0.1186771100E+02
     5.20000000    0.8403078774E+00    0.1188451715E+02
     5.22000000    0.8281378461E+00    0.1190107991E+02
     5.24000000    0.8173159217E+00    0.1191742623E+02
     5.26000000    0.8075952146E+00    0.1193357813E+02
     5.28000000    0.7987637871E+00    0.1194955341E+02
     5.30000000    0.7906604763E+00    0.1196536662E+02
     5.32000000    0.7831718166E+00    0.1198103006E+02
     5.34000000    0.7762287913E+00    0.1199655463E+02
     5.36000000    0.7698196205E+00    0.1201195102E+02
     5.38000000    0.7640411491E+00    0.1202723185E+02
     5.40000000    0.7592266825E+00    0.1204241638E+02
     5.42000000    0.7562031951E+00    0.1205754044E+02
     5.44000000    0.7567208453E+00    0.1207267486E+02
     5.46000000    0.7640224586E+00    0.1208795531E+02
     5.48000000    0.7833499027E+00    0.1210362231E+02
     5.50000000    0.8219557363E+00    0.1212006142E+02
     5.52000000    0.8880615799E+00    0.1213782266E+02
     5.54000000    0.9884234136E+00    0.1215759112E+02
     5.56000000    0.1124863163E+01    0.1218008839E+02
     5.58000000    0.1291070431E+01    0.1220590980E+02
     5.60000000    0.1471516253E+01    0.1223534012E+02
     5.62000000    0.1643784123E+01    0.1226821580E+02
     5.64000000    0.1783993264E+01    0.1230389567E+02
     5.66000000    0.1873193264E+01    0.1234135953E+02
     5.68000000    0.1901955839E+01    0.1237939865E+02
     5.70000000    0.1871459482E+01    0.1241682784E+02
     5.72000000    0.1791398817E+01    0.1245265582E+02
     5.74000000    0.1676543440E+01    0.1248618668E+02
     5.76000000    0.1543754946E+01    0.1251706178E+02
     5.78000000    0.1410083670E+01    0.1254526346E+02
     5.80000000    0.1291389940E+01    0.1257109126E+02
     5.82000000    0.1200676849E+01    0.1259510479E+02
     5.84000000    0.1145956064E+01    0.1261802391E+02
     5.86000000    0.1128299050E+01    0.1264058990E+02
     5.88000000    0.1141096417E+01    0.1266341182E+02
     5.90000000    0.1171264373E+01    0.1268683711E+02
     5.92000000    0.1202406115E+01    0.1271088523E+02
     5.94000000    0.1219114285E+01    0.1273526752E+02
     5.96000000    0.1211040587E+01    0.1275948833E+02
     5.98000000    0.1175331409E+01    0.1278299496E+02
     6.00000000    0.1116609862E+01    0.1280532716E+02
     6.02000000    0.1044651495E+01    0.1282622019E+02
     6.04000000    0.9707912553E+00    0.1284563601E+02
     6.06000000    0.9044716608E+00    0.1286372544E+02
     6.08000000    0.8510576079E+00    0.1288074660E+02
     6.10000000    0.8113407749E+00    0.1289697341E+02
     6.12000000    0.7824617451E+00    0.1291262265E+02
     6.14000000    0.7596031193E+00    0.1292781471E+02
     6.16000000    0.7377877604E+00    0.1294257046E+02
     6.18000000    0.7132904841E+00    0.1295683627E+02
     6.20000000    0.6843805342E+00    0.1297052389E+02
     6.22000000    0.6513159387E+00    0.1298355020E+02
     6.24000000    0.6157293961E+00    0.1299586479E+02
     6.26000000    0.5797415054E+00    0.1300745962E+02
     6.28000000    0.5452028868E+00    0.1301836368E+02
     6.30000000    0.5133339798E+00    0.1302863036E+02
     6.32000000    0.4847711655E+00    0.1303832578E+02
     6.34000000    0.4598131947E+00    0.1304752205E+02
     6.36000000    0.4386242586E+00    0.1305629453E+02
     6.38000000    0.4212759104E+00    0.1306472005E+02
     6.40000000    0.4076717985E+00    0.1307287349E+02
     6.42000000    0.3974753994E+00    0.1308082299E+02
     6.44000000    0.3901259316E+00    0.1308862551E+02
     6.46000000    0.3849427317E+00    0.1309632437E+02
     6.48000000    0.3812591480E+00    0.1310394955E+02
     6.50000000    0.3785239539E+00    0.1311152003E+02
     6.52000000    0.3763425333E+00    0.1311904688E+02
     6.54000000    0.3744662913E+00    0.1312653621E+02
     6.56000000    0.3727557191E+00    0.1313399132E+02
     6.58000000    0.3711402350E+00    0.1314141412E+02
     6.60000000    0.3695870900E+00    0.1314880587E+02
     6.62000000    0.3680818675E+00    0.1315616750E+02
     6.64000000    0.3666180904E+00    0.1316349987E+02
     6.66000000    0.3651924007E+00    0.1317080371E+02
     6.68000000    0.3638025873E+00    0.1317807977E+02
     6.70000000    0.3624468677E+00    0.1318532870E+02
     6.72000000    0.3611236509E+00    0.1319255118E+02
     6.74000000    0.3598314631E+00    0.1319974780E+02
     6.76000000    0.3585689243E+00    0.1320691918E+02
     6.78000000    0.3573347426E+00    0.1321406588E+02
     6.80000000    0.3561277172E+00    0.1322118843E+02
     6.82000000    0.3549467426E+00    0.1322828737E+02
     6.84000000    0.3537908096E+00    0.1323536318E+02
     6.86000000    0.3526590002E+00    0.1324241636E+02
     6.88000000    0.3515504768E+00    0.1324944737E+02
     6.90000000    0.3504644669E+00    0.1325645666E+02
     6.92000000    0.3494002467E+00    0.1326344467E+02
     6.94000000    0.3483571239E+00    0.1327041181E+02
     6.96000000    0.3473344202E+00    0.1327735850E+02
     6.98000000    0.3463314599E+00    0.1328428513E+02
     7.00000000    0.3453475674E+00    0.1329119208E+02
     7.02000000    0.3443820809E+00    0.1329807972E+02
     7.04000000    0.3434343796E+00    0.1330494841E+02
     7.06000000    0.3425039152E+00    0.1331179849E+02
     7.08000000    0.3415902336E+00    0.1331863029E+02
     7.10000000    0.3406929725E+00    0.1332544415E+02
     7.12000000    0.3398118352E+00    0.1333224039E+02
     7.14000000    0.3389465525E+00    0.1333901932E+02
     7.16000000    0.3380968481E+00    0.1334578126E+02
     7.18000000    0.3372624223E+00    0.1335252650E+02
     7.20000000    0.3364429541E+00    0.1335925536E+02
     7.22000000    0.3356381164E+00    0.1336596813E+02
     7.24000000    0.3348475921E+00    0.1337266508E+02
     7.26000000    0.3340710859E+00    0.1337934650E+02
     7.28000000    0.3333083284E+00    0.1338601267E+02
     7.30000000    0.3325590759E+00    0.1339266385E+02
     7.32000000    0.3318231072E+00    0.1339930031E+02
     7.34000000    0.3311002214E+00    0.1340592231E+02
     7.36000000    0.3303902366E+00    0.1341253012E+02
     7.38000000    0.3296929896E+00    0.1341912398E+02
     7.40000000    0.3290083357E+00    0.1342570414E+02
     7.42000000    0.3283361479E+00    0.1343227087E+02
     7.44000000    0.3276763129E+00    0.1343882439E+02
     7.46000000    0.3270287256E+00    0.1344536497E+02
     7.48000000    0.3263932827E+00    0.1345189283E+02
     7.50000000    0.3257698781E+00    0.1345840823E+02
     7.52000000    0.3251584031E+00    0.1346491140E+02
     7.54000000    0.3245587546E+00    0.1347140257E+02
     7.56000000    0.3239708476E+00    0.1347788199E+02
     7.58000000    0.3233946306E+00    0.1348434988E+02
     7.60000000    0.3228300970E+00    0.1349080649E+02
     7.62000000    0.3222772884E+00    0.1349725203E+02
     7.64000000    0.3217362882E+00    0.1350368676E+02
     7.66000000    0.3212072037E+00    0.1351011090E+02
     7.68000000    0.3206901393E+00    0.1351652470E+02
     7.70000000    0.3201851708E+00    0.1352292841E+02
     7.72000000    0.3196923297E+00    0.1352932225E+02
     7.74000000    0.3192116113E+00    0.1353570649E+02
     7.76000000    0.3187430071E+00    0.1354208135E+02
     7.78000000    0.3182865497E+00    0.1354844708E+02
     7.80000000    0.3178423474E+00    0.1355480392E+02
     7.82000000    0.3174105930E+00    0.1356115214E+02
     7.84000000    0.3169915435E+00    0.1356749197E+02
     7.86000000    0.3165854859E+00    0.1357382368E+02
     7.88000000    0.3161927080E+00    0.1358014753E+02
     7.90000000    0.3158134871E+00    0.1358646380E+02
     7.92000000    0.3154480974E+00    0.1359277276E+02
     7.94000000    0.3150968290E+00    0.1359907470E+02
     7.96000000    0.3147600080E+00    0.1360536990E+02
     7.98000000    0.3144380116E+00    0.1361165866E+02
     8.00000000    0.3141312736E+00    0.1361794129E+02
     8.02000000    0.3138402826E+00    0.1362421809E+02
     8.04000000    0.3135655757E+00    0.1363048940E+02
     8.06000000    0.3133077341E+00    0.1363675556E+02
     8.08000000    0.3130673837E+00    0.1364301691E+02
     8.10000000    0.3128452010E+00    0.1364927381E+02
     8.12000000    0.3126419258E+00    0.1365552665E+02
     8.14000000    0.3124583731E+00    0.1366177582E+02
     8.16000000    0.3122954450E+00    0.1366802172E+02
     8.18000000    0.3121541402E+00    0.1367426481E+02
     8.20000000    0.3120355620E+00    0.1368050552E+02
     8.22000000    0.3119409281E+00    0.1368674434E+02
     8.24000000    0.3118715847E+00    0.1369298177E+02
     8.26000000    0.3118290243E+00    0.1369921835E+02
     8.28000000    0.3118149068E+00    0.1370545465E+02
     8.30000000    0.3118310823E+00    0.1371169127E+02
     8.32000000    0.3118796135E+00    0.1371792886E+02
     8.34000000    0.3119627987E+00    0.1372416812E+02
     8.36000000    0.3120832002E+00    0.1373040978E+02
     8.38000000    0.3122436838E+00    0.1373665465E+02
     8.40000000    0.3124474748E+00    0.1374290360E+02
     8.42000000    0.3126982328E+00    0.1374915757E+02
     8.44000000    0.3130001415E+00    0.1375541757E+02
     8.46000000    0.3133580116E+00    0.1376168473E+02
     8.48000000    0.3137773973E+00    0.1376796028E+02
     8.50000000    0.3142647409E+00    0.1377424557E+02
     8.52000000    0.3148275956E+00    0.1378054213E+02
     8.54000000    0.3154750889E+00    0.1378685163E+02
     8.56000000    0.3162191765E+00    0.1379317601E+02
     8.58000000    0.3170783915E+00    0.1379951758E+02
     8.60000000    0.3180888081E+00    0.1380587936E+02
     8.62000000    0.3193335825E+00    0.1381226603E+02
     8.64000000    0.3210142847E+00    0.1381868631E+02
     8.66000000    0.3236023855E+00    0.1382515836E+02
     8.68000000    0.3281161474E+00    0.1383172068E+02
     8.70000000    0.3365404668E+00    0.1383845149E+02
     8.72000000    0.3523115288E+00    0.1384549772E+02
     8.74000000    0.3806176101E+00    0.1385311008E+02
     8.76000000    0.4280944033E+00    0.1386167196E+02
     8.78000000    0.5014902484E+00    0.1387170177E+02
     8.80000000    0.6052293589E+00    0.1388380636E+02
     8.82000000    0.7385052970E+00    0.1389857646E+02
     8.84000000    0.8932315925E+00    0.1391644109E+02
     8.86000000    0.1054263066E+01    0.1393752636E+02
     8.88000000    0.1202417422E+01    0.1396157470E+02
     8.90000000    0.1319324699E+01    0.1398796120E+02
     8.92000000    0.1392012714E+01    0.1401580145E+02
     8.94000000    0.1415290105E+01    0.1404410725E+02
     8.96000000    0.1391361328E+01    0.1407193448E+02
     8.98000000    0.1327655763E+01    0.1409848760E+02
     9.00000000    0.1234436060E+01    0.1412317632E+02
     9.02000000    0.1123130719E+01    0.1414563893E+02
     9.04000000    0.1005293123E+01    0.1416574479E+02
     9.06000000    0.8915942417E+00    0.1418357668E+02
     9.08000000    0.7905813761E+00    0.1419938831E+02
     9.10000000    0.7075584322E+00    0.1421353947E+02
     9.12000000    0.6441926066E+00    0.1422642333E+02
     9.14000000    0.5991421743E+00    0.1423840617E+02
     9.16000000    0.5694731212E+00    0.1424979563E+02
     9.18000000    0.5523229201E+00    0.1426084209E+02
     9.20000000    0.5463082691E+00    0.1427176826E+02
     9.22000000    0.5523707566E+00    0.1428281567E+02
     9.24000000    0.5738718626E+00    0.1429429311E+02
     9.26000000    0.6157536099E+00    0.1430660818E+02
     9.28000000    0.6826721625E+00    0.1432026162E+02
     9.30000000    0.7764071351E+00    0.1433578977E+02
     9.32000000    0.8934957186E+00    0.1435365968E+02
     9.34000000    0.1024492230E+01    0.1437414953E+02
     9.36000000    0.1155924567E+01    0.1439726802E+02
     9.38000000    0.1274725043E+01    0.1442276252E+02
     9.40000000    0.1373259777E+01    0.1445022771E+02
     9.42000000    0.1452222313E+01    0.1447927216E+02
     9.44000000    0.1519450489E+01    0.1450966117E+02
     9.46000000    0.1584938059E+01    0.1454135993E+02
     9.48000000    0.1654617721E+01    0.1457445229E+02
     9.50000000    0.1726352664E+01    0.1460897934E+02
     9.52000000    0.1790351596E+01    0.1464478637E+02
     9.54000000    0.1833666037E+01    0.1468145969E+02
     9.56000000    0.1846170401E+01    0.1471838310E+02
     9.58000000    0.1824849739E+01    0.1475488009E+02
     9.60000000    0.1774526524E+01    0.1479037062E+02
     9.62000000    0.1705310111E+01    0.1482447683E+02
     9.64000000    0.1628621913E+01    0.1485704927E+02
     9.66000000    0.1553847573E+01    0.1488812622E+02
     9.68000000    0.1486745881E+01    0.1491786113E+02
     9.70000000    0.1429565311E+01    0.1494645244E+02
     9.72000000    0.1382111455E+01    0.1497409467E+02
     9.74000000    0.1342952704E+01    0.1500095372E+02
     9.76000000    0.1310285952E+01    0.1502715944E+02
     9.78000000    0.1282356753E+01    0.1505280658E+02
     9.80000000    0.1257544327E+01    0.1507795746E+02
     9.82000000    0.1234270462E+01    0.1510264287E+02
     9.84000000    0.1210851734E+01    0.1512685991E+02
     9.86000000    0.1185365966E+01    0.1515056723E+02
     9.88000000    0.1155589516E+01    0.1517367902E+02
     9.90000000    0.1119081995E+01    0.1519606066E+02
     9.92000000    0.1073508758E+01    0.1521753083E+02
     9.94000000    0.1017237591E+01    0.1523787558E+02
     9.96000000    0.9500950281E+00    0.1525687749E+02
     9.98000000    0.8739804861E+00    0.1527435710E+02
    10.00000000    0.7929576959E+00    0.1529021625E+02
    10.02000000    0.7125966497E+00    0.1530446818E+02
    10.04000000    0.6386946679E+00    0.1531724208E+02
    10.06000000    0.5758539162E+00    0.1532875915E+02
    10.08000000    0.5264927270E+00    0.1533928901E+02
    10.10000000    0.4906421324E+00    0.1534910185E+02
    10.12000000    0.4664814317E+00    0.1535843148E+02
    10.14000000    0.4512545653E+00    0.1536745657E+02
    10.16000000    0.4421433995E+00    0.1537629944E+02
    10.18000000    0.4368267825E+00    0.1538503597E+02
    10.20000000    0.4336762396E+00    0.1539370950E+02
    10.22000000    0.4316935501E+00    0.1540234337E+02
    10.24000000    0.4303367114E+00    0.1541095010E+02
    10.26000000    0.4293430449E+00    0.1541953697E+02
    10.28000000    0.4285987090E+00    0.1542810894E+02
    10.30000000    0.4280601242E+00    0.1543667014E+02
    10.32000000    0.4277136090E+00    0.1544522441E+02
    10.34000000    0.4275573048E+00    0.1545377556E+02
    10.36000000    0.4275940345E+00    0.1546232744E+02
    10.38000000    0.4278288009E+00    0.1547088402E+02
    10.40000000    0.4282680140E+00    0.1547944938E+02
    10.42000000    0.4289192949E+00    0.1548802776E+02
    10.44000000    0.4297914593E+00    0.1549662359E+02
    10.46000000    0.4308945609E+00    0.1550524148E+02
    10.48000000    0.4322399604E+00    0.1551388628E+02
    10.50000000    0.4338404086E+00    0.1552256309E+02
    10.52000000    0.4357101339E+00    0.1553127729E+02
    10.54000000    0.4378649314E+00    0.1554003459E+02
    10.56000000    0.4403222587E+00    0.1554884104E+02
    10.58000000    0.4431013456E+00    0.1555770306E+02
    10.60000000    0.4462233270E+00    0.1556662753E+02
    10.62000000    0.4497114017E+00    0.1557562176E+02
    10.64000000    0.4535910270E+00    0.1558469358E+02
    10.66000000    0.4578901694E+00    0.1559385138E+02
    10.68000000    0.4626396571E+00    0.1560310418E+02
    10.70000000    0.4678736958E+00    0.1561246165E+02
    10.72000000    0.4736306180E+00    0.1562193426E+02
    10.74000000    0.4799539403E+00    0.1563153334E+02
    10.76000000    0.4868938257E+00    0.1564127122E+02
    10.78000000    0.4945091182E+00    0.1565116140E+02
    10.80000000    0.5028702592E+00    0.1566121881E+02
    10.82000000    0.5120636296E+00    0.1567146008E+02
    10.84000000    0.5221982368E+00    0.1568190404E+02
    10.86000000    0.5334162494E+00    0.1569257237E+02
    10.88000000    0.5459096124E+00    0.1570349056E+02
    10.90000000    0.5599452925E+00    0.1571468947E+02
    10.92000000    0.5758997600E+00    0.1572620746E+02
    10.94000000    0.5942954269E+00    0.1573809337E+02
    10.96000000    0.6158135380E+00    0.1575040964E+02
    10.98000000    0.6412297916E+00    0.1576323424E+02
    11.00000000    0.6711955587E+00    0.1577665815E+02
    11.02000000    0.7058047557E+00    0.1579077424E+02
    11.04000000    0.7439865083E+00    0.1580565397E+02
    11.06000000    0.7829481721E+00    0.1582131294E+02
    11.08000000    0.8180660704E+00    0.1583767426E+02
    11.10000000    0.8435960218E+00    0.1585454618E+02
    11.12000000    0.8542101952E+00    0.1587163038E+02
    11.14000000    0.8467688909E+00    0.1588856576E+02
    11.16000000    0.8213270774E+00    0.1590499230E+02
    11.18000000    0.7806232072E+00    0.1592060477E+02
    11.20000000    0.7282373239E+00    0.1593516951E+02
    11.22000000    0.6666176203E+00    0.1594850186E+02
    11.24000000    0.5963915208E+00    0.1596042969E+02
    11.26000000    0.5174772665E+00    0.1597077924E+02
    11.28000000    0.4311343388E+00    0.1597940193E+02
    11.30000000    0.3413533704E+00    0.1598622899E+02
    11.32000000    0.2544894417E+00    0.1599131878E+02
    11.34000000    0.1773354582E+00    0.1599486549E+02
    11.36000000    0.1148583542E+00    0.1599716266E+02
    11.38000000    0.6886879876E-01    0.1599854003E+02
    11.40000000    0.3811882466E-01    0.1599930241E+02
    11.42000000    0.1943781826E-01    0.1599969117E+02
    11.44000000    0.9118825154E-02    0.1599987354E+02
    11.46000000    0.3931728715E-02    0.1599995218E+02
    11.48000000    0.1556943158E-02    0.1599998332E+02
    11.50000000    0.5659536037E-03    0.1599999464E+02
    11.52000000    0.1887727358E-03    0.1599999841E+02
    11.54000000    0.5775897028E-04    0.1599999957E+02
    11.56000000    0.1620768101E-04    0.1599999989E+02
    11.58000000    0.4170262276E-05    0.1599999998E+02
    11.60000000    0.9837427046E-06    0.1599999999E+02
    11.62000000    0.2127262291E-06    0.1600000000E+02
    11.64000000    0.4216344244E-07    0.1600000000E+02
    11.66000000    0.7659268457E-08    0.1600000000E+02
    11.68000000    0.1275089419E-08    0.1600000000E+02
    11.70000000    0.1945208769E-09    0.1600000000E+02
    11.72000000    0.2719177565E-10    0.1600000000E+02
    11.74000000    0.3482820553E-11    0.1600000000E+02
    11.76000000    0.4087197547E-12    0.1600000000E+02
    11.78000000    0.4394424776E-13    0.1600000000E+02
    11.80000000    0.4328555207E-14    0.1600000000E+02
    11.82000000    0.3906003178E-15    0.1600000000E+02
    11.84000000    0.3228913869E-16    0.1600000000E+02
    11.86000000    0.2445126233E-17    0.1600000000E+02
    11.88000000    0.1696113225E-18    0.1600000000E+02
    11.90000000    0.1077719751E-19    0.1600000000E+02
    11.92000000    0.6272545891E-21    0.1600000000E+02
    11.94000000    0.3343945377E-22    0.1600000000E+02
    11.96000000    0.1632836980E-23    0.1600000000E+02
    11.98000000    0.7302749993E-25    0.1600000000E+02
    12.00000000    0.2991452997E-26    0.1600000000E+02
    12.02000000    0.1122335730E-27    0.1600000000E+02
    12.04000000    0.3856571901E-29    0.1600000000E+02
    12.06000000    0.1213701058E-30    0.1600000000E+02
    12.08000000    0.3498224669E-32    0.1600000000E+02
    12.10000000    0.9234294421E-34    0.1600000000E+02
    12.12000000    0.2232412825E-35    0.1600000000E+02
    12.14000000    0.4942595920E-37    0.1600000000E+02
    12.16000000    0.1002168697E-38    0.1600000000E+02
    12.18000000    0.1860918192E-40    0.1600000000E+02
    12.20000000    0.3164537831E-42    0.1600000000E+02
    12.22000000    0.4928172906E-44    0.1600000000E+02
    12.24000000    0.7028303452E-46    0.1600000000E+02
    12.26000000    0.9179108067E-48    0.1600000000E+02
    12.28000000    0.1097823565E-49    0.1600000000E+02
    12.30000000    0.1202385007E-51    0.1600000000E+02
    12.32000000    0.1205953347E-53    0.1600000000E+02
    12.34000000    0.1107619466E-55    0.1600000000E+02
    12.36000000    0.9315819818E-58    0.1600000000E+02
    12.38000000    0.7174959447E-60    0.1600000000E+02
    12.40000000    0.5060381520E-62    0.1600000000E+02
    12.42000000    0.3268211828E-64    0.1600000000E+02
    12.44000000    0.1932849580E-66    0.1600000000E+02
    12.46000000    0.1046754272E-68    0.1600000000E+02
    12.48000000    0.5190966796E-71    0.1600000000E+02
    12.50000000    0.2357255594E-73    0.1600000000E+02
    12.52000000    0.9802078880E-76    0.1600000000E+02
    12.54000000    0.3732340135E-78    0.1600000000E+02
    12.56000000    0.1301479182E-80    0.1600000000E+02
    12.58000000    0.4285556153E-83    0.1600000000E+02
    12.60000000    0.1429777206E-84    0.1600000000E+02
    12.62000000    0.1311686215E-84    0.1600000000E+02
    12.64000000    0.1311686215E-84    0.1600000000E+02
    12.66000000    0.1311686215E-84    0.1600000000E+02
    12.68000000    0.1311686215E-84    0.1600000000E+02
    12.70000000    0.1311686215E-84    0.1600000000E+02
    12.72000000    0.1311686215E-84    0.1600000000E+02
    12.74000000    0.1311686215E-84    0.1600000000E+02
    12.76000000    0.1311686215E-84    0.1600000000E+02
    12.78000000    0.1311686215E-84    0.1600000000E+02
    12.80000000    0.1311686215E-84    0.1600000000E+02
    12.82000000    0.1311686215E-84    0.1600000000E+02
    12.84000000    0.1311686215E-84    0.1600000000E+02
    12.86000000    0.1311686215E-84    0.1600000000E+02
    12.88000000    0.1311686215E-84    0.1600000000E+02
    12.90000000    0.1311686215E-84    0.1600000000E+02
    12.92000000    0.1311686215E-84    0.1600000000E+02
    12.94000000    0.1311686215E-84    0.1600000000E+02
    12.96000000    0.1311686215E-84    0.1600000000E+02
    12.98000000    0.1311686215E-84    0.1600000000E+02
    13.00000000    0.1311686215E-84    0.1600000000E+02
    13.02000000    0.1311686215E-84    0.1600000000E+02
    13.04000000    0.1311686215E-84    0.1600000000E+02
    13.06000000    0.1311686215E-84    0.1600000000E+02
    13.08000000    0.1311686215E-84    0.1600000000E+02
    13.10000000    0.1311686215E-84    0.1600000000E+02
    13.12000000    0.1311686215E-84    0.1600000000E+02
    13.14000000    0.1311686215E-84    0.1600000000E+02
    13.16000000    0.1311686215E-84    0.1600000000E+02
    13.18000000    0.1311686215E-84    0.1600000000E+02
    13.20000000    0.1311686215E-84    0.1600000000E+02
    13.22000000    0.1311686215E-84    0.1600000000E+02
    13.24000000    0.1311686215E-84    0.1600000000E+02
    13.26000000    0.1311686215E-84    0.1600000000E+02
    13.28000000    0.1311686215E-84    0.1600000000E+02
    13.30000000    0.1311686215E-84    0.1600000000E+02
    13.32000000    0.1311686215E-84    0.1600000000E+02
    13.34000000    0.1311686215E-84    0.1600000000E+02
    13.36000000    0.1311686215E-84    0.1600000000E+02
    13.38000000    0.1311686215E-84    0.1600000000E+02
    13.40000000    0.1311686215E-84    0.1600000000E+02
    13.42000000    0.1311686215E-84    0.1600000000E+02
    13.44000000    0.1311686215E-84    0.1600000000E+02
    13.46000000    0.1311686215E-84    0.1600000000E+02
    13.48000000    0.1311686215E-84    0.1600000000E+02
    13.50000000    0.1311686215E-84    0.1600000000E+02
    13.52000000    0.1311686215E-84    0.1600000000E+02
    13.54000000    0.1311686215E-84    0.1600000000E+02
    13.56000000    0.1311686215E-84    0.1600000000E+02
    13.58000000    0.1311686215E-84    0.1600000000E+02
    13.60000000    0.1311686215E-84    0.1600000000E+02
    13.62000000    0.1311686215E-84    0.1600000000E+02
    13.64000000    0.1311686215E-84    0.1600000000E+02
    13.66000000    0.1311686215E-84    0.1600000000E+02
    13.68000000    0.1311686215E-84    0.1600000000E+02
    13.70000000    0.1311686215E-84    0.1600000000E+02
    13.72000000    0.1311686215E-84    0.1600000000E+02
    13.74000000    0.1311686215E-84    0.1600000000E+02
    13.76000000    0.1311686215E-84    0.1600000000E+02
    13.78000000    0.1311686215E-84    0.1600000000E+02
    13.80000000    0.1311686215E-84    0.1600000000E+02
    13.82000000    0.1311686215E-84    0.1600000000E+02
    13.84000000    0.1311686215E-84    0.1600000000E+02
    13.86000000    0.1311686215E-84    0.1600000000E+02
    13.88000000    0.1311686215E-84    0.1600000000E+02
    13.90000000    0.1311686215E-84    0.1600000000E+02
    13.92000000    0.1311686215E-84    0.1600000000E+02
    13.94000000    0.1311686215E-84    0.1600000000E+02
    13.96000000    0.1311686215E-84    0.1600000000E+02
    13.98000000    0.1311686215E-84    0.1600000000E+02
    14.00000000    0.1311686215E-84    0.1600000000E+02
    14.02000000    0.1311686215E-84    0.1600000000E+02
    14.04000000    0.1311686215E-84    0.1600000000E+02
    14.06000000    0.1311686215E-84    0.1600000000E+02
    14.08000000    0.1311686215E-84    0.1600000000E+02
    14.10000000    0.1311686215E-84    0.1600000000E+02
    14.12000000    0.1311686215E-84    0.1600000000E+02
    14.14000000    0.1311686215E-84    0.1600000000E+02
    14.16000000    0.1311686215E-84    0.1600000000E+02
    14.18000000    0.1311686215E-84    0.1600000000E+02
    14.20000000    0.1311686215E-84    0.1600000000E+02
    14.22000000    0.1311686215E-84    0.1600000000E+02
    14.24000000    0.1311686215E-84    0.1600000000E+02
    14.26000000    0.1311686215E-84    0.1600000000E+02
    14.28000000    0.1311686215E-84    0.1600000000E+02
    14.30000000    0.1311686215E-84    0.1600000000E+02
    14.32000000    0.1311686215E-84    0.1600000000E+02
    14.34000000    0.1311686215E-84    0.1600000000E+02
    14.36000000    0.1311686215E-84    0.1600000000E+02
    14.38000000    0.1311686215E-84    0.1600000000E+02
    14.40000000    0.1311686215E-84    0.1600000000E+02
    14.42000000    0.1311686215E-84    0.1600000000E+02
    14.44000000    0.1311686215E-84    0.1600000000E+02
    14.46000000    0.1311686215E-84    0.1600000000E+02
    14.48000000    0.1311686215E-84    0.1600000000E+02
    14.50000000    0.1311686215E-84    0.1600000000E+02
    14.52000000    0.1311686215E-84    0.1600000000E+02
    14.54000000    0.1311686215E-84    0.1600000000E+02
    14.56000000    0.1311686215E-84    0.1600000000E+02
    14.58000000    0.1311686215E-84    0.1600000000E+02
    14.60000000    0.1311686215E-84    0.1600000000E+02
    14.62000000    0.1311686215E-84    0.1600000000E+02
    14.64000000    0.1311686215E-84    0.1600000000E+02
    14.66000000    0.1311686215E-84    0.1600000000E+02
    14.68000000    0.1311686215E-84    0.1600000000E+02
    14.70000000    0.1311686215E-84    0.1600000000E+02
    14.72000000    0.1311686215E-84    0.1600000000E+02
    14.74000000    0.1311686215E-84    0.1600000000E+02
    14.76000000    0.1311686215E-84    0.1600000000E+02
    14.78000000    0.1311686215E-84    0.1600000000E+02
    14.80000000    0.1311686215E-84    0.1600000000E+02
    14.82000000    0.1311686215E-84    0.1600000000E+02
    14.84000000    0.1311686215E-84    0.1600000000E+02
    14.86000000    0.1311686215E-84    0.1600000000E+02
    14.88000000    0.1311686215E-84    0.1600000000E+02
    14.90000000    0.1311686215E-84    0.1600000000E+02
    14.92000000    0.1311686215E-84    0.1600000000E+02
    14.94000000    0.1311686215E-84    0.1600000000E+02
    14.96000000    0.1311686215E-84    0.1600000000E+02
    14.98000000    0.1311686215E-84    0.1600000000E+02
    15.00000000    0.1311686215E-84    0.1600000000E+02
