
     Program BANDS v.7.4.1 starts on  5Jan2026 at 21:36:37 

     This program is part of the open-source Quantum ESPRESSO suite
     for quantum simulation of materials; please cite
         "P. Giannozzi et al., J. Phys.:Condens. Matter 21 395502 (2009);
         "P. Giannozzi et al., J. Phys.:Condens. Matter 29 465901 (2017);
         "P. Giannozzi et al., J. Chem. Phys. 152 154105 (2020);
          URL http://www.quantum-espresso.org", 
     in publications or presentations arising from this work. More details at
     http://www.quantum-espresso.org/quote

     Parallel version (MPI), running on    20 processors

     MPI processes distributed on     1 nodes
     R & G space division:  proc/nbgrp/npool/nimage =      20
     4386 MiB available memory on the printing compute node when the environment starts
 

     Reading xml data from directory:

     ../tmp/ZGNR.save/
     file C.pbe-n-kjpaw_psl.1.0.0.UPF: wavefunction(s)  2S 2P renormalized
     file H.pbe-kjpaw_psl.1.0.0.UPF: wavefunction(s)  1S renormalized

     IMPORTANT: XC functional enforced from input :
     Exchange-correlation= PBE
                           (   1   4   3   4   0   0   0)
     Any further DFT definition will be discarded
     Please, verify this is what you really want

 
     Parallelization info
     --------------------
     sticks:   dense  smooth     PW     G-vecs:    dense   smooth      PW
     Min         970     389    112               309751    78409   12350
     Max         972     390    113               309757    78417   12363
     Sum       19405    7789   2255              6195059  1568223  247137
 
     Using Slab Decomposition
 

     negative rho (up, down):  7.598E-04 0.000E+00
     Reading collected, re-writing distributed wavefunctions
     high-symmetry point:  0.0000 0.0000 0.0000   x coordinate   0.0000
     high-symmetry point:  0.0000 0.0000 0.5000   x coordinate   0.5000
     high-symmetry point:  0.0000 0.0000 0.0000   x coordinate   1.0000

     Plottable bands (eV) written to file ZGNR_bands.dat.gnu
     Bands written to file ZGNR_bands.dat

 **************************************************************************

                    xk=(   0.00000,   0.00000,   0.00000  )

     point group C_1 (1)    
     there are  1 classes
     the character table:

       E    
A      1.00

     the symmetry operations in each class and the name of the first element:

     E        1
                                                                 

     Band symmetry, C_1 (1)     point group:

     e(  1 -  1) =    -22.81197  eV     1   --> A              
     e(  2 -  2) =    -21.89223  eV     1   --> A              
     e(  3 -  3) =    -20.49155  eV     1   --> A              
     e(  4 -  4) =    -18.79375  eV     1   --> A              
     e(  5 -  5) =    -15.87999  eV     1   --> A              
     e(  6 -  6) =    -13.57055  eV     1   --> A              
     e(  7 -  7) =    -11.08346  eV     1   --> A              
     e(  8 -  8) =    -10.87916  eV     1   --> A              
     e(  9 -  9) =     -9.86721  eV     1   --> A              
     e( 10 - 10) =     -9.78347  eV     1   --> A              
     e( 11 - 11) =     -8.95299  eV     1   --> A              
     e( 12 - 12) =     -8.86529  eV     1   --> A              
     e( 13 - 13) =     -8.38594  eV     1   --> A              
     e( 14 - 14) =     -7.86945  eV     1   --> A              
     e( 15 - 15) =     -7.31283  eV     1   --> A              
     e( 16 - 16) =     -7.00539  eV     1   --> A              
     e( 17 - 17) =     -6.78040  eV     1   --> A              
     e( 18 - 18) =     -1.22311  eV     1   --> A              
     e( 19 - 19) =     -0.37818  eV     1   --> A              
     e( 20 - 20) =     -0.29773  eV     1   --> A              
     e( 21 - 21) =     -0.01391  eV     1   --> A              

 **************************************************************************

 **************************************************************************

                    xk=(   0.00000,   0.00000,   0.00250  )

     Band symmetry, C_1 (1)     point group:

     e(  1 -  1) =    -22.81186  eV     1   --> A              
     e(  2 -  2) =    -21.89212  eV     1   --> A              
     e(  3 -  3) =    -20.49145  eV     1   --> A              
     e(  4 -  4) =    -18.79365  eV     1   --> A              
     e(  5 -  5) =    -15.87990  eV     1   --> A              
     e(  6 -  6) =    -13.57048  eV     1   --> A              
     e(  7 -  7) =    -11.08343  eV     1   --> A              
     e(  8 -  8) =    -10.87902  eV     1   --> A              
     e(  9 -  9) =     -9.86709  eV     1   --> A              
     e( 10 - 10) =     -9.78396  eV     1   --> A              
     e( 11 - 11) =     -8.95384  eV     1   --> A              
     e( 12 - 12) =     -8.86497  eV     1   --> A              
     e( 13 - 13) =     -8.38581  eV     1   --> A              
     e( 14 - 14) =     -7.86999  eV     1   --> A              
     e( 15 - 15) =     -7.31291  eV     1   --> A              
     e( 16 - 16) =     -7.00585  eV     1   --> A              
     e( 17 - 17) =     -6.78026  eV     1   --> A              
     e( 18 - 18) =     -1.22312  eV     1   --> A              
     e( 19 - 19) =     -0.37805  eV     1   --> A              
     e( 20 - 20) =     -0.29759  eV     1   --> A              
     e( 21 - 21) =     -0.01377  eV     1   --> A              

 **************************************************************************

 **************************************************************************

                    xk=(   0.00000,   0.00000,   0.00500  )

     Band symmetry, C_1 (1)     point group:

     e(  1 -  1) =    -22.81153  eV     1   --> A              
     e(  2 -  2) =    -21.89179  eV     1   --> A              
     e(  3 -  3) =    -20.49113  eV     1   --> A              
     e(  4 -  4) =    -18.79334  eV     1   --> A              
     e(  5 -  5) =    -15.87963  eV     1   --> A              
     e(  6 -  6) =    -13.57027  eV     1   --> A              
     e(  7 -  7) =    -11.08335  eV     1   --> A              
     e(  8 -  8) =    -10.87863  eV     1   --> A              
     e(  9 -  9) =     -9.86670  eV     1   --> A              
     e( 10 - 10) =     -9.78543  eV     1   --> A              
     e( 11 - 11) =     -8.95633  eV     1   --> A              
     e( 12 - 12) =     -8.86404  eV     1   --> A              
     e( 13 - 13) =     -8.38543  eV     1   --> A              
     e( 14 - 14) =     -7.87161  eV     1   --> A              
     e( 15 - 15) =     -7.31316  eV     1   --> A              
     e( 16 - 16) =     -7.00723  eV     1   --> A              
     e( 17 - 17) =     -6.77987  eV     1   --> A              
     e( 18 - 18) =     -1.22317  eV     1   --> A              
     e( 19 - 19) =     -0.37763  eV     1   --> A              
     e( 20 - 20) =     -0.29718  eV     1   --> A              
     e( 21 - 21) =     -0.01335  eV     1   --> A              

 **************************************************************************

 **************************************************************************

                    xk=(   0.00000,   0.00000,   0.00750  )

     Band symmetry, C_1 (1)     point group:

     e(  1 -  1) =    -22.81098  eV     1   --> A              
     e(  2 -  2) =    -21.89125  eV     1   --> A              
     e(  3 -  3) =    -20.49060  eV     1   --> A              
     e(  4 -  4) =    -18.79284  eV     1   --> A              
     e(  5 -  5) =    -15.87918  eV     1   --> A              
     e(  6 -  6) =    -13.56992  eV     1   --> A              
     e(  7 -  7) =    -11.08322  eV     1   --> A              
     e(  8 -  8) =    -10.87798  eV     1   --> A              
     e(  9 -  9) =     -9.86605  eV     1   --> A              
     e( 10 - 10) =     -9.78787  eV     1   --> A              
     e( 11 - 11) =     -8.96036  eV     1   --> A              
     e( 12 - 12) =     -8.86259  eV     1   --> A              
     e( 13 - 13) =     -8.38479  eV     1   --> A              
     e( 14 - 14) =     -7.87430  eV     1   --> A              
     e( 15 - 15) =     -7.31358  eV     1   --> A              
     e( 16 - 16) =     -7.00953  eV     1   --> A              
     e( 17 - 17) =     -6.77922  eV     1   --> A              
     e( 18 - 18) =     -1.22325  eV     1   --> A              
     e( 19 - 19) =     -0.37694  eV     1   --> A              
     e( 20 - 20) =     -0.29650  eV     1   --> A              
     e( 21 - 21) =     -0.01266  eV     1   --> A              

 **************************************************************************

 **************************************************************************

                    xk=(   0.00000,   0.00000,   0.01000  )

     Band symmetry, C_1 (1)     point group:

     e(  1 -  1) =    -22.81021  eV     1   --> A              
     e(  2 -  2) =    -21.89049  eV     1   --> A              
     e(  3 -  3) =    -20.48986  eV     1   --> A              
     e(  4 -  4) =    -18.79214  eV     1   --> A              
     e(  5 -  5) =    -15.87856  eV     1   --> A              
     e(  6 -  6) =    -13.56943  eV     1   --> A              
     e(  7 -  7) =    -11.08304  eV     1   --> A              
     e(  8 -  8) =    -10.87706  eV     1   --> A              
     e(  9 -  9) =     -9.86515  eV     1   --> A              
     e( 10 - 10) =     -9.79128  eV     1   --> A              
     e( 11 - 11) =     -8.96581  eV     1   --> A              
     e( 12 - 12) =     -8.86077  eV     1   --> A              
     e( 13 - 13) =     -8.38389  eV     1   --> A              
     e( 14 - 14) =     -7.87806  eV     1   --> A              
     e( 15 - 15) =     -7.31417  eV     1   --> A              
     e( 16 - 16) =     -7.01275  eV     1   --> A              
     e( 17 - 17) =     -6.77830  eV     1   --> A              
     e( 18 - 18) =     -1.22336  eV     1   --> A              
     e( 19 - 19) =     -0.37596  eV     1   --> A              
     e( 20 - 20) =     -0.29554  eV     1   --> A              
     e( 21 - 21) =     -0.01168  eV     1   --> A              

 **************************************************************************

 **************************************************************************

                    xk=(   0.00000,   0.00000,   0.01250  )

     Band symmetry, C_1 (1)     point group:

     e(  1 -  1) =    -22.80923  eV     1   --> A              
     e(  2 -  2) =    -21.88952  eV     1   --> A              
     e(  3 -  3) =    -20.48890  eV     1   --> A              
     e(  4 -  4) =    -18.79123  eV     1   --> A              
     e(  5 -  5) =    -15.87776  eV     1   --> A              
     e(  6 -  6) =    -13.56880  eV     1   --> A              
     e(  7 -  7) =    -11.08280  eV     1   --> A              
     e(  8 -  8) =    -10.87589  eV     1   --> A              
     e(  9 -  9) =     -9.86399  eV     1   --> A              
     e( 10 - 10) =     -9.79567  eV     1   --> A              
     e( 11 - 11) =     -8.97255  eV     1   --> A              
     e( 12 - 12) =     -8.85871  eV     1   --> A              
     e( 13 - 13) =     -8.38273  eV     1   --> A              
     e( 14 - 14) =     -7.88289  eV     1   --> A              
     e( 15 - 15) =     -7.31493  eV     1   --> A              
     e( 16 - 16) =     -7.01688  eV     1   --> A              
     e( 17 - 17) =     -6.77712  eV     1   --> A              
     e( 18 - 18) =     -1.22350  eV     1   --> A              
     e( 19 - 19) =     -0.37472  eV     1   --> A              
     e( 20 - 20) =     -0.29431  eV     1   --> A              
     e( 21 - 21) =     -0.01043  eV     1   --> A              

 **************************************************************************

 **************************************************************************

                    xk=(   0.00000,   0.00000,   0.01500  )

     Band symmetry, C_1 (1)     point group:

     e(  1 -  1) =    -22.80802  eV     1   --> A              
     e(  2 -  2) =    -21.88832  eV     1   --> A              
     e(  3 -  3) =    -20.48774  eV     1   --> A              
     e(  4 -  4) =    -18.79013  eV     1   --> A              
     e(  5 -  5) =    -15.87678  eV     1   --> A              
     e(  6 -  6) =    -13.56803  eV     1   --> A              
     e(  7 -  7) =    -11.08251  eV     1   --> A              
     e(  8 -  8) =    -10.87445  eV     1   --> A              
     e(  9 -  9) =     -9.86257  eV     1   --> A              
     e( 10 - 10) =     -9.80102  eV     1   --> A              
     e( 11 - 11) =     -8.98043  eV     1   --> A              
     e( 12 - 12) =     -8.85651  eV     1   --> A              
     e( 13 - 13) =     -8.38133  eV     1   --> A              
     e( 14 - 14) =     -7.88876  eV     1   --> A              
     e( 15 - 15) =     -7.31588  eV     1   --> A              
     e( 16 - 16) =     -7.02192  eV     1   --> A              
     e( 17 - 17) =     -6.77568  eV     1   --> A              
     e( 18 - 18) =     -1.22367  eV     1   --> A              
     e( 19 - 19) =     -0.37319  eV     1   --> A              
     e( 20 - 20) =     -0.29281  eV     1   --> A              
     e( 21 - 21) =     -0.00890  eV     1   --> A              

 **************************************************************************

 **************************************************************************

                    xk=(   0.00000,   0.00000,   0.01750  )

     Band symmetry, C_1 (1)     point group:

     e(  1 -  1) =    -22.80659  eV     1   --> A              
     e(  2 -  2) =    -21.88691  eV     1   --> A              
     e(  3 -  3) =    -20.48636  eV     1   --> A              
     e(  4 -  4) =    -18.78882  eV     1   --> A              
     e(  5 -  5) =    -15.87562  eV     1   --> A              
     e(  6 -  6) =    -13.56712  eV     1   --> A              
     e(  7 -  7) =    -11.08218  eV     1   --> A              
     e(  8 -  8) =    -10.87275  eV     1   --> A              
     e(  9 -  9) =     -9.86089  eV     1   --> A              
     e( 10 - 10) =     -9.80733  eV     1   --> A              
     e( 11 - 11) =     -8.98938  eV     1   --> A              
     e( 12 - 12) =     -8.85429  eV     1   --> A              
     e( 13 - 13) =     -8.37966  eV     1   --> A              
     e( 14 - 14) =     -7.89569  eV     1   --> A              
     e( 15 - 15) =     -7.31701  eV     1   --> A              
     e( 16 - 16) =     -7.02787  eV     1   --> A              
     e( 17 - 17) =     -6.77398  eV     1   --> A              
     e( 18 - 18) =     -1.22388  eV     1   --> A              
     e( 19 - 19) =     -0.37139  eV     1   --> A              
     e( 20 - 20) =     -0.29103  eV     1   --> A              
     e( 21 - 21) =     -0.00710  eV     1   --> A              

 **************************************************************************

 **************************************************************************

                    xk=(   0.00000,   0.00000,   0.02000  )

     Band symmetry, C_1 (1)     point group:

     e(  1 -  1) =    -22.80495  eV     1   --> A              
     e(  2 -  2) =    -21.88529  eV     1   --> A              
     e(  3 -  3) =    -20.48477  eV     1   --> A              
     e(  4 -  4) =    -18.78731  eV     1   --> A              
     e(  5 -  5) =    -15.87429  eV     1   --> A              
     e(  6 -  6) =    -13.56607  eV     1   --> A              
     e(  7 -  7) =    -11.08179  eV     1   --> A              
     e(  8 -  8) =    -10.87078  eV     1   --> A              
     e(  9 -  9) =     -9.85895  eV     1   --> A              
     e( 10 - 10) =     -9.81461  eV     1   --> A              
     e( 11 - 11) =     -8.99932  eV     1   --> A              
     e( 12 - 12) =     -8.85210  eV     1   --> A              
     e( 13 - 13) =     -8.37774  eV     1   --> A              
     e( 14 - 14) =     -7.90365  eV     1   --> A              
     e( 15 - 15) =     -7.31833  eV     1   --> A              
     e( 16 - 16) =     -7.03472  eV     1   --> A              
     e( 17 - 17) =     -6.77201  eV     1   --> A              
     e( 18 - 18) =     -1.22413  eV     1   --> A              
     e( 19 - 19) =     -0.36931  eV     1   --> A              
     e( 20 - 20) =     -0.28899  eV     1   --> A              
     e( 21 - 21) =     -0.00501  eV     1   --> A              

 **************************************************************************

 **************************************************************************

                    xk=(   0.00000,   0.00000,   0.02250  )

     Band symmetry, C_1 (1)     point group:

     e(  1 -  1) =    -22.80309  eV     1   --> A              
     e(  2 -  2) =    -21.88344  eV     1   --> A              
     e(  3 -  3) =    -20.48297  eV     1   --> A              
     e(  4 -  4) =    -18.78560  eV     1   --> A              
     e(  5 -  5) =    -15.87278  eV     1   --> A              
     e(  6 -  6) =    -13.56488  eV     1   --> A              
     e(  7 -  7) =    -11.08136  eV     1   --> A              
     e(  8 -  8) =    -10.86856  eV     1   --> A              
     e(  9 -  9) =     -9.85675  eV     1   --> A              
     e( 10 - 10) =     -9.82283  eV     1   --> A              
     e( 11 - 11) =     -9.01018  eV     1   --> A              
     e( 12 - 12) =     -8.85000  eV     1   --> A              
     e( 13 - 13) =     -8.37556  eV     1   --> A              
     e( 14 - 14) =     -7.91263  eV     1   --> A              
     e( 15 - 15) =     -7.31985  eV     1   --> A              
     e( 16 - 16) =     -7.04247  eV     1   --> A              
     e( 17 - 17) =     -6.76978  eV     1   --> A              
     e( 18 - 18) =     -1.22440  eV     1   --> A              
     e( 19 - 19) =     -0.36695  eV     1   --> A              
     e( 20 - 20) =     -0.28667  eV     1   --> A              
     e( 21 - 21) =     -0.00265  eV     1   --> A              

 **************************************************************************

 **************************************************************************

                    xk=(   0.00000,   0.00000,   0.02500  )

     Band symmetry, C_1 (1)     point group:

     e(  1 -  1) =    -22.80100  eV     1   --> A              
     e(  2 -  2) =    -21.88138  eV     1   --> A              
     e(  3 -  3) =    -20.48096  eV     1   --> A              
     e(  4 -  4) =    -18.78369  eV     1   --> A              
     e(  5 -  5) =    -15.87109  eV     1   --> A              
     e(  6 -  6) =    -13.56355  eV     1   --> A              
     e(  7 -  7) =    -11.08088  eV     1   --> A              
     e(  8 -  8) =    -10.86608  eV     1   --> A              
     e(  9 -  9) =     -9.85430  eV     1   --> A              
     e( 10 - 10) =     -9.83200  eV     1   --> A              
     e( 11 - 11) =     -9.02194  eV     1   --> A              
     e( 12 - 12) =     -8.84802  eV     1   --> A              
     e( 13 - 13) =     -8.37313  eV     1   --> A              
     e( 14 - 14) =     -7.92263  eV     1   --> A              
     e( 15 - 15) =     -7.32157  eV     1   --> A              
     e( 16 - 16) =     -7.05112  eV     1   --> A              
     e( 17 - 17) =     -6.76729  eV     1   --> A              
     e( 18 - 18) =     -1.22472  eV     1   --> A              
     e( 19 - 19) =     -0.36432  eV     1   --> A              
     e( 20 - 20) =     -0.28407  eV     1   --> A              
     e( 21 - 21) =     -0.00001  eV     1   --> A              

 **************************************************************************

 **************************************************************************

                    xk=(   0.00000,   0.00000,   0.02750  )

     Band symmetry, C_1 (1)     point group:

     e(  1 -  1) =    -22.79870  eV     1   --> A              
     e(  2 -  2) =    -21.87910  eV     1   --> A              
     e(  3 -  3) =    -20.47874  eV     1   --> A              
     e(  4 -  4) =    -18.78158  eV     1   --> A              
     e(  5 -  5) =    -15.86922  eV     1   --> A              
     e(  6 -  6) =    -13.56209  eV     1   --> A              
     e(  7 -  7) =    -11.08035  eV     1   --> A              
     e(  8 -  8) =    -10.86333  eV     1   --> A              
     e(  9 -  9) =     -9.85159  eV     1   --> A              
     e( 10 - 10) =     -9.84211  eV     1   --> A              
     e( 11 - 11) =     -9.03456  eV     1   --> A              
     e( 12 - 12) =     -8.84619  eV     1   --> A              
     e( 13 - 13) =     -8.37044  eV     1   --> A              
     e( 14 - 14) =     -7.93362  eV     1   --> A              
     e( 15 - 15) =     -7.32352  eV     1   --> A              
     e( 16 - 16) =     -7.06065  eV     1   --> A              
     e( 17 - 17) =     -6.76454  eV     1   --> A              
     e( 18 - 18) =     -1.22507  eV     1   --> A              
     e( 19 - 19) =     -0.36141  eV     1   --> A              
     e( 20 - 20) =     -0.28121  eV     1   --> A              
     e( 21 - 21) =      0.00290  eV     1   --> A              

 **************************************************************************

 **************************************************************************

                    xk=(   0.00000,   0.00000,   0.03000  )

     Band symmetry, C_1 (1)     point group:

     e(  1 -  1) =    -22.79618  eV     1   --> A              
     e(  2 -  2) =    -21.87661  eV     1   --> A              
     e(  3 -  3) =    -20.47630  eV     1   --> A              
     e(  4 -  4) =    -18.77927  eV     1   --> A              
     e(  5 -  5) =    -15.86718  eV     1   --> A              
     e(  6 -  6) =    -13.56049  eV     1   --> A              
     e(  7 -  7) =    -11.07979  eV     1   --> A              
     e(  8 -  8) =    -10.86032  eV     1   --> A              
     e(  9 -  9) =     -9.85316  eV     1   --> A              
     e( 10 - 10) =     -9.84862  eV     1   --> A              
     e( 11 - 11) =     -9.04801  eV     1   --> A              
     e( 12 - 12) =     -8.84453  eV     1   --> A              
     e( 13 - 13) =     -8.36749  eV     1   --> A              
     e( 14 - 14) =     -7.94559  eV     1   --> A              
     e( 15 - 15) =     -7.32568  eV     1   --> A              
     e( 16 - 16) =     -7.07106  eV     1   --> A              
     e( 17 - 17) =     -6.76153  eV     1   --> A              
     e( 18 - 18) =     -1.22546  eV     1   --> A              
     e( 19 - 19) =     -0.35822  eV     1   --> A              
     e( 20 - 20) =     -0.27808  eV     1   --> A              
     e( 21 - 21) =      0.00610  eV     1   --> A              

 **************************************************************************

 **************************************************************************

                    xk=(   0.00000,   0.00000,   0.03250  )

     Band symmetry, C_1 (1)     point group:

     e(  1 -  1) =    -22.79344  eV     1   --> A              
     e(  2 -  2) =    -21.87390  eV     1   --> A              
     e(  3 -  3) =    -20.47365  eV     1   --> A              
     e(  4 -  4) =    -18.77676  eV     1   --> A              
     e(  5 -  5) =    -15.86496  eV     1   --> A              
     e(  6 -  6) =    -13.55875  eV     1   --> A              
     e(  7 -  7) =    -11.07918  eV     1   --> A              
     e(  8 -  8) =    -10.85706  eV     1   --> A              
     e(  9 -  9) =     -9.86512  eV     1   --> A              
     e( 10 - 10) =     -9.84539  eV     1   --> A              
     e( 11 - 11) =     -9.06229  eV     1   --> A              
     e( 12 - 12) =     -8.84304  eV     1   --> A              
     e( 13 - 13) =     -8.36429  eV     1   --> A              
     e( 14 - 14) =     -7.95853  eV     1   --> A              
     e( 15 - 15) =     -7.32807  eV     1   --> A              
     e( 16 - 16) =     -7.08234  eV     1   --> A              
     e( 17 - 17) =     -6.75826  eV     1   --> A              
     e( 18 - 18) =     -1.22590  eV     1   --> A              
     e( 19 - 19) =     -0.35476  eV     1   --> A              
     e( 20 - 20) =     -0.27467  eV     1   --> A              
     e( 21 - 21) =      0.00957  eV     1   --> A              

 **************************************************************************

 **************************************************************************

                    xk=(   0.00000,   0.00000,   0.03500  )

     Band symmetry, C_1 (1)     point group:

     e(  1 -  1) =    -22.79048  eV     1   --> A              
     e(  2 -  2) =    -21.87097  eV     1   --> A              
     e(  3 -  3) =    -20.47079  eV     1   --> A              
     e(  4 -  4) =    -18.77404  eV     1   --> A              
     e(  5 -  5) =    -15.86256  eV     1   --> A              
     e(  6 -  6) =    -13.55688  eV     1   --> A              
     e(  7 -  7) =    -11.07853  eV     1   --> A              
     e(  8 -  8) =    -10.85353  eV     1   --> A              
     e(  9 -  9) =     -9.87800  eV     1   --> A              
     e( 10 - 10) =     -9.84190  eV     1   --> A              
     e( 11 - 11) =     -9.07738  eV     1   --> A              
     e( 12 - 12) =     -8.84173  eV     1   --> A              
     e( 13 - 13) =     -8.36083  eV     1   --> A              
     e( 14 - 14) =     -7.97241  eV     1   --> A              
     e( 15 - 15) =     -7.33070  eV     1   --> A              
     e( 16 - 16) =     -7.09448  eV     1   --> A              
     e( 17 - 17) =     -6.75472  eV     1   --> A              
     e( 18 - 18) =     -1.22638  eV     1   --> A              
     e( 19 - 19) =     -0.35102  eV     1   --> A              
     e( 20 - 20) =     -0.27099  eV     1   --> A              
     e( 21 - 21) =      0.01332  eV     1   --> A              

 **************************************************************************

 **************************************************************************

                    xk=(   0.00000,   0.00000,   0.03750  )

     Band symmetry, C_1 (1)     point group:

     e(  1 -  1) =    -22.78730  eV     1   --> A              
     e(  2 -  2) =    -21.86783  eV     1   --> A              
     e(  3 -  3) =    -20.46772  eV     1   --> A              
     e(  4 -  4) =    -18.77113  eV     1   --> A              
     e(  5 -  5) =    -15.85999  eV     1   --> A              
     e(  6 -  6) =    -13.55486  eV     1   --> A              
     e(  7 -  7) =    -11.07785  eV     1   --> A              
     e(  8 -  8) =    -10.84974  eV     1   --> A              
     e(  9 -  9) =     -9.89178  eV     1   --> A              
     e( 10 - 10) =     -9.83816  eV     1   --> A              
     e( 11 - 11) =     -9.09328  eV     1   --> A              
     e( 12 - 12) =     -8.84060  eV     1   --> A              
     e( 13 - 13) =     -8.35712  eV     1   --> A              
     e( 14 - 14) =     -7.98723  eV     1   --> A              
     e( 15 - 15) =     -7.33357  eV     1   --> A              
     e( 16 - 16) =     -7.10748  eV     1   --> A              
     e( 17 - 17) =     -6.75092  eV     1   --> A              
     e( 18 - 18) =     -1.22690  eV     1   --> A              
     e( 19 - 19) =     -0.34701  eV     1   --> A              
     e( 20 - 20) =     -0.26704  eV     1   --> A              
     e( 21 - 21) =      0.01734  eV     1   --> A              

 **************************************************************************

 **************************************************************************

                    xk=(   0.00000,   0.00000,   0.04000  )

     Band symmetry, C_1 (1)     point group:

     e(  1 -  1) =    -22.78390  eV     1   --> A              
     e(  2 -  2) =    -21.86446  eV     1   --> A              
     e(  3 -  3) =    -20.46444  eV     1   --> A              
     e(  4 -  4) =    -18.76801  eV     1   --> A              
     e(  5 -  5) =    -15.85725  eV     1   --> A              
     e(  6 -  6) =    -13.55272  eV     1   --> A              
     e(  7 -  7) =    -11.07713  eV     1   --> A              
     e(  8 -  8) =    -10.84568  eV     1   --> A              
     e(  9 -  9) =     -9.90646  eV     1   --> A              
     e( 10 - 10) =     -9.83416  eV     1   --> A              
     e( 11 - 11) =     -9.10997  eV     1   --> A              
     e( 12 - 12) =     -8.83964  eV     1   --> A              
     e( 13 - 13) =     -8.35315  eV     1   --> A              
     e( 14 - 14) =     -8.00297  eV     1   --> A              
     e( 15 - 15) =     -7.33669  eV     1   --> A              
     e( 16 - 16) =     -7.12132  eV     1   --> A              
     e( 17 - 17) =     -6.74687  eV     1   --> A              
     e( 18 - 18) =     -1.22746  eV     1   --> A              
     e( 19 - 19) =     -0.34272  eV     1   --> A              
     e( 20 - 20) =     -0.26282  eV     1   --> A              
     e( 21 - 21) =      0.02164  eV     1   --> A              

 **************************************************************************

 **************************************************************************

                    xk=(   0.00000,   0.00000,   0.04250  )

     Band symmetry, C_1 (1)     point group:

     e(  1 -  1) =    -22.78028  eV     1   --> A              
     e(  2 -  2) =    -21.86089  eV     1   --> A              
     e(  3 -  3) =    -20.46095  eV     1   --> A              
     e(  4 -  4) =    -18.76470  eV     1   --> A              
     e(  5 -  5) =    -15.85432  eV     1   --> A              
     e(  6 -  6) =    -13.55044  eV     1   --> A              
     e(  7 -  7) =    -11.07639  eV     1   --> A              
     e(  8 -  8) =    -10.84137  eV     1   --> A              
     e(  9 -  9) =     -9.92201  eV     1   --> A              
     e( 10 - 10) =     -9.82990  eV     1   --> A              
     e( 11 - 11) =     -9.12744  eV     1   --> A              
     e( 12 - 12) =     -8.83887  eV     1   --> A              
     e( 13 - 13) =     -8.34893  eV     1   --> A              
     e( 14 - 14) =     -8.01961  eV     1   --> A              
     e( 15 - 15) =     -7.34007  eV     1   --> A              
     e( 16 - 16) =     -7.13600  eV     1   --> A              
     e( 17 - 17) =     -6.74255  eV     1   --> A              
     e( 18 - 18) =     -1.22808  eV     1   --> A              
     e( 19 - 19) =     -0.33815  eV     1   --> A              
     e( 20 - 20) =     -0.25833  eV     1   --> A              
     e( 21 - 21) =      0.02622  eV     1   --> A              

 **************************************************************************

 **************************************************************************

                    xk=(   0.00000,   0.00000,   0.04500  )

     Band symmetry, C_1 (1)     point group:

     e(  1 -  1) =    -22.77645  eV     1   --> A              
     e(  2 -  2) =    -21.85709  eV     1   --> A              
     e(  3 -  3) =    -20.45724  eV     1   --> A              
     e(  4 -  4) =    -18.76118  eV     1   --> A              
     e(  5 -  5) =    -15.85123  eV     1   --> A              
     e(  6 -  6) =    -13.54802  eV     1   --> A              
     e(  7 -  7) =    -11.07561  eV     1   --> A              
     e(  8 -  8) =    -10.83680  eV     1   --> A              
     e(  9 -  9) =     -9.93843  eV     1   --> A              
     e( 10 - 10) =     -9.82539  eV     1   --> A              
     e( 11 - 11) =     -9.14571  eV     1   --> A              
     e( 12 - 12) =     -8.83827  eV     1   --> A              
     e( 13 - 13) =     -8.34445  eV     1   --> A              
     e( 14 - 14) =     -8.03713  eV     1   --> A              
     e( 15 - 15) =     -7.34372  eV     1   --> A              
     e( 16 - 16) =     -7.15150  eV     1   --> A              
     e( 17 - 17) =     -6.73796  eV     1   --> A              
     e( 18 - 18) =     -1.22875  eV     1   --> A              
     e( 19 - 19) =     -0.33331  eV     1   --> A              
     e( 20 - 20) =     -0.25357  eV     1   --> A              
     e( 21 - 21) =      0.03108  eV     1   --> A              

 **************************************************************************

 **************************************************************************

                    xk=(   0.00000,   0.00000,   0.04750  )

     Band symmetry, C_1 (1)     point group:

     e(  1 -  1) =    -22.77239  eV     1   --> A              
     e(  2 -  2) =    -21.85308  eV     1   --> A              
     e(  3 -  3) =    -20.45332  eV     1   --> A              
     e(  4 -  4) =    -18.75746  eV     1   --> A              
     e(  5 -  5) =    -15.84796  eV     1   --> A              
     e(  6 -  6) =    -13.54547  eV     1   --> A              
     e(  7 -  7) =    -11.07482  eV     1   --> A              
     e(  8 -  8) =    -10.83196  eV     1   --> A              
     e(  9 -  9) =     -9.95571  eV     1   --> A              
     e( 10 - 10) =     -9.82061  eV     1   --> A              
     e( 11 - 11) =     -9.16474  eV     1   --> A              
     e( 12 - 12) =     -8.83784  eV     1   --> A              
     e( 13 - 13) =     -8.33972  eV     1   --> A              
     e( 14 - 14) =     -8.05551  eV     1   --> A              
     e( 15 - 15) =     -7.34764  eV     1   --> A              
     e( 16 - 16) =     -7.16782  eV     1   --> A              
     e( 17 - 17) =     -6.73312  eV     1   --> A              
     e( 18 - 18) =     -1.22947  eV     1   --> A              
     e( 19 - 19) =     -0.32820  eV     1   --> A              
     e( 20 - 20) =     -0.24854  eV     1   --> A              
     e( 21 - 21) =      0.03621  eV     1   --> A              

 **************************************************************************

 **************************************************************************

                    xk=(   0.00000,   0.00000,   0.05000  )

     Band symmetry, C_1 (1)     point group:

     e(  1 -  1) =    -22.76812  eV     1   --> A              
     e(  2 -  2) =    -21.84885  eV     1   --> A              
     e(  3 -  3) =    -20.44920  eV     1   --> A              
     e(  4 -  4) =    -18.75354  eV     1   --> A              
     e(  5 -  5) =    -15.84451  eV     1   --> A              
     e(  6 -  6) =    -13.54279  eV     1   --> A              
     e(  7 -  7) =    -11.07400  eV     1   --> A              
     e(  8 -  8) =    -10.82687  eV     1   --> A              
     e(  9 -  9) =     -9.97384  eV     1   --> A              
     e( 10 - 10) =     -9.81558  eV     1   --> A              
     e( 11 - 11) =     -9.18455  eV     1   --> A              
     e( 12 - 12) =     -8.83759  eV     1   --> A              
     e( 13 - 13) =     -8.33473  eV     1   --> A              
     e( 14 - 14) =     -8.07475  eV     1   --> A              
     e( 15 - 15) =     -7.35183  eV     1   --> A              
     e( 16 - 16) =     -7.18493  eV     1   --> A              
     e( 17 - 17) =     -6.72802  eV     1   --> A              
     e( 18 - 18) =     -1.23025  eV     1   --> A              
     e( 19 - 19) =     -0.32281  eV     1   --> A              
     e( 20 - 20) =     -0.24324  eV     1   --> A              
     e( 21 - 21) =      0.04162  eV     1   --> A              

 **************************************************************************

 **************************************************************************

                    xk=(   0.00000,   0.00000,   0.05250  )

     Band symmetry, C_1 (1)     point group:

     e(  1 -  1) =    -22.76362  eV     1   --> A              
     e(  2 -  2) =    -21.84441  eV     1   --> A              
     e(  3 -  3) =    -20.44486  eV     1   --> A              
     e(  4 -  4) =    -18.74942  eV     1   --> A              
     e(  5 -  5) =    -15.84090  eV     1   --> A              
     e(  6 -  6) =    -13.53998  eV     1   --> A              
     e(  7 -  7) =    -11.07317  eV     1   --> A              
     e(  8 -  8) =    -10.82151  eV     1   --> A              
     e(  9 -  9) =     -9.99278  eV     1   --> A              
     e( 10 - 10) =     -9.81029  eV     1   --> A              
     e( 11 - 11) =     -9.20513  eV     1   --> A              
     e( 12 - 12) =     -8.83750  eV     1   --> A              
     e( 13 - 13) =     -8.32949  eV     1   --> A              
     e( 14 - 14) =     -8.09481  eV     1   --> A              
     e( 15 - 15) =     -7.35631  eV     1   --> A              
     e( 16 - 16) =     -7.20284  eV     1   --> A              
     e( 17 - 17) =     -6.72265  eV     1   --> A              
     e( 18 - 18) =     -1.23109  eV     1   --> A              
     e( 19 - 19) =     -0.31715  eV     1   --> A              
     e( 20 - 20) =     -0.23768  eV     1   --> A              
     e( 21 - 21) =      0.04730  eV     1   --> A              

 **************************************************************************

 **************************************************************************

                    xk=(   0.00000,   0.00000,   0.05500  )

     Band symmetry, C_1 (1)     point group:

     e(  1 -  1) =    -22.75891  eV     1   --> A              
     e(  2 -  2) =    -21.83974  eV     1   --> A              
     e(  3 -  3) =    -20.44031  eV     1   --> A              
     e(  4 -  4) =    -18.74510  eV     1   --> A              
     e(  5 -  5) =    -15.83711  eV     1   --> A              
     e(  6 -  6) =    -13.53703  eV     1   --> A              
     e(  7 -  7) =    -11.07234  eV     1   --> A              
     e(  8 -  8) =    -10.81590  eV     1   --> A              
     e(  9 -  9) =    -10.01255  eV     1   --> A              
     e( 10 - 10) =     -9.80475  eV     1   --> A              
     e( 11 - 11) =     -9.22646  eV     1   --> A              
     e( 12 - 12) =     -8.83757  eV     1   --> A              
     e( 13 - 13) =     -8.32399  eV     1   --> A              
     e( 14 - 14) =     -8.11569  eV     1   --> A              
     e( 15 - 15) =     -7.36108  eV     1   --> A              
     e( 16 - 16) =     -7.22152  eV     1   --> A              
     e( 17 - 17) =     -6.71703  eV     1   --> A              
     e( 18 - 18) =     -1.23199  eV     1   --> A              
     e( 19 - 19) =     -0.31121  eV     1   --> A              
     e( 20 - 20) =     -0.23184  eV     1   --> A              
     e( 21 - 21) =      0.05327  eV     1   --> A              

 **************************************************************************

 **************************************************************************

                    xk=(   0.00000,   0.00000,   0.05750  )

     Band symmetry, C_1 (1)     point group:

     e(  1 -  1) =    -22.75398  eV     1   --> A              
     e(  2 -  2) =    -21.83487  eV     1   --> A              
     e(  3 -  3) =    -20.43554  eV     1   --> A              
     e(  4 -  4) =    -18.74058  eV     1   --> A              
     e(  5 -  5) =    -15.83314  eV     1   --> A              
     e(  6 -  6) =    -13.53396  eV     1   --> A              
     e(  7 -  7) =    -11.07150  eV     1   --> A              
     e(  8 -  8) =    -10.81002  eV     1   --> A              
     e(  9 -  9) =    -10.03311  eV     1   --> A              
     e( 10 - 10) =     -9.79895  eV     1   --> A              
     e( 11 - 11) =     -9.24854  eV     1   --> A              
     e( 12 - 12) =     -8.83781  eV     1   --> A              
     e( 13 - 13) =     -8.31824  eV     1   --> A              
     e( 14 - 14) =     -8.13736  eV     1   --> A              
     e( 15 - 15) =     -7.36614  eV     1   --> A              
     e( 16 - 16) =     -7.24097  eV     1   --> A              
     e( 17 - 17) =     -6.71114  eV     1   --> A              
     e( 18 - 18) =     -1.23295  eV     1   --> A              
     e( 19 - 19) =     -0.30501  eV     1   --> A              
     e( 20 - 20) =     -0.22574  eV     1   --> A              
     e( 21 - 21) =      0.05950  eV     1   --> A              

 **************************************************************************

 **************************************************************************

                    xk=(   0.00000,   0.00000,   0.06000  )

     Band symmetry, C_1 (1)     point group:

     e(  1 -  1) =    -22.74883  eV     1   --> A              
     e(  2 -  2) =    -21.82977  eV     1   --> A              
     e(  3 -  3) =    -20.43057  eV     1   --> A              
     e(  4 -  4) =    -18.73586  eV     1   --> A              
     e(  5 -  5) =    -15.82901  eV     1   --> A              
     e(  6 -  6) =    -13.53076  eV     1   --> A              
     e(  7 -  7) =    -11.07066  eV     1   --> A              
     e(  8 -  8) =    -10.80388  eV     1   --> A              
     e(  9 -  9) =    -10.05445  eV     1   --> A              
     e( 10 - 10) =     -9.79289  eV     1   --> A              
     e( 11 - 11) =     -9.27136  eV     1   --> A              
     e( 12 - 12) =     -8.83820  eV     1   --> A              
     e( 13 - 13) =     -8.31224  eV     1   --> A              
     e( 14 - 14) =     -8.15981  eV     1   --> A              
     e( 15 - 15) =     -7.37149  eV     1   --> A              
     e( 16 - 16) =     -7.26117  eV     1   --> A              
     e( 17 - 17) =     -6.70500  eV     1   --> A              
     e( 18 - 18) =     -1.23398  eV     1   --> A              
     e( 19 - 19) =     -0.29852  eV     1   --> A              
     e( 20 - 20) =     -0.21937  eV     1   --> A              
     e( 21 - 21) =      0.06602  eV     1   --> A              

 **************************************************************************

 **************************************************************************

                    xk=(   0.00000,   0.00000,   0.06250  )

     Band symmetry, C_1 (1)     point group:

     e(  1 -  1) =    -22.74346  eV     1   --> A              
     e(  2 -  2) =    -21.82446  eV     1   --> A              
     e(  3 -  3) =    -20.42538  eV     1   --> A              
     e(  4 -  4) =    -18.73094  eV     1   --> A              
     e(  5 -  5) =    -15.82471  eV     1   --> A              
     e(  6 -  6) =    -13.52743  eV     1   --> A              
     e(  7 -  7) =    -11.06983  eV     1   --> A              
     e(  8 -  8) =    -10.79749  eV     1   --> A              
     e(  9 -  9) =    -10.07655  eV     1   --> A              
     e( 10 - 10) =     -9.78658  eV     1   --> A              
     e( 11 - 11) =     -9.29492  eV     1   --> A              
     e( 12 - 12) =     -8.83875  eV     1   --> A              
     e( 13 - 13) =     -8.30598  eV     1   --> A              
     e( 14 - 14) =     -8.18302  eV     1   --> A              
     e( 15 - 15) =     -7.37715  eV     1   --> A              
     e( 16 - 16) =     -7.28210  eV     1   --> A              
     e( 17 - 17) =     -6.69859  eV     1   --> A              
     e( 18 - 18) =     -1.23508  eV     1   --> A              
     e( 19 - 19) =     -0.29177  eV     1   --> A              
     e( 20 - 20) =     -0.21273  eV     1   --> A              
     e( 21 - 21) =      0.07281  eV     1   --> A              

 **************************************************************************

 **************************************************************************

                    xk=(   0.00000,   0.00000,   0.06500  )

     Band symmetry, C_1 (1)     point group:

     e(  1 -  1) =    -22.73787  eV     1   --> A              
     e(  2 -  2) =    -21.81893  eV     1   --> A              
     e(  3 -  3) =    -20.41999  eV     1   --> A              
     e(  4 -  4) =    -18.72582  eV     1   --> A              
     e(  5 -  5) =    -15.82023  eV     1   --> A              
     e(  6 -  6) =    -13.52398  eV     1   --> A              
     e(  7 -  7) =    -11.06903  eV     1   --> A              
     e(  8 -  8) =    -10.79083  eV     1   --> A              
     e(  9 -  9) =    -10.09939  eV     1   --> A              
     e( 10 - 10) =     -9.78001  eV     1   --> A              
     e( 11 - 11) =     -9.31920  eV     1   --> A              
     e( 12 - 12) =     -8.83946  eV     1   --> A              
     e( 13 - 13) =     -8.29947  eV     1   --> A              
     e( 14 - 14) =     -8.20698  eV     1   --> A              
     e( 15 - 15) =     -7.38310  eV     1   --> A              
     e( 16 - 16) =     -7.30376  eV     1   --> A              
     e( 17 - 17) =     -6.69192  eV     1   --> A              
     e( 18 - 18) =     -1.23626  eV     1   --> A              
     e( 19 - 19) =     -0.28475  eV     1   --> A              
     e( 20 - 20) =     -0.20583  eV     1   --> A              
     e( 21 - 21) =      0.07987  eV     1   --> A              

 **************************************************************************

 **************************************************************************

                    xk=(   0.00000,   0.00000,   0.06750  )

     Band symmetry, C_1 (1)     point group:

     e(  1 -  1) =    -22.73207  eV     1   --> A              
     e(  2 -  2) =    -21.81319  eV     1   --> A              
     e(  3 -  3) =    -20.41438  eV     1   --> A              
     e(  4 -  4) =    -18.72049  eV     1   --> A              
     e(  5 -  5) =    -15.81559  eV     1   --> A              
     e(  6 -  6) =    -13.52040  eV     1   --> A              
     e(  7 -  7) =    -11.06825  eV     1   --> A              
     e(  8 -  8) =    -10.78391  eV     1   --> A              
     e(  9 -  9) =    -10.12296  eV     1   --> A              
     e( 10 - 10) =     -9.77318  eV     1   --> A              
     e( 11 - 11) =     -9.34420  eV     1   --> A              
     e( 12 - 12) =     -8.84032  eV     1   --> A              
     e( 13 - 13) =     -8.29270  eV     1   --> A              
     e( 14 - 14) =     -8.23166  eV     1   --> A              
     e( 15 - 15) =     -7.38937  eV     1   --> A              
     e( 16 - 16) =     -7.32612  eV     1   --> A              
     e( 17 - 17) =     -6.68500  eV     1   --> A              
     e( 18 - 18) =     -1.23752  eV     1   --> A              
     e( 19 - 19) =     -0.27745  eV     1   --> A              
     e( 20 - 20) =     -0.19866  eV     1   --> A              
     e( 21 - 21) =      0.08722  eV     1   --> A              

 **************************************************************************

 **************************************************************************

                    xk=(   0.00000,   0.00000,   0.07000  )

     Band symmetry, C_1 (1)     point group:

     e(  1 -  1) =    -22.72604  eV     1   --> A              
     e(  2 -  2) =    -21.80723  eV     1   --> A              
     e(  3 -  3) =    -20.40856  eV     1   --> A              
     e(  4 -  4) =    -18.71497  eV     1   --> A              
     e(  5 -  5) =    -15.81078  eV     1   --> A              
     e(  6 -  6) =    -13.51670  eV     1   --> A              
     e(  7 -  7) =    -11.06751  eV     1   --> A              
     e(  8 -  8) =    -10.77674  eV     1   --> A              
     e(  9 -  9) =    -10.14723  eV     1   --> A              
     e( 10 - 10) =     -9.76610  eV     1   --> A              
     e( 11 - 11) =     -9.36991  eV     1   --> A              
     e( 12 - 12) =     -8.84134  eV     1   --> A              
     e( 13 - 13) =     -8.28568  eV     1   --> A              
     e( 14 - 14) =     -8.25705  eV     1   --> A              
     e( 15 - 15) =     -7.39594  eV     1   --> A              
     e( 16 - 16) =     -7.34917  eV     1   --> A              
     e( 17 - 17) =     -6.67781  eV     1   --> A              
     e( 18 - 18) =     -1.23885  eV     1   --> A              
     e( 19 - 19) =     -0.26989  eV     1   --> A              
     e( 20 - 20) =     -0.19123  eV     1   --> A              
     e( 21 - 21) =      0.09483  eV     1   --> A              

 **************************************************************************

 **************************************************************************

                    xk=(   0.00000,   0.00000,   0.07250  )

     Band symmetry, C_1 (1)     point group:

     e(  1 -  1) =    -22.71980  eV     1   --> A              
     e(  2 -  2) =    -21.80105  eV     1   --> A              
     e(  3 -  3) =    -20.40253  eV     1   --> A              
     e(  4 -  4) =    -18.70924  eV     1   --> A              
     e(  5 -  5) =    -15.80580  eV     1   --> A              
     e(  6 -  6) =    -13.51287  eV     1   --> A              
     e(  7 -  7) =    -11.06682  eV     1   --> A              
     e(  8 -  8) =    -10.76930  eV     1   --> A              
     e(  9 -  9) =    -10.17217  eV     1   --> A              
     e( 10 - 10) =     -9.75876  eV     1   --> A              
     e( 11 - 11) =     -9.39630  eV     1   --> A              
     e( 12 - 12) =     -8.84252  eV     1   --> A              
     e( 13 - 13) =     -8.28313  eV     1   --> A              
     e( 14 - 14) =     -8.27841  eV     1   --> A              
     e( 15 - 15) =     -7.40282  eV     1   --> A              
     e( 16 - 16) =     -7.37289  eV     1   --> A              
     e( 17 - 17) =     -6.67036  eV     1   --> A              
     e( 18 - 18) =     -1.24028  eV     1   --> A              
     e( 19 - 19) =     -0.26205  eV     1   --> A              
     e( 20 - 20) =     -0.18353  eV     1   --> A              
     e( 21 - 21) =      0.10273  eV     1   --> A              

 **************************************************************************

 **************************************************************************

                    xk=(   0.00000,   0.00000,   0.07500  )

     Band symmetry, C_1 (1)     point group:

     e(  1 -  1) =    -22.71333  eV     1   --> A              
     e(  2 -  2) =    -21.79466  eV     1   --> A              
     e(  3 -  3) =    -20.39629  eV     1   --> A              
     e(  4 -  4) =    -18.70332  eV     1   --> A              
     e(  5 -  5) =    -15.80065  eV     1   --> A              
     e(  6 -  6) =    -13.50893  eV     1   --> A              
     e(  7 -  7) =    -11.06619  eV     1   --> A              
     e(  8 -  8) =    -10.76160  eV     1   --> A              
     e(  9 -  9) =    -10.19778  eV     1   --> A              
     e( 10 - 10) =     -9.75116  eV     1   --> A              
     e( 11 - 11) =     -9.42338  eV     1   --> A              
     e( 12 - 12) =     -8.84385  eV     1   --> A              
     e( 13 - 13) =     -8.30989  eV     1   --> A              
     e( 14 - 14) =     -8.27088  eV     1   --> A              
     e( 15 - 15) =     -7.41004  eV     1   --> A              
     e( 16 - 16) =     -7.39726  eV     1   --> A              
     e( 17 - 17) =     -6.66266  eV     1   --> A              
     e( 18 - 18) =     -1.24179  eV     1   --> A              
     e( 19 - 19) =     -0.25395  eV     1   --> A              
     e( 20 - 20) =     -0.17557  eV     1   --> A              
     e( 21 - 21) =      0.11089  eV     1   --> A              

 **************************************************************************

 **************************************************************************

                    xk=(   0.00000,   0.00000,   0.07750  )

     Band symmetry, C_1 (1)     point group:

     e(  1 -  1) =    -22.70665  eV     1   --> A              
     e(  2 -  2) =    -21.78805  eV     1   --> A              
     e(  3 -  3) =    -20.38984  eV     1   --> A              
     e(  4 -  4) =    -18.69720  eV     1   --> A              
     e(  5 -  5) =    -15.79534  eV     1   --> A              
     e(  6 -  6) =    -13.50487  eV     1   --> A              
     e(  7 -  7) =    -11.06564  eV     1   --> A              
     e(  8 -  8) =    -10.75365  eV     1   --> A              
     e(  9 -  9) =    -10.22401  eV     1   --> A              
     e( 10 - 10) =     -9.74331  eV     1   --> A              
     e( 11 - 11) =     -9.45114  eV     1   --> A              
     e( 12 - 12) =     -8.84535  eV     1   --> A              
     e( 13 - 13) =     -8.33730  eV     1   --> A              
     e( 14 - 14) =     -8.26311  eV     1   --> A              
     e( 15 - 15) =     -7.42239  eV     1   --> A              
     e( 16 - 16) =     -7.41744  eV     1   --> A              
     e( 17 - 17) =     -6.65469  eV     1   --> A              
     e( 18 - 18) =     -1.24339  eV     1   --> A              
     e( 19 - 19) =     -0.24557  eV     1   --> A              
     e( 20 - 20) =     -0.16734  eV     1   --> A              
     e( 21 - 21) =      0.11934  eV     1   --> A              

 **************************************************************************

 **************************************************************************

                    xk=(   0.00000,   0.00000,   0.08000  )

     Band symmetry, C_1 (1)     point group:

     e(  1 -  1) =    -22.69975  eV     1   --> A              
     e(  2 -  2) =    -21.78123  eV     1   --> A              
     e(  3 -  3) =    -20.38318  eV     1   --> A              
     e(  4 -  4) =    -18.69087  eV     1   --> A              
     e(  5 -  5) =    -15.78986  eV     1   --> A              
     e(  6 -  6) =    -13.50069  eV     1   --> A              
     e(  7 -  7) =    -11.06518  eV     1   --> A              
     e(  8 -  8) =    -10.74543  eV     1   --> A              
     e(  9 -  9) =    -10.25084  eV     1   --> A              
     e( 10 - 10) =     -9.73521  eV     1   --> A              
     e( 11 - 11) =     -9.47955  eV     1   --> A              
     e( 12 - 12) =     -8.84700  eV     1   --> A              
     e( 13 - 13) =     -8.36534  eV     1   --> A              
     e( 14 - 14) =     -8.25508  eV     1   --> A              
     e( 15 - 15) =     -7.44798  eV     1   --> A              
     e( 16 - 16) =     -7.42532  eV     1   --> A              
     e( 17 - 17) =     -6.64647  eV     1   --> A              
     e( 18 - 18) =     -1.24510  eV     1   --> A              
     e( 19 - 19) =     -0.23693  eV     1   --> A              
     e( 20 - 20) =     -0.15885  eV     1   --> A              
     e( 21 - 21) =      0.12806  eV     1   --> A              

 **************************************************************************

 **************************************************************************

                    xk=(   0.00000,   0.00000,   0.08250  )

     Band symmetry, C_1 (1)     point group:

     e(  1 -  1) =    -22.69263  eV     1   --> A              
     e(  2 -  2) =    -21.77419  eV     1   --> A              
     e(  3 -  3) =    -20.37630  eV     1   --> A              
     e(  4 -  4) =    -18.68434  eV     1   --> A              
     e(  5 -  5) =    -15.78422  eV     1   --> A              
     e(  6 -  6) =    -13.49639  eV     1   --> A              
     e(  7 -  7) =    -11.06483  eV     1   --> A              
     e(  8 -  8) =    -10.73696  eV     1   --> A              
     e(  9 -  9) =    -10.27825  eV     1   --> A              
     e( 10 - 10) =     -9.72685  eV     1   --> A              
     e( 11 - 11) =     -9.50861  eV     1   --> A              
     e( 12 - 12) =     -8.84882  eV     1   --> A              
     e( 13 - 13) =     -8.39401  eV     1   --> A              
     e( 14 - 14) =     -8.24680  eV     1   --> A              
     e( 15 - 15) =     -7.47423  eV     1   --> A              
     e( 16 - 16) =     -7.43347  eV     1   --> A              
     e( 17 - 17) =     -6.63798  eV     1   --> A              
     e( 18 - 18) =     -1.24690  eV     1   --> A              
     e( 19 - 19) =     -0.22802  eV     1   --> A              
     e( 20 - 20) =     -0.15011  eV     1   --> A              
     e( 21 - 21) =      0.13705  eV     1   --> A              

 **************************************************************************

 **************************************************************************

                    xk=(   0.00000,   0.00000,   0.08500  )

     Band symmetry, C_1 (1)     point group:

     e(  1 -  1) =    -22.68530  eV     1   --> A              
     e(  2 -  2) =    -21.76693  eV     1   --> A              
     e(  3 -  3) =    -20.36922  eV     1   --> A              
     e(  4 -  4) =    -18.67762  eV     1   --> A              
     e(  5 -  5) =    -15.77841  eV     1   --> A              
     e(  6 -  6) =    -13.49199  eV     1   --> A              
     e(  7 -  7) =    -11.06463  eV     1   --> A              
     e(  8 -  8) =    -10.72823  eV     1   --> A              
     e(  9 -  9) =    -10.30619  eV     1   --> A              
     e( 10 - 10) =     -9.71823  eV     1   --> A              
     e( 11 - 11) =     -9.53830  eV     1   --> A              
     e( 12 - 12) =     -8.85081  eV     1   --> A              
     e( 13 - 13) =     -8.42328  eV     1   --> A              
     e( 14 - 14) =     -8.23826  eV     1   --> A              
     e( 15 - 15) =     -7.50107  eV     1   --> A              
     e( 16 - 16) =     -7.44193  eV     1   --> A              
     e( 17 - 17) =     -6.62924  eV     1   --> A              
     e( 18 - 18) =     -1.24881  eV     1   --> A              
     e( 19 - 19) =     -0.21884  eV     1   --> A              
     e( 20 - 20) =     -0.14109  eV     1   --> A              
     e( 21 - 21) =      0.14633  eV     1   --> A              

 **************************************************************************

 **************************************************************************

                    xk=(   0.00000,   0.00000,   0.08750  )

     Band symmetry, C_1 (1)     point group:

     e(  1 -  1) =    -22.67774  eV     1   --> A              
     e(  2 -  2) =    -21.75946  eV     1   --> A              
     e(  3 -  3) =    -20.36193  eV     1   --> A              
     e(  4 -  4) =    -18.67069  eV     1   --> A              
     e(  5 -  5) =    -15.77244  eV     1   --> A              
     e(  6 -  6) =    -13.48747  eV     1   --> A              
     e(  7 -  7) =    -11.06458  eV     1   --> A              
     e(  8 -  8) =    -10.71924  eV     1   --> A              
     e(  9 -  9) =    -10.33463  eV     1   --> A              
     e( 10 - 10) =     -9.70936  eV     1   --> A              
     e( 11 - 11) =     -9.56861  eV     1   --> A              
     e( 12 - 12) =     -8.85297  eV     1   --> A              
     e( 13 - 13) =     -8.45313  eV     1   --> A              
     e( 14 - 14) =     -8.22948  eV     1   --> A              
     e( 15 - 15) =     -7.52848  eV     1   --> A              
     e( 16 - 16) =     -7.45071  eV     1   --> A              
     e( 17 - 17) =     -6.62024  eV     1   --> A              
     e( 18 - 18) =     -1.25083  eV     1   --> A              
     e( 19 - 19) =     -0.20939  eV     1   --> A              
     e( 20 - 20) =     -0.13182  eV     1   --> A              
     e( 21 - 21) =      0.15587  eV     1   --> A              

 **************************************************************************

 **************************************************************************

                    xk=(   0.00000,   0.00000,   0.09000  )

     Band symmetry, C_1 (1)     point group:

     e(  1 -  1) =    -22.66997  eV     1   --> A              
     e(  2 -  2) =    -21.75177  eV     1   --> A              
     e(  3 -  3) =    -20.35442  eV     1   --> A              
     e(  4 -  4) =    -18.66357  eV     1   --> A              
     e(  5 -  5) =    -15.76632  eV     1   --> A              
     e(  6 -  6) =    -13.48284  eV     1   --> A              
     e(  7 -  7) =    -11.06473  eV     1   --> A              
     e(  8 -  8) =    -10.70999  eV     1   --> A              
     e(  9 -  9) =    -10.36353  eV     1   --> A              
     e( 10 - 10) =     -9.70024  eV     1   --> A              
     e( 11 - 11) =     -9.59953  eV     1   --> A              
     e( 12 - 12) =     -8.85531  eV     1   --> A              
     e( 13 - 13) =     -8.48355  eV     1   --> A              
     e( 14 - 14) =     -8.22044  eV     1   --> A              
     e( 15 - 15) =     -7.55643  eV     1   --> A              
     e( 16 - 16) =     -7.45980  eV     1   --> A              
     e( 17 - 17) =     -6.61098  eV     1   --> A              
     e( 18 - 18) =     -1.25296  eV     1   --> A              
     e( 19 - 19) =     -0.19968  eV     1   --> A              
     e( 20 - 20) =     -0.12229  eV     1   --> A              
     e( 21 - 21) =      0.16569  eV     1   --> A              

 **************************************************************************

 **************************************************************************

                    xk=(   0.00000,   0.00000,   0.09250  )

     Band symmetry, C_1 (1)     point group:

     e(  1 -  1) =    -22.66198  eV     1   --> A              
     e(  2 -  2) =    -21.74387  eV     1   --> A              
     e(  3 -  3) =    -20.34670  eV     1   --> A              
     e(  4 -  4) =    -18.65624  eV     1   --> A              
     e(  5 -  5) =    -15.76003  eV     1   --> A              
     e(  6 -  6) =    -13.47811  eV     1   --> A              
     e(  7 -  7) =    -11.06510  eV     1   --> A              
     e(  8 -  8) =    -10.70048  eV     1   --> A              
     e(  9 -  9) =    -10.39285  eV     1   --> A              
     e( 10 - 10) =     -9.69086  eV     1   --> A              
     e( 11 - 11) =     -9.63105  eV     1   --> A              
     e( 12 - 12) =     -8.85783  eV     1   --> A              
     e( 13 - 13) =     -8.51451  eV     1   --> A              
     e( 14 - 14) =     -8.21116  eV     1   --> A              
     e( 15 - 15) =     -7.58492  eV     1   --> A              
     e( 16 - 16) =     -7.46921  eV     1   --> A              
     e( 17 - 17) =     -6.60146  eV     1   --> A              
     e( 18 - 18) =     -1.25522  eV     1   --> A              
     e( 19 - 19) =     -0.18971  eV     1   --> A              
     e( 20 - 20) =     -0.11250  eV     1   --> A              
     e( 21 - 21) =      0.17579  eV     1   --> A              

 **************************************************************************

 **************************************************************************

                    xk=(   0.00000,   0.00000,   0.09500  )

     Band symmetry, C_1 (1)     point group:

     e(  1 -  1) =    -22.65377  eV     1   --> A              
     e(  2 -  2) =    -21.73574  eV     1   --> A              
     e(  3 -  3) =    -20.33878  eV     1   --> A              
     e(  4 -  4) =    -18.64871  eV     1   --> A              
     e(  5 -  5) =    -15.75358  eV     1   --> A              
     e(  6 -  6) =    -13.47327  eV     1   --> A              
     e(  7 -  7) =    -11.06574  eV     1   --> A              
     e(  8 -  8) =    -10.69071  eV     1   --> A              
     e(  9 -  9) =    -10.42252  eV     1   --> A              
     e( 10 - 10) =     -9.68123  eV     1   --> A              
     e( 11 - 11) =     -9.66314  eV     1   --> A              
     e( 12 - 12) =     -8.86055  eV     1   --> A              
     e( 13 - 13) =     -8.54601  eV     1   --> A              
     e( 14 - 14) =     -8.20162  eV     1   --> A              
     e( 15 - 15) =     -7.61390  eV     1   --> A              
     e( 16 - 16) =     -7.47895  eV     1   --> A              
     e( 17 - 17) =     -6.59169  eV     1   --> A              
     e( 18 - 18) =     -1.25760  eV     1   --> A              
     e( 19 - 19) =     -0.17947  eV     1   --> A              
     e( 20 - 20) =     -0.10245  eV     1   --> A              
     e( 21 - 21) =      0.18617  eV     1   --> A              

 **************************************************************************

 **************************************************************************

                    xk=(   0.00000,   0.00000,   0.09750  )

     Band symmetry, C_1 (1)     point group:

     e(  1 -  1) =    -22.64534  eV     1   --> A              
     e(  2 -  2) =    -21.72741  eV     1   --> A              
     e(  3 -  3) =    -20.33064  eV     1   --> A              
     e(  4 -  4) =    -18.64099  eV     1   --> A              
     e(  5 -  5) =    -15.74698  eV     1   --> A              
     e(  6 -  6) =    -13.46833  eV     1   --> A              
     e(  7 -  7) =    -11.06671  eV     1   --> A              
     e(  8 -  8) =    -10.68069  eV     1   --> A              
     e(  9 -  9) =    -10.45250  eV     1   --> A              
     e( 10 - 10) =     -9.69579  eV     1   --> A              
     e( 11 - 11) =     -9.67135  eV     1   --> A              
     e( 12 - 12) =     -8.86346  eV     1   --> A              
     e( 13 - 13) =     -8.57801  eV     1   --> A              
     e( 14 - 14) =     -8.19184  eV     1   --> A              
     e( 15 - 15) =     -7.64338  eV     1   --> A              
     e( 16 - 16) =     -7.48900  eV     1   --> A              
     e( 17 - 17) =     -6.58165  eV     1   --> A              
     e( 18 - 18) =     -1.26011  eV     1   --> A              
     e( 19 - 19) =     -0.16897  eV     1   --> A              
     e( 20 - 20) =     -0.09215  eV     1   --> A              
     e( 21 - 21) =      0.19682  eV     1   --> A              

 **************************************************************************

 **************************************************************************

                    xk=(   0.00000,   0.00000,   0.10000  )

     Band symmetry, C_1 (1)     point group:

     e(  1 -  1) =    -22.63670  eV     1   --> A              
     e(  2 -  2) =    -21.71886  eV     1   --> A              
     e(  3 -  3) =    -20.32229  eV     1   --> A              
     e(  4 -  4) =    -18.63306  eV     1   --> A              
     e(  5 -  5) =    -15.74022  eV     1   --> A              
     e(  6 -  6) =    -13.46329  eV     1   --> A              
     e(  7 -  7) =    -11.06805  eV     1   --> A              
     e(  8 -  8) =    -10.67041  eV     1   --> A              
     e(  9 -  9) =    -10.48271  eV     1   --> A              
     e( 10 - 10) =     -9.72899  eV     1   --> A              
     e( 11 - 11) =     -9.66121  eV     1   --> A              
     e( 12 - 12) =     -8.86659  eV     1   --> A              
     e( 13 - 13) =     -8.61050  eV     1   --> A              
     e( 14 - 14) =     -8.18180  eV     1   --> A              
     e( 15 - 15) =     -7.67331  eV     1   --> A              
     e( 16 - 16) =     -7.49937  eV     1   --> A              
     e( 17 - 17) =     -6.57136  eV     1   --> A              
     e( 18 - 18) =     -1.26275  eV     1   --> A              
     e( 19 - 19) =     -0.15820  eV     1   --> A              
     e( 20 - 20) =     -0.08159  eV     1   --> A              
     e( 21 - 21) =      0.20774  eV     1   --> A              

 **************************************************************************

 **************************************************************************

                    xk=(   0.00000,   0.00000,   0.10250  )

     Band symmetry, C_1 (1)     point group:

     e(  1 -  1) =    -22.62783  eV     1   --> A              
     e(  2 -  2) =    -21.71009  eV     1   --> A              
     e(  3 -  3) =    -20.31374  eV     1   --> A              
     e(  4 -  4) =    -18.62493  eV     1   --> A              
     e(  5 -  5) =    -15.73331  eV     1   --> A              
     e(  6 -  6) =    -13.45816  eV     1   --> A              
     e(  7 -  7) =    -11.06985  eV     1   --> A              
     e(  8 -  8) =    -10.65987  eV     1   --> A              
     e(  9 -  9) =    -10.51307  eV     1   --> A              
     e( 10 - 10) =     -9.76273  eV     1   --> A              
     e( 11 - 11) =     -9.65082  eV     1   --> A              
     e( 12 - 12) =     -8.86993  eV     1   --> A              
     e( 13 - 13) =     -8.64346  eV     1   --> A              
     e( 14 - 14) =     -8.17151  eV     1   --> A              
     e( 15 - 15) =     -7.70368  eV     1   --> A              
     e( 16 - 16) =     -7.51006  eV     1   --> A              
     e( 17 - 17) =     -6.56082  eV     1   --> A              
     e( 18 - 18) =     -1.26554  eV     1   --> A              
     e( 19 - 19) =     -0.14717  eV     1   --> A              
     e( 20 - 20) =     -0.07077  eV     1   --> A              
     e( 21 - 21) =      0.21894  eV     1   --> A              

 **************************************************************************

 **************************************************************************

                    xk=(   0.00000,   0.00000,   0.10500  )

     Band symmetry, C_1 (1)     point group:

     e(  1 -  1) =    -22.61875  eV     1   --> A              
     e(  2 -  2) =    -21.70111  eV     1   --> A              
     e(  3 -  3) =    -20.30497  eV     1   --> A              
     e(  4 -  4) =    -18.61661  eV     1   --> A              
     e(  5 -  5) =    -15.72624  eV     1   --> A              
     e(  6 -  6) =    -13.45293  eV     1   --> A              
     e(  7 -  7) =    -11.07218  eV     1   --> A              
     e(  8 -  8) =    -10.64907  eV     1   --> A              
     e(  9 -  9) =    -10.54349  eV     1   --> A              
     e( 10 - 10) =     -9.79698  eV     1   --> A              
     e( 11 - 11) =     -9.64018  eV     1   --> A              
     e( 12 - 12) =     -8.87351  eV     1   --> A              
     e( 13 - 13) =     -8.67687  eV     1   --> A              
     e( 14 - 14) =     -8.16098  eV     1   --> A              
     e( 15 - 15) =     -7.73446  eV     1   --> A              
     e( 16 - 16) =     -7.52106  eV     1   --> A              
     e( 17 - 17) =     -6.55001  eV     1   --> A              
     e( 18 - 18) =     -1.26847  eV     1   --> A              
     e( 19 - 19) =     -0.13588  eV     1   --> A              
     e( 20 - 20) =     -0.05969  eV     1   --> A              
     e( 21 - 21) =      0.23042  eV     1   --> A              

 **************************************************************************

 **************************************************************************

                    xk=(   0.00000,   0.00000,   0.10750  )

     Band symmetry, C_1 (1)     point group:

     e(  1 -  1) =    -22.60945  eV     1   --> A              
     e(  2 -  2) =    -21.69191  eV     1   --> A              
     e(  3 -  3) =    -20.29599  eV     1   --> A              
     e(  4 -  4) =    -18.60808  eV     1   --> A              
     e(  5 -  5) =    -15.71902  eV     1   --> A              
     e(  6 -  6) =    -13.44762  eV     1   --> A              
     e(  7 -  7) =    -11.07516  eV     1   --> A              
     e(  8 -  8) =    -10.63802  eV     1   --> A              
     e(  9 -  9) =    -10.57386  eV     1   --> A              
     e( 10 - 10) =     -9.83174  eV     1   --> A              
     e( 11 - 11) =     -9.62928  eV     1   --> A              
     e( 12 - 12) =     -8.87734  eV     1   --> A              
     e( 13 - 13) =     -8.71071  eV     1   --> A              
     e( 14 - 14) =     -8.15020  eV     1   --> A              
     e( 15 - 15) =     -7.76562  eV     1   --> A              
     e( 16 - 16) =     -7.53239  eV     1   --> A              
     e( 17 - 17) =     -6.53895  eV     1   --> A              
     e( 18 - 18) =     -1.27155  eV     1   --> A              
     e( 19 - 19) =     -0.12433  eV     1   --> A              
     e( 20 - 20) =     -0.04836  eV     1   --> A              
     e( 21 - 21) =      0.24217  eV     1   --> A              

 **************************************************************************

 **************************************************************************

                    xk=(   0.00000,   0.00000,   0.11000  )

     Band symmetry, C_1 (1)     point group:

     e(  1 -  1) =    -22.59993  eV     1   --> A              
     e(  2 -  2) =    -21.68250  eV     1   --> A              
     e(  3 -  3) =    -20.28681  eV     1   --> A              
     e(  4 -  4) =    -18.59936  eV     1   --> A              
     e(  5 -  5) =    -15.71165  eV     1   --> A              
     e(  6 -  6) =    -13.44222  eV     1   --> A              
     e(  7 -  7) =    -11.07890  eV     1   --> A              
     e(  8 -  8) =    -10.62671  eV     1   --> A              
     e(  9 -  9) =    -10.60403  eV     1   --> A              
     e( 10 - 10) =     -9.86698  eV     1   --> A              
     e( 11 - 11) =     -9.61813  eV     1   --> A              
     e( 12 - 12) =     -8.88142  eV     1   --> A              
     e( 13 - 13) =     -8.74496  eV     1   --> A              
     e( 14 - 14) =     -8.13917  eV     1   --> A              
     e( 15 - 15) =     -7.79713  eV     1   --> A              
     e( 16 - 16) =     -7.54403  eV     1   --> A              
     e( 17 - 17) =     -6.52764  eV     1   --> A              
     e( 18 - 18) =     -1.27478  eV     1   --> A              
     e( 19 - 19) =     -0.11252  eV     1   --> A              
     e( 20 - 20) =     -0.03678  eV     1   --> A              
     e( 21 - 21) =      0.25420  eV     1   --> A              

 **************************************************************************

 **************************************************************************

                    xk=(   0.00000,   0.00000,   0.11250  )

     Band symmetry, C_1 (1)     point group:

     e(  1 -  1) =    -22.59020  eV     1   --> A              
     e(  2 -  2) =    -21.67287  eV     1   --> A              
     e(  3 -  3) =    -20.27741  eV     1   --> A              
     e(  4 -  4) =    -18.59043  eV     1   --> A              
     e(  5 -  5) =    -15.70414  eV     1   --> A              
     e(  6 -  6) =    -13.43673  eV     1   --> A              
     e(  7 -  7) =    -11.08357  eV     1   --> A              
     e(  8 -  8) =    -10.63386  eV     1   --> A              
     e(  9 -  9) =    -10.61514  eV     1   --> A              
     e( 10 - 10) =     -9.90269  eV     1   --> A              
     e( 11 - 11) =     -9.60673  eV     1   --> A              
     e( 12 - 12) =     -8.88578  eV     1   --> A              
     e( 13 - 13) =     -8.77960  eV     1   --> A              
     e( 14 - 14) =     -8.12789  eV     1   --> A              
     e( 15 - 15) =     -7.82898  eV     1   --> A              
     e( 16 - 16) =     -7.55599  eV     1   --> A              
     e( 17 - 17) =     -6.51606  eV     1   --> A              
     e( 18 - 18) =     -1.27818  eV     1   --> A              
     e( 19 - 19) =     -0.10045  eV     1   --> A              
     e( 20 - 20) =     -0.02495  eV     1   --> A              
     e( 21 - 21) =      0.26651  eV     1   --> A              

 **************************************************************************

 **************************************************************************

                    xk=(   0.00000,   0.00000,   0.11500  )

     Band symmetry, C_1 (1)     point group:

     e(  1 -  1) =    -22.58024  eV     1   --> A              
     e(  2 -  2) =    -21.66303  eV     1   --> A              
     e(  3 -  3) =    -20.26781  eV     1   --> A              
     e(  4 -  4) =    -18.58131  eV     1   --> A              
     e(  5 -  5) =    -15.69648  eV     1   --> A              
     e(  6 -  6) =    -13.43117  eV     1   --> A              
     e(  7 -  7) =    -11.08933  eV     1   --> A              
     e(  8 -  8) =    -10.66315  eV     1   --> A              
     e(  9 -  9) =    -10.60332  eV     1   --> A              
     e( 10 - 10) =     -9.93885  eV     1   --> A              
     e( 11 - 11) =     -9.59508  eV     1   --> A              
     e( 12 - 12) =     -8.89044  eV     1   --> A              
     e( 13 - 13) =     -8.81460  eV     1   --> A              
     e( 14 - 14) =     -8.11636  eV     1   --> A              
     e( 15 - 15) =     -7.86111  eV     1   --> A              
     e( 16 - 16) =     -7.56826  eV     1   --> A              
     e( 17 - 17) =     -6.50423  eV     1   --> A              
     e( 18 - 18) =     -1.28175  eV     1   --> A              
     e( 19 - 19) =     -0.08812  eV     1   --> A              
     e( 20 - 20) =     -0.01286  eV     1   --> A              
     e( 21 - 21) =      0.27910  eV     1   --> A              

 **************************************************************************

 **************************************************************************

                    xk=(   0.00000,   0.00000,   0.11750  )

     Band symmetry, C_1 (1)     point group:

     e(  1 -  1) =    -22.57007  eV     1   --> A              
     e(  2 -  2) =    -21.65297  eV     1   --> A              
     e(  3 -  3) =    -20.25799  eV     1   --> A              
     e(  4 -  4) =    -18.57199  eV     1   --> A              
     e(  5 -  5) =    -15.68867  eV     1   --> A              
     e(  6 -  6) =    -13.42553  eV     1   --> A              
     e(  7 -  7) =    -11.09640  eV     1   --> A              
     e(  8 -  8) =    -10.69169  eV     1   --> A              
     e(  9 -  9) =    -10.59124  eV     1   --> A              
     e( 10 - 10) =     -9.97546  eV     1   --> A              
     e( 11 - 11) =     -9.58318  eV     1   --> A              
     e( 12 - 12) =     -8.89542  eV     1   --> A              
     e( 13 - 13) =     -8.84995  eV     1   --> A              
     e( 14 - 14) =     -8.10459  eV     1   --> A              
     e( 15 - 15) =     -7.89351  eV     1   --> A              
     e( 16 - 16) =     -7.58085  eV     1   --> A              
     e( 17 - 17) =     -6.49215  eV     1   --> A              
     e( 18 - 18) =     -1.28548  eV     1   --> A              
     e( 19 - 19) =     -0.07553  eV     1   --> A              
     e( 20 - 20) =     -0.00052  eV     1   --> A              
     e( 21 - 21) =      0.29196  eV     1   --> A              

 **************************************************************************

 **************************************************************************

                    xk=(   0.00000,   0.00000,   0.12000  )

     Band symmetry, C_1 (1)     point group:

     e(  1 -  1) =    -22.55969  eV     1   --> A              
     e(  2 -  2) =    -21.64270  eV     1   --> A              
     e(  3 -  3) =    -20.24796  eV     1   --> A              
     e(  4 -  4) =    -18.56246  eV     1   --> A              
     e(  5 -  5) =    -15.68073  eV     1   --> A              
     e(  6 -  6) =    -13.41982  eV     1   --> A              
     e(  7 -  7) =    -11.10502  eV     1   --> A              
     e(  8 -  8) =    -10.71924  eV     1   --> A              
     e(  9 -  9) =    -10.57890  eV     1   --> A              
     e( 10 - 10) =    -10.01248  eV     1   --> A              
     e( 11 - 11) =     -9.57103  eV     1   --> A              
     e( 12 - 12) =     -8.90075  eV     1   --> A              
     e( 13 - 13) =     -8.88561  eV     1   --> A              
     e( 14 - 14) =     -8.09257  eV     1   --> A              
     e( 15 - 15) =     -7.92613  eV     1   --> A              
     e( 16 - 16) =     -7.59376  eV     1   --> A              
     e( 17 - 17) =     -6.47981  eV     1   --> A              
     e( 18 - 18) =     -1.28940  eV     1   --> A              
     e( 19 - 19) =     -0.06269  eV     1   --> A              
     e( 20 - 20) =      0.01206  eV     1   --> A              
     e( 21 - 21) =      0.30510  eV     1   --> A              

 **************************************************************************

 **************************************************************************

                    xk=(   0.00000,   0.00000,   0.12250  )

     Band symmetry, C_1 (1)     point group:

     e(  1 -  1) =    -22.54908  eV     1   --> A              
     e(  2 -  2) =    -21.63221  eV     1   --> A              
     e(  3 -  3) =    -20.23773  eV     1   --> A              
     e(  4 -  4) =    -18.55274  eV     1   --> A              
     e(  5 -  5) =    -15.67264  eV     1   --> A              
     e(  6 -  6) =    -13.41405  eV     1   --> A              
     e(  7 -  7) =    -11.11545  eV     1   --> A              
     e(  8 -  8) =    -10.74554  eV     1   --> A              
     e(  9 -  9) =    -10.56631  eV     1   --> A              
     e( 10 - 10) =    -10.04991  eV     1   --> A              
     e( 11 - 11) =     -9.55862  eV     1   --> A              
     e( 12 - 12) =     -8.92160  eV     1   --> A              
     e( 13 - 13) =     -8.90641  eV     1   --> A              
     e( 14 - 14) =     -8.08031  eV     1   --> A              
     e( 15 - 15) =     -7.95894  eV     1   --> A              
     e( 16 - 16) =     -7.60698  eV     1   --> A              
     e( 17 - 17) =     -6.46722  eV     1   --> A              
     e( 18 - 18) =     -1.29350  eV     1   --> A              
     e( 19 - 19) =     -0.04960  eV     1   --> A              
     e( 20 - 20) =      0.02490  eV     1   --> A              
     e( 21 - 21) =      0.31851  eV     1   --> A              

 **************************************************************************

 **************************************************************************

                    xk=(   0.00000,   0.00000,   0.12500  )

     Band symmetry, C_1 (1)     point group:

     e(  1 -  1) =    -22.53826  eV     1   --> A              
     e(  2 -  2) =    -21.62150  eV     1   --> A              
     e(  3 -  3) =    -20.22729  eV     1   --> A              
     e(  4 -  4) =    -18.54282  eV     1   --> A              
     e(  5 -  5) =    -15.66442  eV     1   --> A              
     e(  6 -  6) =    -13.40822  eV     1   --> A              
     e(  7 -  7) =    -11.12795  eV     1   --> A              
     e(  8 -  8) =    -10.77030  eV     1   --> A              
     e(  9 -  9) =    -10.55347  eV     1   --> A              
     e( 10 - 10) =    -10.08772  eV     1   --> A              
     e( 11 - 11) =     -9.54597  eV     1   --> A              
     e( 12 - 12) =     -8.95783  eV     1   --> A              
     e( 13 - 13) =     -8.91250  eV     1   --> A              
     e( 14 - 14) =     -8.06780  eV     1   --> A              
     e( 15 - 15) =     -7.99189  eV     1   --> A              
     e( 16 - 16) =     -7.62051  eV     1   --> A              
     e( 17 - 17) =     -6.45437  eV     1   --> A              
     e( 18 - 18) =     -1.29779  eV     1   --> A              
     e( 19 - 19) =     -0.03625  eV     1   --> A              
     e( 20 - 20) =      0.03798  eV     1   --> A              
     e( 21 - 21) =      0.33221  eV     1   --> A              

 **************************************************************************

 **************************************************************************

                    xk=(   0.00000,   0.00000,   0.12750  )

     Band symmetry, C_1 (1)     point group:

     e(  1 -  1) =    -22.52722  eV     1   --> A              
     e(  2 -  2) =    -21.61059  eV     1   --> A              
     e(  3 -  3) =    -20.21663  eV     1   --> A              
     e(  4 -  4) =    -18.53270  eV     1   --> A              
     e(  5 -  5) =    -15.65606  eV     1   --> A              
     e(  6 -  6) =    -13.40233  eV     1   --> A              
     e(  7 -  7) =    -11.14279  eV     1   --> A              
     e(  8 -  8) =    -10.79328  eV     1   --> A              
     e(  9 -  9) =    -10.54036  eV     1   --> A              
     e( 10 - 10) =    -10.12590  eV     1   --> A              
     e( 11 - 11) =     -9.53307  eV     1   --> A              
     e( 12 - 12) =     -8.99432  eV     1   --> A              
     e( 13 - 13) =     -8.91901  eV     1   --> A              
     e( 14 - 14) =     -8.05505  eV     1   --> A              
     e( 15 - 15) =     -8.02494  eV     1   --> A              
     e( 16 - 16) =     -7.63435  eV     1   --> A              
     e( 17 - 17) =     -6.44127  eV     1   --> A              
     e( 18 - 18) =     -1.30228  eV     1   --> A              
     e( 19 - 19) =     -0.02264  eV     1   --> A              
     e( 20 - 20) =      0.05131  eV     1   --> A              
     e( 21 - 21) =      0.34618  eV     1   --> A              

 **************************************************************************

 **************************************************************************

                    xk=(   0.00000,   0.00000,   0.13000  )

     Band symmetry, C_1 (1)     point group:

     e(  1 -  1) =    -22.51596  eV     1   --> A              
     e(  2 -  2) =    -21.59946  eV     1   --> A              
     e(  3 -  3) =    -20.20577  eV     1   --> A              
     e(  4 -  4) =    -18.52238  eV     1   --> A              
     e(  5 -  5) =    -15.64757  eV     1   --> A              
     e(  6 -  6) =    -13.39639  eV     1   --> A              
     e(  7 -  7) =    -11.16015  eV     1   --> A              
     e(  8 -  8) =    -10.81428  eV     1   --> A              
     e(  9 -  9) =    -10.52701  eV     1   --> A              
     e( 10 - 10) =    -10.16443  eV     1   --> A              
     e( 11 - 11) =     -9.51991  eV     1   --> A              
     e( 12 - 12) =     -9.03103  eV     1   --> A              
     e( 13 - 13) =     -8.92599  eV     1   --> A              
     e( 14 - 14) =     -8.05805  eV     1   --> A              
     e( 15 - 15) =     -8.04205  eV     1   --> A              
     e( 16 - 16) =     -7.64851  eV     1   --> A              
     e( 17 - 17) =     -6.42791  eV     1   --> A              
     e( 18 - 18) =     -1.30697  eV     1   --> A              
     e( 19 - 19) =     -0.00879  eV     1   --> A              
     e( 20 - 20) =      0.06488  eV     1   --> A              
     e( 21 - 21) =      0.36043  eV     1   --> A              

 **************************************************************************

 **************************************************************************

                    xk=(   0.00000,   0.00000,   0.13250  )

     Band symmetry, C_1 (1)     point group:

     e(  1 -  1) =    -22.50449  eV     1   --> A              
     e(  2 -  2) =    -21.58811  eV     1   --> A              
     e(  3 -  3) =    -20.19470  eV     1   --> A              
     e(  4 -  4) =    -18.51186  eV     1   --> A              
     e(  5 -  5) =    -15.63895  eV     1   --> A              
     e(  6 -  6) =    -13.39041  eV     1   --> A              
     e(  7 -  7) =    -11.18016  eV     1   --> A              
     e(  8 -  8) =    -10.83317  eV     1   --> A              
     e(  9 -  9) =    -10.51340  eV     1   --> A              
     e( 10 - 10) =    -10.20330  eV     1   --> A              
     e( 11 - 11) =     -9.50651  eV     1   --> A              
     e( 12 - 12) =     -9.06794  eV     1   --> A              
     e( 13 - 13) =     -8.93348  eV     1   --> A              
     e( 14 - 14) =     -8.09115  eV     1   --> A              
     e( 15 - 15) =     -8.02881  eV     1   --> A              
     e( 16 - 16) =     -7.66298  eV     1   --> A              
     e( 17 - 17) =     -6.41431  eV     1   --> A              
     e( 18 - 18) =     -1.31187  eV     1   --> A              
     e( 19 - 19) =      0.00532  eV     1   --> A              
     e( 20 - 20) =      0.07870  eV     1   --> A              
     e( 21 - 21) =      0.37496  eV     1   --> A              

 **************************************************************************

 **************************************************************************

                    xk=(   0.00000,   0.00000,   0.13500  )

     Band symmetry, C_1 (1)     point group:

     e(  1 -  1) =    -22.49280  eV     1   --> A              
     e(  2 -  2) =    -21.57655  eV     1   --> A              
     e(  3 -  3) =    -20.18342  eV     1   --> A              
     e(  4 -  4) =    -18.50114  eV     1   --> A              
     e(  5 -  5) =    -15.63020  eV     1   --> A              
     e(  6 -  6) =    -13.38439  eV     1   --> A              
     e(  7 -  7) =    -11.20283  eV     1   --> A              
     e(  8 -  8) =    -10.84995  eV     1   --> A              
     e(  9 -  9) =    -10.49953  eV     1   --> A              
     e( 10 - 10) =    -10.24248  eV     1   --> A              
     e( 11 - 11) =     -9.49286  eV     1   --> A              
     e( 12 - 12) =     -9.10502  eV     1   --> A              
     e( 13 - 13) =     -8.94152  eV     1   --> A              
     e( 14 - 14) =     -8.12419  eV     1   --> A              
     e( 15 - 15) =     -8.01532  eV     1   --> A              
     e( 16 - 16) =     -7.67775  eV     1   --> A              
     e( 17 - 17) =     -6.40045  eV     1   --> A              
     e( 18 - 18) =     -1.31699  eV     1   --> A              
     e( 19 - 19) =      0.01968  eV     1   --> A              
     e( 20 - 20) =      0.09277  eV     1   --> A              
     e( 21 - 21) =      0.38978  eV     1   --> A              

 **************************************************************************

 **************************************************************************

                    xk=(   0.00000,   0.00000,   0.13750  )

     Band symmetry, C_1 (1)     point group:

     e(  1 -  1) =    -22.48089  eV     1   --> A              
     e(  2 -  2) =    -21.56477  eV     1   --> A              
     e(  3 -  3) =    -20.17193  eV     1   --> A              
     e(  4 -  4) =    -18.49023  eV     1   --> A              
     e(  5 -  5) =    -15.62132  eV     1   --> A              
     e(  6 -  6) =    -13.37834  eV     1   --> A              
     e(  7 -  7) =    -11.22808  eV     1   --> A              
     e(  8 -  8) =    -10.86470  eV     1   --> A              
     e(  9 -  9) =    -10.48541  eV     1   --> A              
     e( 10 - 10) =    -10.28196  eV     1   --> A              
     e( 11 - 11) =     -9.47897  eV     1   --> A              
     e( 12 - 12) =     -9.14223  eV     1   --> A              
     e( 13 - 13) =     -8.95017  eV     1   --> A              
     e( 14 - 14) =     -8.15712  eV     1   --> A              
     e( 15 - 15) =     -8.00159  eV     1   --> A              
     e( 16 - 16) =     -7.69283  eV     1   --> A              
     e( 17 - 17) =     -6.38633  eV     1   --> A              
     e( 18 - 18) =     -1.32232  eV     1   --> A              
     e( 19 - 19) =      0.03429  eV     1   --> A              
     e( 20 - 20) =      0.10707  eV     1   --> A              
     e( 21 - 21) =      0.40487  eV     1   --> A              

 **************************************************************************

 **************************************************************************

                    xk=(   0.00000,   0.00000,   0.14000  )

     Band symmetry, C_1 (1)     point group:

     e(  1 -  1) =    -22.46877  eV     1   --> A              
     e(  2 -  2) =    -21.55278  eV     1   --> A              
     e(  3 -  3) =    -20.16024  eV     1   --> A              
     e(  4 -  4) =    -18.47911  eV     1   --> A              
     e(  5 -  5) =    -15.61233  eV     1   --> A              
     e(  6 -  6) =    -13.37227  eV     1   --> A              
     e(  7 -  7) =    -11.25575  eV     1   --> A              
     e(  8 -  8) =    -10.87759  eV     1   --> A              
     e(  9 -  9) =    -10.47104  eV     1   --> A              
     e( 10 - 10) =    -10.32172  eV     1   --> A              
     e( 11 - 11) =     -9.46482  eV     1   --> A              
     e( 12 - 12) =     -9.17955  eV     1   --> A              
     e( 13 - 13) =     -8.95948  eV     1   --> A              
     e( 14 - 14) =     -8.18986  eV     1   --> A              
     e( 15 - 15) =     -7.98762  eV     1   --> A              
     e( 16 - 16) =     -7.70822  eV     1   --> A              
     e( 17 - 17) =     -6.37197  eV     1   --> A              
     e( 18 - 18) =     -1.32789  eV     1   --> A              
     e( 19 - 19) =      0.04914  eV     1   --> A              
     e( 20 - 20) =      0.12162  eV     1   --> A              
     e( 21 - 21) =      0.42024  eV     1   --> A              

 **************************************************************************

 **************************************************************************

                    xk=(   0.00000,   0.00000,   0.14250  )

     Band symmetry, C_1 (1)     point group:

     e(  1 -  1) =    -22.45643  eV     1   --> A              
     e(  2 -  2) =    -21.54058  eV     1   --> A              
     e(  3 -  3) =    -20.14833  eV     1   --> A              
     e(  4 -  4) =    -18.46780  eV     1   --> A              
     e(  5 -  5) =    -15.60322  eV     1   --> A              
     e(  6 -  6) =    -13.36618  eV     1   --> A              
     e(  7 -  7) =    -11.28561  eV     1   --> A              
     e(  8 -  8) =    -10.88885  eV     1   --> A              
     e(  9 -  9) =    -10.45641  eV     1   --> A              
     e( 10 - 10) =    -10.36173  eV     1   --> A              
     e( 11 - 11) =     -9.45043  eV     1   --> A              
     e( 12 - 12) =     -9.21694  eV     1   --> A              
     e( 13 - 13) =     -8.96951  eV     1   --> A              
     e( 14 - 14) =     -8.22234  eV     1   --> A              
     e( 15 - 15) =     -7.97341  eV     1   --> A              
     e( 16 - 16) =     -7.72391  eV     1   --> A              
     e( 17 - 17) =     -6.35735  eV     1   --> A              
     e( 18 - 18) =     -1.33368  eV     1   --> A              
     e( 19 - 19) =      0.06424  eV     1   --> A              
     e( 20 - 20) =      0.13640  eV     1   --> A              
     e( 21 - 21) =      0.43589  eV     1   --> A              

 **************************************************************************

 **************************************************************************

                    xk=(   0.00000,   0.00000,   0.14500  )

     Band symmetry, C_1 (1)     point group:

     e(  1 -  1) =    -22.44387  eV     1   --> A              
     e(  2 -  2) =    -21.52816  eV     1   --> A              
     e(  3 -  3) =    -20.13622  eV     1   --> A              
     e(  4 -  4) =    -18.45629  eV     1   --> A              
     e(  5 -  5) =    -15.59399  eV     1   --> A              
     e(  6 -  6) =    -13.36008  eV     1   --> A              
     e(  7 -  7) =    -11.31742  eV     1   --> A              
     e(  8 -  8) =    -10.89873  eV     1   --> A              
     e(  9 -  9) =    -10.44153  eV     1   --> A              
     e( 10 - 10) =    -10.40199  eV     1   --> A              
     e( 11 - 11) =     -9.43579  eV     1   --> A              
     e( 12 - 12) =     -9.25437  eV     1   --> A              
     e( 13 - 13) =     -8.98032  eV     1   --> A              
     e( 14 - 14) =     -8.25449  eV     1   --> A              
     e( 15 - 15) =     -7.95896  eV     1   --> A              
     e( 16 - 16) =     -7.73991  eV     1   --> A              
     e( 17 - 17) =     -6.34248  eV     1   --> A              
     e( 18 - 18) =     -1.33972  eV     1   --> A              
     e( 19 - 19) =      0.07959  eV     1   --> A              
     e( 20 - 20) =      0.15142  eV     1   --> A              
     e( 21 - 21) =      0.45183  eV     1   --> A              

 **************************************************************************

 **************************************************************************

                    xk=(   0.00000,   0.00000,   0.14750  )

     Band symmetry, C_1 (1)     point group:

     e(  1 -  1) =    -22.43110  eV     1   --> A              
     e(  2 -  2) =    -21.51553  eV     1   --> A              
     e(  3 -  3) =    -20.12390  eV     1   --> A              
     e(  4 -  4) =    -18.44458  eV     1   --> A              
     e(  5 -  5) =    -15.58465  eV     1   --> A              
     e(  6 -  6) =    -13.35398  eV     1   --> A              
     e(  7 -  7) =    -11.35094  eV     1   --> A              
     e(  8 -  8) =    -10.90748  eV     1   --> A              
     e(  9 -  9) =    -10.44247  eV     1   --> A              
     e( 10 - 10) =    -10.42640  eV     1   --> A              
     e( 11 - 11) =     -9.42091  eV     1   --> A              
     e( 12 - 12) =     -9.29181  eV     1   --> A              
     e( 13 - 13) =     -8.99199  eV     1   --> A              
     e( 14 - 14) =     -8.28622  eV     1   --> A              
     e( 15 - 15) =     -7.94427  eV     1   --> A              
     e( 16 - 16) =     -7.75621  eV     1   --> A              
     e( 17 - 17) =     -6.32737  eV     1   --> A              
     e( 18 - 18) =     -1.34601  eV     1   --> A              
     e( 19 - 19) =      0.09519  eV     1   --> A              
     e( 20 - 20) =      0.16668  eV     1   --> A              
     e( 21 - 21) =      0.46805  eV     1   --> A              

 **************************************************************************

 **************************************************************************

                    xk=(   0.00000,   0.00000,   0.15000  )

     Band symmetry, C_1 (1)     point group:

     e(  1 -  1) =    -22.41810  eV     1   --> A              
     e(  2 -  2) =    -21.50269  eV     1   --> A              
     e(  3 -  3) =    -20.11137  eV     1   --> A              
     e(  4 -  4) =    -18.43267  eV     1   --> A              
     e(  5 -  5) =    -15.57520  eV     1   --> A              
     e(  6 -  6) =    -13.34790  eV     1   --> A              
     e(  7 -  7) =    -11.38593  eV     1   --> A              
     e(  8 -  8) =    -10.91535  eV     1   --> A              
     e(  9 -  9) =    -10.48314  eV     1   --> A              
     e( 10 - 10) =    -10.41102  eV     1   --> A              
     e( 11 - 11) =     -9.40577  eV     1   --> A              
     e( 12 - 12) =     -9.32921  eV     1   --> A              
     e( 13 - 13) =     -9.00460  eV     1   --> A              
     e( 14 - 14) =     -8.31746  eV     1   --> A              
     e( 15 - 15) =     -7.92934  eV     1   --> A              
     e( 16 - 16) =     -7.77281  eV     1   --> A              
     e( 17 - 17) =     -6.31200  eV     1   --> A              
     e( 18 - 18) =     -1.35254  eV     1   --> A              
     e( 19 - 19) =      0.11102  eV     1   --> A              
     e( 20 - 20) =      0.18218  eV     1   --> A              
     e( 21 - 21) =      0.48454  eV     1   --> A              

 **************************************************************************

 **************************************************************************

                    xk=(   0.00000,   0.00000,   0.15250  )

     Band symmetry, C_1 (1)     point group:

     e(  1 -  1) =    -22.40490  eV     1   --> A              
     e(  2 -  2) =    -21.48963  eV     1   --> A              
     e(  3 -  3) =    -20.09863  eV     1   --> A              
     e(  4 -  4) =    -18.42057  eV     1   --> A              
     e(  5 -  5) =    -15.56565  eV     1   --> A              
     e(  6 -  6) =    -13.34184  eV     1   --> A              
     e(  7 -  7) =    -11.42219  eV     1   --> A              
     e(  8 -  8) =    -10.92256  eV     1   --> A              
     e(  9 -  9) =    -10.52399  eV     1   --> A              
     e( 10 - 10) =    -10.39538  eV     1   --> A              
     e( 11 - 11) =     -9.39040  eV     1   --> A              
     e( 12 - 12) =     -9.36654  eV     1   --> A              
     e( 13 - 13) =     -9.01823  eV     1   --> A              
     e( 14 - 14) =     -8.34810  eV     1   --> A              
     e( 15 - 15) =     -7.91417  eV     1   --> A              
     e( 16 - 16) =     -7.78971  eV     1   --> A              
     e( 17 - 17) =     -6.29638  eV     1   --> A              
     e( 18 - 18) =     -1.35934  eV     1   --> A              
     e( 19 - 19) =      0.12710  eV     1   --> A              
     e( 20 - 20) =      0.19791  eV     1   --> A              
     e( 21 - 21) =      0.49442  eV     1   --> A              

 **************************************************************************

 **************************************************************************

                    xk=(   0.00000,   0.00000,   0.15500  )

     Band symmetry, C_1 (1)     point group:

     e(  1 -  1) =    -22.39148  eV     1   --> A              
     e(  2 -  2) =    -21.47636  eV     1   --> A              
     e(  3 -  3) =    -20.08569  eV     1   --> A              
     e(  4 -  4) =    -18.40826  eV     1   --> A              
     e(  5 -  5) =    -15.55601  eV     1   --> A              
     e(  6 -  6) =    -13.33580  eV     1   --> A              
     e(  7 -  7) =    -11.45955  eV     1   --> A              
     e(  8 -  8) =    -10.92929  eV     1   --> A              
     e(  9 -  9) =    -10.56500  eV     1   --> A              
     e( 10 - 10) =    -10.37949  eV     1   --> A              
     e( 11 - 11) =     -9.40375  eV     1   --> A              
     e( 12 - 12) =     -9.37478  eV     1   --> A              
     e( 13 - 13) =     -9.03294  eV     1   --> A              
     e( 14 - 14) =     -8.37807  eV     1   --> A              
     e( 15 - 15) =     -7.89877  eV     1   --> A              
     e( 16 - 16) =     -7.80691  eV     1   --> A              
     e( 17 - 17) =     -6.28052  eV     1   --> A              
     e( 18 - 18) =     -1.36640  eV     1   --> A              
     e( 19 - 19) =      0.14342  eV     1   --> A              
     e( 20 - 20) =      0.21387  eV     1   --> A              
     e( 21 - 21) =      0.49594  eV     1   --> A              

 **************************************************************************

 **************************************************************************

                    xk=(   0.00000,   0.00000,   0.15750  )

     Band symmetry, C_1 (1)     point group:

     e(  1 -  1) =    -22.37784  eV     1   --> A              
     e(  2 -  2) =    -21.46287  eV     1   --> A              
     e(  3 -  3) =    -20.07253  eV     1   --> A              
     e(  4 -  4) =    -18.39576  eV     1   --> A              
     e(  5 -  5) =    -15.54626  eV     1   --> A              
     e(  6 -  6) =    -13.32981  eV     1   --> A              
     e(  7 -  7) =    -11.49785  eV     1   --> A              
     e(  8 -  8) =    -10.93573  eV     1   --> A              
     e(  9 -  9) =    -10.60615  eV     1   --> A              
     e( 10 - 10) =    -10.36336  eV     1   --> A              
     e( 11 - 11) =     -9.44080  eV     1   --> A              
     e( 12 - 12) =     -9.35891  eV     1   --> A              
     e( 13 - 13) =     -9.04884  eV     1   --> A              
     e( 14 - 14) =     -8.40726  eV     1   --> A              
     e( 15 - 15) =     -7.88313  eV     1   --> A              
     e( 16 - 16) =     -7.82441  eV     1   --> A              
     e( 17 - 17) =     -6.26440  eV     1   --> A              
     e( 18 - 18) =     -1.37374  eV     1   --> A              
     e( 19 - 19) =      0.15998  eV     1   --> A              
     e( 20 - 20) =      0.23007  eV     1   --> A              
     e( 21 - 21) =      0.49691  eV     1   --> A              

 **************************************************************************

 **************************************************************************

                    xk=(   0.00000,   0.00000,   0.16000  )

     Band symmetry, C_1 (1)     point group:

     e(  1 -  1) =    -22.36398  eV     1   --> A              
     e(  2 -  2) =    -21.44918  eV     1   --> A              
     e(  3 -  3) =    -20.05917  eV     1   --> A              
     e(  4 -  4) =    -18.38306  eV     1   --> A              
     e(  5 -  5) =    -15.53643  eV     1   --> A              
     e(  6 -  6) =    -13.32388  eV     1   --> A              
     e(  7 -  7) =    -11.53698  eV     1   --> A              
     e(  8 -  8) =    -10.94201  eV     1   --> A              
     e(  9 -  9) =    -10.64741  eV     1   --> A              
     e( 10 - 10) =    -10.34697  eV     1   --> A              
     e( 11 - 11) =     -9.47764  eV     1   --> A              
     e( 12 - 12) =     -9.34281  eV     1   --> A              
     e( 13 - 13) =     -9.06598  eV     1   --> A              
     e( 14 - 14) =     -8.43560  eV     1   --> A              
     e( 15 - 15) =     -7.86725  eV     1   --> A              
     e( 16 - 16) =     -7.84220  eV     1   --> A              
     e( 17 - 17) =     -6.24804  eV     1   --> A              
     e( 18 - 18) =     -1.38135  eV     1   --> A              
     e( 19 - 19) =      0.17678  eV     1   --> A              
     e( 20 - 20) =      0.24649  eV     1   --> A              
     e( 21 - 21) =      0.49730  eV     1   --> A              

 **************************************************************************

 **************************************************************************

                    xk=(   0.00000,   0.00000,   0.16250  )

     Band symmetry, C_1 (1)     point group:

     e(  1 -  1) =    -22.34991  eV     1   --> A              
     e(  2 -  2) =    -21.43527  eV     1   --> A              
     e(  3 -  3) =    -20.04561  eV     1   --> A              
     e(  4 -  4) =    -18.37017  eV     1   --> A              
     e(  5 -  5) =    -15.52651  eV     1   --> A              
     e(  6 -  6) =    -13.31801  eV     1   --> A              
     e(  7 -  7) =    -11.57682  eV     1   --> A              
     e(  8 -  8) =    -10.94827  eV     1   --> A              
     e(  9 -  9) =    -10.68876  eV     1   --> A              
     e( 10 - 10) =    -10.33032  eV     1   --> A              
     e( 11 - 11) =     -9.51422  eV     1   --> A              
     e( 12 - 12) =     -9.32645  eV     1   --> A              
     e( 13 - 13) =     -9.08446  eV     1   --> A              
     e( 14 - 14) =     -8.46299  eV     1   --> A              
     e( 15 - 15) =     -7.86028  eV     1   --> A              
     e( 16 - 16) =     -7.85113  eV     1   --> A              
     e( 17 - 17) =     -6.23143  eV     1   --> A              
     e( 18 - 18) =     -1.38925  eV     1   --> A              
     e( 19 - 19) =      0.19381  eV     1   --> A              
     e( 20 - 20) =      0.26315  eV     1   --> A              
     e( 21 - 21) =      0.49709  eV     1   --> A              

 **************************************************************************

 **************************************************************************

                    xk=(   0.00000,   0.00000,   0.16500  )

     Band symmetry, C_1 (1)     point group:

     e(  1 -  1) =    -22.33563  eV     1   --> A              
     e(  2 -  2) =    -21.42114  eV     1   --> A              
     e(  3 -  3) =    -20.03184  eV     1   --> A              
     e(  4 -  4) =    -18.35707  eV     1   --> A              
     e(  5 -  5) =    -15.51652  eV     1   --> A              
     e(  6 -  6) =    -13.31223  eV     1   --> A              
     e(  7 -  7) =    -11.61727  eV     1   --> A              
     e(  8 -  8) =    -10.95464  eV     1   --> A              
     e(  9 -  9) =    -10.73017  eV     1   --> A              
     e( 10 - 10) =    -10.31343  eV     1   --> A              
     e( 11 - 11) =     -9.55048  eV     1   --> A              
     e( 12 - 12) =     -9.30986  eV     1   --> A              
     e( 13 - 13) =     -9.10433  eV     1   --> A              
     e( 14 - 14) =     -8.48938  eV     1   --> A              
     e( 15 - 15) =     -7.87866  eV     1   --> A              
     e( 16 - 16) =     -7.83478  eV     1   --> A              
     e( 17 - 17) =     -6.21457  eV     1   --> A              
     e( 18 - 18) =     -1.39744  eV     1   --> A              
     e( 19 - 19) =      0.21108  eV     1   --> A              
     e( 20 - 20) =      0.28003  eV     1   --> A              
     e( 21 - 21) =      0.49626  eV     1   --> A              

 **************************************************************************

 **************************************************************************

                    xk=(   0.00000,   0.00000,   0.16750  )

     Band symmetry, C_1 (1)     point group:

     e(  1 -  1) =    -22.32113  eV     1   --> A              
     e(  2 -  2) =    -21.40681  eV     1   --> A              
     e(  3 -  3) =    -20.01786  eV     1   --> A              
     e(  4 -  4) =    -18.34378  eV     1   --> A              
     e(  5 -  5) =    -15.50645  eV     1   --> A              
     e(  6 -  6) =    -13.30655  eV     1   --> A              
     e(  7 -  7) =    -11.65826  eV     1   --> A              
     e(  8 -  8) =    -10.96123  eV     1   --> A              
     e(  9 -  9) =    -10.77162  eV     1   --> A              
     e( 10 - 10) =    -10.29629  eV     1   --> A              
     e( 11 - 11) =     -9.58638  eV     1   --> A              
     e( 12 - 12) =     -9.29303  eV     1   --> A              
     e( 13 - 13) =     -9.12564  eV     1   --> A              
     e( 14 - 14) =     -8.51469  eV     1   --> A              
     e( 15 - 15) =     -7.89733  eV     1   --> A              
     e( 16 - 16) =     -7.81820  eV     1   --> A              
     e( 17 - 17) =     -6.19747  eV     1   --> A              
     e( 18 - 18) =     -1.40592  eV     1   --> A              
     e( 19 - 19) =      0.22859  eV     1   --> A              
     e( 20 - 20) =      0.29713  eV     1   --> A              
     e( 21 - 21) =      0.49480  eV     1   --> A              

 **************************************************************************

 **************************************************************************

                    xk=(   0.00000,   0.00000,   0.17000  )

     Band symmetry, C_1 (1)     point group:

     e(  1 -  1) =    -22.30641  eV     1   --> A              
     e(  2 -  2) =    -21.39226  eV     1   --> A              
     e(  3 -  3) =    -20.00367  eV     1   --> A              
     e(  4 -  4) =    -18.33029  eV     1   --> A              
     e(  5 -  5) =    -15.49631  eV     1   --> A              
     e(  6 -  6) =    -13.30098  eV     1   --> A              
     e(  7 -  7) =    -11.69973  eV     1   --> A              
     e(  8 -  8) =    -10.96813  eV     1   --> A              
     e(  9 -  9) =    -10.81308  eV     1   --> A              
     e( 10 - 10) =    -10.27891  eV     1   --> A              
     e( 11 - 11) =     -9.62184  eV     1   --> A              
     e( 12 - 12) =     -9.27595  eV     1   --> A              
     e( 13 - 13) =     -9.14844  eV     1   --> A              
     e( 14 - 14) =     -8.53888  eV     1   --> A              
     e( 15 - 15) =     -7.91628  eV     1   --> A              
     e( 16 - 16) =     -7.80138  eV     1   --> A              
     e( 17 - 17) =     -6.18012  eV     1   --> A              
     e( 18 - 18) =     -1.41471  eV     1   --> A              
     e( 19 - 19) =      0.24633  eV     1   --> A              
     e( 20 - 20) =      0.31446  eV     1   --> A              
     e( 21 - 21) =      0.49268  eV     1   --> A              

 **************************************************************************

 **************************************************************************

                    xk=(   0.00000,   0.00000,   0.17250  )

     Band symmetry, C_1 (1)     point group:

     e(  1 -  1) =    -22.29148  eV     1   --> A              
     e(  2 -  2) =    -21.37749  eV     1   --> A              
     e(  3 -  3) =    -19.98928  eV     1   --> A              
     e(  4 -  4) =    -18.31660  eV     1   --> A              
     e(  5 -  5) =    -15.48611  eV     1   --> A              
     e(  6 -  6) =    -13.29555  eV     1   --> A              
     e(  7 -  7) =    -11.74161  eV     1   --> A              
     e(  8 -  8) =    -10.97544  eV     1   --> A              
     e(  9 -  9) =    -10.85453  eV     1   --> A              
     e( 10 - 10) =    -10.26127  eV     1   --> A              
     e( 11 - 11) =     -9.65681  eV     1   --> A              
     e( 12 - 12) =     -9.25863  eV     1   --> A              
     e( 13 - 13) =     -9.17273  eV     1   --> A              
     e( 14 - 14) =     -8.56192  eV     1   --> A              
     e( 15 - 15) =     -7.93553  eV     1   --> A              
     e( 16 - 16) =     -7.78434  eV     1   --> A              
     e( 17 - 17) =     -6.16253  eV     1   --> A              
     e( 18 - 18) =     -1.42381  eV     1   --> A              
     e( 19 - 19) =      0.26430  eV     1   --> A              
     e( 20 - 20) =      0.33201  eV     1   --> A              
     e( 21 - 21) =      0.48990  eV     1   --> A              

 **************************************************************************

 **************************************************************************

                    xk=(   0.00000,   0.00000,   0.17500  )

     Band symmetry, C_1 (1)     point group:

     e(  1 -  1) =    -22.27633  eV     1   --> A              
     e(  2 -  2) =    -21.36252  eV     1   --> A              
     e(  3 -  3) =    -19.97468  eV     1   --> A              
     e(  4 -  4) =    -18.30272  eV     1   --> A              
     e(  5 -  5) =    -15.47585  eV     1   --> A              
     e(  6 -  6) =    -13.29027  eV     1   --> A              
     e(  7 -  7) =    -11.78385  eV     1   --> A              
     e(  8 -  8) =    -10.98327  eV     1   --> A              
     e(  9 -  9) =    -10.89594  eV     1   --> A              
     e( 10 - 10) =    -10.24338  eV     1   --> A              
     e( 11 - 11) =     -9.69122  eV     1   --> A              
     e( 12 - 12) =     -9.24107  eV     1   --> A              
     e( 13 - 13) =     -9.19853  eV     1   --> A              
     e( 14 - 14) =     -8.58381  eV     1   --> A              
     e( 15 - 15) =     -7.95506  eV     1   --> A              
     e( 16 - 16) =     -7.76706  eV     1   --> A              
     e( 17 - 17) =     -6.14469  eV     1   --> A              
     e( 18 - 18) =     -1.43323  eV     1   --> A              
     e( 19 - 19) =      0.28250  eV     1   --> A              
     e( 20 - 20) =      0.34978  eV     1   --> A              
     e( 21 - 21) =      0.48645  eV     1   --> A              

 **************************************************************************

 **************************************************************************

                    xk=(   0.00000,   0.00000,   0.17750  )

     Band symmetry, C_1 (1)     point group:

     e(  1 -  1) =    -22.26097  eV     1   --> A              
     e(  2 -  2) =    -21.34734  eV     1   --> A              
     e(  3 -  3) =    -19.95987  eV     1   --> A              
     e(  4 -  4) =    -18.28864  eV     1   --> A              
     e(  5 -  5) =    -15.46555  eV     1   --> A              
     e(  6 -  6) =    -13.28516  eV     1   --> A              
     e(  7 -  7) =    -11.82640  eV     1   --> A              
     e(  8 -  8) =    -10.99170  eV     1   --> A              
     e(  9 -  9) =    -10.93727  eV     1   --> A              
     e( 10 - 10) =    -10.22525  eV     1   --> A              
     e( 11 - 11) =     -9.72501  eV     1   --> A              
     e( 12 - 12) =     -9.22582  eV     1   --> A              
     e( 13 - 13) =     -9.22328  eV     1   --> A              
     e( 14 - 14) =     -8.60454  eV     1   --> A              
     e( 15 - 15) =     -7.97487  eV     1   --> A              
     e( 16 - 16) =     -7.74955  eV     1   --> A              
     e( 17 - 17) =     -6.12661  eV     1   --> A              
     e( 18 - 18) =     -1.44296  eV     1   --> A              
     e( 19 - 19) =      0.30094  eV     1   --> A              
     e( 20 - 20) =      0.36777  eV     1   --> A              
     e( 21 - 21) =      0.48231  eV     1   --> A              

 **************************************************************************

 **************************************************************************

                    xk=(   0.00000,   0.00000,   0.18000  )

     Band symmetry, C_1 (1)     point group:

     e(  1 -  1) =    -22.24539  eV     1   --> A              
     e(  2 -  2) =    -21.33194  eV     1   --> A              
     e(  3 -  3) =    -19.94486  eV     1   --> A              
     e(  4 -  4) =    -18.27437  eV     1   --> A              
     e(  5 -  5) =    -15.45521  eV     1   --> A              
     e(  6 -  6) =    -13.28025  eV     1   --> A              
     e(  7 -  7) =    -11.86923  eV     1   --> A              
     e(  8 -  8) =    -11.00083  eV     1   --> A              
     e(  9 -  9) =    -10.97848  eV     1   --> A              
     e( 10 - 10) =    -10.20686  eV     1   --> A              
     e( 11 - 11) =     -9.75809  eV     1   --> A              
     e( 12 - 12) =     -9.25456  eV     1   --> A              
     e( 13 - 13) =     -9.20524  eV     1   --> A              
     e( 14 - 14) =     -8.62416  eV     1   --> A              
     e( 15 - 15) =     -7.99496  eV     1   --> A              
     e( 16 - 16) =     -7.73181  eV     1   --> A              
     e( 17 - 17) =     -6.10829  eV     1   --> A              
     e( 18 - 18) =     -1.45302  eV     1   --> A              
     e( 19 - 19) =      0.31960  eV     1   --> A              
     e( 20 - 20) =      0.38598  eV     1   --> A              
     e( 21 - 21) =      0.47747  eV     1   --> A              

 **************************************************************************

 **************************************************************************

                    xk=(   0.00000,   0.00000,   0.18250  )

     Band symmetry, C_1 (1)     point group:

     e(  1 -  1) =    -22.22960  eV     1   --> A              
     e(  2 -  2) =    -21.31633  eV     1   --> A              
     e(  3 -  3) =    -19.92965  eV     1   --> A              
     e(  4 -  4) =    -18.25989  eV     1   --> A              
     e(  5 -  5) =    -15.44484  eV     1   --> A              
     e(  6 -  6) =    -13.27556  eV     1   --> A              
     e(  7 -  7) =    -11.91229  eV     1   --> A              
     e(  8 -  8) =    -11.01970  eV     1   --> A              
     e(  9 -  9) =    -11.01060  eV     1   --> A              
     e( 10 - 10) =    -10.18823  eV     1   --> A              
     e( 11 - 11) =     -9.79041  eV     1   --> A              
     e( 12 - 12) =     -9.28470  eV     1   --> A              
     e( 13 - 13) =     -9.18697  eV     1   --> A              
     e( 14 - 14) =     -8.64270  eV     1   --> A              
     e( 15 - 15) =     -8.01534  eV     1   --> A              
     e( 16 - 16) =     -7.71385  eV     1   --> A              
     e( 17 - 17) =     -6.08972  eV     1   --> A              
     e( 18 - 18) =     -1.46342  eV     1   --> A              
     e( 19 - 19) =      0.33848  eV     1   --> A              
     e( 20 - 20) =      0.40440  eV     1   --> A              
     e( 21 - 21) =      0.47193  eV     1   --> A              

 **************************************************************************

 **************************************************************************

                    xk=(   0.00000,   0.00000,   0.18500  )

     Band symmetry, C_1 (1)     point group:

     e(  1 -  1) =    -22.21360  eV     1   --> A              
     e(  2 -  2) =    -21.30051  eV     1   --> A              
     e(  3 -  3) =    -19.91423  eV     1   --> A              
     e(  4 -  4) =    -18.24522  eV     1   --> A              
     e(  5 -  5) =    -15.43444  eV     1   --> A              
     e(  6 -  6) =    -13.27112  eV     1   --> A              
     e(  7 -  7) =    -11.95554  eV     1   --> A              
     e(  8 -  8) =    -11.06056  eV     1   --> A              
     e(  9 -  9) =    -11.02141  eV     1   --> A              
     e( 10 - 10) =    -10.16936  eV     1   --> A              
     e( 11 - 11) =     -9.82187  eV     1   --> A              
     e( 12 - 12) =     -9.31619  eV     1   --> A              
     e( 13 - 13) =     -9.16846  eV     1   --> A              
     e( 14 - 14) =     -8.66022  eV     1   --> A              
     e( 15 - 15) =     -8.03599  eV     1   --> A              
     e( 16 - 16) =     -7.69565  eV     1   --> A              
     e( 17 - 17) =     -6.07092  eV     1   --> A              
     e( 18 - 18) =     -1.47415  eV     1   --> A              
     e( 19 - 19) =      0.35760  eV     1   --> A              
     e( 20 - 20) =      0.42303  eV     1   --> A              
     e( 21 - 21) =      0.46569  eV     1   --> A              

 **************************************************************************

 **************************************************************************

                    xk=(   0.00000,   0.00000,   0.18750  )

     Band symmetry, C_1 (1)     point group:

     e(  1 -  1) =    -22.19738  eV     1   --> A              
     e(  2 -  2) =    -21.28447  eV     1   --> A              
     e(  3 -  3) =    -19.89860  eV     1   --> A              
     e(  4 -  4) =    -18.23036  eV     1   --> A              
     e(  5 -  5) =    -15.42403  eV     1   --> A              
     e(  6 -  6) =    -13.26695  eV     1   --> A              
     e(  7 -  7) =    -11.99897  eV     1   --> A              
     e(  8 -  8) =    -11.10128  eV     1   --> A              
     e(  9 -  9) =    -11.03310  eV     1   --> A              
     e( 10 - 10) =    -10.15024  eV     1   --> A              
     e( 11 - 11) =     -9.85242  eV     1   --> A              
     e( 12 - 12) =     -9.34894  eV     1   --> A              
     e( 13 - 13) =     -9.14971  eV     1   --> A              
     e( 14 - 14) =     -8.67677  eV     1   --> A              
     e( 15 - 15) =     -8.05692  eV     1   --> A              
     e( 16 - 16) =     -7.67724  eV     1   --> A              
     e( 17 - 17) =     -6.05187  eV     1   --> A              
     e( 18 - 18) =     -1.48523  eV     1   --> A              
     e( 19 - 19) =      0.37693  eV     1   --> A              
     e( 20 - 20) =      0.44187  eV     1   --> A              
     e( 21 - 21) =      0.45872  eV     1   --> A              

 **************************************************************************

 **************************************************************************

                    xk=(   0.00000,   0.00000,   0.19000  )

     Band symmetry, C_1 (1)     point group:

     e(  1 -  1) =    -22.18094  eV     1   --> A              
     e(  2 -  2) =    -21.26823  eV     1   --> A              
     e(  3 -  3) =    -19.88277  eV     1   --> A              
     e(  4 -  4) =    -18.21529  eV     1   --> A              
     e(  5 -  5) =    -15.41361  eV     1   --> A              
     e(  6 -  6) =    -13.26308  eV     1   --> A              
     e(  7 -  7) =    -12.04252  eV     1   --> A              
     e(  8 -  8) =    -11.14175  eV     1   --> A              
     e(  9 -  9) =    -11.04581  eV     1   --> A              
     e( 10 - 10) =    -10.13087  eV     1   --> A              
     e( 11 - 11) =     -9.88198  eV     1   --> A              
     e( 12 - 12) =     -9.38289  eV     1   --> A              
     e( 13 - 13) =     -9.13073  eV     1   --> A              
     e( 14 - 14) =     -8.69243  eV     1   --> A              
     e( 15 - 15) =     -8.07812  eV     1   --> A              
     e( 16 - 16) =     -7.65859  eV     1   --> A              
     e( 17 - 17) =     -6.03258  eV     1   --> A              
     e( 18 - 18) =     -1.49666  eV     1   --> A              
     e( 19 - 19) =      0.39649  eV     1   --> A              
     e( 20 - 20) =      0.45104  eV     1   --> A              
     e( 21 - 21) =      0.46092  eV     1   --> A              

 **************************************************************************

 **************************************************************************

                    xk=(   0.00000,   0.00000,   0.19250  )

     Band symmetry, C_1 (1)     point group:

     e(  1 -  1) =    -22.16429  eV     1   --> A              
     e(  2 -  2) =    -21.25177  eV     1   --> A              
     e(  3 -  3) =    -19.86673  eV     1   --> A              
     e(  4 -  4) =    -18.20004  eV     1   --> A              
     e(  5 -  5) =    -15.40321  eV     1   --> A              
     e(  6 -  6) =    -13.25955  eV     1   --> A              
     e(  7 -  7) =    -12.08618  eV     1   --> A              
     e(  8 -  8) =    -11.18194  eV     1   --> A              
     e(  9 -  9) =    -11.05960  eV     1   --> A              
     e( 10 - 10) =    -10.11125  eV     1   --> A              
     e( 11 - 11) =     -9.91047  eV     1   --> A              
     e( 12 - 12) =     -9.41795  eV     1   --> A              
     e( 13 - 13) =     -9.11151  eV     1   --> A              
     e( 14 - 14) =     -8.70728  eV     1   --> A              
     e( 15 - 15) =     -8.09959  eV     1   --> A              
     e( 16 - 16) =     -7.63973  eV     1   --> A              
     e( 17 - 17) =     -6.01306  eV     1   --> A              
     e( 18 - 18) =     -1.50844  eV     1   --> A              
     e( 19 - 19) =      0.41627  eV     1   --> A              
     e( 20 - 20) =      0.44264  eV     1   --> A              
     e( 21 - 21) =      0.48018  eV     1   --> A              

 **************************************************************************

 **************************************************************************

                    xk=(   0.00000,   0.00000,   0.19500  )

     Band symmetry, C_1 (1)     point group:

     e(  1 -  1) =    -22.14743  eV     1   --> A              
     e(  2 -  2) =    -21.23511  eV     1   --> A              
     e(  3 -  3) =    -19.85049  eV     1   --> A              
     e(  4 -  4) =    -18.18458  eV     1   --> A              
     e(  5 -  5) =    -15.39282  eV     1   --> A              
     e(  6 -  6) =    -13.25639  eV     1   --> A              
     e(  7 -  7) =    -12.12992  eV     1   --> A              
     e(  8 -  8) =    -11.22181  eV     1   --> A              
     e(  9 -  9) =    -11.07457  eV     1   --> A              
     e( 10 - 10) =    -10.09140  eV     1   --> A              
     e( 11 - 11) =     -9.93783  eV     1   --> A              
     e( 12 - 12) =     -9.45404  eV     1   --> A              
     e( 13 - 13) =     -9.09206  eV     1   --> A              
     e( 14 - 14) =     -8.72139  eV     1   --> A              
     e( 15 - 15) =     -8.12133  eV     1   --> A              
     e( 16 - 16) =     -7.62064  eV     1   --> A              
     e( 17 - 17) =     -5.99329  eV     1   --> A              
     e( 18 - 18) =     -1.52058  eV     1   --> A              
     e( 19 - 19) =      0.43352  eV     1   --> A              
     e( 20 - 20) =      0.43628  eV     1   --> A              
     e( 21 - 21) =      0.49964  eV     1   --> A              

 **************************************************************************

 **************************************************************************

                    xk=(   0.00000,   0.00000,   0.19750  )

     Band symmetry, C_1 (1)     point group:

     e(  1 -  1) =    -22.13035  eV     1   --> A              
     e(  2 -  2) =    -21.21823  eV     1   --> A              
     e(  3 -  3) =    -19.83405  eV     1   --> A              
     e(  4 -  4) =    -18.16894  eV     1   --> A              
     e(  5 -  5) =    -15.38246  eV     1   --> A              
     e(  6 -  6) =    -13.25364  eV     1   --> A              
     e(  7 -  7) =    -12.17370  eV     1   --> A              
     e(  8 -  8) =    -11.26130  eV     1   --> A              
     e(  9 -  9) =    -11.09076  eV     1   --> A              
     e( 10 - 10) =    -10.07129  eV     1   --> A              
     e( 11 - 11) =     -9.96399  eV     1   --> A              
     e( 12 - 12) =     -9.49109  eV     1   --> A              
     e( 13 - 13) =     -9.07237  eV     1   --> A              
     e( 14 - 14) =     -8.73482  eV     1   --> A              
     e( 15 - 15) =     -8.14334  eV     1   --> A              
     e( 16 - 16) =     -7.60133  eV     1   --> A              
     e( 17 - 17) =     -5.97329  eV     1   --> A              
     e( 18 - 18) =     -1.53309  eV     1   --> A              
     e( 19 - 19) =      0.42367  eV     1   --> A              
     e( 20 - 20) =      0.45649  eV     1   --> A              
     e( 21 - 21) =      0.51930  eV     1   --> A              

 **************************************************************************

 **************************************************************************

                    xk=(   0.00000,   0.00000,   0.20000  )

     Band symmetry, C_1 (1)     point group:

     e(  1 -  1) =    -22.11306  eV     1   --> A              
     e(  2 -  2) =    -21.20114  eV     1   --> A              
     e(  3 -  3) =    -19.81740  eV     1   --> A              
     e(  4 -  4) =    -18.15309  eV     1   --> A              
     e(  5 -  5) =    -15.37214  eV     1   --> A              
     e(  6 -  6) =    -13.25134  eV     1   --> A              
     e(  7 -  7) =    -12.21750  eV     1   --> A              
     e(  8 -  8) =    -11.30038  eV     1   --> A              
     e(  9 -  9) =    -11.10823  eV     1   --> A              
     e( 10 - 10) =    -10.05095  eV     1   --> A              
     e( 11 - 11) =     -9.98891  eV     1   --> A              
     e( 12 - 12) =     -9.52901  eV     1   --> A              
     e( 13 - 13) =     -9.05245  eV     1   --> A              
     e( 14 - 14) =     -8.74766  eV     1   --> A              
     e( 15 - 15) =     -8.16561  eV     1   --> A              
     e( 16 - 16) =     -7.58180  eV     1   --> A              
     e( 17 - 17) =     -5.95305  eV     1   --> A              
     e( 18 - 18) =     -1.54597  eV     1   --> A              
     e( 19 - 19) =      0.41310  eV     1   --> A              
     e( 20 - 20) =      0.47693  eV     1   --> A              
     e( 21 - 21) =      0.53917  eV     1   --> A              

 **************************************************************************

 **************************************************************************

                    xk=(   0.00000,   0.00000,   0.20250  )

     Band symmetry, C_1 (1)     point group:

     e(  1 -  1) =    -22.09556  eV     1   --> A              
     e(  2 -  2) =    -21.18384  eV     1   --> A              
     e(  3 -  3) =    -19.80055  eV     1   --> A              
     e(  4 -  4) =    -18.13705  eV     1   --> A              
     e(  5 -  5) =    -15.36187  eV     1   --> A              
     e(  6 -  6) =    -13.24953  eV     1   --> A              
     e(  7 -  7) =    -12.26129  eV     1   --> A              
     e(  8 -  8) =    -11.33898  eV     1   --> A              
     e(  9 -  9) =    -11.12703  eV     1   --> A              
     e( 10 - 10) =    -10.03036  eV     1   --> A              
     e( 11 - 11) =    -10.01253  eV     1   --> A              
     e( 12 - 12) =     -9.56774  eV     1   --> A              
     e( 13 - 13) =     -9.03230  eV     1   --> A              
     e( 14 - 14) =     -8.75996  eV     1   --> A              
     e( 15 - 15) =     -8.18815  eV     1   --> A              
     e( 16 - 16) =     -7.56206  eV     1   --> A              
     e( 17 - 17) =     -5.93258  eV     1   --> A              
     e( 18 - 18) =     -1.55922  eV     1   --> A              
     e( 19 - 19) =      0.40181  eV     1   --> A              
     e( 20 - 20) =      0.49759  eV     1   --> A              
     e( 21 - 21) =      0.55923  eV     1   --> A              

 **************************************************************************

 **************************************************************************

                    xk=(   0.00000,   0.00000,   0.20500  )

     Band symmetry, C_1 (1)     point group:

     e(  1 -  1) =    -22.07784  eV     1   --> A              
     e(  2 -  2) =    -21.16634  eV     1   --> A              
     e(  3 -  3) =    -19.78350  eV     1   --> A              
     e(  4 -  4) =    -18.12082  eV     1   --> A              
     e(  5 -  5) =    -15.35168  eV     1   --> A              
     e(  6 -  6) =    -13.24826  eV     1   --> A              
     e(  7 -  7) =    -12.30504  eV     1   --> A              
     e(  8 -  8) =    -11.37707  eV     1   --> A              
     e(  9 -  9) =    -11.14721  eV     1   --> A              
     e( 10 - 10) =    -10.03482  eV     1   --> A              
     e( 11 - 11) =    -10.00953  eV     1   --> A              
     e( 12 - 12) =     -9.60720  eV     1   --> A              
     e( 13 - 13) =     -9.01192  eV     1   --> A              
     e( 14 - 14) =     -8.77179  eV     1   --> A              
     e( 15 - 15) =     -8.21094  eV     1   --> A              
     e( 16 - 16) =     -7.54209  eV     1   --> A              
     e( 17 - 17) =     -5.91187  eV     1   --> A              
     e( 18 - 18) =     -1.57285  eV     1   --> A              
     e( 19 - 19) =      0.38980  eV     1   --> A              
     e( 20 - 20) =      0.51845  eV     1   --> A              
     e( 21 - 21) =      0.57948  eV     1   --> A              

 **************************************************************************

 **************************************************************************

                    xk=(   0.00000,   0.00000,   0.20750  )

     Band symmetry, C_1 (1)     point group:

     e(  1 -  1) =    -22.05991  eV     1   --> A              
     e(  2 -  2) =    -21.14862  eV     1   --> A              
     e(  3 -  3) =    -19.76624  eV     1   --> A              
     e(  4 -  4) =    -18.10439  eV     1   --> A              
     e(  5 -  5) =    -15.34158  eV     1   --> A              
     e(  6 -  6) =    -13.24757  eV     1   --> A              
     e(  7 -  7) =    -12.34872  eV     1   --> A              
     e(  8 -  8) =    -11.41457  eV     1   --> A              
     e(  9 -  9) =    -11.16877  eV     1   --> A              
     e( 10 - 10) =    -10.05575  eV     1   --> A              
     e( 11 - 11) =     -9.98846  eV     1   --> A              
     e( 12 - 12) =     -9.64734  eV     1   --> A              
     e( 13 - 13) =     -8.99130  eV     1   --> A              
     e( 14 - 14) =     -8.78320  eV     1   --> A              
     e( 15 - 15) =     -8.23399  eV     1   --> A              
     e( 16 - 16) =     -7.52191  eV     1   --> A              
     e( 17 - 17) =     -5.89093  eV     1   --> A              
     e( 18 - 18) =     -1.58686  eV     1   --> A              
     e( 19 - 19) =      0.37708  eV     1   --> A              
     e( 20 - 20) =      0.53953  eV     1   --> A              
     e( 21 - 21) =      0.59993  eV     1   --> A              

 **************************************************************************

 **************************************************************************

                    xk=(   0.00000,   0.00000,   0.21000  )

     Band symmetry, C_1 (1)     point group:

     e(  1 -  1) =    -22.04177  eV     1   --> A              
     e(  2 -  2) =    -21.13069  eV     1   --> A              
     e(  3 -  3) =    -19.74878  eV     1   --> A              
     e(  4 -  4) =    -18.08777  eV     1   --> A              
     e(  5 -  5) =    -15.33157  eV     1   --> A              
     e(  6 -  6) =    -13.24752  eV     1   --> A              
     e(  7 -  7) =    -12.39232  eV     1   --> A              
     e(  8 -  8) =    -11.45145  eV     1   --> A              
     e(  9 -  9) =    -11.19175  eV     1   --> A              
     e( 10 - 10) =    -10.07531  eV     1   --> A              
     e( 11 - 11) =     -9.96714  eV     1   --> A              
     e( 12 - 12) =     -9.68809  eV     1   --> A              
     e( 13 - 13) =     -8.97046  eV     1   --> A              
     e( 14 - 14) =     -8.79426  eV     1   --> A              
     e( 15 - 15) =     -8.25730  eV     1   --> A              
     e( 16 - 16) =     -7.50152  eV     1   --> A              
     e( 17 - 17) =     -5.86976  eV     1   --> A              
     e( 18 - 18) =     -1.60125  eV     1   --> A              
     e( 19 - 19) =      0.36364  eV     1   --> A              
     e( 20 - 20) =      0.56083  eV     1   --> A              
     e( 21 - 21) =      0.62057  eV     1   --> A              

 **************************************************************************

 **************************************************************************

                    xk=(   0.00000,   0.00000,   0.21250  )

     Band symmetry, C_1 (1)     point group:

     e(  1 -  1) =    -22.02341  eV     1   --> A              
     e(  2 -  2) =    -21.11255  eV     1   --> A              
     e(  3 -  3) =    -19.73112  eV     1   --> A              
     e(  4 -  4) =    -18.07095  eV     1   --> A              
     e(  5 -  5) =    -15.32169  eV     1   --> A              
     e(  6 -  6) =    -13.24816  eV     1   --> A              
     e(  7 -  7) =    -12.43579  eV     1   --> A              
     e(  8 -  8) =    -11.48763  eV     1   --> A              
     e(  9 -  9) =    -11.21613  eV     1   --> A              
     e( 10 - 10) =    -10.09348  eV     1   --> A              
     e( 11 - 11) =     -9.94558  eV     1   --> A              
     e( 12 - 12) =     -9.72941  eV     1   --> A              
     e( 13 - 13) =     -8.94939  eV     1   --> A              
     e( 14 - 14) =     -8.80500  eV     1   --> A              
     e( 15 - 15) =     -8.28087  eV     1   --> A              
     e( 16 - 16) =     -7.48092  eV     1   --> A              
     e( 17 - 17) =     -5.84836  eV     1   --> A              
     e( 18 - 18) =     -1.61604  eV     1   --> A              
     e( 19 - 19) =      0.34949  eV     1   --> A              
     e( 20 - 20) =      0.58233  eV     1   --> A              
     e( 21 - 21) =      0.64139  eV     1   --> A              

 **************************************************************************

 **************************************************************************

                    xk=(   0.00000,   0.00000,   0.21500  )

     Band symmetry, C_1 (1)     point group:

     e(  1 -  1) =    -22.00484  eV     1   --> A              
     e(  2 -  2) =    -21.09421  eV     1   --> A              
     e(  3 -  3) =    -19.71326  eV     1   --> A              
     e(  4 -  4) =    -18.05394  eV     1   --> A              
     e(  5 -  5) =    -15.31195  eV     1   --> A              
     e(  6 -  6) =    -13.24955  eV     1   --> A              
     e(  7 -  7) =    -12.47911  eV     1   --> A              
     e(  8 -  8) =    -11.52305  eV     1   --> A              
     e(  9 -  9) =    -11.24191  eV     1   --> A              
     e( 10 - 10) =    -10.11029  eV     1   --> A              
     e( 11 - 11) =     -9.92379  eV     1   --> A              
     e( 12 - 12) =     -9.77123  eV     1   --> A              
     e( 13 - 13) =     -8.92809  eV     1   --> A              
     e( 14 - 14) =     -8.81547  eV     1   --> A              
     e( 15 - 15) =     -8.30468  eV     1   --> A              
     e( 16 - 16) =     -7.46010  eV     1   --> A              
     e( 17 - 17) =     -5.82673  eV     1   --> A              
     e( 18 - 18) =     -1.63122  eV     1   --> A              
     e( 19 - 19) =      0.33465  eV     1   --> A              
     e( 20 - 20) =      0.60405  eV     1   --> A              
     e( 21 - 21) =      0.66240  eV     1   --> A              

 **************************************************************************

 **************************************************************************

                    xk=(   0.00000,   0.00000,   0.21750  )

     Band symmetry, C_1 (1)     point group:

     e(  1 -  1) =    -21.98606  eV     1   --> A              
     e(  2 -  2) =    -21.07565  eV     1   --> A              
     e(  3 -  3) =    -19.69519  eV     1   --> A              
     e(  4 -  4) =    -18.03673  eV     1   --> A              
     e(  5 -  5) =    -15.30237  eV     1   --> A              
     e(  6 -  6) =    -13.25174  eV     1   --> A              
     e(  7 -  7) =    -12.52225  eV     1   --> A              
     e(  8 -  8) =    -11.55765  eV     1   --> A              
     e(  9 -  9) =    -11.26908  eV     1   --> A              
     e( 10 - 10) =    -10.12574  eV     1   --> A              
     e( 11 - 11) =     -9.90175  eV     1   --> A              
     e( 12 - 12) =     -9.81353  eV     1   --> A              
     e( 13 - 13) =     -8.90657  eV     1   --> A              
     e( 14 - 14) =     -8.82570  eV     1   --> A              
     e( 15 - 15) =     -8.32874  eV     1   --> A              
     e( 16 - 16) =     -7.43908  eV     1   --> A              
     e( 17 - 17) =     -5.80487  eV     1   --> A              
     e( 18 - 18) =     -1.64680  eV     1   --> A              
     e( 19 - 19) =      0.31910  eV     1   --> A              
     e( 20 - 20) =      0.62597  eV     1   --> A              
     e( 21 - 21) =      0.68360  eV     1   --> A              

 **************************************************************************

 **************************************************************************

                    xk=(   0.00000,   0.00000,   0.22000  )

     Band symmetry, C_1 (1)     point group:

     e(  1 -  1) =    -21.96707  eV     1   --> A              
     e(  2 -  2) =    -21.05688  eV     1   --> A              
     e(  3 -  3) =    -19.67693  eV     1   --> A              
     e(  4 -  4) =    -18.01933  eV     1   --> A              
     e(  5 -  5) =    -15.29298  eV     1   --> A              
     e(  6 -  6) =    -13.25480  eV     1   --> A              
     e(  7 -  7) =    -12.56517  eV     1   --> A              
     e(  8 -  8) =    -11.59137  eV     1   --> A              
     e(  9 -  9) =    -11.29759  eV     1   --> A              
     e( 10 - 10) =    -10.13986  eV     1   --> A              
     e( 11 - 11) =     -9.87948  eV     1   --> A              
     e( 12 - 12) =     -9.85625  eV     1   --> A              
     e( 13 - 13) =     -8.88482  eV     1   --> A              
     e( 14 - 14) =     -8.83574  eV     1   --> A              
     e( 15 - 15) =     -8.35304  eV     1   --> A              
     e( 16 - 16) =     -7.41785  eV     1   --> A              
     e( 17 - 17) =     -5.78278  eV     1   --> A              
     e( 18 - 18) =     -1.66277  eV     1   --> A              
     e( 19 - 19) =      0.30287  eV     1   --> A              
     e( 20 - 20) =      0.64809  eV     1   --> A              
     e( 21 - 21) =      0.70497  eV     1   --> A              

 **************************************************************************

 **************************************************************************

                    xk=(   0.00000,   0.00000,   0.22250  )

     Band symmetry, C_1 (1)     point group:

     e(  1 -  1) =    -21.94786  eV     1   --> A              
     e(  2 -  2) =    -21.03791  eV     1   --> A              
     e(  3 -  3) =    -19.65846  eV     1   --> A              
     e(  4 -  4) =    -18.00174  eV     1   --> A              
     e(  5 -  5) =    -15.28379  eV     1   --> A              
     e(  6 -  6) =    -13.25879  eV     1   --> A              
     e(  7 -  7) =    -12.60785  eV     1   --> A              
     e(  8 -  8) =    -11.62412  eV     1   --> A              
     e(  9 -  9) =    -11.32741  eV     1   --> A              
     e( 10 - 10) =    -10.15270  eV     1   --> A              
     e( 11 - 11) =     -9.89936  eV     1   --> A              
     e( 12 - 12) =     -9.85697  eV     1   --> A              
     e( 13 - 13) =     -8.86285  eV     1   --> A              
     e( 14 - 14) =     -8.84562  eV     1   --> A              
     e( 15 - 15) =     -8.37759  eV     1   --> A              
     e( 16 - 16) =     -7.39641  eV     1   --> A              
     e( 17 - 17) =     -5.76046  eV     1   --> A              
     e( 18 - 18) =     -1.67915  eV     1   --> A              
     e( 19 - 19) =      0.28595  eV     1   --> A              
     e( 20 - 20) =      0.67043  eV     1   --> A              
     e( 21 - 21) =      0.72651  eV     1   --> A              

 **************************************************************************

 **************************************************************************

                    xk=(   0.00000,   0.00000,   0.22500  )

     Band symmetry, C_1 (1)     point group:

     e(  1 -  1) =    -21.92844  eV     1   --> A              
     e(  2 -  2) =    -21.01873  eV     1   --> A              
     e(  3 -  3) =    -19.63979  eV     1   --> A              
     e(  4 -  4) =    -17.98395  eV     1   --> A              
     e(  5 -  5) =    -15.27483  eV     1   --> A              
     e(  6 -  6) =    -13.26378  eV     1   --> A              
     e(  7 -  7) =    -12.65025  eV     1   --> A              
     e(  8 -  8) =    -11.65585  eV     1   --> A              
     e(  9 -  9) =    -11.35849  eV     1   --> A              
     e( 10 - 10) =    -10.16429  eV     1   --> A              
     e( 11 - 11) =     -9.94282  eV     1   --> A              
     e( 12 - 12) =     -9.83421  eV     1   --> A              
     e( 13 - 13) =     -8.85536  eV     1   --> A              
     e( 14 - 14) =     -8.84065  eV     1   --> A              
     e( 15 - 15) =     -8.40238  eV     1   --> A              
     e( 16 - 16) =     -7.37477  eV     1   --> A              
     e( 17 - 17) =     -5.73792  eV     1   --> A              
     e( 18 - 18) =     -1.69593  eV     1   --> A              
     e( 19 - 19) =      0.26835  eV     1   --> A              
     e( 20 - 20) =      0.69296  eV     1   --> A              
     e( 21 - 21) =      0.74824  eV     1   --> A              

 **************************************************************************

 **************************************************************************

                    xk=(   0.00000,   0.00000,   0.22750  )

     Band symmetry, C_1 (1)     point group:

     e(  1 -  1) =    -21.90882  eV     1   --> A              
     e(  2 -  2) =    -20.99934  eV     1   --> A              
     e(  3 -  3) =    -19.62093  eV     1   --> A              
     e(  4 -  4) =    -17.96598  eV     1   --> A              
     e(  5 -  5) =    -15.26613  eV     1   --> A              
     e(  6 -  6) =    -13.26982  eV     1   --> A              
     e(  7 -  7) =    -12.69234  eV     1   --> A              
     e(  8 -  8) =    -11.68649  eV     1   --> A              
     e(  9 -  9) =    -11.39078  eV     1   --> A              
     e( 10 - 10) =    -10.17469  eV     1   --> A              
     e( 11 - 11) =     -9.98662  eV     1   --> A              
     e( 12 - 12) =     -9.81123  eV     1   --> A              
     e( 13 - 13) =     -8.86500  eV     1   --> A              
     e( 14 - 14) =     -8.81823  eV     1   --> A              
     e( 15 - 15) =     -8.42740  eV     1   --> A              
     e( 16 - 16) =     -7.35293  eV     1   --> A              
     e( 17 - 17) =     -5.71516  eV     1   --> A              
     e( 18 - 18) =     -1.71312  eV     1   --> A              
     e( 19 - 19) =      0.25009  eV     1   --> A              
     e( 20 - 20) =      0.71570  eV     1   --> A              
     e( 21 - 21) =      0.77013  eV     1   --> A              

 **************************************************************************

 **************************************************************************

                    xk=(   0.00000,   0.00000,   0.23000  )

     Band symmetry, C_1 (1)     point group:

     e(  1 -  1) =    -21.88898  eV     1   --> A              
     e(  2 -  2) =    -20.97974  eV     1   --> A              
     e(  3 -  3) =    -19.60186  eV     1   --> A              
     e(  4 -  4) =    -17.94781  eV     1   --> A              
     e(  5 -  5) =    -15.25772  eV     1   --> A              
     e(  6 -  6) =    -13.27698  eV     1   --> A              
     e(  7 -  7) =    -12.73408  eV     1   --> A              
     e(  8 -  8) =    -11.71597  eV     1   --> A              
     e(  9 -  9) =    -11.42422  eV     1   --> A              
     e( 10 - 10) =    -10.18395  eV     1   --> A              
     e( 11 - 11) =    -10.03070  eV     1   --> A              
     e( 12 - 12) =     -9.78800  eV     1   --> A              
     e( 13 - 13) =     -8.87455  eV     1   --> A              
     e( 14 - 14) =     -8.79559  eV     1   --> A              
     e( 15 - 15) =     -8.45266  eV     1   --> A              
     e( 16 - 16) =     -7.33088  eV     1   --> A              
     e( 17 - 17) =     -5.69217  eV     1   --> A              
     e( 18 - 18) =     -1.73071  eV     1   --> A              
     e( 19 - 19) =      0.23117  eV     1   --> A              
     e( 20 - 20) =      0.73865  eV     1   --> A              
     e( 21 - 21) =      0.79219  eV     1   --> A              

 **************************************************************************

 **************************************************************************

                    xk=(   0.00000,   0.00000,   0.23250  )

     Band symmetry, C_1 (1)     point group:

     e(  1 -  1) =    -21.86892  eV     1   --> A              
     e(  2 -  2) =    -20.95994  eV     1   --> A              
     e(  3 -  3) =    -19.58259  eV     1   --> A              
     e(  4 -  4) =    -17.92944  eV     1   --> A              
     e(  5 -  5) =    -15.24963  eV     1   --> A              
     e(  6 -  6) =    -13.28533  eV     1   --> A              
     e(  7 -  7) =    -12.77543  eV     1   --> A              
     e(  8 -  8) =    -11.74421  eV     1   --> A              
     e(  9 -  9) =    -11.45874  eV     1   --> A              
     e( 10 - 10) =    -10.19214  eV     1   --> A              
     e( 11 - 11) =    -10.07505  eV     1   --> A              
     e( 12 - 12) =     -9.76454  eV     1   --> A              
     e( 13 - 13) =     -8.88403  eV     1   --> A              
     e( 14 - 14) =     -8.77273  eV     1   --> A              
     e( 15 - 15) =     -8.47815  eV     1   --> A              
     e( 16 - 16) =     -7.30865  eV     1   --> A              
     e( 17 - 17) =     -5.66897  eV     1   --> A              
     e( 18 - 18) =     -1.74871  eV     1   --> A              
     e( 19 - 19) =      0.21159  eV     1   --> A              
     e( 20 - 20) =      0.76179  eV     1   --> A              
     e( 21 - 21) =      0.81441  eV     1   --> A              

 **************************************************************************

 **************************************************************************

                    xk=(   0.00000,   0.00000,   0.23500  )

     Band symmetry, C_1 (1)     point group:

     e(  1 -  1) =    -21.84866  eV     1   --> A              
     e(  2 -  2) =    -20.93993  eV     1   --> A              
     e(  3 -  3) =    -19.56313  eV     1   --> A              
     e(  4 -  4) =    -17.91089  eV     1   --> A              
     e(  5 -  5) =    -15.24189  eV     1   --> A              
     e(  6 -  6) =    -13.29491  eV     1   --> A              
     e(  7 -  7) =    -12.81636  eV     1   --> A              
     e(  8 -  8) =    -11.77117  eV     1   --> A              
     e(  9 -  9) =    -11.49430  eV     1   --> A              
     e( 10 - 10) =    -10.19930  eV     1   --> A              
     e( 11 - 11) =    -10.11964  eV     1   --> A              
     e( 12 - 12) =     -9.74085  eV     1   --> A              
     e( 13 - 13) =     -8.89347  eV     1   --> A              
     e( 14 - 14) =     -8.74965  eV     1   --> A              
     e( 15 - 15) =     -8.50387  eV     1   --> A              
     e( 16 - 16) =     -7.28621  eV     1   --> A              
     e( 17 - 17) =     -5.64555  eV     1   --> A              
     e( 18 - 18) =     -1.76713  eV     1   --> A              
     e( 19 - 19) =      0.19137  eV     1   --> A              
     e( 20 - 20) =      0.78513  eV     1   --> A              
     e( 21 - 21) =      0.83680  eV     1   --> A              

 **************************************************************************

 **************************************************************************

                    xk=(   0.00000,   0.00000,   0.23750  )

     Band symmetry, C_1 (1)     point group:

     e(  1 -  1) =    -21.82819  eV     1   --> A              
     e(  2 -  2) =    -20.91971  eV     1   --> A              
     e(  3 -  3) =    -19.54347  eV     1   --> A              
     e(  4 -  4) =    -17.89214  eV     1   --> A              
     e(  5 -  5) =    -15.23454  eV     1   --> A              
     e(  6 -  6) =    -13.30580  eV     1   --> A              
     e(  7 -  7) =    -12.85681  eV     1   --> A              
     e(  8 -  8) =    -11.79677  eV     1   --> A              
     e(  9 -  9) =    -11.53081  eV     1   --> A              
     e( 10 - 10) =    -10.20551  eV     1   --> A              
     e( 11 - 11) =    -10.16444  eV     1   --> A              
     e( 12 - 12) =     -9.71692  eV     1   --> A              
     e( 13 - 13) =     -8.90288  eV     1   --> A              
     e( 14 - 14) =     -8.72636  eV     1   --> A              
     e( 15 - 15) =     -8.52982  eV     1   --> A              
     e( 16 - 16) =     -7.26358  eV     1   --> A              
     e( 17 - 17) =     -5.62190  eV     1   --> A              
     e( 18 - 18) =     -1.78595  eV     1   --> A              
     e( 19 - 19) =      0.17052  eV     1   --> A              
     e( 20 - 20) =      0.80867  eV     1   --> A              
     e( 21 - 21) =      0.85934  eV     1   --> A              

 **************************************************************************

 **************************************************************************

                    xk=(   0.00000,   0.00000,   0.24000  )

     Band symmetry, C_1 (1)     point group:

     e(  1 -  1) =    -21.80751  eV     1   --> A              
     e(  2 -  2) =    -20.89928  eV     1   --> A              
     e(  3 -  3) =    -19.52361  eV     1   --> A              
     e(  4 -  4) =    -17.87320  eV     1   --> A              
     e(  5 -  5) =    -15.22761  eV     1   --> A              
     e(  6 -  6) =    -13.31802  eV     1   --> A              
     e(  7 -  7) =    -12.89675  eV     1   --> A              
     e(  8 -  8) =    -11.82097  eV     1   --> A              
     e(  9 -  9) =    -11.56823  eV     1   --> A              
     e( 10 - 10) =    -10.21151  eV     1   --> A              
     e( 11 - 11) =    -10.20875  eV     1   --> A              
     e( 12 - 12) =     -9.69275  eV     1   --> A              
     e( 13 - 13) =     -8.91228  eV     1   --> A              
     e( 14 - 14) =     -8.70285  eV     1   --> A              
     e( 15 - 15) =     -8.55599  eV     1   --> A              
     e( 16 - 16) =     -7.24076  eV     1   --> A              
     e( 17 - 17) =     -5.59805  eV     1   --> A              
     e( 18 - 18) =     -1.80519  eV     1   --> A              
     e( 19 - 19) =      0.14904  eV     1   --> A              
     e( 20 - 20) =      0.83240  eV     1   --> A              
     e( 21 - 21) =      0.88204  eV     1   --> A              

 **************************************************************************

 **************************************************************************

                    xk=(   0.00000,   0.00000,   0.24250  )

     Band symmetry, C_1 (1)     point group:

     e(  1 -  1) =    -21.78661  eV     1   --> A              
     e(  2 -  2) =    -20.87865  eV     1   --> A              
     e(  3 -  3) =    -19.50355  eV     1   --> A              
     e(  4 -  4) =    -17.85407  eV     1   --> A              
     e(  5 -  5) =    -15.22115  eV     1   --> A              
     e(  6 -  6) =    -13.33164  eV     1   --> A              
     e(  7 -  7) =    -12.93614  eV     1   --> A              
     e(  8 -  8) =    -11.84372  eV     1   --> A              
     e(  9 -  9) =    -11.60648  eV     1   --> A              
     e( 10 - 10) =    -10.25474  eV     1   --> A              
     e( 11 - 11) =    -10.21518  eV     1   --> A              
     e( 12 - 12) =     -9.66836  eV     1   --> A              
     e( 13 - 13) =     -8.92168  eV     1   --> A              
     e( 14 - 14) =     -8.67912  eV     1   --> A              
     e( 15 - 15) =     -8.58238  eV     1   --> A              
     e( 16 - 16) =     -7.21776  eV     1   --> A              
     e( 17 - 17) =     -5.57398  eV     1   --> A              
     e( 18 - 18) =     -1.82484  eV     1   --> A              
     e( 19 - 19) =      0.12696  eV     1   --> A              
     e( 20 - 20) =      0.85633  eV     1   --> A              
     e( 21 - 21) =      0.90490  eV     1   --> A              

 **************************************************************************

 **************************************************************************

                    xk=(   0.00000,   0.00000,   0.24500  )

     Band symmetry, C_1 (1)     point group:

     e(  1 -  1) =    -21.76551  eV     1   --> A              
     e(  2 -  2) =    -20.85781  eV     1   --> A              
     e(  3 -  3) =    -19.48329  eV     1   --> A              
     e(  4 -  4) =    -17.83476  eV     1   --> A              
     e(  5 -  5) =    -15.21520  eV     1   --> A              
     e(  6 -  6) =    -13.34668  eV     1   --> A              
     e(  7 -  7) =    -12.97492  eV     1   --> A              
     e(  8 -  8) =    -11.86498  eV     1   --> A              
     e(  9 -  9) =    -11.64551  eV     1   --> A              
     e( 10 - 10) =    -10.30008  eV     1   --> A              
     e( 11 - 11) =    -10.21886  eV     1   --> A              
     e( 12 - 12) =     -9.64373  eV     1   --> A              
     e( 13 - 13) =     -8.93109  eV     1   --> A              
     e( 14 - 14) =     -8.65518  eV     1   --> A              
     e( 15 - 15) =     -8.60898  eV     1   --> A              
     e( 16 - 16) =     -7.19456  eV     1   --> A              
     e( 17 - 17) =     -5.54969  eV     1   --> A              
     e( 18 - 18) =     -1.84490  eV     1   --> A              
     e( 19 - 19) =      0.10427  eV     1   --> A              
     e( 20 - 20) =      0.88045  eV     1   --> A              
     e( 21 - 21) =      0.92790  eV     1   --> A              

 **************************************************************************

 **************************************************************************

                    xk=(   0.00000,   0.00000,   0.24750  )

     Band symmetry, C_1 (1)     point group:

     e(  1 -  1) =    -21.74419  eV     1   --> A              
     e(  2 -  2) =    -20.83676  eV     1   --> A              
     e(  3 -  3) =    -19.46284  eV     1   --> A              
     e(  4 -  4) =    -17.81525  eV     1   --> A              
     e(  5 -  5) =    -15.20980  eV     1   --> A              
     e(  6 -  6) =    -13.36317  eV     1   --> A              
     e(  7 -  7) =    -13.01304  eV     1   --> A              
     e(  8 -  8) =    -11.88471  eV     1   --> A              
     e(  9 -  9) =    -11.68526  eV     1   --> A              
     e( 10 - 10) =    -10.34558  eV     1   --> A              
     e( 11 - 11) =    -10.22180  eV     1   --> A              
     e( 12 - 12) =     -9.61887  eV     1   --> A              
     e( 13 - 13) =     -8.94053  eV     1   --> A              
     e( 14 - 14) =     -8.63581  eV     1   --> A              
     e( 15 - 15) =     -8.63103  eV     1   --> A              
     e( 16 - 16) =     -7.17119  eV     1   --> A              
     e( 17 - 17) =     -5.52520  eV     1   --> A              
     e( 18 - 18) =     -1.86537  eV     1   --> A              
     e( 19 - 19) =      0.08099  eV     1   --> A              
     e( 20 - 20) =      0.90477  eV     1   --> A              
     e( 21 - 21) =      0.95104  eV     1   --> A              

 **************************************************************************

 **************************************************************************

                    xk=(   0.00000,   0.00000,   0.25000  )

     Band symmetry, C_1 (1)     point group:

     e(  1 -  1) =    -21.72267  eV     1   --> A              
     e(  2 -  2) =    -20.81551  eV     1   --> A              
     e(  3 -  3) =    -19.44219  eV     1   --> A              
     e(  4 -  4) =    -17.79554  eV     1   --> A              
     e(  5 -  5) =    -15.20500  eV     1   --> A              
     e(  6 -  6) =    -13.38113  eV     1   --> A              
     e(  7 -  7) =    -13.05045  eV     1   --> A              
     e(  8 -  8) =    -11.90291  eV     1   --> A              
     e(  9 -  9) =    -11.72568  eV     1   --> A              
     e( 10 - 10) =    -10.39122  eV     1   --> A              
     e( 11 - 11) =    -10.22404  eV     1   --> A              
     e( 12 - 12) =     -9.59378  eV     1   --> A              
     e( 13 - 13) =     -8.95001  eV     1   --> A              
     e( 14 - 14) =     -8.66284  eV     1   --> A              
     e( 15 - 15) =     -8.60666  eV     1   --> A              
     e( 16 - 16) =     -7.14763  eV     1   --> A              
     e( 17 - 17) =     -5.50050  eV     1   --> A              
     e( 18 - 18) =     -1.88625  eV     1   --> A              
     e( 19 - 19) =      0.05712  eV     1   --> A              
     e( 20 - 20) =      0.92928  eV     1   --> A              
     e( 21 - 21) =      0.97433  eV     1   --> A              

 **************************************************************************

 **************************************************************************

                    xk=(   0.00000,   0.00000,   0.25250  )

     Band symmetry, C_1 (1)     point group:

     e(  1 -  1) =    -21.70094  eV     1   --> A              
     e(  2 -  2) =    -20.79406  eV     1   --> A              
     e(  3 -  3) =    -19.42135  eV     1   --> A              
     e(  4 -  4) =    -17.77565  eV     1   --> A              
     e(  5 -  5) =    -15.20085  eV     1   --> A              
     e(  6 -  6) =    -13.40057  eV     1   --> A              
     e(  7 -  7) =    -13.08710  eV     1   --> A              
     e(  8 -  8) =    -11.91956  eV     1   --> A              
     e(  9 -  9) =    -11.76670  eV     1   --> A              
     e( 10 - 10) =    -10.43697  eV     1   --> A              
     e( 11 - 11) =    -10.22565  eV     1   --> A              
     e( 12 - 12) =     -9.56846  eV     1   --> A              
     e( 13 - 13) =     -8.95954  eV     1   --> A              
     e( 14 - 14) =     -8.69008  eV     1   --> A              
     e( 15 - 15) =     -8.58209  eV     1   --> A              
     e( 16 - 16) =     -7.12390  eV     1   --> A              
     e( 17 - 17) =     -5.47559  eV     1   --> A              
     e( 18 - 18) =     -1.90754  eV     1   --> A              
     e( 19 - 19) =      0.03270  eV     1   --> A              
     e( 20 - 20) =      0.95398  eV     1   --> A              
     e( 21 - 21) =      0.99776  eV     1   --> A              

 **************************************************************************

 **************************************************************************

                    xk=(   0.00000,   0.00000,   0.25500  )

     Band symmetry, C_1 (1)     point group:

     e(  1 -  1) =    -21.67900  eV     1   --> A              
     e(  2 -  2) =    -20.77240  eV     1   --> A              
     e(  3 -  3) =    -19.40031  eV     1   --> A              
     e(  4 -  4) =    -17.75558  eV     1   --> A              
     e(  5 -  5) =    -15.19740  eV     1   --> A              
     e(  6 -  6) =    -13.42149  eV     1   --> A              
     e(  7 -  7) =    -13.12293  eV     1   --> A              
     e(  8 -  8) =    -11.93465  eV     1   --> A              
     e(  9 -  9) =    -11.80829  eV     1   --> A              
     e( 10 - 10) =    -10.48281  eV     1   --> A              
     e( 11 - 11) =    -10.22667  eV     1   --> A              
     e( 12 - 12) =     -9.54291  eV     1   --> A              
     e( 13 - 13) =     -8.96912  eV     1   --> A              
     e( 14 - 14) =     -8.71752  eV     1   --> A              
     e( 15 - 15) =     -8.55731  eV     1   --> A              
     e( 16 - 16) =     -7.09999  eV     1   --> A              
     e( 17 - 17) =     -5.45048  eV     1   --> A              
     e( 18 - 18) =     -1.92923  eV     1   --> A              
     e( 19 - 19) =      0.00771  eV     1   --> A              
     e( 20 - 20) =      0.97886  eV     1   --> A              
     e( 21 - 21) =      1.02133  eV     1   --> A              

 **************************************************************************

 **************************************************************************

                    xk=(   0.00000,   0.00000,   0.25750  )

     Band symmetry, C_1 (1)     point group:

     e(  1 -  1) =    -21.65684  eV     1   --> A              
     e(  2 -  2) =    -20.75053  eV     1   --> A              
     e(  3 -  3) =    -19.37908  eV     1   --> A              
     e(  4 -  4) =    -17.73531  eV     1   --> A              
     e(  5 -  5) =    -15.19471  eV     1   --> A              
     e(  6 -  6) =    -13.44387  eV     1   --> A              
     e(  7 -  7) =    -13.15789  eV     1   --> A              
     e(  8 -  8) =    -11.94820  eV     1   --> A              
     e(  9 -  9) =    -11.85040  eV     1   --> A              
     e( 10 - 10) =    -10.52874  eV     1   --> A              
     e( 11 - 11) =    -10.22715  eV     1   --> A              
     e( 12 - 12) =     -9.51714  eV     1   --> A              
     e( 13 - 13) =     -8.97877  eV     1   --> A              
     e( 14 - 14) =     -8.74517  eV     1   --> A              
     e( 15 - 15) =     -8.53233  eV     1   --> A              
     e( 16 - 16) =     -7.07591  eV     1   --> A              
     e( 17 - 17) =     -5.42517  eV     1   --> A              
     e( 18 - 18) =     -1.95133  eV     1   --> A              
     e( 19 - 19) =     -0.01782  eV     1   --> A              
     e( 20 - 20) =      1.00394  eV     1   --> A              
     e( 21 - 21) =      1.04502  eV     1   --> A              

 **************************************************************************

 **************************************************************************

                    xk=(   0.00000,   0.00000,   0.26000  )

     Band symmetry, C_1 (1)     point group:

     e(  1 -  1) =    -21.63448  eV     1   --> A              
     e(  2 -  2) =    -20.72846  eV     1   --> A              
     e(  3 -  3) =    -19.35766  eV     1   --> A              
     e(  4 -  4) =    -17.71485  eV     1   --> A              
     e(  5 -  5) =    -15.19283  eV     1   --> A              
     e(  6 -  6) =    -13.46770  eV     1   --> A              
     e(  7 -  7) =    -13.19191  eV     1   --> A              
     e(  8 -  8) =    -11.96023  eV     1   --> A              
     e(  9 -  9) =    -11.89297  eV     1   --> A              
     e( 10 - 10) =    -10.57474  eV     1   --> A              
     e( 11 - 11) =    -10.22712  eV     1   --> A              
     e( 12 - 12) =     -9.49113  eV     1   --> A              
     e( 13 - 13) =     -8.98849  eV     1   --> A              
     e( 14 - 14) =     -8.77301  eV     1   --> A              
     e( 15 - 15) =     -8.50714  eV     1   --> A              
     e( 16 - 16) =     -7.05167  eV     1   --> A              
     e( 17 - 17) =     -5.39966  eV     1   --> A              
     e( 18 - 18) =     -1.97383  eV     1   --> A              
     e( 19 - 19) =     -0.04388  eV     1   --> A              
     e( 20 - 20) =      1.02920  eV     1   --> A              
     e( 21 - 21) =      1.06885  eV     1   --> A              

 **************************************************************************

 **************************************************************************

                    xk=(   0.00000,   0.00000,   0.26250  )

     Band symmetry, C_1 (1)     point group:

     e(  1 -  1) =    -21.61192  eV     1   --> A              
     e(  2 -  2) =    -20.70619  eV     1   --> A              
     e(  3 -  3) =    -19.33604  eV     1   --> A              
     e(  4 -  4) =    -17.69421  eV     1   --> A              
     e(  5 -  5) =    -15.19182  eV     1   --> A              
     e(  6 -  6) =    -13.49294  eV     1   --> A              
     e(  7 -  7) =    -13.22493  eV     1   --> A              
     e(  8 -  8) =    -11.97077  eV     1   --> A              
     e(  9 -  9) =    -11.93596  eV     1   --> A              
     e( 10 - 10) =    -10.62080  eV     1   --> A              
     e( 11 - 11) =    -10.22662  eV     1   --> A              
     e( 12 - 12) =     -9.46490  eV     1   --> A              
     e( 13 - 13) =     -8.99829  eV     1   --> A              
     e( 14 - 14) =     -8.80105  eV     1   --> A              
     e( 15 - 15) =     -8.48174  eV     1   --> A              
     e( 16 - 16) =     -7.02725  eV     1   --> A              
     e( 17 - 17) =     -5.37395  eV     1   --> A              
     e( 18 - 18) =     -1.99673  eV     1   --> A              
     e( 19 - 19) =     -0.07046  eV     1   --> A              
     e( 20 - 20) =      1.05464  eV     1   --> A              
     e( 21 - 21) =      1.09280  eV     1   --> A              

 **************************************************************************

 **************************************************************************

                    xk=(   0.00000,   0.00000,   0.26500  )

     Band symmetry, C_1 (1)     point group:

     e(  1 -  1) =    -21.58914  eV     1   --> A              
     e(  2 -  2) =    -20.68371  eV     1   --> A              
     e(  3 -  3) =    -19.31423  eV     1   --> A              
     e(  4 -  4) =    -17.67338  eV     1   --> A              
     e(  5 -  5) =    -15.19174  eV     1   --> A              
     e(  6 -  6) =    -13.51955  eV     1   --> A              
     e(  7 -  7) =    -13.25690  eV     1   --> A              
     e(  8 -  8) =    -11.98050  eV     1   --> A              
     e(  9 -  9) =    -11.97871  eV     1   --> A              
     e( 10 - 10) =    -10.66689  eV     1   --> A              
     e( 11 - 11) =    -10.22569  eV     1   --> A              
     e( 12 - 12) =     -9.43845  eV     1   --> A              
     e( 13 - 13) =     -9.00817  eV     1   --> A              
     e( 14 - 14) =     -8.82928  eV     1   --> A              
     e( 15 - 15) =     -8.45615  eV     1   --> A              
     e( 16 - 16) =     -7.00268  eV     1   --> A              
     e( 17 - 17) =     -5.34805  eV     1   --> A              
     e( 18 - 18) =     -2.02002  eV     1   --> A              
     e( 19 - 19) =     -0.09754  eV     1   --> A              
     e( 20 - 20) =      1.08027  eV     1   --> A              
     e( 21 - 21) =      1.11687  eV     1   --> A              

 **************************************************************************

 **************************************************************************

                    xk=(   0.00000,   0.00000,   0.26750  )

     Band symmetry, C_1 (1)     point group:

     e(  1 -  1) =    -21.56616  eV     1   --> A              
     e(  2 -  2) =    -20.66103  eV     1   --> A              
     e(  3 -  3) =    -19.29223  eV     1   --> A              
     e(  4 -  4) =    -17.65236  eV     1   --> A              
     e(  5 -  5) =    -15.19264  eV     1   --> A              
     e(  6 -  6) =    -13.54751  eV     1   --> A              
     e(  7 -  7) =    -13.28775  eV     1   --> A              
     e(  8 -  8) =    -12.02315  eV     1   --> A              
     e(  9 -  9) =    -11.98748  eV     1   --> A              
     e( 10 - 10) =    -10.71301  eV     1   --> A              
     e( 11 - 11) =    -10.22436  eV     1   --> A              
     e( 12 - 12) =     -9.41177  eV     1   --> A              
     e( 13 - 13) =     -9.01815  eV     1   --> A              
     e( 14 - 14) =     -8.85770  eV     1   --> A              
     e( 15 - 15) =     -8.43035  eV     1   --> A              
     e( 16 - 16) =     -6.97795  eV     1   --> A              
     e( 17 - 17) =     -5.32195  eV     1   --> A              
     e( 18 - 18) =     -2.04371  eV     1   --> A              
     e( 19 - 19) =     -0.12512  eV     1   --> A              
     e( 20 - 20) =      1.10608  eV     1   --> A              
     e( 21 - 21) =      1.14106  eV     1   --> A              

 **************************************************************************

 **************************************************************************

                    xk=(   0.00000,   0.00000,   0.27000  )

     Band symmetry, C_1 (1)     point group:

     e(  1 -  1) =    -21.54297  eV     1   --> A              
     e(  2 -  2) =    -20.63815  eV     1   --> A              
     e(  3 -  3) =    -19.27004  eV     1   --> A              
     e(  4 -  4) =    -17.63115  eV     1   --> A              
     e(  5 -  5) =    -15.19460  eV     1   --> A              
     e(  6 -  6) =    -13.57674  eV     1   --> A              
     e(  7 -  7) =    -13.31742  eV     1   --> A              
     e(  8 -  8) =    -12.06720  eV     1   --> A              
     e(  9 -  9) =    -11.99380  eV     1   --> A              
     e( 10 - 10) =    -10.75914  eV     1   --> A              
     e( 11 - 11) =    -10.22266  eV     1   --> A              
     e( 12 - 12) =     -9.38486  eV     1   --> A              
     e( 13 - 13) =     -9.02822  eV     1   --> A              
     e( 14 - 14) =     -8.88631  eV     1   --> A              
     e( 15 - 15) =     -8.40436  eV     1   --> A              
     e( 16 - 16) =     -6.95307  eV     1   --> A              
     e( 17 - 17) =     -5.29567  eV     1   --> A              
     e( 18 - 18) =     -2.06778  eV     1   --> A              
     e( 19 - 19) =     -0.15317  eV     1   --> A              
     e( 20 - 20) =      1.13207  eV     1   --> A              
     e( 21 - 21) =      1.16536  eV     1   --> A              

 **************************************************************************

 **************************************************************************

                    xk=(   0.00000,   0.00000,   0.27250  )

     Band symmetry, C_1 (1)     point group:

     e(  1 -  1) =    -21.51957  eV     1   --> A              
     e(  2 -  2) =    -20.61506  eV     1   --> A              
     e(  3 -  3) =    -19.24767  eV     1   --> A              
     e(  4 -  4) =    -17.60976  eV     1   --> A              
     e(  5 -  5) =    -15.19766  eV     1   --> A              
     e(  6 -  6) =    -13.60720  eV     1   --> A              
     e(  7 -  7) =    -13.34585  eV     1   --> A              
     e(  8 -  8) =    -12.11154  eV     1   --> A              
     e(  9 -  9) =    -11.99881  eV     1   --> A              
     e( 10 - 10) =    -10.80526  eV     1   --> A              
     e( 11 - 11) =    -10.22061  eV     1   --> A              
     e( 12 - 12) =     -9.35774  eV     1   --> A              
     e( 13 - 13) =     -9.03840  eV     1   --> A              
     e( 14 - 14) =     -8.91509  eV     1   --> A              
     e( 15 - 15) =     -8.37817  eV     1   --> A              
     e( 16 - 16) =     -6.92803  eV     1   --> A              
     e( 17 - 17) =     -5.26920  eV     1   --> A              
     e( 18 - 18) =     -2.09224  eV     1   --> A              
     e( 19 - 19) =     -0.18169  eV     1   --> A              
     e( 20 - 20) =      1.15824  eV     1   --> A              
     e( 21 - 21) =      1.18978  eV     1   --> A              

 **************************************************************************

 **************************************************************************

                    xk=(   0.00000,   0.00000,   0.27500  )

     Band symmetry, C_1 (1)     point group:

     e(  1 -  1) =    -21.49596  eV     1   --> A              
     e(  2 -  2) =    -20.59178  eV     1   --> A              
     e(  3 -  3) =    -19.22510  eV     1   --> A              
     e(  4 -  4) =    -17.58819  eV     1   --> A              
     e(  5 -  5) =    -15.20188  eV     1   --> A              
     e(  6 -  6) =    -13.63884  eV     1   --> A              
     e(  7 -  7) =    -13.37298  eV     1   --> A              
     e(  8 -  8) =    -12.15613  eV     1   --> A              
     e(  9 -  9) =    -12.00259  eV     1   --> A              
     e( 10 - 10) =    -10.85137  eV     1   --> A              
     e( 11 - 11) =    -10.21825  eV     1   --> A              
     e( 12 - 12) =     -9.33039  eV     1   --> A              
     e( 13 - 13) =     -9.04869  eV     1   --> A              
     e( 14 - 14) =     -8.94405  eV     1   --> A              
     e( 15 - 15) =     -8.35179  eV     1   --> A              
     e( 16 - 16) =     -6.90285  eV     1   --> A              
     e( 17 - 17) =     -5.24255  eV     1   --> A              
     e( 18 - 18) =     -2.11708  eV     1   --> A              
     e( 19 - 19) =     -0.21066  eV     1   --> A              
     e( 20 - 20) =      1.18459  eV     1   --> A              
     e( 21 - 21) =      1.21431  eV     1   --> A              

 **************************************************************************

 **************************************************************************

                    xk=(   0.00000,   0.00000,   0.27750  )

     Band symmetry, C_1 (1)     point group:

     e(  1 -  1) =    -21.47215  eV     1   --> A              
     e(  2 -  2) =    -20.56829  eV     1   --> A              
     e(  3 -  3) =    -19.20234  eV     1   --> A              
     e(  4 -  4) =    -17.56643  eV     1   --> A              
     e(  5 -  5) =    -15.20732  eV     1   --> A              
     e(  6 -  6) =    -13.67158  eV     1   --> A              
     e(  7 -  7) =    -13.39877  eV     1   --> A              
     e(  8 -  8) =    -12.20095  eV     1   --> A              
     e(  9 -  9) =    -12.00519  eV     1   --> A              
     e( 10 - 10) =    -10.89744  eV     1   --> A              
     e( 11 - 11) =    -10.21559  eV     1   --> A              
     e( 12 - 12) =     -9.30283  eV     1   --> A              
     e( 13 - 13) =     -9.05909  eV     1   --> A              
     e( 14 - 14) =     -8.97319  eV     1   --> A              
     e( 15 - 15) =     -8.32522  eV     1   --> A              
     e( 16 - 16) =     -6.87753  eV     1   --> A              
     e( 17 - 17) =     -5.21573  eV     1   --> A              
     e( 18 - 18) =     -2.14228  eV     1   --> A              
     e( 19 - 19) =     -0.24006  eV     1   --> A              
     e( 20 - 20) =      1.21111  eV     1   --> A              
     e( 21 - 21) =      1.23894  eV     1   --> A              

 **************************************************************************

 **************************************************************************

                    xk=(   0.00000,   0.00000,   0.28000  )

     Band symmetry, C_1 (1)     point group:

     e(  1 -  1) =    -21.44813  eV     1   --> A              
     e(  2 -  2) =    -20.54460  eV     1   --> A              
     e(  3 -  3) =    -19.17940  eV     1   --> A              
     e(  4 -  4) =    -17.54448  eV     1   --> A              
     e(  5 -  5) =    -15.21402  eV     1   --> A              
     e(  6 -  6) =    -13.70537  eV     1   --> A              
     e(  7 -  7) =    -13.42315  eV     1   --> A              
     e(  8 -  8) =    -12.24595  eV     1   --> A              
     e(  9 -  9) =    -12.00670  eV     1   --> A              
     e( 10 - 10) =    -10.94345  eV     1   --> A              
     e( 11 - 11) =    -10.21267  eV     1   --> A              
     e( 12 - 12) =     -9.27504  eV     1   --> A              
     e( 13 - 13) =     -9.06961  eV     1   --> A              
     e( 14 - 14) =     -9.00248  eV     1   --> A              
     e( 15 - 15) =     -8.29845  eV     1   --> A              
     e( 16 - 16) =     -6.85208  eV     1   --> A              
     e( 17 - 17) =     -5.18872  eV     1   --> A              
     e( 18 - 18) =     -2.16786  eV     1   --> A              
     e( 19 - 19) =     -0.26988  eV     1   --> A              
     e( 20 - 20) =      1.23781  eV     1   --> A              
     e( 21 - 21) =      1.26367  eV     1   --> A              

 **************************************************************************

 **************************************************************************

                    xk=(   0.00000,   0.00000,   0.28250  )

     Band symmetry, C_1 (1)     point group:

     e(  1 -  1) =    -21.42390  eV     1   --> A              
     e(  2 -  2) =    -20.52071  eV     1   --> A              
     e(  3 -  3) =    -19.15627  eV     1   --> A              
     e(  4 -  4) =    -17.52235  eV     1   --> A              
     e(  5 -  5) =    -15.22205  eV     1   --> A              
     e(  6 -  6) =    -13.74015  eV     1   --> A              
     e(  7 -  7) =    -13.44609  eV     1   --> A              
     e(  8 -  8) =    -12.29111  eV     1   --> A              
     e(  9 -  9) =    -12.00717  eV     1   --> A              
     e( 10 - 10) =    -10.98938  eV     1   --> A              
     e( 11 - 11) =    -10.20949  eV     1   --> A              
     e( 12 - 12) =     -9.24704  eV     1   --> A              
     e( 13 - 13) =     -9.08027  eV     1   --> A              
     e( 14 - 14) =     -9.03193  eV     1   --> A              
     e( 15 - 15) =     -8.27150  eV     1   --> A              
     e( 16 - 16) =     -6.82649  eV     1   --> A              
     e( 17 - 17) =     -5.16155  eV     1   --> A              
     e( 18 - 18) =     -2.19379  eV     1   --> A              
     e( 19 - 19) =     -0.30011  eV     1   --> A              
     e( 20 - 20) =      1.26468  eV     1   --> A              
     e( 21 - 21) =      1.28851  eV     1   --> A              

 **************************************************************************

 **************************************************************************

                    xk=(   0.00000,   0.00000,   0.28500  )

     Band symmetry, C_1 (1)     point group:

     e(  1 -  1) =    -21.39947  eV     1   --> A              
     e(  2 -  2) =    -20.49662  eV     1   --> A              
     e(  3 -  3) =    -19.13296  eV     1   --> A              
     e(  4 -  4) =    -17.50004  eV     1   --> A              
     e(  5 -  5) =    -15.23142  eV     1   --> A              
     e(  6 -  6) =    -13.77585  eV     1   --> A              
     e(  7 -  7) =    -13.46755  eV     1   --> A              
     e(  8 -  8) =    -12.33641  eV     1   --> A              
     e(  9 -  9) =    -12.00670  eV     1   --> A              
     e( 10 - 10) =    -11.03521  eV     1   --> A              
     e( 11 - 11) =    -10.20608  eV     1   --> A              
     e( 12 - 12) =     -9.21881  eV     1   --> A              
     e( 13 - 13) =     -9.09110  eV     1   --> A              
     e( 14 - 14) =     -9.06150  eV     1   --> A              
     e( 15 - 15) =     -8.24437  eV     1   --> A              
     e( 16 - 16) =     -6.80078  eV     1   --> A              
     e( 17 - 17) =     -5.13421  eV     1   --> A              
     e( 18 - 18) =     -2.22008  eV     1   --> A              
     e( 19 - 19) =     -0.33072  eV     1   --> A              
     e( 20 - 20) =      1.29171  eV     1   --> A              
     e( 21 - 21) =      1.31344  eV     1   --> A              

 **************************************************************************

 **************************************************************************

                    xk=(   0.00000,   0.00000,   0.28750  )

     Band symmetry, C_1 (1)     point group:

     e(  1 -  1) =    -21.37484  eV     1   --> A              
     e(  2 -  2) =    -20.47233  eV     1   --> A              
     e(  3 -  3) =    -19.10946  eV     1   --> A              
     e(  4 -  4) =    -17.47755  eV     1   --> A              
     e(  5 -  5) =    -15.24219  eV     1   --> A              
     e(  6 -  6) =    -13.81242  eV     1   --> A              
     e(  7 -  7) =    -13.48750  eV     1   --> A              
     e(  8 -  8) =    -12.38181  eV     1   --> A              
     e(  9 -  9) =    -12.00535  eV     1   --> A              
     e( 10 - 10) =    -11.08091  eV     1   --> A              
     e( 11 - 11) =    -10.20246  eV     1   --> A              
     e( 12 - 12) =     -9.19038  eV     1   --> A              
     e( 13 - 13) =     -9.10234  eV     1   --> A              
     e( 14 - 14) =     -9.09093  eV     1   --> A              
     e( 15 - 15) =     -8.21705  eV     1   --> A              
     e( 16 - 16) =     -6.77495  eV     1   --> A              
     e( 17 - 17) =     -5.10670  eV     1   --> A              
     e( 18 - 18) =     -2.24672  eV     1   --> A              
     e( 19 - 19) =     -0.36171  eV     1   --> A              
     e( 20 - 20) =      1.31891  eV     1   --> A              
     e( 21 - 21) =      1.33847  eV     1   --> A              

 **************************************************************************

 **************************************************************************

                    xk=(   0.00000,   0.00000,   0.29000  )

     Band symmetry, C_1 (1)     point group:

     e(  1 -  1) =    -21.35000  eV     1   --> A              
     e(  2 -  2) =    -20.44784  eV     1   --> A              
     e(  3 -  3) =    -19.08578  eV     1   --> A              
     e(  4 -  4) =    -17.45488  eV     1   --> A              
     e(  5 -  5) =    -15.25437  eV     1   --> A              
     e(  6 -  6) =    -13.84979  eV     1   --> A              
     e(  7 -  7) =    -13.50591  eV     1   --> A              
     e(  8 -  8) =    -12.42729  eV     1   --> A              
     e(  9 -  9) =    -12.00321  eV     1   --> A              
     e( 10 - 10) =    -11.12645  eV     1   --> A              
     e( 11 - 11) =    -10.19864  eV     1   --> A              
     e( 12 - 12) =     -9.16172  eV     1   --> A              
     e( 13 - 13) =     -9.12221  eV     1   --> A              
     e( 14 - 14) =     -9.11203  eV     1   --> A              
     e( 15 - 15) =     -8.18955  eV     1   --> A              
     e( 16 - 16) =     -6.74900  eV     1   --> A              
     e( 17 - 17) =     -5.07903  eV     1   --> A              
     e( 18 - 18) =     -2.27369  eV     1   --> A              
     e( 19 - 19) =     -0.39305  eV     1   --> A              
     e( 20 - 20) =      1.34626  eV     1   --> A              
     e( 21 - 21) =      1.36360  eV     1   --> A              

 **************************************************************************

 **************************************************************************

                    xk=(   0.00000,   0.00000,   0.29250  )

     Band symmetry, C_1 (1)     point group:

     e(  1 -  1) =    -21.32495  eV     1   --> A              
     e(  2 -  2) =    -20.42315  eV     1   --> A              
     e(  3 -  3) =    -19.06192  eV     1   --> A              
     e(  4 -  4) =    -17.43202  eV     1   --> A              
     e(  5 -  5) =    -15.26799  eV     1   --> A              
     e(  6 -  6) =    -13.88791  eV     1   --> A              
     e(  7 -  7) =    -13.52278  eV     1   --> A              
     e(  8 -  8) =    -12.47281  eV     1   --> A              
     e(  9 -  9) =    -12.00036  eV     1   --> A              
     e( 10 - 10) =    -11.17178  eV     1   --> A              
     e( 11 - 11) =    -10.19465  eV     1   --> A              
     e( 12 - 12) =     -9.15188  eV     1   --> A              
     e( 13 - 13) =     -9.13286  eV     1   --> A              
     e( 14 - 14) =     -9.12362  eV     1   --> A              
     e( 15 - 15) =     -8.16187  eV     1   --> A              
     e( 16 - 16) =     -6.72294  eV     1   --> A              
     e( 17 - 17) =     -5.05121  eV     1   --> A              
     e( 18 - 18) =     -2.30100  eV     1   --> A              
     e( 19 - 19) =     -0.42474  eV     1   --> A              
     e( 20 - 20) =      1.37377  eV     1   --> A              
     e( 21 - 21) =      1.38883  eV     1   --> A              

 **************************************************************************

 **************************************************************************

                    xk=(   0.00000,   0.00000,   0.29500  )

     Band symmetry, C_1 (1)     point group:

     e(  1 -  1) =    -21.29970  eV     1   --> A              
     e(  2 -  2) =    -20.39826  eV     1   --> A              
     e(  3 -  3) =    -19.03788  eV     1   --> A              
     e(  4 -  4) =    -17.40899  eV     1   --> A              
     e(  5 -  5) =    -15.28306  eV     1   --> A              
     e(  6 -  6) =    -13.92672  eV     1   --> A              
     e(  7 -  7) =    -13.53811  eV     1   --> A              
     e(  8 -  8) =    -12.51835  eV     1   --> A              
     e(  9 -  9) =    -11.99691  eV     1   --> A              
     e( 10 - 10) =    -11.21687  eV     1   --> A              
     e( 11 - 11) =    -10.19048  eV     1   --> A              
     e( 12 - 12) =     -9.18207  eV     1   --> A              
     e( 13 - 13) =     -9.13496  eV     1   --> A              
     e( 14 - 14) =     -9.10378  eV     1   --> A              
     e( 15 - 15) =     -8.13402  eV     1   --> A              
     e( 16 - 16) =     -6.69678  eV     1   --> A              
     e( 17 - 17) =     -5.02324  eV     1   --> A              
     e( 18 - 18) =     -2.32862  eV     1   --> A              
     e( 19 - 19) =     -0.45675  eV     1   --> A              
     e( 20 - 20) =      1.37662  eV     1   --> A              
     e( 21 - 21) =      1.40141  eV     1   --> A              

 **************************************************************************

 **************************************************************************

                    xk=(   0.00000,   0.00000,   0.29750  )

     Band symmetry, C_1 (1)     point group:

     e(  1 -  1) =    -21.27425  eV     1   --> A              
     e(  2 -  2) =    -20.37318  eV     1   --> A              
     e(  3 -  3) =    -19.01366  eV     1   --> A              
     e(  4 -  4) =    -17.38578  eV     1   --> A              
     e(  5 -  5) =    -15.29958  eV     1   --> A              
     e(  6 -  6) =    -13.96618  eV     1   --> A              
     e(  7 -  7) =    -13.55190  eV     1   --> A              
     e(  8 -  8) =    -12.56387  eV     1   --> A              
     e(  9 -  9) =    -11.99295  eV     1   --> A              
     e( 10 - 10) =    -11.26164  eV     1   --> A              
     e( 11 - 11) =    -10.18617  eV     1   --> A              
     e( 12 - 12) =     -9.21246  eV     1   --> A              
     e( 13 - 13) =     -9.14639  eV     1   --> A              
     e( 14 - 14) =     -9.07449  eV     1   --> A              
     e( 15 - 15) =     -8.10599  eV     1   --> A              
     e( 16 - 16) =     -6.67052  eV     1   --> A              
     e( 17 - 17) =     -4.99513  eV     1   --> A              
     e( 18 - 18) =     -2.35656  eV     1   --> A              
     e( 19 - 19) =     -0.48907  eV     1   --> A              
     e( 20 - 20) =      1.33562  eV     1   --> A              
     e( 21 - 21) =      1.42916  eV     1   --> A              

 **************************************************************************

 **************************************************************************

                    xk=(   0.00000,   0.00000,   0.30000  )

     Band symmetry, C_1 (1)     point group:

     e(  1 -  1) =    -21.24859  eV     1   --> A              
     e(  2 -  2) =    -20.34790  eV     1   --> A              
     e(  3 -  3) =    -18.98927  eV     1   --> A              
     e(  4 -  4) =    -17.36239  eV     1   --> A              
     e(  5 -  5) =    -15.31754  eV     1   --> A              
     e(  6 -  6) =    -14.00623  eV     1   --> A              
     e(  7 -  7) =    -13.56418  eV     1   --> A              
     e(  8 -  8) =    -12.60933  eV     1   --> A              
     e(  9 -  9) =    -11.98860  eV     1   --> A              
     e( 10 - 10) =    -11.30603  eV     1   --> A              
     e( 11 - 11) =    -10.18171  eV     1   --> A              
     e( 12 - 12) =     -9.24301  eV     1   --> A              
     e( 13 - 13) =     -9.15794  eV     1   --> A              
     e( 14 - 14) =     -9.04499  eV     1   --> A              
     e( 15 - 15) =     -8.07779  eV     1   --> A              
     e( 16 - 16) =     -6.64418  eV     1   --> A              
     e( 17 - 17) =     -4.96687  eV     1   --> A              
     e( 18 - 18) =     -2.38481  eV     1   --> A              
     e( 19 - 19) =     -0.52167  eV     1   --> A              
     e( 20 - 20) =      1.29402  eV     1   --> A              
     e( 21 - 21) =      1.45697  eV     1   --> A              

 **************************************************************************

 **************************************************************************

                    xk=(   0.00000,   0.00000,   0.30250  )

     Band symmetry, C_1 (1)     point group:

     e(  1 -  1) =    -21.22273  eV     1   --> A              
     e(  2 -  2) =    -20.32242  eV     1   --> A              
     e(  3 -  3) =    -18.96470  eV     1   --> A              
     e(  4 -  4) =    -17.33883  eV     1   --> A              
     e(  5 -  5) =    -15.33693  eV     1   --> A              
     e(  6 -  6) =    -14.04682  eV     1   --> A              
     e(  7 -  7) =    -13.57499  eV     1   --> A              
     e(  8 -  8) =    -12.65471  eV     1   --> A              
     e(  9 -  9) =    -11.98400  eV     1   --> A              
     e( 10 - 10) =    -11.34994  eV     1   --> A              
     e( 11 - 11) =    -10.17713  eV     1   --> A              
     e( 12 - 12) =     -9.27371  eV     1   --> A              
     e( 13 - 13) =     -9.16962  eV     1   --> A              
     e( 14 - 14) =     -9.01528  eV     1   --> A              
     e( 15 - 15) =     -8.04943  eV     1   --> A              
     e( 16 - 16) =     -6.61775  eV     1   --> A              
     e( 17 - 17) =     -4.93848  eV     1   --> A              
     e( 18 - 18) =     -2.41335  eV     1   --> A              
     e( 19 - 19) =     -0.55455  eV     1   --> A              
     e( 20 - 20) =      1.25190  eV     1   --> A              
     e( 21 - 21) =      1.48472  eV     1   --> A              

 **************************************************************************

 **************************************************************************

                    xk=(   0.00000,   0.00000,   0.30500  )

     Band symmetry, C_1 (1)     point group:

     e(  1 -  1) =    -21.19666  eV     1   --> A              
     e(  2 -  2) =    -20.29675  eV     1   --> A              
     e(  3 -  3) =    -18.93996  eV     1   --> A              
     e(  4 -  4) =    -17.31509  eV     1   --> A              
     e(  5 -  5) =    -15.35773  eV     1   --> A              
     e(  6 -  6) =    -14.08791  eV     1   --> A              
     e(  7 -  7) =    -13.58437  eV     1   --> A              
     e(  8 -  8) =    -12.69996  eV     1   --> A              
     e(  9 -  9) =    -11.97931  eV     1   --> A              
     e( 10 - 10) =    -11.39323  eV     1   --> A              
     e( 11 - 11) =    -10.17243  eV     1   --> A              
     e( 12 - 12) =     -9.30455  eV     1   --> A              
     e( 13 - 13) =     -9.18143  eV     1   --> A              
     e( 14 - 14) =     -8.98536  eV     1   --> A              
     e( 15 - 15) =     -8.02090  eV     1   --> A              
     e( 16 - 16) =     -6.59125  eV     1   --> A              
     e( 17 - 17) =     -4.90996  eV     1   --> A              
     e( 18 - 18) =     -2.44217  eV     1   --> A              
     e( 19 - 19) =     -0.58768  eV     1   --> A              
     e( 20 - 20) =      1.20930  eV     1   --> A              
     e( 21 - 21) =      1.51214  eV     1   --> A              

 **************************************************************************

 **************************************************************************

                    xk=(   0.00000,   0.00000,   0.30750  )

     Band symmetry, C_1 (1)     point group:

     e(  1 -  1) =    -21.17040  eV     1   --> A              
     e(  2 -  2) =    -20.27088  eV     1   --> A              
     e(  3 -  3) =    -18.91504  eV     1   --> A              
     e(  4 -  4) =    -17.29118  eV     1   --> A              
     e(  5 -  5) =    -15.37991  eV     1   --> A              
     e(  6 -  6) =    -14.12945  eV     1   --> A              
     e(  7 -  7) =    -13.59238  eV     1   --> A              
     e(  8 -  8) =    -12.74502  eV     1   --> A              
     e(  9 -  9) =    -11.97475  eV     1   --> A              
     e( 10 - 10) =    -11.43574  eV     1   --> A              
     e( 11 - 11) =    -10.16763  eV     1   --> A              
     e( 12 - 12) =     -9.33553  eV     1   --> A              
     e( 13 - 13) =     -9.19339  eV     1   --> A              
     e( 14 - 14) =     -8.95524  eV     1   --> A              
     e( 15 - 15) =     -7.99221  eV     1   --> A              
     e( 16 - 16) =     -6.56468  eV     1   --> A              
     e( 17 - 17) =     -4.88132  eV     1   --> A              
     e( 18 - 18) =     -2.47126  eV     1   --> A              
     e( 19 - 19) =     -0.62105  eV     1   --> A              
     e( 20 - 20) =      1.16628  eV     1   --> A              
     e( 21 - 21) =      1.53896  eV     1   --> A              

 **************************************************************************

 **************************************************************************

                    xk=(   0.00000,   0.00000,   0.31000  )

     Band symmetry, C_1 (1)     point group:

     e(  1 -  1) =    -21.14393  eV     1   --> A              
     e(  2 -  2) =    -20.24482  eV     1   --> A              
     e(  3 -  3) =    -18.88996  eV     1   --> A              
     e(  4 -  4) =    -17.26710  eV     1   --> A              
     e(  5 -  5) =    -15.40343  eV     1   --> A              
     e(  6 -  6) =    -14.17142  eV     1   --> A              
     e(  7 -  7) =    -13.59912  eV     1   --> A              
     e(  8 -  8) =    -12.78984  eV     1   --> A              
     e(  9 -  9) =    -11.97057  eV     1   --> A              
     e( 10 - 10) =    -11.47722  eV     1   --> A              
     e( 11 - 11) =    -10.16273  eV     1   --> A              
     e( 12 - 12) =     -9.36664  eV     1   --> A              
     e( 13 - 13) =     -9.20548  eV     1   --> A              
     e( 14 - 14) =     -8.92492  eV     1   --> A              
     e( 15 - 15) =     -7.96335  eV     1   --> A              
     e( 16 - 16) =     -6.53805  eV     1   --> A              
     e( 17 - 17) =     -4.85257  eV     1   --> A              
     e( 18 - 18) =     -2.50061  eV     1   --> A              
     e( 19 - 19) =     -0.65463  eV     1   --> A              
     e( 20 - 20) =      1.12288  eV     1   --> A              
     e( 21 - 21) =      1.56526  eV     1   --> A              

 **************************************************************************

 **************************************************************************

                    xk=(   0.00000,   0.00000,   0.31250  )

     Band symmetry, C_1 (1)     point group:

     e(  1 -  1) =    -21.11725  eV     1   --> A              
     e(  2 -  2) =    -20.21856  eV     1   --> A              
     e(  3 -  3) =    -18.86470  eV     1   --> A              
     e(  4 -  4) =    -17.24285  eV     1   --> A              
     e(  5 -  5) =    -15.42824  eV     1   --> A              
     e(  6 -  6) =    -14.21376  eV     1   --> A              
     e(  7 -  7) =    -13.60466  eV     1   --> A              
     e(  8 -  8) =    -12.83436  eV     1   --> A              
     e(  9 -  9) =    -11.96714  eV     1   --> A              
     e( 10 - 10) =    -11.51736  eV     1   --> A              
     e( 11 - 11) =    -10.15774  eV     1   --> A              
     e( 12 - 12) =     -9.39788  eV     1   --> A              
     e( 13 - 13) =     -9.21772  eV     1   --> A              
     e( 14 - 14) =     -8.89439  eV     1   --> A              
     e( 15 - 15) =     -7.93435  eV     1   --> A              
     e( 16 - 16) =     -6.51138  eV     1   --> A              
     e( 17 - 17) =     -4.82371  eV     1   --> A              
     e( 18 - 18) =     -2.53021  eV     1   --> A              
     e( 19 - 19) =     -0.68841  eV     1   --> A              
     e( 20 - 20) =      1.07914  eV     1   --> A              
     e( 21 - 21) =      1.59130  eV     1   --> A              

 **************************************************************************

 **************************************************************************

                    xk=(   0.00000,   0.00000,   0.31500  )

     Band symmetry, C_1 (1)     point group:

     e(  1 -  1) =    -21.09038  eV     1   --> A              
     e(  2 -  2) =    -20.19211  eV     1   --> A              
     e(  3 -  3) =    -18.83929  eV     1   --> A              
     e(  4 -  4) =    -17.21843  eV     1   --> A              
     e(  5 -  5) =    -15.45431  eV     1   --> A              
     e(  6 -  6) =    -14.25645  eV     1   --> A              
     e(  7 -  7) =    -13.60914  eV     1   --> A              
     e(  8 -  8) =    -12.87848  eV     1   --> A              
     e(  9 -  9) =    -11.96493  eV     1   --> A              
     e( 10 - 10) =    -11.55571  eV     1   --> A              
     e( 11 - 11) =    -10.15268  eV     1   --> A              
     e( 12 - 12) =     -9.42924  eV     1   --> A              
     e( 13 - 13) =     -9.23010  eV     1   --> A              
     e( 14 - 14) =     -8.86365  eV     1   --> A              
     e( 15 - 15) =     -7.90519  eV     1   --> A              
     e( 16 - 16) =     -6.48467  eV     1   --> A              
     e( 17 - 17) =     -4.79475  eV     1   --> A              
     e( 18 - 18) =     -2.56004  eV     1   --> A              
     e( 19 - 19) =     -0.72236  eV     1   --> A              
     e( 20 - 20) =      1.03509  eV     1   --> A              
     e( 21 - 21) =      1.61725  eV     1   --> A              

 **************************************************************************

 **************************************************************************

                    xk=(   0.00000,   0.00000,   0.31750  )

     Band symmetry, C_1 (1)     point group:

     e(  1 -  1) =    -21.06331  eV     1   --> A              
     e(  2 -  2) =    -20.16546  eV     1   --> A              
     e(  3 -  3) =    -18.81371  eV     1   --> A              
     e(  4 -  4) =    -17.19384  eV     1   --> A              
     e(  5 -  5) =    -15.48156  eV     1   --> A              
     e(  6 -  6) =    -14.29944  eV     1   --> A              
     e(  7 -  7) =    -13.61269  eV     1   --> A              
     e(  8 -  8) =    -12.92211  eV     1   --> A              
     e(  9 -  9) =    -11.96456  eV     1   --> A              
     e( 10 - 10) =    -11.59167  eV     1   --> A              
     e( 11 - 11) =    -10.14756  eV     1   --> A              
     e( 12 - 12) =     -9.46072  eV     1   --> A              
     e( 13 - 13) =     -9.24263  eV     1   --> A              
     e( 14 - 14) =     -8.83272  eV     1   --> A              
     e( 15 - 15) =     -7.87589  eV     1   --> A              
     e( 16 - 16) =     -6.45793  eV     1   --> A              
     e( 17 - 17) =     -4.76569  eV     1   --> A              
     e( 18 - 18) =     -2.59010  eV     1   --> A              
     e( 19 - 19) =     -0.75647  eV     1   --> A              
     e( 20 - 20) =      0.99076  eV     1   --> A              
     e( 21 - 21) =      1.64318  eV     1   --> A              

 **************************************************************************

 **************************************************************************

                    xk=(   0.00000,   0.00000,   0.32000  )

     Band symmetry, C_1 (1)     point group:

     e(  1 -  1) =    -21.03604  eV     1   --> A              
     e(  2 -  2) =    -20.13863  eV     1   --> A              
     e(  3 -  3) =    -18.78796  eV     1   --> A              
     e(  4 -  4) =    -17.16909  eV     1   --> A              
     e(  5 -  5) =    -15.50996  eV     1   --> A              
     e(  6 -  6) =    -14.34272  eV     1   --> A              
     e(  7 -  7) =    -13.61549  eV     1   --> A              
     e(  8 -  8) =    -12.96512  eV     1   --> A              
     e(  9 -  9) =    -11.96685  eV     1   --> A              
     e( 10 - 10) =    -11.62444  eV     1   --> A              
     e( 11 - 11) =    -10.14237  eV     1   --> A              
     e( 12 - 12) =     -9.49231  eV     1   --> A              
     e( 13 - 13) =     -9.25530  eV     1   --> A              
     e( 14 - 14) =     -8.80159  eV     1   --> A              
     e( 15 - 15) =     -7.84644  eV     1   --> A              
     e( 16 - 16) =     -6.43117  eV     1   --> A              
     e( 17 - 17) =     -4.73655  eV     1   --> A              
     e( 18 - 18) =     -2.62036  eV     1   --> A              
     e( 19 - 19) =     -0.79072  eV     1   --> A              
     e( 20 - 20) =      0.94618  eV     1   --> A              
     e( 21 - 21) =      1.66912  eV     1   --> A              

 **************************************************************************

 **************************************************************************

                    xk=(   0.00000,   0.00000,   0.32250  )

     Band symmetry, C_1 (1)     point group:

     e(  1 -  1) =    -21.00856  eV     1   --> A              
     e(  2 -  2) =    -20.11160  eV     1   --> A              
     e(  3 -  3) =    -18.76207  eV     1   --> A              
     e(  4 -  4) =    -17.14417  eV     1   --> A              
     e(  5 -  5) =    -15.53943  eV     1   --> A              
     e(  6 -  6) =    -14.38625  eV     1   --> A              
     e(  7 -  7) =    -13.61773  eV     1   --> A              
     e(  8 -  8) =    -13.00735  eV     1   --> A              
     e(  9 -  9) =    -11.97278  eV     1   --> A              
     e( 10 - 10) =    -11.65307  eV     1   --> A              
     e( 11 - 11) =    -10.13714  eV     1   --> A              
     e( 12 - 12) =     -9.52401  eV     1   --> A              
     e( 13 - 13) =     -9.26812  eV     1   --> A              
     e( 14 - 14) =     -8.77026  eV     1   --> A              
     e( 15 - 15) =     -7.81684  eV     1   --> A              
     e( 16 - 16) =     -6.40440  eV     1   --> A              
     e( 17 - 17) =     -4.70734  eV     1   --> A              
     e( 18 - 18) =     -2.65082  eV     1   --> A              
     e( 19 - 19) =     -0.82508  eV     1   --> A              
     e( 20 - 20) =      0.90137  eV     1   --> A              
     e( 21 - 21) =      1.69509  eV     1   --> A              

 **************************************************************************

 **************************************************************************

                    xk=(   0.00000,   0.00000,   0.32500  )

     Band symmetry, C_1 (1)     point group:

     e(  1 -  1) =    -20.98089  eV     1   --> A              
     e(  2 -  2) =    -20.08439  eV     1   --> A              
     e(  3 -  3) =    -18.73601  eV     1   --> A              
     e(  4 -  4) =    -17.11910  eV     1   --> A              
     e(  5 -  5) =    -15.56993  eV     1   --> A              
     e(  6 -  6) =    -14.42999  eV     1   --> A              
     e(  7 -  7) =    -13.61968  eV     1   --> A              
     e(  8 -  8) =    -13.04859  eV     1   --> A              
     e(  9 -  9) =    -11.98334  eV     1   --> A              
     e( 10 - 10) =    -11.67660  eV     1   --> A              
     e( 11 - 11) =    -10.13187  eV     1   --> A              
     e( 12 - 12) =     -9.55581  eV     1   --> A              
     e( 13 - 13) =     -9.28109  eV     1   --> A              
     e( 14 - 14) =     -8.73874  eV     1   --> A              
     e( 15 - 15) =     -7.78712  eV     1   --> A              
     e( 16 - 16) =     -6.37764  eV     1   --> A              
     e( 17 - 17) =     -4.67807  eV     1   --> A              
     e( 18 - 18) =     -2.68145  eV     1   --> A              
     e( 19 - 19) =     -0.85953  eV     1   --> A              
     e( 20 - 20) =      0.85636  eV     1   --> A              
     e( 21 - 21) =      1.72109  eV     1   --> A              

 **************************************************************************

 **************************************************************************

                    xk=(   0.00000,   0.00000,   0.32750  )

     Band symmetry, C_1 (1)     point group:

     e(  1 -  1) =    -20.95302  eV     1   --> A              
     e(  2 -  2) =    -20.05698  eV     1   --> A              
     e(  3 -  3) =    -18.70981  eV     1   --> A              
     e(  4 -  4) =    -17.09387  eV     1   --> A              
     e(  5 -  5) =    -15.60139  eV     1   --> A              
     e(  6 -  6) =    -14.47393  eV     1   --> A              
     e(  7 -  7) =    -13.62164  eV     1   --> A              
     e(  8 -  8) =    -13.08858  eV     1   --> A              
     e(  9 -  9) =    -11.99927  eV     1   --> A              
     e( 10 - 10) =    -11.69428  eV     1   --> A              
     e( 11 - 11) =    -10.12656  eV     1   --> A              
     e( 12 - 12) =     -9.58771  eV     1   --> A              
     e( 13 - 13) =     -9.29421  eV     1   --> A              
     e( 14 - 14) =     -8.70702  eV     1   --> A              
     e( 15 - 15) =     -7.75725  eV     1   --> A              
     e( 16 - 16) =     -6.35090  eV     1   --> A              
     e( 17 - 17) =     -4.64874  eV     1   --> A              
     e( 18 - 18) =     -2.71224  eV     1   --> A              
     e( 19 - 19) =     -0.89405  eV     1   --> A              
     e( 20 - 20) =      0.81117  eV     1   --> A              
     e( 21 - 21) =      1.74712  eV     1   --> A              

 **************************************************************************

 **************************************************************************

                    xk=(   0.00000,   0.00000,   0.33000  )

     Band symmetry, C_1 (1)     point group:

     e(  1 -  1) =    -20.92495  eV     1   --> A              
     e(  2 -  2) =    -20.02939  eV     1   --> A              
     e(  3 -  3) =    -18.68346  eV     1   --> A              
     e(  4 -  4) =    -17.06848  eV     1   --> A              
     e(  5 -  5) =    -15.63375  eV     1   --> A              
     e(  6 -  6) =    -14.51804  eV     1   --> A              
     e(  7 -  7) =    -13.62400  eV     1   --> A              
     e(  8 -  8) =    -13.12698  eV     1   --> A              
     e(  9 -  9) =    -12.02077  eV     1   --> A              
     e( 10 - 10) =    -11.70595  eV     1   --> A              
     e( 11 - 11) =    -10.12123  eV     1   --> A              
     e( 12 - 12) =     -9.61971  eV     1   --> A              
     e( 13 - 13) =     -9.30748  eV     1   --> A              
     e( 14 - 14) =     -8.67511  eV     1   --> A              
     e( 15 - 15) =     -7.72726  eV     1   --> A              
     e( 16 - 16) =     -6.32419  eV     1   --> A              
     e( 17 - 17) =     -4.61937  eV     1   --> A              
     e( 18 - 18) =     -2.74318  eV     1   --> A              
     e( 19 - 19) =     -0.92862  eV     1   --> A              
     e( 20 - 20) =      0.76582  eV     1   --> A              
     e( 21 - 21) =      1.77319  eV     1   --> A              

 **************************************************************************

 **************************************************************************

                    xk=(   0.00000,   0.00000,   0.33250  )

     Band symmetry, C_1 (1)     point group:

     e(  1 -  1) =    -20.89668  eV     1   --> A              
     e(  2 -  2) =    -20.00161  eV     1   --> A              
     e(  3 -  3) =    -18.65696  eV     1   --> A              
     e(  4 -  4) =    -17.04294  eV     1   --> A              
     e(  5 -  5) =    -15.66694  eV     1   --> A              
     e(  6 -  6) =    -14.56229  eV     1   --> A              
     e(  7 -  7) =    -13.62726  eV     1   --> A              
     e(  8 -  8) =    -13.16335  eV     1   --> A              
     e(  9 -  9) =    -12.04743  eV     1   --> A              
     e( 10 - 10) =    -11.71204  eV     1   --> A              
     e( 11 - 11) =    -10.11589  eV     1   --> A              
     e( 12 - 12) =     -9.65179  eV     1   --> A              
     e( 13 - 13) =     -9.32090  eV     1   --> A              
     e( 14 - 14) =     -8.64301  eV     1   --> A              
     e( 15 - 15) =     -7.69715  eV     1   --> A              
     e( 16 - 16) =     -6.29753  eV     1   --> A              
     e( 17 - 17) =     -4.58997  eV     1   --> A              
     e( 18 - 18) =     -2.77425  eV     1   --> A              
     e( 19 - 19) =     -0.96321  eV     1   --> A              
     e( 20 - 20) =      0.72033  eV     1   --> A              
     e( 21 - 21) =      1.79930  eV     1   --> A              

 **************************************************************************

 **************************************************************************

                    xk=(   0.00000,   0.00000,   0.33500  )

     Band symmetry, C_1 (1)     point group:

     e(  1 -  1) =    -20.86821  eV     1   --> A              
     e(  2 -  2) =    -19.97364  eV     1   --> A              
     e(  3 -  3) =    -18.63033  eV     1   --> A              
     e(  4 -  4) =    -17.01726  eV     1   --> A              
     e(  5 -  5) =    -15.70092  eV     1   --> A              
     e(  6 -  6) =    -14.60667  eV     1   --> A              
     e(  7 -  7) =    -13.63199  eV     1   --> A              
     e(  8 -  8) =    -13.19715  eV     1   --> A              
     e(  9 -  9) =    -12.07842  eV     1   --> A              
     e( 10 - 10) =    -11.71339  eV     1   --> A              
     e( 11 - 11) =    -10.11054  eV     1   --> A              
     e( 12 - 12) =     -9.68395  eV     1   --> A              
     e( 13 - 13) =     -9.33447  eV     1   --> A              
     e( 14 - 14) =     -8.61072  eV     1   --> A              
     e( 15 - 15) =     -7.66691  eV     1   --> A              
     e( 16 - 16) =     -6.27093  eV     1   --> A              
     e( 17 - 17) =     -4.56055  eV     1   --> A              
     e( 18 - 18) =     -2.80542  eV     1   --> A              
     e( 19 - 19) =     -0.99779  eV     1   --> A              
     e( 20 - 20) =      0.67471  eV     1   --> A              
     e( 21 - 21) =      1.82544  eV     1   --> A              

 **************************************************************************

 **************************************************************************

                    xk=(   0.00000,   0.00000,   0.33750  )

     Band symmetry, C_1 (1)     point group:

     e(  1 -  1) =    -20.83955  eV     1   --> A              
     e(  2 -  2) =    -19.94549  eV     1   --> A              
     e(  3 -  3) =    -18.60356  eV     1   --> A              
     e(  4 -  4) =    -16.99144  eV     1   --> A              
     e(  5 -  5) =    -15.73561  eV     1   --> A              
     e(  6 -  6) =    -14.65113  eV     1   --> A              
     e(  7 -  7) =    -13.63887  eV     1   --> A              
     e(  8 -  8) =    -13.22775  eV     1   --> A              
     e(  9 -  9) =    -12.11280  eV     1   --> A              
     e( 10 - 10) =    -11.71095  eV     1   --> A              
     e( 11 - 11) =    -10.10521  eV     1   --> A              
     e( 12 - 12) =     -9.71618  eV     1   --> A              
     e( 13 - 13) =     -9.34818  eV     1   --> A              
     e( 14 - 14) =     -8.57824  eV     1   --> A              
     e( 15 - 15) =     -7.63656  eV     1   --> A              
     e( 16 - 16) =     -6.24441  eV     1   --> A              
     e( 17 - 17) =     -4.53112  eV     1   --> A              
     e( 18 - 18) =     -2.83668  eV     1   --> A              
     e( 19 - 19) =     -1.03234  eV     1   --> A              
     e( 20 - 20) =      0.62899  eV     1   --> A              
     e( 21 - 21) =      1.85163  eV     1   --> A              

 **************************************************************************

 **************************************************************************

                    xk=(   0.00000,   0.00000,   0.34000  )

     Band symmetry, C_1 (1)     point group:

     e(  1 -  1) =    -20.81069  eV     1   --> A              
     e(  2 -  2) =    -19.91715  eV     1   --> A              
     e(  3 -  3) =    -18.57666  eV     1   --> A              
     e(  4 -  4) =    -16.96547  eV     1   --> A              
     e(  5 -  5) =    -15.77097  eV     1   --> A              
     e(  6 -  6) =    -14.69568  eV     1   --> A              
     e(  7 -  7) =    -13.64864  eV     1   --> A              
     e(  8 -  8) =    -13.25446  eV     1   --> A              
     e(  9 -  9) =    -12.14973  eV     1   --> A              
     e( 10 - 10) =    -11.70557  eV     1   --> A              
     e( 11 - 11) =    -10.09989  eV     1   --> A              
     e( 12 - 12) =     -9.74846  eV     1   --> A              
     e( 13 - 13) =     -9.36205  eV     1   --> A              
     e( 14 - 14) =     -8.54558  eV     1   --> A              
     e( 15 - 15) =     -7.60610  eV     1   --> A              
     e( 16 - 16) =     -6.21798  eV     1   --> A              
     e( 17 - 17) =     -4.50171  eV     1   --> A              
     e( 18 - 18) =     -2.86800  eV     1   --> A              
     e( 19 - 19) =     -1.06683  eV     1   --> A              
     e( 20 - 20) =      0.58319  eV     1   --> A              
     e( 21 - 21) =      1.87785  eV     1   --> A              

 **************************************************************************

 **************************************************************************

                    xk=(   0.00000,   0.00000,   0.34250  )

     Band symmetry, C_1 (1)     point group:

     e(  1 -  1) =    -20.78163  eV     1   --> A              
     e(  2 -  2) =    -19.88863  eV     1   --> A              
     e(  3 -  3) =    -18.54964  eV     1   --> A              
     e(  4 -  4) =    -16.93937  eV     1   --> A              
     e(  5 -  5) =    -15.80694  eV     1   --> A              
     e(  6 -  6) =    -14.74028  eV     1   --> A              
     e(  7 -  7) =    -13.66199  eV     1   --> A              
     e(  8 -  8) =    -13.27664  eV     1   --> A              
     e(  9 -  9) =    -12.18855  eV     1   --> A              
     e( 10 - 10) =    -11.69793  eV     1   --> A              
     e( 11 - 11) =    -10.09461  eV     1   --> A              
     e( 12 - 12) =     -9.78079  eV     1   --> A              
     e( 13 - 13) =     -9.37607  eV     1   --> A              
     e( 14 - 14) =     -8.51273  eV     1   --> A              
     e( 15 - 15) =     -7.57554  eV     1   --> A              
     e( 16 - 16) =     -6.19167  eV     1   --> A              
     e( 17 - 17) =     -4.47232  eV     1   --> A              
     e( 18 - 18) =     -2.89938  eV     1   --> A              
     e( 19 - 19) =     -1.10124  eV     1   --> A              
     e( 20 - 20) =      0.53731  eV     1   --> A              
     e( 21 - 21) =      1.90410  eV     1   --> A              

 **************************************************************************

 **************************************************************************

                    xk=(   0.00000,   0.00000,   0.34500  )

     Band symmetry, C_1 (1)     point group:

     e(  1 -  1) =    -20.75238  eV     1   --> A              
     e(  2 -  2) =    -19.85993  eV     1   --> A              
     e(  3 -  3) =    -18.52250  eV     1   --> A              
     e(  4 -  4) =    -16.91315  eV     1   --> A              
     e(  5 -  5) =    -15.84347  eV     1   --> A              
     e(  6 -  6) =    -14.78491  eV     1   --> A              
     e(  7 -  7) =    -13.67941  eV     1   --> A              
     e(  8 -  8) =    -13.29382  eV     1   --> A              
     e(  9 -  9) =    -12.22876  eV     1   --> A              
     e( 10 - 10) =    -11.68853  eV     1   --> A              
     e( 11 - 11) =    -10.08940  eV     1   --> A              
     e( 12 - 12) =     -9.81314  eV     1   --> A              
     e( 13 - 13) =     -9.39023  eV     1   --> A              
     e( 14 - 14) =     -8.47970  eV     1   --> A              
     e( 15 - 15) =     -7.54488  eV     1   --> A              
     e( 16 - 16) =     -6.16549  eV     1   --> A              
     e( 17 - 17) =     -4.44298  eV     1   --> A              
     e( 18 - 18) =     -2.93077  eV     1   --> A              
     e( 19 - 19) =     -1.13553  eV     1   --> A              
     e( 20 - 20) =      0.49138  eV     1   --> A              
     e( 21 - 21) =      1.85092  eV     1   --> A              

 **************************************************************************

 **************************************************************************

                    xk=(   0.00000,   0.00000,   0.34750  )

     Band symmetry, C_1 (1)     point group:

     e(  1 -  1) =    -20.72293  eV     1   --> A              
     e(  2 -  2) =    -19.83104  eV     1   --> A              
     e(  3 -  3) =    -18.49524  eV     1   --> A              
     e(  4 -  4) =    -16.88680  eV     1   --> A              
     e(  5 -  5) =    -15.88050  eV     1   --> A              
     e(  6 -  6) =    -14.82955  eV     1   --> A              
     e(  7 -  7) =    -13.70110  eV     1   --> A              
     e(  8 -  8) =    -13.30585  eV     1   --> A              
     e(  9 -  9) =    -12.26999  eV     1   --> A              
     e( 10 - 10) =    -11.67776  eV     1   --> A              
     e( 11 - 11) =    -10.08429  eV     1   --> A              
     e( 12 - 12) =     -9.84547  eV     1   --> A              
     e( 13 - 13) =     -9.40455  eV     1   --> A              
     e( 14 - 14) =     -8.44650  eV     1   --> A              
     e( 15 - 15) =     -7.51412  eV     1   --> A              
     e( 16 - 16) =     -6.13946  eV     1   --> A              
     e( 17 - 17) =     -4.41369  eV     1   --> A              
     e( 18 - 18) =     -2.96217  eV     1   --> A              
     e( 19 - 19) =     -1.16968  eV     1   --> A              
     e( 20 - 20) =      0.44541  eV     1   --> A              
     e( 21 - 21) =      1.79823  eV     1   --> A              

 **************************************************************************

 **************************************************************************

                    xk=(   0.00000,   0.00000,   0.35000  )

     Band symmetry, C_1 (1)     point group:

     e(  1 -  1) =    -20.69329  eV     1   --> A              
     e(  2 -  2) =    -19.80198  eV     1   --> A              
     e(  3 -  3) =    -18.46789  eV     1   --> A              
     e(  4 -  4) =    -16.86034  eV     1   --> A              
     e(  5 -  5) =    -15.91798  eV     1   --> A              
     e(  6 -  6) =    -14.87419  eV     1   --> A              
     e(  7 -  7) =    -13.72692  eV     1   --> A              
     e(  8 -  8) =    -13.31291  eV     1   --> A              
     e(  9 -  9) =    -12.31199  eV     1   --> A              
     e( 10 - 10) =    -11.66589  eV     1   --> A              
     e( 11 - 11) =    -10.07934  eV     1   --> A              
     e( 12 - 12) =     -9.87772  eV     1   --> A              
     e( 13 - 13) =     -9.41901  eV     1   --> A              
     e( 14 - 14) =     -8.41312  eV     1   --> A              
     e( 15 - 15) =     -7.48327  eV     1   --> A              
     e( 16 - 16) =     -6.11362  eV     1   --> A              
     e( 17 - 17) =     -4.38448  eV     1   --> A              
     e( 18 - 18) =     -2.99354  eV     1   --> A              
     e( 19 - 19) =     -1.20365  eV     1   --> A              
     e( 20 - 20) =      0.39942  eV     1   --> A              
     e( 21 - 21) =      1.74552  eV     1   --> A              

 **************************************************************************

 **************************************************************************

                    xk=(   0.00000,   0.00000,   0.35250  )

     Band symmetry, C_1 (1)     point group:

     e(  1 -  1) =    -20.66345  eV     1   --> A              
     e(  2 -  2) =    -19.77273  eV     1   --> A              
     e(  3 -  3) =    -18.44043  eV     1   --> A              
     e(  4 -  4) =    -16.83378  eV     1   --> A              
     e(  5 -  5) =    -15.95586  eV     1   --> A              
     e(  6 -  6) =    -14.91879  eV     1   --> A              
     e(  7 -  7) =    -13.75645  eV     1   --> A              
     e(  8 -  8) =    -13.31545  eV     1   --> A              
     e(  9 -  9) =    -12.35456  eV     1   --> A              
     e( 10 - 10) =    -11.65312  eV     1   --> A              
     e( 11 - 11) =    -10.07466  eV     1   --> A              
     e( 12 - 12) =     -9.90980  eV     1   --> A              
     e( 13 - 13) =     -9.43362  eV     1   --> A              
     e( 14 - 14) =     -8.37956  eV     1   --> A              
     e( 15 - 15) =     -7.45235  eV     1   --> A              
     e( 16 - 16) =     -6.08797  eV     1   --> A              
     e( 17 - 17) =     -4.35538  eV     1   --> A              
     e( 18 - 18) =     -3.02486  eV     1   --> A              
     e( 19 - 19) =     -1.23740  eV     1   --> A              
     e( 20 - 20) =      0.35342  eV     1   --> A              
     e( 21 - 21) =      1.69280  eV     1   --> A              

 **************************************************************************

 **************************************************************************

                    xk=(   0.00000,   0.00000,   0.35500  )

     Band symmetry, C_1 (1)     point group:

     e(  1 -  1) =    -20.63343  eV     1   --> A              
     e(  2 -  2) =    -19.74332  eV     1   --> A              
     e(  3 -  3) =    -18.41289  eV     1   --> A              
     e(  4 -  4) =    -16.80713  eV     1   --> A              
     e(  5 -  5) =    -15.99411  eV     1   --> A              
     e(  6 -  6) =    -14.96334  eV     1   --> A              
     e(  7 -  7) =    -13.78913  eV     1   --> A              
     e(  8 -  8) =    -13.31407  eV     1   --> A              
     e(  9 -  9) =    -12.39755  eV     1   --> A              
     e( 10 - 10) =    -11.63959  eV     1   --> A              
     e( 11 - 11) =    -10.07048  eV     1   --> A              
     e( 12 - 12) =     -9.94146  eV     1   --> A              
     e( 13 - 13) =     -9.44838  eV     1   --> A              
     e( 14 - 14) =     -8.34583  eV     1   --> A              
     e( 15 - 15) =     -7.42135  eV     1   --> A              
     e( 16 - 16) =     -6.06255  eV     1   --> A              
     e( 17 - 17) =     -4.32640  eV     1   --> A              
     e( 18 - 18) =     -3.05610  eV     1   --> A              
     e( 19 - 19) =     -1.27091  eV     1   --> A              
     e( 20 - 20) =      0.30743  eV     1   --> A              
     e( 21 - 21) =      1.64008  eV     1   --> A              

 **************************************************************************

 **************************************************************************

                    xk=(   0.00000,   0.00000,   0.35750  )

     Band symmetry, C_1 (1)     point group:

     e(  1 -  1) =    -20.60320  eV     1   --> A              
     e(  2 -  2) =    -19.71372  eV     1   --> A              
     e(  3 -  3) =    -18.38528  eV     1   --> A              
     e(  4 -  4) =    -16.78039  eV     1   --> A              
     e(  5 -  5) =    -16.03266  eV     1   --> A              
     e(  6 -  6) =    -15.00781  eV     1   --> A              
     e(  7 -  7) =    -13.82438  eV     1   --> A              
     e(  8 -  8) =    -13.30937  eV     1   --> A              
     e(  9 -  9) =    -12.44086  eV     1   --> A              
     e( 10 - 10) =    -11.62544  eV     1   --> A              
     e( 11 - 11) =    -10.06734  eV     1   --> A              
     e( 12 - 12) =     -9.97217  eV     1   --> A              
     e( 13 - 13) =     -9.46329  eV     1   --> A              
     e( 14 - 14) =     -8.31193  eV     1   --> A              
     e( 15 - 15) =     -7.39028  eV     1   --> A              
     e( 16 - 16) =     -6.03738  eV     1   --> A              
     e( 17 - 17) =     -4.29756  eV     1   --> A              
     e( 18 - 18) =     -3.08723  eV     1   --> A              
     e( 19 - 19) =     -1.30414  eV     1   --> A              
     e( 20 - 20) =      0.26146  eV     1   --> A              
     e( 21 - 21) =      1.58737  eV     1   --> A              

 **************************************************************************

 **************************************************************************

                    xk=(   0.00000,   0.00000,   0.36000  )

     Band symmetry, C_1 (1)     point group:

     e(  1 -  1) =    -20.57279  eV     1   --> A              
     e(  2 -  2) =    -19.68395  eV     1   --> A              
     e(  3 -  3) =    -18.35760  eV     1   --> A              
     e(  4 -  4) =    -16.75358  eV     1   --> A              
     e(  5 -  5) =    -16.07148  eV     1   --> A              
     e(  6 -  6) =    -15.05218  eV     1   --> A              
     e(  7 -  7) =    -13.86167  eV     1   --> A              
     e(  8 -  8) =    -13.30192  eV     1   --> A              
     e(  9 -  9) =    -12.48441  eV     1   --> A              
     e( 10 - 10) =    -11.61073  eV     1   --> A              
     e( 11 - 11) =    -10.06686  eV     1   --> A              
     e( 12 - 12) =    -10.00031  eV     1   --> A              
     e( 13 - 13) =     -9.47834  eV     1   --> A              
     e( 14 - 14) =     -8.27786  eV     1   --> A              
     e( 15 - 15) =     -7.35915  eV     1   --> A              
     e( 16 - 16) =     -6.01250  eV     1   --> A              
     e( 17 - 17) =     -4.26890  eV     1   --> A              
     e( 18 - 18) =     -3.11822  eV     1   --> A              
     e( 19 - 19) =     -1.33704  eV     1   --> A              
     e( 20 - 20) =      0.21553  eV     1   --> A              
     e( 21 - 21) =      1.53467  eV     1   --> A              

 **************************************************************************

 **************************************************************************

                    xk=(   0.00000,   0.00000,   0.36250  )

     Band symmetry, C_1 (1)     point group:

     e(  1 -  1) =    -20.54219  eV     1   --> A              
     e(  2 -  2) =    -19.65401  eV     1   --> A              
     e(  3 -  3) =    -18.32986  eV     1   --> A              
     e(  4 -  4) =    -16.72672  eV     1   --> A              
     e(  5 -  5) =    -16.11053  eV     1   --> A              
     e(  6 -  6) =    -15.09642  eV     1   --> A              
     e(  7 -  7) =    -13.90057  eV     1   --> A              
     e(  8 -  8) =    -13.29217  eV     1   --> A              
     e(  9 -  9) =    -12.52813  eV     1   --> A              
     e( 10 - 10) =    -11.59556  eV     1   --> A              
     e( 11 - 11) =    -10.07377  eV     1   --> A              
     e( 12 - 12) =    -10.02114  eV     1   --> A              
     e( 13 - 13) =     -9.49354  eV     1   --> A              
     e( 14 - 14) =     -8.24363  eV     1   --> A              
     e( 15 - 15) =     -7.32797  eV     1   --> A              
     e( 16 - 16) =     -5.98793  eV     1   --> A              
     e( 17 - 17) =     -4.24043  eV     1   --> A              
     e( 18 - 18) =     -3.14904  eV     1   --> A              
     e( 19 - 19) =     -1.36959  eV     1   --> A              
     e( 20 - 20) =      0.16965  eV     1   --> A              
     e( 21 - 21) =      1.48200  eV     1   --> A              

 **************************************************************************

 **************************************************************************

                    xk=(   0.00000,   0.00000,   0.36500  )

     Band symmetry, C_1 (1)     point group:

     e(  1 -  1) =    -20.51139  eV     1   --> A              
     e(  2 -  2) =    -19.62390  eV     1   --> A              
     e(  3 -  3) =    -18.30209  eV     1   --> A              
     e(  4 -  4) =    -16.69982  eV     1   --> A              
     e(  5 -  5) =    -16.14975  eV     1   --> A              
     e(  6 -  6) =    -15.14050  eV     1   --> A              
     e(  7 -  7) =    -13.94072  eV     1   --> A              
     e(  8 -  8) =    -13.28050  eV     1   --> A              
     e(  9 -  9) =    -12.57198  eV     1   --> A              
     e( 10 - 10) =    -11.57996  eV     1   --> A              
     e( 11 - 11) =    -10.09334  eV     1   --> A              
     e( 12 - 12) =    -10.02942  eV     1   --> A              
     e( 13 - 13) =     -9.50888  eV     1   --> A              
     e( 14 - 14) =     -8.20923  eV     1   --> A              
     e( 15 - 15) =     -7.29674  eV     1   --> A              
     e( 16 - 16) =     -5.96370  eV     1   --> A              
     e( 17 - 17) =     -4.21220  eV     1   --> A              
     e( 18 - 18) =     -3.17966  eV     1   --> A              
     e( 19 - 19) =     -1.40172  eV     1   --> A              
     e( 20 - 20) =      0.12384  eV     1   --> A              
     e( 21 - 21) =      1.42937  eV     1   --> A              

 **************************************************************************

 **************************************************************************

                    xk=(   0.00000,   0.00000,   0.36750  )

     Band symmetry, C_1 (1)     point group:

     e(  1 -  1) =    -20.48041  eV     1   --> A              
     e(  2 -  2) =    -19.59362  eV     1   --> A              
     e(  3 -  3) =    -18.27429  eV     1   --> A              
     e(  4 -  4) =    -16.67292  eV     1   --> A              
     e(  5 -  5) =    -16.18910  eV     1   --> A              
     e(  6 -  6) =    -15.18440  eV     1   --> A              
     e(  7 -  7) =    -13.98185  eV     1   --> A              
     e(  8 -  8) =    -13.26721  eV     1   --> A              
     e(  9 -  9) =    -12.61592  eV     1   --> A              
     e( 10 - 10) =    -11.56399  eV     1   --> A              
     e( 11 - 11) =    -10.12112  eV     1   --> A              
     e( 12 - 12) =    -10.02956  eV     1   --> A              
     e( 13 - 13) =     -9.52437  eV     1   --> A              
     e( 14 - 14) =     -8.17467  eV     1   --> A              
     e( 15 - 15) =     -7.26547  eV     1   --> A              
     e( 16 - 16) =     -5.93986  eV     1   --> A              
     e( 17 - 17) =     -4.18422  eV     1   --> A              
     e( 18 - 18) =     -3.21003  eV     1   --> A              
     e( 19 - 19) =     -1.43341  eV     1   --> A              
     e( 20 - 20) =      0.07811  eV     1   --> A              
     e( 21 - 21) =      1.37676  eV     1   --> A              

 **************************************************************************

 **************************************************************************

                    xk=(   0.00000,   0.00000,   0.37000  )

     Band symmetry, C_1 (1)     point group:

     e(  1 -  1) =    -20.44923  eV     1   --> A              
     e(  2 -  2) =    -19.56317  eV     1   --> A              
     e(  3 -  3) =    -18.24650  eV     1   --> A              
     e(  4 -  4) =    -16.64603  eV     1   --> A              
     e(  5 -  5) =    -16.22855  eV     1   --> A              
     e(  6 -  6) =    -15.22807  eV     1   --> A              
     e(  7 -  7) =    -14.02373  eV     1   --> A              
     e(  8 -  8) =    -13.25255  eV     1   --> A              
     e(  9 -  9) =    -12.65990  eV     1   --> A              
     e( 10 - 10) =    -11.54768  eV     1   --> A              
     e( 11 - 11) =    -10.15193  eV     1   --> A              
     e( 12 - 12) =    -10.02678  eV     1   --> A              
     e( 13 - 13) =     -9.53999  eV     1   --> A              
     e( 14 - 14) =     -8.13995  eV     1   --> A              
     e( 15 - 15) =     -7.23418  eV     1   --> A              
     e( 16 - 16) =     -5.91643  eV     1   --> A              
     e( 17 - 17) =     -4.15654  eV     1   --> A              
     e( 18 - 18) =     -3.24013  eV     1   --> A              
     e( 19 - 19) =     -1.46460  eV     1   --> A              
     e( 20 - 20) =      0.03248  eV     1   --> A              
     e( 21 - 21) =      1.32421  eV     1   --> A              

 **************************************************************************

 **************************************************************************

                    xk=(   0.00000,   0.00000,   0.37250  )

     Band symmetry, C_1 (1)     point group:

     e(  1 -  1) =    -20.41787  eV     1   --> A              
     e(  2 -  2) =    -19.53256  eV     1   --> A              
     e(  3 -  3) =    -18.21872  eV     1   --> A              
     e(  4 -  4) =    -16.61918  eV     1   --> A              
     e(  5 -  5) =    -16.26803  eV     1   --> A              
     e(  6 -  6) =    -15.27148  eV     1   --> A              
     e(  7 -  7) =    -14.06621  eV     1   --> A              
     e(  8 -  8) =    -13.23670  eV     1   --> A              
     e(  9 -  9) =    -12.70392  eV     1   --> A              
     e( 10 - 10) =    -11.53106  eV     1   --> A              
     e( 11 - 11) =    -10.18392  eV     1   --> A              
     e( 12 - 12) =    -10.02290  eV     1   --> A              
     e( 13 - 13) =     -9.55576  eV     1   --> A              
     e( 14 - 14) =     -8.10508  eV     1   --> A              
     e( 15 - 15) =     -7.20287  eV     1   --> A              
     e( 16 - 16) =     -5.89346  eV     1   --> A              
     e( 17 - 17) =     -4.12919  eV     1   --> A              
     e( 18 - 18) =     -3.26991  eV     1   --> A              
     e( 19 - 19) =     -1.49523  eV     1   --> A              
     e( 20 - 20) =     -0.01304  eV     1   --> A              
     e( 21 - 21) =      1.27170  eV     1   --> A              

 **************************************************************************

 **************************************************************************

                    xk=(   0.00000,   0.00000,   0.37500  )

     Band symmetry, C_1 (1)     point group:

     e(  1 -  1) =    -20.38632  eV     1   --> A              
     e(  2 -  2) =    -19.50179  eV     1   --> A              
     e(  3 -  3) =    -18.19097  eV     1   --> A              
     e(  4 -  4) =    -16.59242  eV     1   --> A              
     e(  5 -  5) =    -16.30752  eV     1   --> A              
     e(  6 -  6) =    -15.31457  eV     1   --> A              
     e(  7 -  7) =    -14.10915  eV     1   --> A              
     e(  8 -  8) =    -13.21980  eV     1   --> A              
     e(  9 -  9) =    -12.74794  eV     1   --> A              
     e( 10 - 10) =    -11.51417  eV     1   --> A              
     e( 11 - 11) =    -10.21648  eV     1   --> A              
     e( 12 - 12) =    -10.01855  eV     1   --> A              
     e( 13 - 13) =     -9.57167  eV     1   --> A              
     e( 14 - 14) =     -8.07006  eV     1   --> A              
     e( 15 - 15) =     -7.17154  eV     1   --> A              
     e( 16 - 16) =     -5.87099  eV     1   --> A              
     e( 17 - 17) =     -4.10221  eV     1   --> A              
     e( 18 - 18) =     -3.29933  eV     1   --> A              
     e( 19 - 19) =     -1.52527  eV     1   --> A              
     e( 20 - 20) =     -0.05843  eV     1   --> A              
     e( 21 - 21) =      1.21926  eV     1   --> A              

 **************************************************************************

 **************************************************************************

                    xk=(   0.00000,   0.00000,   0.37750  )

     Band symmetry, C_1 (1)     point group:

     e(  1 -  1) =    -20.35459  eV     1   --> A              
     e(  2 -  2) =    -19.47085  eV     1   --> A              
     e(  3 -  3) =    -18.16330  eV     1   --> A              
     e(  4 -  4) =    -16.56579  eV     1   --> A              
     e(  5 -  5) =    -16.34696  eV     1   --> A              
     e(  6 -  6) =    -15.35729  eV     1   --> A              
     e(  7 -  7) =    -14.15244  eV     1   --> A              
     e(  8 -  8) =    -13.20198  eV     1   --> A              
     e(  9 -  9) =    -12.79195  eV     1   --> A              
     e( 10 - 10) =    -11.49702  eV     1   --> A              
     e( 11 - 11) =    -10.24936  eV     1   --> A              
     e( 12 - 12) =    -10.01398  eV     1   --> A              
     e( 13 - 13) =     -9.58772  eV     1   --> A              
     e( 14 - 14) =     -8.03489  eV     1   --> A              
     e( 15 - 15) =     -7.14022  eV     1   --> A              
     e( 16 - 16) =     -5.84907  eV     1   --> A              
     e( 17 - 17) =     -4.07563  eV     1   --> A              
     e( 18 - 18) =     -3.32835  eV     1   --> A              
     e( 19 - 19) =     -1.55466  eV     1   --> A              
     e( 20 - 20) =     -0.10368  eV     1   --> A              
     e( 21 - 21) =      1.16688  eV     1   --> A              

 **************************************************************************

 **************************************************************************

                    xk=(   0.00000,   0.00000,   0.38000  )

     Band symmetry, C_1 (1)     point group:

     e(  1 -  1) =    -20.32266  eV     1   --> A              
     e(  2 -  2) =    -19.43976  eV     1   --> A              
     e(  3 -  3) =    -18.13573  eV     1   --> A              
     e(  4 -  4) =    -16.53936  eV     1   --> A              
     e(  5 -  5) =    -16.38629  eV     1   --> A              
     e(  6 -  6) =    -15.39959  eV     1   --> A              
     e(  7 -  7) =    -14.19600  eV     1   --> A              
     e(  8 -  8) =    -13.18334  eV     1   --> A              
     e(  9 -  9) =    -12.83593  eV     1   --> A              
     e( 10 - 10) =    -11.47964  eV     1   --> A              
     e( 11 - 11) =    -10.28243  eV     1   --> A              
     e( 12 - 12) =    -10.00929  eV     1   --> A              
     e( 13 - 13) =     -9.60390  eV     1   --> A              
     e( 14 - 14) =     -7.99957  eV     1   --> A              
     e( 15 - 15) =     -7.10890  eV     1   --> A              
     e( 16 - 16) =     -5.82773  eV     1   --> A              
     e( 17 - 17) =     -4.04951  eV     1   --> A              
     e( 18 - 18) =     -3.35692  eV     1   --> A              
     e( 19 - 19) =     -1.58332  eV     1   --> A              
     e( 20 - 20) =     -0.14876  eV     1   --> A              
     e( 21 - 21) =      1.11457  eV     1   --> A              

 **************************************************************************

 **************************************************************************

                    xk=(   0.00000,   0.00000,   0.38250  )

     Band symmetry, C_1 (1)     point group:

     e(  1 -  1) =    -20.29056  eV     1   --> A              
     e(  2 -  2) =    -19.40852  eV     1   --> A              
     e(  3 -  3) =    -18.10829  eV     1   --> A              
     e(  4 -  4) =    -16.51320  eV     1   --> A              
     e(  5 -  5) =    -16.42545  eV     1   --> A              
     e(  6 -  6) =    -15.44136  eV     1   --> A              
     e(  7 -  7) =    -14.23977  eV     1   --> A              
     e(  8 -  8) =    -13.16396  eV     1   --> A              
     e(  9 -  9) =    -12.87987  eV     1   --> A              
     e( 10 - 10) =    -11.46203  eV     1   --> A              
     e( 11 - 11) =    -10.31564  eV     1   --> A              
     e( 12 - 12) =    -10.00456  eV     1   --> A              
     e( 13 - 13) =     -9.62022  eV     1   --> A              
     e( 14 - 14) =     -7.96411  eV     1   --> A              
     e( 15 - 15) =     -7.07761  eV     1   --> A              
     e( 16 - 16) =     -5.80703  eV     1   --> A              
     e( 17 - 17) =     -4.02389  eV     1   --> A              
     e( 18 - 18) =     -3.38499  eV     1   --> A              
     e( 19 - 19) =     -1.61122  eV     1   --> A              
     e( 20 - 20) =     -0.19368  eV     1   --> A              
     e( 21 - 21) =      1.06234  eV     1   --> A              

 **************************************************************************

 **************************************************************************

                    xk=(   0.00000,   0.00000,   0.38500  )

     Band symmetry, C_1 (1)     point group:

     e(  1 -  1) =    -20.25827  eV     1   --> A              
     e(  2 -  2) =    -19.37712  eV     1   --> A              
     e(  3 -  3) =    -18.08103  eV     1   --> A              
     e(  4 -  4) =    -16.48750  eV     1   --> A              
     e(  5 -  5) =    -16.46430  eV     1   --> A              
     e(  6 -  6) =    -15.48252  eV     1   --> A              
     e(  7 -  7) =    -14.28370  eV     1   --> A              
     e(  8 -  8) =    -13.14391  eV     1   --> A              
     e(  9 -  9) =    -12.92377  eV     1   --> A              
     e( 10 - 10) =    -11.44422  eV     1   --> A              
     e( 11 - 11) =    -10.34896  eV     1   --> A              
     e( 12 - 12) =     -9.99982  eV     1   --> A              
     e( 13 - 13) =     -9.63667  eV     1   --> A              
     e( 14 - 14) =     -7.92851  eV     1   --> A              
     e( 15 - 15) =     -7.04635  eV     1   --> A              
     e( 16 - 16) =     -5.78703  eV     1   --> A              
     e( 17 - 17) =     -3.99882  eV     1   --> A              
     e( 18 - 18) =     -3.41251  eV     1   --> A              
     e( 19 - 19) =     -1.63827  eV     1   --> A              
     e( 20 - 20) =     -0.23839  eV     1   --> A              
     e( 21 - 21) =      1.01019  eV     1   --> A              

 **************************************************************************

 **************************************************************************

                    xk=(   0.00000,   0.00000,   0.38750  )

     Band symmetry, C_1 (1)     point group:

     e(  1 -  1) =    -20.22579  eV     1   --> A              
     e(  2 -  2) =    -19.34558  eV     1   --> A              
     e(  3 -  3) =    -18.05400  eV     1   --> A              
     e(  4 -  4) =    -16.50326  eV     1   --> A              
     e(  5 -  5) =    -16.46188  eV     1   --> A              
     e(  6 -  6) =    -15.52295  eV     1   --> A              
     e(  7 -  7) =    -14.32773  eV     1   --> A              
     e(  8 -  8) =    -13.12324  eV     1   --> A              
     e(  9 -  9) =    -12.96760  eV     1   --> A              
     e( 10 - 10) =    -11.42623  eV     1   --> A              
     e( 11 - 11) =    -10.38235  eV     1   --> A              
     e( 12 - 12) =     -9.99509  eV     1   --> A              
     e( 13 - 13) =     -9.65326  eV     1   --> A              
     e( 14 - 14) =     -7.89277  eV     1   --> A              
     e( 15 - 15) =     -7.01514  eV     1   --> A              
     e( 16 - 16) =     -5.76777  eV     1   --> A              
     e( 17 - 17) =     -3.97435  eV     1   --> A              
     e( 18 - 18) =     -3.43944  eV     1   --> A              
     e( 19 - 19) =     -1.66441  eV     1   --> A              
     e( 20 - 20) =     -0.28290  eV     1   --> A              
     e( 21 - 21) =      0.95814  eV     1   --> A              

 **************************************************************************

 **************************************************************************

                    xk=(   0.00000,   0.00000,   0.39000  )

     Band symmetry, C_1 (1)     point group:

     e(  1 -  1) =    -20.19314  eV     1   --> A              
     e(  2 -  2) =    -19.31388  eV     1   --> A              
     e(  3 -  3) =    -18.02724  eV     1   --> A              
     e(  4 -  4) =    -16.54154  eV     1   --> A              
     e(  5 -  5) =    -16.43720  eV     1   --> A              
     e(  6 -  6) =    -15.56248  eV     1   --> A              
     e(  7 -  7) =    -14.37184  eV     1   --> A              
     e(  8 -  8) =    -13.10200  eV     1   --> A              
     e(  9 -  9) =    -13.01137  eV     1   --> A              
     e( 10 - 10) =    -11.40805  eV     1   --> A              
     e( 11 - 11) =    -10.41581  eV     1   --> A              
     e( 12 - 12) =     -9.99040  eV     1   --> A              
     e( 13 - 13) =     -9.66998  eV     1   --> A              
     e( 14 - 14) =     -7.85690  eV     1   --> A              
     e( 15 - 15) =     -6.98398  eV     1   --> A              
     e( 16 - 16) =     -5.74932  eV     1   --> A              
     e( 17 - 17) =     -3.95053  eV     1   --> A              
     e( 18 - 18) =     -3.46572  eV     1   --> A              
     e( 19 - 19) =     -1.68958  eV     1   --> A              
     e( 20 - 20) =     -0.32718  eV     1   --> A              
     e( 21 - 21) =      0.90618  eV     1   --> A              

 **************************************************************************

 **************************************************************************

                    xk=(   0.00000,   0.00000,   0.39250  )

     Band symmetry, C_1 (1)     point group:

     e(  1 -  1) =    -20.16030  eV     1   --> A              
     e(  2 -  2) =    -19.28205  eV     1   --> A              
     e(  3 -  3) =    -18.00084  eV     1   --> A              
     e(  4 -  4) =    -16.57944  eV     1   --> A              
     e(  5 -  5) =    -16.41328  eV     1   --> A              
     e(  6 -  6) =    -15.60092  eV     1   --> A              
     e(  7 -  7) =    -14.41599  eV     1   --> A              
     e(  8 -  8) =    -13.08023  eV     1   --> A              
     e(  9 -  9) =    -13.05505  eV     1   --> A              
     e( 10 - 10) =    -11.38971  eV     1   --> A              
     e( 11 - 11) =    -10.44931  eV     1   --> A              
     e( 12 - 12) =     -9.98575  eV     1   --> A              
     e( 13 - 13) =     -9.68682  eV     1   --> A              
     e( 14 - 14) =     -7.82090  eV     1   --> A              
     e( 15 - 15) =     -6.95289  eV     1   --> A              
     e( 16 - 16) =     -5.73173  eV     1   --> A              
     e( 17 - 17) =     -3.92743  eV     1   --> A              
     e( 18 - 18) =     -3.49128  eV     1   --> A              
     e( 19 - 19) =     -1.71370  eV     1   --> A              
     e( 20 - 20) =     -0.37122  eV     1   --> A              
     e( 21 - 21) =      0.85433  eV     1   --> A              

 **************************************************************************

 **************************************************************************

                    xk=(   0.00000,   0.00000,   0.39500  )

     Band symmetry, C_1 (1)     point group:

     e(  1 -  1) =    -20.12728  eV     1   --> A              
     e(  2 -  2) =    -19.25008  eV     1   --> A              
     e(  3 -  3) =    -17.97487  eV     1   --> A              
     e(  4 -  4) =    -16.61683  eV     1   --> A              
     e(  5 -  5) =    -16.39041  eV     1   --> A              
     e(  6 -  6) =    -15.63802  eV     1   --> A              
     e(  7 -  7) =    -14.46015  eV     1   --> A              
     e(  8 -  8) =    -13.09866  eV     1   --> A              
     e(  9 -  9) =    -13.05797  eV     1   --> A              
     e( 10 - 10) =    -11.37121  eV     1   --> A              
     e( 11 - 11) =    -10.48286  eV     1   --> A              
     e( 12 - 12) =     -9.98114  eV     1   --> A              
     e( 13 - 13) =     -9.70379  eV     1   --> A              
     e( 14 - 14) =     -7.78477  eV     1   --> A              
     e( 15 - 15) =     -6.92189  eV     1   --> A              
     e( 16 - 16) =     -5.71506  eV     1   --> A              
     e( 17 - 17) =     -3.90509  eV     1   --> A              
     e( 18 - 18) =     -3.51608  eV     1   --> A              
     e( 19 - 19) =     -1.73669  eV     1   --> A              
     e( 20 - 20) =     -0.41499  eV     1   --> A              
     e( 21 - 21) =      0.80259  eV     1   --> A              

 **************************************************************************

 **************************************************************************

                    xk=(   0.00000,   0.00000,   0.39750  )

     Band symmetry, C_1 (1)     point group:

     e(  1 -  1) =    -20.09408  eV     1   --> A              
     e(  2 -  2) =    -19.21798  eV     1   --> A              
     e(  3 -  3) =    -17.94942  eV     1   --> A              
     e(  4 -  4) =    -16.65359  eV     1   --> A              
     e(  5 -  5) =    -16.36891  eV     1   --> A              
     e(  6 -  6) =    -15.67344  eV     1   --> A              
     e(  7 -  7) =    -14.50430  eV     1   --> A              
     e(  8 -  8) =    -13.14217  eV     1   --> A              
     e(  9 -  9) =    -13.03525  eV     1   --> A              
     e( 10 - 10) =    -11.35257  eV     1   --> A              
     e( 11 - 11) =    -10.51644  eV     1   --> A              
     e( 12 - 12) =     -9.97660  eV     1   --> A              
     e( 13 - 13) =     -9.72089  eV     1   --> A              
     e( 14 - 14) =     -7.74852  eV     1   --> A              
     e( 15 - 15) =     -6.89100  eV     1   --> A              
     e( 16 - 16) =     -5.69939  eV     1   --> A              
     e( 17 - 17) =     -3.88359  eV     1   --> A              
     e( 18 - 18) =     -3.54006  eV     1   --> A              
     e( 19 - 19) =     -1.75848  eV     1   --> A              
     e( 20 - 20) =     -0.45848  eV     1   --> A              
     e( 21 - 21) =      0.75096  eV     1   --> A              

 **************************************************************************

 **************************************************************************

                    xk=(   0.00000,   0.00000,   0.40000  )

     Band symmetry, C_1 (1)     point group:

     e(  1 -  1) =    -20.06071  eV     1   --> A              
     e(  2 -  2) =    -19.18575  eV     1   --> A              
     e(  3 -  3) =    -17.92459  eV     1   --> A              
     e(  4 -  4) =    -16.68962  eV     1   --> A              
     e(  5 -  5) =    -16.34921  eV     1   --> A              
     e(  6 -  6) =    -15.70677  eV     1   --> A              
     e(  7 -  7) =    -14.54843  eV     1   --> A              
     e(  8 -  8) =    -13.18559  eV     1   --> A              
     e(  9 -  9) =    -13.01210  eV     1   --> A              
     e( 10 - 10) =    -11.33379  eV     1   --> A              
     e( 11 - 11) =    -10.55004  eV     1   --> A              
     e( 12 - 12) =     -9.97212  eV     1   --> A              
     e( 13 - 13) =     -9.73811  eV     1   --> A              
     e( 14 - 14) =     -7.71216  eV     1   --> A              
     e( 15 - 15) =     -6.86021  eV     1   --> A              
     e( 16 - 16) =     -5.68476  eV     1   --> A              
     e( 17 - 17) =     -3.86298  eV     1   --> A              
     e( 18 - 18) =     -3.56315  eV     1   --> A              
     e( 19 - 19) =     -1.77898  eV     1   --> A              
     e( 20 - 20) =     -0.50166  eV     1   --> A              
     e( 21 - 21) =      0.69947  eV     1   --> A              

 **************************************************************************

 **************************************************************************

                    xk=(   0.00000,   0.00000,   0.40250  )

     Band symmetry, C_1 (1)     point group:

     e(  1 -  1) =    -20.02715  eV     1   --> A              
     e(  2 -  2) =    -19.15339  eV     1   --> A              
     e(  3 -  3) =    -17.90053  eV     1   --> A              
     e(  4 -  4) =    -16.72475  eV     1   --> A              
     e(  5 -  5) =    -16.33181  eV     1   --> A              
     e(  6 -  6) =    -15.73746  eV     1   --> A              
     e(  7 -  7) =    -14.59252  eV     1   --> A              
     e(  8 -  8) =    -13.22892  eV     1   --> A              
     e(  9 -  9) =    -12.98853  eV     1   --> A              
     e( 10 - 10) =    -11.31487  eV     1   --> A              
     e( 11 - 11) =    -10.58367  eV     1   --> A              
     e( 12 - 12) =     -9.96770  eV     1   --> A              
     e( 13 - 13) =     -9.75544  eV     1   --> A              
     e( 14 - 14) =     -7.67568  eV     1   --> A              
     e( 15 - 15) =     -6.82956  eV     1   --> A              
     e( 16 - 16) =     -5.67126  eV     1   --> A              
     e( 17 - 17) =     -3.84333  eV     1   --> A              
     e( 18 - 18) =     -3.58531  eV     1   --> A              
     e( 19 - 19) =     -1.79812  eV     1   --> A              
     e( 20 - 20) =     -0.54453  eV     1   --> A              
     e( 21 - 21) =      0.64810  eV     1   --> A              

 **************************************************************************

 **************************************************************************

                    xk=(   0.00000,   0.00000,   0.40500  )

     Band symmetry, C_1 (1)     point group:

     e(  1 -  1) =    -19.99343  eV     1   --> A              
     e(  2 -  2) =    -19.12091  eV     1   --> A              
     e(  3 -  3) =    -17.87738  eV     1   --> A              
     e(  4 -  4) =    -16.75884  eV     1   --> A              
     e(  5 -  5) =    -16.31739  eV     1   --> A              
     e(  6 -  6) =    -15.76486  eV     1   --> A              
     e(  7 -  7) =    -14.63654  eV     1   --> A              
     e(  8 -  8) =    -13.27213  eV     1   --> A              
     e(  9 -  9) =    -12.96459  eV     1   --> A              
     e( 10 - 10) =    -11.29584  eV     1   --> A              
     e( 11 - 11) =    -10.61731  eV     1   --> A              
     e( 12 - 12) =     -9.96336  eV     1   --> A              
     e( 13 - 13) =     -9.77290  eV     1   --> A              
     e( 14 - 14) =     -7.63909  eV     1   --> A              
     e( 15 - 15) =     -6.79906  eV     1   --> A              
     e( 16 - 16) =     -5.65894  eV     1   --> A              
     e( 17 - 17) =     -3.82469  eV     1   --> A              
     e( 18 - 18) =     -3.60646  eV     1   --> A              
     e( 19 - 19) =     -1.81582  eV     1   --> A              
     e( 20 - 20) =     -0.58704  eV     1   --> A              
     e( 21 - 21) =      0.59686  eV     1   --> A              

 **************************************************************************

 **************************************************************************

                    xk=(   0.00000,   0.00000,   0.40750  )

     Band symmetry, C_1 (1)     point group:

     e(  1 -  1) =    -19.95952  eV     1   --> A              
     e(  2 -  2) =    -19.08833  eV     1   --> A              
     e(  3 -  3) =    -17.85532  eV     1   --> A              
     e(  4 -  4) =    -16.79170  eV     1   --> A              
     e(  5 -  5) =    -16.30671  eV     1   --> A              
     e(  6 -  6) =    -15.78820  eV     1   --> A              
     e(  7 -  7) =    -14.68049  eV     1   --> A              
     e(  8 -  8) =    -13.31523  eV     1   --> A              
     e(  9 -  9) =    -12.94027  eV     1   --> A              
     e( 10 - 10) =    -11.27669  eV     1   --> A              
     e( 11 - 11) =    -10.65096  eV     1   --> A              
     e( 12 - 12) =     -9.95910  eV     1   --> A              
     e( 13 - 13) =     -9.79047  eV     1   --> A              
     e( 14 - 14) =     -7.60239  eV     1   --> A              
     e( 15 - 15) =     -6.76873  eV     1   --> A              
     e( 16 - 16) =     -5.64788  eV     1   --> A              
     e( 17 - 17) =     -3.80713  eV     1   --> A              
     e( 18 - 18) =     -3.62655  eV     1   --> A              
     e( 19 - 19) =     -1.83200  eV     1   --> A              
     e( 20 - 20) =     -0.62919  eV     1   --> A              
     e( 21 - 21) =      0.54578  eV     1   --> A              

 **************************************************************************

 **************************************************************************

                    xk=(   0.00000,   0.00000,   0.41000  )

     Band symmetry, C_1 (1)     point group:

     e(  1 -  1) =    -19.92545  eV     1   --> A              
     e(  2 -  2) =    -19.05563  eV     1   --> A              
     e(  3 -  3) =    -17.83457  eV     1   --> A              
     e(  4 -  4) =    -16.82310  eV     1   --> A              
     e(  5 -  5) =    -16.30056  eV     1   --> A              
     e(  6 -  6) =    -15.80666  eV     1   --> A              
     e(  7 -  7) =    -14.72436  eV     1   --> A              
     e(  8 -  8) =    -13.35823  eV     1   --> A              
     e(  9 -  9) =    -12.91560  eV     1   --> A              
     e( 10 - 10) =    -11.25744  eV     1   --> A              
     e( 11 - 11) =    -10.68462  eV     1   --> A              
     e( 12 - 12) =     -9.95493  eV     1   --> A              
     e( 13 - 13) =     -9.80815  eV     1   --> A              
     e( 14 - 14) =     -7.56559  eV     1   --> A              
     e( 15 - 15) =     -6.73859  eV     1   --> A              
     e( 16 - 16) =     -5.63813  eV     1   --> A              
     e( 17 - 17) =     -3.79072  eV     1   --> A              
     e( 18 - 18) =     -3.64553  eV     1   --> A              
     e( 19 - 19) =     -1.84657  eV     1   --> A              
     e( 20 - 20) =     -0.67095  eV     1   --> A              
     e( 21 - 21) =      0.49484  eV     1   --> A              

 **************************************************************************

 **************************************************************************

                    xk=(   0.00000,   0.00000,   0.41250  )

     Band symmetry, C_1 (1)     point group:

     e(  1 -  1) =    -19.89120  eV     1   --> A              
     e(  2 -  2) =    -19.02284  eV     1   --> A              
     e(  3 -  3) =    -17.81537  eV     1   --> A              
     e(  4 -  4) =    -16.85280  eV     1   --> A              
     e(  5 -  5) =    -16.29968  eV     1   --> A              
     e(  6 -  6) =    -15.81950  eV     1   --> A              
     e(  7 -  7) =    -14.76812  eV     1   --> A              
     e(  8 -  8) =    -13.40110  eV     1   --> A              
     e(  9 -  9) =    -12.89061  eV     1   --> A              
     e( 10 - 10) =    -11.23808  eV     1   --> A              
     e( 11 - 11) =    -10.71828  eV     1   --> A              
     e( 12 - 12) =     -9.95083  eV     1   --> A              
     e( 13 - 13) =     -9.82594  eV     1   --> A              
     e( 14 - 14) =     -7.52870  eV     1   --> A              
     e( 15 - 15) =     -6.70866  eV     1   --> A              
     e( 16 - 16) =     -5.62976  eV     1   --> A              
     e( 17 - 17) =     -3.77550  eV     1   --> A              
     e( 18 - 18) =     -3.66334  eV     1   --> A              
     e( 19 - 19) =     -1.85947  eV     1   --> A              
     e( 20 - 20) =     -0.71229  eV     1   --> A              
     e( 21 - 21) =      0.44406  eV     1   --> A              

 **************************************************************************

 **************************************************************************

                    xk=(   0.00000,   0.00000,   0.41500  )

     Band symmetry, C_1 (1)     point group:

     e(  1 -  1) =    -19.85678  eV     1   --> A              
     e(  2 -  2) =    -18.98995  eV     1   --> A              
     e(  3 -  3) =    -17.79800  eV     1   --> A              
     e(  4 -  4) =    -16.88050  eV     1   --> A              
     e(  5 -  5) =    -16.30452  eV     1   --> A              
     e(  6 -  6) =    -15.82626  eV     1   --> A              
     e(  7 -  7) =    -14.81178  eV     1   --> A              
     e(  8 -  8) =    -13.44385  eV     1   --> A              
     e(  9 -  9) =    -12.86529  eV     1   --> A              
     e( 10 - 10) =    -11.21863  eV     1   --> A              
     e( 11 - 11) =    -10.75194  eV     1   --> A              
     e( 12 - 12) =     -9.94683  eV     1   --> A              
     e( 13 - 13) =     -9.84384  eV     1   --> A              
     e( 14 - 14) =     -7.49172  eV     1   --> A              
     e( 15 - 15) =     -6.67895  eV     1   --> A              
     e( 16 - 16) =     -5.62283  eV     1   --> A              
     e( 17 - 17) =     -3.76154  eV     1   --> A              
     e( 18 - 18) =     -3.67992  eV     1   --> A              
     e( 19 - 19) =     -1.87062  eV     1   --> A              
     e( 20 - 20) =     -0.75319  eV     1   --> A              
     e( 21 - 21) =      0.39345  eV     1   --> A              

 **************************************************************************

 **************************************************************************

                    xk=(   0.00000,   0.00000,   0.41750  )

     Band symmetry, C_1 (1)     point group:

     e(  1 -  1) =    -19.82219  eV     1   --> A              
     e(  2 -  2) =    -18.95698  eV     1   --> A              
     e(  3 -  3) =    -17.78278  eV     1   --> A              
     e(  4 -  4) =    -16.90588  eV     1   --> A              
     e(  5 -  5) =    -16.31516  eV     1   --> A              
     e(  6 -  6) =    -15.82687  eV     1   --> A              
     e(  7 -  7) =    -14.85532  eV     1   --> A              
     e(  8 -  8) =    -13.48648  eV     1   --> A              
     e(  9 -  9) =    -12.83967  eV     1   --> A              
     e( 10 - 10) =    -11.19909  eV     1   --> A              
     e( 11 - 11) =    -10.78560  eV     1   --> A              
     e( 12 - 12) =     -9.94293  eV     1   --> A              
     e( 13 - 13) =     -9.86184  eV     1   --> A              
     e( 14 - 14) =     -7.45466  eV     1   --> A              
     e( 15 - 15) =     -6.64951  eV     1   --> A              
     e( 16 - 16) =     -5.61740  eV     1   --> A              
     e( 17 - 17) =     -3.74891  eV     1   --> A              
     e( 18 - 18) =     -3.69520  eV     1   --> A              
     e( 19 - 19) =     -1.87996  eV     1   --> A              
     e( 20 - 20) =     -0.79362  eV     1   --> A              
     e( 21 - 21) =      0.34301  eV     1   --> A              

 **************************************************************************

 **************************************************************************

                    xk=(   0.00000,   0.00000,   0.42000  )

     Band symmetry, C_1 (1)     point group:

     e(  1 -  1) =    -19.78744  eV     1   --> A              
     e(  2 -  2) =    -18.92394  eV     1   --> A              
     e(  3 -  3) =    -17.77005  eV     1   --> A              
     e(  4 -  4) =    -16.92860  eV     1   --> A              
     e(  5 -  5) =    -16.33121  eV     1   --> A              
     e(  6 -  6) =    -15.82167  eV     1   --> A              
     e(  7 -  7) =    -14.89873  eV     1   --> A              
     e(  8 -  8) =    -13.52897  eV     1   --> A              
     e(  9 -  9) =    -12.81376  eV     1   --> A              
     e( 10 - 10) =    -11.17948  eV     1   --> A              
     e( 11 - 11) =    -10.81925  eV     1   --> A              
     e( 12 - 12) =     -9.93913  eV     1   --> A              
     e( 13 - 13) =     -9.87992  eV     1   --> A              
     e( 14 - 14) =     -7.41751  eV     1   --> A              
     e( 15 - 15) =     -6.62033  eV     1   --> A              
     e( 16 - 16) =     -5.61350  eV     1   --> A              
     e( 17 - 17) =     -3.73776  eV     1   --> A              
     e( 18 - 18) =     -3.70904  eV     1   --> A              
     e( 19 - 19) =     -1.88742  eV     1   --> A              
     e( 20 - 20) =     -0.83356  eV     1   --> A              
     e( 21 - 21) =      0.29276  eV     1   --> A              

 **************************************************************************

 **************************************************************************

                    xk=(   0.00000,   0.00000,   0.42250  )

     Band symmetry, C_1 (1)     point group:

     e(  1 -  1) =    -19.75252  eV     1   --> A              
     e(  2 -  2) =    -18.89083  eV     1   --> A              
     e(  3 -  3) =    -17.76017  eV     1   --> A              
     e(  4 -  4) =    -16.94830  eV     1   --> A              
     e(  5 -  5) =    -16.35200  eV     1   --> A              
     e(  6 -  6) =    -15.81135  eV     1   --> A              
     e(  7 -  7) =    -14.94200  eV     1   --> A              
     e(  8 -  8) =    -13.57134  eV     1   --> A              
     e(  9 -  9) =    -12.78756  eV     1   --> A              
     e( 10 - 10) =    -11.15978  eV     1   --> A              
     e( 11 - 11) =    -10.85289  eV     1   --> A              
     e( 12 - 12) =     -9.93546  eV     1   --> A              
     e( 13 - 13) =     -9.89806  eV     1   --> A              
     e( 14 - 14) =     -7.38029  eV     1   --> A              
     e( 15 - 15) =     -6.59147  eV     1   --> A              
     e( 16 - 16) =     -5.61120  eV     1   --> A              
     e( 17 - 17) =     -3.72930  eV     1   --> A              
     e( 18 - 18) =     -3.72022  eV     1   --> A              
     e( 19 - 19) =     -1.89296  eV     1   --> A              
     e( 20 - 20) =     -0.87297  eV     1   --> A              
     e( 21 - 21) =      0.24269  eV     1   --> A              

 **************************************************************************

 **************************************************************************

                    xk=(   0.00000,   0.00000,   0.42500  )

     Band symmetry, C_1 (1)     point group:

     e(  1 -  1) =    -19.71743  eV     1   --> A              
     e(  2 -  2) =    -18.85768  eV     1   --> A              
     e(  3 -  3) =    -17.75348  eV     1   --> A              
     e(  4 -  4) =    -16.96462  eV     1   --> A              
     e(  5 -  5) =    -16.37673  eV     1   --> A              
     e(  6 -  6) =    -15.79670  eV     1   --> A              
     e(  7 -  7) =    -14.98512  eV     1   --> A              
     e(  8 -  8) =    -13.61356  eV     1   --> A              
     e(  9 -  9) =    -12.76110  eV     1   --> A              
     e( 10 - 10) =    -11.14002  eV     1   --> A              
     e( 11 - 11) =    -10.88651  eV     1   --> A              
     e( 12 - 12) =     -9.93211  eV     1   --> A              
     e( 13 - 13) =     -9.91609  eV     1   --> A              
     e( 14 - 14) =     -7.34300  eV     1   --> A              
     e( 15 - 15) =     -6.56293  eV     1   --> A              
     e( 16 - 16) =     -5.61052  eV     1   --> A              
     e( 17 - 17) =     -3.73471  eV     1   --> A              
     e( 18 - 18) =     -3.71756  eV     1   --> A              
     e( 19 - 19) =     -1.89654  eV     1   --> A              
     e( 20 - 20) =     -0.91183  eV     1   --> A              
     e( 21 - 21) =      0.19282  eV     1   --> A              

 **************************************************************************

 **************************************************************************

                    xk=(   0.00000,   0.00000,   0.42750  )

     Band symmetry, C_1 (1)     point group:

     e(  1 -  1) =    -19.68219  eV     1   --> A              
     e(  2 -  2) =    -18.82448  eV     1   --> A              
     e(  3 -  3) =    -17.75030  eV     1   --> A              
     e(  4 -  4) =    -16.97725  eV     1   --> A              
     e(  5 -  5) =    -16.40457  eV     1   --> A              
     e(  6 -  6) =    -15.77850  eV     1   --> A              
     e(  7 -  7) =    -15.02808  eV     1   --> A              
     e(  8 -  8) =    -13.65565  eV     1   --> A              
     e(  9 -  9) =    -12.73437  eV     1   --> A              
     e( 10 - 10) =    -11.12019  eV     1   --> A              
     e( 11 - 11) =    -10.92011  eV     1   --> A              
     e( 12 - 12) =     -9.93596  eV     1   --> A              
     e( 13 - 13) =     -9.92710  eV     1   --> A              
     e( 14 - 14) =     -7.30565  eV     1   --> A              
     e( 15 - 15) =     -6.53475  eV     1   --> A              
     e( 16 - 16) =     -5.61150  eV     1   --> A              
     e( 17 - 17) =     -3.74434  eV     1   --> A              
     e( 18 - 18) =     -3.71070  eV     1   --> A              
     e( 19 - 19) =     -1.89812  eV     1   --> A              
     e( 20 - 20) =     -0.95010  eV     1   --> A              
     e( 21 - 21) =      0.14316  eV     1   --> A              

 **************************************************************************

 **************************************************************************

                    xk=(   0.00000,   0.00000,   0.43000  )

     Band symmetry, C_1 (1)     point group:

     e(  1 -  1) =    -19.64678  eV     1   --> A              
     e(  2 -  2) =    -18.79126  eV     1   --> A              
     e(  3 -  3) =    -17.75087  eV     1   --> A              
     e(  4 -  4) =    -16.98596  eV     1   --> A              
     e(  5 -  5) =    -16.43484  eV     1   --> A              
     e(  6 -  6) =    -15.75746  eV     1   --> A              
     e(  7 -  7) =    -15.07087  eV     1   --> A              
     e(  8 -  8) =    -13.69760  eV     1   --> A              
     e(  9 -  9) =    -12.70740  eV     1   --> A              
     e( 10 - 10) =    -11.10030  eV     1   --> A              
     e( 11 - 11) =    -10.95369  eV     1   --> A              
     e( 12 - 12) =     -9.95375  eV     1   --> A              
     e( 13 - 13) =     -9.92437  eV     1   --> A              
     e( 14 - 14) =     -7.26824  eV     1   --> A              
     e( 15 - 15) =     -6.50695  eV     1   --> A              
     e( 16 - 16) =     -5.61416  eV     1   --> A              
     e( 17 - 17) =     -3.75296  eV     1   --> A              
     e( 18 - 18) =     -3.70487  eV     1   --> A              
     e( 19 - 19) =     -1.89768  eV     1   --> A              
     e( 20 - 20) =     -0.98775  eV     1   --> A              
     e( 21 - 21) =      0.09372  eV     1   --> A              

 **************************************************************************

 **************************************************************************

                    xk=(   0.00000,   0.00000,   0.43250  )

     Band symmetry, C_1 (1)     point group:

     e(  1 -  1) =    -19.61121  eV     1   --> A              
     e(  2 -  2) =    -18.75803  eV     1   --> A              
     e(  3 -  3) =    -17.75532  eV     1   --> A              
     e(  4 -  4) =    -16.99060  eV     1   --> A              
     e(  5 -  5) =    -16.46694  eV     1   --> A              
     e(  6 -  6) =    -15.73415  eV     1   --> A              
     e(  7 -  7) =    -15.11348  eV     1   --> A              
     e(  8 -  8) =    -13.73939  eV     1   --> A              
     e(  9 -  9) =    -12.68018  eV     1   --> A              
     e( 10 - 10) =    -11.08037  eV     1   --> A              
     e( 11 - 11) =    -10.98724  eV     1   --> A              
     e( 12 - 12) =     -9.97222  eV     1   --> A              
     e( 13 - 13) =     -9.92114  eV     1   --> A              
     e( 14 - 14) =     -7.23079  eV     1   --> A              
     e( 15 - 15) =     -6.47958  eV     1   --> A              
     e( 16 - 16) =     -5.61850  eV     1   --> A              
     e( 17 - 17) =     -3.76032  eV     1   --> A              
     e( 18 - 18) =     -3.70032  eV     1   --> A              
     e( 19 - 19) =     -1.89523  eV     1   --> A              
     e( 20 - 20) =     -1.02475  eV     1   --> A              
     e( 21 - 21) =      0.04451  eV     1   --> A              

 **************************************************************************

 **************************************************************************

                    xk=(   0.00000,   0.00000,   0.43500  )

     Band symmetry, C_1 (1)     point group:

     e(  1 -  1) =    -19.57549  eV     1   --> A              
     e(  2 -  2) =    -18.72480  eV     1   --> A              
     e(  3 -  3) =    -17.76365  eV     1   --> A              
     e(  4 -  4) =    -16.99117  eV     1   --> A              
     e(  5 -  5) =    -16.50040  eV     1   --> A              
     e(  6 -  6) =    -15.70900  eV     1   --> A              
     e(  7 -  7) =    -15.15590  eV     1   --> A              
     e(  8 -  8) =    -13.78103  eV     1   --> A              
     e(  9 -  9) =    -12.65273  eV     1   --> A              
     e( 10 - 10) =    -11.06039  eV     1   --> A              
     e( 11 - 11) =    -11.02076  eV     1   --> A              
     e( 12 - 12) =     -9.99084  eV     1   --> A              
     e( 13 - 13) =     -9.91795  eV     1   --> A              
     e( 14 - 14) =     -7.19329  eV     1   --> A              
     e( 15 - 15) =     -6.45265  eV     1   --> A              
     e( 16 - 16) =     -5.62453  eV     1   --> A              
     e( 17 - 17) =     -3.76640  eV     1   --> A              
     e( 18 - 18) =     -3.69704  eV     1   --> A              
     e( 19 - 19) =     -1.89076  eV     1   --> A              
     e( 20 - 20) =     -1.06104  eV     1   --> A              
     e( 21 - 21) =     -0.00447  eV     1   --> A              

 **************************************************************************

 **************************************************************************

                    xk=(   0.00000,   0.00000,   0.43750  )

     Band symmetry, C_1 (1)     point group:

     e(  1 -  1) =    -19.53961  eV     1   --> A              
     e(  2 -  2) =    -18.69161  eV     1   --> A              
     e(  3 -  3) =    -17.77578  eV     1   --> A              
     e(  4 -  4) =    -16.98778  eV     1   --> A              
     e(  5 -  5) =    -16.53487  eV     1   --> A              
     e(  6 -  6) =    -15.68237  eV     1   --> A              
     e(  7 -  7) =    -15.19813  eV     1   --> A              
     e(  8 -  8) =    -13.82252  eV     1   --> A              
     e(  9 -  9) =    -12.62505  eV     1   --> A              
     e( 10 - 10) =    -11.05432  eV     1   --> A              
     e( 11 - 11) =    -11.04031  eV     1   --> A              
     e( 12 - 12) =    -10.00956  eV     1   --> A              
     e( 13 - 13) =     -9.91485  eV     1   --> A              
     e( 14 - 14) =     -7.15576  eV     1   --> A              
     e( 15 - 15) =     -6.42622  eV     1   --> A              
     e( 16 - 16) =     -5.63224  eV     1   --> A              
     e( 17 - 17) =     -3.77121  eV     1   --> A              
     e( 18 - 18) =     -3.69501  eV     1   --> A              
     e( 19 - 19) =     -1.88429  eV     1   --> A              
     e( 20 - 20) =     -1.09661  eV     1   --> A              
     e( 21 - 21) =     -0.05320  eV     1   --> A              

 **************************************************************************

 **************************************************************************

                    xk=(   0.00000,   0.00000,   0.44000  )

     Band symmetry, C_1 (1)     point group:

     e(  1 -  1) =    -19.50358  eV     1   --> A              
     e(  2 -  2) =    -18.65847  eV     1   --> A              
     e(  3 -  3) =    -17.79147  eV     1   --> A              
     e(  4 -  4) =    -16.98064  eV     1   --> A              
     e(  5 -  5) =    -16.57004  eV     1   --> A              
     e(  6 -  6) =    -15.65454  eV     1   --> A              
     e(  7 -  7) =    -15.24013  eV     1   --> A              
     e(  8 -  8) =    -13.86385  eV     1   --> A              
     e(  9 -  9) =    -12.59716  eV     1   --> A              
     e( 10 - 10) =    -11.08775  eV     1   --> A              
     e( 11 - 11) =    -11.02029  eV     1   --> A              
     e( 12 - 12) =    -10.02835  eV     1   --> A              
     e( 13 - 13) =     -9.91185  eV     1   --> A              
     e( 14 - 14) =     -7.11821  eV     1   --> A              
     e( 15 - 15) =     -6.40030  eV     1   --> A              
     e( 16 - 16) =     -5.64162  eV     1   --> A              
     e( 17 - 17) =     -3.77480  eV     1   --> A              
     e( 18 - 18) =     -3.69419  eV     1   --> A              
     e( 19 - 19) =     -1.87585  eV     1   --> A              
     e( 20 - 20) =     -1.13140  eV     1   --> A              
     e( 21 - 21) =     -0.10166  eV     1   --> A              

 **************************************************************************

 **************************************************************************

                    xk=(   0.00000,   0.00000,   0.44250  )

     Band symmetry, C_1 (1)     point group:

     e(  1 -  1) =    -19.46740  eV     1   --> A              
     e(  2 -  2) =    -18.62540  eV     1   --> A              
     e(  3 -  3) =    -17.81043  eV     1   --> A              
     e(  4 -  4) =    -16.97006  eV     1   --> A              
     e(  5 -  5) =    -16.60568  eV     1   --> A              
     e(  6 -  6) =    -15.62570  eV     1   --> A              
     e(  7 -  7) =    -15.28191  eV     1   --> A              
     e(  8 -  8) =    -13.90501  eV     1   --> A              
     e(  9 -  9) =    -12.56905  eV     1   --> A              
     e( 10 - 10) =    -11.12116  eV     1   --> A              
     e( 11 - 11) =    -11.00021  eV     1   --> A              
     e( 12 - 12) =    -10.04722  eV     1   --> A              
     e( 13 - 13) =     -9.90895  eV     1   --> A              
     e( 14 - 14) =     -7.08063  eV     1   --> A              
     e( 15 - 15) =     -6.37494  eV     1   --> A              
     e( 16 - 16) =     -5.65263  eV     1   --> A              
     e( 17 - 17) =     -3.77722  eV     1   --> A              
     e( 18 - 18) =     -3.69449  eV     1   --> A              
     e( 19 - 19) =     -1.86548  eV     1   --> A              
     e( 20 - 20) =     -1.16538  eV     1   --> A              
     e( 21 - 21) =     -0.14986  eV     1   --> A              

 **************************************************************************

 **************************************************************************

                    xk=(   0.00000,   0.00000,   0.44500  )

     Band symmetry, C_1 (1)     point group:

     e(  1 -  1) =    -19.43108  eV     1   --> A              
     e(  2 -  2) =    -18.59244  eV     1   --> A              
     e(  3 -  3) =    -17.83233  eV     1   --> A              
     e(  4 -  4) =    -16.95637  eV     1   --> A              
     e(  5 -  5) =    -16.64161  eV     1   --> A              
     e(  6 -  6) =    -15.59603  eV     1   --> A              
     e(  7 -  7) =    -15.32344  eV     1   --> A              
     e(  8 -  8) =    -13.94601  eV     1   --> A              
     e(  9 -  9) =    -12.54074  eV     1   --> A              
     e( 10 - 10) =    -11.15454  eV     1   --> A              
     e( 11 - 11) =    -10.98011  eV     1   --> A              
     e( 12 - 12) =    -10.06616  eV     1   --> A              
     e( 13 - 13) =     -9.90616  eV     1   --> A              
     e( 14 - 14) =     -7.04305  eV     1   --> A              
     e( 15 - 15) =     -6.35018  eV     1   --> A              
     e( 16 - 16) =     -5.66526  eV     1   --> A              
     e( 17 - 17) =     -3.77852  eV     1   --> A              
     e( 18 - 18) =     -3.69586  eV     1   --> A              
     e( 19 - 19) =     -1.85323  eV     1   --> A              
     e( 20 - 20) =     -1.19850  eV     1   --> A              
     e( 21 - 21) =     -0.19776  eV     1   --> A              

 **************************************************************************

 **************************************************************************

                    xk=(   0.00000,   0.00000,   0.44750  )

     Band symmetry, C_1 (1)     point group:

     e(  1 -  1) =    -19.39461  eV     1   --> A              
     e(  2 -  2) =    -18.55963  eV     1   --> A              
     e(  3 -  3) =    -17.85681  eV     1   --> A              
     e(  4 -  4) =    -16.93995  eV     1   --> A              
     e(  5 -  5) =    -16.67766  eV     1   --> A              
     e(  6 -  6) =    -15.56565  eV     1   --> A              
     e(  7 -  7) =    -15.36471  eV     1   --> A              
     e(  8 -  8) =    -13.98682  eV     1   --> A              
     e(  9 -  9) =    -12.51223  eV     1   --> A              
     e( 10 - 10) =    -11.18788  eV     1   --> A              
     e( 11 - 11) =    -10.96000  eV     1   --> A              
     e( 12 - 12) =    -10.08515  eV     1   --> A              
     e( 13 - 13) =     -9.90349  eV     1   --> A              
     e( 14 - 14) =     -7.00547  eV     1   --> A              
     e( 15 - 15) =     -6.32605  eV     1   --> A              
     e( 16 - 16) =     -5.67944  eV     1   --> A              
     e( 17 - 17) =     -3.77879  eV     1   --> A              
     e( 18 - 18) =     -3.69819  eV     1   --> A              
     e( 19 - 19) =     -1.83915  eV     1   --> A              
     e( 20 - 20) =     -1.23071  eV     1   --> A              
     e( 21 - 21) =     -0.24536  eV     1   --> A              

 **************************************************************************

 **************************************************************************

                    xk=(   0.00000,   0.00000,   0.45000  )

     Band symmetry, C_1 (1)     point group:

     e(  1 -  1) =    -19.35800  eV     1   --> A              
     e(  2 -  2) =    -18.52699  eV     1   --> A              
     e(  3 -  3) =    -17.88353  eV     1   --> A              
     e(  4 -  4) =    -16.92114  eV     1   --> A              
     e(  5 -  5) =    -16.71370  eV     1   --> A              
     e(  6 -  6) =    -15.53467  eV     1   --> A              
     e(  7 -  7) =    -15.40570  eV     1   --> A              
     e(  8 -  8) =    -14.02746  eV     1   --> A              
     e(  9 -  9) =    -12.48353  eV     1   --> A              
     e( 10 - 10) =    -11.22116  eV     1   --> A              
     e( 11 - 11) =    -10.93989  eV     1   --> A              
     e( 12 - 12) =    -10.10419  eV     1   --> A              
     e( 13 - 13) =     -9.90093  eV     1   --> A              
     e( 14 - 14) =     -6.96789  eV     1   --> A              
     e( 15 - 15) =     -6.30260  eV     1   --> A              
     e( 16 - 16) =     -5.69515  eV     1   --> A              
     e( 17 - 17) =     -3.77810  eV     1   --> A              
     e( 18 - 18) =     -3.70139  eV     1   --> A              
     e( 19 - 19) =     -1.82332  eV     1   --> A              
     e( 20 - 20) =     -1.26196  eV     1   --> A              
     e( 21 - 21) =     -0.29263  eV     1   --> A              

 **************************************************************************

 **************************************************************************

                    xk=(   0.00000,   0.00000,   0.45250  )

     Band symmetry, C_1 (1)     point group:

     e(  1 -  1) =    -19.32125  eV     1   --> A              
     e(  2 -  2) =    -18.49457  eV     1   --> A              
     e(  3 -  3) =    -17.91218  eV     1   --> A              
     e(  4 -  4) =    -16.90029  eV     1   --> A              
     e(  5 -  5) =    -16.74960  eV     1   --> A              
     e(  6 -  6) =    -15.50316  eV     1   --> A              
     e(  7 -  7) =    -15.44639  eV     1   --> A              
     e(  8 -  8) =    -14.06790  eV     1   --> A              
     e(  9 -  9) =    -12.45465  eV     1   --> A              
     e( 10 - 10) =    -11.25440  eV     1   --> A              
     e( 11 - 11) =    -10.91978  eV     1   --> A              
     e( 12 - 12) =    -10.12326  eV     1   --> A              
     e( 13 - 13) =     -9.89848  eV     1   --> A              
     e( 14 - 14) =     -6.93034  eV     1   --> A              
     e( 15 - 15) =     -6.27988  eV     1   --> A              
     e( 16 - 16) =     -5.71232  eV     1   --> A              
     e( 17 - 17) =     -3.77655  eV     1   --> A              
     e( 18 - 18) =     -3.70537  eV     1   --> A              
     e( 19 - 19) =     -1.80582  eV     1   --> A              
     e( 20 - 20) =     -1.29220  eV     1   --> A              
     e( 21 - 21) =     -0.33957  eV     1   --> A              

 **************************************************************************

 **************************************************************************

                    xk=(   0.00000,   0.00000,   0.45500  )

     Band symmetry, C_1 (1)     point group:

     e(  1 -  1) =    -19.28437  eV     1   --> A              
     e(  2 -  2) =    -18.46243  eV     1   --> A              
     e(  3 -  3) =    -17.94247  eV     1   --> A              
     e(  4 -  4) =    -16.87769  eV     1   --> A              
     e(  5 -  5) =    -16.78523  eV     1   --> A              
     e(  6 -  6) =    -15.48678  eV     1   --> A              
     e(  7 -  7) =    -15.47117  eV     1   --> A              
     e(  8 -  8) =    -14.10814  eV     1   --> A              
     e(  9 -  9) =    -12.42558  eV     1   --> A              
     e( 10 - 10) =    -11.28758  eV     1   --> A              
     e( 11 - 11) =    -10.89969  eV     1   --> A              
     e( 12 - 12) =    -10.14237  eV     1   --> A              
     e( 13 - 13) =     -9.89615  eV     1   --> A              
     e( 14 - 14) =     -6.89282  eV     1   --> A              
     e( 15 - 15) =     -6.25793  eV     1   --> A              
     e( 16 - 16) =     -5.73090  eV     1   --> A              
     e( 17 - 17) =     -3.77423  eV     1   --> A              
     e( 18 - 18) =     -3.71000  eV     1   --> A              
     e( 19 - 19) =     -1.78671  eV     1   --> A              
     e( 20 - 20) =     -1.32138  eV     1   --> A              
     e( 21 - 21) =     -0.38614  eV     1   --> A              

 **************************************************************************

 **************************************************************************

                    xk=(   0.00000,   0.00000,   0.45750  )

     Band symmetry, C_1 (1)     point group:

     e(  1 -  1) =    -19.24735  eV     1   --> A              
     e(  2 -  2) =    -18.43062  eV     1   --> A              
     e(  3 -  3) =    -17.97414  eV     1   --> A              
     e(  4 -  4) =    -16.85371  eV     1   --> A              
     e(  5 -  5) =    -16.82042  eV     1   --> A              
     e(  6 -  6) =    -15.52677  eV     1   --> A              
     e(  7 -  7) =    -15.43883  eV     1   --> A              
     e(  8 -  8) =    -14.14818  eV     1   --> A              
     e(  9 -  9) =    -12.39634  eV     1   --> A              
     e( 10 - 10) =    -11.32070  eV     1   --> A              
     e( 11 - 11) =    -10.87963  eV     1   --> A              
     e( 12 - 12) =    -10.16150  eV     1   --> A              
     e( 13 - 13) =     -9.89394  eV     1   --> A              
     e( 14 - 14) =     -6.85534  eV     1   --> A              
     e( 15 - 15) =     -6.23678  eV     1   --> A              
     e( 16 - 16) =     -5.75082  eV     1   --> A              
     e( 17 - 17) =     -3.77125  eV     1   --> A              
     e( 18 - 18) =     -3.71518  eV     1   --> A              
     e( 19 - 19) =     -1.76609  eV     1   --> A              
     e( 20 - 20) =     -1.34945  eV     1   --> A              
     e( 21 - 21) =     -0.43232  eV     1   --> A              

 **************************************************************************

 **************************************************************************

                    xk=(   0.00000,   0.00000,   0.46000  )

     Band symmetry, C_1 (1)     point group:

     e(  1 -  1) =    -19.21021  eV     1   --> A              
     e(  2 -  2) =    -18.39921  eV     1   --> A              
     e(  3 -  3) =    -18.00699  eV     1   --> A              
     e(  4 -  4) =    -16.85567  eV     1   --> A              
     e(  5 -  5) =    -16.82795  eV     1   --> A              
     e(  6 -  6) =    -15.56638  eV     1   --> A              
     e(  7 -  7) =    -15.40614  eV     1   --> A              
     e(  8 -  8) =    -14.18799  eV     1   --> A              
     e(  9 -  9) =    -12.36694  eV     1   --> A              
     e( 10 - 10) =    -11.35375  eV     1   --> A              
     e( 11 - 11) =    -10.85961  eV     1   --> A              
     e( 12 - 12) =    -10.18064  eV     1   --> A              
     e( 13 - 13) =     -9.89185  eV     1   --> A              
     e( 14 - 14) =     -6.81791  eV     1   --> A              
     e( 15 - 15) =     -6.21650  eV     1   --> A              
     e( 16 - 16) =     -5.77203  eV     1   --> A              
     e( 17 - 17) =     -3.76771  eV     1   --> A              
     e( 18 - 18) =     -3.72078  eV     1   --> A              
     e( 19 - 19) =     -1.74404  eV     1   --> A              
     e( 20 - 20) =     -1.37635  eV     1   --> A              
     e( 21 - 21) =     -0.47808  eV     1   --> A              

 **************************************************************************

 **************************************************************************

                    xk=(   0.00000,   0.00000,   0.46250  )

     Band symmetry, C_1 (1)     point group:

     e(  1 -  1) =    -19.17295  eV     1   --> A              
     e(  2 -  2) =    -18.36828  eV     1   --> A              
     e(  3 -  3) =    -18.04082  eV     1   --> A              
     e(  4 -  4) =    -16.88978  eV     1   --> A              
     e(  5 -  5) =    -16.80175  eV     1   --> A              
     e(  6 -  6) =    -15.60555  eV     1   --> A              
     e(  7 -  7) =    -15.37314  eV     1   --> A              
     e(  8 -  8) =    -14.22757  eV     1   --> A              
     e(  9 -  9) =    -12.33737  eV     1   --> A              
     e( 10 - 10) =    -11.38674  eV     1   --> A              
     e( 11 - 11) =    -10.83965  eV     1   --> A              
     e( 12 - 12) =    -10.19976  eV     1   --> A              
     e( 13 - 13) =     -9.88988  eV     1   --> A              
     e( 14 - 14) =     -6.78055  eV     1   --> A              
     e( 15 - 15) =     -6.19713  eV     1   --> A              
     e( 16 - 16) =     -5.79446  eV     1   --> A              
     e( 17 - 17) =     -3.76374  eV     1   --> A              
     e( 18 - 18) =     -3.72668  eV     1   --> A              
     e( 19 - 19) =     -1.72067  eV     1   --> A              
     e( 20 - 20) =     -1.40202  eV     1   --> A              
     e( 21 - 21) =     -0.52339  eV     1   --> A              

 **************************************************************************

 **************************************************************************

                    xk=(   0.00000,   0.00000,   0.46500  )

     Band symmetry, C_1 (1)     point group:

     e(  1 -  1) =    -19.13557  eV     1   --> A              
     e(  2 -  2) =    -18.33792  eV     1   --> A              
     e(  3 -  3) =    -18.07548  eV     1   --> A              
     e(  4 -  4) =    -16.92332  eV     1   --> A              
     e(  5 -  5) =    -16.77460  eV     1   --> A              
     e(  6 -  6) =    -15.64424  eV     1   --> A              
     e(  7 -  7) =    -15.33989  eV     1   --> A              
     e(  8 -  8) =    -14.26689  eV     1   --> A              
     e(  9 -  9) =    -12.30764  eV     1   --> A              
     e( 10 - 10) =    -11.41966  eV     1   --> A              
     e( 11 - 11) =    -10.81977  eV     1   --> A              
     e( 12 - 12) =    -10.21886  eV     1   --> A              
     e( 13 - 13) =     -9.88803  eV     1   --> A              
     e( 14 - 14) =     -6.74327  eV     1   --> A              
     e( 15 - 15) =     -6.17871  eV     1   --> A              
     e( 16 - 16) =     -5.81805  eV     1   --> A              
     e( 17 - 17) =     -3.75951  eV     1   --> A              
     e( 18 - 18) =     -3.73271  eV     1   --> A              
     e( 19 - 19) =     -1.69607  eV     1   --> A              
     e( 20 - 20) =     -1.42641  eV     1   --> A              
     e( 21 - 21) =     -0.56821  eV     1   --> A              

 **************************************************************************

 **************************************************************************

                    xk=(   0.00000,   0.00000,   0.46750  )

     Band symmetry, C_1 (1)     point group:

     e(  1 -  1) =    -19.09808  eV     1   --> A              
     e(  2 -  2) =    -18.30825  eV     1   --> A              
     e(  3 -  3) =    -18.11084  eV     1   --> A              
     e(  4 -  4) =    -16.95604  eV     1   --> A              
     e(  5 -  5) =    -16.74682  eV     1   --> A              
     e(  6 -  6) =    -15.68237  eV     1   --> A              
     e(  7 -  7) =    -15.30644  eV     1   --> A              
     e(  8 -  8) =    -14.30594  eV     1   --> A              
     e(  9 -  9) =    -12.27777  eV     1   --> A              
     e( 10 - 10) =    -11.45250  eV     1   --> A              
     e( 11 - 11) =    -10.80000  eV     1   --> A              
     e( 12 - 12) =    -10.23790  eV     1   --> A              
     e( 13 - 13) =     -9.88630  eV     1   --> A              
     e( 14 - 14) =     -6.70609  eV     1   --> A              
     e( 15 - 15) =     -6.16129  eV     1   --> A              
     e( 16 - 16) =     -5.84272  eV     1   --> A              
     e( 17 - 17) =     -3.75530  eV     1   --> A              
     e( 18 - 18) =     -3.73857  eV     1   --> A              
     e( 19 - 19) =     -1.67036  eV     1   --> A              
     e( 20 - 20) =     -1.44945  eV     1   --> A              
     e( 21 - 21) =     -0.61248  eV     1   --> A              

 **************************************************************************

 **************************************************************************

                    xk=(   0.00000,   0.00000,   0.47000  )

     Band symmetry, C_1 (1)     point group:

     e(  1 -  1) =    -19.06049  eV     1   --> A              
     e(  2 -  2) =    -18.27938  eV     1   --> A              
     e(  3 -  3) =    -18.14677  eV     1   --> A              
     e(  4 -  4) =    -16.98779  eV     1   --> A              
     e(  5 -  5) =    -16.71859  eV     1   --> A              
     e(  6 -  6) =    -15.71987  eV     1   --> A              
     e(  7 -  7) =    -15.27283  eV     1   --> A              
     e(  8 -  8) =    -14.34468  eV     1   --> A              
     e(  9 -  9) =    -12.24776  eV     1   --> A              
     e( 10 - 10) =    -11.48525  eV     1   --> A              
     e( 11 - 11) =    -10.78036  eV     1   --> A              
     e( 12 - 12) =    -10.25686  eV     1   --> A              
     e( 13 - 13) =     -9.88470  eV     1   --> A              
     e( 14 - 14) =     -6.66902  eV     1   --> A              
     e( 15 - 15) =     -6.14493  eV     1   --> A              
     e( 16 - 16) =     -5.86843  eV     1   --> A              
     e( 17 - 17) =     -3.75229  eV     1   --> A              
     e( 18 - 18) =     -3.74309  eV     1   --> A              
     e( 19 - 19) =     -1.64364  eV     1   --> A              
     e( 20 - 20) =     -1.47109  eV     1   --> A              
     e( 21 - 21) =     -0.65614  eV     1   --> A              

 **************************************************************************

 **************************************************************************

                    xk=(   0.00000,   0.00000,   0.47250  )

     Band symmetry, C_1 (1)     point group:

     e(  1 -  1) =    -19.02280  eV     1   --> A              
     e(  2 -  2) =    -18.25147  eV     1   --> A              
     e(  3 -  3) =    -18.18318  eV     1   --> A              
     e(  4 -  4) =    -17.01841  eV     1   --> A              
     e(  5 -  5) =    -16.69010  eV     1   --> A              
     e(  6 -  6) =    -15.75664  eV     1   --> A              
     e(  7 -  7) =    -15.23911  eV     1   --> A              
     e(  8 -  8) =    -14.38307  eV     1   --> A              
     e(  9 -  9) =    -12.21761  eV     1   --> A              
     e( 10 - 10) =    -11.51792  eV     1   --> A              
     e( 11 - 11) =    -10.76089  eV     1   --> A              
     e( 12 - 12) =    -10.27571  eV     1   --> A              
     e( 13 - 13) =     -9.88323  eV     1   --> A              
     e( 14 - 14) =     -6.63208  eV     1   --> A              
     e( 15 - 15) =     -6.12966  eV     1   --> A              
     e( 16 - 16) =     -5.89509  eV     1   --> A              
     e( 17 - 17) =     -3.75430  eV     1   --> A              
     e( 18 - 18) =     -3.74244  eV     1   --> A              
     e( 19 - 19) =     -1.61605  eV     1   --> A              
     e( 20 - 20) =     -1.49126  eV     1   --> A              
     e( 21 - 21) =     -0.69913  eV     1   --> A              

 **************************************************************************

 **************************************************************************

                    xk=(   0.00000,   0.00000,   0.47500  )

     Band symmetry, C_1 (1)     point group:

     e(  1 -  1) =    -18.98501  eV     1   --> A              
     e(  2 -  2) =    -18.22515  eV     1   --> A              
     e(  3 -  3) =    -18.21953  eV     1   --> A              
     e(  4 -  4) =    -17.04772  eV     1   --> A              
     e(  5 -  5) =    -16.66157  eV     1   --> A              
     e(  6 -  6) =    -15.79253  eV     1   --> A              
     e(  7 -  7) =    -15.20536  eV     1   --> A              
     e(  8 -  8) =    -14.42106  eV     1   --> A              
     e(  9 -  9) =    -12.18734  eV     1   --> A              
     e( 10 - 10) =    -11.55049  eV     1   --> A              
     e( 11 - 11) =    -10.74164  eV     1   --> A              
     e( 12 - 12) =    -10.29438  eV     1   --> A              
     e( 13 - 13) =     -9.88188  eV     1   --> A              
     e( 14 - 14) =     -6.59528  eV     1   --> A              
     e( 15 - 15) =     -6.11555  eV     1   --> A              
     e( 16 - 16) =     -5.92266  eV     1   --> A              
     e( 17 - 17) =     -3.75944  eV     1   --> A              
     e( 18 - 18) =     -3.73852  eV     1   --> A              
     e( 19 - 19) =     -1.58775  eV     1   --> A              
     e( 20 - 20) =     -1.50991  eV     1   --> A              
     e( 21 - 21) =     -0.74133  eV     1   --> A              

 **************************************************************************

 **************************************************************************

                    xk=(   0.00000,   0.00000,   0.47750  )

     Band symmetry, C_1 (1)     point group:

     e(  1 -  1) =    -18.94715  eV     1   --> A              
     e(  2 -  2) =    -18.25723  eV     1   --> A              
     e(  3 -  3) =    -18.19910  eV     1   --> A              
     e(  4 -  4) =    -17.07550  eV     1   --> A              
     e(  5 -  5) =    -16.63322  eV     1   --> A              
     e(  6 -  6) =    -15.82740  eV     1   --> A              
     e(  7 -  7) =    -15.17165  eV     1   --> A              
     e(  8 -  8) =    -14.45857  eV     1   --> A              
     e(  9 -  9) =    -12.15695  eV     1   --> A              
     e( 10 - 10) =    -11.58295  eV     1   --> A              
     e( 11 - 11) =    -10.72268  eV     1   --> A              
     e( 12 - 12) =    -10.31282  eV     1   --> A              
     e( 13 - 13) =     -9.88065  eV     1   --> A              
     e( 14 - 14) =     -6.55865  eV     1   --> A              
     e( 15 - 15) =     -6.10262  eV     1   --> A              
     e( 16 - 16) =     -5.95106  eV     1   --> A              
     e( 17 - 17) =     -3.76492  eV     1   --> A              
     e( 18 - 18) =     -3.73412  eV     1   --> A              
     e( 19 - 19) =     -1.55892  eV     1   --> A              
     e( 20 - 20) =     -1.52694  eV     1   --> A              
     e( 21 - 21) =     -0.78262  eV     1   --> A              

 **************************************************************************

 **************************************************************************

                    xk=(   0.00000,   0.00000,   0.48000  )

     Band symmetry, C_1 (1)     point group:

     e(  1 -  1) =    -18.90923  eV     1   --> A              
     e(  2 -  2) =    -18.29462  eV     1   --> A              
     e(  3 -  3) =    -18.17517  eV     1   --> A              
     e(  4 -  4) =    -17.10152  eV     1   --> A              
     e(  5 -  5) =    -16.60533  eV     1   --> A              
     e(  6 -  6) =    -15.86101  eV     1   --> A              
     e(  7 -  7) =    -15.13810  eV     1   --> A              
     e(  8 -  8) =    -14.49551  eV     1   --> A              
     e(  9 -  9) =    -12.12647  eV     1   --> A              
     e( 10 - 10) =    -11.61528  eV     1   --> A              
     e( 11 - 11) =    -10.70410  eV     1   --> A              
     e( 12 - 12) =    -10.33093  eV     1   --> A              
     e( 13 - 13) =     -9.87956  eV     1   --> A              
     e( 14 - 14) =     -6.52221  eV     1   --> A              
     e( 15 - 15) =     -6.09093  eV     1   --> A              
     e( 16 - 16) =     -5.98023  eV     1   --> A              
     e( 17 - 17) =     -3.77020  eV     1   --> A              
     e( 18 - 18) =     -3.72979  eV     1   --> A              
     e( 19 - 19) =     -1.54266  eV     1   --> A              
     e( 20 - 20) =     -1.52947  eV     1   --> A              
     e( 21 - 21) =     -0.82283  eV     1   --> A              

 **************************************************************************

 **************************************************************************

                    xk=(   0.00000,   0.00000,   0.48250  )

     Band symmetry, C_1 (1)     point group:

     e(  1 -  1) =    -18.87126  eV     1   --> A              
     e(  2 -  2) =    -18.33222  eV     1   --> A              
     e(  3 -  3) =    -18.15301  eV     1   --> A              
     e(  4 -  4) =    -17.12553  eV     1   --> A              
     e(  5 -  5) =    -16.57822  eV     1   --> A              
     e(  6 -  6) =    -15.89307  eV     1   --> A              
     e(  7 -  7) =    -15.10486  eV     1   --> A              
     e(  8 -  8) =    -14.53172  eV     1   --> A              
     e(  9 -  9) =    -12.09591  eV     1   --> A              
     e( 10 - 10) =    -11.64748  eV     1   --> A              
     e( 11 - 11) =    -10.68603  eV     1   --> A              
     e( 12 - 12) =    -10.34859  eV     1   --> A              
     e( 13 - 13) =     -9.87859  eV     1   --> A              
     e( 14 - 14) =     -6.48599  eV     1   --> A              
     e( 15 - 15) =     -6.08053  eV     1   --> A              
     e( 16 - 16) =     -6.01010  eV     1   --> A              
     e( 17 - 17) =     -3.77511  eV     1   --> A              
     e( 18 - 18) =     -3.72570  eV     1   --> A              
     e( 19 - 19) =     -1.55628  eV     1   --> A              
     e( 20 - 20) =     -1.50037  eV     1   --> A              
     e( 21 - 21) =     -0.86169  eV     1   --> A              

 **************************************************************************

 **************************************************************************

                    xk=(   0.00000,   0.00000,   0.48500  )

     Band symmetry, C_1 (1)     point group:

     e(  1 -  1) =    -18.83326  eV     1   --> A              
     e(  2 -  2) =    -18.36995  eV     1   --> A              
     e(  3 -  3) =    -18.13292  eV     1   --> A              
     e(  4 -  4) =    -17.14724  eV     1   --> A              
     e(  5 -  5) =    -16.55232  eV     1   --> A              
     e(  6 -  6) =    -15.92320  eV     1   --> A              
     e(  7 -  7) =    -15.07218  eV     1   --> A              
     e(  8 -  8) =    -14.56696  eV     1   --> A              
     e(  9 -  9) =    -12.06531  eV     1   --> A              
     e( 10 - 10) =    -11.67949  eV     1   --> A              
     e( 11 - 11) =    -10.66865  eV     1   --> A              
     e( 12 - 12) =    -10.36561  eV     1   --> A              
     e( 13 - 13) =     -9.87775  eV     1   --> A              
     e( 14 - 14) =     -6.45002  eV     1   --> A              
     e( 15 - 15) =     -6.07150  eV     1   --> A              
     e( 16 - 16) =     -6.04057  eV     1   --> A              
     e( 17 - 17) =     -3.77953  eV     1   --> A              
     e( 18 - 18) =     -3.72198  eV     1   --> A              
     e( 19 - 19) =     -1.56830  eV     1   --> A              
     e( 20 - 20) =     -1.47149  eV     1   --> A              
     e( 21 - 21) =     -0.89887  eV     1   --> A              

 **************************************************************************

 **************************************************************************

                    xk=(   0.00000,   0.00000,   0.48750  )

     Band symmetry, C_1 (1)     point group:

     e(  1 -  1) =    -18.79529  eV     1   --> A              
     e(  2 -  2) =    -18.40776  eV     1   --> A              
     e(  3 -  3) =    -18.11518  eV     1   --> A              
     e(  4 -  4) =    -17.16635  eV     1   --> A              
     e(  5 -  5) =    -16.52817  eV     1   --> A              
     e(  6 -  6) =    -15.95089  eV     1   --> A              
     e(  7 -  7) =    -15.04044  eV     1   --> A              
     e(  8 -  8) =    -14.60087  eV     1   --> A              
     e(  9 -  9) =    -12.03473  eV     1   --> A              
     e( 10 - 10) =    -11.71128  eV     1   --> A              
     e( 11 - 11) =    -10.65223  eV     1   --> A              
     e( 12 - 12) =    -10.38173  eV     1   --> A              
     e( 13 - 13) =     -9.87704  eV     1   --> A              
     e( 14 - 14) =     -6.41435  eV     1   --> A              
     e( 15 - 15) =     -6.07242  eV     1   --> A              
     e( 16 - 16) =     -6.06301  eV     1   --> A              
     e( 17 - 17) =     -3.78339  eV     1   --> A              
     e( 18 - 18) =     -3.71870  eV     1   --> A              
     e( 19 - 19) =     -1.57856  eV     1   --> A              
     e( 20 - 20) =     -1.44347  eV     1   --> A              
     e( 21 - 21) =     -0.93384  eV     1   --> A              

 **************************************************************************

 **************************************************************************

                    xk=(   0.00000,   0.00000,   0.49000  )

     Band symmetry, C_1 (1)     point group:

     e(  1 -  1) =    -18.75740  eV     1   --> A              
     e(  2 -  2) =    -18.44554  eV     1   --> A              
     e(  3 -  3) =    -18.10011  eV     1   --> A              
     e(  4 -  4) =    -17.18256  eV     1   --> A              
     e(  5 -  5) =    -16.50645  eV     1   --> A              
     e(  6 -  6) =    -15.97548  eV     1   --> A              
     e(  7 -  7) =    -15.01024  eV     1   --> A              
     e(  8 -  8) =    -14.63283  eV     1   --> A              
     e(  9 -  9) =    -12.00426  eV     1   --> A              
     e( 10 - 10) =    -11.74272  eV     1   --> A              
     e( 11 - 11) =    -10.63715  eV     1   --> A              
     e( 12 - 12) =    -10.39656  eV     1   --> A              
     e( 13 - 13) =     -9.87645  eV     1   --> A              
     e( 14 - 14) =     -6.37905  eV     1   --> A              
     e( 15 - 15) =     -6.10359  eV     1   --> A              
     e( 16 - 16) =     -6.05705  eV     1   --> A              
     e( 17 - 17) =     -3.78663  eV     1   --> A              
     e( 18 - 18) =     -3.71592  eV     1   --> A              
     e( 19 - 19) =     -1.58701  eV     1   --> A              
     e( 20 - 20) =     -1.41712  eV     1   --> A              
     e( 21 - 21) =     -0.96586  eV     1   --> A              

 **************************************************************************

 **************************************************************************

                    xk=(   0.00000,   0.00000,   0.49250  )

     Band symmetry, C_1 (1)     point group:

     e(  1 -  1) =    -18.71977  eV     1   --> A              
     e(  2 -  2) =    -18.48311  eV     1   --> A              
     e(  3 -  3) =    -18.08800  eV     1   --> A              
     e(  4 -  4) =    -17.19555  eV     1   --> A              
     e(  5 -  5) =    -16.48800  eV     1   --> A              
     e(  6 -  6) =    -15.99614  eV     1   --> A              
     e(  7 -  7) =    -14.98262  eV     1   --> A              
     e(  8 -  8) =    -14.66182  eV     1   --> A              
     e(  9 -  9) =    -11.97414  eV     1   --> A              
     e( 10 - 10) =    -11.77360  eV     1   --> A              
     e( 11 - 11) =    -10.62398  eV     1   --> A              
     e( 12 - 12) =    -10.40954  eV     1   --> A              
     e( 13 - 13) =     -9.87600  eV     1   --> A              
     e( 14 - 14) =     -6.34424  eV     1   --> A              
     e( 15 - 15) =     -6.13551  eV     1   --> A              
     e( 16 - 16) =     -6.05209  eV     1   --> A              
     e( 17 - 17) =     -3.78920  eV     1   --> A              
     e( 18 - 18) =     -3.71371  eV     1   --> A              
     e( 19 - 19) =     -1.59362  eV     1   --> A              
     e( 20 - 20) =     -1.39357  eV     1   --> A              
     e( 21 - 21) =     -0.99379  eV     1   --> A              

 **************************************************************************

 **************************************************************************

                    xk=(   0.00000,   0.00000,   0.49500  )

     Band symmetry, C_1 (1)     point group:

     e(  1 -  1) =    -18.68279  eV     1   --> A              
     e(  2 -  2) =    -18.52005  eV     1   --> A              
     e(  3 -  3) =    -18.07913  eV     1   --> A              
     e(  4 -  4) =    -17.20505  eV     1   --> A              
     e(  5 -  5) =    -16.47377  eV     1   --> A              
     e(  6 -  6) =    -16.01194  eV     1   --> A              
     e(  7 -  7) =    -14.95934  eV     1   --> A              
     e(  8 -  8) =    -14.68607  eV     1   --> A              
     e(  9 -  9) =    -11.94498  eV     1   --> A              
     e( 10 - 10) =    -11.80330  eV     1   --> A              
     e( 11 - 11) =    -10.61349  eV     1   --> A              
     e( 12 - 12) =    -10.41989  eV     1   --> A              
     e( 13 - 13) =     -9.87567  eV     1   --> A              
     e( 14 - 14) =     -6.31024  eV     1   --> A              
     e( 15 - 15) =     -6.16747  eV     1   --> A              
     e( 16 - 16) =     -6.04852  eV     1   --> A              
     e( 17 - 17) =     -3.79106  eV     1   --> A              
     e( 18 - 18) =     -3.71210  eV     1   --> A              
     e( 19 - 19) =     -1.59836  eV     1   --> A              
     e( 20 - 20) =     -1.37443  eV     1   --> A              
     e( 21 - 21) =     -1.01605  eV     1   --> A              

 **************************************************************************

 **************************************************************************

                    xk=(   0.00000,   0.00000,   0.49750  )

     Band symmetry, C_1 (1)     point group:

     e(  1 -  1) =    -18.64819  eV     1   --> A              
     e(  2 -  2) =    -18.55464  eV     1   --> A              
     e(  3 -  3) =    -18.07372  eV     1   --> A              
     e(  4 -  4) =    -17.21085  eV     1   --> A              
     e(  5 -  5) =    -16.46473  eV     1   --> A              
     e(  6 -  6) =    -16.02191  eV     1   --> A              
     e(  7 -  7) =    -14.94313  eV     1   --> A              
     e(  8 -  8) =    -14.70287  eV     1   --> A              
     e(  9 -  9) =    -11.91899  eV     1   --> A              
     e( 10 - 10) =    -11.82962  eV     1   --> A              
     e( 11 - 11) =    -10.60662  eV     1   --> A              
     e( 12 - 12) =    -10.42668  eV     1   --> A              
     e( 13 - 13) =     -9.87548  eV     1   --> A              
     e( 14 - 14) =     -6.27836  eV     1   --> A              
     e( 15 - 15) =     -6.19814  eV     1   --> A              
     e( 16 - 16) =     -6.04637  eV     1   --> A              
     e( 17 - 17) =     -3.79218  eV     1   --> A              
     e( 18 - 18) =     -3.71112  eV     1   --> A              
     e( 19 - 19) =     -1.60121  eV     1   --> A              
     e( 20 - 20) =     -1.36167  eV     1   --> A              
     e( 21 - 21) =     -1.03068  eV     1   --> A              

 **************************************************************************

 **************************************************************************

                    xk=(   0.00000,   0.00000,   0.50000  )

     Band symmetry, C_1 (1)     point group:

     e(  1 -  1) =    -18.62804  eV     1   --> A              
     e(  2 -  2) =    -18.57478  eV     1   --> A              
     e(  3 -  3) =    -18.07189  eV     1   --> A              
     e(  4 -  4) =    -17.21280  eV     1   --> A              
     e(  5 -  5) =    -16.46163  eV     1   --> A              
     e(  6 -  6) =    -16.02533  eV     1   --> A              
     e(  7 -  7) =    -14.93720  eV     1   --> A              
     e(  8 -  8) =    -14.70900  eV     1   --> A              
     e(  9 -  9) =    -11.90581  eV     1   --> A              
     e( 10 - 10) =    -11.84291  eV     1   --> A              
     e( 11 - 11) =    -10.60421  eV     1   --> A              
     e( 12 - 12) =    -10.42906  eV     1   --> A              
     e( 13 - 13) =     -9.87541  eV     1   --> A              
     e( 14 - 14) =     -6.25914  eV     1   --> A              
     e( 15 - 15) =     -6.21695  eV     1   --> A              
     e( 16 - 16) =     -6.04565  eV     1   --> A              
     e( 17 - 17) =     -3.79256  eV     1   --> A              
     e( 18 - 18) =     -3.71079  eV     1   --> A              
     e( 19 - 19) =     -1.60216  eV     1   --> A              
     e( 20 - 20) =     -1.35715  eV     1   --> A              
     e( 21 - 21) =     -1.03581  eV     1   --> A              

 **************************************************************************

 **************************************************************************

                    xk=(   0.00000,   0.00000,   0.49750  )

     Band symmetry, C_1 (1)     point group:

     e(  1 -  1) =    -18.64819  eV     1   --> A              
     e(  2 -  2) =    -18.55464  eV     1   --> A              
     e(  3 -  3) =    -18.07372  eV     1   --> A              
     e(  4 -  4) =    -17.21085  eV     1   --> A              
     e(  5 -  5) =    -16.46473  eV     1   --> A              
     e(  6 -  6) =    -16.02191  eV     1   --> A              
     e(  7 -  7) =    -14.94313  eV     1   --> A              
     e(  8 -  8) =    -14.70287  eV     1   --> A              
     e(  9 -  9) =    -11.91899  eV     1   --> A              
     e( 10 - 10) =    -11.82962  eV     1   --> A              
     e( 11 - 11) =    -10.60662  eV     1   --> A              
     e( 12 - 12) =    -10.42668  eV     1   --> A              
     e( 13 - 13) =     -9.87548  eV     1   --> A              
     e( 14 - 14) =     -6.27836  eV     1   --> A              
     e( 15 - 15) =     -6.19814  eV     1   --> A              
     e( 16 - 16) =     -6.04637  eV     1   --> A              
     e( 17 - 17) =     -3.79218  eV     1   --> A              
     e( 18 - 18) =     -3.71112  eV     1   --> A              
     e( 19 - 19) =     -1.60121  eV     1   --> A              
     e( 20 - 20) =     -1.36167  eV     1   --> A              
     e( 21 - 21) =     -1.03068  eV     1   --> A              

 **************************************************************************

 **************************************************************************

                    xk=(   0.00000,   0.00000,   0.49500  )

     Band symmetry, C_1 (1)     point group:

     e(  1 -  1) =    -18.68279  eV     1   --> A              
     e(  2 -  2) =    -18.52005  eV     1   --> A              
     e(  3 -  3) =    -18.07913  eV     1   --> A              
     e(  4 -  4) =    -17.20505  eV     1   --> A              
     e(  5 -  5) =    -16.47377  eV     1   --> A              
     e(  6 -  6) =    -16.01194  eV     1   --> A              
     e(  7 -  7) =    -14.95934  eV     1   --> A              
     e(  8 -  8) =    -14.68607  eV     1   --> A              
     e(  9 -  9) =    -11.94498  eV     1   --> A              
     e( 10 - 10) =    -11.80330  eV     1   --> A              
     e( 11 - 11) =    -10.61349  eV     1   --> A              
     e( 12 - 12) =    -10.41989  eV     1   --> A              
     e( 13 - 13) =     -9.87567  eV     1   --> A              
     e( 14 - 14) =     -6.31024  eV     1   --> A              
     e( 15 - 15) =     -6.16747  eV     1   --> A              
     e( 16 - 16) =     -6.04852  eV     1   --> A              
     e( 17 - 17) =     -3.79106  eV     1   --> A              
     e( 18 - 18) =     -3.71210  eV     1   --> A              
     e( 19 - 19) =     -1.59836  eV     1   --> A              
     e( 20 - 20) =     -1.37443  eV     1   --> A              
     e( 21 - 21) =     -1.01605  eV     1   --> A              

 **************************************************************************

 **************************************************************************

                    xk=(   0.00000,   0.00000,   0.49250  )

     Band symmetry, C_1 (1)     point group:

     e(  1 -  1) =    -18.71977  eV     1   --> A              
     e(  2 -  2) =    -18.48311  eV     1   --> A              
     e(  3 -  3) =    -18.08800  eV     1   --> A              
     e(  4 -  4) =    -17.19555  eV     1   --> A              
     e(  5 -  5) =    -16.48800  eV     1   --> A              
     e(  6 -  6) =    -15.99614  eV     1   --> A              
     e(  7 -  7) =    -14.98262  eV     1   --> A              
     e(  8 -  8) =    -14.66182  eV     1   --> A              
     e(  9 -  9) =    -11.97414  eV     1   --> A              
     e( 10 - 10) =    -11.77360  eV     1   --> A              
     e( 11 - 11) =    -10.62398  eV     1   --> A              
     e( 12 - 12) =    -10.40954  eV     1   --> A              
     e( 13 - 13) =     -9.87600  eV     1   --> A              
     e( 14 - 14) =     -6.34424  eV     1   --> A              
     e( 15 - 15) =     -6.13551  eV     1   --> A              
     e( 16 - 16) =     -6.05209  eV     1   --> A              
     e( 17 - 17) =     -3.78920  eV     1   --> A              
     e( 18 - 18) =     -3.71371  eV     1   --> A              
     e( 19 - 19) =     -1.59362  eV     1   --> A              
     e( 20 - 20) =     -1.39357  eV     1   --> A              
     e( 21 - 21) =     -0.99379  eV     1   --> A              

 **************************************************************************

 **************************************************************************

                    xk=(   0.00000,   0.00000,   0.49000  )

     Band symmetry, C_1 (1)     point group:

     e(  1 -  1) =    -18.75740  eV     1   --> A              
     e(  2 -  2) =    -18.44554  eV     1   --> A              
     e(  3 -  3) =    -18.10011  eV     1   --> A              
     e(  4 -  4) =    -17.18256  eV     1   --> A              
     e(  5 -  5) =    -16.50645  eV     1   --> A              
     e(  6 -  6) =    -15.97548  eV     1   --> A              
     e(  7 -  7) =    -15.01024  eV     1   --> A              
     e(  8 -  8) =    -14.63283  eV     1   --> A              
     e(  9 -  9) =    -12.00426  eV     1   --> A              
     e( 10 - 10) =    -11.74272  eV     1   --> A              
     e( 11 - 11) =    -10.63715  eV     1   --> A              
     e( 12 - 12) =    -10.39656  eV     1   --> A              
     e( 13 - 13) =     -9.87645  eV     1   --> A              
     e( 14 - 14) =     -6.37905  eV     1   --> A              
     e( 15 - 15) =     -6.10359  eV     1   --> A              
     e( 16 - 16) =     -6.05705  eV     1   --> A              
     e( 17 - 17) =     -3.78663  eV     1   --> A              
     e( 18 - 18) =     -3.71592  eV     1   --> A              
     e( 19 - 19) =     -1.58701  eV     1   --> A              
     e( 20 - 20) =     -1.41712  eV     1   --> A              
     e( 21 - 21) =     -0.96586  eV     1   --> A              

 **************************************************************************

 **************************************************************************

                    xk=(   0.00000,   0.00000,   0.48750  )

     Band symmetry, C_1 (1)     point group:

     e(  1 -  1) =    -18.79529  eV     1   --> A              
     e(  2 -  2) =    -18.40776  eV     1   --> A              
     e(  3 -  3) =    -18.11518  eV     1   --> A              
     e(  4 -  4) =    -17.16635  eV     1   --> A              
     e(  5 -  5) =    -16.52817  eV     1   --> A              
     e(  6 -  6) =    -15.95089  eV     1   --> A              
     e(  7 -  7) =    -15.04044  eV     1   --> A              
     e(  8 -  8) =    -14.60087  eV     1   --> A              
     e(  9 -  9) =    -12.03473  eV     1   --> A              
     e( 10 - 10) =    -11.71128  eV     1   --> A              
     e( 11 - 11) =    -10.65223  eV     1   --> A              
     e( 12 - 12) =    -10.38173  eV     1   --> A              
     e( 13 - 13) =     -9.87704  eV     1   --> A              
     e( 14 - 14) =     -6.41435  eV     1   --> A              
     e( 15 - 15) =     -6.07242  eV     1   --> A              
     e( 16 - 16) =     -6.06301  eV     1   --> A              
     e( 17 - 17) =     -3.78339  eV     1   --> A              
     e( 18 - 18) =     -3.71870  eV     1   --> A              
     e( 19 - 19) =     -1.57856  eV     1   --> A              
     e( 20 - 20) =     -1.44347  eV     1   --> A              
     e( 21 - 21) =     -0.93384  eV     1   --> A              

 **************************************************************************

 **************************************************************************

                    xk=(   0.00000,   0.00000,   0.48500  )

     Band symmetry, C_1 (1)     point group:

     e(  1 -  1) =    -18.83326  eV     1   --> A              
     e(  2 -  2) =    -18.36995  eV     1   --> A              
     e(  3 -  3) =    -18.13292  eV     1   --> A              
     e(  4 -  4) =    -17.14724  eV     1   --> A              
     e(  5 -  5) =    -16.55232  eV     1   --> A              
     e(  6 -  6) =    -15.92320  eV     1   --> A              
     e(  7 -  7) =    -15.07218  eV     1   --> A              
     e(  8 -  8) =    -14.56696  eV     1   --> A              
     e(  9 -  9) =    -12.06531  eV     1   --> A              
     e( 10 - 10) =    -11.67949  eV     1   --> A              
     e( 11 - 11) =    -10.66865  eV     1   --> A              
     e( 12 - 12) =    -10.36561  eV     1   --> A              
     e( 13 - 13) =     -9.87775  eV     1   --> A              
     e( 14 - 14) =     -6.45002  eV     1   --> A              
     e( 15 - 15) =     -6.07150  eV     1   --> A              
     e( 16 - 16) =     -6.04057  eV     1   --> A              
     e( 17 - 17) =     -3.77953  eV     1   --> A              
     e( 18 - 18) =     -3.72198  eV     1   --> A              
     e( 19 - 19) =     -1.56830  eV     1   --> A              
     e( 20 - 20) =     -1.47149  eV     1   --> A              
     e( 21 - 21) =     -0.89887  eV     1   --> A              

 **************************************************************************

 **************************************************************************

                    xk=(   0.00000,   0.00000,   0.48250  )

     Band symmetry, C_1 (1)     point group:

     e(  1 -  1) =    -18.87126  eV     1   --> A              
     e(  2 -  2) =    -18.33222  eV     1   --> A              
     e(  3 -  3) =    -18.15301  eV     1   --> A              
     e(  4 -  4) =    -17.12553  eV     1   --> A              
     e(  5 -  5) =    -16.57822  eV     1   --> A              
     e(  6 -  6) =    -15.89307  eV     1   --> A              
     e(  7 -  7) =    -15.10486  eV     1   --> A              
     e(  8 -  8) =    -14.53172  eV     1   --> A              
     e(  9 -  9) =    -12.09591  eV     1   --> A              
     e( 10 - 10) =    -11.64748  eV     1   --> A              
     e( 11 - 11) =    -10.68603  eV     1   --> A              
     e( 12 - 12) =    -10.34859  eV     1   --> A              
     e( 13 - 13) =     -9.87859  eV     1   --> A              
     e( 14 - 14) =     -6.48599  eV     1   --> A              
     e( 15 - 15) =     -6.08053  eV     1   --> A              
     e( 16 - 16) =     -6.01010  eV     1   --> A              
     e( 17 - 17) =     -3.77511  eV     1   --> A              
     e( 18 - 18) =     -3.72570  eV     1   --> A              
     e( 19 - 19) =     -1.55628  eV     1   --> A              
     e( 20 - 20) =     -1.50037  eV     1   --> A              
     e( 21 - 21) =     -0.86169  eV     1   --> A              

 **************************************************************************

 **************************************************************************

                    xk=(   0.00000,   0.00000,   0.48000  )

     Band symmetry, C_1 (1)     point group:

     e(  1 -  1) =    -18.90923  eV     1   --> A              
     e(  2 -  2) =    -18.29462  eV     1   --> A              
     e(  3 -  3) =    -18.17517  eV     1   --> A              
     e(  4 -  4) =    -17.10152  eV     1   --> A              
     e(  5 -  5) =    -16.60533  eV     1   --> A              
     e(  6 -  6) =    -15.86101  eV     1   --> A              
     e(  7 -  7) =    -15.13810  eV     1   --> A              
     e(  8 -  8) =    -14.49551  eV     1   --> A              
     e(  9 -  9) =    -12.12647  eV     1   --> A              
     e( 10 - 10) =    -11.61528  eV     1   --> A              
     e( 11 - 11) =    -10.70410  eV     1   --> A              
     e( 12 - 12) =    -10.33093  eV     1   --> A              
     e( 13 - 13) =     -9.87956  eV     1   --> A              
     e( 14 - 14) =     -6.52221  eV     1   --> A              
     e( 15 - 15) =     -6.09093  eV     1   --> A              
     e( 16 - 16) =     -5.98023  eV     1   --> A              
     e( 17 - 17) =     -3.77020  eV     1   --> A              
     e( 18 - 18) =     -3.72979  eV     1   --> A              
     e( 19 - 19) =     -1.54266  eV     1   --> A              
     e( 20 - 20) =     -1.52947  eV     1   --> A              
     e( 21 - 21) =     -0.82283  eV     1   --> A              

 **************************************************************************

 **************************************************************************

                    xk=(   0.00000,   0.00000,   0.47750  )

     Band symmetry, C_1 (1)     point group:

     e(  1 -  1) =    -18.94715  eV     1   --> A              
     e(  2 -  2) =    -18.25723  eV     1   --> A              
     e(  3 -  3) =    -18.19910  eV     1   --> A              
     e(  4 -  4) =    -17.07550  eV     1   --> A              
     e(  5 -  5) =    -16.63322  eV     1   --> A              
     e(  6 -  6) =    -15.82740  eV     1   --> A              
     e(  7 -  7) =    -15.17165  eV     1   --> A              
     e(  8 -  8) =    -14.45857  eV     1   --> A              
     e(  9 -  9) =    -12.15695  eV     1   --> A              
     e( 10 - 10) =    -11.58295  eV     1   --> A              
     e( 11 - 11) =    -10.72268  eV     1   --> A              
     e( 12 - 12) =    -10.31282  eV     1   --> A              
     e( 13 - 13) =     -9.88065  eV     1   --> A              
     e( 14 - 14) =     -6.55865  eV     1   --> A              
     e( 15 - 15) =     -6.10262  eV     1   --> A              
     e( 16 - 16) =     -5.95106  eV     1   --> A              
     e( 17 - 17) =     -3.76492  eV     1   --> A              
     e( 18 - 18) =     -3.73412  eV     1   --> A              
     e( 19 - 19) =     -1.55892  eV     1   --> A              
     e( 20 - 20) =     -1.52694  eV     1   --> A              
     e( 21 - 21) =     -0.78262  eV     1   --> A              

 **************************************************************************

 **************************************************************************

                    xk=(   0.00000,   0.00000,   0.47500  )

     Band symmetry, C_1 (1)     point group:

     e(  1 -  1) =    -18.98501  eV     1   --> A              
     e(  2 -  2) =    -18.22515  eV     1   --> A              
     e(  3 -  3) =    -18.21953  eV     1   --> A              
     e(  4 -  4) =    -17.04772  eV     1   --> A              
     e(  5 -  5) =    -16.66157  eV     1   --> A              
     e(  6 -  6) =    -15.79253  eV     1   --> A              
     e(  7 -  7) =    -15.20536  eV     1   --> A              
     e(  8 -  8) =    -14.42106  eV     1   --> A              
     e(  9 -  9) =    -12.18734  eV     1   --> A              
     e( 10 - 10) =    -11.55049  eV     1   --> A              
     e( 11 - 11) =    -10.74164  eV     1   --> A              
     e( 12 - 12) =    -10.29438  eV     1   --> A              
     e( 13 - 13) =     -9.88188  eV     1   --> A              
     e( 14 - 14) =     -6.59528  eV     1   --> A              
     e( 15 - 15) =     -6.11555  eV     1   --> A              
     e( 16 - 16) =     -5.92266  eV     1   --> A              
     e( 17 - 17) =     -3.75944  eV     1   --> A              
     e( 18 - 18) =     -3.73852  eV     1   --> A              
     e( 19 - 19) =     -1.58775  eV     1   --> A              
     e( 20 - 20) =     -1.50991  eV     1   --> A              
     e( 21 - 21) =     -0.74133  eV     1   --> A              

 **************************************************************************

 **************************************************************************

                    xk=(   0.00000,   0.00000,   0.47250  )

     Band symmetry, C_1 (1)     point group:

     e(  1 -  1) =    -19.02280  eV     1   --> A              
     e(  2 -  2) =    -18.25147  eV     1   --> A              
     e(  3 -  3) =    -18.18318  eV     1   --> A              
     e(  4 -  4) =    -17.01841  eV     1   --> A              
     e(  5 -  5) =    -16.69010  eV     1   --> A              
     e(  6 -  6) =    -15.75664  eV     1   --> A              
     e(  7 -  7) =    -15.23911  eV     1   --> A              
     e(  8 -  8) =    -14.38307  eV     1   --> A              
     e(  9 -  9) =    -12.21761  eV     1   --> A              
     e( 10 - 10) =    -11.51792  eV     1   --> A              
     e( 11 - 11) =    -10.76089  eV     1   --> A              
     e( 12 - 12) =    -10.27571  eV     1   --> A              
     e( 13 - 13) =     -9.88323  eV     1   --> A              
     e( 14 - 14) =     -6.63208  eV     1   --> A              
     e( 15 - 15) =     -6.12966  eV     1   --> A              
     e( 16 - 16) =     -5.89509  eV     1   --> A              
     e( 17 - 17) =     -3.75430  eV     1   --> A              
     e( 18 - 18) =     -3.74244  eV     1   --> A              
     e( 19 - 19) =     -1.61605  eV     1   --> A              
     e( 20 - 20) =     -1.49126  eV     1   --> A              
     e( 21 - 21) =     -0.69913  eV     1   --> A              

 **************************************************************************

 **************************************************************************

                    xk=(   0.00000,   0.00000,   0.47000  )

     Band symmetry, C_1 (1)     point group:

     e(  1 -  1) =    -19.06049  eV     1   --> A              
     e(  2 -  2) =    -18.27938  eV     1   --> A              
     e(  3 -  3) =    -18.14677  eV     1   --> A              
     e(  4 -  4) =    -16.98779  eV     1   --> A              
     e(  5 -  5) =    -16.71859  eV     1   --> A              
     e(  6 -  6) =    -15.71987  eV     1   --> A              
     e(  7 -  7) =    -15.27283  eV     1   --> A              
     e(  8 -  8) =    -14.34468  eV     1   --> A              
     e(  9 -  9) =    -12.24776  eV     1   --> A              
     e( 10 - 10) =    -11.48525  eV     1   --> A              
     e( 11 - 11) =    -10.78036  eV     1   --> A              
     e( 12 - 12) =    -10.25686  eV     1   --> A              
     e( 13 - 13) =     -9.88470  eV     1   --> A              
     e( 14 - 14) =     -6.66902  eV     1   --> A              
     e( 15 - 15) =     -6.14493  eV     1   --> A              
     e( 16 - 16) =     -5.86843  eV     1   --> A              
     e( 17 - 17) =     -3.75229  eV     1   --> A              
     e( 18 - 18) =     -3.74309  eV     1   --> A              
     e( 19 - 19) =     -1.64364  eV     1   --> A              
     e( 20 - 20) =     -1.47109  eV     1   --> A              
     e( 21 - 21) =     -0.65614  eV     1   --> A              

 **************************************************************************

 **************************************************************************

                    xk=(   0.00000,   0.00000,   0.46750  )

     Band symmetry, C_1 (1)     point group:

     e(  1 -  1) =    -19.09808  eV     1   --> A              
     e(  2 -  2) =    -18.30825  eV     1   --> A              
     e(  3 -  3) =    -18.11084  eV     1   --> A              
     e(  4 -  4) =    -16.95604  eV     1   --> A              
     e(  5 -  5) =    -16.74682  eV     1   --> A              
     e(  6 -  6) =    -15.68237  eV     1   --> A              
     e(  7 -  7) =    -15.30644  eV     1   --> A              
     e(  8 -  8) =    -14.30594  eV     1   --> A              
     e(  9 -  9) =    -12.27777  eV     1   --> A              
     e( 10 - 10) =    -11.45250  eV     1   --> A              
     e( 11 - 11) =    -10.80000  eV     1   --> A              
     e( 12 - 12) =    -10.23790  eV     1   --> A              
     e( 13 - 13) =     -9.88630  eV     1   --> A              
     e( 14 - 14) =     -6.70609  eV     1   --> A              
     e( 15 - 15) =     -6.16129  eV     1   --> A              
     e( 16 - 16) =     -5.84272  eV     1   --> A              
     e( 17 - 17) =     -3.75530  eV     1   --> A              
     e( 18 - 18) =     -3.73857  eV     1   --> A              
     e( 19 - 19) =     -1.67036  eV     1   --> A              
     e( 20 - 20) =     -1.44945  eV     1   --> A              
     e( 21 - 21) =     -0.61248  eV     1   --> A              

 **************************************************************************

 **************************************************************************

                    xk=(   0.00000,   0.00000,   0.46500  )

     Band symmetry, C_1 (1)     point group:

     e(  1 -  1) =    -19.13557  eV     1   --> A              
     e(  2 -  2) =    -18.33792  eV     1   --> A              
     e(  3 -  3) =    -18.07548  eV     1   --> A              
     e(  4 -  4) =    -16.92332  eV     1   --> A              
     e(  5 -  5) =    -16.77460  eV     1   --> A              
     e(  6 -  6) =    -15.64424  eV     1   --> A              
     e(  7 -  7) =    -15.33989  eV     1   --> A              
     e(  8 -  8) =    -14.26689  eV     1   --> A              
     e(  9 -  9) =    -12.30764  eV     1   --> A              
     e( 10 - 10) =    -11.41966  eV     1   --> A              
     e( 11 - 11) =    -10.81977  eV     1   --> A              
     e( 12 - 12) =    -10.21886  eV     1   --> A              
     e( 13 - 13) =     -9.88803  eV     1   --> A              
     e( 14 - 14) =     -6.74327  eV     1   --> A              
     e( 15 - 15) =     -6.17871  eV     1   --> A              
     e( 16 - 16) =     -5.81805  eV     1   --> A              
     e( 17 - 17) =     -3.75951  eV     1   --> A              
     e( 18 - 18) =     -3.73271  eV     1   --> A              
     e( 19 - 19) =     -1.69607  eV     1   --> A              
     e( 20 - 20) =     -1.42641  eV     1   --> A              
     e( 21 - 21) =     -0.56821  eV     1   --> A              

 **************************************************************************

 **************************************************************************

                    xk=(   0.00000,   0.00000,   0.46250  )

     Band symmetry, C_1 (1)     point group:

     e(  1 -  1) =    -19.17295  eV     1   --> A              
     e(  2 -  2) =    -18.36828  eV     1   --> A              
     e(  3 -  3) =    -18.04082  eV     1   --> A              
     e(  4 -  4) =    -16.88978  eV     1   --> A              
     e(  5 -  5) =    -16.80175  eV     1   --> A              
     e(  6 -  6) =    -15.60555  eV     1   --> A              
     e(  7 -  7) =    -15.37314  eV     1   --> A              
     e(  8 -  8) =    -14.22757  eV     1   --> A              
     e(  9 -  9) =    -12.33737  eV     1   --> A              
     e( 10 - 10) =    -11.38674  eV     1   --> A              
     e( 11 - 11) =    -10.83965  eV     1   --> A              
     e( 12 - 12) =    -10.19976  eV     1   --> A              
     e( 13 - 13) =     -9.88988  eV     1   --> A              
     e( 14 - 14) =     -6.78055  eV     1   --> A              
     e( 15 - 15) =     -6.19713  eV     1   --> A              
     e( 16 - 16) =     -5.79446  eV     1   --> A              
     e( 17 - 17) =     -3.76374  eV     1   --> A              
     e( 18 - 18) =     -3.72668  eV     1   --> A              
     e( 19 - 19) =     -1.72067  eV     1   --> A              
     e( 20 - 20) =     -1.40202  eV     1   --> A              
     e( 21 - 21) =     -0.52339  eV     1   --> A              

 **************************************************************************

 **************************************************************************

                    xk=(   0.00000,   0.00000,   0.46000  )

     Band symmetry, C_1 (1)     point group:

     e(  1 -  1) =    -19.21021  eV     1   --> A              
     e(  2 -  2) =    -18.39921  eV     1   --> A              
     e(  3 -  3) =    -18.00699  eV     1   --> A              
     e(  4 -  4) =    -16.85567  eV     1   --> A              
     e(  5 -  5) =    -16.82795  eV     1   --> A              
     e(  6 -  6) =    -15.56638  eV     1   --> A              
     e(  7 -  7) =    -15.40614  eV     1   --> A              
     e(  8 -  8) =    -14.18799  eV     1   --> A              
     e(  9 -  9) =    -12.36694  eV     1   --> A              
     e( 10 - 10) =    -11.35375  eV     1   --> A              
     e( 11 - 11) =    -10.85961  eV     1   --> A              
     e( 12 - 12) =    -10.18064  eV     1   --> A              
     e( 13 - 13) =     -9.89185  eV     1   --> A              
     e( 14 - 14) =     -6.81791  eV     1   --> A              
     e( 15 - 15) =     -6.21650  eV     1   --> A              
     e( 16 - 16) =     -5.77203  eV     1   --> A              
     e( 17 - 17) =     -3.76771  eV     1   --> A              
     e( 18 - 18) =     -3.72078  eV     1   --> A              
     e( 19 - 19) =     -1.74404  eV     1   --> A              
     e( 20 - 20) =     -1.37635  eV     1   --> A              
     e( 21 - 21) =     -0.47808  eV     1   --> A              

 **************************************************************************

 **************************************************************************

                    xk=(   0.00000,   0.00000,   0.45750  )

     Band symmetry, C_1 (1)     point group:

     e(  1 -  1) =    -19.24735  eV     1   --> A              
     e(  2 -  2) =    -18.43062  eV     1   --> A              
     e(  3 -  3) =    -17.97414  eV     1   --> A              
     e(  4 -  4) =    -16.85371  eV     1   --> A              
     e(  5 -  5) =    -16.82042  eV     1   --> A              
     e(  6 -  6) =    -15.52677  eV     1   --> A              
     e(  7 -  7) =    -15.43883  eV     1   --> A              
     e(  8 -  8) =    -14.14818  eV     1   --> A              
     e(  9 -  9) =    -12.39634  eV     1   --> A              
     e( 10 - 10) =    -11.32070  eV     1   --> A              
     e( 11 - 11) =    -10.87963  eV     1   --> A              
     e( 12 - 12) =    -10.16150  eV     1   --> A              
     e( 13 - 13) =     -9.89394  eV     1   --> A              
     e( 14 - 14) =     -6.85534  eV     1   --> A              
     e( 15 - 15) =     -6.23678  eV     1   --> A              
     e( 16 - 16) =     -5.75082  eV     1   --> A              
     e( 17 - 17) =     -3.77125  eV     1   --> A              
     e( 18 - 18) =     -3.71518  eV     1   --> A              
     e( 19 - 19) =     -1.76609  eV     1   --> A              
     e( 20 - 20) =     -1.34945  eV     1   --> A              
     e( 21 - 21) =     -0.43232  eV     1   --> A              

 **************************************************************************

 **************************************************************************

                    xk=(   0.00000,   0.00000,   0.45500  )

     Band symmetry, C_1 (1)     point group:

     e(  1 -  1) =    -19.28437  eV     1   --> A              
     e(  2 -  2) =    -18.46243  eV     1   --> A              
     e(  3 -  3) =    -17.94247  eV     1   --> A              
     e(  4 -  4) =    -16.87769  eV     1   --> A              
     e(  5 -  5) =    -16.78523  eV     1   --> A              
     e(  6 -  6) =    -15.48678  eV     1   --> A              
     e(  7 -  7) =    -15.47117  eV     1   --> A              
     e(  8 -  8) =    -14.10814  eV     1   --> A              
     e(  9 -  9) =    -12.42558  eV     1   --> A              
     e( 10 - 10) =    -11.28758  eV     1   --> A              
     e( 11 - 11) =    -10.89969  eV     1   --> A              
     e( 12 - 12) =    -10.14237  eV     1   --> A              
     e( 13 - 13) =     -9.89615  eV     1   --> A              
     e( 14 - 14) =     -6.89282  eV     1   --> A              
     e( 15 - 15) =     -6.25793  eV     1   --> A              
     e( 16 - 16) =     -5.73090  eV     1   --> A              
     e( 17 - 17) =     -3.77423  eV     1   --> A              
     e( 18 - 18) =     -3.71000  eV     1   --> A              
     e( 19 - 19) =     -1.78671  eV     1   --> A              
     e( 20 - 20) =     -1.32138  eV     1   --> A              
     e( 21 - 21) =     -0.38614  eV     1   --> A              

 **************************************************************************

 **************************************************************************

                    xk=(   0.00000,   0.00000,   0.45250  )

     Band symmetry, C_1 (1)     point group:

     e(  1 -  1) =    -19.32125  eV     1   --> A              
     e(  2 -  2) =    -18.49457  eV     1   --> A              
     e(  3 -  3) =    -17.91218  eV     1   --> A              
     e(  4 -  4) =    -16.90029  eV     1   --> A              
     e(  5 -  5) =    -16.74960  eV     1   --> A              
     e(  6 -  6) =    -15.50316  eV     1   --> A              
     e(  7 -  7) =    -15.44639  eV     1   --> A              
     e(  8 -  8) =    -14.06790  eV     1   --> A              
     e(  9 -  9) =    -12.45465  eV     1   --> A              
     e( 10 - 10) =    -11.25440  eV     1   --> A              
     e( 11 - 11) =    -10.91978  eV     1   --> A              
     e( 12 - 12) =    -10.12326  eV     1   --> A              
     e( 13 - 13) =     -9.89848  eV     1   --> A              
     e( 14 - 14) =     -6.93034  eV     1   --> A              
     e( 15 - 15) =     -6.27988  eV     1   --> A              
     e( 16 - 16) =     -5.71232  eV     1   --> A              
     e( 17 - 17) =     -3.77655  eV     1   --> A              
     e( 18 - 18) =     -3.70537  eV     1   --> A              
     e( 19 - 19) =     -1.80582  eV     1   --> A              
     e( 20 - 20) =     -1.29220  eV     1   --> A              
     e( 21 - 21) =     -0.33957  eV     1   --> A              

 **************************************************************************

 **************************************************************************

                    xk=(   0.00000,   0.00000,   0.45000  )

     Band symmetry, C_1 (1)     point group:

     e(  1 -  1) =    -19.35800  eV     1   --> A              
     e(  2 -  2) =    -18.52699  eV     1   --> A              
     e(  3 -  3) =    -17.88353  eV     1   --> A              
     e(  4 -  4) =    -16.92114  eV     1   --> A              
     e(  5 -  5) =    -16.71370  eV     1   --> A              
     e(  6 -  6) =    -15.53467  eV     1   --> A              
     e(  7 -  7) =    -15.40570  eV     1   --> A              
     e(  8 -  8) =    -14.02746  eV     1   --> A              
     e(  9 -  9) =    -12.48353  eV     1   --> A              
     e( 10 - 10) =    -11.22116  eV     1   --> A              
     e( 11 - 11) =    -10.93989  eV     1   --> A              
     e( 12 - 12) =    -10.10419  eV     1   --> A              
     e( 13 - 13) =     -9.90093  eV     1   --> A              
     e( 14 - 14) =     -6.96789  eV     1   --> A              
     e( 15 - 15) =     -6.30260  eV     1   --> A              
     e( 16 - 16) =     -5.69515  eV     1   --> A              
     e( 17 - 17) =     -3.77810  eV     1   --> A              
     e( 18 - 18) =     -3.70139  eV     1   --> A              
     e( 19 - 19) =     -1.82332  eV     1   --> A              
     e( 20 - 20) =     -1.26196  eV     1   --> A              
     e( 21 - 21) =     -0.29263  eV     1   --> A              

 **************************************************************************

 **************************************************************************

                    xk=(   0.00000,   0.00000,   0.44750  )

     Band symmetry, C_1 (1)     point group:

     e(  1 -  1) =    -19.39461  eV     1   --> A              
     e(  2 -  2) =    -18.55963  eV     1   --> A              
     e(  3 -  3) =    -17.85681  eV     1   --> A              
     e(  4 -  4) =    -16.93995  eV     1   --> A              
     e(  5 -  5) =    -16.67766  eV     1   --> A              
     e(  6 -  6) =    -15.56565  eV     1   --> A              
     e(  7 -  7) =    -15.36471  eV     1   --> A              
     e(  8 -  8) =    -13.98682  eV     1   --> A              
     e(  9 -  9) =    -12.51223  eV     1   --> A              
     e( 10 - 10) =    -11.18788  eV     1   --> A              
     e( 11 - 11) =    -10.96000  eV     1   --> A              
     e( 12 - 12) =    -10.08515  eV     1   --> A              
     e( 13 - 13) =     -9.90349  eV     1   --> A              
     e( 14 - 14) =     -7.00547  eV     1   --> A              
     e( 15 - 15) =     -6.32605  eV     1   --> A              
     e( 16 - 16) =     -5.67944  eV     1   --> A              
     e( 17 - 17) =     -3.77879  eV     1   --> A              
     e( 18 - 18) =     -3.69819  eV     1   --> A              
     e( 19 - 19) =     -1.83915  eV     1   --> A              
     e( 20 - 20) =     -1.23071  eV     1   --> A              
     e( 21 - 21) =     -0.24536  eV     1   --> A              

 **************************************************************************

 **************************************************************************

                    xk=(   0.00000,   0.00000,   0.44500  )

     Band symmetry, C_1 (1)     point group:

     e(  1 -  1) =    -19.43108  eV     1   --> A              
     e(  2 -  2) =    -18.59244  eV     1   --> A              
     e(  3 -  3) =    -17.83233  eV     1   --> A              
     e(  4 -  4) =    -16.95637  eV     1   --> A              
     e(  5 -  5) =    -16.64161  eV     1   --> A              
     e(  6 -  6) =    -15.59603  eV     1   --> A              
     e(  7 -  7) =    -15.32344  eV     1   --> A              
     e(  8 -  8) =    -13.94601  eV     1   --> A              
     e(  9 -  9) =    -12.54074  eV     1   --> A              
     e( 10 - 10) =    -11.15454  eV     1   --> A              
     e( 11 - 11) =    -10.98011  eV     1   --> A              
     e( 12 - 12) =    -10.06616  eV     1   --> A              
     e( 13 - 13) =     -9.90616  eV     1   --> A              
     e( 14 - 14) =     -7.04305  eV     1   --> A              
     e( 15 - 15) =     -6.35018  eV     1   --> A              
     e( 16 - 16) =     -5.66526  eV     1   --> A              
     e( 17 - 17) =     -3.77852  eV     1   --> A              
     e( 18 - 18) =     -3.69586  eV     1   --> A              
     e( 19 - 19) =     -1.85323  eV     1   --> A              
     e( 20 - 20) =     -1.19850  eV     1   --> A              
     e( 21 - 21) =     -0.19776  eV     1   --> A              

 **************************************************************************

 **************************************************************************

                    xk=(   0.00000,   0.00000,   0.44250  )

     Band symmetry, C_1 (1)     point group:

     e(  1 -  1) =    -19.46740  eV     1   --> A              
     e(  2 -  2) =    -18.62540  eV     1   --> A              
     e(  3 -  3) =    -17.81043  eV     1   --> A              
     e(  4 -  4) =    -16.97006  eV     1   --> A              
     e(  5 -  5) =    -16.60568  eV     1   --> A              
     e(  6 -  6) =    -15.62570  eV     1   --> A              
     e(  7 -  7) =    -15.28191  eV     1   --> A              
     e(  8 -  8) =    -13.90501  eV     1   --> A              
     e(  9 -  9) =    -12.56905  eV     1   --> A              
     e( 10 - 10) =    -11.12116  eV     1   --> A              
     e( 11 - 11) =    -11.00021  eV     1   --> A              
     e( 12 - 12) =    -10.04722  eV     1   --> A              
     e( 13 - 13) =     -9.90895  eV     1   --> A              
     e( 14 - 14) =     -7.08063  eV     1   --> A              
     e( 15 - 15) =     -6.37494  eV     1   --> A              
     e( 16 - 16) =     -5.65263  eV     1   --> A              
     e( 17 - 17) =     -3.77722  eV     1   --> A              
     e( 18 - 18) =     -3.69449  eV     1   --> A              
     e( 19 - 19) =     -1.86548  eV     1   --> A              
     e( 20 - 20) =     -1.16538  eV     1   --> A              
     e( 21 - 21) =     -0.14986  eV     1   --> A              

 **************************************************************************

 **************************************************************************

                    xk=(   0.00000,   0.00000,   0.44000  )

     Band symmetry, C_1 (1)     point group:

     e(  1 -  1) =    -19.50358  eV     1   --> A              
     e(  2 -  2) =    -18.65847  eV     1   --> A              
     e(  3 -  3) =    -17.79147  eV     1   --> A              
     e(  4 -  4) =    -16.98064  eV     1   --> A              
     e(  5 -  5) =    -16.57004  eV     1   --> A              
     e(  6 -  6) =    -15.65454  eV     1   --> A              
     e(  7 -  7) =    -15.24013  eV     1   --> A              
     e(  8 -  8) =    -13.86385  eV     1   --> A              
     e(  9 -  9) =    -12.59716  eV     1   --> A              
     e( 10 - 10) =    -11.08775  eV     1   --> A              
     e( 11 - 11) =    -11.02029  eV     1   --> A              
     e( 12 - 12) =    -10.02835  eV     1   --> A              
     e( 13 - 13) =     -9.91185  eV     1   --> A              
     e( 14 - 14) =     -7.11821  eV     1   --> A              
     e( 15 - 15) =     -6.40030  eV     1   --> A              
     e( 16 - 16) =     -5.64162  eV     1   --> A              
     e( 17 - 17) =     -3.77480  eV     1   --> A              
     e( 18 - 18) =     -3.69419  eV     1   --> A              
     e( 19 - 19) =     -1.87585  eV     1   --> A              
     e( 20 - 20) =     -1.13140  eV     1   --> A              
     e( 21 - 21) =     -0.10166  eV     1   --> A              

 **************************************************************************

 **************************************************************************

                    xk=(   0.00000,   0.00000,   0.43750  )

     Band symmetry, C_1 (1)     point group:

     e(  1 -  1) =    -19.53961  eV     1   --> A              
     e(  2 -  2) =    -18.69161  eV     1   --> A              
     e(  3 -  3) =    -17.77578  eV     1   --> A              
     e(  4 -  4) =    -16.98778  eV     1   --> A              
     e(  5 -  5) =    -16.53487  eV     1   --> A              
     e(  6 -  6) =    -15.68237  eV     1   --> A              
     e(  7 -  7) =    -15.19813  eV     1   --> A              
     e(  8 -  8) =    -13.82252  eV     1   --> A              
     e(  9 -  9) =    -12.62505  eV     1   --> A              
     e( 10 - 10) =    -11.05432  eV     1   --> A              
     e( 11 - 11) =    -11.04031  eV     1   --> A              
     e( 12 - 12) =    -10.00956  eV     1   --> A              
     e( 13 - 13) =     -9.91485  eV     1   --> A              
     e( 14 - 14) =     -7.15576  eV     1   --> A              
     e( 15 - 15) =     -6.42622  eV     1   --> A              
     e( 16 - 16) =     -5.63224  eV     1   --> A              
     e( 17 - 17) =     -3.77121  eV     1   --> A              
     e( 18 - 18) =     -3.69501  eV     1   --> A              
     e( 19 - 19) =     -1.88429  eV     1   --> A              
     e( 20 - 20) =     -1.09661  eV     1   --> A              
     e( 21 - 21) =     -0.05320  eV     1   --> A              

 **************************************************************************

 **************************************************************************

                    xk=(   0.00000,   0.00000,   0.43500  )

     Band symmetry, C_1 (1)     point group:

     e(  1 -  1) =    -19.57549  eV     1   --> A              
     e(  2 -  2) =    -18.72480  eV     1   --> A              
     e(  3 -  3) =    -17.76365  eV     1   --> A              
     e(  4 -  4) =    -16.99117  eV     1   --> A              
     e(  5 -  5) =    -16.50040  eV     1   --> A              
     e(  6 -  6) =    -15.70900  eV     1   --> A              
     e(  7 -  7) =    -15.15590  eV     1   --> A              
     e(  8 -  8) =    -13.78103  eV     1   --> A              
     e(  9 -  9) =    -12.65273  eV     1   --> A              
     e( 10 - 10) =    -11.06039  eV     1   --> A              
     e( 11 - 11) =    -11.02076  eV     1   --> A              
     e( 12 - 12) =     -9.99084  eV     1   --> A              
     e( 13 - 13) =     -9.91795  eV     1   --> A              
     e( 14 - 14) =     -7.19329  eV     1   --> A              
     e( 15 - 15) =     -6.45265  eV     1   --> A              
     e( 16 - 16) =     -5.62453  eV     1   --> A              
     e( 17 - 17) =     -3.76640  eV     1   --> A              
     e( 18 - 18) =     -3.69704  eV     1   --> A              
     e( 19 - 19) =     -1.89076  eV     1   --> A              
     e( 20 - 20) =     -1.06104  eV     1   --> A              
     e( 21 - 21) =     -0.00447  eV     1   --> A              

 **************************************************************************

 **************************************************************************

                    xk=(   0.00000,   0.00000,   0.43250  )

     Band symmetry, C_1 (1)     point group:

     e(  1 -  1) =    -19.61121  eV     1   --> A              
     e(  2 -  2) =    -18.75803  eV     1   --> A              
     e(  3 -  3) =    -17.75532  eV     1   --> A              
     e(  4 -  4) =    -16.99060  eV     1   --> A              
     e(  5 -  5) =    -16.46694  eV     1   --> A              
     e(  6 -  6) =    -15.73415  eV     1   --> A              
     e(  7 -  7) =    -15.11348  eV     1   --> A              
     e(  8 -  8) =    -13.73939  eV     1   --> A              
     e(  9 -  9) =    -12.68018  eV     1   --> A              
     e( 10 - 10) =    -11.08037  eV     1   --> A              
     e( 11 - 11) =    -10.98724  eV     1   --> A              
     e( 12 - 12) =     -9.97222  eV     1   --> A              
     e( 13 - 13) =     -9.92114  eV     1   --> A              
     e( 14 - 14) =     -7.23079  eV     1   --> A              
     e( 15 - 15) =     -6.47958  eV     1   --> A              
     e( 16 - 16) =     -5.61850  eV     1   --> A              
     e( 17 - 17) =     -3.76032  eV     1   --> A              
     e( 18 - 18) =     -3.70032  eV     1   --> A              
     e( 19 - 19) =     -1.89523  eV     1   --> A              
     e( 20 - 20) =     -1.02475  eV     1   --> A              
     e( 21 - 21) =      0.04451  eV     1   --> A              

 **************************************************************************

 **************************************************************************

                    xk=(   0.00000,   0.00000,   0.43000  )

     Band symmetry, C_1 (1)     point group:

     e(  1 -  1) =    -19.64678  eV     1   --> A              
     e(  2 -  2) =    -18.79126  eV     1   --> A              
     e(  3 -  3) =    -17.75087  eV     1   --> A              
     e(  4 -  4) =    -16.98596  eV     1   --> A              
     e(  5 -  5) =    -16.43484  eV     1   --> A              
     e(  6 -  6) =    -15.75746  eV     1   --> A              
     e(  7 -  7) =    -15.07087  eV     1   --> A              
     e(  8 -  8) =    -13.69760  eV     1   --> A              
     e(  9 -  9) =    -12.70740  eV     1   --> A              
     e( 10 - 10) =    -11.10030  eV     1   --> A              
     e( 11 - 11) =    -10.95369  eV     1   --> A              
     e( 12 - 12) =     -9.95375  eV     1   --> A              
     e( 13 - 13) =     -9.92437  eV     1   --> A              
     e( 14 - 14) =     -7.26824  eV     1   --> A              
     e( 15 - 15) =     -6.50695  eV     1   --> A              
     e( 16 - 16) =     -5.61416  eV     1   --> A              
     e( 17 - 17) =     -3.75296  eV     1   --> A              
     e( 18 - 18) =     -3.70487  eV     1   --> A              
     e( 19 - 19) =     -1.89768  eV     1   --> A              
     e( 20 - 20) =     -0.98775  eV     1   --> A              
     e( 21 - 21) =      0.09372  eV     1   --> A              

 **************************************************************************

 **************************************************************************

                    xk=(   0.00000,   0.00000,   0.42750  )

     Band symmetry, C_1 (1)     point group:

     e(  1 -  1) =    -19.68219  eV     1   --> A              
     e(  2 -  2) =    -18.82448  eV     1   --> A              
     e(  3 -  3) =    -17.75030  eV     1   --> A              
     e(  4 -  4) =    -16.97725  eV     1   --> A              
     e(  5 -  5) =    -16.40457  eV     1   --> A              
     e(  6 -  6) =    -15.77850  eV     1   --> A              
     e(  7 -  7) =    -15.02808  eV     1   --> A              
     e(  8 -  8) =    -13.65565  eV     1   --> A              
     e(  9 -  9) =    -12.73437  eV     1   --> A              
     e( 10 - 10) =    -11.12019  eV     1   --> A              
     e( 11 - 11) =    -10.92011  eV     1   --> A              
     e( 12 - 12) =     -9.93596  eV     1   --> A              
     e( 13 - 13) =     -9.92710  eV     1   --> A              
     e( 14 - 14) =     -7.30565  eV     1   --> A              
     e( 15 - 15) =     -6.53475  eV     1   --> A              
     e( 16 - 16) =     -5.61150  eV     1   --> A              
     e( 17 - 17) =     -3.74434  eV     1   --> A              
     e( 18 - 18) =     -3.71070  eV     1   --> A              
     e( 19 - 19) =     -1.89812  eV     1   --> A              
     e( 20 - 20) =     -0.95010  eV     1   --> A              
     e( 21 - 21) =      0.14316  eV     1   --> A              

 **************************************************************************

 **************************************************************************

                    xk=(   0.00000,   0.00000,   0.42500  )

     Band symmetry, C_1 (1)     point group:

     e(  1 -  1) =    -19.71743  eV     1   --> A              
     e(  2 -  2) =    -18.85768  eV     1   --> A              
     e(  3 -  3) =    -17.75348  eV     1   --> A              
     e(  4 -  4) =    -16.96462  eV     1   --> A              
     e(  5 -  5) =    -16.37673  eV     1   --> A              
     e(  6 -  6) =    -15.79670  eV     1   --> A              
     e(  7 -  7) =    -14.98512  eV     1   --> A              
     e(  8 -  8) =    -13.61356  eV     1   --> A              
     e(  9 -  9) =    -12.76110  eV     1   --> A              
     e( 10 - 10) =    -11.14002  eV     1   --> A              
     e( 11 - 11) =    -10.88651  eV     1   --> A              
     e( 12 - 12) =     -9.93211  eV     1   --> A              
     e( 13 - 13) =     -9.91609  eV     1   --> A              
     e( 14 - 14) =     -7.34300  eV     1   --> A              
     e( 15 - 15) =     -6.56293  eV     1   --> A              
     e( 16 - 16) =     -5.61052  eV     1   --> A              
     e( 17 - 17) =     -3.73471  eV     1   --> A              
     e( 18 - 18) =     -3.71756  eV     1   --> A              
     e( 19 - 19) =     -1.89654  eV     1   --> A              
     e( 20 - 20) =     -0.91183  eV     1   --> A              
     e( 21 - 21) =      0.19282  eV     1   --> A              

 **************************************************************************

 **************************************************************************

                    xk=(   0.00000,   0.00000,   0.42250  )

     Band symmetry, C_1 (1)     point group:

     e(  1 -  1) =    -19.75252  eV     1   --> A              
     e(  2 -  2) =    -18.89083  eV     1   --> A              
     e(  3 -  3) =    -17.76017  eV     1   --> A              
     e(  4 -  4) =    -16.94830  eV     1   --> A              
     e(  5 -  5) =    -16.35200  eV     1   --> A              
     e(  6 -  6) =    -15.81135  eV     1   --> A              
     e(  7 -  7) =    -14.94200  eV     1   --> A              
     e(  8 -  8) =    -13.57134  eV     1   --> A              
     e(  9 -  9) =    -12.78756  eV     1   --> A              
     e( 10 - 10) =    -11.15978  eV     1   --> A              
     e( 11 - 11) =    -10.85289  eV     1   --> A              
     e( 12 - 12) =     -9.93546  eV     1   --> A              
     e( 13 - 13) =     -9.89806  eV     1   --> A              
     e( 14 - 14) =     -7.38029  eV     1   --> A              
     e( 15 - 15) =     -6.59147  eV     1   --> A              
     e( 16 - 16) =     -5.61120  eV     1   --> A              
     e( 17 - 17) =     -3.72930  eV     1   --> A              
     e( 18 - 18) =     -3.72022  eV     1   --> A              
     e( 19 - 19) =     -1.89296  eV     1   --> A              
     e( 20 - 20) =     -0.87297  eV     1   --> A              
     e( 21 - 21) =      0.24269  eV     1   --> A              

 **************************************************************************

 **************************************************************************

                    xk=(   0.00000,   0.00000,   0.42000  )

     Band symmetry, C_1 (1)     point group:

     e(  1 -  1) =    -19.78744  eV     1   --> A              
     e(  2 -  2) =    -18.92394  eV     1   --> A              
     e(  3 -  3) =    -17.77005  eV     1   --> A              
     e(  4 -  4) =    -16.92860  eV     1   --> A              
     e(  5 -  5) =    -16.33121  eV     1   --> A              
     e(  6 -  6) =    -15.82167  eV     1   --> A              
     e(  7 -  7) =    -14.89873  eV     1   --> A              
     e(  8 -  8) =    -13.52897  eV     1   --> A              
     e(  9 -  9) =    -12.81376  eV     1   --> A              
     e( 10 - 10) =    -11.17948  eV     1   --> A              
     e( 11 - 11) =    -10.81925  eV     1   --> A              
     e( 12 - 12) =     -9.93913  eV     1   --> A              
     e( 13 - 13) =     -9.87992  eV     1   --> A              
     e( 14 - 14) =     -7.41751  eV     1   --> A              
     e( 15 - 15) =     -6.62033  eV     1   --> A              
     e( 16 - 16) =     -5.61350  eV     1   --> A              
     e( 17 - 17) =     -3.73776  eV     1   --> A              
     e( 18 - 18) =     -3.70904  eV     1   --> A              
     e( 19 - 19) =     -1.88742  eV     1   --> A              
     e( 20 - 20) =     -0.83356  eV     1   --> A              
     e( 21 - 21) =      0.29276  eV     1   --> A              

 **************************************************************************

 **************************************************************************

                    xk=(   0.00000,   0.00000,   0.41750  )

     Band symmetry, C_1 (1)     point group:

     e(  1 -  1) =    -19.82219  eV     1   --> A              
     e(  2 -  2) =    -18.95698  eV     1   --> A              
     e(  3 -  3) =    -17.78278  eV     1   --> A              
     e(  4 -  4) =    -16.90588  eV     1   --> A              
     e(  5 -  5) =    -16.31516  eV     1   --> A              
     e(  6 -  6) =    -15.82687  eV     1   --> A              
     e(  7 -  7) =    -14.85532  eV     1   --> A              
     e(  8 -  8) =    -13.48648  eV     1   --> A              
     e(  9 -  9) =    -12.83967  eV     1   --> A              
     e( 10 - 10) =    -11.19909  eV     1   --> A              
     e( 11 - 11) =    -10.78560  eV     1   --> A              
     e( 12 - 12) =     -9.94293  eV     1   --> A              
     e( 13 - 13) =     -9.86184  eV     1   --> A              
     e( 14 - 14) =     -7.45466  eV     1   --> A              
     e( 15 - 15) =     -6.64951  eV     1   --> A              
     e( 16 - 16) =     -5.61740  eV     1   --> A              
     e( 17 - 17) =     -3.74891  eV     1   --> A              
     e( 18 - 18) =     -3.69520  eV     1   --> A              
     e( 19 - 19) =     -1.87996  eV     1   --> A              
     e( 20 - 20) =     -0.79362  eV     1   --> A              
     e( 21 - 21) =      0.34301  eV     1   --> A              

 **************************************************************************

 **************************************************************************

                    xk=(   0.00000,   0.00000,   0.41500  )

     Band symmetry, C_1 (1)     point group:

     e(  1 -  1) =    -19.85678  eV     1   --> A              
     e(  2 -  2) =    -18.98995  eV     1   --> A              
     e(  3 -  3) =    -17.79800  eV     1   --> A              
     e(  4 -  4) =    -16.88050  eV     1   --> A              
     e(  5 -  5) =    -16.30452  eV     1   --> A              
     e(  6 -  6) =    -15.82626  eV     1   --> A              
     e(  7 -  7) =    -14.81178  eV     1   --> A              
     e(  8 -  8) =    -13.44385  eV     1   --> A              
     e(  9 -  9) =    -12.86529  eV     1   --> A              
     e( 10 - 10) =    -11.21863  eV     1   --> A              
     e( 11 - 11) =    -10.75194  eV     1   --> A              
     e( 12 - 12) =     -9.94683  eV     1   --> A              
     e( 13 - 13) =     -9.84384  eV     1   --> A              
     e( 14 - 14) =     -7.49172  eV     1   --> A              
     e( 15 - 15) =     -6.67895  eV     1   --> A              
     e( 16 - 16) =     -5.62283  eV     1   --> A              
     e( 17 - 17) =     -3.76154  eV     1   --> A              
     e( 18 - 18) =     -3.67992  eV     1   --> A              
     e( 19 - 19) =     -1.87062  eV     1   --> A              
     e( 20 - 20) =     -0.75319  eV     1   --> A              
     e( 21 - 21) =      0.39345  eV     1   --> A              

 **************************************************************************

 **************************************************************************

                    xk=(   0.00000,   0.00000,   0.41250  )

     Band symmetry, C_1 (1)     point group:

     e(  1 -  1) =    -19.89120  eV     1   --> A              
     e(  2 -  2) =    -19.02284  eV     1   --> A              
     e(  3 -  3) =    -17.81537  eV     1   --> A              
     e(  4 -  4) =    -16.85280  eV     1   --> A              
     e(  5 -  5) =    -16.29968  eV     1   --> A              
     e(  6 -  6) =    -15.81950  eV     1   --> A              
     e(  7 -  7) =    -14.76812  eV     1   --> A              
     e(  8 -  8) =    -13.40110  eV     1   --> A              
     e(  9 -  9) =    -12.89061  eV     1   --> A              
     e( 10 - 10) =    -11.23808  eV     1   --> A              
     e( 11 - 11) =    -10.71828  eV     1   --> A              
     e( 12 - 12) =     -9.95083  eV     1   --> A              
     e( 13 - 13) =     -9.82594  eV     1   --> A              
     e( 14 - 14) =     -7.52870  eV     1   --> A              
     e( 15 - 15) =     -6.70866  eV     1   --> A              
     e( 16 - 16) =     -5.62976  eV     1   --> A              
     e( 17 - 17) =     -3.77550  eV     1   --> A              
     e( 18 - 18) =     -3.66334  eV     1   --> A              
     e( 19 - 19) =     -1.85947  eV     1   --> A              
     e( 20 - 20) =     -0.71229  eV     1   --> A              
     e( 21 - 21) =      0.44406  eV     1   --> A              

 **************************************************************************

 **************************************************************************

                    xk=(   0.00000,   0.00000,   0.41000  )

     Band symmetry, C_1 (1)     point group:

     e(  1 -  1) =    -19.92545  eV     1   --> A              
     e(  2 -  2) =    -19.05563  eV     1   --> A              
     e(  3 -  3) =    -17.83457  eV     1   --> A              
     e(  4 -  4) =    -16.82310  eV     1   --> A              
     e(  5 -  5) =    -16.30056  eV     1   --> A              
     e(  6 -  6) =    -15.80666  eV     1   --> A              
     e(  7 -  7) =    -14.72436  eV     1   --> A              
     e(  8 -  8) =    -13.35823  eV     1   --> A              
     e(  9 -  9) =    -12.91560  eV     1   --> A              
     e( 10 - 10) =    -11.25744  eV     1   --> A              
     e( 11 - 11) =    -10.68462  eV     1   --> A              
     e( 12 - 12) =     -9.95493  eV     1   --> A              
     e( 13 - 13) =     -9.80815  eV     1   --> A              
     e( 14 - 14) =     -7.56559  eV     1   --> A              
     e( 15 - 15) =     -6.73859  eV     1   --> A              
     e( 16 - 16) =     -5.63813  eV     1   --> A              
     e( 17 - 17) =     -3.79072  eV     1   --> A              
     e( 18 - 18) =     -3.64553  eV     1   --> A              
     e( 19 - 19) =     -1.84657  eV     1   --> A              
     e( 20 - 20) =     -0.67095  eV     1   --> A              
     e( 21 - 21) =      0.49484  eV     1   --> A              

 **************************************************************************

 **************************************************************************

                    xk=(   0.00000,   0.00000,   0.40750  )

     Band symmetry, C_1 (1)     point group:

     e(  1 -  1) =    -19.95952  eV     1   --> A              
     e(  2 -  2) =    -19.08833  eV     1   --> A              
     e(  3 -  3) =    -17.85532  eV     1   --> A              
     e(  4 -  4) =    -16.79170  eV     1   --> A              
     e(  5 -  5) =    -16.30671  eV     1   --> A              
     e(  6 -  6) =    -15.78820  eV     1   --> A              
     e(  7 -  7) =    -14.68049  eV     1   --> A              
     e(  8 -  8) =    -13.31523  eV     1   --> A              
     e(  9 -  9) =    -12.94027  eV     1   --> A              
     e( 10 - 10) =    -11.27669  eV     1   --> A              
     e( 11 - 11) =    -10.65096  eV     1   --> A              
     e( 12 - 12) =     -9.95910  eV     1   --> A              
     e( 13 - 13) =     -9.79047  eV     1   --> A              
     e( 14 - 14) =     -7.60239  eV     1   --> A              
     e( 15 - 15) =     -6.76873  eV     1   --> A              
     e( 16 - 16) =     -5.64788  eV     1   --> A              
     e( 17 - 17) =     -3.80713  eV     1   --> A              
     e( 18 - 18) =     -3.62655  eV     1   --> A              
     e( 19 - 19) =     -1.83200  eV     1   --> A              
     e( 20 - 20) =     -0.62919  eV     1   --> A              
     e( 21 - 21) =      0.54578  eV     1   --> A              

 **************************************************************************

 **************************************************************************

                    xk=(   0.00000,   0.00000,   0.40500  )

     Band symmetry, C_1 (1)     point group:

     e(  1 -  1) =    -19.99343  eV     1   --> A              
     e(  2 -  2) =    -19.12091  eV     1   --> A              
     e(  3 -  3) =    -17.87738  eV     1   --> A              
     e(  4 -  4) =    -16.75884  eV     1   --> A              
     e(  5 -  5) =    -16.31739  eV     1   --> A              
     e(  6 -  6) =    -15.76486  eV     1   --> A              
     e(  7 -  7) =    -14.63654  eV     1   --> A              
     e(  8 -  8) =    -13.27213  eV     1   --> A              
     e(  9 -  9) =    -12.96459  eV     1   --> A              
     e( 10 - 10) =    -11.29584  eV     1   --> A              
     e( 11 - 11) =    -10.61731  eV     1   --> A              
     e( 12 - 12) =     -9.96336  eV     1   --> A              
     e( 13 - 13) =     -9.77290  eV     1   --> A              
     e( 14 - 14) =     -7.63909  eV     1   --> A              
     e( 15 - 15) =     -6.79906  eV     1   --> A              
     e( 16 - 16) =     -5.65894  eV     1   --> A              
     e( 17 - 17) =     -3.82469  eV     1   --> A              
     e( 18 - 18) =     -3.60646  eV     1   --> A              
     e( 19 - 19) =     -1.81582  eV     1   --> A              
     e( 20 - 20) =     -0.58704  eV     1   --> A              
     e( 21 - 21) =      0.59686  eV     1   --> A              

 **************************************************************************

 **************************************************************************

                    xk=(   0.00000,   0.00000,   0.40250  )

     Band symmetry, C_1 (1)     point group:

     e(  1 -  1) =    -20.02715  eV     1   --> A              
     e(  2 -  2) =    -19.15339  eV     1   --> A              
     e(  3 -  3) =    -17.90053  eV     1   --> A              
     e(  4 -  4) =    -16.72475  eV     1   --> A              
     e(  5 -  5) =    -16.33181  eV     1   --> A              
     e(  6 -  6) =    -15.73746  eV     1   --> A              
     e(  7 -  7) =    -14.59252  eV     1   --> A              
     e(  8 -  8) =    -13.22892  eV     1   --> A              
     e(  9 -  9) =    -12.98853  eV     1   --> A              
     e( 10 - 10) =    -11.31487  eV     1   --> A              
     e( 11 - 11) =    -10.58367  eV     1   --> A              
     e( 12 - 12) =     -9.96770  eV     1   --> A              
     e( 13 - 13) =     -9.75544  eV     1   --> A              
     e( 14 - 14) =     -7.67568  eV     1   --> A              
     e( 15 - 15) =     -6.82956  eV     1   --> A              
     e( 16 - 16) =     -5.67126  eV     1   --> A              
     e( 17 - 17) =     -3.84333  eV     1   --> A              
     e( 18 - 18) =     -3.58531  eV     1   --> A              
     e( 19 - 19) =     -1.79812  eV     1   --> A              
     e( 20 - 20) =     -0.54453  eV     1   --> A              
     e( 21 - 21) =      0.64810  eV     1   --> A              

 **************************************************************************

 **************************************************************************

                    xk=(   0.00000,   0.00000,   0.40000  )

     Band symmetry, C_1 (1)     point group:

     e(  1 -  1) =    -20.06071  eV     1   --> A              
     e(  2 -  2) =    -19.18575  eV     1   --> A              
     e(  3 -  3) =    -17.92459  eV     1   --> A              
     e(  4 -  4) =    -16.68962  eV     1   --> A              
     e(  5 -  5) =    -16.34921  eV     1   --> A              
     e(  6 -  6) =    -15.70677  eV     1   --> A              
     e(  7 -  7) =    -14.54843  eV     1   --> A              
     e(  8 -  8) =    -13.18559  eV     1   --> A              
     e(  9 -  9) =    -13.01210  eV     1   --> A              
     e( 10 - 10) =    -11.33379  eV     1   --> A              
     e( 11 - 11) =    -10.55004  eV     1   --> A              
     e( 12 - 12) =     -9.97212  eV     1   --> A              
     e( 13 - 13) =     -9.73811  eV     1   --> A              
     e( 14 - 14) =     -7.71216  eV     1   --> A              
     e( 15 - 15) =     -6.86021  eV     1   --> A              
     e( 16 - 16) =     -5.68476  eV     1   --> A              
     e( 17 - 17) =     -3.86298  eV     1   --> A              
     e( 18 - 18) =     -3.56315  eV     1   --> A              
     e( 19 - 19) =     -1.77898  eV     1   --> A              
     e( 20 - 20) =     -0.50166  eV     1   --> A              
     e( 21 - 21) =      0.69947  eV     1   --> A              

 **************************************************************************

 **************************************************************************

                    xk=(   0.00000,   0.00000,   0.39750  )

     Band symmetry, C_1 (1)     point group:

     e(  1 -  1) =    -20.09408  eV     1   --> A              
     e(  2 -  2) =    -19.21798  eV     1   --> A              
     e(  3 -  3) =    -17.94942  eV     1   --> A              
     e(  4 -  4) =    -16.65359  eV     1   --> A              
     e(  5 -  5) =    -16.36891  eV     1   --> A              
     e(  6 -  6) =    -15.67344  eV     1   --> A              
     e(  7 -  7) =    -14.50430  eV     1   --> A              
     e(  8 -  8) =    -13.14217  eV     1   --> A              
     e(  9 -  9) =    -13.03525  eV     1   --> A              
     e( 10 - 10) =    -11.35257  eV     1   --> A              
     e( 11 - 11) =    -10.51644  eV     1   --> A              
     e( 12 - 12) =     -9.97660  eV     1   --> A              
     e( 13 - 13) =     -9.72089  eV     1   --> A              
     e( 14 - 14) =     -7.74852  eV     1   --> A              
     e( 15 - 15) =     -6.89100  eV     1   --> A              
     e( 16 - 16) =     -5.69939  eV     1   --> A              
     e( 17 - 17) =     -3.88359  eV     1   --> A              
     e( 18 - 18) =     -3.54006  eV     1   --> A              
     e( 19 - 19) =     -1.75848  eV     1   --> A              
     e( 20 - 20) =     -0.45848  eV     1   --> A              
     e( 21 - 21) =      0.75096  eV     1   --> A              

 **************************************************************************

 **************************************************************************

                    xk=(   0.00000,   0.00000,   0.39500  )

     Band symmetry, C_1 (1)     point group:

     e(  1 -  1) =    -20.12728  eV     1   --> A              
     e(  2 -  2) =    -19.25008  eV     1   --> A              
     e(  3 -  3) =    -17.97487  eV     1   --> A              
     e(  4 -  4) =    -16.61683  eV     1   --> A              
     e(  5 -  5) =    -16.39041  eV     1   --> A              
     e(  6 -  6) =    -15.63802  eV     1   --> A              
     e(  7 -  7) =    -14.46015  eV     1   --> A              
     e(  8 -  8) =    -13.09866  eV     1   --> A              
     e(  9 -  9) =    -13.05797  eV     1   --> A              
     e( 10 - 10) =    -11.37121  eV     1   --> A              
     e( 11 - 11) =    -10.48286  eV     1   --> A              
     e( 12 - 12) =     -9.98114  eV     1   --> A              
     e( 13 - 13) =     -9.70379  eV     1   --> A              
     e( 14 - 14) =     -7.78477  eV     1   --> A              
     e( 15 - 15) =     -6.92189  eV     1   --> A              
     e( 16 - 16) =     -5.71506  eV     1   --> A              
     e( 17 - 17) =     -3.90509  eV     1   --> A              
     e( 18 - 18) =     -3.51608  eV     1   --> A              
     e( 19 - 19) =     -1.73669  eV     1   --> A              
     e( 20 - 20) =     -0.41499  eV     1   --> A              
     e( 21 - 21) =      0.80259  eV     1   --> A              

 **************************************************************************

 **************************************************************************

                    xk=(   0.00000,   0.00000,   0.39250  )

     Band symmetry, C_1 (1)     point group:

     e(  1 -  1) =    -20.16030  eV     1   --> A              
     e(  2 -  2) =    -19.28205  eV     1   --> A              
     e(  3 -  3) =    -18.00084  eV     1   --> A              
     e(  4 -  4) =    -16.57944  eV     1   --> A              
     e(  5 -  5) =    -16.41328  eV     1   --> A              
     e(  6 -  6) =    -15.60092  eV     1   --> A              
     e(  7 -  7) =    -14.41599  eV     1   --> A              
     e(  8 -  8) =    -13.08023  eV     1   --> A              
     e(  9 -  9) =    -13.05505  eV     1   --> A              
     e( 10 - 10) =    -11.38971  eV     1   --> A              
     e( 11 - 11) =    -10.44931  eV     1   --> A              
     e( 12 - 12) =     -9.98575  eV     1   --> A              
     e( 13 - 13) =     -9.68682  eV     1   --> A              
     e( 14 - 14) =     -7.82090  eV     1   --> A              
     e( 15 - 15) =     -6.95289  eV     1   --> A              
     e( 16 - 16) =     -5.73173  eV     1   --> A              
     e( 17 - 17) =     -3.92743  eV     1   --> A              
     e( 18 - 18) =     -3.49128  eV     1   --> A              
     e( 19 - 19) =     -1.71370  eV     1   --> A              
     e( 20 - 20) =     -0.37122  eV     1   --> A              
     e( 21 - 21) =      0.85433  eV     1   --> A              

 **************************************************************************

 **************************************************************************

                    xk=(   0.00000,   0.00000,   0.39000  )

     Band symmetry, C_1 (1)     point group:

     e(  1 -  1) =    -20.19314  eV     1   --> A              
     e(  2 -  2) =    -19.31388  eV     1   --> A              
     e(  3 -  3) =    -18.02724  eV     1   --> A              
     e(  4 -  4) =    -16.54154  eV     1   --> A              
     e(  5 -  5) =    -16.43720  eV     1   --> A              
     e(  6 -  6) =    -15.56248  eV     1   --> A              
     e(  7 -  7) =    -14.37184  eV     1   --> A              
     e(  8 -  8) =    -13.10200  eV     1   --> A              
     e(  9 -  9) =    -13.01137  eV     1   --> A              
     e( 10 - 10) =    -11.40805  eV     1   --> A              
     e( 11 - 11) =    -10.41581  eV     1   --> A              
     e( 12 - 12) =     -9.99040  eV     1   --> A              
     e( 13 - 13) =     -9.66998  eV     1   --> A              
     e( 14 - 14) =     -7.85690  eV     1   --> A              
     e( 15 - 15) =     -6.98398  eV     1   --> A              
     e( 16 - 16) =     -5.74932  eV     1   --> A              
     e( 17 - 17) =     -3.95053  eV     1   --> A              
     e( 18 - 18) =     -3.46572  eV     1   --> A              
     e( 19 - 19) =     -1.68958  eV     1   --> A              
     e( 20 - 20) =     -0.32718  eV     1   --> A              
     e( 21 - 21) =      0.90618  eV     1   --> A              

 **************************************************************************

 **************************************************************************

                    xk=(   0.00000,   0.00000,   0.38750  )

     Band symmetry, C_1 (1)     point group:

     e(  1 -  1) =    -20.22579  eV     1   --> A              
     e(  2 -  2) =    -19.34558  eV     1   --> A              
     e(  3 -  3) =    -18.05400  eV     1   --> A              
     e(  4 -  4) =    -16.50326  eV     1   --> A              
     e(  5 -  5) =    -16.46188  eV     1   --> A              
     e(  6 -  6) =    -15.52295  eV     1   --> A              
     e(  7 -  7) =    -14.32773  eV     1   --> A              
     e(  8 -  8) =    -13.12324  eV     1   --> A              
     e(  9 -  9) =    -12.96760  eV     1   --> A              
     e( 10 - 10) =    -11.42623  eV     1   --> A              
     e( 11 - 11) =    -10.38235  eV     1   --> A              
     e( 12 - 12) =     -9.99509  eV     1   --> A              
     e( 13 - 13) =     -9.65326  eV     1   --> A              
     e( 14 - 14) =     -7.89277  eV     1   --> A              
     e( 15 - 15) =     -7.01514  eV     1   --> A              
     e( 16 - 16) =     -5.76777  eV     1   --> A              
     e( 17 - 17) =     -3.97435  eV     1   --> A              
     e( 18 - 18) =     -3.43944  eV     1   --> A              
     e( 19 - 19) =     -1.66441  eV     1   --> A              
     e( 20 - 20) =     -0.28290  eV     1   --> A              
     e( 21 - 21) =      0.95814  eV     1   --> A              

 **************************************************************************

 **************************************************************************

                    xk=(   0.00000,   0.00000,   0.38500  )

     Band symmetry, C_1 (1)     point group:

     e(  1 -  1) =    -20.25827  eV     1   --> A              
     e(  2 -  2) =    -19.37712  eV     1   --> A              
     e(  3 -  3) =    -18.08103  eV     1   --> A              
     e(  4 -  4) =    -16.48750  eV     1   --> A              
     e(  5 -  5) =    -16.46430  eV     1   --> A              
     e(  6 -  6) =    -15.48252  eV     1   --> A              
     e(  7 -  7) =    -14.28370  eV     1   --> A              
     e(  8 -  8) =    -13.14391  eV     1   --> A              
     e(  9 -  9) =    -12.92377  eV     1   --> A              
     e( 10 - 10) =    -11.44422  eV     1   --> A              
     e( 11 - 11) =    -10.34896  eV     1   --> A              
     e( 12 - 12) =     -9.99982  eV     1   --> A              
     e( 13 - 13) =     -9.63667  eV     1   --> A              
     e( 14 - 14) =     -7.92851  eV     1   --> A              
     e( 15 - 15) =     -7.04635  eV     1   --> A              
     e( 16 - 16) =     -5.78703  eV     1   --> A              
     e( 17 - 17) =     -3.99882  eV     1   --> A              
     e( 18 - 18) =     -3.41251  eV     1   --> A              
     e( 19 - 19) =     -1.63827  eV     1   --> A              
     e( 20 - 20) =     -0.23839  eV     1   --> A              
     e( 21 - 21) =      1.01019  eV     1   --> A              

 **************************************************************************

 **************************************************************************

                    xk=(   0.00000,   0.00000,   0.38250  )

     Band symmetry, C_1 (1)     point group:

     e(  1 -  1) =    -20.29056  eV     1   --> A              
     e(  2 -  2) =    -19.40852  eV     1   --> A              
     e(  3 -  3) =    -18.10829  eV     1   --> A              
     e(  4 -  4) =    -16.51320  eV     1   --> A              
     e(  5 -  5) =    -16.42545  eV     1   --> A              
     e(  6 -  6) =    -15.44136  eV     1   --> A              
     e(  7 -  7) =    -14.23977  eV     1   --> A              
     e(  8 -  8) =    -13.16396  eV     1   --> A              
     e(  9 -  9) =    -12.87987  eV     1   --> A              
     e( 10 - 10) =    -11.46203  eV     1   --> A              
     e( 11 - 11) =    -10.31564  eV     1   --> A              
     e( 12 - 12) =    -10.00456  eV     1   --> A              
     e( 13 - 13) =     -9.62022  eV     1   --> A              
     e( 14 - 14) =     -7.96411  eV     1   --> A              
     e( 15 - 15) =     -7.07761  eV     1   --> A              
     e( 16 - 16) =     -5.80703  eV     1   --> A              
     e( 17 - 17) =     -4.02389  eV     1   --> A              
     e( 18 - 18) =     -3.38499  eV     1   --> A              
     e( 19 - 19) =     -1.61122  eV     1   --> A              
     e( 20 - 20) =     -0.19368  eV     1   --> A              
     e( 21 - 21) =      1.06234  eV     1   --> A              

 **************************************************************************

 **************************************************************************

                    xk=(   0.00000,   0.00000,   0.38000  )

     Band symmetry, C_1 (1)     point group:

     e(  1 -  1) =    -20.32266  eV     1   --> A              
     e(  2 -  2) =    -19.43976  eV     1   --> A              
     e(  3 -  3) =    -18.13573  eV     1   --> A              
     e(  4 -  4) =    -16.53936  eV     1   --> A              
     e(  5 -  5) =    -16.38629  eV     1   --> A              
     e(  6 -  6) =    -15.39959  eV     1   --> A              
     e(  7 -  7) =    -14.19600  eV     1   --> A              
     e(  8 -  8) =    -13.18334  eV     1   --> A              
     e(  9 -  9) =    -12.83593  eV     1   --> A              
     e( 10 - 10) =    -11.47964  eV     1   --> A              
     e( 11 - 11) =    -10.28243  eV     1   --> A              
     e( 12 - 12) =    -10.00929  eV     1   --> A              
     e( 13 - 13) =     -9.60390  eV     1   --> A              
     e( 14 - 14) =     -7.99957  eV     1   --> A              
     e( 15 - 15) =     -7.10890  eV     1   --> A              
     e( 16 - 16) =     -5.82773  eV     1   --> A              
     e( 17 - 17) =     -4.04951  eV     1   --> A              
     e( 18 - 18) =     -3.35692  eV     1   --> A              
     e( 19 - 19) =     -1.58332  eV     1   --> A              
     e( 20 - 20) =     -0.14876  eV     1   --> A              
     e( 21 - 21) =      1.11457  eV     1   --> A              

 **************************************************************************

 **************************************************************************

                    xk=(   0.00000,   0.00000,   0.37750  )

     Band symmetry, C_1 (1)     point group:

     e(  1 -  1) =    -20.35459  eV     1   --> A              
     e(  2 -  2) =    -19.47085  eV     1   --> A              
     e(  3 -  3) =    -18.16330  eV     1   --> A              
     e(  4 -  4) =    -16.56579  eV     1   --> A              
     e(  5 -  5) =    -16.34696  eV     1   --> A              
     e(  6 -  6) =    -15.35729  eV     1   --> A              
     e(  7 -  7) =    -14.15244  eV     1   --> A              
     e(  8 -  8) =    -13.20198  eV     1   --> A              
     e(  9 -  9) =    -12.79195  eV     1   --> A              
     e( 10 - 10) =    -11.49702  eV     1   --> A              
     e( 11 - 11) =    -10.24936  eV     1   --> A              
     e( 12 - 12) =    -10.01398  eV     1   --> A              
     e( 13 - 13) =     -9.58772  eV     1   --> A              
     e( 14 - 14) =     -8.03489  eV     1   --> A              
     e( 15 - 15) =     -7.14022  eV     1   --> A              
     e( 16 - 16) =     -5.84907  eV     1   --> A              
     e( 17 - 17) =     -4.07563  eV     1   --> A              
     e( 18 - 18) =     -3.32835  eV     1   --> A              
     e( 19 - 19) =     -1.55466  eV     1   --> A              
     e( 20 - 20) =     -0.10368  eV     1   --> A              
     e( 21 - 21) =      1.16688  eV     1   --> A              

 **************************************************************************

 **************************************************************************

                    xk=(   0.00000,   0.00000,   0.37500  )

     Band symmetry, C_1 (1)     point group:

     e(  1 -  1) =    -20.38632  eV     1   --> A              
     e(  2 -  2) =    -19.50179  eV     1   --> A              
     e(  3 -  3) =    -18.19097  eV     1   --> A              
     e(  4 -  4) =    -16.59242  eV     1   --> A              
     e(  5 -  5) =    -16.30752  eV     1   --> A              
     e(  6 -  6) =    -15.31457  eV     1   --> A              
     e(  7 -  7) =    -14.10915  eV     1   --> A              
     e(  8 -  8) =    -13.21980  eV     1   --> A              
     e(  9 -  9) =    -12.74794  eV     1   --> A              
     e( 10 - 10) =    -11.51417  eV     1   --> A              
     e( 11 - 11) =    -10.21648  eV     1   --> A              
     e( 12 - 12) =    -10.01855  eV     1   --> A              
     e( 13 - 13) =     -9.57167  eV     1   --> A              
     e( 14 - 14) =     -8.07006  eV     1   --> A              
     e( 15 - 15) =     -7.17154  eV     1   --> A              
     e( 16 - 16) =     -5.87099  eV     1   --> A              
     e( 17 - 17) =     -4.10221  eV     1   --> A              
     e( 18 - 18) =     -3.29933  eV     1   --> A              
     e( 19 - 19) =     -1.52527  eV     1   --> A              
     e( 20 - 20) =     -0.05843  eV     1   --> A              
     e( 21 - 21) =      1.21926  eV     1   --> A              

 **************************************************************************

 **************************************************************************

                    xk=(   0.00000,   0.00000,   0.37250  )

     Band symmetry, C_1 (1)     point group:

     e(  1 -  1) =    -20.41787  eV     1   --> A              
     e(  2 -  2) =    -19.53256  eV     1   --> A              
     e(  3 -  3) =    -18.21872  eV     1   --> A              
     e(  4 -  4) =    -16.61918  eV     1   --> A              
     e(  5 -  5) =    -16.26803  eV     1   --> A              
     e(  6 -  6) =    -15.27148  eV     1   --> A              
     e(  7 -  7) =    -14.06621  eV     1   --> A              
     e(  8 -  8) =    -13.23670  eV     1   --> A              
     e(  9 -  9) =    -12.70392  eV     1   --> A              
     e( 10 - 10) =    -11.53106  eV     1   --> A              
     e( 11 - 11) =    -10.18392  eV     1   --> A              
     e( 12 - 12) =    -10.02290  eV     1   --> A              
     e( 13 - 13) =     -9.55576  eV     1   --> A              
     e( 14 - 14) =     -8.10508  eV     1   --> A              
     e( 15 - 15) =     -7.20287  eV     1   --> A              
     e( 16 - 16) =     -5.89346  eV     1   --> A              
     e( 17 - 17) =     -4.12919  eV     1   --> A              
     e( 18 - 18) =     -3.26991  eV     1   --> A              
     e( 19 - 19) =     -1.49523  eV     1   --> A              
     e( 20 - 20) =     -0.01304  eV     1   --> A              
     e( 21 - 21) =      1.27170  eV     1   --> A              

 **************************************************************************

 **************************************************************************

                    xk=(   0.00000,   0.00000,   0.37000  )

     Band symmetry, C_1 (1)     point group:

     e(  1 -  1) =    -20.44923  eV     1   --> A              
     e(  2 -  2) =    -19.56317  eV     1   --> A              
     e(  3 -  3) =    -18.24650  eV     1   --> A              
     e(  4 -  4) =    -16.64603  eV     1   --> A              
     e(  5 -  5) =    -16.22855  eV     1   --> A              
     e(  6 -  6) =    -15.22807  eV     1   --> A              
     e(  7 -  7) =    -14.02373  eV     1   --> A              
     e(  8 -  8) =    -13.25255  eV     1   --> A              
     e(  9 -  9) =    -12.65990  eV     1   --> A              
     e( 10 - 10) =    -11.54768  eV     1   --> A              
     e( 11 - 11) =    -10.15193  eV     1   --> A              
     e( 12 - 12) =    -10.02678  eV     1   --> A              
     e( 13 - 13) =     -9.53999  eV     1   --> A              
     e( 14 - 14) =     -8.13995  eV     1   --> A              
     e( 15 - 15) =     -7.23418  eV     1   --> A              
     e( 16 - 16) =     -5.91643  eV     1   --> A              
     e( 17 - 17) =     -4.15654  eV     1   --> A              
     e( 18 - 18) =     -3.24013  eV     1   --> A              
     e( 19 - 19) =     -1.46460  eV     1   --> A              
     e( 20 - 20) =      0.03248  eV     1   --> A              
     e( 21 - 21) =      1.32421  eV     1   --> A              

 **************************************************************************

 **************************************************************************

                    xk=(   0.00000,   0.00000,   0.36750  )

     Band symmetry, C_1 (1)     point group:

     e(  1 -  1) =    -20.48041  eV     1   --> A              
     e(  2 -  2) =    -19.59362  eV     1   --> A              
     e(  3 -  3) =    -18.27429  eV     1   --> A              
     e(  4 -  4) =    -16.67292  eV     1   --> A              
     e(  5 -  5) =    -16.18910  eV     1   --> A              
     e(  6 -  6) =    -15.18440  eV     1   --> A              
     e(  7 -  7) =    -13.98185  eV     1   --> A              
     e(  8 -  8) =    -13.26721  eV     1   --> A              
     e(  9 -  9) =    -12.61592  eV     1   --> A              
     e( 10 - 10) =    -11.56399  eV     1   --> A              
     e( 11 - 11) =    -10.12112  eV     1   --> A              
     e( 12 - 12) =    -10.02956  eV     1   --> A              
     e( 13 - 13) =     -9.52437  eV     1   --> A              
     e( 14 - 14) =     -8.17467  eV     1   --> A              
     e( 15 - 15) =     -7.26547  eV     1   --> A              
     e( 16 - 16) =     -5.93986  eV     1   --> A              
     e( 17 - 17) =     -4.18422  eV     1   --> A              
     e( 18 - 18) =     -3.21003  eV     1   --> A              
     e( 19 - 19) =     -1.43341  eV     1   --> A              
     e( 20 - 20) =      0.07811  eV     1   --> A              
     e( 21 - 21) =      1.37676  eV     1   --> A              

 **************************************************************************

 **************************************************************************

                    xk=(   0.00000,   0.00000,   0.36500  )

     Band symmetry, C_1 (1)     point group:

     e(  1 -  1) =    -20.51139  eV     1   --> A              
     e(  2 -  2) =    -19.62390  eV     1   --> A              
     e(  3 -  3) =    -18.30209  eV     1   --> A              
     e(  4 -  4) =    -16.69982  eV     1   --> A              
     e(  5 -  5) =    -16.14975  eV     1   --> A              
     e(  6 -  6) =    -15.14050  eV     1   --> A              
     e(  7 -  7) =    -13.94072  eV     1   --> A              
     e(  8 -  8) =    -13.28050  eV     1   --> A              
     e(  9 -  9) =    -12.57198  eV     1   --> A              
     e( 10 - 10) =    -11.57996  eV     1   --> A              
     e( 11 - 11) =    -10.09334  eV     1   --> A              
     e( 12 - 12) =    -10.02942  eV     1   --> A              
     e( 13 - 13) =     -9.50888  eV     1   --> A              
     e( 14 - 14) =     -8.20923  eV     1   --> A              
     e( 15 - 15) =     -7.29674  eV     1   --> A              
     e( 16 - 16) =     -5.96370  eV     1   --> A              
     e( 17 - 17) =     -4.21220  eV     1   --> A              
     e( 18 - 18) =     -3.17966  eV     1   --> A              
     e( 19 - 19) =     -1.40172  eV     1   --> A              
     e( 20 - 20) =      0.12384  eV     1   --> A              
     e( 21 - 21) =      1.42937  eV     1   --> A              

 **************************************************************************

 **************************************************************************

                    xk=(   0.00000,   0.00000,   0.36250  )

     Band symmetry, C_1 (1)     point group:

     e(  1 -  1) =    -20.54219  eV     1   --> A              
     e(  2 -  2) =    -19.65401  eV     1   --> A              
     e(  3 -  3) =    -18.32986  eV     1   --> A              
     e(  4 -  4) =    -16.72672  eV     1   --> A              
     e(  5 -  5) =    -16.11053  eV     1   --> A              
     e(  6 -  6) =    -15.09642  eV     1   --> A              
     e(  7 -  7) =    -13.90057  eV     1   --> A              
     e(  8 -  8) =    -13.29217  eV     1   --> A              
     e(  9 -  9) =    -12.52813  eV     1   --> A              
     e( 10 - 10) =    -11.59556  eV     1   --> A              
     e( 11 - 11) =    -10.07377  eV     1   --> A              
     e( 12 - 12) =    -10.02114  eV     1   --> A              
     e( 13 - 13) =     -9.49354  eV     1   --> A              
     e( 14 - 14) =     -8.24363  eV     1   --> A              
     e( 15 - 15) =     -7.32797  eV     1   --> A              
     e( 16 - 16) =     -5.98793  eV     1   --> A              
     e( 17 - 17) =     -4.24043  eV     1   --> A              
     e( 18 - 18) =     -3.14904  eV     1   --> A              
     e( 19 - 19) =     -1.36959  eV     1   --> A              
     e( 20 - 20) =      0.16965  eV     1   --> A              
     e( 21 - 21) =      1.48200  eV     1   --> A              

 **************************************************************************

 **************************************************************************

                    xk=(   0.00000,   0.00000,   0.36000  )

     Band symmetry, C_1 (1)     point group:

     e(  1 -  1) =    -20.57279  eV     1   --> A              
     e(  2 -  2) =    -19.68395  eV     1   --> A              
     e(  3 -  3) =    -18.35760  eV     1   --> A              
     e(  4 -  4) =    -16.75358  eV     1   --> A              
     e(  5 -  5) =    -16.07148  eV     1   --> A              
     e(  6 -  6) =    -15.05218  eV     1   --> A              
     e(  7 -  7) =    -13.86167  eV     1   --> A              
     e(  8 -  8) =    -13.30192  eV     1   --> A              
     e(  9 -  9) =    -12.48441  eV     1   --> A              
     e( 10 - 10) =    -11.61073  eV     1   --> A              
     e( 11 - 11) =    -10.06686  eV     1   --> A              
     e( 12 - 12) =    -10.00031  eV     1   --> A              
     e( 13 - 13) =     -9.47834  eV     1   --> A              
     e( 14 - 14) =     -8.27786  eV     1   --> A              
     e( 15 - 15) =     -7.35915  eV     1   --> A              
     e( 16 - 16) =     -6.01250  eV     1   --> A              
     e( 17 - 17) =     -4.26890  eV     1   --> A              
     e( 18 - 18) =     -3.11822  eV     1   --> A              
     e( 19 - 19) =     -1.33704  eV     1   --> A              
     e( 20 - 20) =      0.21553  eV     1   --> A              
     e( 21 - 21) =      1.53467  eV     1   --> A              

 **************************************************************************

 **************************************************************************

                    xk=(   0.00000,   0.00000,   0.35750  )

     Band symmetry, C_1 (1)     point group:

     e(  1 -  1) =    -20.60320  eV     1   --> A              
     e(  2 -  2) =    -19.71372  eV     1   --> A              
     e(  3 -  3) =    -18.38528  eV     1   --> A              
     e(  4 -  4) =    -16.78039  eV     1   --> A              
     e(  5 -  5) =    -16.03266  eV     1   --> A              
     e(  6 -  6) =    -15.00781  eV     1   --> A              
     e(  7 -  7) =    -13.82438  eV     1   --> A              
     e(  8 -  8) =    -13.30937  eV     1   --> A              
     e(  9 -  9) =    -12.44086  eV     1   --> A              
     e( 10 - 10) =    -11.62544  eV     1   --> A              
     e( 11 - 11) =    -10.06734  eV     1   --> A              
     e( 12 - 12) =     -9.97217  eV     1   --> A              
     e( 13 - 13) =     -9.46329  eV     1   --> A              
     e( 14 - 14) =     -8.31193  eV     1   --> A              
     e( 15 - 15) =     -7.39028  eV     1   --> A              
     e( 16 - 16) =     -6.03738  eV     1   --> A              
     e( 17 - 17) =     -4.29756  eV     1   --> A              
     e( 18 - 18) =     -3.08723  eV     1   --> A              
     e( 19 - 19) =     -1.30414  eV     1   --> A              
     e( 20 - 20) =      0.26146  eV     1   --> A              
     e( 21 - 21) =      1.58737  eV     1   --> A              

 **************************************************************************

 **************************************************************************

                    xk=(   0.00000,   0.00000,   0.35500  )

     Band symmetry, C_1 (1)     point group:

     e(  1 -  1) =    -20.63343  eV     1   --> A              
     e(  2 -  2) =    -19.74332  eV     1   --> A              
     e(  3 -  3) =    -18.41289  eV     1   --> A              
     e(  4 -  4) =    -16.80713  eV     1   --> A              
     e(  5 -  5) =    -15.99411  eV     1   --> A              
     e(  6 -  6) =    -14.96334  eV     1   --> A              
     e(  7 -  7) =    -13.78913  eV     1   --> A              
     e(  8 -  8) =    -13.31407  eV     1   --> A              
     e(  9 -  9) =    -12.39755  eV     1   --> A              
     e( 10 - 10) =    -11.63959  eV     1   --> A              
     e( 11 - 11) =    -10.07048  eV     1   --> A              
     e( 12 - 12) =     -9.94146  eV     1   --> A              
     e( 13 - 13) =     -9.44838  eV     1   --> A              
     e( 14 - 14) =     -8.34583  eV     1   --> A              
     e( 15 - 15) =     -7.42135  eV     1   --> A              
     e( 16 - 16) =     -6.06255  eV     1   --> A              
     e( 17 - 17) =     -4.32640  eV     1   --> A              
     e( 18 - 18) =     -3.05610  eV     1   --> A              
     e( 19 - 19) =     -1.27091  eV     1   --> A              
     e( 20 - 20) =      0.30743  eV     1   --> A              
     e( 21 - 21) =      1.64008  eV     1   --> A              

 **************************************************************************

 **************************************************************************

                    xk=(   0.00000,   0.00000,   0.35250  )

     Band symmetry, C_1 (1)     point group:

     e(  1 -  1) =    -20.66345  eV     1   --> A              
     e(  2 -  2) =    -19.77273  eV     1   --> A              
     e(  3 -  3) =    -18.44043  eV     1   --> A              
     e(  4 -  4) =    -16.83378  eV     1   --> A              
     e(  5 -  5) =    -15.95586  eV     1   --> A              
     e(  6 -  6) =    -14.91879  eV     1   --> A              
     e(  7 -  7) =    -13.75645  eV     1   --> A              
     e(  8 -  8) =    -13.31545  eV     1   --> A              
     e(  9 -  9) =    -12.35456  eV     1   --> A              
     e( 10 - 10) =    -11.65312  eV     1   --> A              
     e( 11 - 11) =    -10.07466  eV     1   --> A              
     e( 12 - 12) =     -9.90980  eV     1   --> A              
     e( 13 - 13) =     -9.43362  eV     1   --> A              
     e( 14 - 14) =     -8.37956  eV     1   --> A              
     e( 15 - 15) =     -7.45235  eV     1   --> A              
     e( 16 - 16) =     -6.08797  eV     1   --> A              
     e( 17 - 17) =     -4.35538  eV     1   --> A              
     e( 18 - 18) =     -3.02486  eV     1   --> A              
     e( 19 - 19) =     -1.23740  eV     1   --> A              
     e( 20 - 20) =      0.35342  eV     1   --> A              
     e( 21 - 21) =      1.69280  eV     1   --> A              

 **************************************************************************

 **************************************************************************

                    xk=(   0.00000,   0.00000,   0.35000  )

     Band symmetry, C_1 (1)     point group:

     e(  1 -  1) =    -20.69329  eV     1   --> A              
     e(  2 -  2) =    -19.80198  eV     1   --> A              
     e(  3 -  3) =    -18.46789  eV     1   --> A              
     e(  4 -  4) =    -16.86034  eV     1   --> A              
     e(  5 -  5) =    -15.91798  eV     1   --> A              
     e(  6 -  6) =    -14.87419  eV     1   --> A              
     e(  7 -  7) =    -13.72692  eV     1   --> A              
     e(  8 -  8) =    -13.31291  eV     1   --> A              
     e(  9 -  9) =    -12.31199  eV     1   --> A              
     e( 10 - 10) =    -11.66589  eV     1   --> A              
     e( 11 - 11) =    -10.07934  eV     1   --> A              
     e( 12 - 12) =     -9.87772  eV     1   --> A              
     e( 13 - 13) =     -9.41901  eV     1   --> A              
     e( 14 - 14) =     -8.41312  eV     1   --> A              
     e( 15 - 15) =     -7.48327  eV     1   --> A              
     e( 16 - 16) =     -6.11362  eV     1   --> A              
     e( 17 - 17) =     -4.38448  eV     1   --> A              
     e( 18 - 18) =     -2.99354  eV     1   --> A              
     e( 19 - 19) =     -1.20365  eV     1   --> A              
     e( 20 - 20) =      0.39942  eV     1   --> A              
     e( 21 - 21) =      1.74552  eV     1   --> A              

 **************************************************************************

 **************************************************************************

                    xk=(   0.00000,   0.00000,   0.34750  )

     Band symmetry, C_1 (1)     point group:

     e(  1 -  1) =    -20.72293  eV     1   --> A              
     e(  2 -  2) =    -19.83104  eV     1   --> A              
     e(  3 -  3) =    -18.49524  eV     1   --> A              
     e(  4 -  4) =    -16.88680  eV     1   --> A              
     e(  5 -  5) =    -15.88050  eV     1   --> A              
     e(  6 -  6) =    -14.82955  eV     1   --> A              
     e(  7 -  7) =    -13.70110  eV     1   --> A              
     e(  8 -  8) =    -13.30585  eV     1   --> A              
     e(  9 -  9) =    -12.26999  eV     1   --> A              
     e( 10 - 10) =    -11.67776  eV     1   --> A              
     e( 11 - 11) =    -10.08429  eV     1   --> A              
     e( 12 - 12) =     -9.84547  eV     1   --> A              
     e( 13 - 13) =     -9.40455  eV     1   --> A              
     e( 14 - 14) =     -8.44650  eV     1   --> A              
     e( 15 - 15) =     -7.51412  eV     1   --> A              
     e( 16 - 16) =     -6.13946  eV     1   --> A              
     e( 17 - 17) =     -4.41369  eV     1   --> A              
     e( 18 - 18) =     -2.96217  eV     1   --> A              
     e( 19 - 19) =     -1.16968  eV     1   --> A              
     e( 20 - 20) =      0.44541  eV     1   --> A              
     e( 21 - 21) =      1.79823  eV     1   --> A              

 **************************************************************************

 **************************************************************************

                    xk=(   0.00000,   0.00000,   0.34500  )

     Band symmetry, C_1 (1)     point group:

     e(  1 -  1) =    -20.75238  eV     1   --> A              
     e(  2 -  2) =    -19.85993  eV     1   --> A              
     e(  3 -  3) =    -18.52250  eV     1   --> A              
     e(  4 -  4) =    -16.91315  eV     1   --> A              
     e(  5 -  5) =    -15.84347  eV     1   --> A              
     e(  6 -  6) =    -14.78491  eV     1   --> A              
     e(  7 -  7) =    -13.67941  eV     1   --> A              
     e(  8 -  8) =    -13.29382  eV     1   --> A              
     e(  9 -  9) =    -12.22876  eV     1   --> A              
     e( 10 - 10) =    -11.68853  eV     1   --> A              
     e( 11 - 11) =    -10.08940  eV     1   --> A              
     e( 12 - 12) =     -9.81314  eV     1   --> A              
     e( 13 - 13) =     -9.39023  eV     1   --> A              
     e( 14 - 14) =     -8.47970  eV     1   --> A              
     e( 15 - 15) =     -7.54488  eV     1   --> A              
     e( 16 - 16) =     -6.16549  eV     1   --> A              
     e( 17 - 17) =     -4.44298  eV     1   --> A              
     e( 18 - 18) =     -2.93077  eV     1   --> A              
     e( 19 - 19) =     -1.13553  eV     1   --> A              
     e( 20 - 20) =      0.49138  eV     1   --> A              
     e( 21 - 21) =      1.85092  eV     1   --> A              

 **************************************************************************

 **************************************************************************

                    xk=(   0.00000,   0.00000,   0.34250  )

     Band symmetry, C_1 (1)     point group:

     e(  1 -  1) =    -20.78163  eV     1   --> A              
     e(  2 -  2) =    -19.88863  eV     1   --> A              
     e(  3 -  3) =    -18.54964  eV     1   --> A              
     e(  4 -  4) =    -16.93937  eV     1   --> A              
     e(  5 -  5) =    -15.80694  eV     1   --> A              
     e(  6 -  6) =    -14.74028  eV     1   --> A              
     e(  7 -  7) =    -13.66199  eV     1   --> A              
     e(  8 -  8) =    -13.27664  eV     1   --> A              
     e(  9 -  9) =    -12.18855  eV     1   --> A              
     e( 10 - 10) =    -11.69793  eV     1   --> A              
     e( 11 - 11) =    -10.09461  eV     1   --> A              
     e( 12 - 12) =     -9.78079  eV     1   --> A              
     e( 13 - 13) =     -9.37607  eV     1   --> A              
     e( 14 - 14) =     -8.51273  eV     1   --> A              
     e( 15 - 15) =     -7.57554  eV     1   --> A              
     e( 16 - 16) =     -6.19167  eV     1   --> A              
     e( 17 - 17) =     -4.47232  eV     1   --> A              
     e( 18 - 18) =     -2.89938  eV     1   --> A              
     e( 19 - 19) =     -1.10124  eV     1   --> A              
     e( 20 - 20) =      0.53731  eV     1   --> A              
     e( 21 - 21) =      1.90410  eV     1   --> A              

 **************************************************************************

 **************************************************************************

                    xk=(   0.00000,   0.00000,   0.34000  )

     Band symmetry, C_1 (1)     point group:

     e(  1 -  1) =    -20.81069  eV     1   --> A              
     e(  2 -  2) =    -19.91715  eV     1   --> A              
     e(  3 -  3) =    -18.57666  eV     1   --> A              
     e(  4 -  4) =    -16.96547  eV     1   --> A              
     e(  5 -  5) =    -15.77097  eV     1   --> A              
     e(  6 -  6) =    -14.69568  eV     1   --> A              
     e(  7 -  7) =    -13.64864  eV     1   --> A              
     e(  8 -  8) =    -13.25446  eV     1   --> A              
     e(  9 -  9) =    -12.14973  eV     1   --> A              
     e( 10 - 10) =    -11.70557  eV     1   --> A              
     e( 11 - 11) =    -10.09989  eV     1   --> A              
     e( 12 - 12) =     -9.74846  eV     1   --> A              
     e( 13 - 13) =     -9.36205  eV     1   --> A              
     e( 14 - 14) =     -8.54558  eV     1   --> A              
     e( 15 - 15) =     -7.60610  eV     1   --> A              
     e( 16 - 16) =     -6.21798  eV     1   --> A              
     e( 17 - 17) =     -4.50171  eV     1   --> A              
     e( 18 - 18) =     -2.86800  eV     1   --> A              
     e( 19 - 19) =     -1.06683  eV     1   --> A              
     e( 20 - 20) =      0.58319  eV     1   --> A              
     e( 21 - 21) =      1.87785  eV     1   --> A              

 **************************************************************************

 **************************************************************************

                    xk=(   0.00000,   0.00000,   0.33750  )

     Band symmetry, C_1 (1)     point group:

     e(  1 -  1) =    -20.83955  eV     1   --> A              
     e(  2 -  2) =    -19.94549  eV     1   --> A              
     e(  3 -  3) =    -18.60356  eV     1   --> A              
     e(  4 -  4) =    -16.99144  eV     1   --> A              
     e(  5 -  5) =    -15.73561  eV     1   --> A              
     e(  6 -  6) =    -14.65113  eV     1   --> A              
     e(  7 -  7) =    -13.63887  eV     1   --> A              
     e(  8 -  8) =    -13.22775  eV     1   --> A              
     e(  9 -  9) =    -12.11280  eV     1   --> A              
     e( 10 - 10) =    -11.71095  eV     1   --> A              
     e( 11 - 11) =    -10.10521  eV     1   --> A              
     e( 12 - 12) =     -9.71618  eV     1   --> A              
     e( 13 - 13) =     -9.34818  eV     1   --> A              
     e( 14 - 14) =     -8.57824  eV     1   --> A              
     e( 15 - 15) =     -7.63656  eV     1   --> A              
     e( 16 - 16) =     -6.24441  eV     1   --> A              
     e( 17 - 17) =     -4.53112  eV     1   --> A              
     e( 18 - 18) =     -2.83668  eV     1   --> A              
     e( 19 - 19) =     -1.03234  eV     1   --> A              
     e( 20 - 20) =      0.62899  eV     1   --> A              
     e( 21 - 21) =      1.85163  eV     1   --> A              

 **************************************************************************

 **************************************************************************

                    xk=(   0.00000,   0.00000,   0.33500  )

     Band symmetry, C_1 (1)     point group:

     e(  1 -  1) =    -20.86821  eV     1   --> A              
     e(  2 -  2) =    -19.97364  eV     1   --> A              
     e(  3 -  3) =    -18.63033  eV     1   --> A              
     e(  4 -  4) =    -17.01726  eV     1   --> A              
     e(  5 -  5) =    -15.70092  eV     1   --> A              
     e(  6 -  6) =    -14.60667  eV     1   --> A              
     e(  7 -  7) =    -13.63199  eV     1   --> A              
     e(  8 -  8) =    -13.19715  eV     1   --> A              
     e(  9 -  9) =    -12.07842  eV     1   --> A              
     e( 10 - 10) =    -11.71339  eV     1   --> A              
     e( 11 - 11) =    -10.11054  eV     1   --> A              
     e( 12 - 12) =     -9.68395  eV     1   --> A              
     e( 13 - 13) =     -9.33447  eV     1   --> A              
     e( 14 - 14) =     -8.61072  eV     1   --> A              
     e( 15 - 15) =     -7.66691  eV     1   --> A              
     e( 16 - 16) =     -6.27093  eV     1   --> A              
     e( 17 - 17) =     -4.56055  eV     1   --> A              
     e( 18 - 18) =     -2.80542  eV     1   --> A              
     e( 19 - 19) =     -0.99779  eV     1   --> A              
     e( 20 - 20) =      0.67471  eV     1   --> A              
     e( 21 - 21) =      1.82544  eV     1   --> A              

 **************************************************************************

 **************************************************************************

                    xk=(   0.00000,   0.00000,   0.33250  )

     Band symmetry, C_1 (1)     point group:

     e(  1 -  1) =    -20.89668  eV     1   --> A              
     e(  2 -  2) =    -20.00161  eV     1   --> A              
     e(  3 -  3) =    -18.65696  eV     1   --> A              
     e(  4 -  4) =    -17.04294  eV     1   --> A              
     e(  5 -  5) =    -15.66694  eV     1   --> A              
     e(  6 -  6) =    -14.56229  eV     1   --> A              
     e(  7 -  7) =    -13.62726  eV     1   --> A              
     e(  8 -  8) =    -13.16335  eV     1   --> A              
     e(  9 -  9) =    -12.04743  eV     1   --> A              
     e( 10 - 10) =    -11.71204  eV     1   --> A              
     e( 11 - 11) =    -10.11589  eV     1   --> A              
     e( 12 - 12) =     -9.65179  eV     1   --> A              
     e( 13 - 13) =     -9.32090  eV     1   --> A              
     e( 14 - 14) =     -8.64301  eV     1   --> A              
     e( 15 - 15) =     -7.69715  eV     1   --> A              
     e( 16 - 16) =     -6.29753  eV     1   --> A              
     e( 17 - 17) =     -4.58997  eV     1   --> A              
     e( 18 - 18) =     -2.77425  eV     1   --> A              
     e( 19 - 19) =     -0.96321  eV     1   --> A              
     e( 20 - 20) =      0.72033  eV     1   --> A              
     e( 21 - 21) =      1.79930  eV     1   --> A              

 **************************************************************************

 **************************************************************************

                    xk=(   0.00000,   0.00000,   0.33000  )

     Band symmetry, C_1 (1)     point group:

     e(  1 -  1) =    -20.92495  eV     1   --> A              
     e(  2 -  2) =    -20.02939  eV     1   --> A              
     e(  3 -  3) =    -18.68346  eV     1   --> A              
     e(  4 -  4) =    -17.06848  eV     1   --> A              
     e(  5 -  5) =    -15.63375  eV     1   --> A              
     e(  6 -  6) =    -14.51804  eV     1   --> A              
     e(  7 -  7) =    -13.62400  eV     1   --> A              
     e(  8 -  8) =    -13.12698  eV     1   --> A              
     e(  9 -  9) =    -12.02077  eV     1   --> A              
     e( 10 - 10) =    -11.70595  eV     1   --> A              
     e( 11 - 11) =    -10.12123  eV     1   --> A              
     e( 12 - 12) =     -9.61971  eV     1   --> A              
     e( 13 - 13) =     -9.30748  eV     1   --> A              
     e( 14 - 14) =     -8.67511  eV     1   --> A              
     e( 15 - 15) =     -7.72726  eV     1   --> A              
     e( 16 - 16) =     -6.32419  eV     1   --> A              
     e( 17 - 17) =     -4.61937  eV     1   --> A              
     e( 18 - 18) =     -2.74318  eV     1   --> A              
     e( 19 - 19) =     -0.92862  eV     1   --> A              
     e( 20 - 20) =      0.76582  eV     1   --> A              
     e( 21 - 21) =      1.77319  eV     1   --> A              

 **************************************************************************

 **************************************************************************

                    xk=(   0.00000,   0.00000,   0.32750  )

     Band symmetry, C_1 (1)     point group:

     e(  1 -  1) =    -20.95302  eV     1   --> A              
     e(  2 -  2) =    -20.05698  eV     1   --> A              
     e(  3 -  3) =    -18.70981  eV     1   --> A              
     e(  4 -  4) =    -17.09387  eV     1   --> A              
     e(  5 -  5) =    -15.60139  eV     1   --> A              
     e(  6 -  6) =    -14.47393  eV     1   --> A              
     e(  7 -  7) =    -13.62164  eV     1   --> A              
     e(  8 -  8) =    -13.08858  eV     1   --> A              
     e(  9 -  9) =    -11.99927  eV     1   --> A              
     e( 10 - 10) =    -11.69428  eV     1   --> A              
     e( 11 - 11) =    -10.12656  eV     1   --> A              
     e( 12 - 12) =     -9.58771  eV     1   --> A              
     e( 13 - 13) =     -9.29421  eV     1   --> A              
     e( 14 - 14) =     -8.70702  eV     1   --> A              
     e( 15 - 15) =     -7.75725  eV     1   --> A              
     e( 16 - 16) =     -6.35090  eV     1   --> A              
     e( 17 - 17) =     -4.64874  eV     1   --> A              
     e( 18 - 18) =     -2.71224  eV     1   --> A              
     e( 19 - 19) =     -0.89405  eV     1   --> A              
     e( 20 - 20) =      0.81117  eV     1   --> A              
     e( 21 - 21) =      1.74712  eV     1   --> A              

 **************************************************************************

 **************************************************************************

                    xk=(   0.00000,   0.00000,   0.32500  )

     Band symmetry, C_1 (1)     point group:

     e(  1 -  1) =    -20.98089  eV     1   --> A              
     e(  2 -  2) =    -20.08439  eV     1   --> A              
     e(  3 -  3) =    -18.73601  eV     1   --> A              
     e(  4 -  4) =    -17.11910  eV     1   --> A              
     e(  5 -  5) =    -15.56993  eV     1   --> A              
     e(  6 -  6) =    -14.42999  eV     1   --> A              
     e(  7 -  7) =    -13.61968  eV     1   --> A              
     e(  8 -  8) =    -13.04859  eV     1   --> A              
     e(  9 -  9) =    -11.98334  eV     1   --> A              
     e( 10 - 10) =    -11.67660  eV     1   --> A              
     e( 11 - 11) =    -10.13187  eV     1   --> A              
     e( 12 - 12) =     -9.55581  eV     1   --> A              
     e( 13 - 13) =     -9.28109  eV     1   --> A              
     e( 14 - 14) =     -8.73874  eV     1   --> A              
     e( 15 - 15) =     -7.78712  eV     1   --> A              
     e( 16 - 16) =     -6.37764  eV     1   --> A              
     e( 17 - 17) =     -4.67807  eV     1   --> A              
     e( 18 - 18) =     -2.68145  eV     1   --> A              
     e( 19 - 19) =     -0.85953  eV     1   --> A              
     e( 20 - 20) =      0.85636  eV     1   --> A              
     e( 21 - 21) =      1.72109  eV     1   --> A              

 **************************************************************************

 **************************************************************************

                    xk=(   0.00000,   0.00000,   0.32250  )

     Band symmetry, C_1 (1)     point group:

     e(  1 -  1) =    -21.00856  eV     1   --> A              
     e(  2 -  2) =    -20.11160  eV     1   --> A              
     e(  3 -  3) =    -18.76207  eV     1   --> A              
     e(  4 -  4) =    -17.14417  eV     1   --> A              
     e(  5 -  5) =    -15.53943  eV     1   --> A              
     e(  6 -  6) =    -14.38625  eV     1   --> A              
     e(  7 -  7) =    -13.61773  eV     1   --> A              
     e(  8 -  8) =    -13.00735  eV     1   --> A              
     e(  9 -  9) =    -11.97278  eV     1   --> A              
     e( 10 - 10) =    -11.65307  eV     1   --> A              
     e( 11 - 11) =    -10.13714  eV     1   --> A              
     e( 12 - 12) =     -9.52401  eV     1   --> A              
     e( 13 - 13) =     -9.26812  eV     1   --> A              
     e( 14 - 14) =     -8.77026  eV     1   --> A              
     e( 15 - 15) =     -7.81684  eV     1   --> A              
     e( 16 - 16) =     -6.40440  eV     1   --> A              
     e( 17 - 17) =     -4.70734  eV     1   --> A              
     e( 18 - 18) =     -2.65082  eV     1   --> A              
     e( 19 - 19) =     -0.82508  eV     1   --> A              
     e( 20 - 20) =      0.90137  eV     1   --> A              
     e( 21 - 21) =      1.69509  eV     1   --> A              

 **************************************************************************

 **************************************************************************

                    xk=(   0.00000,   0.00000,   0.32000  )

     Band symmetry, C_1 (1)     point group:

     e(  1 -  1) =    -21.03604  eV     1   --> A              
     e(  2 -  2) =    -20.13863  eV     1   --> A              
     e(  3 -  3) =    -18.78796  eV     1   --> A              
     e(  4 -  4) =    -17.16909  eV     1   --> A              
     e(  5 -  5) =    -15.50996  eV     1   --> A              
     e(  6 -  6) =    -14.34272  eV     1   --> A              
     e(  7 -  7) =    -13.61549  eV     1   --> A              
     e(  8 -  8) =    -12.96512  eV     1   --> A              
     e(  9 -  9) =    -11.96685  eV     1   --> A              
     e( 10 - 10) =    -11.62444  eV     1   --> A              
     e( 11 - 11) =    -10.14237  eV     1   --> A              
     e( 12 - 12) =     -9.49231  eV     1   --> A              
     e( 13 - 13) =     -9.25530  eV     1   --> A              
     e( 14 - 14) =     -8.80159  eV     1   --> A              
     e( 15 - 15) =     -7.84644  eV     1   --> A              
     e( 16 - 16) =     -6.43117  eV     1   --> A              
     e( 17 - 17) =     -4.73655  eV     1   --> A              
     e( 18 - 18) =     -2.62036  eV     1   --> A              
     e( 19 - 19) =     -0.79072  eV     1   --> A              
     e( 20 - 20) =      0.94618  eV     1   --> A              
     e( 21 - 21) =      1.66912  eV     1   --> A              

 **************************************************************************

 **************************************************************************

                    xk=(   0.00000,   0.00000,   0.31750  )

     Band symmetry, C_1 (1)     point group:

     e(  1 -  1) =    -21.06331  eV     1   --> A              
     e(  2 -  2) =    -20.16546  eV     1   --> A              
     e(  3 -  3) =    -18.81371  eV     1   --> A              
     e(  4 -  4) =    -17.19384  eV     1   --> A              
     e(  5 -  5) =    -15.48156  eV     1   --> A              
     e(  6 -  6) =    -14.29944  eV     1   --> A              
     e(  7 -  7) =    -13.61269  eV     1   --> A              
     e(  8 -  8) =    -12.92211  eV     1   --> A              
     e(  9 -  9) =    -11.96456  eV     1   --> A              
     e( 10 - 10) =    -11.59167  eV     1   --> A              
     e( 11 - 11) =    -10.14756  eV     1   --> A              
     e( 12 - 12) =     -9.46072  eV     1   --> A              
     e( 13 - 13) =     -9.24263  eV     1   --> A              
     e( 14 - 14) =     -8.83272  eV     1   --> A              
     e( 15 - 15) =     -7.87589  eV     1   --> A              
     e( 16 - 16) =     -6.45793  eV     1   --> A              
     e( 17 - 17) =     -4.76569  eV     1   --> A              
     e( 18 - 18) =     -2.59010  eV     1   --> A              
     e( 19 - 19) =     -0.75647  eV     1   --> A              
     e( 20 - 20) =      0.99076  eV     1   --> A              
     e( 21 - 21) =      1.64318  eV     1   --> A              

 **************************************************************************

 **************************************************************************

                    xk=(   0.00000,   0.00000,   0.31500  )

     Band symmetry, C_1 (1)     point group:

     e(  1 -  1) =    -21.09038  eV     1   --> A              
     e(  2 -  2) =    -20.19211  eV     1   --> A              
     e(  3 -  3) =    -18.83929  eV     1   --> A              
     e(  4 -  4) =    -17.21843  eV     1   --> A              
     e(  5 -  5) =    -15.45431  eV     1   --> A              
     e(  6 -  6) =    -14.25645  eV     1   --> A              
     e(  7 -  7) =    -13.60914  eV     1   --> A              
     e(  8 -  8) =    -12.87848  eV     1   --> A              
     e(  9 -  9) =    -11.96493  eV     1   --> A              
     e( 10 - 10) =    -11.55571  eV     1   --> A              
     e( 11 - 11) =    -10.15268  eV     1   --> A              
     e( 12 - 12) =     -9.42924  eV     1   --> A              
     e( 13 - 13) =     -9.23010  eV     1   --> A              
     e( 14 - 14) =     -8.86365  eV     1   --> A              
     e( 15 - 15) =     -7.90519  eV     1   --> A              
     e( 16 - 16) =     -6.48467  eV     1   --> A              
     e( 17 - 17) =     -4.79475  eV     1   --> A              
     e( 18 - 18) =     -2.56004  eV     1   --> A              
     e( 19 - 19) =     -0.72236  eV     1   --> A              
     e( 20 - 20) =      1.03509  eV     1   --> A              
     e( 21 - 21) =      1.61725  eV     1   --> A              

 **************************************************************************

 **************************************************************************

                    xk=(   0.00000,   0.00000,   0.31250  )

     Band symmetry, C_1 (1)     point group:

     e(  1 -  1) =    -21.11725  eV     1   --> A              
     e(  2 -  2) =    -20.21856  eV     1   --> A              
     e(  3 -  3) =    -18.86470  eV     1   --> A              
     e(  4 -  4) =    -17.24285  eV     1   --> A              
     e(  5 -  5) =    -15.42824  eV     1   --> A              
     e(  6 -  6) =    -14.21376  eV     1   --> A              
     e(  7 -  7) =    -13.60466  eV     1   --> A              
     e(  8 -  8) =    -12.83436  eV     1   --> A              
     e(  9 -  9) =    -11.96714  eV     1   --> A              
     e( 10 - 10) =    -11.51736  eV     1   --> A              
     e( 11 - 11) =    -10.15774  eV     1   --> A              
     e( 12 - 12) =     -9.39788  eV     1   --> A              
     e( 13 - 13) =     -9.21772  eV     1   --> A              
     e( 14 - 14) =     -8.89439  eV     1   --> A              
     e( 15 - 15) =     -7.93435  eV     1   --> A              
     e( 16 - 16) =     -6.51138  eV     1   --> A              
     e( 17 - 17) =     -4.82371  eV     1   --> A              
     e( 18 - 18) =     -2.53021  eV     1   --> A              
     e( 19 - 19) =     -0.68841  eV     1   --> A              
     e( 20 - 20) =      1.07914  eV     1   --> A              
     e( 21 - 21) =      1.59130  eV     1   --> A              

 **************************************************************************

 **************************************************************************

                    xk=(   0.00000,   0.00000,   0.31000  )

     Band symmetry, C_1 (1)     point group:

     e(  1 -  1) =    -21.14393  eV     1   --> A              
     e(  2 -  2) =    -20.24482  eV     1   --> A              
     e(  3 -  3) =    -18.88996  eV     1   --> A              
     e(  4 -  4) =    -17.26710  eV     1   --> A              
     e(  5 -  5) =    -15.40343  eV     1   --> A              
     e(  6 -  6) =    -14.17142  eV     1   --> A              
     e(  7 -  7) =    -13.59912  eV     1   --> A              
     e(  8 -  8) =    -12.78984  eV     1   --> A              
     e(  9 -  9) =    -11.97057  eV     1   --> A              
     e( 10 - 10) =    -11.47722  eV     1   --> A              
     e( 11 - 11) =    -10.16273  eV     1   --> A              
     e( 12 - 12) =     -9.36664  eV     1   --> A              
     e( 13 - 13) =     -9.20548  eV     1   --> A              
     e( 14 - 14) =     -8.92492  eV     1   --> A              
     e( 15 - 15) =     -7.96335  eV     1   --> A              
     e( 16 - 16) =     -6.53805  eV     1   --> A              
     e( 17 - 17) =     -4.85257  eV     1   --> A              
     e( 18 - 18) =     -2.50061  eV     1   --> A              
     e( 19 - 19) =     -0.65463  eV     1   --> A              
     e( 20 - 20) =      1.12288  eV     1   --> A              
     e( 21 - 21) =      1.56526  eV     1   --> A              

 **************************************************************************

 **************************************************************************

                    xk=(   0.00000,   0.00000,   0.30750  )

     Band symmetry, C_1 (1)     point group:

     e(  1 -  1) =    -21.17040  eV     1   --> A              
     e(  2 -  2) =    -20.27088  eV     1   --> A              
     e(  3 -  3) =    -18.91504  eV     1   --> A              
     e(  4 -  4) =    -17.29118  eV     1   --> A              
     e(  5 -  5) =    -15.37991  eV     1   --> A              
     e(  6 -  6) =    -14.12945  eV     1   --> A              
     e(  7 -  7) =    -13.59238  eV     1   --> A              
     e(  8 -  8) =    -12.74502  eV     1   --> A              
     e(  9 -  9) =    -11.97475  eV     1   --> A              
     e( 10 - 10) =    -11.43574  eV     1   --> A              
     e( 11 - 11) =    -10.16763  eV     1   --> A              
     e( 12 - 12) =     -9.33553  eV     1   --> A              
     e( 13 - 13) =     -9.19339  eV     1   --> A              
     e( 14 - 14) =     -8.95524  eV     1   --> A              
     e( 15 - 15) =     -7.99221  eV     1   --> A              
     e( 16 - 16) =     -6.56468  eV     1   --> A              
     e( 17 - 17) =     -4.88132  eV     1   --> A              
     e( 18 - 18) =     -2.47126  eV     1   --> A              
     e( 19 - 19) =     -0.62105  eV     1   --> A              
     e( 20 - 20) =      1.16628  eV     1   --> A              
     e( 21 - 21) =      1.53896  eV     1   --> A              

 **************************************************************************

 **************************************************************************

                    xk=(   0.00000,   0.00000,   0.30500  )

     Band symmetry, C_1 (1)     point group:

     e(  1 -  1) =    -21.19666  eV     1   --> A              
     e(  2 -  2) =    -20.29675  eV     1   --> A              
     e(  3 -  3) =    -18.93996  eV     1   --> A              
     e(  4 -  4) =    -17.31509  eV     1   --> A              
     e(  5 -  5) =    -15.35773  eV     1   --> A              
     e(  6 -  6) =    -14.08791  eV     1   --> A              
     e(  7 -  7) =    -13.58437  eV     1   --> A              
     e(  8 -  8) =    -12.69996  eV     1   --> A              
     e(  9 -  9) =    -11.97931  eV     1   --> A              
     e( 10 - 10) =    -11.39323  eV     1   --> A              
     e( 11 - 11) =    -10.17243  eV     1   --> A              
     e( 12 - 12) =     -9.30455  eV     1   --> A              
     e( 13 - 13) =     -9.18143  eV     1   --> A              
     e( 14 - 14) =     -8.98536  eV     1   --> A              
     e( 15 - 15) =     -8.02090  eV     1   --> A              
     e( 16 - 16) =     -6.59125  eV     1   --> A              
     e( 17 - 17) =     -4.90996  eV     1   --> A              
     e( 18 - 18) =     -2.44217  eV     1   --> A              
     e( 19 - 19) =     -0.58768  eV     1   --> A              
     e( 20 - 20) =      1.20930  eV     1   --> A              
     e( 21 - 21) =      1.51214  eV     1   --> A              

 **************************************************************************

 **************************************************************************

                    xk=(   0.00000,   0.00000,   0.30250  )

     Band symmetry, C_1 (1)     point group:

     e(  1 -  1) =    -21.22273  eV     1   --> A              
     e(  2 -  2) =    -20.32242  eV     1   --> A              
     e(  3 -  3) =    -18.96470  eV     1   --> A              
     e(  4 -  4) =    -17.33883  eV     1   --> A              
     e(  5 -  5) =    -15.33693  eV     1   --> A              
     e(  6 -  6) =    -14.04682  eV     1   --> A              
     e(  7 -  7) =    -13.57499  eV     1   --> A              
     e(  8 -  8) =    -12.65471  eV     1   --> A              
     e(  9 -  9) =    -11.98400  eV     1   --> A              
     e( 10 - 10) =    -11.34994  eV     1   --> A              
     e( 11 - 11) =    -10.17713  eV     1   --> A              
     e( 12 - 12) =     -9.27371  eV     1   --> A              
     e( 13 - 13) =     -9.16962  eV     1   --> A              
     e( 14 - 14) =     -9.01528  eV     1   --> A              
     e( 15 - 15) =     -8.04943  eV     1   --> A              
     e( 16 - 16) =     -6.61775  eV     1   --> A              
     e( 17 - 17) =     -4.93848  eV     1   --> A              
     e( 18 - 18) =     -2.41335  eV     1   --> A              
     e( 19 - 19) =     -0.55455  eV     1   --> A              
     e( 20 - 20) =      1.25190  eV     1   --> A              
     e( 21 - 21) =      1.48472  eV     1   --> A              

 **************************************************************************

 **************************************************************************

                    xk=(   0.00000,   0.00000,   0.30000  )

     Band symmetry, C_1 (1)     point group:

     e(  1 -  1) =    -21.24859  eV     1   --> A              
     e(  2 -  2) =    -20.34790  eV     1   --> A              
     e(  3 -  3) =    -18.98927  eV     1   --> A              
     e(  4 -  4) =    -17.36239  eV     1   --> A              
     e(  5 -  5) =    -15.31754  eV     1   --> A              
     e(  6 -  6) =    -14.00623  eV     1   --> A              
     e(  7 -  7) =    -13.56418  eV     1   --> A              
     e(  8 -  8) =    -12.60933  eV     1   --> A              
     e(  9 -  9) =    -11.98860  eV     1   --> A              
     e( 10 - 10) =    -11.30603  eV     1   --> A              
     e( 11 - 11) =    -10.18171  eV     1   --> A              
     e( 12 - 12) =     -9.24301  eV     1   --> A              
     e( 13 - 13) =     -9.15794  eV     1   --> A              
     e( 14 - 14) =     -9.04499  eV     1   --> A              
     e( 15 - 15) =     -8.07779  eV     1   --> A              
     e( 16 - 16) =     -6.64418  eV     1   --> A              
     e( 17 - 17) =     -4.96687  eV     1   --> A              
     e( 18 - 18) =     -2.38481  eV     1   --> A              
     e( 19 - 19) =     -0.52167  eV     1   --> A              
     e( 20 - 20) =      1.29402  eV     1   --> A              
     e( 21 - 21) =      1.45697  eV     1   --> A              

 **************************************************************************

 **************************************************************************

                    xk=(   0.00000,   0.00000,   0.29750  )

     Band symmetry, C_1 (1)     point group:

     e(  1 -  1) =    -21.27425  eV     1   --> A              
     e(  2 -  2) =    -20.37318  eV     1   --> A              
     e(  3 -  3) =    -19.01366  eV     1   --> A              
     e(  4 -  4) =    -17.38578  eV     1   --> A              
     e(  5 -  5) =    -15.29958  eV     1   --> A              
     e(  6 -  6) =    -13.96618  eV     1   --> A              
     e(  7 -  7) =    -13.55190  eV     1   --> A              
     e(  8 -  8) =    -12.56387  eV     1   --> A              
     e(  9 -  9) =    -11.99295  eV     1   --> A              
     e( 10 - 10) =    -11.26164  eV     1   --> A              
     e( 11 - 11) =    -10.18617  eV     1   --> A              
     e( 12 - 12) =     -9.21246  eV     1   --> A              
     e( 13 - 13) =     -9.14639  eV     1   --> A              
     e( 14 - 14) =     -9.07449  eV     1   --> A              
     e( 15 - 15) =     -8.10599  eV     1   --> A              
     e( 16 - 16) =     -6.67052  eV     1   --> A              
     e( 17 - 17) =     -4.99513  eV     1   --> A              
     e( 18 - 18) =     -2.35656  eV     1   --> A              
     e( 19 - 19) =     -0.48907  eV     1   --> A              
     e( 20 - 20) =      1.33562  eV     1   --> A              
     e( 21 - 21) =      1.42916  eV     1   --> A              

 **************************************************************************

 **************************************************************************

                    xk=(   0.00000,   0.00000,   0.29500  )

     Band symmetry, C_1 (1)     point group:

     e(  1 -  1) =    -21.29970  eV     1   --> A              
     e(  2 -  2) =    -20.39826  eV     1   --> A              
     e(  3 -  3) =    -19.03788  eV     1   --> A              
     e(  4 -  4) =    -17.40899  eV     1   --> A              
     e(  5 -  5) =    -15.28306  eV     1   --> A              
     e(  6 -  6) =    -13.92672  eV     1   --> A              
     e(  7 -  7) =    -13.53811  eV     1   --> A              
     e(  8 -  8) =    -12.51835  eV     1   --> A              
     e(  9 -  9) =    -11.99691  eV     1   --> A              
     e( 10 - 10) =    -11.21687  eV     1   --> A              
     e( 11 - 11) =    -10.19048  eV     1   --> A              
     e( 12 - 12) =     -9.18207  eV     1   --> A              
     e( 13 - 13) =     -9.13496  eV     1   --> A              
     e( 14 - 14) =     -9.10378  eV     1   --> A              
     e( 15 - 15) =     -8.13402  eV     1   --> A              
     e( 16 - 16) =     -6.69678  eV     1   --> A              
     e( 17 - 17) =     -5.02324  eV     1   --> A              
     e( 18 - 18) =     -2.32862  eV     1   --> A              
     e( 19 - 19) =     -0.45675  eV     1   --> A              
     e( 20 - 20) =      1.37662  eV     1   --> A              
     e( 21 - 21) =      1.40141  eV     1   --> A              

 **************************************************************************

 **************************************************************************

                    xk=(   0.00000,   0.00000,   0.29250  )

     Band symmetry, C_1 (1)     point group:

     e(  1 -  1) =    -21.32495  eV     1   --> A              
     e(  2 -  2) =    -20.42315  eV     1   --> A              
     e(  3 -  3) =    -19.06192  eV     1   --> A              
     e(  4 -  4) =    -17.43202  eV     1   --> A              
     e(  5 -  5) =    -15.26799  eV     1   --> A              
     e(  6 -  6) =    -13.88791  eV     1   --> A              
     e(  7 -  7) =    -13.52278  eV     1   --> A              
     e(  8 -  8) =    -12.47281  eV     1   --> A              
     e(  9 -  9) =    -12.00036  eV     1   --> A              
     e( 10 - 10) =    -11.17178  eV     1   --> A              
     e( 11 - 11) =    -10.19465  eV     1   --> A              
     e( 12 - 12) =     -9.15188  eV     1   --> A              
     e( 13 - 13) =     -9.13286  eV     1   --> A              
     e( 14 - 14) =     -9.12362  eV     1   --> A              
     e( 15 - 15) =     -8.16187  eV     1   --> A              
     e( 16 - 16) =     -6.72294  eV     1   --> A              
     e( 17 - 17) =     -5.05121  eV     1   --> A              
     e( 18 - 18) =     -2.30100  eV     1   --> A              
     e( 19 - 19) =     -0.42474  eV     1   --> A              
     e( 20 - 20) =      1.37377  eV     1   --> A              
     e( 21 - 21) =      1.38883  eV     1   --> A              

 **************************************************************************

 **************************************************************************

                    xk=(   0.00000,   0.00000,   0.29000  )

     Band symmetry, C_1 (1)     point group:

     e(  1 -  1) =    -21.35000  eV     1   --> A              
     e(  2 -  2) =    -20.44784  eV     1   --> A              
     e(  3 -  3) =    -19.08578  eV     1   --> A              
     e(  4 -  4) =    -17.45488  eV     1   --> A              
     e(  5 -  5) =    -15.25437  eV     1   --> A              
     e(  6 -  6) =    -13.84979  eV     1   --> A              
     e(  7 -  7) =    -13.50591  eV     1   --> A              
     e(  8 -  8) =    -12.42729  eV     1   --> A              
     e(  9 -  9) =    -12.00321  eV     1   --> A              
     e( 10 - 10) =    -11.12645  eV     1   --> A              
     e( 11 - 11) =    -10.19864  eV     1   --> A              
     e( 12 - 12) =     -9.16172  eV     1   --> A              
     e( 13 - 13) =     -9.12221  eV     1   --> A              
     e( 14 - 14) =     -9.11203  eV     1   --> A              
     e( 15 - 15) =     -8.18955  eV     1   --> A              
     e( 16 - 16) =     -6.74900  eV     1   --> A              
     e( 17 - 17) =     -5.07903  eV     1   --> A              
     e( 18 - 18) =     -2.27369  eV     1   --> A              
     e( 19 - 19) =     -0.39305  eV     1   --> A              
     e( 20 - 20) =      1.34626  eV     1   --> A              
     e( 21 - 21) =      1.36360  eV     1   --> A              

 **************************************************************************

 **************************************************************************

                    xk=(   0.00000,   0.00000,   0.28750  )

     Band symmetry, C_1 (1)     point group:

     e(  1 -  1) =    -21.37484  eV     1   --> A              
     e(  2 -  2) =    -20.47233  eV     1   --> A              
     e(  3 -  3) =    -19.10946  eV     1   --> A              
     e(  4 -  4) =    -17.47755  eV     1   --> A              
     e(  5 -  5) =    -15.24219  eV     1   --> A              
     e(  6 -  6) =    -13.81242  eV     1   --> A              
     e(  7 -  7) =    -13.48750  eV     1   --> A              
     e(  8 -  8) =    -12.38181  eV     1   --> A              
     e(  9 -  9) =    -12.00535  eV     1   --> A              
     e( 10 - 10) =    -11.08091  eV     1   --> A              
     e( 11 - 11) =    -10.20246  eV     1   --> A              
     e( 12 - 12) =     -9.19038  eV     1   --> A              
     e( 13 - 13) =     -9.10234  eV     1   --> A              
     e( 14 - 14) =     -9.09093  eV     1   --> A              
     e( 15 - 15) =     -8.21705  eV     1   --> A              
     e( 16 - 16) =     -6.77495  eV     1   --> A              
     e( 17 - 17) =     -5.10670  eV     1   --> A              
     e( 18 - 18) =     -2.24672  eV     1   --> A              
     e( 19 - 19) =     -0.36171  eV     1   --> A              
     e( 20 - 20) =      1.31891  eV     1   --> A              
     e( 21 - 21) =      1.33847  eV     1   --> A              

 **************************************************************************

 **************************************************************************

                    xk=(   0.00000,   0.00000,   0.28500  )

     Band symmetry, C_1 (1)     point group:

     e(  1 -  1) =    -21.39947  eV     1   --> A              
     e(  2 -  2) =    -20.49662  eV     1   --> A              
     e(  3 -  3) =    -19.13296  eV     1   --> A              
     e(  4 -  4) =    -17.50004  eV     1   --> A              
     e(  5 -  5) =    -15.23142  eV     1   --> A              
     e(  6 -  6) =    -13.77585  eV     1   --> A              
     e(  7 -  7) =    -13.46755  eV     1   --> A              
     e(  8 -  8) =    -12.33641  eV     1   --> A              
     e(  9 -  9) =    -12.00670  eV     1   --> A              
     e( 10 - 10) =    -11.03521  eV     1   --> A              
     e( 11 - 11) =    -10.20608  eV     1   --> A              
     e( 12 - 12) =     -9.21881  eV     1   --> A              
     e( 13 - 13) =     -9.09110  eV     1   --> A              
     e( 14 - 14) =     -9.06150  eV     1   --> A              
     e( 15 - 15) =     -8.24437  eV     1   --> A              
     e( 16 - 16) =     -6.80078  eV     1   --> A              
     e( 17 - 17) =     -5.13421  eV     1   --> A              
     e( 18 - 18) =     -2.22008  eV     1   --> A              
     e( 19 - 19) =     -0.33072  eV     1   --> A              
     e( 20 - 20) =      1.29171  eV     1   --> A              
     e( 21 - 21) =      1.31344  eV     1   --> A              

 **************************************************************************

 **************************************************************************

                    xk=(   0.00000,   0.00000,   0.28250  )

     Band symmetry, C_1 (1)     point group:

     e(  1 -  1) =    -21.42390  eV     1   --> A              
     e(  2 -  2) =    -20.52071  eV     1   --> A              
     e(  3 -  3) =    -19.15627  eV     1   --> A              
     e(  4 -  4) =    -17.52235  eV     1   --> A              
     e(  5 -  5) =    -15.22205  eV     1   --> A              
     e(  6 -  6) =    -13.74015  eV     1   --> A              
     e(  7 -  7) =    -13.44609  eV     1   --> A              
     e(  8 -  8) =    -12.29111  eV     1   --> A              
     e(  9 -  9) =    -12.00717  eV     1   --> A              
     e( 10 - 10) =    -10.98938  eV     1   --> A              
     e( 11 - 11) =    -10.20949  eV     1   --> A              
     e( 12 - 12) =     -9.24704  eV     1   --> A              
     e( 13 - 13) =     -9.08027  eV     1   --> A              
     e( 14 - 14) =     -9.03193  eV     1   --> A              
     e( 15 - 15) =     -8.27150  eV     1   --> A              
     e( 16 - 16) =     -6.82649  eV     1   --> A              
     e( 17 - 17) =     -5.16155  eV     1   --> A              
     e( 18 - 18) =     -2.19379  eV     1   --> A              
     e( 19 - 19) =     -0.30011  eV     1   --> A              
     e( 20 - 20) =      1.26468  eV     1   --> A              
     e( 21 - 21) =      1.28851  eV     1   --> A              

 **************************************************************************

 **************************************************************************

                    xk=(   0.00000,   0.00000,   0.28000  )

     Band symmetry, C_1 (1)     point group:

     e(  1 -  1) =    -21.44813  eV     1   --> A              
     e(  2 -  2) =    -20.54460  eV     1   --> A              
     e(  3 -  3) =    -19.17940  eV     1   --> A              
     e(  4 -  4) =    -17.54448  eV     1   --> A              
     e(  5 -  5) =    -15.21402  eV     1   --> A              
     e(  6 -  6) =    -13.70537  eV     1   --> A              
     e(  7 -  7) =    -13.42315  eV     1   --> A              
     e(  8 -  8) =    -12.24595  eV     1   --> A              
     e(  9 -  9) =    -12.00670  eV     1   --> A              
     e( 10 - 10) =    -10.94345  eV     1   --> A              
     e( 11 - 11) =    -10.21267  eV     1   --> A              
     e( 12 - 12) =     -9.27504  eV     1   --> A              
     e( 13 - 13) =     -9.06961  eV     1   --> A              
     e( 14 - 14) =     -9.00248  eV     1   --> A              
     e( 15 - 15) =     -8.29845  eV     1   --> A              
     e( 16 - 16) =     -6.85208  eV     1   --> A              
     e( 17 - 17) =     -5.18872  eV     1   --> A              
     e( 18 - 18) =     -2.16786  eV     1   --> A              
     e( 19 - 19) =     -0.26988  eV     1   --> A              
     e( 20 - 20) =      1.23781  eV     1   --> A              
     e( 21 - 21) =      1.26367  eV     1   --> A              

 **************************************************************************

 **************************************************************************

                    xk=(   0.00000,   0.00000,   0.27750  )

     Band symmetry, C_1 (1)     point group:

     e(  1 -  1) =    -21.47215  eV     1   --> A              
     e(  2 -  2) =    -20.56829  eV     1   --> A              
     e(  3 -  3) =    -19.20234  eV     1   --> A              
     e(  4 -  4) =    -17.56643  eV     1   --> A              
     e(  5 -  5) =    -15.20732  eV     1   --> A              
     e(  6 -  6) =    -13.67158  eV     1   --> A              
     e(  7 -  7) =    -13.39877  eV     1   --> A              
     e(  8 -  8) =    -12.20095  eV     1   --> A              
     e(  9 -  9) =    -12.00519  eV     1   --> A              
     e( 10 - 10) =    -10.89744  eV     1   --> A              
     e( 11 - 11) =    -10.21559  eV     1   --> A              
     e( 12 - 12) =     -9.30283  eV     1   --> A              
     e( 13 - 13) =     -9.05909  eV     1   --> A              
     e( 14 - 14) =     -8.97319  eV     1   --> A              
     e( 15 - 15) =     -8.32522  eV     1   --> A              
     e( 16 - 16) =     -6.87753  eV     1   --> A              
     e( 17 - 17) =     -5.21573  eV     1   --> A              
     e( 18 - 18) =     -2.14228  eV     1   --> A              
     e( 19 - 19) =     -0.24006  eV     1   --> A              
     e( 20 - 20) =      1.21111  eV     1   --> A              
     e( 21 - 21) =      1.23894  eV     1   --> A              

 **************************************************************************

 **************************************************************************

                    xk=(   0.00000,   0.00000,   0.27500  )

     Band symmetry, C_1 (1)     point group:

     e(  1 -  1) =    -21.49596  eV     1   --> A              
     e(  2 -  2) =    -20.59178  eV     1   --> A              
     e(  3 -  3) =    -19.22510  eV     1   --> A              
     e(  4 -  4) =    -17.58819  eV     1   --> A              
     e(  5 -  5) =    -15.20188  eV     1   --> A              
     e(  6 -  6) =    -13.63884  eV     1   --> A              
     e(  7 -  7) =    -13.37298  eV     1   --> A              
     e(  8 -  8) =    -12.15613  eV     1   --> A              
     e(  9 -  9) =    -12.00259  eV     1   --> A              
     e( 10 - 10) =    -10.85137  eV     1   --> A              
     e( 11 - 11) =    -10.21825  eV     1   --> A              
     e( 12 - 12) =     -9.33039  eV     1   --> A              
     e( 13 - 13) =     -9.04869  eV     1   --> A              
     e( 14 - 14) =     -8.94405  eV     1   --> A              
     e( 15 - 15) =     -8.35179  eV     1   --> A              
     e( 16 - 16) =     -6.90285  eV     1   --> A              
     e( 17 - 17) =     -5.24255  eV     1   --> A              
     e( 18 - 18) =     -2.11708  eV     1   --> A              
     e( 19 - 19) =     -0.21066  eV     1   --> A              
     e( 20 - 20) =      1.18459  eV     1   --> A              
     e( 21 - 21) =      1.21431  eV     1   --> A              

 **************************************************************************

 **************************************************************************

                    xk=(   0.00000,   0.00000,   0.27250  )

     Band symmetry, C_1 (1)     point group:

     e(  1 -  1) =    -21.51957  eV     1   --> A              
     e(  2 -  2) =    -20.61506  eV     1   --> A              
     e(  3 -  3) =    -19.24767  eV     1   --> A              
     e(  4 -  4) =    -17.60976  eV     1   --> A              
     e(  5 -  5) =    -15.19766  eV     1   --> A              
     e(  6 -  6) =    -13.60720  eV     1   --> A              
     e(  7 -  7) =    -13.34585  eV     1   --> A              
     e(  8 -  8) =    -12.11154  eV     1   --> A              
     e(  9 -  9) =    -11.99881  eV     1   --> A              
     e( 10 - 10) =    -10.80526  eV     1   --> A              
     e( 11 - 11) =    -10.22061  eV     1   --> A              
     e( 12 - 12) =     -9.35774  eV     1   --> A              
     e( 13 - 13) =     -9.03840  eV     1   --> A              
     e( 14 - 14) =     -8.91509  eV     1   --> A              
     e( 15 - 15) =     -8.37817  eV     1   --> A              
     e( 16 - 16) =     -6.92803  eV     1   --> A              
     e( 17 - 17) =     -5.26920  eV     1   --> A              
     e( 18 - 18) =     -2.09224  eV     1   --> A              
     e( 19 - 19) =     -0.18169  eV     1   --> A              
     e( 20 - 20) =      1.15824  eV     1   --> A              
     e( 21 - 21) =      1.18978  eV     1   --> A              

 **************************************************************************

 **************************************************************************

                    xk=(   0.00000,   0.00000,   0.27000  )

     Band symmetry, C_1 (1)     point group:

     e(  1 -  1) =    -21.54297  eV     1   --> A              
     e(  2 -  2) =    -20.63815  eV     1   --> A              
     e(  3 -  3) =    -19.27004  eV     1   --> A              
     e(  4 -  4) =    -17.63115  eV     1   --> A              
     e(  5 -  5) =    -15.19460  eV     1   --> A              
     e(  6 -  6) =    -13.57674  eV     1   --> A              
     e(  7 -  7) =    -13.31742  eV     1   --> A              
     e(  8 -  8) =    -12.06720  eV     1   --> A              
     e(  9 -  9) =    -11.99380  eV     1   --> A              
     e( 10 - 10) =    -10.75914  eV     1   --> A              
     e( 11 - 11) =    -10.22266  eV     1   --> A              
     e( 12 - 12) =     -9.38486  eV     1   --> A              
     e( 13 - 13) =     -9.02822  eV     1   --> A              
     e( 14 - 14) =     -8.88631  eV     1   --> A              
     e( 15 - 15) =     -8.40436  eV     1   --> A              
     e( 16 - 16) =     -6.95307  eV     1   --> A              
     e( 17 - 17) =     -5.29567  eV     1   --> A              
     e( 18 - 18) =     -2.06778  eV     1   --> A              
     e( 19 - 19) =     -0.15317  eV     1   --> A              
     e( 20 - 20) =      1.13207  eV     1   --> A              
     e( 21 - 21) =      1.16536  eV     1   --> A              

 **************************************************************************

 **************************************************************************

                    xk=(   0.00000,   0.00000,   0.26750  )

     Band symmetry, C_1 (1)     point group:

     e(  1 -  1) =    -21.56616  eV     1   --> A              
     e(  2 -  2) =    -20.66103  eV     1   --> A              
     e(  3 -  3) =    -19.29223  eV     1   --> A              
     e(  4 -  4) =    -17.65236  eV     1   --> A              
     e(  5 -  5) =    -15.19264  eV     1   --> A              
     e(  6 -  6) =    -13.54751  eV     1   --> A              
     e(  7 -  7) =    -13.28775  eV     1   --> A              
     e(  8 -  8) =    -12.02315  eV     1   --> A              
     e(  9 -  9) =    -11.98748  eV     1   --> A              
     e( 10 - 10) =    -10.71301  eV     1   --> A              
     e( 11 - 11) =    -10.22436  eV     1   --> A              
     e( 12 - 12) =     -9.41177  eV     1   --> A              
     e( 13 - 13) =     -9.01815  eV     1   --> A              
     e( 14 - 14) =     -8.85770  eV     1   --> A              
     e( 15 - 15) =     -8.43035  eV     1   --> A              
     e( 16 - 16) =     -6.97795  eV     1   --> A              
     e( 17 - 17) =     -5.32195  eV     1   --> A              
     e( 18 - 18) =     -2.04371  eV     1   --> A              
     e( 19 - 19) =     -0.12512  eV     1   --> A              
     e( 20 - 20) =      1.10608  eV     1   --> A              
     e( 21 - 21) =      1.14106  eV     1   --> A              

 **************************************************************************

 **************************************************************************

                    xk=(   0.00000,   0.00000,   0.26500  )

     Band symmetry, C_1 (1)     point group:

     e(  1 -  1) =    -21.58914  eV     1   --> A              
     e(  2 -  2) =    -20.68371  eV     1   --> A              
     e(  3 -  3) =    -19.31423  eV     1   --> A              
     e(  4 -  4) =    -17.67338  eV     1   --> A              
     e(  5 -  5) =    -15.19174  eV     1   --> A              
     e(  6 -  6) =    -13.51955  eV     1   --> A              
     e(  7 -  7) =    -13.25690  eV     1   --> A              
     e(  8 -  8) =    -11.98050  eV     1   --> A              
     e(  9 -  9) =    -11.97871  eV     1   --> A              
     e( 10 - 10) =    -10.66689  eV     1   --> A              
     e( 11 - 11) =    -10.22569  eV     1   --> A              
     e( 12 - 12) =     -9.43845  eV     1   --> A              
     e( 13 - 13) =     -9.00817  eV     1   --> A              
     e( 14 - 14) =     -8.82928  eV     1   --> A              
     e( 15 - 15) =     -8.45615  eV     1   --> A              
     e( 16 - 16) =     -7.00268  eV     1   --> A              
     e( 17 - 17) =     -5.34805  eV     1   --> A              
     e( 18 - 18) =     -2.02002  eV     1   --> A              
     e( 19 - 19) =     -0.09754  eV     1   --> A              
     e( 20 - 20) =      1.08027  eV     1   --> A              
     e( 21 - 21) =      1.11687  eV     1   --> A              

 **************************************************************************

 **************************************************************************

                    xk=(   0.00000,   0.00000,   0.26250  )

     Band symmetry, C_1 (1)     point group:

     e(  1 -  1) =    -21.61192  eV     1   --> A              
     e(  2 -  2) =    -20.70619  eV     1   --> A              
     e(  3 -  3) =    -19.33604  eV     1   --> A              
     e(  4 -  4) =    -17.69421  eV     1   --> A              
     e(  5 -  5) =    -15.19182  eV     1   --> A              
     e(  6 -  6) =    -13.49294  eV     1   --> A              
     e(  7 -  7) =    -13.22493  eV     1   --> A              
     e(  8 -  8) =    -11.97077  eV     1   --> A              
     e(  9 -  9) =    -11.93596  eV     1   --> A              
     e( 10 - 10) =    -10.62080  eV     1   --> A              
     e( 11 - 11) =    -10.22662  eV     1   --> A              
     e( 12 - 12) =     -9.46490  eV     1   --> A              
     e( 13 - 13) =     -8.99829  eV     1   --> A              
     e( 14 - 14) =     -8.80105  eV     1   --> A              
     e( 15 - 15) =     -8.48174  eV     1   --> A              
     e( 16 - 16) =     -7.02725  eV     1   --> A              
     e( 17 - 17) =     -5.37395  eV     1   --> A              
     e( 18 - 18) =     -1.99673  eV     1   --> A              
     e( 19 - 19) =     -0.07046  eV     1   --> A              
     e( 20 - 20) =      1.05464  eV     1   --> A              
     e( 21 - 21) =      1.09280  eV     1   --> A              

 **************************************************************************

 **************************************************************************

                    xk=(   0.00000,   0.00000,   0.26000  )

     Band symmetry, C_1 (1)     point group:

     e(  1 -  1) =    -21.63448  eV     1   --> A              
     e(  2 -  2) =    -20.72846  eV     1   --> A              
     e(  3 -  3) =    -19.35766  eV     1   --> A              
     e(  4 -  4) =    -17.71485  eV     1   --> A              
     e(  5 -  5) =    -15.19283  eV     1   --> A              
     e(  6 -  6) =    -13.46770  eV     1   --> A              
     e(  7 -  7) =    -13.19191  eV     1   --> A              
     e(  8 -  8) =    -11.96023  eV     1   --> A              
     e(  9 -  9) =    -11.89297  eV     1   --> A              
     e( 10 - 10) =    -10.57474  eV     1   --> A              
     e( 11 - 11) =    -10.22712  eV     1   --> A              
     e( 12 - 12) =     -9.49113  eV     1   --> A              
     e( 13 - 13) =     -8.98849  eV     1   --> A              
     e( 14 - 14) =     -8.77301  eV     1   --> A              
     e( 15 - 15) =     -8.50714  eV     1   --> A              
     e( 16 - 16) =     -7.05167  eV     1   --> A              
     e( 17 - 17) =     -5.39966  eV     1   --> A              
     e( 18 - 18) =     -1.97383  eV     1   --> A              
     e( 19 - 19) =     -0.04388  eV     1   --> A              
     e( 20 - 20) =      1.02920  eV     1   --> A              
     e( 21 - 21) =      1.06885  eV     1   --> A              

 **************************************************************************

 **************************************************************************

                    xk=(   0.00000,   0.00000,   0.25750  )

     Band symmetry, C_1 (1)     point group:

     e(  1 -  1) =    -21.65684  eV     1   --> A              
     e(  2 -  2) =    -20.75053  eV     1   --> A              
     e(  3 -  3) =    -19.37908  eV     1   --> A              
     e(  4 -  4) =    -17.73531  eV     1   --> A              
     e(  5 -  5) =    -15.19471  eV     1   --> A              
     e(  6 -  6) =    -13.44387  eV     1   --> A              
     e(  7 -  7) =    -13.15789  eV     1   --> A              
     e(  8 -  8) =    -11.94820  eV     1   --> A              
     e(  9 -  9) =    -11.85040  eV     1   --> A              
     e( 10 - 10) =    -10.52874  eV     1   --> A              
     e( 11 - 11) =    -10.22715  eV     1   --> A              
     e( 12 - 12) =     -9.51714  eV     1   --> A              
     e( 13 - 13) =     -8.97877  eV     1   --> A              
     e( 14 - 14) =     -8.74517  eV     1   --> A              
     e( 15 - 15) =     -8.53233  eV     1   --> A              
     e( 16 - 16) =     -7.07591  eV     1   --> A              
     e( 17 - 17) =     -5.42517  eV     1   --> A              
     e( 18 - 18) =     -1.95133  eV     1   --> A              
     e( 19 - 19) =     -0.01782  eV     1   --> A              
     e( 20 - 20) =      1.00394  eV     1   --> A              
     e( 21 - 21) =      1.04502  eV     1   --> A              

 **************************************************************************

 **************************************************************************

                    xk=(   0.00000,   0.00000,   0.25500  )

     Band symmetry, C_1 (1)     point group:

     e(  1 -  1) =    -21.67900  eV     1   --> A              
     e(  2 -  2) =    -20.77240  eV     1   --> A              
     e(  3 -  3) =    -19.40031  eV     1   --> A              
     e(  4 -  4) =    -17.75558  eV     1   --> A              
     e(  5 -  5) =    -15.19740  eV     1   --> A              
     e(  6 -  6) =    -13.42149  eV     1   --> A              
     e(  7 -  7) =    -13.12293  eV     1   --> A              
     e(  8 -  8) =    -11.93465  eV     1   --> A              
     e(  9 -  9) =    -11.80829  eV     1   --> A              
     e( 10 - 10) =    -10.48281  eV     1   --> A              
     e( 11 - 11) =    -10.22667  eV     1   --> A              
     e( 12 - 12) =     -9.54291  eV     1   --> A              
     e( 13 - 13) =     -8.96912  eV     1   --> A              
     e( 14 - 14) =     -8.71752  eV     1   --> A              
     e( 15 - 15) =     -8.55731  eV     1   --> A              
     e( 16 - 16) =     -7.09999  eV     1   --> A              
     e( 17 - 17) =     -5.45048  eV     1   --> A              
     e( 18 - 18) =     -1.92923  eV     1   --> A              
     e( 19 - 19) =      0.00771  eV     1   --> A              
     e( 20 - 20) =      0.97886  eV     1   --> A              
     e( 21 - 21) =      1.02133  eV     1   --> A              

 **************************************************************************

 **************************************************************************

                    xk=(   0.00000,   0.00000,   0.25250  )

     Band symmetry, C_1 (1)     point group:

     e(  1 -  1) =    -21.70094  eV     1   --> A              
     e(  2 -  2) =    -20.79406  eV     1   --> A              
     e(  3 -  3) =    -19.42135  eV     1   --> A              
     e(  4 -  4) =    -17.77565  eV     1   --> A              
     e(  5 -  5) =    -15.20085  eV     1   --> A              
     e(  6 -  6) =    -13.40057  eV     1   --> A              
     e(  7 -  7) =    -13.08710  eV     1   --> A              
     e(  8 -  8) =    -11.91956  eV     1   --> A              
     e(  9 -  9) =    -11.76670  eV     1   --> A              
     e( 10 - 10) =    -10.43697  eV     1   --> A              
     e( 11 - 11) =    -10.22565  eV     1   --> A              
     e( 12 - 12) =     -9.56846  eV     1   --> A              
     e( 13 - 13) =     -8.95954  eV     1   --> A              
     e( 14 - 14) =     -8.69008  eV     1   --> A              
     e( 15 - 15) =     -8.58209  eV     1   --> A              
     e( 16 - 16) =     -7.12390  eV     1   --> A              
     e( 17 - 17) =     -5.47559  eV     1   --> A              
     e( 18 - 18) =     -1.90754  eV     1   --> A              
     e( 19 - 19) =      0.03270  eV     1   --> A              
     e( 20 - 20) =      0.95398  eV     1   --> A              
     e( 21 - 21) =      0.99776  eV     1   --> A              

 **************************************************************************

 **************************************************************************

                    xk=(   0.00000,   0.00000,   0.25000  )

     Band symmetry, C_1 (1)     point group:

     e(  1 -  1) =    -21.72267  eV     1   --> A              
     e(  2 -  2) =    -20.81551  eV     1   --> A              
     e(  3 -  3) =    -19.44219  eV     1   --> A              
     e(  4 -  4) =    -17.79554  eV     1   --> A              
     e(  5 -  5) =    -15.20500  eV     1   --> A              
     e(  6 -  6) =    -13.38113  eV     1   --> A              
     e(  7 -  7) =    -13.05045  eV     1   --> A              
     e(  8 -  8) =    -11.90291  eV     1   --> A              
     e(  9 -  9) =    -11.72568  eV     1   --> A              
     e( 10 - 10) =    -10.39122  eV     1   --> A              
     e( 11 - 11) =    -10.22404  eV     1   --> A              
     e( 12 - 12) =     -9.59378  eV     1   --> A              
     e( 13 - 13) =     -8.95001  eV     1   --> A              
     e( 14 - 14) =     -8.66284  eV     1   --> A              
     e( 15 - 15) =     -8.60666  eV     1   --> A              
     e( 16 - 16) =     -7.14763  eV     1   --> A              
     e( 17 - 17) =     -5.50050  eV     1   --> A              
     e( 18 - 18) =     -1.88625  eV     1   --> A              
     e( 19 - 19) =      0.05712  eV     1   --> A              
     e( 20 - 20) =      0.92928  eV     1   --> A              
     e( 21 - 21) =      0.97433  eV     1   --> A              

 **************************************************************************

 **************************************************************************

                    xk=(   0.00000,   0.00000,   0.24750  )

     Band symmetry, C_1 (1)     point group:

     e(  1 -  1) =    -21.74419  eV     1   --> A              
     e(  2 -  2) =    -20.83676  eV     1   --> A              
     e(  3 -  3) =    -19.46284  eV     1   --> A              
     e(  4 -  4) =    -17.81525  eV     1   --> A              
     e(  5 -  5) =    -15.20980  eV     1   --> A              
     e(  6 -  6) =    -13.36317  eV     1   --> A              
     e(  7 -  7) =    -13.01304  eV     1   --> A              
     e(  8 -  8) =    -11.88471  eV     1   --> A              
     e(  9 -  9) =    -11.68526  eV     1   --> A              
     e( 10 - 10) =    -10.34558  eV     1   --> A              
     e( 11 - 11) =    -10.22180  eV     1   --> A              
     e( 12 - 12) =     -9.61887  eV     1   --> A              
     e( 13 - 13) =     -8.94053  eV     1   --> A              
     e( 14 - 14) =     -8.63581  eV     1   --> A              
     e( 15 - 15) =     -8.63103  eV     1   --> A              
     e( 16 - 16) =     -7.17119  eV     1   --> A              
     e( 17 - 17) =     -5.52520  eV     1   --> A              
     e( 18 - 18) =     -1.86537  eV     1   --> A              
     e( 19 - 19) =      0.08099  eV     1   --> A              
     e( 20 - 20) =      0.90477  eV     1   --> A              
     e( 21 - 21) =      0.95104  eV     1   --> A              

 **************************************************************************

 **************************************************************************

                    xk=(   0.00000,   0.00000,   0.24500  )

     Band symmetry, C_1 (1)     point group:

     e(  1 -  1) =    -21.76551  eV     1   --> A              
     e(  2 -  2) =    -20.85781  eV     1   --> A              
     e(  3 -  3) =    -19.48329  eV     1   --> A              
     e(  4 -  4) =    -17.83476  eV     1   --> A              
     e(  5 -  5) =    -15.21520  eV     1   --> A              
     e(  6 -  6) =    -13.34668  eV     1   --> A              
     e(  7 -  7) =    -12.97492  eV     1   --> A              
     e(  8 -  8) =    -11.86498  eV     1   --> A              
     e(  9 -  9) =    -11.64551  eV     1   --> A              
     e( 10 - 10) =    -10.30008  eV     1   --> A              
     e( 11 - 11) =    -10.21886  eV     1   --> A              
     e( 12 - 12) =     -9.64373  eV     1   --> A              
     e( 13 - 13) =     -8.93109  eV     1   --> A              
     e( 14 - 14) =     -8.65518  eV     1   --> A              
     e( 15 - 15) =     -8.60898  eV     1   --> A              
     e( 16 - 16) =     -7.19456  eV     1   --> A              
     e( 17 - 17) =     -5.54969  eV     1   --> A              
     e( 18 - 18) =     -1.84490  eV     1   --> A              
     e( 19 - 19) =      0.10427  eV     1   --> A              
     e( 20 - 20) =      0.88045  eV     1   --> A              
     e( 21 - 21) =      0.92790  eV     1   --> A              

 **************************************************************************

 **************************************************************************

                    xk=(   0.00000,   0.00000,   0.24250  )

     Band symmetry, C_1 (1)     point group:

     e(  1 -  1) =    -21.78661  eV     1   --> A              
     e(  2 -  2) =    -20.87865  eV     1   --> A              
     e(  3 -  3) =    -19.50355  eV     1   --> A              
     e(  4 -  4) =    -17.85407  eV     1   --> A              
     e(  5 -  5) =    -15.22115  eV     1   --> A              
     e(  6 -  6) =    -13.33164  eV     1   --> A              
     e(  7 -  7) =    -12.93614  eV     1   --> A              
     e(  8 -  8) =    -11.84372  eV     1   --> A              
     e(  9 -  9) =    -11.60648  eV     1   --> A              
     e( 10 - 10) =    -10.25474  eV     1   --> A              
     e( 11 - 11) =    -10.21518  eV     1   --> A              
     e( 12 - 12) =     -9.66836  eV     1   --> A              
     e( 13 - 13) =     -8.92168  eV     1   --> A              
     e( 14 - 14) =     -8.67912  eV     1   --> A              
     e( 15 - 15) =     -8.58238  eV     1   --> A              
     e( 16 - 16) =     -7.21776  eV     1   --> A              
     e( 17 - 17) =     -5.57398  eV     1   --> A              
     e( 18 - 18) =     -1.82484  eV     1   --> A              
     e( 19 - 19) =      0.12696  eV     1   --> A              
     e( 20 - 20) =      0.85633  eV     1   --> A              
     e( 21 - 21) =      0.90490  eV     1   --> A              

 **************************************************************************

 **************************************************************************

                    xk=(   0.00000,   0.00000,   0.24000  )

     Band symmetry, C_1 (1)     point group:

     e(  1 -  1) =    -21.80751  eV     1   --> A              
     e(  2 -  2) =    -20.89928  eV     1   --> A              
     e(  3 -  3) =    -19.52361  eV     1   --> A              
     e(  4 -  4) =    -17.87320  eV     1   --> A              
     e(  5 -  5) =    -15.22761  eV     1   --> A              
     e(  6 -  6) =    -13.31802  eV     1   --> A              
     e(  7 -  7) =    -12.89675  eV     1   --> A              
     e(  8 -  8) =    -11.82097  eV     1   --> A              
     e(  9 -  9) =    -11.56823  eV     1   --> A              
     e( 10 - 10) =    -10.21151  eV     1   --> A              
     e( 11 - 11) =    -10.20875  eV     1   --> A              
     e( 12 - 12) =     -9.69275  eV     1   --> A              
     e( 13 - 13) =     -8.91228  eV     1   --> A              
     e( 14 - 14) =     -8.70285  eV     1   --> A              
     e( 15 - 15) =     -8.55599  eV     1   --> A              
     e( 16 - 16) =     -7.24076  eV     1   --> A              
     e( 17 - 17) =     -5.59805  eV     1   --> A              
     e( 18 - 18) =     -1.80519  eV     1   --> A              
     e( 19 - 19) =      0.14904  eV     1   --> A              
     e( 20 - 20) =      0.83240  eV     1   --> A              
     e( 21 - 21) =      0.88204  eV     1   --> A              

 **************************************************************************

 **************************************************************************

                    xk=(   0.00000,   0.00000,   0.23750  )

     Band symmetry, C_1 (1)     point group:

     e(  1 -  1) =    -21.82819  eV     1   --> A              
     e(  2 -  2) =    -20.91971  eV     1   --> A              
     e(  3 -  3) =    -19.54347  eV     1   --> A              
     e(  4 -  4) =    -17.89214  eV     1   --> A              
     e(  5 -  5) =    -15.23454  eV     1   --> A              
     e(  6 -  6) =    -13.30580  eV     1   --> A              
     e(  7 -  7) =    -12.85681  eV     1   --> A              
     e(  8 -  8) =    -11.79677  eV     1   --> A              
     e(  9 -  9) =    -11.53081  eV     1   --> A              
     e( 10 - 10) =    -10.20551  eV     1   --> A              
     e( 11 - 11) =    -10.16444  eV     1   --> A              
     e( 12 - 12) =     -9.71692  eV     1   --> A              
     e( 13 - 13) =     -8.90288  eV     1   --> A              
     e( 14 - 14) =     -8.72636  eV     1   --> A              
     e( 15 - 15) =     -8.52982  eV     1   --> A              
     e( 16 - 16) =     -7.26358  eV     1   --> A              
     e( 17 - 17) =     -5.62190  eV     1   --> A              
     e( 18 - 18) =     -1.78595  eV     1   --> A              
     e( 19 - 19) =      0.17052  eV     1   --> A              
     e( 20 - 20) =      0.80867  eV     1   --> A              
     e( 21 - 21) =      0.85934  eV     1   --> A              

 **************************************************************************

 **************************************************************************

                    xk=(   0.00000,   0.00000,   0.23500  )

     Band symmetry, C_1 (1)     point group:

     e(  1 -  1) =    -21.84866  eV     1   --> A              
     e(  2 -  2) =    -20.93993  eV     1   --> A              
     e(  3 -  3) =    -19.56313  eV     1   --> A              
     e(  4 -  4) =    -17.91089  eV     1   --> A              
     e(  5 -  5) =    -15.24189  eV     1   --> A              
     e(  6 -  6) =    -13.29491  eV     1   --> A              
     e(  7 -  7) =    -12.81636  eV     1   --> A              
     e(  8 -  8) =    -11.77117  eV     1   --> A              
     e(  9 -  9) =    -11.49430  eV     1   --> A              
     e( 10 - 10) =    -10.19930  eV     1   --> A              
     e( 11 - 11) =    -10.11964  eV     1   --> A              
     e( 12 - 12) =     -9.74085  eV     1   --> A              
     e( 13 - 13) =     -8.89347  eV     1   --> A              
     e( 14 - 14) =     -8.74965  eV     1   --> A              
     e( 15 - 15) =     -8.50387  eV     1   --> A              
     e( 16 - 16) =     -7.28621  eV     1   --> A              
     e( 17 - 17) =     -5.64555  eV     1   --> A              
     e( 18 - 18) =     -1.76713  eV     1   --> A              
     e( 19 - 19) =      0.19137  eV     1   --> A              
     e( 20 - 20) =      0.78513  eV     1   --> A              
     e( 21 - 21) =      0.83680  eV     1   --> A              

 **************************************************************************

 **************************************************************************

                    xk=(   0.00000,   0.00000,   0.23250  )

     Band symmetry, C_1 (1)     point group:

     e(  1 -  1) =    -21.86892  eV     1   --> A              
     e(  2 -  2) =    -20.95994  eV     1   --> A              
     e(  3 -  3) =    -19.58259  eV     1   --> A              
     e(  4 -  4) =    -17.92944  eV     1   --> A              
     e(  5 -  5) =    -15.24963  eV     1   --> A              
     e(  6 -  6) =    -13.28533  eV     1   --> A              
     e(  7 -  7) =    -12.77543  eV     1   --> A              
     e(  8 -  8) =    -11.74421  eV     1   --> A              
     e(  9 -  9) =    -11.45874  eV     1   --> A              
     e( 10 - 10) =    -10.19214  eV     1   --> A              
     e( 11 - 11) =    -10.07505  eV     1   --> A              
     e( 12 - 12) =     -9.76454  eV     1   --> A              
     e( 13 - 13) =     -8.88403  eV     1   --> A              
     e( 14 - 14) =     -8.77273  eV     1   --> A              
     e( 15 - 15) =     -8.47815  eV     1   --> A              
     e( 16 - 16) =     -7.30865  eV     1   --> A              
     e( 17 - 17) =     -5.66897  eV     1   --> A              
     e( 18 - 18) =     -1.74871  eV     1   --> A              
     e( 19 - 19) =      0.21159  eV     1   --> A              
     e( 20 - 20) =      0.76179  eV     1   --> A              
     e( 21 - 21) =      0.81441  eV     1   --> A              

 **************************************************************************

 **************************************************************************

                    xk=(   0.00000,   0.00000,   0.23000  )

     Band symmetry, C_1 (1)     point group:

     e(  1 -  1) =    -21.88898  eV     1   --> A              
     e(  2 -  2) =    -20.97974  eV     1   --> A              
     e(  3 -  3) =    -19.60186  eV     1   --> A              
     e(  4 -  4) =    -17.94781  eV     1   --> A              
     e(  5 -  5) =    -15.25772  eV     1   --> A              
     e(  6 -  6) =    -13.27698  eV     1   --> A              
     e(  7 -  7) =    -12.73408  eV     1   --> A              
     e(  8 -  8) =    -11.71597  eV     1   --> A              
     e(  9 -  9) =    -11.42422  eV     1   --> A              
     e( 10 - 10) =    -10.18395  eV     1   --> A              
     e( 11 - 11) =    -10.03070  eV     1   --> A              
     e( 12 - 12) =     -9.78800  eV     1   --> A              
     e( 13 - 13) =     -8.87455  eV     1   --> A              
     e( 14 - 14) =     -8.79559  eV     1   --> A              
     e( 15 - 15) =     -8.45266  eV     1   --> A              
     e( 16 - 16) =     -7.33088  eV     1   --> A              
     e( 17 - 17) =     -5.69217  eV     1   --> A              
     e( 18 - 18) =     -1.73071  eV     1   --> A              
     e( 19 - 19) =      0.23117  eV     1   --> A              
     e( 20 - 20) =      0.73865  eV     1   --> A              
     e( 21 - 21) =      0.79219  eV     1   --> A              

 **************************************************************************

 **************************************************************************

                    xk=(   0.00000,   0.00000,   0.22750  )

     Band symmetry, C_1 (1)     point group:

     e(  1 -  1) =    -21.90882  eV     1   --> A              
     e(  2 -  2) =    -20.99934  eV     1   --> A              
     e(  3 -  3) =    -19.62093  eV     1   --> A              
     e(  4 -  4) =    -17.96598  eV     1   --> A              
     e(  5 -  5) =    -15.26613  eV     1   --> A              
     e(  6 -  6) =    -13.26982  eV     1   --> A              
     e(  7 -  7) =    -12.69234  eV     1   --> A              
     e(  8 -  8) =    -11.68649  eV     1   --> A              
     e(  9 -  9) =    -11.39078  eV     1   --> A              
     e( 10 - 10) =    -10.17469  eV     1   --> A              
     e( 11 - 11) =     -9.98662  eV     1   --> A              
     e( 12 - 12) =     -9.81123  eV     1   --> A              
     e( 13 - 13) =     -8.86500  eV     1   --> A              
     e( 14 - 14) =     -8.81823  eV     1   --> A              
     e( 15 - 15) =     -8.42740  eV     1   --> A              
     e( 16 - 16) =     -7.35293  eV     1   --> A              
     e( 17 - 17) =     -5.71516  eV     1   --> A              
     e( 18 - 18) =     -1.71312  eV     1   --> A              
     e( 19 - 19) =      0.25009  eV     1   --> A              
     e( 20 - 20) =      0.71570  eV     1   --> A              
     e( 21 - 21) =      0.77013  eV     1   --> A              

 **************************************************************************

 **************************************************************************

                    xk=(   0.00000,   0.00000,   0.22500  )

     Band symmetry, C_1 (1)     point group:

     e(  1 -  1) =    -21.92844  eV     1   --> A              
     e(  2 -  2) =    -21.01873  eV     1   --> A              
     e(  3 -  3) =    -19.63979  eV     1   --> A              
     e(  4 -  4) =    -17.98395  eV     1   --> A              
     e(  5 -  5) =    -15.27483  eV     1   --> A              
     e(  6 -  6) =    -13.26378  eV     1   --> A              
     e(  7 -  7) =    -12.65025  eV     1   --> A              
     e(  8 -  8) =    -11.65585  eV     1   --> A              
     e(  9 -  9) =    -11.35849  eV     1   --> A              
     e( 10 - 10) =    -10.16429  eV     1   --> A              
     e( 11 - 11) =     -9.94282  eV     1   --> A              
     e( 12 - 12) =     -9.83421  eV     1   --> A              
     e( 13 - 13) =     -8.85536  eV     1   --> A              
     e( 14 - 14) =     -8.84065  eV     1   --> A              
     e( 15 - 15) =     -8.40238  eV     1   --> A              
     e( 16 - 16) =     -7.37477  eV     1   --> A              
     e( 17 - 17) =     -5.73792  eV     1   --> A              
     e( 18 - 18) =     -1.69593  eV     1   --> A              
     e( 19 - 19) =      0.26835  eV     1   --> A              
     e( 20 - 20) =      0.69296  eV     1   --> A              
     e( 21 - 21) =      0.74824  eV     1   --> A              

 **************************************************************************

 **************************************************************************

                    xk=(   0.00000,   0.00000,   0.22250  )

     Band symmetry, C_1 (1)     point group:

     e(  1 -  1) =    -21.94786  eV     1   --> A              
     e(  2 -  2) =    -21.03791  eV     1   --> A              
     e(  3 -  3) =    -19.65846  eV     1   --> A              
     e(  4 -  4) =    -18.00174  eV     1   --> A              
     e(  5 -  5) =    -15.28379  eV     1   --> A              
     e(  6 -  6) =    -13.25879  eV     1   --> A              
     e(  7 -  7) =    -12.60785  eV     1   --> A              
     e(  8 -  8) =    -11.62412  eV     1   --> A              
     e(  9 -  9) =    -11.32741  eV     1   --> A              
     e( 10 - 10) =    -10.15270  eV     1   --> A              
     e( 11 - 11) =     -9.89936  eV     1   --> A              
     e( 12 - 12) =     -9.85697  eV     1   --> A              
     e( 13 - 13) =     -8.86285  eV     1   --> A              
     e( 14 - 14) =     -8.84562  eV     1   --> A              
     e( 15 - 15) =     -8.37759  eV     1   --> A              
     e( 16 - 16) =     -7.39641  eV     1   --> A              
     e( 17 - 17) =     -5.76046  eV     1   --> A              
     e( 18 - 18) =     -1.67915  eV     1   --> A              
     e( 19 - 19) =      0.28595  eV     1   --> A              
     e( 20 - 20) =      0.67043  eV     1   --> A              
     e( 21 - 21) =      0.72651  eV     1   --> A              

 **************************************************************************

 **************************************************************************

                    xk=(   0.00000,   0.00000,   0.22000  )

     Band symmetry, C_1 (1)     point group:

     e(  1 -  1) =    -21.96707  eV     1   --> A              
     e(  2 -  2) =    -21.05688  eV     1   --> A              
     e(  3 -  3) =    -19.67693  eV     1   --> A              
     e(  4 -  4) =    -18.01933  eV     1   --> A              
     e(  5 -  5) =    -15.29298  eV     1   --> A              
     e(  6 -  6) =    -13.25480  eV     1   --> A              
     e(  7 -  7) =    -12.56517  eV     1   --> A              
     e(  8 -  8) =    -11.59137  eV     1   --> A              
     e(  9 -  9) =    -11.29759  eV     1   --> A              
     e( 10 - 10) =    -10.13986  eV     1   --> A              
     e( 11 - 11) =     -9.87948  eV     1   --> A              
     e( 12 - 12) =     -9.85625  eV     1   --> A              
     e( 13 - 13) =     -8.88482  eV     1   --> A              
     e( 14 - 14) =     -8.83574  eV     1   --> A              
     e( 15 - 15) =     -8.35304  eV     1   --> A              
     e( 16 - 16) =     -7.41785  eV     1   --> A              
     e( 17 - 17) =     -5.78278  eV     1   --> A              
     e( 18 - 18) =     -1.66277  eV     1   --> A              
     e( 19 - 19) =      0.30287  eV     1   --> A              
     e( 20 - 20) =      0.64809  eV     1   --> A              
     e( 21 - 21) =      0.70497  eV     1   --> A              

 **************************************************************************

 **************************************************************************

                    xk=(   0.00000,   0.00000,   0.21750  )

     Band symmetry, C_1 (1)     point group:

     e(  1 -  1) =    -21.98606  eV     1   --> A              
     e(  2 -  2) =    -21.07565  eV     1   --> A              
     e(  3 -  3) =    -19.69519  eV     1   --> A              
     e(  4 -  4) =    -18.03673  eV     1   --> A              
     e(  5 -  5) =    -15.30237  eV     1   --> A              
     e(  6 -  6) =    -13.25174  eV     1   --> A              
     e(  7 -  7) =    -12.52225  eV     1   --> A              
     e(  8 -  8) =    -11.55765  eV     1   --> A              
     e(  9 -  9) =    -11.26908  eV     1   --> A              
     e( 10 - 10) =    -10.12574  eV     1   --> A              
     e( 11 - 11) =     -9.90175  eV     1   --> A              
     e( 12 - 12) =     -9.81353  eV     1   --> A              
     e( 13 - 13) =     -8.90657  eV     1   --> A              
     e( 14 - 14) =     -8.82570  eV     1   --> A              
     e( 15 - 15) =     -8.32874  eV     1   --> A              
     e( 16 - 16) =     -7.43908  eV     1   --> A              
     e( 17 - 17) =     -5.80487  eV     1   --> A              
     e( 18 - 18) =     -1.64680  eV     1   --> A              
     e( 19 - 19) =      0.31910  eV     1   --> A              
     e( 20 - 20) =      0.62597  eV     1   --> A              
     e( 21 - 21) =      0.68360  eV     1   --> A              

 **************************************************************************

 **************************************************************************

                    xk=(   0.00000,   0.00000,   0.21500  )

     Band symmetry, C_1 (1)     point group:

     e(  1 -  1) =    -22.00484  eV     1   --> A              
     e(  2 -  2) =    -21.09421  eV     1   --> A              
     e(  3 -  3) =    -19.71326  eV     1   --> A              
     e(  4 -  4) =    -18.05394  eV     1   --> A              
     e(  5 -  5) =    -15.31195  eV     1   --> A              
     e(  6 -  6) =    -13.24955  eV     1   --> A              
     e(  7 -  7) =    -12.47911  eV     1   --> A              
     e(  8 -  8) =    -11.52305  eV     1   --> A              
     e(  9 -  9) =    -11.24191  eV     1   --> A              
     e( 10 - 10) =    -10.11029  eV     1   --> A              
     e( 11 - 11) =     -9.92379  eV     1   --> A              
     e( 12 - 12) =     -9.77123  eV     1   --> A              
     e( 13 - 13) =     -8.92809  eV     1   --> A              
     e( 14 - 14) =     -8.81547  eV     1   --> A              
     e( 15 - 15) =     -8.30468  eV     1   --> A              
     e( 16 - 16) =     -7.46010  eV     1   --> A              
     e( 17 - 17) =     -5.82673  eV     1   --> A              
     e( 18 - 18) =     -1.63122  eV     1   --> A              
     e( 19 - 19) =      0.33465  eV     1   --> A              
     e( 20 - 20) =      0.60405  eV     1   --> A              
     e( 21 - 21) =      0.66240  eV     1   --> A              

 **************************************************************************

 **************************************************************************

                    xk=(   0.00000,   0.00000,   0.21250  )

     Band symmetry, C_1 (1)     point group:

     e(  1 -  1) =    -22.02341  eV     1   --> A              
     e(  2 -  2) =    -21.11255  eV     1   --> A              
     e(  3 -  3) =    -19.73112  eV     1   --> A              
     e(  4 -  4) =    -18.07095  eV     1   --> A              
     e(  5 -  5) =    -15.32169  eV     1   --> A              
     e(  6 -  6) =    -13.24816  eV     1   --> A              
     e(  7 -  7) =    -12.43579  eV     1   --> A              
     e(  8 -  8) =    -11.48763  eV     1   --> A              
     e(  9 -  9) =    -11.21613  eV     1   --> A              
     e( 10 - 10) =    -10.09348  eV     1   --> A              
     e( 11 - 11) =     -9.94558  eV     1   --> A              
     e( 12 - 12) =     -9.72941  eV     1   --> A              
     e( 13 - 13) =     -8.94939  eV     1   --> A              
     e( 14 - 14) =     -8.80500  eV     1   --> A              
     e( 15 - 15) =     -8.28087  eV     1   --> A              
     e( 16 - 16) =     -7.48092  eV     1   --> A              
     e( 17 - 17) =     -5.84836  eV     1   --> A              
     e( 18 - 18) =     -1.61604  eV     1   --> A              
     e( 19 - 19) =      0.34949  eV     1   --> A              
     e( 20 - 20) =      0.58233  eV     1   --> A              
     e( 21 - 21) =      0.64139  eV     1   --> A              

 **************************************************************************

 **************************************************************************

                    xk=(   0.00000,   0.00000,   0.21000  )

     Band symmetry, C_1 (1)     point group:

     e(  1 -  1) =    -22.04177  eV     1   --> A              
     e(  2 -  2) =    -21.13069  eV     1   --> A              
     e(  3 -  3) =    -19.74878  eV     1   --> A              
     e(  4 -  4) =    -18.08777  eV     1   --> A              
     e(  5 -  5) =    -15.33157  eV     1   --> A              
     e(  6 -  6) =    -13.24752  eV     1   --> A              
     e(  7 -  7) =    -12.39232  eV     1   --> A              
     e(  8 -  8) =    -11.45145  eV     1   --> A              
     e(  9 -  9) =    -11.19175  eV     1   --> A              
     e( 10 - 10) =    -10.07531  eV     1   --> A              
     e( 11 - 11) =     -9.96714  eV     1   --> A              
     e( 12 - 12) =     -9.68809  eV     1   --> A              
     e( 13 - 13) =     -8.97046  eV     1   --> A              
     e( 14 - 14) =     -8.79426  eV     1   --> A              
     e( 15 - 15) =     -8.25730  eV     1   --> A              
     e( 16 - 16) =     -7.50152  eV     1   --> A              
     e( 17 - 17) =     -5.86976  eV     1   --> A              
     e( 18 - 18) =     -1.60125  eV     1   --> A              
     e( 19 - 19) =      0.36364  eV     1   --> A              
     e( 20 - 20) =      0.56083  eV     1   --> A              
     e( 21 - 21) =      0.62057  eV     1   --> A              

 **************************************************************************

 **************************************************************************

                    xk=(   0.00000,   0.00000,   0.20750  )

     Band symmetry, C_1 (1)     point group:

     e(  1 -  1) =    -22.05991  eV     1   --> A              
     e(  2 -  2) =    -21.14862  eV     1   --> A              
     e(  3 -  3) =    -19.76624  eV     1   --> A              
     e(  4 -  4) =    -18.10439  eV     1   --> A              
     e(  5 -  5) =    -15.34158  eV     1   --> A              
     e(  6 -  6) =    -13.24757  eV     1   --> A              
     e(  7 -  7) =    -12.34872  eV     1   --> A              
     e(  8 -  8) =    -11.41457  eV     1   --> A              
     e(  9 -  9) =    -11.16877  eV     1   --> A              
     e( 10 - 10) =    -10.05575  eV     1   --> A              
     e( 11 - 11) =     -9.98846  eV     1   --> A              
     e( 12 - 12) =     -9.64734  eV     1   --> A              
     e( 13 - 13) =     -8.99130  eV     1   --> A              
     e( 14 - 14) =     -8.78320  eV     1   --> A              
     e( 15 - 15) =     -8.23399  eV     1   --> A              
     e( 16 - 16) =     -7.52191  eV     1   --> A              
     e( 17 - 17) =     -5.89093  eV     1   --> A              
     e( 18 - 18) =     -1.58686  eV     1   --> A              
     e( 19 - 19) =      0.37708  eV     1   --> A              
     e( 20 - 20) =      0.53953  eV     1   --> A              
     e( 21 - 21) =      0.59993  eV     1   --> A              

 **************************************************************************

 **************************************************************************

                    xk=(   0.00000,   0.00000,   0.20500  )

     Band symmetry, C_1 (1)     point group:

     e(  1 -  1) =    -22.07784  eV     1   --> A              
     e(  2 -  2) =    -21.16634  eV     1   --> A              
     e(  3 -  3) =    -19.78350  eV     1   --> A              
     e(  4 -  4) =    -18.12082  eV     1   --> A              
     e(  5 -  5) =    -15.35168  eV     1   --> A              
     e(  6 -  6) =    -13.24826  eV     1   --> A              
     e(  7 -  7) =    -12.30504  eV     1   --> A              
     e(  8 -  8) =    -11.37707  eV     1   --> A              
     e(  9 -  9) =    -11.14721  eV     1   --> A              
     e( 10 - 10) =    -10.03482  eV     1   --> A              
     e( 11 - 11) =    -10.00953  eV     1   --> A              
     e( 12 - 12) =     -9.60720  eV     1   --> A              
     e( 13 - 13) =     -9.01192  eV     1   --> A              
     e( 14 - 14) =     -8.77179  eV     1   --> A              
     e( 15 - 15) =     -8.21094  eV     1   --> A              
     e( 16 - 16) =     -7.54209  eV     1   --> A              
     e( 17 - 17) =     -5.91187  eV     1   --> A              
     e( 18 - 18) =     -1.57285  eV     1   --> A              
     e( 19 - 19) =      0.38980  eV     1   --> A              
     e( 20 - 20) =      0.51845  eV     1   --> A              
     e( 21 - 21) =      0.57948  eV     1   --> A              

 **************************************************************************

 **************************************************************************

                    xk=(   0.00000,   0.00000,   0.20250  )

     Band symmetry, C_1 (1)     point group:

     e(  1 -  1) =    -22.09556  eV     1   --> A              
     e(  2 -  2) =    -21.18384  eV     1   --> A              
     e(  3 -  3) =    -19.80055  eV     1   --> A              
     e(  4 -  4) =    -18.13705  eV     1   --> A              
     e(  5 -  5) =    -15.36187  eV     1   --> A              
     e(  6 -  6) =    -13.24953  eV     1   --> A              
     e(  7 -  7) =    -12.26129  eV     1   --> A              
     e(  8 -  8) =    -11.33898  eV     1   --> A              
     e(  9 -  9) =    -11.12703  eV     1   --> A              
     e( 10 - 10) =    -10.03036  eV     1   --> A              
     e( 11 - 11) =    -10.01253  eV     1   --> A              
     e( 12 - 12) =     -9.56774  eV     1   --> A              
     e( 13 - 13) =     -9.03230  eV     1   --> A              
     e( 14 - 14) =     -8.75996  eV     1   --> A              
     e( 15 - 15) =     -8.18815  eV     1   --> A              
     e( 16 - 16) =     -7.56206  eV     1   --> A              
     e( 17 - 17) =     -5.93258  eV     1   --> A              
     e( 18 - 18) =     -1.55922  eV     1   --> A              
     e( 19 - 19) =      0.40181  eV     1   --> A              
     e( 20 - 20) =      0.49759  eV     1   --> A              
     e( 21 - 21) =      0.55923  eV     1   --> A              

 **************************************************************************

 **************************************************************************

                    xk=(   0.00000,   0.00000,   0.20000  )

     Band symmetry, C_1 (1)     point group:

     e(  1 -  1) =    -22.11306  eV     1   --> A              
     e(  2 -  2) =    -21.20114  eV     1   --> A              
     e(  3 -  3) =    -19.81740  eV     1   --> A              
     e(  4 -  4) =    -18.15309  eV     1   --> A              
     e(  5 -  5) =    -15.37214  eV     1   --> A              
     e(  6 -  6) =    -13.25134  eV     1   --> A              
     e(  7 -  7) =    -12.21750  eV     1   --> A              
     e(  8 -  8) =    -11.30038  eV     1   --> A              
     e(  9 -  9) =    -11.10823  eV     1   --> A              
     e( 10 - 10) =    -10.05095  eV     1   --> A              
     e( 11 - 11) =     -9.98891  eV     1   --> A              
     e( 12 - 12) =     -9.52901  eV     1   --> A              
     e( 13 - 13) =     -9.05245  eV     1   --> A              
     e( 14 - 14) =     -8.74766  eV     1   --> A              
     e( 15 - 15) =     -8.16561  eV     1   --> A              
     e( 16 - 16) =     -7.58180  eV     1   --> A              
     e( 17 - 17) =     -5.95305  eV     1   --> A              
     e( 18 - 18) =     -1.54597  eV     1   --> A              
     e( 19 - 19) =      0.41310  eV     1   --> A              
     e( 20 - 20) =      0.47693  eV     1   --> A              
     e( 21 - 21) =      0.53917  eV     1   --> A              

 **************************************************************************

 **************************************************************************

                    xk=(   0.00000,   0.00000,   0.19750  )

     Band symmetry, C_1 (1)     point group:

     e(  1 -  1) =    -22.13035  eV     1   --> A              
     e(  2 -  2) =    -21.21823  eV     1   --> A              
     e(  3 -  3) =    -19.83405  eV     1   --> A              
     e(  4 -  4) =    -18.16894  eV     1   --> A              
     e(  5 -  5) =    -15.38246  eV     1   --> A              
     e(  6 -  6) =    -13.25364  eV     1   --> A              
     e(  7 -  7) =    -12.17370  eV     1   --> A              
     e(  8 -  8) =    -11.26130  eV     1   --> A              
     e(  9 -  9) =    -11.09076  eV     1   --> A              
     e( 10 - 10) =    -10.07129  eV     1   --> A              
     e( 11 - 11) =     -9.96399  eV     1   --> A              
     e( 12 - 12) =     -9.49109  eV     1   --> A              
     e( 13 - 13) =     -9.07237  eV     1   --> A              
     e( 14 - 14) =     -8.73482  eV     1   --> A              
     e( 15 - 15) =     -8.14334  eV     1   --> A              
     e( 16 - 16) =     -7.60133  eV     1   --> A              
     e( 17 - 17) =     -5.97329  eV     1   --> A              
     e( 18 - 18) =     -1.53309  eV     1   --> A              
     e( 19 - 19) =      0.42367  eV     1   --> A              
     e( 20 - 20) =      0.45649  eV     1   --> A              
     e( 21 - 21) =      0.51930  eV     1   --> A              

 **************************************************************************

 **************************************************************************

                    xk=(   0.00000,   0.00000,   0.19500  )

     Band symmetry, C_1 (1)     point group:

     e(  1 -  1) =    -22.14743  eV     1   --> A              
     e(  2 -  2) =    -21.23511  eV     1   --> A              
     e(  3 -  3) =    -19.85049  eV     1   --> A              
     e(  4 -  4) =    -18.18458  eV     1   --> A              
     e(  5 -  5) =    -15.39282  eV     1   --> A              
     e(  6 -  6) =    -13.25639  eV     1   --> A              
     e(  7 -  7) =    -12.12992  eV     1   --> A              
     e(  8 -  8) =    -11.22181  eV     1   --> A              
     e(  9 -  9) =    -11.07457  eV     1   --> A              
     e( 10 - 10) =    -10.09140  eV     1   --> A              
     e( 11 - 11) =     -9.93783  eV     1   --> A              
     e( 12 - 12) =     -9.45404  eV     1   --> A              
     e( 13 - 13) =     -9.09206  eV     1   --> A              
     e( 14 - 14) =     -8.72139  eV     1   --> A              
     e( 15 - 15) =     -8.12133  eV     1   --> A              
     e( 16 - 16) =     -7.62064  eV     1   --> A              
     e( 17 - 17) =     -5.99329  eV     1   --> A              
     e( 18 - 18) =     -1.52058  eV     1   --> A              
     e( 19 - 19) =      0.43352  eV     1   --> A              
     e( 20 - 20) =      0.43628  eV     1   --> A              
     e( 21 - 21) =      0.49964  eV     1   --> A              

 **************************************************************************

 **************************************************************************

                    xk=(   0.00000,   0.00000,   0.19250  )

     Band symmetry, C_1 (1)     point group:

     e(  1 -  1) =    -22.16429  eV     1   --> A              
     e(  2 -  2) =    -21.25177  eV     1   --> A              
     e(  3 -  3) =    -19.86673  eV     1   --> A              
     e(  4 -  4) =    -18.20004  eV     1   --> A              
     e(  5 -  5) =    -15.40321  eV     1   --> A              
     e(  6 -  6) =    -13.25955  eV     1   --> A              
     e(  7 -  7) =    -12.08618  eV     1   --> A              
     e(  8 -  8) =    -11.18194  eV     1   --> A              
     e(  9 -  9) =    -11.05960  eV     1   --> A              
     e( 10 - 10) =    -10.11125  eV     1   --> A              
     e( 11 - 11) =     -9.91047  eV     1   --> A              
     e( 12 - 12) =     -9.41795  eV     1   --> A              
     e( 13 - 13) =     -9.11151  eV     1   --> A              
     e( 14 - 14) =     -8.70728  eV     1   --> A              
     e( 15 - 15) =     -8.09959  eV     1   --> A              
     e( 16 - 16) =     -7.63973  eV     1   --> A              
     e( 17 - 17) =     -6.01306  eV     1   --> A              
     e( 18 - 18) =     -1.50844  eV     1   --> A              
     e( 19 - 19) =      0.41627  eV     1   --> A              
     e( 20 - 20) =      0.44264  eV     1   --> A              
     e( 21 - 21) =      0.48018  eV     1   --> A              

 **************************************************************************

 **************************************************************************

                    xk=(   0.00000,   0.00000,   0.19000  )

     Band symmetry, C_1 (1)     point group:

     e(  1 -  1) =    -22.18094  eV     1   --> A              
     e(  2 -  2) =    -21.26823  eV     1   --> A              
     e(  3 -  3) =    -19.88277  eV     1   --> A              
     e(  4 -  4) =    -18.21529  eV     1   --> A              
     e(  5 -  5) =    -15.41361  eV     1   --> A              
     e(  6 -  6) =    -13.26308  eV     1   --> A              
     e(  7 -  7) =    -12.04252  eV     1   --> A              
     e(  8 -  8) =    -11.14175  eV     1   --> A              
     e(  9 -  9) =    -11.04581  eV     1   --> A              
     e( 10 - 10) =    -10.13087  eV     1   --> A              
     e( 11 - 11) =     -9.88198  eV     1   --> A              
     e( 12 - 12) =     -9.38289  eV     1   --> A              
     e( 13 - 13) =     -9.13073  eV     1   --> A              
     e( 14 - 14) =     -8.69243  eV     1   --> A              
     e( 15 - 15) =     -8.07812  eV     1   --> A              
     e( 16 - 16) =     -7.65859  eV     1   --> A              
     e( 17 - 17) =     -6.03258  eV     1   --> A              
     e( 18 - 18) =     -1.49666  eV     1   --> A              
     e( 19 - 19) =      0.39649  eV     1   --> A              
     e( 20 - 20) =      0.45104  eV     1   --> A              
     e( 21 - 21) =      0.46092  eV     1   --> A              

 **************************************************************************

 **************************************************************************

                    xk=(   0.00000,   0.00000,   0.18750  )

     Band symmetry, C_1 (1)     point group:

     e(  1 -  1) =    -22.19738  eV     1   --> A              
     e(  2 -  2) =    -21.28447  eV     1   --> A              
     e(  3 -  3) =    -19.89860  eV     1   --> A              
     e(  4 -  4) =    -18.23036  eV     1   --> A              
     e(  5 -  5) =    -15.42403  eV     1   --> A              
     e(  6 -  6) =    -13.26695  eV     1   --> A              
     e(  7 -  7) =    -11.99897  eV     1   --> A              
     e(  8 -  8) =    -11.10128  eV     1   --> A              
     e(  9 -  9) =    -11.03310  eV     1   --> A              
     e( 10 - 10) =    -10.15024  eV     1   --> A              
     e( 11 - 11) =     -9.85242  eV     1   --> A              
     e( 12 - 12) =     -9.34894  eV     1   --> A              
     e( 13 - 13) =     -9.14971  eV     1   --> A              
     e( 14 - 14) =     -8.67677  eV     1   --> A              
     e( 15 - 15) =     -8.05692  eV     1   --> A              
     e( 16 - 16) =     -7.67724  eV     1   --> A              
     e( 17 - 17) =     -6.05187  eV     1   --> A              
     e( 18 - 18) =     -1.48523  eV     1   --> A              
     e( 19 - 19) =      0.37693  eV     1   --> A              
     e( 20 - 20) =      0.44187  eV     1   --> A              
     e( 21 - 21) =      0.45872  eV     1   --> A              

 **************************************************************************

 **************************************************************************

                    xk=(   0.00000,   0.00000,   0.18500  )

     Band symmetry, C_1 (1)     point group:

     e(  1 -  1) =    -22.21360  eV     1   --> A              
     e(  2 -  2) =    -21.30051  eV     1   --> A              
     e(  3 -  3) =    -19.91423  eV     1   --> A              
     e(  4 -  4) =    -18.24522  eV     1   --> A              
     e(  5 -  5) =    -15.43444  eV     1   --> A              
     e(  6 -  6) =    -13.27112  eV     1   --> A              
     e(  7 -  7) =    -11.95554  eV     1   --> A              
     e(  8 -  8) =    -11.06056  eV     1   --> A              
     e(  9 -  9) =    -11.02141  eV     1   --> A              
     e( 10 - 10) =    -10.16936  eV     1   --> A              
     e( 11 - 11) =     -9.82187  eV     1   --> A              
     e( 12 - 12) =     -9.31619  eV     1   --> A              
     e( 13 - 13) =     -9.16846  eV     1   --> A              
     e( 14 - 14) =     -8.66022  eV     1   --> A              
     e( 15 - 15) =     -8.03599  eV     1   --> A              
     e( 16 - 16) =     -7.69565  eV     1   --> A              
     e( 17 - 17) =     -6.07092  eV     1   --> A              
     e( 18 - 18) =     -1.47415  eV     1   --> A              
     e( 19 - 19) =      0.35760  eV     1   --> A              
     e( 20 - 20) =      0.42303  eV     1   --> A              
     e( 21 - 21) =      0.46569  eV     1   --> A              

 **************************************************************************

 **************************************************************************

                    xk=(   0.00000,   0.00000,   0.18250  )

     Band symmetry, C_1 (1)     point group:

     e(  1 -  1) =    -22.22960  eV     1   --> A              
     e(  2 -  2) =    -21.31633  eV     1   --> A              
     e(  3 -  3) =    -19.92965  eV     1   --> A              
     e(  4 -  4) =    -18.25989  eV     1   --> A              
     e(  5 -  5) =    -15.44484  eV     1   --> A              
     e(  6 -  6) =    -13.27556  eV     1   --> A              
     e(  7 -  7) =    -11.91229  eV     1   --> A              
     e(  8 -  8) =    -11.01970  eV     1   --> A              
     e(  9 -  9) =    -11.01060  eV     1   --> A              
     e( 10 - 10) =    -10.18823  eV     1   --> A              
     e( 11 - 11) =     -9.79041  eV     1   --> A              
     e( 12 - 12) =     -9.28470  eV     1   --> A              
     e( 13 - 13) =     -9.18697  eV     1   --> A              
     e( 14 - 14) =     -8.64270  eV     1   --> A              
     e( 15 - 15) =     -8.01534  eV     1   --> A              
     e( 16 - 16) =     -7.71385  eV     1   --> A              
     e( 17 - 17) =     -6.08972  eV     1   --> A              
     e( 18 - 18) =     -1.46342  eV     1   --> A              
     e( 19 - 19) =      0.33848  eV     1   --> A              
     e( 20 - 20) =      0.40440  eV     1   --> A              
     e( 21 - 21) =      0.47193  eV     1   --> A              

 **************************************************************************

 **************************************************************************

                    xk=(   0.00000,   0.00000,   0.18000  )

     Band symmetry, C_1 (1)     point group:

     e(  1 -  1) =    -22.24539  eV     1   --> A              
     e(  2 -  2) =    -21.33194  eV     1   --> A              
     e(  3 -  3) =    -19.94486  eV     1   --> A              
     e(  4 -  4) =    -18.27437  eV     1   --> A              
     e(  5 -  5) =    -15.45521  eV     1   --> A              
     e(  6 -  6) =    -13.28025  eV     1   --> A              
     e(  7 -  7) =    -11.86923  eV     1   --> A              
     e(  8 -  8) =    -11.00083  eV     1   --> A              
     e(  9 -  9) =    -10.97848  eV     1   --> A              
     e( 10 - 10) =    -10.20686  eV     1   --> A              
     e( 11 - 11) =     -9.75809  eV     1   --> A              
     e( 12 - 12) =     -9.25456  eV     1   --> A              
     e( 13 - 13) =     -9.20524  eV     1   --> A              
     e( 14 - 14) =     -8.62416  eV     1   --> A              
     e( 15 - 15) =     -7.99496  eV     1   --> A              
     e( 16 - 16) =     -7.73181  eV     1   --> A              
     e( 17 - 17) =     -6.10829  eV     1   --> A              
     e( 18 - 18) =     -1.45302  eV     1   --> A              
     e( 19 - 19) =      0.31960  eV     1   --> A              
     e( 20 - 20) =      0.38598  eV     1   --> A              
     e( 21 - 21) =      0.47747  eV     1   --> A              

 **************************************************************************

 **************************************************************************

                    xk=(   0.00000,   0.00000,   0.17750  )

     Band symmetry, C_1 (1)     point group:

     e(  1 -  1) =    -22.26097  eV     1   --> A              
     e(  2 -  2) =    -21.34734  eV     1   --> A              
     e(  3 -  3) =    -19.95987  eV     1   --> A              
     e(  4 -  4) =    -18.28864  eV     1   --> A              
     e(  5 -  5) =    -15.46555  eV     1   --> A              
     e(  6 -  6) =    -13.28516  eV     1   --> A              
     e(  7 -  7) =    -11.82640  eV     1   --> A              
     e(  8 -  8) =    -10.99170  eV     1   --> A              
     e(  9 -  9) =    -10.93727  eV     1   --> A              
     e( 10 - 10) =    -10.22525  eV     1   --> A              
     e( 11 - 11) =     -9.72501  eV     1   --> A              
     e( 12 - 12) =     -9.22582  eV     1   --> A              
     e( 13 - 13) =     -9.22328  eV     1   --> A              
     e( 14 - 14) =     -8.60454  eV     1   --> A              
     e( 15 - 15) =     -7.97487  eV     1   --> A              
     e( 16 - 16) =     -7.74955  eV     1   --> A              
     e( 17 - 17) =     -6.12661  eV     1   --> A              
     e( 18 - 18) =     -1.44296  eV     1   --> A              
     e( 19 - 19) =      0.30094  eV     1   --> A              
     e( 20 - 20) =      0.36777  eV     1   --> A              
     e( 21 - 21) =      0.48231  eV     1   --> A              

 **************************************************************************

 **************************************************************************

                    xk=(   0.00000,   0.00000,   0.17500  )

     Band symmetry, C_1 (1)     point group:

     e(  1 -  1) =    -22.27633  eV     1   --> A              
     e(  2 -  2) =    -21.36252  eV     1   --> A              
     e(  3 -  3) =    -19.97468  eV     1   --> A              
     e(  4 -  4) =    -18.30272  eV     1   --> A              
     e(  5 -  5) =    -15.47585  eV     1   --> A              
     e(  6 -  6) =    -13.29027  eV     1   --> A              
     e(  7 -  7) =    -11.78385  eV     1   --> A              
     e(  8 -  8) =    -10.98327  eV     1   --> A              
     e(  9 -  9) =    -10.89594  eV     1   --> A              
     e( 10 - 10) =    -10.24338  eV     1   --> A              
     e( 11 - 11) =     -9.69122  eV     1   --> A              
     e( 12 - 12) =     -9.24107  eV     1   --> A              
     e( 13 - 13) =     -9.19853  eV     1   --> A              
     e( 14 - 14) =     -8.58381  eV     1   --> A              
     e( 15 - 15) =     -7.95506  eV     1   --> A              
     e( 16 - 16) =     -7.76706  eV     1   --> A              
     e( 17 - 17) =     -6.14469  eV     1   --> A              
     e( 18 - 18) =     -1.43323  eV     1   --> A              
     e( 19 - 19) =      0.28250  eV     1   --> A              
     e( 20 - 20) =      0.34978  eV     1   --> A              
     e( 21 - 21) =      0.48645  eV     1   --> A              

 **************************************************************************

 **************************************************************************

                    xk=(   0.00000,   0.00000,   0.17250  )

     Band symmetry, C_1 (1)     point group:

     e(  1 -  1) =    -22.29148  eV     1   --> A              
     e(  2 -  2) =    -21.37749  eV     1   --> A              
     e(  3 -  3) =    -19.98928  eV     1   --> A              
     e(  4 -  4) =    -18.31660  eV     1   --> A              
     e(  5 -  5) =    -15.48611  eV     1   --> A              
     e(  6 -  6) =    -13.29555  eV     1   --> A              
     e(  7 -  7) =    -11.74161  eV     1   --> A              
     e(  8 -  8) =    -10.97544  eV     1   --> A              
     e(  9 -  9) =    -10.85453  eV     1   --> A              
     e( 10 - 10) =    -10.26127  eV     1   --> A              
     e( 11 - 11) =     -9.65681  eV     1   --> A              
     e( 12 - 12) =     -9.25863  eV     1   --> A              
     e( 13 - 13) =     -9.17273  eV     1   --> A              
     e( 14 - 14) =     -8.56192  eV     1   --> A              
     e( 15 - 15) =     -7.93553  eV     1   --> A              
     e( 16 - 16) =     -7.78434  eV     1   --> A              
     e( 17 - 17) =     -6.16253  eV     1   --> A              
     e( 18 - 18) =     -1.42381  eV     1   --> A              
     e( 19 - 19) =      0.26430  eV     1   --> A              
     e( 20 - 20) =      0.33201  eV     1   --> A              
     e( 21 - 21) =      0.48990  eV     1   --> A              

 **************************************************************************

 **************************************************************************

                    xk=(   0.00000,   0.00000,   0.17000  )

     Band symmetry, C_1 (1)     point group:

     e(  1 -  1) =    -22.30641  eV     1   --> A              
     e(  2 -  2) =    -21.39226  eV     1   --> A              
     e(  3 -  3) =    -20.00367  eV     1   --> A              
     e(  4 -  4) =    -18.33029  eV     1   --> A              
     e(  5 -  5) =    -15.49631  eV     1   --> A              
     e(  6 -  6) =    -13.30098  eV     1   --> A              
     e(  7 -  7) =    -11.69973  eV     1   --> A              
     e(  8 -  8) =    -10.96813  eV     1   --> A              
     e(  9 -  9) =    -10.81308  eV     1   --> A              
     e( 10 - 10) =    -10.27891  eV     1   --> A              
     e( 11 - 11) =     -9.62184  eV     1   --> A              
     e( 12 - 12) =     -9.27595  eV     1   --> A              
     e( 13 - 13) =     -9.14844  eV     1   --> A              
     e( 14 - 14) =     -8.53888  eV     1   --> A              
     e( 15 - 15) =     -7.91628  eV     1   --> A              
     e( 16 - 16) =     -7.80138  eV     1   --> A              
     e( 17 - 17) =     -6.18012  eV     1   --> A              
     e( 18 - 18) =     -1.41471  eV     1   --> A              
     e( 19 - 19) =      0.24633  eV     1   --> A              
     e( 20 - 20) =      0.31446  eV     1   --> A              
     e( 21 - 21) =      0.49268  eV     1   --> A              

 **************************************************************************

 **************************************************************************

                    xk=(   0.00000,   0.00000,   0.16750  )

     Band symmetry, C_1 (1)     point group:

     e(  1 -  1) =    -22.32113  eV     1   --> A              
     e(  2 -  2) =    -21.40681  eV     1   --> A              
     e(  3 -  3) =    -20.01786  eV     1   --> A              
     e(  4 -  4) =    -18.34378  eV     1   --> A              
     e(  5 -  5) =    -15.50645  eV     1   --> A              
     e(  6 -  6) =    -13.30655  eV     1   --> A              
     e(  7 -  7) =    -11.65826  eV     1   --> A              
     e(  8 -  8) =    -10.96123  eV     1   --> A              
     e(  9 -  9) =    -10.77162  eV     1   --> A              
     e( 10 - 10) =    -10.29629  eV     1   --> A              
     e( 11 - 11) =     -9.58638  eV     1   --> A              
     e( 12 - 12) =     -9.29303  eV     1   --> A              
     e( 13 - 13) =     -9.12564  eV     1   --> A              
     e( 14 - 14) =     -8.51469  eV     1   --> A              
     e( 15 - 15) =     -7.89733  eV     1   --> A              
     e( 16 - 16) =     -7.81820  eV     1   --> A              
     e( 17 - 17) =     -6.19747  eV     1   --> A              
     e( 18 - 18) =     -1.40592  eV     1   --> A              
     e( 19 - 19) =      0.22859  eV     1   --> A              
     e( 20 - 20) =      0.29713  eV     1   --> A              
     e( 21 - 21) =      0.49480  eV     1   --> A              

 **************************************************************************

 **************************************************************************

                    xk=(   0.00000,   0.00000,   0.16500  )

     Band symmetry, C_1 (1)     point group:

     e(  1 -  1) =    -22.33563  eV     1   --> A              
     e(  2 -  2) =    -21.42114  eV     1   --> A              
     e(  3 -  3) =    -20.03184  eV     1   --> A              
     e(  4 -  4) =    -18.35707  eV     1   --> A              
     e(  5 -  5) =    -15.51652  eV     1   --> A              
     e(  6 -  6) =    -13.31223  eV     1   --> A              
     e(  7 -  7) =    -11.61727  eV     1   --> A              
     e(  8 -  8) =    -10.95464  eV     1   --> A              
     e(  9 -  9) =    -10.73017  eV     1   --> A              
     e( 10 - 10) =    -10.31343  eV     1   --> A              
     e( 11 - 11) =     -9.55048  eV     1   --> A              
     e( 12 - 12) =     -9.30986  eV     1   --> A              
     e( 13 - 13) =     -9.10433  eV     1   --> A              
     e( 14 - 14) =     -8.48938  eV     1   --> A              
     e( 15 - 15) =     -7.87866  eV     1   --> A              
     e( 16 - 16) =     -7.83478  eV     1   --> A              
     e( 17 - 17) =     -6.21457  eV     1   --> A              
     e( 18 - 18) =     -1.39744  eV     1   --> A              
     e( 19 - 19) =      0.21108  eV     1   --> A              
     e( 20 - 20) =      0.28003  eV     1   --> A              
     e( 21 - 21) =      0.49626  eV     1   --> A              

 **************************************************************************

 **************************************************************************

                    xk=(   0.00000,   0.00000,   0.16250  )

     Band symmetry, C_1 (1)     point group:

     e(  1 -  1) =    -22.34991  eV     1   --> A              
     e(  2 -  2) =    -21.43527  eV     1   --> A              
     e(  3 -  3) =    -20.04561  eV     1   --> A              
     e(  4 -  4) =    -18.37017  eV     1   --> A              
     e(  5 -  5) =    -15.52651  eV     1   --> A              
     e(  6 -  6) =    -13.31801  eV     1   --> A              
     e(  7 -  7) =    -11.57682  eV     1   --> A              
     e(  8 -  8) =    -10.94827  eV     1   --> A              
     e(  9 -  9) =    -10.68876  eV     1   --> A              
     e( 10 - 10) =    -10.33032  eV     1   --> A              
     e( 11 - 11) =     -9.51422  eV     1   --> A              
     e( 12 - 12) =     -9.32645  eV     1   --> A              
     e( 13 - 13) =     -9.08446  eV     1   --> A              
     e( 14 - 14) =     -8.46299  eV     1   --> A              
     e( 15 - 15) =     -7.86028  eV     1   --> A              
     e( 16 - 16) =     -7.85113  eV     1   --> A              
     e( 17 - 17) =     -6.23143  eV     1   --> A              
     e( 18 - 18) =     -1.38925  eV     1   --> A              
     e( 19 - 19) =      0.19381  eV     1   --> A              
     e( 20 - 20) =      0.26315  eV     1   --> A              
     e( 21 - 21) =      0.49709  eV     1   --> A              

 **************************************************************************

 **************************************************************************

                    xk=(   0.00000,   0.00000,   0.16000  )

     Band symmetry, C_1 (1)     point group:

     e(  1 -  1) =    -22.36398  eV     1   --> A              
     e(  2 -  2) =    -21.44918  eV     1   --> A              
     e(  3 -  3) =    -20.05917  eV     1   --> A              
     e(  4 -  4) =    -18.38306  eV     1   --> A              
     e(  5 -  5) =    -15.53643  eV     1   --> A              
     e(  6 -  6) =    -13.32388  eV     1   --> A              
     e(  7 -  7) =    -11.53698  eV     1   --> A              
     e(  8 -  8) =    -10.94201  eV     1   --> A              
     e(  9 -  9) =    -10.64741  eV     1   --> A              
     e( 10 - 10) =    -10.34697  eV     1   --> A              
     e( 11 - 11) =     -9.47764  eV     1   --> A              
     e( 12 - 12) =     -9.34281  eV     1   --> A              
     e( 13 - 13) =     -9.06598  eV     1   --> A              
     e( 14 - 14) =     -8.43560  eV     1   --> A              
     e( 15 - 15) =     -7.86725  eV     1   --> A              
     e( 16 - 16) =     -7.84220  eV     1   --> A              
     e( 17 - 17) =     -6.24804  eV     1   --> A              
     e( 18 - 18) =     -1.38135  eV     1   --> A              
     e( 19 - 19) =      0.17678  eV     1   --> A              
     e( 20 - 20) =      0.24649  eV     1   --> A              
     e( 21 - 21) =      0.49730  eV     1   --> A              

 **************************************************************************

 **************************************************************************

                    xk=(   0.00000,   0.00000,   0.15750  )

     Band symmetry, C_1 (1)     point group:

     e(  1 -  1) =    -22.37784  eV     1   --> A              
     e(  2 -  2) =    -21.46287  eV     1   --> A              
     e(  3 -  3) =    -20.07253  eV     1   --> A              
     e(  4 -  4) =    -18.39576  eV     1   --> A              
     e(  5 -  5) =    -15.54626  eV     1   --> A              
     e(  6 -  6) =    -13.32981  eV     1   --> A              
     e(  7 -  7) =    -11.49785  eV     1   --> A              
     e(  8 -  8) =    -10.93573  eV     1   --> A              
     e(  9 -  9) =    -10.60615  eV     1   --> A              
     e( 10 - 10) =    -10.36336  eV     1   --> A              
     e( 11 - 11) =     -9.44080  eV     1   --> A              
     e( 12 - 12) =     -9.35891  eV     1   --> A              
     e( 13 - 13) =     -9.04884  eV     1   --> A              
     e( 14 - 14) =     -8.40726  eV     1   --> A              
     e( 15 - 15) =     -7.88313  eV     1   --> A              
     e( 16 - 16) =     -7.82441  eV     1   --> A              
     e( 17 - 17) =     -6.26440  eV     1   --> A              
     e( 18 - 18) =     -1.37374  eV     1   --> A              
     e( 19 - 19) =      0.15998  eV     1   --> A              
     e( 20 - 20) =      0.23007  eV     1   --> A              
     e( 21 - 21) =      0.49691  eV     1   --> A              

 **************************************************************************

 **************************************************************************

                    xk=(   0.00000,   0.00000,   0.15500  )

     Band symmetry, C_1 (1)     point group:

     e(  1 -  1) =    -22.39148  eV     1   --> A              
     e(  2 -  2) =    -21.47636  eV     1   --> A              
     e(  3 -  3) =    -20.08569  eV     1   --> A              
     e(  4 -  4) =    -18.40826  eV     1   --> A              
     e(  5 -  5) =    -15.55601  eV     1   --> A              
     e(  6 -  6) =    -13.33580  eV     1   --> A              
     e(  7 -  7) =    -11.45955  eV     1   --> A              
     e(  8 -  8) =    -10.92929  eV     1   --> A              
     e(  9 -  9) =    -10.56500  eV     1   --> A              
     e( 10 - 10) =    -10.37949  eV     1   --> A              
     e( 11 - 11) =     -9.40375  eV     1   --> A              
     e( 12 - 12) =     -9.37478  eV     1   --> A              
     e( 13 - 13) =     -9.03294  eV     1   --> A              
     e( 14 - 14) =     -8.37807  eV     1   --> A              
     e( 15 - 15) =     -7.89877  eV     1   --> A              
     e( 16 - 16) =     -7.80691  eV     1   --> A              
     e( 17 - 17) =     -6.28052  eV     1   --> A              
     e( 18 - 18) =     -1.36640  eV     1   --> A              
     e( 19 - 19) =      0.14342  eV     1   --> A              
     e( 20 - 20) =      0.21387  eV     1   --> A              
     e( 21 - 21) =      0.49594  eV     1   --> A              

 **************************************************************************

 **************************************************************************

                    xk=(   0.00000,   0.00000,   0.15250  )

     Band symmetry, C_1 (1)     point group:

     e(  1 -  1) =    -22.40490  eV     1   --> A              
     e(  2 -  2) =    -21.48963  eV     1   --> A              
     e(  3 -  3) =    -20.09863  eV     1   --> A              
     e(  4 -  4) =    -18.42057  eV     1   --> A              
     e(  5 -  5) =    -15.56565  eV     1   --> A              
     e(  6 -  6) =    -13.34184  eV     1   --> A              
     e(  7 -  7) =    -11.42219  eV     1   --> A              
     e(  8 -  8) =    -10.92256  eV     1   --> A              
     e(  9 -  9) =    -10.52399  eV     1   --> A              
     e( 10 - 10) =    -10.39538  eV     1   --> A              
     e( 11 - 11) =     -9.39040  eV     1   --> A              
     e( 12 - 12) =     -9.36654  eV     1   --> A              
     e( 13 - 13) =     -9.01823  eV     1   --> A              
     e( 14 - 14) =     -8.34810  eV     1   --> A              
     e( 15 - 15) =     -7.91417  eV     1   --> A              
     e( 16 - 16) =     -7.78971  eV     1   --> A              
     e( 17 - 17) =     -6.29638  eV     1   --> A              
     e( 18 - 18) =     -1.35934  eV     1   --> A              
     e( 19 - 19) =      0.12710  eV     1   --> A              
     e( 20 - 20) =      0.19791  eV     1   --> A              
     e( 21 - 21) =      0.49441  eV     1   --> A              

 **************************************************************************

 **************************************************************************

                    xk=(   0.00000,   0.00000,   0.15000  )

     Band symmetry, C_1 (1)     point group:

     e(  1 -  1) =    -22.41810  eV     1   --> A              
     e(  2 -  2) =    -21.50269  eV     1   --> A              
     e(  3 -  3) =    -20.11137  eV     1   --> A              
     e(  4 -  4) =    -18.43267  eV     1   --> A              
     e(  5 -  5) =    -15.57520  eV     1   --> A              
     e(  6 -  6) =    -13.34790  eV     1   --> A              
     e(  7 -  7) =    -11.38593  eV     1   --> A              
     e(  8 -  8) =    -10.91535  eV     1   --> A              
     e(  9 -  9) =    -10.48314  eV     1   --> A              
     e( 10 - 10) =    -10.41102  eV     1   --> A              
     e( 11 - 11) =     -9.40577  eV     1   --> A              
     e( 12 - 12) =     -9.32921  eV     1   --> A              
     e( 13 - 13) =     -9.00460  eV     1   --> A              
     e( 14 - 14) =     -8.31746  eV     1   --> A              
     e( 15 - 15) =     -7.92934  eV     1   --> A              
     e( 16 - 16) =     -7.77281  eV     1   --> A              
     e( 17 - 17) =     -6.31200  eV     1   --> A              
     e( 18 - 18) =     -1.35254  eV     1   --> A              
     e( 19 - 19) =      0.11102  eV     1   --> A              
     e( 20 - 20) =      0.18218  eV     1   --> A              
     e( 21 - 21) =      0.48455  eV     1   --> A              

 **************************************************************************

 **************************************************************************

                    xk=(   0.00000,   0.00000,   0.14750  )

     Band symmetry, C_1 (1)     point group:

     e(  1 -  1) =    -22.43110  eV     1   --> A              
     e(  2 -  2) =    -21.51553  eV     1   --> A              
     e(  3 -  3) =    -20.12390  eV     1   --> A              
     e(  4 -  4) =    -18.44458  eV     1   --> A              
     e(  5 -  5) =    -15.58465  eV     1   --> A              
     e(  6 -  6) =    -13.35398  eV     1   --> A              
     e(  7 -  7) =    -11.35094  eV     1   --> A              
     e(  8 -  8) =    -10.90748  eV     1   --> A              
     e(  9 -  9) =    -10.44247  eV     1   --> A              
     e( 10 - 10) =    -10.42640  eV     1   --> A              
     e( 11 - 11) =     -9.42091  eV     1   --> A              
     e( 12 - 12) =     -9.29181  eV     1   --> A              
     e( 13 - 13) =     -8.99199  eV     1   --> A              
     e( 14 - 14) =     -8.28622  eV     1   --> A              
     e( 15 - 15) =     -7.94427  eV     1   --> A              
     e( 16 - 16) =     -7.75621  eV     1   --> A              
     e( 17 - 17) =     -6.32737  eV     1   --> A              
     e( 18 - 18) =     -1.34601  eV     1   --> A              
     e( 19 - 19) =      0.09519  eV     1   --> A              
     e( 20 - 20) =      0.16668  eV     1   --> A              
     e( 21 - 21) =      0.46804  eV     1   --> A              

 **************************************************************************

 **************************************************************************

                    xk=(   0.00000,   0.00000,   0.14500  )

     Band symmetry, C_1 (1)     point group:

     e(  1 -  1) =    -22.44387  eV     1   --> A              
     e(  2 -  2) =    -21.52816  eV     1   --> A              
     e(  3 -  3) =    -20.13622  eV     1   --> A              
     e(  4 -  4) =    -18.45629  eV     1   --> A              
     e(  5 -  5) =    -15.59399  eV     1   --> A              
     e(  6 -  6) =    -13.36008  eV     1   --> A              
     e(  7 -  7) =    -11.31742  eV     1   --> A              
     e(  8 -  8) =    -10.89873  eV     1   --> A              
     e(  9 -  9) =    -10.44153  eV     1   --> A              
     e( 10 - 10) =    -10.40199  eV     1   --> A              
     e( 11 - 11) =     -9.43579  eV     1   --> A              
     e( 12 - 12) =     -9.25437  eV     1   --> A              
     e( 13 - 13) =     -8.98032  eV     1   --> A              
     e( 14 - 14) =     -8.25449  eV     1   --> A              
     e( 15 - 15) =     -7.95896  eV     1   --> A              
     e( 16 - 16) =     -7.73991  eV     1   --> A              
     e( 17 - 17) =     -6.34248  eV     1   --> A              
     e( 18 - 18) =     -1.33972  eV     1   --> A              
     e( 19 - 19) =      0.07959  eV     1   --> A              
     e( 20 - 20) =      0.15142  eV     1   --> A              
     e( 21 - 21) =      0.45183  eV     1   --> A              

 **************************************************************************

 **************************************************************************

                    xk=(   0.00000,   0.00000,   0.14250  )

     Band symmetry, C_1 (1)     point group:

     e(  1 -  1) =    -22.45643  eV     1   --> A              
     e(  2 -  2) =    -21.54058  eV     1   --> A              
     e(  3 -  3) =    -20.14833  eV     1   --> A              
     e(  4 -  4) =    -18.46780  eV     1   --> A              
     e(  5 -  5) =    -15.60322  eV     1   --> A              
     e(  6 -  6) =    -13.36618  eV     1   --> A              
     e(  7 -  7) =    -11.28561  eV     1   --> A              
     e(  8 -  8) =    -10.88885  eV     1   --> A              
     e(  9 -  9) =    -10.45641  eV     1   --> A              
     e( 10 - 10) =    -10.36173  eV     1   --> A              
     e( 11 - 11) =     -9.45043  eV     1   --> A              
     e( 12 - 12) =     -9.21694  eV     1   --> A              
     e( 13 - 13) =     -8.96951  eV     1   --> A              
     e( 14 - 14) =     -8.22234  eV     1   --> A              
     e( 15 - 15) =     -7.97341  eV     1   --> A              
     e( 16 - 16) =     -7.72391  eV     1   --> A              
     e( 17 - 17) =     -6.35735  eV     1   --> A              
     e( 18 - 18) =     -1.33368  eV     1   --> A              
     e( 19 - 19) =      0.06424  eV     1   --> A              
     e( 20 - 20) =      0.13640  eV     1   --> A              
     e( 21 - 21) =      0.43589  eV     1   --> A              

 **************************************************************************

 **************************************************************************

                    xk=(   0.00000,   0.00000,   0.14000  )

     Band symmetry, C_1 (1)     point group:

     e(  1 -  1) =    -22.46877  eV     1   --> A              
     e(  2 -  2) =    -21.55278  eV     1   --> A              
     e(  3 -  3) =    -20.16024  eV     1   --> A              
     e(  4 -  4) =    -18.47911  eV     1   --> A              
     e(  5 -  5) =    -15.61233  eV     1   --> A              
     e(  6 -  6) =    -13.37227  eV     1   --> A              
     e(  7 -  7) =    -11.25575  eV     1   --> A              
     e(  8 -  8) =    -10.87759  eV     1   --> A              
     e(  9 -  9) =    -10.47104  eV     1   --> A              
     e( 10 - 10) =    -10.32172  eV     1   --> A              
     e( 11 - 11) =     -9.46482  eV     1   --> A              
     e( 12 - 12) =     -9.17955  eV     1   --> A              
     e( 13 - 13) =     -8.95948  eV     1   --> A              
     e( 14 - 14) =     -8.18986  eV     1   --> A              
     e( 15 - 15) =     -7.98762  eV     1   --> A              
     e( 16 - 16) =     -7.70822  eV     1   --> A              
     e( 17 - 17) =     -6.37197  eV     1   --> A              
     e( 18 - 18) =     -1.32789  eV     1   --> A              
     e( 19 - 19) =      0.04914  eV     1   --> A              
     e( 20 - 20) =      0.12162  eV     1   --> A              
     e( 21 - 21) =      0.42024  eV     1   --> A              

 **************************************************************************

 **************************************************************************

                    xk=(   0.00000,   0.00000,   0.13750  )

     Band symmetry, C_1 (1)     point group:

     e(  1 -  1) =    -22.48089  eV     1   --> A              
     e(  2 -  2) =    -21.56477  eV     1   --> A              
     e(  3 -  3) =    -20.17193  eV     1   --> A              
     e(  4 -  4) =    -18.49023  eV     1   --> A              
     e(  5 -  5) =    -15.62132  eV     1   --> A              
     e(  6 -  6) =    -13.37834  eV     1   --> A              
     e(  7 -  7) =    -11.22808  eV     1   --> A              
     e(  8 -  8) =    -10.86470  eV     1   --> A              
     e(  9 -  9) =    -10.48541  eV     1   --> A              
     e( 10 - 10) =    -10.28196  eV     1   --> A              
     e( 11 - 11) =     -9.47897  eV     1   --> A              
     e( 12 - 12) =     -9.14223  eV     1   --> A              
     e( 13 - 13) =     -8.95017  eV     1   --> A              
     e( 14 - 14) =     -8.15712  eV     1   --> A              
     e( 15 - 15) =     -8.00159  eV     1   --> A              
     e( 16 - 16) =     -7.69283  eV     1   --> A              
     e( 17 - 17) =     -6.38633  eV     1   --> A              
     e( 18 - 18) =     -1.32232  eV     1   --> A              
     e( 19 - 19) =      0.03429  eV     1   --> A              
     e( 20 - 20) =      0.10707  eV     1   --> A              
     e( 21 - 21) =      0.40487  eV     1   --> A              

 **************************************************************************

 **************************************************************************

                    xk=(   0.00000,   0.00000,   0.13500  )

     Band symmetry, C_1 (1)     point group:

     e(  1 -  1) =    -22.49280  eV     1   --> A              
     e(  2 -  2) =    -21.57655  eV     1   --> A              
     e(  3 -  3) =    -20.18342  eV     1   --> A              
     e(  4 -  4) =    -18.50114  eV     1   --> A              
     e(  5 -  5) =    -15.63020  eV     1   --> A              
     e(  6 -  6) =    -13.38439  eV     1   --> A              
     e(  7 -  7) =    -11.20283  eV     1   --> A              
     e(  8 -  8) =    -10.84995  eV     1   --> A              
     e(  9 -  9) =    -10.49953  eV     1   --> A              
     e( 10 - 10) =    -10.24248  eV     1   --> A              
     e( 11 - 11) =     -9.49286  eV     1   --> A              
     e( 12 - 12) =     -9.10502  eV     1   --> A              
     e( 13 - 13) =     -8.94152  eV     1   --> A              
     e( 14 - 14) =     -8.12419  eV     1   --> A              
     e( 15 - 15) =     -8.01532  eV     1   --> A              
     e( 16 - 16) =     -7.67775  eV     1   --> A              
     e( 17 - 17) =     -6.40045  eV     1   --> A              
     e( 18 - 18) =     -1.31699  eV     1   --> A              
     e( 19 - 19) =      0.01968  eV     1   --> A              
     e( 20 - 20) =      0.09277  eV     1   --> A              
     e( 21 - 21) =      0.38978  eV     1   --> A              

 **************************************************************************

 **************************************************************************

                    xk=(   0.00000,   0.00000,   0.13250  )

     Band symmetry, C_1 (1)     point group:

     e(  1 -  1) =    -22.50449  eV     1   --> A              
     e(  2 -  2) =    -21.58811  eV     1   --> A              
     e(  3 -  3) =    -20.19470  eV     1   --> A              
     e(  4 -  4) =    -18.51186  eV     1   --> A              
     e(  5 -  5) =    -15.63895  eV     1   --> A              
     e(  6 -  6) =    -13.39041  eV     1   --> A              
     e(  7 -  7) =    -11.18016  eV     1   --> A              
     e(  8 -  8) =    -10.83317  eV     1   --> A              
     e(  9 -  9) =    -10.51340  eV     1   --> A              
     e( 10 - 10) =    -10.20330  eV     1   --> A              
     e( 11 - 11) =     -9.50651  eV     1   --> A              
     e( 12 - 12) =     -9.06794  eV     1   --> A              
     e( 13 - 13) =     -8.93348  eV     1   --> A              
     e( 14 - 14) =     -8.09115  eV     1   --> A              
     e( 15 - 15) =     -8.02881  eV     1   --> A              
     e( 16 - 16) =     -7.66298  eV     1   --> A              
     e( 17 - 17) =     -6.41431  eV     1   --> A              
     e( 18 - 18) =     -1.31187  eV     1   --> A              
     e( 19 - 19) =      0.00532  eV     1   --> A              
     e( 20 - 20) =      0.07870  eV     1   --> A              
     e( 21 - 21) =      0.37496  eV     1   --> A              

 **************************************************************************

 **************************************************************************

                    xk=(   0.00000,   0.00000,   0.13000  )

     Band symmetry, C_1 (1)     point group:

     e(  1 -  1) =    -22.51596  eV     1   --> A              
     e(  2 -  2) =    -21.59946  eV     1   --> A              
     e(  3 -  3) =    -20.20577  eV     1   --> A              
     e(  4 -  4) =    -18.52238  eV     1   --> A              
     e(  5 -  5) =    -15.64757  eV     1   --> A              
     e(  6 -  6) =    -13.39639  eV     1   --> A              
     e(  7 -  7) =    -11.16015  eV     1   --> A              
     e(  8 -  8) =    -10.81428  eV     1   --> A              
     e(  9 -  9) =    -10.52701  eV     1   --> A              
     e( 10 - 10) =    -10.16443  eV     1   --> A              
     e( 11 - 11) =     -9.51991  eV     1   --> A              
     e( 12 - 12) =     -9.03103  eV     1   --> A              
     e( 13 - 13) =     -8.92599  eV     1   --> A              
     e( 14 - 14) =     -8.05805  eV     1   --> A              
     e( 15 - 15) =     -8.04205  eV     1   --> A              
     e( 16 - 16) =     -7.64851  eV     1   --> A              
     e( 17 - 17) =     -6.42791  eV     1   --> A              
     e( 18 - 18) =     -1.30697  eV     1   --> A              
     e( 19 - 19) =     -0.00879  eV     1   --> A              
     e( 20 - 20) =      0.06488  eV     1   --> A              
     e( 21 - 21) =      0.36043  eV     1   --> A              

 **************************************************************************

 **************************************************************************

                    xk=(   0.00000,   0.00000,   0.12750  )

     Band symmetry, C_1 (1)     point group:

     e(  1 -  1) =    -22.52722  eV     1   --> A              
     e(  2 -  2) =    -21.61059  eV     1   --> A              
     e(  3 -  3) =    -20.21663  eV     1   --> A              
     e(  4 -  4) =    -18.53270  eV     1   --> A              
     e(  5 -  5) =    -15.65606  eV     1   --> A              
     e(  6 -  6) =    -13.40233  eV     1   --> A              
     e(  7 -  7) =    -11.14279  eV     1   --> A              
     e(  8 -  8) =    -10.79328  eV     1   --> A              
     e(  9 -  9) =    -10.54036  eV     1   --> A              
     e( 10 - 10) =    -10.12590  eV     1   --> A              
     e( 11 - 11) =     -9.53307  eV     1   --> A              
     e( 12 - 12) =     -8.99432  eV     1   --> A              
     e( 13 - 13) =     -8.91901  eV     1   --> A              
     e( 14 - 14) =     -8.05505  eV     1   --> A              
     e( 15 - 15) =     -8.02494  eV     1   --> A              
     e( 16 - 16) =     -7.63435  eV     1   --> A              
     e( 17 - 17) =     -6.44127  eV     1   --> A              
     e( 18 - 18) =     -1.30228  eV     1   --> A              
     e( 19 - 19) =     -0.02264  eV     1   --> A              
     e( 20 - 20) =      0.05131  eV     1   --> A              
     e( 21 - 21) =      0.34618  eV     1   --> A              

 **************************************************************************

 **************************************************************************

                    xk=(   0.00000,   0.00000,   0.12500  )

     Band symmetry, C_1 (1)     point group:

     e(  1 -  1) =    -22.53826  eV     1   --> A              
     e(  2 -  2) =    -21.62150  eV     1   --> A              
     e(  3 -  3) =    -20.22729  eV     1   --> A              
     e(  4 -  4) =    -18.54282  eV     1   --> A              
     e(  5 -  5) =    -15.66442  eV     1   --> A              
     e(  6 -  6) =    -13.40822  eV     1   --> A              
     e(  7 -  7) =    -11.12795  eV     1   --> A              
     e(  8 -  8) =    -10.77030  eV     1   --> A              
     e(  9 -  9) =    -10.55347  eV     1   --> A              
     e( 10 - 10) =    -10.08772  eV     1   --> A              
     e( 11 - 11) =     -9.54597  eV     1   --> A              
     e( 12 - 12) =     -8.95783  eV     1   --> A              
     e( 13 - 13) =     -8.91250  eV     1   --> A              
     e( 14 - 14) =     -8.06780  eV     1   --> A              
     e( 15 - 15) =     -7.99189  eV     1   --> A              
     e( 16 - 16) =     -7.62051  eV     1   --> A              
     e( 17 - 17) =     -6.45437  eV     1   --> A              
     e( 18 - 18) =     -1.29779  eV     1   --> A              
     e( 19 - 19) =     -0.03625  eV     1   --> A              
     e( 20 - 20) =      0.03798  eV     1   --> A              
     e( 21 - 21) =      0.33221  eV     1   --> A              

 **************************************************************************

 **************************************************************************

                    xk=(   0.00000,   0.00000,   0.12250  )

     Band symmetry, C_1 (1)     point group:

     e(  1 -  1) =    -22.54908  eV     1   --> A              
     e(  2 -  2) =    -21.63221  eV     1   --> A              
     e(  3 -  3) =    -20.23773  eV     1   --> A              
     e(  4 -  4) =    -18.55274  eV     1   --> A              
     e(  5 -  5) =    -15.67264  eV     1   --> A              
     e(  6 -  6) =    -13.41405  eV     1   --> A              
     e(  7 -  7) =    -11.11545  eV     1   --> A              
     e(  8 -  8) =    -10.74554  eV     1   --> A              
     e(  9 -  9) =    -10.56631  eV     1   --> A              
     e( 10 - 10) =    -10.04991  eV     1   --> A              
     e( 11 - 11) =     -9.55862  eV     1   --> A              
     e( 12 - 12) =     -8.92160  eV     1   --> A              
     e( 13 - 13) =     -8.90641  eV     1   --> A              
     e( 14 - 14) =     -8.08031  eV     1   --> A              
     e( 15 - 15) =     -7.95894  eV     1   --> A              
     e( 16 - 16) =     -7.60698  eV     1   --> A              
     e( 17 - 17) =     -6.46722  eV     1   --> A              
     e( 18 - 18) =     -1.29350  eV     1   --> A              
     e( 19 - 19) =     -0.04960  eV     1   --> A              
     e( 20 - 20) =      0.02490  eV     1   --> A              
     e( 21 - 21) =      0.31851  eV     1   --> A              

 **************************************************************************

 **************************************************************************

                    xk=(   0.00000,   0.00000,   0.12000  )

     Band symmetry, C_1 (1)     point group:

     e(  1 -  1) =    -22.55969  eV     1   --> A              
     e(  2 -  2) =    -21.64270  eV     1   --> A              
     e(  3 -  3) =    -20.24796  eV     1   --> A              
     e(  4 -  4) =    -18.56246  eV     1   --> A              
     e(  5 -  5) =    -15.68073  eV     1   --> A              
     e(  6 -  6) =    -13.41982  eV     1   --> A              
     e(  7 -  7) =    -11.10502  eV     1   --> A              
     e(  8 -  8) =    -10.71924  eV     1   --> A              
     e(  9 -  9) =    -10.57890  eV     1   --> A              
     e( 10 - 10) =    -10.01248  eV     1   --> A              
     e( 11 - 11) =     -9.57103  eV     1   --> A              
     e( 12 - 12) =     -8.90075  eV     1   --> A              
     e( 13 - 13) =     -8.88561  eV     1   --> A              
     e( 14 - 14) =     -8.09257  eV     1   --> A              
     e( 15 - 15) =     -7.92613  eV     1   --> A              
     e( 16 - 16) =     -7.59376  eV     1   --> A              
     e( 17 - 17) =     -6.47981  eV     1   --> A              
     e( 18 - 18) =     -1.28940  eV     1   --> A              
     e( 19 - 19) =     -0.06269  eV     1   --> A              
     e( 20 - 20) =      0.01206  eV     1   --> A              
     e( 21 - 21) =      0.30510  eV     1   --> A              

 **************************************************************************

 **************************************************************************

                    xk=(   0.00000,   0.00000,   0.11750  )

     Band symmetry, C_1 (1)     point group:

     e(  1 -  1) =    -22.57007  eV     1   --> A              
     e(  2 -  2) =    -21.65297  eV     1   --> A              
     e(  3 -  3) =    -20.25799  eV     1   --> A              
     e(  4 -  4) =    -18.57199  eV     1   --> A              
     e(  5 -  5) =    -15.68867  eV     1   --> A              
     e(  6 -  6) =    -13.42553  eV     1   --> A              
     e(  7 -  7) =    -11.09640  eV     1   --> A              
     e(  8 -  8) =    -10.69169  eV     1   --> A              
     e(  9 -  9) =    -10.59124  eV     1   --> A              
     e( 10 - 10) =     -9.97546  eV     1   --> A              
     e( 11 - 11) =     -9.58318  eV     1   --> A              
     e( 12 - 12) =     -8.89542  eV     1   --> A              
     e( 13 - 13) =     -8.84995  eV     1   --> A              
     e( 14 - 14) =     -8.10459  eV     1   --> A              
     e( 15 - 15) =     -7.89351  eV     1   --> A              
     e( 16 - 16) =     -7.58085  eV     1   --> A              
     e( 17 - 17) =     -6.49215  eV     1   --> A              
     e( 18 - 18) =     -1.28548  eV     1   --> A              
     e( 19 - 19) =     -0.07553  eV     1   --> A              
     e( 20 - 20) =     -0.00052  eV     1   --> A              
     e( 21 - 21) =      0.29196  eV     1   --> A              

 **************************************************************************

 **************************************************************************

                    xk=(   0.00000,   0.00000,   0.11500  )

     Band symmetry, C_1 (1)     point group:

     e(  1 -  1) =    -22.58024  eV     1   --> A              
     e(  2 -  2) =    -21.66303  eV     1   --> A              
     e(  3 -  3) =    -20.26781  eV     1   --> A              
     e(  4 -  4) =    -18.58131  eV     1   --> A              
     e(  5 -  5) =    -15.69648  eV     1   --> A              
     e(  6 -  6) =    -13.43117  eV     1   --> A              
     e(  7 -  7) =    -11.08933  eV     1   --> A              
     e(  8 -  8) =    -10.66315  eV     1   --> A              
     e(  9 -  9) =    -10.60332  eV     1   --> A              
     e( 10 - 10) =     -9.93885  eV     1   --> A              
     e( 11 - 11) =     -9.59508  eV     1   --> A              
     e( 12 - 12) =     -8.89044  eV     1   --> A              
     e( 13 - 13) =     -8.81460  eV     1   --> A              
     e( 14 - 14) =     -8.11636  eV     1   --> A              
     e( 15 - 15) =     -7.86111  eV     1   --> A              
     e( 16 - 16) =     -7.56826  eV     1   --> A              
     e( 17 - 17) =     -6.50423  eV     1   --> A              
     e( 18 - 18) =     -1.28175  eV     1   --> A              
     e( 19 - 19) =     -0.08812  eV     1   --> A              
     e( 20 - 20) =     -0.01286  eV     1   --> A              
     e( 21 - 21) =      0.27910  eV     1   --> A              

 **************************************************************************

 **************************************************************************

                    xk=(   0.00000,   0.00000,   0.11250  )

     Band symmetry, C_1 (1)     point group:

     e(  1 -  1) =    -22.59020  eV     1   --> A              
     e(  2 -  2) =    -21.67287  eV     1   --> A              
     e(  3 -  3) =    -20.27741  eV     1   --> A              
     e(  4 -  4) =    -18.59043  eV     1   --> A              
     e(  5 -  5) =    -15.70414  eV     1   --> A              
     e(  6 -  6) =    -13.43673  eV     1   --> A              
     e(  7 -  7) =    -11.08357  eV     1   --> A              
     e(  8 -  8) =    -10.63386  eV     1   --> A              
     e(  9 -  9) =    -10.61514  eV     1   --> A              
     e( 10 - 10) =     -9.90269  eV     1   --> A              
     e( 11 - 11) =     -9.60673  eV     1   --> A              
     e( 12 - 12) =     -8.88578  eV     1   --> A              
     e( 13 - 13) =     -8.77960  eV     1   --> A              
     e( 14 - 14) =     -8.12789  eV     1   --> A              
     e( 15 - 15) =     -7.82898  eV     1   --> A              
     e( 16 - 16) =     -7.55599  eV     1   --> A              
     e( 17 - 17) =     -6.51606  eV     1   --> A              
     e( 18 - 18) =     -1.27818  eV     1   --> A              
     e( 19 - 19) =     -0.10045  eV     1   --> A              
     e( 20 - 20) =     -0.02495  eV     1   --> A              
     e( 21 - 21) =      0.26651  eV     1   --> A              

 **************************************************************************

 **************************************************************************

                    xk=(   0.00000,   0.00000,   0.11000  )

     Band symmetry, C_1 (1)     point group:

     e(  1 -  1) =    -22.59993  eV     1   --> A              
     e(  2 -  2) =    -21.68250  eV     1   --> A              
     e(  3 -  3) =    -20.28681  eV     1   --> A              
     e(  4 -  4) =    -18.59936  eV     1   --> A              
     e(  5 -  5) =    -15.71165  eV     1   --> A              
     e(  6 -  6) =    -13.44222  eV     1   --> A              
     e(  7 -  7) =    -11.07890  eV     1   --> A              
     e(  8 -  8) =    -10.62671  eV     1   --> A              
     e(  9 -  9) =    -10.60403  eV     1   --> A              
     e( 10 - 10) =     -9.86698  eV     1   --> A              
     e( 11 - 11) =     -9.61813  eV     1   --> A              
     e( 12 - 12) =     -8.88142  eV     1   --> A              
     e( 13 - 13) =     -8.74496  eV     1   --> A              
     e( 14 - 14) =     -8.13917  eV     1   --> A              
     e( 15 - 15) =     -7.79713  eV     1   --> A              
     e( 16 - 16) =     -7.54403  eV     1   --> A              
     e( 17 - 17) =     -6.52764  eV     1   --> A              
     e( 18 - 18) =     -1.27478  eV     1   --> A              
     e( 19 - 19) =     -0.11252  eV     1   --> A              
     e( 20 - 20) =     -0.03678  eV     1   --> A              
     e( 21 - 21) =      0.25420  eV     1   --> A              

 **************************************************************************

 **************************************************************************

                    xk=(   0.00000,   0.00000,   0.10750  )

     Band symmetry, C_1 (1)     point group:

     e(  1 -  1) =    -22.60945  eV     1   --> A              
     e(  2 -  2) =    -21.69191  eV     1   --> A              
     e(  3 -  3) =    -20.29599  eV     1   --> A              
     e(  4 -  4) =    -18.60808  eV     1   --> A              
     e(  5 -  5) =    -15.71902  eV     1   --> A              
     e(  6 -  6) =    -13.44762  eV     1   --> A              
     e(  7 -  7) =    -11.07516  eV     1   --> A              
     e(  8 -  8) =    -10.63802  eV     1   --> A              
     e(  9 -  9) =    -10.57386  eV     1   --> A              
     e( 10 - 10) =     -9.83174  eV     1   --> A              
     e( 11 - 11) =     -9.62928  eV     1   --> A              
     e( 12 - 12) =     -8.87734  eV     1   --> A              
     e( 13 - 13) =     -8.71071  eV     1   --> A              
     e( 14 - 14) =     -8.15020  eV     1   --> A              
     e( 15 - 15) =     -7.76562  eV     1   --> A              
     e( 16 - 16) =     -7.53239  eV     1   --> A              
     e( 17 - 17) =     -6.53895  eV     1   --> A              
     e( 18 - 18) =     -1.27155  eV     1   --> A              
     e( 19 - 19) =     -0.12433  eV     1   --> A              
     e( 20 - 20) =     -0.04836  eV     1   --> A              
     e( 21 - 21) =      0.24217  eV     1   --> A              

 **************************************************************************

 **************************************************************************

                    xk=(   0.00000,   0.00000,   0.10500  )

     Band symmetry, C_1 (1)     point group:

     e(  1 -  1) =    -22.61875  eV     1   --> A              
     e(  2 -  2) =    -21.70111  eV     1   --> A              
     e(  3 -  3) =    -20.30497  eV     1   --> A              
     e(  4 -  4) =    -18.61661  eV     1   --> A              
     e(  5 -  5) =    -15.72624  eV     1   --> A              
     e(  6 -  6) =    -13.45293  eV     1   --> A              
     e(  7 -  7) =    -11.07218  eV     1   --> A              
     e(  8 -  8) =    -10.64907  eV     1   --> A              
     e(  9 -  9) =    -10.54349  eV     1   --> A              
     e( 10 - 10) =     -9.79698  eV     1   --> A              
     e( 11 - 11) =     -9.64018  eV     1   --> A              
     e( 12 - 12) =     -8.87351  eV     1   --> A              
     e( 13 - 13) =     -8.67687  eV     1   --> A              
     e( 14 - 14) =     -8.16098  eV     1   --> A              
     e( 15 - 15) =     -7.73446  eV     1   --> A              
     e( 16 - 16) =     -7.52106  eV     1   --> A              
     e( 17 - 17) =     -6.55001  eV     1   --> A              
     e( 18 - 18) =     -1.26847  eV     1   --> A              
     e( 19 - 19) =     -0.13588  eV     1   --> A              
     e( 20 - 20) =     -0.05969  eV     1   --> A              
     e( 21 - 21) =      0.23042  eV     1   --> A              

 **************************************************************************

 **************************************************************************

                    xk=(   0.00000,   0.00000,   0.10250  )

     Band symmetry, C_1 (1)     point group:

     e(  1 -  1) =    -22.62783  eV     1   --> A              
     e(  2 -  2) =    -21.71009  eV     1   --> A              
     e(  3 -  3) =    -20.31374  eV     1   --> A              
     e(  4 -  4) =    -18.62493  eV     1   --> A              
     e(  5 -  5) =    -15.73331  eV     1   --> A              
     e(  6 -  6) =    -13.45816  eV     1   --> A              
     e(  7 -  7) =    -11.06985  eV     1   --> A              
     e(  8 -  8) =    -10.65987  eV     1   --> A              
     e(  9 -  9) =    -10.51307  eV     1   --> A              
     e( 10 - 10) =     -9.76273  eV     1   --> A              
     e( 11 - 11) =     -9.65082  eV     1   --> A              
     e( 12 - 12) =     -8.86993  eV     1   --> A              
     e( 13 - 13) =     -8.64346  eV     1   --> A              
     e( 14 - 14) =     -8.17151  eV     1   --> A              
     e( 15 - 15) =     -7.70368  eV     1   --> A              
     e( 16 - 16) =     -7.51006  eV     1   --> A              
     e( 17 - 17) =     -6.56082  eV     1   --> A              
     e( 18 - 18) =     -1.26554  eV     1   --> A              
     e( 19 - 19) =     -0.14717  eV     1   --> A              
     e( 20 - 20) =     -0.07077  eV     1   --> A              
     e( 21 - 21) =      0.21894  eV     1   --> A              

 **************************************************************************

 **************************************************************************

                    xk=(   0.00000,   0.00000,   0.10000  )

     Band symmetry, C_1 (1)     point group:

     e(  1 -  1) =    -22.63670  eV     1   --> A              
     e(  2 -  2) =    -21.71886  eV     1   --> A              
     e(  3 -  3) =    -20.32229  eV     1   --> A              
     e(  4 -  4) =    -18.63306  eV     1   --> A              
     e(  5 -  5) =    -15.74022  eV     1   --> A              
     e(  6 -  6) =    -13.46329  eV     1   --> A              
     e(  7 -  7) =    -11.06805  eV     1   --> A              
     e(  8 -  8) =    -10.67041  eV     1   --> A              
     e(  9 -  9) =    -10.48271  eV     1   --> A              
     e( 10 - 10) =     -9.72899  eV     1   --> A              
     e( 11 - 11) =     -9.66121  eV     1   --> A              
     e( 12 - 12) =     -8.86659  eV     1   --> A              
     e( 13 - 13) =     -8.61050  eV     1   --> A              
     e( 14 - 14) =     -8.18180  eV     1   --> A              
     e( 15 - 15) =     -7.67331  eV     1   --> A              
     e( 16 - 16) =     -7.49937  eV     1   --> A              
     e( 17 - 17) =     -6.57136  eV     1   --> A              
     e( 18 - 18) =     -1.26275  eV     1   --> A              
     e( 19 - 19) =     -0.15820  eV     1   --> A              
     e( 20 - 20) =     -0.08159  eV     1   --> A              
     e( 21 - 21) =      0.20774  eV     1   --> A              

 **************************************************************************

 **************************************************************************

                    xk=(   0.00000,   0.00000,   0.09750  )

     Band symmetry, C_1 (1)     point group:

     e(  1 -  1) =    -22.64534  eV     1   --> A              
     e(  2 -  2) =    -21.72741  eV     1   --> A              
     e(  3 -  3) =    -20.33064  eV     1   --> A              
     e(  4 -  4) =    -18.64099  eV     1   --> A              
     e(  5 -  5) =    -15.74698  eV     1   --> A              
     e(  6 -  6) =    -13.46833  eV     1   --> A              
     e(  7 -  7) =    -11.06671  eV     1   --> A              
     e(  8 -  8) =    -10.68069  eV     1   --> A              
     e(  9 -  9) =    -10.45250  eV     1   --> A              
     e( 10 - 10) =     -9.69579  eV     1   --> A              
     e( 11 - 11) =     -9.67135  eV     1   --> A              
     e( 12 - 12) =     -8.86346  eV     1   --> A              
     e( 13 - 13) =     -8.57801  eV     1   --> A              
     e( 14 - 14) =     -8.19184  eV     1   --> A              
     e( 15 - 15) =     -7.64338  eV     1   --> A              
     e( 16 - 16) =     -7.48900  eV     1   --> A              
     e( 17 - 17) =     -6.58165  eV     1   --> A              
     e( 18 - 18) =     -1.26011  eV     1   --> A              
     e( 19 - 19) =     -0.16897  eV     1   --> A              
     e( 20 - 20) =     -0.09215  eV     1   --> A              
     e( 21 - 21) =      0.19682  eV     1   --> A              

 **************************************************************************

 **************************************************************************

                    xk=(   0.00000,   0.00000,   0.09500  )

     Band symmetry, C_1 (1)     point group:

     e(  1 -  1) =    -22.65377  eV     1   --> A              
     e(  2 -  2) =    -21.73574  eV     1   --> A              
     e(  3 -  3) =    -20.33878  eV     1   --> A              
     e(  4 -  4) =    -18.64871  eV     1   --> A              
     e(  5 -  5) =    -15.75358  eV     1   --> A              
     e(  6 -  6) =    -13.47327  eV     1   --> A              
     e(  7 -  7) =    -11.06574  eV     1   --> A              
     e(  8 -  8) =    -10.69071  eV     1   --> A              
     e(  9 -  9) =    -10.42252  eV     1   --> A              
     e( 10 - 10) =     -9.68123  eV     1   --> A              
     e( 11 - 11) =     -9.66314  eV     1   --> A              
     e( 12 - 12) =     -8.86055  eV     1   --> A              
     e( 13 - 13) =     -8.54601  eV     1   --> A              
     e( 14 - 14) =     -8.20162  eV     1   --> A              
     e( 15 - 15) =     -7.61390  eV     1   --> A              
     e( 16 - 16) =     -7.47895  eV     1   --> A              
     e( 17 - 17) =     -6.59169  eV     1   --> A              
     e( 18 - 18) =     -1.25760  eV     1   --> A              
     e( 19 - 19) =     -0.17947  eV     1   --> A              
     e( 20 - 20) =     -0.10245  eV     1   --> A              
     e( 21 - 21) =      0.18617  eV     1   --> A              

 **************************************************************************

 **************************************************************************

                    xk=(   0.00000,   0.00000,   0.09250  )

     Band symmetry, C_1 (1)     point group:

     e(  1 -  1) =    -22.66198  eV     1   --> A              
     e(  2 -  2) =    -21.74387  eV     1   --> A              
     e(  3 -  3) =    -20.34670  eV     1   --> A              
     e(  4 -  4) =    -18.65624  eV     1   --> A              
     e(  5 -  5) =    -15.76003  eV     1   --> A              
     e(  6 -  6) =    -13.47811  eV     1   --> A              
     e(  7 -  7) =    -11.06510  eV     1   --> A              
     e(  8 -  8) =    -10.70048  eV     1   --> A              
     e(  9 -  9) =    -10.39285  eV     1   --> A              
     e( 10 - 10) =     -9.69086  eV     1   --> A              
     e( 11 - 11) =     -9.63105  eV     1   --> A              
     e( 12 - 12) =     -8.85783  eV     1   --> A              
     e( 13 - 13) =     -8.51451  eV     1   --> A              
     e( 14 - 14) =     -8.21116  eV     1   --> A              
     e( 15 - 15) =     -7.58492  eV     1   --> A              
     e( 16 - 16) =     -7.46921  eV     1   --> A              
     e( 17 - 17) =     -6.60146  eV     1   --> A              
     e( 18 - 18) =     -1.25522  eV     1   --> A              
     e( 19 - 19) =     -0.18971  eV     1   --> A              
     e( 20 - 20) =     -0.11250  eV     1   --> A              
     e( 21 - 21) =      0.17579  eV     1   --> A              

 **************************************************************************

 **************************************************************************

                    xk=(   0.00000,   0.00000,   0.09000  )

     Band symmetry, C_1 (1)     point group:

     e(  1 -  1) =    -22.66997  eV     1   --> A              
     e(  2 -  2) =    -21.75177  eV     1   --> A              
     e(  3 -  3) =    -20.35442  eV     1   --> A              
     e(  4 -  4) =    -18.66357  eV     1   --> A              
     e(  5 -  5) =    -15.76632  eV     1   --> A              
     e(  6 -  6) =    -13.48284  eV     1   --> A              
     e(  7 -  7) =    -11.06473  eV     1   --> A              
     e(  8 -  8) =    -10.70999  eV     1   --> A              
     e(  9 -  9) =    -10.36353  eV     1   --> A              
     e( 10 - 10) =     -9.70024  eV     1   --> A              
     e( 11 - 11) =     -9.59953  eV     1   --> A              
     e( 12 - 12) =     -8.85531  eV     1   --> A              
     e( 13 - 13) =     -8.48355  eV     1   --> A              
     e( 14 - 14) =     -8.22044  eV     1   --> A              
     e( 15 - 15) =     -7.55643  eV     1   --> A              
     e( 16 - 16) =     -7.45980  eV     1   --> A              
     e( 17 - 17) =     -6.61098  eV     1   --> A              
     e( 18 - 18) =     -1.25296  eV     1   --> A              
     e( 19 - 19) =     -0.19968  eV     1   --> A              
     e( 20 - 20) =     -0.12229  eV     1   --> A              
     e( 21 - 21) =      0.16569  eV     1   --> A              

 **************************************************************************

 **************************************************************************

                    xk=(   0.00000,   0.00000,   0.08750  )

     Band symmetry, C_1 (1)     point group:

     e(  1 -  1) =    -22.67774  eV     1   --> A              
     e(  2 -  2) =    -21.75946  eV     1   --> A              
     e(  3 -  3) =    -20.36193  eV     1   --> A              
     e(  4 -  4) =    -18.67069  eV     1   --> A              
     e(  5 -  5) =    -15.77244  eV     1   --> A              
     e(  6 -  6) =    -13.48747  eV     1   --> A              
     e(  7 -  7) =    -11.06458  eV     1   --> A              
     e(  8 -  8) =    -10.71924  eV     1   --> A              
     e(  9 -  9) =    -10.33463  eV     1   --> A              
     e( 10 - 10) =     -9.70936  eV     1   --> A              
     e( 11 - 11) =     -9.56861  eV     1   --> A              
     e( 12 - 12) =     -8.85297  eV     1   --> A              
     e( 13 - 13) =     -8.45313  eV     1   --> A              
     e( 14 - 14) =     -8.22948  eV     1   --> A              
     e( 15 - 15) =     -7.52848  eV     1   --> A              
     e( 16 - 16) =     -7.45071  eV     1   --> A              
     e( 17 - 17) =     -6.62024  eV     1   --> A              
     e( 18 - 18) =     -1.25083  eV     1   --> A              
     e( 19 - 19) =     -0.20939  eV     1   --> A              
     e( 20 - 20) =     -0.13182  eV     1   --> A              
     e( 21 - 21) =      0.15587  eV     1   --> A              

 **************************************************************************

 **************************************************************************

                    xk=(   0.00000,   0.00000,   0.08500  )

     Band symmetry, C_1 (1)     point group:

     e(  1 -  1) =    -22.68530  eV     1   --> A              
     e(  2 -  2) =    -21.76693  eV     1   --> A              
     e(  3 -  3) =    -20.36922  eV     1   --> A              
     e(  4 -  4) =    -18.67762  eV     1   --> A              
     e(  5 -  5) =    -15.77841  eV     1   --> A              
     e(  6 -  6) =    -13.49199  eV     1   --> A              
     e(  7 -  7) =    -11.06463  eV     1   --> A              
     e(  8 -  8) =    -10.72823  eV     1   --> A              
     e(  9 -  9) =    -10.30619  eV     1   --> A              
     e( 10 - 10) =     -9.71823  eV     1   --> A              
     e( 11 - 11) =     -9.53830  eV     1   --> A              
     e( 12 - 12) =     -8.85081  eV     1   --> A              
     e( 13 - 13) =     -8.42328  eV     1   --> A              
     e( 14 - 14) =     -8.23826  eV     1   --> A              
     e( 15 - 15) =     -7.50107  eV     1   --> A              
     e( 16 - 16) =     -7.44193  eV     1   --> A              
     e( 17 - 17) =     -6.62924  eV     1   --> A              
     e( 18 - 18) =     -1.24881  eV     1   --> A              
     e( 19 - 19) =     -0.21884  eV     1   --> A              
     e( 20 - 20) =     -0.14109  eV     1   --> A              
     e( 21 - 21) =      0.14633  eV     1   --> A              

 **************************************************************************

 **************************************************************************

                    xk=(   0.00000,   0.00000,   0.08250  )

     Band symmetry, C_1 (1)     point group:

     e(  1 -  1) =    -22.69263  eV     1   --> A              
     e(  2 -  2) =    -21.77419  eV     1   --> A              
     e(  3 -  3) =    -20.37630  eV     1   --> A              
     e(  4 -  4) =    -18.68434  eV     1   --> A              
     e(  5 -  5) =    -15.78422  eV     1   --> A              
     e(  6 -  6) =    -13.49639  eV     1   --> A              
     e(  7 -  7) =    -11.06483  eV     1   --> A              
     e(  8 -  8) =    -10.73696  eV     1   --> A              
     e(  9 -  9) =    -10.27825  eV     1   --> A              
     e( 10 - 10) =     -9.72685  eV     1   --> A              
     e( 11 - 11) =     -9.50861  eV     1   --> A              
     e( 12 - 12) =     -8.84882  eV     1   --> A              
     e( 13 - 13) =     -8.39401  eV     1   --> A              
     e( 14 - 14) =     -8.24680  eV     1   --> A              
     e( 15 - 15) =     -7.47423  eV     1   --> A              
     e( 16 - 16) =     -7.43347  eV     1   --> A              
     e( 17 - 17) =     -6.63798  eV     1   --> A              
     e( 18 - 18) =     -1.24690  eV     1   --> A              
     e( 19 - 19) =     -0.22802  eV     1   --> A              
     e( 20 - 20) =     -0.15011  eV     1   --> A              
     e( 21 - 21) =      0.13705  eV     1   --> A              

 **************************************************************************

 **************************************************************************

                    xk=(   0.00000,   0.00000,   0.08000  )

     Band symmetry, C_1 (1)     point group:

     e(  1 -  1) =    -22.69975  eV     1   --> A              
     e(  2 -  2) =    -21.78123  eV     1   --> A              
     e(  3 -  3) =    -20.38318  eV     1   --> A              
     e(  4 -  4) =    -18.69087  eV     1   --> A              
     e(  5 -  5) =    -15.78986  eV     1   --> A              
     e(  6 -  6) =    -13.50069  eV     1   --> A              
     e(  7 -  7) =    -11.06518  eV     1   --> A              
     e(  8 -  8) =    -10.74543  eV     1   --> A              
     e(  9 -  9) =    -10.25084  eV     1   --> A              
     e( 10 - 10) =     -9.73521  eV     1   --> A              
     e( 11 - 11) =     -9.47955  eV     1   --> A              
     e( 12 - 12) =     -8.84700  eV     1   --> A              
     e( 13 - 13) =     -8.36534  eV     1   --> A              
     e( 14 - 14) =     -8.25508  eV     1   --> A              
     e( 15 - 15) =     -7.44798  eV     1   --> A              
     e( 16 - 16) =     -7.42532  eV     1   --> A              
     e( 17 - 17) =     -6.64647  eV     1   --> A              
     e( 18 - 18) =     -1.24510  eV     1   --> A              
     e( 19 - 19) =     -0.23693  eV     1   --> A              
     e( 20 - 20) =     -0.15885  eV     1   --> A              
     e( 21 - 21) =      0.12806  eV     1   --> A              

 **************************************************************************

 **************************************************************************

                    xk=(   0.00000,   0.00000,   0.07750  )

     Band symmetry, C_1 (1)     point group:

     e(  1 -  1) =    -22.70665  eV     1   --> A              
     e(  2 -  2) =    -21.78805  eV     1   --> A              
     e(  3 -  3) =    -20.38984  eV     1   --> A              
     e(  4 -  4) =    -18.69720  eV     1   --> A              
     e(  5 -  5) =    -15.79534  eV     1   --> A              
     e(  6 -  6) =    -13.50487  eV     1   --> A              
     e(  7 -  7) =    -11.06564  eV     1   --> A              
     e(  8 -  8) =    -10.75365  eV     1   --> A              
     e(  9 -  9) =    -10.22401  eV     1   --> A              
     e( 10 - 10) =     -9.74331  eV     1   --> A              
     e( 11 - 11) =     -9.45114  eV     1   --> A              
     e( 12 - 12) =     -8.84535  eV     1   --> A              
     e( 13 - 13) =     -8.33730  eV     1   --> A              
     e( 14 - 14) =     -8.26311  eV     1   --> A              
     e( 15 - 15) =     -7.42239  eV     1   --> A              
     e( 16 - 16) =     -7.41744  eV     1   --> A              
     e( 17 - 17) =     -6.65469  eV     1   --> A              
     e( 18 - 18) =     -1.24339  eV     1   --> A              
     e( 19 - 19) =     -0.24557  eV     1   --> A              
     e( 20 - 20) =     -0.16734  eV     1   --> A              
     e( 21 - 21) =      0.11934  eV     1   --> A              

 **************************************************************************

 **************************************************************************

                    xk=(   0.00000,   0.00000,   0.07500  )

     Band symmetry, C_1 (1)     point group:

     e(  1 -  1) =    -22.71333  eV     1   --> A              
     e(  2 -  2) =    -21.79466  eV     1   --> A              
     e(  3 -  3) =    -20.39629  eV     1   --> A              
     e(  4 -  4) =    -18.70332  eV     1   --> A              
     e(  5 -  5) =    -15.80065  eV     1   --> A              
     e(  6 -  6) =    -13.50893  eV     1   --> A              
     e(  7 -  7) =    -11.06619  eV     1   --> A              
     e(  8 -  8) =    -10.76160  eV     1   --> A              
     e(  9 -  9) =    -10.19778  eV     1   --> A              
     e( 10 - 10) =     -9.75116  eV     1   --> A              
     e( 11 - 11) =     -9.42338  eV     1   --> A              
     e( 12 - 12) =     -8.84385  eV     1   --> A              
     e( 13 - 13) =     -8.30989  eV     1   --> A              
     e( 14 - 14) =     -8.27088  eV     1   --> A              
     e( 15 - 15) =     -7.41004  eV     1   --> A              
     e( 16 - 16) =     -7.39726  eV     1   --> A              
     e( 17 - 17) =     -6.66266  eV     1   --> A              
     e( 18 - 18) =     -1.24179  eV     1   --> A              
     e( 19 - 19) =     -0.25395  eV     1   --> A              
     e( 20 - 20) =     -0.17557  eV     1   --> A              
     e( 21 - 21) =      0.11089  eV     1   --> A              

 **************************************************************************

 **************************************************************************

                    xk=(   0.00000,   0.00000,   0.07250  )

     Band symmetry, C_1 (1)     point group:

     e(  1 -  1) =    -22.71980  eV     1   --> A              
     e(  2 -  2) =    -21.80105  eV     1   --> A              
     e(  3 -  3) =    -20.40253  eV     1   --> A              
     e(  4 -  4) =    -18.70924  eV     1   --> A              
     e(  5 -  5) =    -15.80580  eV     1   --> A              
     e(  6 -  6) =    -13.51287  eV     1   --> A              
     e(  7 -  7) =    -11.06682  eV     1   --> A              
     e(  8 -  8) =    -10.76930  eV     1   --> A              
     e(  9 -  9) =    -10.17217  eV     1   --> A              
     e( 10 - 10) =     -9.75876  eV     1   --> A              
     e( 11 - 11) =     -9.39630  eV     1   --> A              
     e( 12 - 12) =     -8.84252  eV     1   --> A              
     e( 13 - 13) =     -8.28313  eV     1   --> A              
     e( 14 - 14) =     -8.27841  eV     1   --> A              
     e( 15 - 15) =     -7.40282  eV     1   --> A              
     e( 16 - 16) =     -7.37289  eV     1   --> A              
     e( 17 - 17) =     -6.67036  eV     1   --> A              
     e( 18 - 18) =     -1.24028  eV     1   --> A              
     e( 19 - 19) =     -0.26205  eV     1   --> A              
     e( 20 - 20) =     -0.18353  eV     1   --> A              
     e( 21 - 21) =      0.10273  eV     1   --> A              

 **************************************************************************

 **************************************************************************

                    xk=(   0.00000,   0.00000,   0.07000  )

     Band symmetry, C_1 (1)     point group:

     e(  1 -  1) =    -22.72604  eV     1   --> A              
     e(  2 -  2) =    -21.80723  eV     1   --> A              
     e(  3 -  3) =    -20.40856  eV     1   --> A              
     e(  4 -  4) =    -18.71497  eV     1   --> A              
     e(  5 -  5) =    -15.81078  eV     1   --> A              
     e(  6 -  6) =    -13.51670  eV     1   --> A              
     e(  7 -  7) =    -11.06751  eV     1   --> A              
     e(  8 -  8) =    -10.77674  eV     1   --> A              
     e(  9 -  9) =    -10.14723  eV     1   --> A              
     e( 10 - 10) =     -9.76610  eV     1   --> A              
     e( 11 - 11) =     -9.36991  eV     1   --> A              
     e( 12 - 12) =     -8.84134  eV     1   --> A              
     e( 13 - 13) =     -8.28568  eV     1   --> A              
     e( 14 - 14) =     -8.25705  eV     1   --> A              
     e( 15 - 15) =     -7.39594  eV     1   --> A              
     e( 16 - 16) =     -7.34917  eV     1   --> A              
     e( 17 - 17) =     -6.67781  eV     1   --> A              
     e( 18 - 18) =     -1.23885  eV     1   --> A              
     e( 19 - 19) =     -0.26989  eV     1   --> A              
     e( 20 - 20) =     -0.19123  eV     1   --> A              
     e( 21 - 21) =      0.09483  eV     1   --> A              

 **************************************************************************

 **************************************************************************

                    xk=(   0.00000,   0.00000,   0.06750  )

     Band symmetry, C_1 (1)     point group:

     e(  1 -  1) =    -22.73207  eV     1   --> A              
     e(  2 -  2) =    -21.81319  eV     1   --> A              
     e(  3 -  3) =    -20.41438  eV     1   --> A              
     e(  4 -  4) =    -18.72049  eV     1   --> A              
     e(  5 -  5) =    -15.81559  eV     1   --> A              
     e(  6 -  6) =    -13.52040  eV     1   --> A              
     e(  7 -  7) =    -11.06825  eV     1   --> A              
     e(  8 -  8) =    -10.78391  eV     1   --> A              
     e(  9 -  9) =    -10.12296  eV     1   --> A              
     e( 10 - 10) =     -9.77318  eV     1   --> A              
     e( 11 - 11) =     -9.34420  eV     1   --> A              
     e( 12 - 12) =     -8.84032  eV     1   --> A              
     e( 13 - 13) =     -8.29270  eV     1   --> A              
     e( 14 - 14) =     -8.23166  eV     1   --> A              
     e( 15 - 15) =     -7.38937  eV     1   --> A              
     e( 16 - 16) =     -7.32612  eV     1   --> A              
     e( 17 - 17) =     -6.68500  eV     1   --> A              
     e( 18 - 18) =     -1.23752  eV     1   --> A              
     e( 19 - 19) =     -0.27745  eV     1   --> A              
     e( 20 - 20) =     -0.19866  eV     1   --> A              
     e( 21 - 21) =      0.08722  eV     1   --> A              

 **************************************************************************

 **************************************************************************

                    xk=(   0.00000,   0.00000,   0.06500  )

     Band symmetry, C_1 (1)     point group:

     e(  1 -  1) =    -22.73787  eV     1   --> A              
     e(  2 -  2) =    -21.81893  eV     1   --> A              
     e(  3 -  3) =    -20.41999  eV     1   --> A              
     e(  4 -  4) =    -18.72582  eV     1   --> A              
     e(  5 -  5) =    -15.82023  eV     1   --> A              
     e(  6 -  6) =    -13.52398  eV     1   --> A              
     e(  7 -  7) =    -11.06903  eV     1   --> A              
     e(  8 -  8) =    -10.79083  eV     1   --> A              
     e(  9 -  9) =    -10.09939  eV     1   --> A              
     e( 10 - 10) =     -9.78001  eV     1   --> A              
     e( 11 - 11) =     -9.31920  eV     1   --> A              
     e( 12 - 12) =     -8.83946  eV     1   --> A              
     e( 13 - 13) =     -8.29947  eV     1   --> A              
     e( 14 - 14) =     -8.20698  eV     1   --> A              
     e( 15 - 15) =     -7.38310  eV     1   --> A              
     e( 16 - 16) =     -7.30376  eV     1   --> A              
     e( 17 - 17) =     -6.69192  eV     1   --> A              
     e( 18 - 18) =     -1.23626  eV     1   --> A              
     e( 19 - 19) =     -0.28475  eV     1   --> A              
     e( 20 - 20) =     -0.20583  eV     1   --> A              
     e( 21 - 21) =      0.07987  eV     1   --> A              

 **************************************************************************

 **************************************************************************

                    xk=(   0.00000,   0.00000,   0.06250  )

     Band symmetry, C_1 (1)     point group:

     e(  1 -  1) =    -22.74346  eV     1   --> A              
     e(  2 -  2) =    -21.82446  eV     1   --> A              
     e(  3 -  3) =    -20.42538  eV     1   --> A              
     e(  4 -  4) =    -18.73094  eV     1   --> A              
     e(  5 -  5) =    -15.82471  eV     1   --> A              
     e(  6 -  6) =    -13.52743  eV     1   --> A              
     e(  7 -  7) =    -11.06983  eV     1   --> A              
     e(  8 -  8) =    -10.79749  eV     1   --> A              
     e(  9 -  9) =    -10.07655  eV     1   --> A              
     e( 10 - 10) =     -9.78658  eV     1   --> A              
     e( 11 - 11) =     -9.29492  eV     1   --> A              
     e( 12 - 12) =     -8.83875  eV     1   --> A              
     e( 13 - 13) =     -8.30598  eV     1   --> A              
     e( 14 - 14) =     -8.18302  eV     1   --> A              
     e( 15 - 15) =     -7.37715  eV     1   --> A              
     e( 16 - 16) =     -7.28210  eV     1   --> A              
     e( 17 - 17) =     -6.69859  eV     1   --> A              
     e( 18 - 18) =     -1.23508  eV     1   --> A              
     e( 19 - 19) =     -0.29177  eV     1   --> A              
     e( 20 - 20) =     -0.21273  eV     1   --> A              
     e( 21 - 21) =      0.07281  eV     1   --> A              

 **************************************************************************

 **************************************************************************

                    xk=(   0.00000,   0.00000,   0.06000  )

     Band symmetry, C_1 (1)     point group:

     e(  1 -  1) =    -22.74883  eV     1   --> A              
     e(  2 -  2) =    -21.82977  eV     1   --> A              
     e(  3 -  3) =    -20.43057  eV     1   --> A              
     e(  4 -  4) =    -18.73586  eV     1   --> A              
     e(  5 -  5) =    -15.82901  eV     1   --> A              
     e(  6 -  6) =    -13.53076  eV     1   --> A              
     e(  7 -  7) =    -11.07066  eV     1   --> A              
     e(  8 -  8) =    -10.80388  eV     1   --> A              
     e(  9 -  9) =    -10.05445  eV     1   --> A              
     e( 10 - 10) =     -9.79289  eV     1   --> A              
     e( 11 - 11) =     -9.27136  eV     1   --> A              
     e( 12 - 12) =     -8.83820  eV     1   --> A              
     e( 13 - 13) =     -8.31224  eV     1   --> A              
     e( 14 - 14) =     -8.15981  eV     1   --> A              
     e( 15 - 15) =     -7.37149  eV     1   --> A              
     e( 16 - 16) =     -7.26117  eV     1   --> A              
     e( 17 - 17) =     -6.70500  eV     1   --> A              
     e( 18 - 18) =     -1.23398  eV     1   --> A              
     e( 19 - 19) =     -0.29852  eV     1   --> A              
     e( 20 - 20) =     -0.21937  eV     1   --> A              
     e( 21 - 21) =      0.06602  eV     1   --> A              

 **************************************************************************

 **************************************************************************

                    xk=(   0.00000,   0.00000,   0.05750  )

     Band symmetry, C_1 (1)     point group:

     e(  1 -  1) =    -22.75398  eV     1   --> A              
     e(  2 -  2) =    -21.83487  eV     1   --> A              
     e(  3 -  3) =    -20.43554  eV     1   --> A              
     e(  4 -  4) =    -18.74058  eV     1   --> A              
     e(  5 -  5) =    -15.83314  eV     1   --> A              
     e(  6 -  6) =    -13.53396  eV     1   --> A              
     e(  7 -  7) =    -11.07150  eV     1   --> A              
     e(  8 -  8) =    -10.81002  eV     1   --> A              
     e(  9 -  9) =    -10.03311  eV     1   --> A              
     e( 10 - 10) =     -9.79895  eV     1   --> A              
     e( 11 - 11) =     -9.24854  eV     1   --> A              
     e( 12 - 12) =     -8.83781  eV     1   --> A              
     e( 13 - 13) =     -8.31824  eV     1   --> A              
     e( 14 - 14) =     -8.13736  eV     1   --> A              
     e( 15 - 15) =     -7.36614  eV     1   --> A              
     e( 16 - 16) =     -7.24097  eV     1   --> A              
     e( 17 - 17) =     -6.71114  eV     1   --> A              
     e( 18 - 18) =     -1.23295  eV     1   --> A              
     e( 19 - 19) =     -0.30501  eV     1   --> A              
     e( 20 - 20) =     -0.22574  eV     1   --> A              
     e( 21 - 21) =      0.05950  eV     1   --> A              

 **************************************************************************

 **************************************************************************

                    xk=(   0.00000,   0.00000,   0.05500  )

     Band symmetry, C_1 (1)     point group:

     e(  1 -  1) =    -22.75891  eV     1   --> A              
     e(  2 -  2) =    -21.83974  eV     1   --> A              
     e(  3 -  3) =    -20.44031  eV     1   --> A              
     e(  4 -  4) =    -18.74510  eV     1   --> A              
     e(  5 -  5) =    -15.83711  eV     1   --> A              
     e(  6 -  6) =    -13.53703  eV     1   --> A              
     e(  7 -  7) =    -11.07234  eV     1   --> A              
     e(  8 -  8) =    -10.81590  eV     1   --> A              
     e(  9 -  9) =    -10.01255  eV     1   --> A              
     e( 10 - 10) =     -9.80475  eV     1   --> A              
     e( 11 - 11) =     -9.22646  eV     1   --> A              
     e( 12 - 12) =     -8.83757  eV     1   --> A              
     e( 13 - 13) =     -8.32399  eV     1   --> A              
     e( 14 - 14) =     -8.11569  eV     1   --> A              
     e( 15 - 15) =     -7.36108  eV     1   --> A              
     e( 16 - 16) =     -7.22152  eV     1   --> A              
     e( 17 - 17) =     -6.71703  eV     1   --> A              
     e( 18 - 18) =     -1.23199  eV     1   --> A              
     e( 19 - 19) =     -0.31121  eV     1   --> A              
     e( 20 - 20) =     -0.23184  eV     1   --> A              
     e( 21 - 21) =      0.05327  eV     1   --> A              

 **************************************************************************

 **************************************************************************

                    xk=(   0.00000,   0.00000,   0.05250  )

     Band symmetry, C_1 (1)     point group:

     e(  1 -  1) =    -22.76362  eV     1   --> A              
     e(  2 -  2) =    -21.84441  eV     1   --> A              
     e(  3 -  3) =    -20.44486  eV     1   --> A              
     e(  4 -  4) =    -18.74942  eV     1   --> A              
     e(  5 -  5) =    -15.84090  eV     1   --> A              
     e(  6 -  6) =    -13.53998  eV     1   --> A              
     e(  7 -  7) =    -11.07317  eV     1   --> A              
     e(  8 -  8) =    -10.82151  eV     1   --> A              
     e(  9 -  9) =     -9.99278  eV     1   --> A              
     e( 10 - 10) =     -9.81029  eV     1   --> A              
     e( 11 - 11) =     -9.20513  eV     1   --> A              
     e( 12 - 12) =     -8.83750  eV     1   --> A              
     e( 13 - 13) =     -8.32949  eV     1   --> A              
     e( 14 - 14) =     -8.09481  eV     1   --> A              
     e( 15 - 15) =     -7.35631  eV     1   --> A              
     e( 16 - 16) =     -7.20284  eV     1   --> A              
     e( 17 - 17) =     -6.72265  eV     1   --> A              
     e( 18 - 18) =     -1.23109  eV     1   --> A              
     e( 19 - 19) =     -0.31715  eV     1   --> A              
     e( 20 - 20) =     -0.23768  eV     1   --> A              
     e( 21 - 21) =      0.04730  eV     1   --> A              

 **************************************************************************

 **************************************************************************

                    xk=(   0.00000,   0.00000,   0.05000  )

     Band symmetry, C_1 (1)     point group:

     e(  1 -  1) =    -22.76812  eV     1   --> A              
     e(  2 -  2) =    -21.84885  eV     1   --> A              
     e(  3 -  3) =    -20.44920  eV     1   --> A              
     e(  4 -  4) =    -18.75354  eV     1   --> A              
     e(  5 -  5) =    -15.84451  eV     1   --> A              
     e(  6 -  6) =    -13.54279  eV     1   --> A              
     e(  7 -  7) =    -11.07400  eV     1   --> A              
     e(  8 -  8) =    -10.82687  eV     1   --> A              
     e(  9 -  9) =     -9.97384  eV     1   --> A              
     e( 10 - 10) =     -9.81558  eV     1   --> A              
     e( 11 - 11) =     -9.18455  eV     1   --> A              
     e( 12 - 12) =     -8.83759  eV     1   --> A              
     e( 13 - 13) =     -8.33473  eV     1   --> A              
     e( 14 - 14) =     -8.07475  eV     1   --> A              
     e( 15 - 15) =     -7.35183  eV     1   --> A              
     e( 16 - 16) =     -7.18493  eV     1   --> A              
     e( 17 - 17) =     -6.72802  eV     1   --> A              
     e( 18 - 18) =     -1.23025  eV     1   --> A              
     e( 19 - 19) =     -0.32281  eV     1   --> A              
     e( 20 - 20) =     -0.24324  eV     1   --> A              
     e( 21 - 21) =      0.04162  eV     1   --> A              

 **************************************************************************

 **************************************************************************

                    xk=(   0.00000,   0.00000,   0.04750  )

     Band symmetry, C_1 (1)     point group:

     e(  1 -  1) =    -22.77239  eV     1   --> A              
     e(  2 -  2) =    -21.85308  eV     1   --> A              
     e(  3 -  3) =    -20.45332  eV     1   --> A              
     e(  4 -  4) =    -18.75746  eV     1   --> A              
     e(  5 -  5) =    -15.84796  eV     1   --> A              
     e(  6 -  6) =    -13.54547  eV     1   --> A              
     e(  7 -  7) =    -11.07482  eV     1   --> A              
     e(  8 -  8) =    -10.83196  eV     1   --> A              
     e(  9 -  9) =     -9.95571  eV     1   --> A              
     e( 10 - 10) =     -9.82061  eV     1   --> A              
     e( 11 - 11) =     -9.16474  eV     1   --> A              
     e( 12 - 12) =     -8.83784  eV     1   --> A              
     e( 13 - 13) =     -8.33972  eV     1   --> A              
     e( 14 - 14) =     -8.05551  eV     1   --> A              
     e( 15 - 15) =     -7.34764  eV     1   --> A              
     e( 16 - 16) =     -7.16782  eV     1   --> A              
     e( 17 - 17) =     -6.73312  eV     1   --> A              
     e( 18 - 18) =     -1.22947  eV     1   --> A              
     e( 19 - 19) =     -0.32820  eV     1   --> A              
     e( 20 - 20) =     -0.24854  eV     1   --> A              
     e( 21 - 21) =      0.03621  eV     1   --> A              

 **************************************************************************

 **************************************************************************

                    xk=(   0.00000,   0.00000,   0.04500  )

     Band symmetry, C_1 (1)     point group:

     e(  1 -  1) =    -22.77645  eV     1   --> A              
     e(  2 -  2) =    -21.85709  eV     1   --> A              
     e(  3 -  3) =    -20.45724  eV     1   --> A              
     e(  4 -  4) =    -18.76118  eV     1   --> A              
     e(  5 -  5) =    -15.85123  eV     1   --> A              
     e(  6 -  6) =    -13.54802  eV     1   --> A              
     e(  7 -  7) =    -11.07561  eV     1   --> A              
     e(  8 -  8) =    -10.83680  eV     1   --> A              
     e(  9 -  9) =     -9.93843  eV     1   --> A              
     e( 10 - 10) =     -9.82539  eV     1   --> A              
     e( 11 - 11) =     -9.14571  eV     1   --> A              
     e( 12 - 12) =     -8.83827  eV     1   --> A              
     e( 13 - 13) =     -8.34445  eV     1   --> A              
     e( 14 - 14) =     -8.03713  eV     1   --> A              
     e( 15 - 15) =     -7.34372  eV     1   --> A              
     e( 16 - 16) =     -7.15150  eV     1   --> A              
     e( 17 - 17) =     -6.73796  eV     1   --> A              
     e( 18 - 18) =     -1.22875  eV     1   --> A              
     e( 19 - 19) =     -0.33331  eV     1   --> A              
     e( 20 - 20) =     -0.25357  eV     1   --> A              
     e( 21 - 21) =      0.03108  eV     1   --> A              

 **************************************************************************

 **************************************************************************

                    xk=(   0.00000,   0.00000,   0.04250  )

     Band symmetry, C_1 (1)     point group:

     e(  1 -  1) =    -22.78028  eV     1   --> A              
     e(  2 -  2) =    -21.86089  eV     1   --> A              
     e(  3 -  3) =    -20.46095  eV     1   --> A              
     e(  4 -  4) =    -18.76470  eV     1   --> A              
     e(  5 -  5) =    -15.85432  eV     1   --> A              
     e(  6 -  6) =    -13.55044  eV     1   --> A              
     e(  7 -  7) =    -11.07639  eV     1   --> A              
     e(  8 -  8) =    -10.84137  eV     1   --> A              
     e(  9 -  9) =     -9.92201  eV     1   --> A              
     e( 10 - 10) =     -9.82990  eV     1   --> A              
     e( 11 - 11) =     -9.12744  eV     1   --> A              
     e( 12 - 12) =     -8.83887  eV     1   --> A              
     e( 13 - 13) =     -8.34893  eV     1   --> A              
     e( 14 - 14) =     -8.01961  eV     1   --> A              
     e( 15 - 15) =     -7.34007  eV     1   --> A              
     e( 16 - 16) =     -7.13600  eV     1   --> A              
     e( 17 - 17) =     -6.74255  eV     1   --> A              
     e( 18 - 18) =     -1.22808  eV     1   --> A              
     e( 19 - 19) =     -0.33815  eV     1   --> A              
     e( 20 - 20) =     -0.25833  eV     1   --> A              
     e( 21 - 21) =      0.02622  eV     1   --> A              

 **************************************************************************

 **************************************************************************

                    xk=(   0.00000,   0.00000,   0.04000  )

     Band symmetry, C_1 (1)     point group:

     e(  1 -  1) =    -22.78390  eV     1   --> A              
     e(  2 -  2) =    -21.86446  eV     1   --> A              
     e(  3 -  3) =    -20.46444  eV     1   --> A              
     e(  4 -  4) =    -18.76801  eV     1   --> A              
     e(  5 -  5) =    -15.85725  eV     1   --> A              
     e(  6 -  6) =    -13.55272  eV     1   --> A              
     e(  7 -  7) =    -11.07713  eV     1   --> A              
     e(  8 -  8) =    -10.84568  eV     1   --> A              
     e(  9 -  9) =     -9.90646  eV     1   --> A              
     e( 10 - 10) =     -9.83416  eV     1   --> A              
     e( 11 - 11) =     -9.10997  eV     1   --> A              
     e( 12 - 12) =     -8.83964  eV     1   --> A              
     e( 13 - 13) =     -8.35315  eV     1   --> A              
     e( 14 - 14) =     -8.00297  eV     1   --> A              
     e( 15 - 15) =     -7.33669  eV     1   --> A              
     e( 16 - 16) =     -7.12132  eV     1   --> A              
     e( 17 - 17) =     -6.74687  eV     1   --> A              
     e( 18 - 18) =     -1.22746  eV     1   --> A              
     e( 19 - 19) =     -0.34272  eV     1   --> A              
     e( 20 - 20) =     -0.26282  eV     1   --> A              
     e( 21 - 21) =      0.02164  eV     1   --> A              

 **************************************************************************

 **************************************************************************

                    xk=(   0.00000,   0.00000,   0.03750  )

     Band symmetry, C_1 (1)     point group:

     e(  1 -  1) =    -22.78730  eV     1   --> A              
     e(  2 -  2) =    -21.86783  eV     1   --> A              
     e(  3 -  3) =    -20.46772  eV     1   --> A              
     e(  4 -  4) =    -18.77113  eV     1   --> A              
     e(  5 -  5) =    -15.85999  eV     1   --> A              
     e(  6 -  6) =    -13.55486  eV     1   --> A              
     e(  7 -  7) =    -11.07785  eV     1   --> A              
     e(  8 -  8) =    -10.84974  eV     1   --> A              
     e(  9 -  9) =     -9.89178  eV     1   --> A              
     e( 10 - 10) =     -9.83816  eV     1   --> A              
     e( 11 - 11) =     -9.09328  eV     1   --> A              
     e( 12 - 12) =     -8.84060  eV     1   --> A              
     e( 13 - 13) =     -8.35712  eV     1   --> A              
     e( 14 - 14) =     -7.98723  eV     1   --> A              
     e( 15 - 15) =     -7.33357  eV     1   --> A              
     e( 16 - 16) =     -7.10748  eV     1   --> A              
     e( 17 - 17) =     -6.75092  eV     1   --> A              
     e( 18 - 18) =     -1.22690  eV     1   --> A              
     e( 19 - 19) =     -0.34701  eV     1   --> A              
     e( 20 - 20) =     -0.26704  eV     1   --> A              
     e( 21 - 21) =      0.01734  eV     1   --> A              

 **************************************************************************

 **************************************************************************

                    xk=(   0.00000,   0.00000,   0.03500  )

     Band symmetry, C_1 (1)     point group:

     e(  1 -  1) =    -22.79048  eV     1   --> A              
     e(  2 -  2) =    -21.87097  eV     1   --> A              
     e(  3 -  3) =    -20.47079  eV     1   --> A              
     e(  4 -  4) =    -18.77404  eV     1   --> A              
     e(  5 -  5) =    -15.86256  eV     1   --> A              
     e(  6 -  6) =    -13.55688  eV     1   --> A              
     e(  7 -  7) =    -11.07853  eV     1   --> A              
     e(  8 -  8) =    -10.85353  eV     1   --> A              
     e(  9 -  9) =     -9.87800  eV     1   --> A              
     e( 10 - 10) =     -9.84190  eV     1   --> A              
     e( 11 - 11) =     -9.07738  eV     1   --> A              
     e( 12 - 12) =     -8.84173  eV     1   --> A              
     e( 13 - 13) =     -8.36083  eV     1   --> A              
     e( 14 - 14) =     -7.97241  eV     1   --> A              
     e( 15 - 15) =     -7.33070  eV     1   --> A              
     e( 16 - 16) =     -7.09448  eV     1   --> A              
     e( 17 - 17) =     -6.75472  eV     1   --> A              
     e( 18 - 18) =     -1.22638  eV     1   --> A              
     e( 19 - 19) =     -0.35102  eV     1   --> A              
     e( 20 - 20) =     -0.27099  eV     1   --> A              
     e( 21 - 21) =      0.01332  eV     1   --> A              

 **************************************************************************

 **************************************************************************

                    xk=(   0.00000,   0.00000,   0.03250  )

     Band symmetry, C_1 (1)     point group:

     e(  1 -  1) =    -22.79344  eV     1   --> A              
     e(  2 -  2) =    -21.87390  eV     1   --> A              
     e(  3 -  3) =    -20.47365  eV     1   --> A              
     e(  4 -  4) =    -18.77676  eV     1   --> A              
     e(  5 -  5) =    -15.86496  eV     1   --> A              
     e(  6 -  6) =    -13.55875  eV     1   --> A              
     e(  7 -  7) =    -11.07918  eV     1   --> A              
     e(  8 -  8) =    -10.85706  eV     1   --> A              
     e(  9 -  9) =     -9.86512  eV     1   --> A              
     e( 10 - 10) =     -9.84539  eV     1   --> A              
     e( 11 - 11) =     -9.06229  eV     1   --> A              
     e( 12 - 12) =     -8.84304  eV     1   --> A              
     e( 13 - 13) =     -8.36429  eV     1   --> A              
     e( 14 - 14) =     -7.95853  eV     1   --> A              
     e( 15 - 15) =     -7.32807  eV     1   --> A              
     e( 16 - 16) =     -7.08234  eV     1   --> A              
     e( 17 - 17) =     -6.75826  eV     1   --> A              
     e( 18 - 18) =     -1.22590  eV     1   --> A              
     e( 19 - 19) =     -0.35476  eV     1   --> A              
     e( 20 - 20) =     -0.27467  eV     1   --> A              
     e( 21 - 21) =      0.00957  eV     1   --> A              

 **************************************************************************

 **************************************************************************

                    xk=(   0.00000,   0.00000,   0.03000  )

     Band symmetry, C_1 (1)     point group:

     e(  1 -  1) =    -22.79618  eV     1   --> A              
     e(  2 -  2) =    -21.87661  eV     1   --> A              
     e(  3 -  3) =    -20.47630  eV     1   --> A              
     e(  4 -  4) =    -18.77927  eV     1   --> A              
     e(  5 -  5) =    -15.86718  eV     1   --> A              
     e(  6 -  6) =    -13.56049  eV     1   --> A              
     e(  7 -  7) =    -11.07979  eV     1   --> A              
     e(  8 -  8) =    -10.86032  eV     1   --> A              
     e(  9 -  9) =     -9.85316  eV     1   --> A              
     e( 10 - 10) =     -9.84862  eV     1   --> A              
     e( 11 - 11) =     -9.04801  eV     1   --> A              
     e( 12 - 12) =     -8.84453  eV     1   --> A              
     e( 13 - 13) =     -8.36749  eV     1   --> A              
     e( 14 - 14) =     -7.94559  eV     1   --> A              
     e( 15 - 15) =     -7.32568  eV     1   --> A              
     e( 16 - 16) =     -7.07106  eV     1   --> A              
     e( 17 - 17) =     -6.76153  eV     1   --> A              
     e( 18 - 18) =     -1.22546  eV     1   --> A              
     e( 19 - 19) =     -0.35822  eV     1   --> A              
     e( 20 - 20) =     -0.27808  eV     1   --> A              
     e( 21 - 21) =      0.00610  eV     1   --> A              

 **************************************************************************

 **************************************************************************

                    xk=(   0.00000,   0.00000,   0.02750  )

     Band symmetry, C_1 (1)     point group:

     e(  1 -  1) =    -22.79870  eV     1   --> A              
     e(  2 -  2) =    -21.87910  eV     1   --> A              
     e(  3 -  3) =    -20.47874  eV     1   --> A              
     e(  4 -  4) =    -18.78158  eV     1   --> A              
     e(  5 -  5) =    -15.86922  eV     1   --> A              
     e(  6 -  6) =    -13.56209  eV     1   --> A              
     e(  7 -  7) =    -11.08035  eV     1   --> A              
     e(  8 -  8) =    -10.86333  eV     1   --> A              
     e(  9 -  9) =     -9.85159  eV     1   --> A              
     e( 10 - 10) =     -9.84211  eV     1   --> A              
     e( 11 - 11) =     -9.03456  eV     1   --> A              
     e( 12 - 12) =     -8.84619  eV     1   --> A              
     e( 13 - 13) =     -8.37044  eV     1   --> A              
     e( 14 - 14) =     -7.93362  eV     1   --> A              
     e( 15 - 15) =     -7.32352  eV     1   --> A              
     e( 16 - 16) =     -7.06065  eV     1   --> A              
     e( 17 - 17) =     -6.76454  eV     1   --> A              
     e( 18 - 18) =     -1.22507  eV     1   --> A              
     e( 19 - 19) =     -0.36141  eV     1   --> A              
     e( 20 - 20) =     -0.28121  eV     1   --> A              
     e( 21 - 21) =      0.00290  eV     1   --> A              

 **************************************************************************

 **************************************************************************

                    xk=(   0.00000,   0.00000,   0.02500  )

     Band symmetry, C_1 (1)     point group:

     e(  1 -  1) =    -22.80100  eV     1   --> A              
     e(  2 -  2) =    -21.88138  eV     1   --> A              
     e(  3 -  3) =    -20.48096  eV     1   --> A              
     e(  4 -  4) =    -18.78369  eV     1   --> A              
     e(  5 -  5) =    -15.87109  eV     1   --> A              
     e(  6 -  6) =    -13.56355  eV     1   --> A              
     e(  7 -  7) =    -11.08088  eV     1   --> A              
     e(  8 -  8) =    -10.86608  eV     1   --> A              
     e(  9 -  9) =     -9.85430  eV     1   --> A              
     e( 10 - 10) =     -9.83200  eV     1   --> A              
     e( 11 - 11) =     -9.02194  eV     1   --> A              
     e( 12 - 12) =     -8.84802  eV     1   --> A              
     e( 13 - 13) =     -8.37313  eV     1   --> A              
     e( 14 - 14) =     -7.92263  eV     1   --> A              
     e( 15 - 15) =     -7.32157  eV     1   --> A              
     e( 16 - 16) =     -7.05112  eV     1   --> A              
     e( 17 - 17) =     -6.76729  eV     1   --> A              
     e( 18 - 18) =     -1.22472  eV     1   --> A              
     e( 19 - 19) =     -0.36432  eV     1   --> A              
     e( 20 - 20) =     -0.28407  eV     1   --> A              
     e( 21 - 21) =     -0.00001  eV     1   --> A              

 **************************************************************************

 **************************************************************************

                    xk=(   0.00000,   0.00000,   0.02250  )

     Band symmetry, C_1 (1)     point group:

     e(  1 -  1) =    -22.80309  eV     1   --> A              
     e(  2 -  2) =    -21.88344  eV     1   --> A              
     e(  3 -  3) =    -20.48297  eV     1   --> A              
     e(  4 -  4) =    -18.78560  eV     1   --> A              
     e(  5 -  5) =    -15.87278  eV     1   --> A              
     e(  6 -  6) =    -13.56488  eV     1   --> A              
     e(  7 -  7) =    -11.08136  eV     1   --> A              
     e(  8 -  8) =    -10.86856  eV     1   --> A              
     e(  9 -  9) =     -9.85675  eV     1   --> A              
     e( 10 - 10) =     -9.82283  eV     1   --> A              
     e( 11 - 11) =     -9.01018  eV     1   --> A              
     e( 12 - 12) =     -8.85000  eV     1   --> A              
     e( 13 - 13) =     -8.37556  eV     1   --> A              
     e( 14 - 14) =     -7.91263  eV     1   --> A              
     e( 15 - 15) =     -7.31985  eV     1   --> A              
     e( 16 - 16) =     -7.04247  eV     1   --> A              
     e( 17 - 17) =     -6.76978  eV     1   --> A              
     e( 18 - 18) =     -1.22440  eV     1   --> A              
     e( 19 - 19) =     -0.36695  eV     1   --> A              
     e( 20 - 20) =     -0.28667  eV     1   --> A              
     e( 21 - 21) =     -0.00265  eV     1   --> A              

 **************************************************************************

 **************************************************************************

                    xk=(   0.00000,   0.00000,   0.02000  )

     Band symmetry, C_1 (1)     point group:

     e(  1 -  1) =    -22.80495  eV     1   --> A              
     e(  2 -  2) =    -21.88529  eV     1   --> A              
     e(  3 -  3) =    -20.48477  eV     1   --> A              
     e(  4 -  4) =    -18.78731  eV     1   --> A              
     e(  5 -  5) =    -15.87429  eV     1   --> A              
     e(  6 -  6) =    -13.56607  eV     1   --> A              
     e(  7 -  7) =    -11.08179  eV     1   --> A              
     e(  8 -  8) =    -10.87078  eV     1   --> A              
     e(  9 -  9) =     -9.85895  eV     1   --> A              
     e( 10 - 10) =     -9.81461  eV     1   --> A              
     e( 11 - 11) =     -8.99932  eV     1   --> A              
     e( 12 - 12) =     -8.85210  eV     1   --> A              
     e( 13 - 13) =     -8.37774  eV     1   --> A              
     e( 14 - 14) =     -7.90365  eV     1   --> A              
     e( 15 - 15) =     -7.31833  eV     1   --> A              
     e( 16 - 16) =     -7.03472  eV     1   --> A              
     e( 17 - 17) =     -6.77201  eV     1   --> A              
     e( 18 - 18) =     -1.22413  eV     1   --> A              
     e( 19 - 19) =     -0.36931  eV     1   --> A              
     e( 20 - 20) =     -0.28899  eV     1   --> A              
     e( 21 - 21) =     -0.00501  eV     1   --> A              

 **************************************************************************

 **************************************************************************

                    xk=(   0.00000,   0.00000,   0.01750  )

     Band symmetry, C_1 (1)     point group:

     e(  1 -  1) =    -22.80659  eV     1   --> A              
     e(  2 -  2) =    -21.88691  eV     1   --> A              
     e(  3 -  3) =    -20.48636  eV     1   --> A              
     e(  4 -  4) =    -18.78882  eV     1   --> A              
     e(  5 -  5) =    -15.87562  eV     1   --> A              
     e(  6 -  6) =    -13.56712  eV     1   --> A              
     e(  7 -  7) =    -11.08218  eV     1   --> A              
     e(  8 -  8) =    -10.87275  eV     1   --> A              
     e(  9 -  9) =     -9.86089  eV     1   --> A              
     e( 10 - 10) =     -9.80733  eV     1   --> A              
     e( 11 - 11) =     -8.98938  eV     1   --> A              
     e( 12 - 12) =     -8.85429  eV     1   --> A              
     e( 13 - 13) =     -8.37966  eV     1   --> A              
     e( 14 - 14) =     -7.89569  eV     1   --> A              
     e( 15 - 15) =     -7.31701  eV     1   --> A              
     e( 16 - 16) =     -7.02787  eV     1   --> A              
     e( 17 - 17) =     -6.77398  eV     1   --> A              
     e( 18 - 18) =     -1.22388  eV     1   --> A              
     e( 19 - 19) =     -0.37139  eV     1   --> A              
     e( 20 - 20) =     -0.29103  eV     1   --> A              
     e( 21 - 21) =     -0.00710  eV     1   --> A              

 **************************************************************************

 **************************************************************************

                    xk=(   0.00000,   0.00000,   0.01500  )

     Band symmetry, C_1 (1)     point group:

     e(  1 -  1) =    -22.80802  eV     1   --> A              
     e(  2 -  2) =    -21.88832  eV     1   --> A              
     e(  3 -  3) =    -20.48774  eV     1   --> A              
     e(  4 -  4) =    -18.79013  eV     1   --> A              
     e(  5 -  5) =    -15.87678  eV     1   --> A              
     e(  6 -  6) =    -13.56803  eV     1   --> A              
     e(  7 -  7) =    -11.08251  eV     1   --> A              
     e(  8 -  8) =    -10.87445  eV     1   --> A              
     e(  9 -  9) =     -9.86257  eV     1   --> A              
     e( 10 - 10) =     -9.80102  eV     1   --> A              
     e( 11 - 11) =     -8.98043  eV     1   --> A              
     e( 12 - 12) =     -8.85651  eV     1   --> A              
     e( 13 - 13) =     -8.38133  eV     1   --> A              
     e( 14 - 14) =     -7.88876  eV     1   --> A              
     e( 15 - 15) =     -7.31588  eV     1   --> A              
     e( 16 - 16) =     -7.02192  eV     1   --> A              
     e( 17 - 17) =     -6.77568  eV     1   --> A              
     e( 18 - 18) =     -1.22367  eV     1   --> A              
     e( 19 - 19) =     -0.37319  eV     1   --> A              
     e( 20 - 20) =     -0.29281  eV     1   --> A              
     e( 21 - 21) =     -0.00890  eV     1   --> A              

 **************************************************************************

 **************************************************************************

                    xk=(   0.00000,   0.00000,   0.01250  )

     Band symmetry, C_1 (1)     point group:

     e(  1 -  1) =    -22.80923  eV     1   --> A              
     e(  2 -  2) =    -21.88952  eV     1   --> A              
     e(  3 -  3) =    -20.48890  eV     1   --> A              
     e(  4 -  4) =    -18.79123  eV     1   --> A              
     e(  5 -  5) =    -15.87776  eV     1   --> A              
     e(  6 -  6) =    -13.56880  eV     1   --> A              
     e(  7 -  7) =    -11.08280  eV     1   --> A              
     e(  8 -  8) =    -10.87589  eV     1   --> A              
     e(  9 -  9) =     -9.86399  eV     1   --> A              
     e( 10 - 10) =     -9.79567  eV     1   --> A              
     e( 11 - 11) =     -8.97255  eV     1   --> A              
     e( 12 - 12) =     -8.85871  eV     1   --> A              
     e( 13 - 13) =     -8.38273  eV     1   --> A              
     e( 14 - 14) =     -7.88289  eV     1   --> A              
     e( 15 - 15) =     -7.31493  eV     1   --> A              
     e( 16 - 16) =     -7.01688  eV     1   --> A              
     e( 17 - 17) =     -6.77712  eV     1   --> A              
     e( 18 - 18) =     -1.22350  eV     1   --> A              
     e( 19 - 19) =     -0.37472  eV     1   --> A              
     e( 20 - 20) =     -0.29431  eV     1   --> A              
     e( 21 - 21) =     -0.01043  eV     1   --> A              

 **************************************************************************

 **************************************************************************

                    xk=(   0.00000,   0.00000,   0.01000  )

     Band symmetry, C_1 (1)     point group:

     e(  1 -  1) =    -22.81021  eV     1   --> A              
     e(  2 -  2) =    -21.89049  eV     1   --> A              
     e(  3 -  3) =    -20.48986  eV     1   --> A              
     e(  4 -  4) =    -18.79214  eV     1   --> A              
     e(  5 -  5) =    -15.87856  eV     1   --> A              
     e(  6 -  6) =    -13.56943  eV     1   --> A              
     e(  7 -  7) =    -11.08304  eV     1   --> A              
     e(  8 -  8) =    -10.87706  eV     1   --> A              
     e(  9 -  9) =     -9.86515  eV     1   --> A              
     e( 10 - 10) =     -9.79128  eV     1   --> A              
     e( 11 - 11) =     -8.96581  eV     1   --> A              
     e( 12 - 12) =     -8.86077  eV     1   --> A              
     e( 13 - 13) =     -8.38389  eV     1   --> A              
     e( 14 - 14) =     -7.87806  eV     1   --> A              
     e( 15 - 15) =     -7.31417  eV     1   --> A              
     e( 16 - 16) =     -7.01275  eV     1   --> A              
     e( 17 - 17) =     -6.77830  eV     1   --> A              
     e( 18 - 18) =     -1.22336  eV     1   --> A              
     e( 19 - 19) =     -0.37596  eV     1   --> A              
     e( 20 - 20) =     -0.29554  eV     1   --> A              
     e( 21 - 21) =     -0.01168  eV     1   --> A              

 **************************************************************************

 **************************************************************************

                    xk=(   0.00000,   0.00000,   0.00750  )

     Band symmetry, C_1 (1)     point group:

     e(  1 -  1) =    -22.81098  eV     1   --> A              
     e(  2 -  2) =    -21.89125  eV     1   --> A              
     e(  3 -  3) =    -20.49060  eV     1   --> A              
     e(  4 -  4) =    -18.79284  eV     1   --> A              
     e(  5 -  5) =    -15.87918  eV     1   --> A              
     e(  6 -  6) =    -13.56992  eV     1   --> A              
     e(  7 -  7) =    -11.08322  eV     1   --> A              
     e(  8 -  8) =    -10.87798  eV     1   --> A              
     e(  9 -  9) =     -9.86605  eV     1   --> A              
     e( 10 - 10) =     -9.78787  eV     1   --> A              
     e( 11 - 11) =     -8.96036  eV     1   --> A              
     e( 12 - 12) =     -8.86259  eV     1   --> A              
     e( 13 - 13) =     -8.38479  eV     1   --> A              
     e( 14 - 14) =     -7.87430  eV     1   --> A              
     e( 15 - 15) =     -7.31358  eV     1   --> A              
     e( 16 - 16) =     -7.00953  eV     1   --> A              
     e( 17 - 17) =     -6.77922  eV     1   --> A              
     e( 18 - 18) =     -1.22325  eV     1   --> A              
     e( 19 - 19) =     -0.37694  eV     1   --> A              
     e( 20 - 20) =     -0.29650  eV     1   --> A              
     e( 21 - 21) =     -0.01266  eV     1   --> A              

 **************************************************************************

 **************************************************************************

                    xk=(   0.00000,   0.00000,   0.00500  )

     Band symmetry, C_1 (1)     point group:

     e(  1 -  1) =    -22.81153  eV     1   --> A              
     e(  2 -  2) =    -21.89179  eV     1   --> A              
     e(  3 -  3) =    -20.49113  eV     1   --> A              
     e(  4 -  4) =    -18.79334  eV     1   --> A              
     e(  5 -  5) =    -15.87963  eV     1   --> A              
     e(  6 -  6) =    -13.57027  eV     1   --> A              
     e(  7 -  7) =    -11.08335  eV     1   --> A              
     e(  8 -  8) =    -10.87863  eV     1   --> A              
     e(  9 -  9) =     -9.86670  eV     1   --> A              
     e( 10 - 10) =     -9.78543  eV     1   --> A              
     e( 11 - 11) =     -8.95633  eV     1   --> A              
     e( 12 - 12) =     -8.86404  eV     1   --> A              
     e( 13 - 13) =     -8.38543  eV     1   --> A              
     e( 14 - 14) =     -7.87161  eV     1   --> A              
     e( 15 - 15) =     -7.31316  eV     1   --> A              
     e( 16 - 16) =     -7.00723  eV     1   --> A              
     e( 17 - 17) =     -6.77987  eV     1   --> A              
     e( 18 - 18) =     -1.22317  eV     1   --> A              
     e( 19 - 19) =     -0.37763  eV     1   --> A              
     e( 20 - 20) =     -0.29718  eV     1   --> A              
     e( 21 - 21) =     -0.01335  eV     1   --> A              

 **************************************************************************

 **************************************************************************

                    xk=(   0.00000,   0.00000,   0.00250  )

     Band symmetry, C_1 (1)     point group:

     e(  1 -  1) =    -22.81186  eV     1   --> A              
     e(  2 -  2) =    -21.89212  eV     1   --> A              
     e(  3 -  3) =    -20.49145  eV     1   --> A              
     e(  4 -  4) =    -18.79365  eV     1   --> A              
     e(  5 -  5) =    -15.87990  eV     1   --> A              
     e(  6 -  6) =    -13.57048  eV     1   --> A              
     e(  7 -  7) =    -11.08343  eV     1   --> A              
     e(  8 -  8) =    -10.87902  eV     1   --> A              
     e(  9 -  9) =     -9.86709  eV     1   --> A              
     e( 10 - 10) =     -9.78396  eV     1   --> A              
     e( 11 - 11) =     -8.95384  eV     1   --> A              
     e( 12 - 12) =     -8.86497  eV     1   --> A              
     e( 13 - 13) =     -8.38581  eV     1   --> A              
     e( 14 - 14) =     -7.86999  eV     1   --> A              
     e( 15 - 15) =     -7.31291  eV     1   --> A              
     e( 16 - 16) =     -7.00585  eV     1   --> A              
     e( 17 - 17) =     -6.78026  eV     1   --> A              
     e( 18 - 18) =     -1.22312  eV     1   --> A              
     e( 19 - 19) =     -0.37805  eV     1   --> A              
     e( 20 - 20) =     -0.29759  eV     1   --> A              
     e( 21 - 21) =     -0.01377  eV     1   --> A              

 **************************************************************************

 **************************************************************************

                    xk=(   0.00000,   0.00000,   0.00000  )

     Band symmetry, C_1 (1)     point group:

     e(  1 -  1) =    -22.81197  eV     1   --> A              
     e(  2 -  2) =    -21.89223  eV     1   --> A              
     e(  3 -  3) =    -20.49155  eV     1   --> A              
     e(  4 -  4) =    -18.79375  eV     1   --> A              
     e(  5 -  5) =    -15.87999  eV     1   --> A              
     e(  6 -  6) =    -13.57055  eV     1   --> A              
     e(  7 -  7) =    -11.08346  eV     1   --> A              
     e(  8 -  8) =    -10.87916  eV     1   --> A              
     e(  9 -  9) =     -9.86721  eV     1   --> A              
     e( 10 - 10) =     -9.78347  eV     1   --> A              
     e( 11 - 11) =     -8.95299  eV     1   --> A              
     e( 12 - 12) =     -8.86529  eV     1   --> A              
     e( 13 - 13) =     -8.38594  eV     1   --> A              
     e( 14 - 14) =     -7.86945  eV     1   --> A              
     e( 15 - 15) =     -7.31283  eV     1   --> A              
     e( 16 - 16) =     -7.00539  eV     1   --> A              
     e( 17 - 17) =     -6.78040  eV     1   --> A              
     e( 18 - 18) =     -1.22311  eV     1   --> A              
     e( 19 - 19) =     -0.37818  eV     1   --> A              
     e( 20 - 20) =     -0.29773  eV     1   --> A              
     e( 21 - 21) =     -0.01391  eV     1   --> A              

 **************************************************************************
 
     BANDS        :  11m23.59s CPU  17m16.27s WALL

 
   This run was terminated on:  21:53:54   5Jan2026            

=------------------------------------------------------------------------------=
   JOB DONE.
=------------------------------------------------------------------------------=
