 &plot nbnd=   8, nks=  3001 /
            0.000000  0.000000  0.000000
  -21.316   -9.657   -5.061   -5.061    1.373    2.412    2.806    4.681
            0.000333  0.000577  0.000000
  -21.316   -9.657   -5.061   -5.061    1.373    2.412    2.806    4.681
            0.000667  0.001155  0.000000
  -21.316   -9.657   -5.062   -5.062    1.373    2.412    2.806    4.681
            0.001000  0.001732  0.000000
  -21.316   -9.657   -5.062   -5.062    1.373    2.412    2.806    4.681
            0.001333  0.002309  0.000000
  -21.316   -9.657   -5.062   -5.062    1.374    2.412    2.806    4.681
            0.001667  0.002887  0.000000
  -21.316   -9.657   -5.062   -5.062    1.374    2.412    2.806    4.681
            0.002000  0.003464  0.000000
  -21.316   -9.656   -5.063   -5.062    1.374    2.412    2.806    4.681
            0.002333  0.004041  0.000000
  -21.316   -9.656   -5.063   -5.062    1.374    2.412    2.806    4.682
            0.002667  0.004619  0.000000
  -21.316   -9.656   -5.063   -5.063    1.374    2.412    2.806    4.682
            0.003000  0.005196  0.000000
  -21.316   -9.656   -5.064   -5.063    1.374    2.413    2.806    4.682
            0.003333  0.005774  0.000000
  -21.316   -9.656   -5.065   -5.063    1.374    2.413    2.807    4.682
            0.003667  0.006351  0.000000
  -21.315   -9.656   -5.065   -5.064    1.375    2.413    2.807    4.682
            0.004000  0.006928  0.000000
  -21.315   -9.655   -5.066   -5.064    1.375    2.413    2.807    4.683
            0.004333  0.007506  0.000000
  -21.315   -9.655   -5.067   -5.064    1.375    2.414    2.807    4.683
            0.004667  0.008083  0.000000
  -21.315   -9.655   -5.068   -5.065    1.375    2.414    2.808    4.683
            0.005000  0.008660  0.000000
  -21.315   -9.655   -5.069   -5.065    1.376    2.414    2.808    4.683
            0.005333  0.009238  0.000000
  -21.314   -9.654   -5.070   -5.066    1.376    2.415    2.808    4.684
            0.005667  0.009815  0.000000
  -21.314   -9.654   -5.071   -5.066    1.376    2.415    2.809    4.684
            0.006000  0.010392  0.000000
  -21.314   -9.654   -5.072   -5.067    1.377    2.415    2.809    4.684
            0.006333  0.010970  0.000000
  -21.314   -9.653   -5.073   -5.068    1.377    2.416    2.809    4.685
            0.006667  0.011547  0.000000
  -21.313   -9.653   -5.074   -5.068    1.378    2.416    2.810    4.685
            0.007000  0.012124  0.000000
  -21.313   -9.653   -5.076   -5.069    1.378    2.417    2.810    4.686
            0.007333  0.012702  0.000000
  -21.313   -9.652   -5.077   -5.070    1.378    2.417    2.811    4.686
            0.007667  0.013279  0.000000
  -21.312   -9.652   -5.078   -5.071    1.379    2.417    2.811    4.687
            0.008000  0.013856  0.000000
  -21.312   -9.651   -5.080   -5.071    1.379    2.418    2.812    4.687
            0.008333  0.014434  0.000000
  -21.312   -9.651   -5.081   -5.072    1.380    2.418    2.812    4.688
            0.008667  0.015011  0.000000
  -21.311   -9.650   -5.083   -5.073    1.381    2.419    2.813    4.688
            0.009000  0.015588  0.000000
  -21.311   -9.650   -5.085   -5.074    1.381    2.420    2.813    4.689
            0.009333  0.016166  0.000000
  -21.310   -9.649   -5.087   -5.075    1.382    2.420    2.814    4.689
            0.009667  0.016743  0.000000
  -21.310   -9.649   -5.088   -5.076    1.382    2.421    2.815    4.690
            0.010000  0.017321  0.000000
  -21.309   -9.648   -5.090   -5.077    1.383    2.421    2.815    4.691
            0.010333  0.017898  0.000000
  -21.309   -9.648   -5.092   -5.078    1.384    2.422    2.816    4.691
            0.010667  0.018475  0.000000
  -21.308   -9.647   -5.094   -5.079    1.384    2.423    2.817    4.692
            0.011000  0.019053  0.000000
  -21.308   -9.646   -5.096   -5.080    1.385    2.423    2.817    4.693
            0.011333  0.019630  0.000000
  -21.307   -9.646   -5.098   -5.082    1.386    2.424    2.818    4.693
            0.011667  0.020207  0.000000
  -21.307   -9.645   -5.101   -5.083    1.386    2.425    2.819    4.694
            0.012000  0.020785  0.000000
  -21.306   -9.645   -5.103   -5.084    1.387    2.426    2.820    4.695
            0.012333  0.021362  0.000000
  -21.306   -9.644   -5.105   -5.085    1.388    2.426    2.820    4.696
            0.012667  0.021939  0.000000
  -21.305   -9.643   -5.107   -5.087    1.389    2.427    2.821    4.696
            0.013000  0.022517  0.000000
  -21.305   -9.642   -5.110   -5.088    1.389    2.428    2.822    4.697
            0.013333  0.023094  0.000000
  -21.304   -9.642   -5.112   -5.089    1.390    2.429    2.823    4.698
            0.013667  0.023671  0.000000
  -21.303   -9.641   -5.115   -5.091    1.391    2.430    2.824    4.699
            0.014000  0.024249  0.000000
  -21.303   -9.640   -5.118   -5.092    1.392    2.431    2.825    4.700
            0.014333  0.024826  0.000000
  -21.302   -9.639   -5.120   -5.094    1.393    2.432    2.826    4.701
            0.014667  0.025403  0.000000
  -21.301   -9.638   -5.123   -5.095    1.394    2.433    2.827    4.702
            0.015000  0.025981  0.000000
  -21.301   -9.638   -5.126   -5.097    1.395    2.434    2.828    4.703
            0.015333  0.026558  0.000000
  -21.300   -9.637   -5.129   -5.098    1.396    2.435    2.829    4.704
            0.015667  0.027135  0.000000
  -21.299   -9.636   -5.132   -5.100    1.397    2.436    2.830    4.705
            0.016000  0.027713  0.000000
  -21.298   -9.635   -5.135   -5.101    1.398    2.437    2.831    4.706
            0.016333  0.028290  0.000000
  -21.298   -9.634   -5.138   -5.103    1.399    2.438    2.832    4.707
            0.016667  0.028868  0.000000
  -21.297   -9.633   -5.141   -5.105    1.400    2.439    2.833    4.708
            0.017000  0.029445  0.000000
  -21.296   -9.632   -5.144   -5.107    1.401    2.440    2.834    4.709
            0.017333  0.030022  0.000000
  -21.295   -9.631   -5.147   -5.108    1.402    2.441    2.835    4.710
            0.017667  0.030600  0.000000
  -21.294   -9.630   -5.151   -5.110    1.403    2.442    2.836    4.711
            0.018000  0.031177  0.000000
  -21.294   -9.629   -5.154   -5.112    1.404    2.443    2.837    4.712
            0.018333  0.031754  0.000000
  -21.293   -9.628   -5.157   -5.114    1.405    2.444    2.838    4.713
            0.018667  0.032332  0.000000
  -21.292   -9.627   -5.161   -5.116    1.407    2.445    2.840    4.714
            0.019000  0.032909  0.000000
  -21.291   -9.626   -5.164   -5.118    1.408    2.447    2.841    4.716
            0.019333  0.033486  0.000000
  -21.290   -9.625   -5.168   -5.120    1.409    2.448    2.842    4.717
            0.019667  0.034064  0.000000
  -21.289   -9.624   -5.172   -5.122    1.410    2.449    2.843    4.718
            0.020000  0.034641  0.000000
  -21.288   -9.623   -5.175   -5.124    1.412    2.450    2.845    4.719
            0.020333  0.035218  0.000000
  -21.287   -9.622   -5.179   -5.126    1.413    2.452    2.846    4.721
            0.020667  0.035796  0.000000
  -21.286   -9.620   -5.183   -5.128    1.414    2.453    2.847    4.722
            0.021000  0.036373  0.000000
  -21.285   -9.619   -5.187   -5.130    1.415    2.454    2.849    4.723
            0.021333  0.036950  0.000000
  -21.284   -9.618   -5.191   -5.132    1.417    2.456    2.850    4.725
            0.021667  0.037528  0.000000
  -21.283   -9.617   -5.195   -5.135    1.418    2.457    2.852    4.726
            0.022000  0.038105  0.000000
  -21.282   -9.616   -5.199   -5.137    1.420    2.459    2.853    4.727
            0.022333  0.038682  0.000000
  -21.281   -9.614   -5.203   -5.139    1.421    2.460    2.854    4.729
            0.022667  0.039260  0.000000
  -21.280   -9.613   -5.207   -5.141    1.422    2.461    2.856    4.730
            0.023000  0.039837  0.000000
  -21.279   -9.612   -5.211   -5.144    1.424    2.463    2.857    4.732
            0.023333  0.040415  0.000000
  -21.278   -9.611   -5.216   -5.146    1.425    2.464    2.859    4.733
            0.023667  0.040992  0.000000
  -21.277   -9.609   -5.220   -5.149    1.427    2.466    2.860    4.735
            0.024000  0.041569  0.000000
  -21.276   -9.608   -5.224   -5.151    1.428    2.467    2.862    4.736
            0.024333  0.042147  0.000000
  -21.275   -9.607   -5.229   -5.154    1.430    2.469    2.864    4.738
            0.024667  0.042724  0.000000
  -21.274   -9.605   -5.233   -5.156    1.431    2.471    2.865    4.739
            0.025000  0.043301  0.000000
  -21.272   -9.604   -5.238   -5.159    1.433    2.472    2.867    4.741
            0.025333  0.043879  0.000000
  -21.271   -9.602   -5.243   -5.161    1.435    2.474    2.868    4.743
            0.025667  0.044456  0.000000
  -21.270   -9.601   -5.247   -5.164    1.436    2.475    2.870    4.744
            0.026000  0.045033  0.000000
  -21.269   -9.599   -5.252   -5.167    1.438    2.477    2.872    4.746
            0.026333  0.045611  0.000000
  -21.268   -9.598   -5.257   -5.169    1.440    2.479    2.873    4.748
            0.026667  0.046188  0.000000
  -21.266   -9.596   -5.262   -5.172    1.441    2.481    2.875    4.749
            0.027000  0.046765  0.000000
  -21.265   -9.595   -5.267   -5.175    1.443    2.482    2.877    4.751
            0.027333  0.047343  0.000000
  -21.264   -9.593   -5.272   -5.178    1.445    2.484    2.879    4.753
            0.027667  0.047920  0.000000
  -21.263   -9.592   -5.277   -5.180    1.446    2.486    2.881    4.754
            0.028000  0.048497  0.000000
  -21.261   -9.590   -5.282   -5.183    1.448    2.488    2.882    4.756
            0.028333  0.049075  0.000000
  -21.260   -9.589   -5.287   -5.186    1.450    2.489    2.884    4.758
            0.028667  0.049652  0.000000
  -21.259   -9.587   -5.292   -5.189    1.452    2.491    2.886    4.760
            0.029000  0.050229  0.000000
  -21.257   -9.585   -5.297   -5.192    1.454    2.493    2.888    4.762
            0.029333  0.050807  0.000000
  -21.256   -9.584   -5.303   -5.195    1.456    2.495    2.890    4.764
            0.029667  0.051384  0.000000
  -21.255   -9.582   -5.308   -5.198    1.457    2.497    2.892    4.766
            0.030000  0.051962  0.000000
  -21.253   -9.580   -5.313   -5.201    1.459    2.499    2.894    4.767
            0.030333  0.052539  0.000000
  -21.252   -9.579   -5.319   -5.204    1.461    2.501    2.896    4.769
            0.030667  0.053116  0.000000
  -21.250   -9.577   -5.324   -5.207    1.463    2.503    2.898    4.771
            0.031000  0.053694  0.000000
  -21.249   -9.575   -5.330   -5.210    1.465    2.505    2.900    4.773
            0.031333  0.054271  0.000000
  -21.247   -9.573   -5.335   -5.214    1.467    2.507    2.902    4.775
            0.031667  0.054848  0.000000
  -21.246   -9.572   -5.341   -5.217    1.469    2.509    2.904    4.777
            0.032000  0.055426  0.000000
  -21.244   -9.570   -5.347   -5.220    1.471    2.511    2.906    4.779
            0.032333  0.056003  0.000000
  -21.243   -9.568   -5.353   -5.223    1.473    2.513    2.908    4.781
            0.032667  0.056580  0.000000
  -21.241   -9.566   -5.358   -5.227    1.475    2.515    2.910    4.783
            0.033000  0.057158  0.000000
  -21.240   -9.564   -5.364   -5.230    1.477    2.517    2.912    4.786
            0.033333  0.057735  0.000000
  -21.238   -9.563   -5.370   -5.233    1.479    2.519    2.914    4.788
            0.033667  0.058312  0.000000
  -21.237   -9.561   -5.376   -5.237    1.482    2.521    2.917    4.790
            0.034000  0.058890  0.000000
  -21.235   -9.559   -5.382   -5.240    1.484    2.524    2.919    4.792
            0.034333  0.059467  0.000000
  -21.234   -9.557   -5.388   -5.244    1.486    2.526    2.921    4.794
            0.034667  0.060044  0.000000
  -21.232   -9.555   -5.394   -5.247    1.488    2.528    2.923    4.796
            0.035000  0.060622  0.000000
  -21.230   -9.553   -5.401   -5.251    1.490    2.530    2.926    4.799
            0.035333  0.061199  0.000000
  -21.229   -9.551   -5.407   -5.254    1.493    2.532    2.928    4.801
            0.035667  0.061776  0.000000
  -21.227   -9.549   -5.413   -5.258    1.495    2.535    2.930    4.803
            0.036000  0.062354  0.000000
  -21.225   -9.547   -5.419   -5.262    1.497    2.537    2.932    4.805
            0.036333  0.062931  0.000000
  -21.224   -9.545   -5.426   -5.265    1.499    2.539    2.935    4.808
            0.036667  0.063509  0.000000
  -21.222   -9.543   -5.432   -5.269    1.502    2.542    2.937    4.810
            0.037000  0.064086  0.000000
  -21.220   -9.541   -5.439   -5.273    1.504    2.544    2.940    4.812
            0.037333  0.064663  0.000000
  -21.218   -9.539   -5.445   -5.277    1.506    2.547    2.942    4.815
            0.037667  0.065241  0.000000
  -21.217   -9.536   -5.452   -5.280    1.509    2.549    2.945    4.817
            0.038000  0.065818  0.000000
  -21.215   -9.534   -5.458   -5.284    1.511    2.551    2.947    4.820
            0.038333  0.066395  0.000000
  -21.213   -9.532   -5.465   -5.288    1.514    2.554    2.949    4.822
            0.038667  0.066973  0.000000
  -21.211   -9.530   -5.472   -5.292    1.516    2.556    2.952    4.825
            0.039000  0.067550  0.000000
  -21.209   -9.528   -5.479   -5.296    1.519    2.559    2.955    4.827
            0.039333  0.068127  0.000000
  -21.208   -9.526   -5.485   -5.300    1.521    2.561    2.957    4.830
            0.039667  0.068705  0.000000
  -21.206   -9.523   -5.492   -5.304    1.524    2.564    2.960    4.832
            0.040000  0.069282  0.000000
  -21.204   -9.521   -5.499   -5.308    1.526    2.566    2.962    4.835
            0.040333  0.069859  0.000000
  -21.202   -9.519   -5.506   -5.312    1.529    2.569    2.965    4.837
            0.040667  0.070437  0.000000
  -21.200   -9.517   -5.513   -5.316    1.531    2.572    2.968    4.840
            0.041000  0.071014  0.000000
  -21.198   -9.514   -5.520   -5.320    1.534    2.574    2.970    4.842
            0.041333  0.071591  0.000000
  -21.196   -9.512   -5.527   -5.324    1.537    2.577    2.973    4.845
            0.041667  0.072169  0.000000
  -21.194   -9.510   -5.534   -5.328    1.539    2.580    2.976    4.848
            0.042000  0.072746  0.000000
  -21.192   -9.507   -5.542   -5.333    1.542    2.582    2.978    4.850
            0.042333  0.073323  0.000000
  -21.190   -9.505   -5.549   -5.337    1.545    2.585    2.981    4.853
            0.042667  0.073901  0.000000
  -21.188   -9.502   -5.556   -5.341    1.547    2.588    2.984    4.856
            0.043000  0.074478  0.000000
  -21.186   -9.500   -5.563   -5.345    1.550    2.591    2.987    4.858
            0.043333  0.075056  0.000000
  -21.184   -9.498   -5.571   -5.350    1.553    2.593    2.989    4.861
            0.043667  0.075633  0.000000
  -21.182   -9.495   -5.578   -5.354    1.555    2.596    2.992    4.864
            0.044000  0.076210  0.000000
  -21.180   -9.493   -5.586   -5.359    1.558    2.599    2.995    4.867
            0.044333  0.076788  0.000000
  -21.178   -9.490   -5.593   -5.363    1.561    2.602    2.998    4.870
            0.044667  0.077365  0.000000
  -21.176   -9.488   -5.601   -5.367    1.564    2.605    3.001    4.872
            0.045000  0.077942  0.000000
  -21.174   -9.485   -5.608   -5.372    1.567    2.608    3.004    4.875
            0.045333  0.078520  0.000000
  -21.172   -9.483   -5.616   -5.376    1.570    2.610    3.007    4.878
            0.045667  0.079097  0.000000
  -21.170   -9.480   -5.623   -5.381    1.573    2.613    3.010    4.881
            0.046000  0.079674  0.000000
  -21.168   -9.477   -5.631   -5.386    1.575    2.616    3.013    4.884
            0.046333  0.080252  0.000000
  -21.165   -9.475   -5.639   -5.390    1.578    2.619    3.016    4.887
            0.046667  0.080829  0.000000
  -21.163   -9.472   -5.647   -5.395    1.581    2.622    3.019    4.890
            0.047000  0.081406  0.000000
  -21.161   -9.470   -5.654   -5.399    1.584    2.625    3.022    4.893
            0.047333  0.081984  0.000000
  -21.159   -9.467   -5.662   -5.404    1.587    2.628    3.025    4.896
            0.047667  0.082561  0.000000
  -21.157   -9.464   -5.670   -5.409    1.590    2.631    3.028    4.899
            0.048000  0.083138  0.000000
  -21.154   -9.462   -5.678   -5.414    1.593    2.634    3.031    4.902
            0.048333  0.083716  0.000000
  -21.152   -9.459   -5.686   -5.418    1.597    2.638    3.034    4.905
            0.048667  0.084293  0.000000
  -21.150   -9.456   -5.694   -5.423    1.600    2.641    3.038    4.908
            0.049000  0.084870  0.000000
  -21.148   -9.453   -5.702   -5.428    1.603    2.644    3.041    4.911
            0.049333  0.085448  0.000000
  -21.145   -9.451   -5.710   -5.433    1.606    2.647    3.044    4.915
            0.049667  0.086025  0.000000
  -21.143   -9.448   -5.719   -5.438    1.609    2.650    3.047    4.918
            0.050000  0.086603  0.000000
  -21.141   -9.445   -5.727   -5.443    1.612    2.653    3.050    4.921
            0.050333  0.087180  0.000000
  -21.138   -9.442   -5.735   -5.448    1.615    2.657    3.054    4.924
            0.050667  0.087757  0.000000
  -21.136   -9.439   -5.743   -5.453    1.619    2.660    3.057    4.927
            0.051000  0.088335  0.000000
  -21.134   -9.436   -5.752   -5.458    1.622    2.663    3.060    4.931
            0.051333  0.088912  0.000000
  -21.131   -9.434   -5.760   -5.463    1.625    2.666    3.064    4.934
            0.051667  0.089489  0.000000
  -21.129   -9.431   -5.768   -5.468    1.628    2.670    3.067    4.937
            0.052000  0.090067  0.000000
  -21.126   -9.428   -5.777   -5.473    1.632    2.673    3.070    4.940
            0.052333  0.090644  0.000000
  -21.124   -9.425   -5.785   -5.478    1.635    2.676    3.074    4.944
            0.052667  0.091221  0.000000
  -21.121   -9.422   -5.794   -5.483    1.638    2.680    3.077    4.947
            0.053000  0.091799  0.000000
  -21.119   -9.419   -5.802   -5.489    1.642    2.683    3.081    4.951
            0.053333  0.092376  0.000000
  -21.116   -9.416   -5.811   -5.494    1.645    2.687    3.084    4.954
            0.053667  0.092953  0.000000
  -21.114   -9.413   -5.819   -5.499    1.648    2.690    3.088    4.957
            0.054000  0.093531  0.000000
  -21.111   -9.410   -5.828   -5.504    1.652    2.694    3.091    4.961
            0.054333  0.094108  0.000000
  -21.109   -9.407   -5.837   -5.510    1.655    2.697    3.095    4.964
            0.054667  0.094685  0.000000
  -21.106   -9.404   -5.845   -5.515    1.659    2.701    3.098    4.968
            0.055000  0.095263  0.000000
  -21.104   -9.401   -5.854   -5.520    1.662    2.704    3.102    4.971
            0.055333  0.095840  0.000000
  -21.101   -9.398   -5.863   -5.526    1.666    2.708    3.105    4.975
            0.055667  0.096417  0.000000
  -21.099   -9.394   -5.872   -5.531    1.669    2.711    3.109    4.978
            0.056000  0.096995  0.000000
  -21.096   -9.391   -5.881   -5.537    1.673    2.715    3.113    4.982
            0.056333  0.097572  0.000000
  -21.093   -9.388   -5.890   -5.542    1.677    2.718    3.116    4.985
            0.056667  0.098150  0.000000
  -21.091   -9.385   -5.899   -5.548    1.680    2.722    3.120    4.989
            0.057000  0.098727  0.000000
  -21.088   -9.382   -5.907   -5.553    1.684    2.726    3.124    4.993
            0.057333  0.099304  0.000000
  -21.085   -9.379   -5.916   -5.559    1.687    2.729    3.128    4.996
            0.057667  0.099882  0.000000
  -21.083   -9.375   -5.926   -5.564    1.691    2.733    3.131    5.000
            0.058000  0.100459  0.000000
  -21.080   -9.372   -5.935   -5.570    1.695    2.737    3.135    5.004
            0.058333  0.101036  0.000000
  -21.077   -9.369   -5.944   -5.576    1.698    2.741    3.139    5.007
            0.058667  0.101614  0.000000
  -21.075   -9.365   -5.953   -5.581    1.702    2.744    3.143    5.011
            0.059000  0.102191  0.000000
  -21.072   -9.362   -5.962   -5.587    1.706    2.748    3.147    5.015
            0.059333  0.102768  0.000000
  -21.069   -9.359   -5.971   -5.593    1.710    2.752    3.150    5.019
            0.059667  0.103346  0.000000
  -21.066   -9.356   -5.980   -5.599    1.713    2.756    3.154    5.023
            0.060000  0.103923  0.000000
  -21.063   -9.352   -5.990   -5.604    1.717    2.760    3.158    5.026
            0.060333  0.104500  0.000000
  -21.061   -9.349   -5.999   -5.610    1.721    2.763    3.162    5.030
            0.060667  0.105078  0.000000
  -21.058   -9.345   -6.008   -5.616    1.725    2.767    3.166    5.034
            0.061000  0.105655  0.000000
  -21.055   -9.342   -6.018   -5.622    1.729    2.771    3.170    5.038
            0.061333  0.106232  0.000000
  -21.052   -9.339   -6.027   -5.628    1.733    2.775    3.174    5.042
            0.061667  0.106810  0.000000
  -21.049   -9.335   -6.036   -5.634    1.737    2.779    3.178    5.046
            0.062000  0.107387  0.000000
  -21.046   -9.332   -6.046   -5.640    1.741    2.783    3.182    5.050
            0.062333  0.107965  0.000000
  -21.043   -9.328   -6.055   -5.646    1.745    2.787    3.186    5.054
            0.062667  0.108542  0.000000
  -21.040   -9.325   -6.065   -5.652    1.749    2.791    3.190    5.058
            0.063000  0.109119  0.000000
  -21.038   -9.321   -6.074   -5.658    1.753    2.795    3.194    5.062
            0.063333  0.109697  0.000000
  -21.035   -9.317   -6.084   -5.664    1.757    2.799    3.198    5.066
            0.063667  0.110274  0.000000
  -21.032   -9.314   -6.094   -5.670    1.761    2.803    3.203    5.070
            0.064000  0.110851  0.000000
  -21.029   -9.310   -6.103   -5.676    1.765    2.807    3.207    5.074
            0.064333  0.111429  0.000000
  -21.026   -9.307   -6.113   -5.682    1.769    2.812    3.211    5.078
            0.064667  0.112006  0.000000
  -21.023   -9.303   -6.123   -5.689    1.773    2.816    3.215    5.082
            0.065000  0.112583  0.000000
  -21.020   -9.299   -6.132   -5.695    1.777    2.820    3.219    5.086
            0.065333  0.113161  0.000000
  -21.017   -9.296   -6.142   -5.701    1.781    2.824    3.224    5.090
            0.065667  0.113738  0.000000
  -21.013   -9.292   -6.152   -5.707    1.785    2.828    3.228    5.095
            0.066000  0.114315  0.000000
  -21.010   -9.288   -6.162   -5.713    1.790    2.833    3.232    5.099
            0.066333  0.114893  0.000000
  -21.007   -9.285   -6.172   -5.720    1.794    2.837    3.237    5.103
            0.066667  0.115470  0.000000
  -21.004   -9.281   -6.181   -5.726    1.798    2.841    3.241    5.107
            0.067000  0.116047  0.000000
  -21.001   -9.277   -6.191   -5.732    1.802    2.845    3.245    5.111
            0.067333  0.116625  0.000000
  -20.998   -9.273   -6.201   -5.739    1.807    2.850    3.250    5.116
            0.067667  0.117202  0.000000
  -20.995   -9.270   -6.211   -5.745    1.811    2.854    3.254    5.120
            0.068000  0.117779  0.000000
  -20.992   -9.266   -6.221   -5.752    1.815    2.858    3.258    5.124
            0.068333  0.118357  0.000000
  -20.988   -9.262   -6.231   -5.758    1.819    2.863    3.263    5.129
            0.068667  0.118934  0.000000
  -20.985   -9.258   -6.241   -5.765    1.824    2.867    3.267    5.133
            0.069000  0.119512  0.000000
  -20.982   -9.254   -6.251   -5.771    1.828    2.872    3.272    5.137
            0.069333  0.120089  0.000000
  -20.979   -9.250   -6.261   -5.778    1.833    2.876    3.276    5.142
            0.069667  0.120666  0.000000
  -20.976   -9.247   -6.271   -5.784    1.837    2.881    3.281    5.146
            0.070000  0.121244  0.000000
  -20.972   -9.243   -6.281   -5.791    1.842    2.885    3.286    5.151
            0.070333  0.121821  0.000000
  -20.969   -9.239   -6.292   -5.798    1.846    2.890    3.290    5.155
            0.070667  0.122398  0.000000
  -20.966   -9.235   -6.302   -5.804    1.850    2.894    3.295    5.160
            0.071000  0.122976  0.000000
  -20.962   -9.231   -6.312   -5.811    1.855    2.899    3.299    5.164
            0.071333  0.123553  0.000000
  -20.959   -9.227   -6.322   -5.818    1.860    2.903    3.304    5.169
            0.071667  0.124130  0.000000
  -20.956   -9.223   -6.333   -5.824    1.864    2.908    3.309    5.173
            0.072000  0.124708  0.000000
  -20.952   -9.219   -6.343   -5.831    1.869    2.912    3.313    5.178
            0.072333  0.125285  0.000000
  -20.949   -9.215   -6.353   -5.838    1.873    2.917    3.318    5.183
            0.072667  0.125862  0.000000
  -20.946   -9.211   -6.363   -5.845    1.878    2.922    3.323    5.187
            0.073000  0.126440  0.000000
  -20.942   -9.207   -6.374   -5.851    1.883    2.926    3.328    5.192
            0.073333  0.127017  0.000000
  -20.939   -9.202   -6.384   -5.858    1.887    2.931    3.332    5.197
            0.073667  0.127594  0.000000
  -20.935   -9.198   -6.395   -5.865    1.892    2.936    3.337    5.201
            0.074000  0.128172  0.000000
  -20.932   -9.194   -6.405   -5.872    1.897    2.941    3.342    5.206
            0.074333  0.128749  0.000000
  -20.928   -9.190   -6.415   -5.879    1.901    2.945    3.347    5.211
            0.074667  0.129326  0.000000
  -20.925   -9.186   -6.426   -5.886    1.906    2.950    3.352    5.215
            0.075000  0.129904  0.000000
  -20.921   -9.182   -6.436   -5.893    1.911    2.955    3.357    5.220
            0.075333  0.130481  0.000000
  -20.918   -9.177   -6.447   -5.900    1.916    2.960    3.361    5.225
            0.075667  0.131059  0.000000
  -20.914   -9.173   -6.457   -5.907    1.920    2.965    3.366    5.230
            0.076000  0.131636  0.000000
  -20.911   -9.169   -6.468   -5.914    1.925    2.970    3.371    5.235
            0.076333  0.132213  0.000000
  -20.907   -9.165   -6.479   -5.921    1.930    2.974    3.376    5.239
            0.076667  0.132791  0.000000
  -20.904   -9.160   -6.489   -5.928    1.935    2.979    3.381    5.244
            0.077000  0.133368  0.000000
  -20.900   -9.156   -6.500   -5.935    1.940    2.984    3.386    5.249
            0.077333  0.133945  0.000000
  -20.897   -9.152   -6.510   -5.942    1.945    2.989    3.391    5.254
            0.077667  0.134523  0.000000
  -20.893   -9.148   -6.521   -5.949    1.950    2.994    3.396    5.259
            0.078000  0.135100  0.000000
  -20.889   -9.143   -6.532   -5.957    1.955    2.999    3.402    5.264
            0.078333  0.135677  0.000000
  -20.886   -9.139   -6.543   -5.964    1.960    3.004    3.407    5.269
            0.078667  0.136255  0.000000
  -20.882   -9.134   -6.553   -5.971    1.965    3.009    3.412    5.274
            0.079000  0.136832  0.000000
  -20.878   -9.130   -6.564   -5.978    1.970    3.014    3.417    5.279
            0.079333  0.137409  0.000000
  -20.875   -9.126   -6.575   -5.985    1.975    3.019    3.422    5.284
            0.079667  0.137987  0.000000
  -20.871   -9.121   -6.586   -5.993    1.980    3.025    3.427    5.289
            0.080000  0.138564  0.000000
  -20.867   -9.117   -6.596   -6.000    1.985    3.030    3.432    5.294
            0.080333  0.139141  0.000000
  -20.863   -9.112   -6.607   -6.007    1.990    3.035    3.438    5.299
            0.080667  0.139719  0.000000
  -20.860   -9.108   -6.618   -6.015    1.995    3.040    3.443    5.304
            0.081000  0.140296  0.000000
  -20.856   -9.103   -6.629   -6.022    2.000    3.045    3.448    5.310
            0.081333  0.140873  0.000000
  -20.852   -9.099   -6.640   -6.030    2.005    3.050    3.454    5.315
            0.081667  0.141451  0.000000
  -20.848   -9.094   -6.651   -6.037    2.011    3.056    3.459    5.320
            0.082000  0.142028  0.000000
  -20.844   -9.089   -6.662   -6.044    2.016    3.061    3.464    5.325
            0.082333  0.142606  0.000000
  -20.841   -9.085   -6.673   -6.052    2.021    3.066    3.470    5.330
            0.082667  0.143183  0.000000
  -20.837   -9.080   -6.684   -6.059    2.026    3.071    3.475    5.336
            0.083000  0.143760  0.000000
  -20.833   -9.076   -6.695   -6.067    2.032    3.077    3.480    5.341
            0.083333  0.144338  0.000000
  -20.829   -9.071   -6.706   -6.074    2.037    3.082    3.486    5.346
            0.083667  0.144915  0.000000
  -20.825   -9.066   -6.717   -6.082    2.042    3.088    3.491    5.352
            0.084000  0.145492  0.000000
  -20.821   -9.062   -6.728   -6.090    2.048    3.093    3.497    5.357
            0.084333  0.146070  0.000000
  -20.817   -9.057   -6.739   -6.097    2.053    3.098    3.502    5.362
            0.084667  0.146647  0.000000
  -20.813   -9.052   -6.750   -6.105    2.058    3.104    3.508    5.368
            0.085000  0.147224  0.000000
  -20.809   -9.047   -6.761   -6.112    2.064    3.109    3.513    5.373
            0.085333  0.147802  0.000000
  -20.805   -9.043   -6.772   -6.120    2.069    3.115    3.519    5.378
            0.085667  0.148379  0.000000
  -20.801   -9.038   -6.783   -6.128    2.075    3.120    3.524    5.384
            0.086000  0.148956  0.000000
  -20.797   -9.033   -6.794   -6.136    2.080    3.126    3.530    5.389
            0.086333  0.149534  0.000000
  -20.793   -9.028   -6.805   -6.143    2.086    3.131    3.536    5.395
            0.086667  0.150111  0.000000
  -20.789   -9.024   -6.816   -6.151    2.091    3.137    3.541    5.400
            0.087000  0.150688  0.000000
  -20.785   -9.019   -6.828   -6.159    2.097    3.142    3.547    5.406
            0.087333  0.151266  0.000000
  -20.781   -9.014   -6.839   -6.167    2.102    3.148    3.553    5.411
            0.087667  0.151843  0.000000
  -20.777   -9.009   -6.850   -6.174    2.108    3.154    3.558    5.417
            0.088000  0.152420  0.000000
  -20.773   -9.004   -6.861   -6.182    2.113    3.159    3.564    5.423
            0.088333  0.152998  0.000000
  -20.769   -8.999   -6.873   -6.190    2.119    3.165    3.570    5.428
            0.088667  0.153575  0.000000
  -20.765   -8.994   -6.884   -6.198    2.125    3.170    3.576    5.434
            0.089000  0.154153  0.000000
  -20.761   -8.989   -6.895   -6.206    2.130    3.176    3.582    5.440
            0.089333  0.154730  0.000000
  -20.757   -8.984   -6.906   -6.214    2.136    3.182    3.587    5.445
            0.089667  0.155307  0.000000
  -20.752   -8.979   -6.918   -6.222    2.142    3.188    3.593    5.451
            0.090000  0.155885  0.000000
  -20.748   -8.974   -6.929   -6.230    2.147    3.193    3.599    5.457
            0.090333  0.156462  0.000000
  -20.744   -8.969   -6.940   -6.238    2.153    3.199    3.605    5.462
            0.090667  0.157039  0.000000
  -20.740   -8.964   -6.952   -6.246    2.159    3.205    3.611    5.468
            0.091000  0.157617  0.000000
  -20.736   -8.959   -6.963   -6.254    2.165    3.211    3.617    5.474
            0.091333  0.158194  0.000000
  -20.731   -8.954   -6.974   -6.262    2.171    3.217    3.623    5.480
            0.091667  0.158771  0.000000
  -20.727   -8.949   -6.986   -6.270    2.176    3.223    3.629    5.485
            0.092000  0.159349  0.000000
  -20.723   -8.944   -6.997   -6.278    2.182    3.228    3.635    5.491
            0.092333  0.159926  0.000000
  -20.718   -8.939   -7.009   -6.286    2.188    3.234    3.641    5.497
            0.092667  0.160503  0.000000
  -20.714   -8.934   -7.020   -6.294    2.194    3.240    3.647    5.503
            0.093000  0.161081  0.000000
  -20.710   -8.928   -7.032   -6.302    2.200    3.246    3.653    5.509
            0.093333  0.161658  0.000000
  -20.705   -8.923   -7.043   -6.310    2.206    3.252    3.659    5.515
            0.093667  0.162235  0.000000
  -20.701   -8.918   -7.054   -6.319    2.212    3.258    3.665    5.521
            0.094000  0.162813  0.000000
  -20.697   -8.913   -7.066   -6.327    2.218    3.264    3.671    5.527
            0.094333  0.163390  0.000000
  -20.692   -8.908   -7.077   -6.335    2.224    3.270    3.677    5.533
            0.094667  0.163967  0.000000
  -20.688   -8.902   -7.089   -6.343    2.230    3.276    3.684    5.539
            0.095000  0.164545  0.000000
  -20.684   -8.897   -7.100   -6.352    2.236    3.282    3.690    5.545
            0.095333  0.165122  0.000000
  -20.679   -8.892   -7.112   -6.360    2.242    3.289    3.696    5.551
            0.095667  0.165700  0.000000
  -20.675   -8.886   -7.124   -6.368    2.248    3.295    3.702    5.557
            0.096000  0.166277  0.000000
  -20.670   -8.881   -7.135   -6.376    2.254    3.301    3.708    5.563
            0.096333  0.166854  0.000000
  -20.666   -8.876   -7.147   -6.385    2.260    3.307    3.715    5.569
            0.096667  0.167432  0.000000
  -20.661   -8.870   -7.158   -6.393    2.266    3.313    3.721    5.575
            0.097000  0.168009  0.000000
  -20.657   -8.865   -7.170   -6.401    2.273    3.319    3.727    5.581
            0.097333  0.168586  0.000000
  -20.652   -8.860   -7.182   -6.410    2.279    3.326    3.734    5.588
            0.097667  0.169164  0.000000
  -20.648   -8.854   -7.193   -6.418    2.285    3.332    3.740    5.594
            0.098000  0.169741  0.000000
  -20.643   -8.849   -7.205   -6.427    2.291    3.338    3.746    5.600
            0.098333  0.170318  0.000000
  -20.639   -8.843   -7.216   -6.435    2.297    3.344    3.753    5.606
            0.098667  0.170896  0.000000
  -20.634   -8.838   -7.228   -6.444    2.304    3.351    3.759    5.613
            0.099000  0.171473  0.000000
  -20.629   -8.832   -7.240   -6.452    2.310    3.357    3.766    5.619
            0.099333  0.172050  0.000000
  -20.625   -8.827   -7.251   -6.461    2.316    3.363    3.772    5.625
            0.099667  0.172628  0.000000
  -20.620   -8.821   -7.263   -6.469    2.323    3.370    3.779    5.631
            0.100000  0.173205  0.000000
  -20.615   -8.816   -7.275   -6.478    2.329    3.376    3.785    5.638
            0.100333  0.173782  0.000000
  -20.611   -8.810   -7.286   -6.486    2.335    3.383    3.792    5.644
            0.100667  0.174360  0.000000
  -20.606   -8.805   -7.298   -6.495    2.342    3.389    3.798    5.650
            0.101000  0.174937  0.000000
  -20.601   -8.799   -7.310   -6.503    2.348    3.396    3.805    5.657
            0.101333  0.175514  0.000000
  -20.597   -8.793   -7.322   -6.512    2.355    3.402    3.812    5.663
            0.101667  0.176092  0.000000
  -20.592   -8.788   -7.333   -6.521    2.361    3.409    3.818    5.670
            0.102000  0.176669  0.000000
  -20.587   -8.782   -7.345   -6.529    2.368    3.415    3.825    5.676
            0.102333  0.177247  0.000000
  -20.582   -8.776   -7.357   -6.538    2.374    3.422    3.832    5.683
            0.102667  0.177824  0.000000
  -20.578   -8.771   -7.369   -6.547    2.381    3.428    3.838    5.689
            0.103000  0.178401  0.000000
  -20.573   -8.765   -7.380   -6.555    2.387    3.435    3.845    5.696
            0.103333  0.178979  0.000000
  -20.568   -8.759   -7.392   -6.564    2.394    3.441    3.852    5.702
            0.103667  0.179556  0.000000
  -20.563   -8.754   -7.404   -6.573    2.400    3.448    3.858    5.709
            0.104000  0.180133  0.000000
  -20.558   -8.748   -7.416   -6.581    2.407    3.455    3.865    5.715
            0.104333  0.180711  0.000000
  -20.554   -8.742   -7.428   -6.590    2.414    3.461    3.872    5.722
            0.104667  0.181288  0.000000
  -20.549   -8.736   -7.440   -6.599    2.420    3.468    3.879    5.729
            0.105000  0.181865  0.000000
  -20.544   -8.730   -7.451   -6.608    2.427    3.475    3.886    5.735
            0.105333  0.182443  0.000000
  -20.539   -8.725   -7.463   -6.616    2.434    3.481    3.893    5.742
            0.105667  0.183020  0.000000
  -20.534   -8.719   -7.475   -6.625    2.440    3.488    3.900    5.749
            0.106000  0.183597  0.000000
  -20.529   -8.713   -7.487   -6.634    2.447    3.495    3.906    5.755
            0.106333  0.184175  0.000000
  -20.524   -8.707   -7.499   -6.643    2.454    3.502    3.913    5.762
            0.106667  0.184752  0.000000
  -20.519   -8.701   -7.511   -6.652    2.461    3.509    3.920    5.769
            0.107000  0.185329  0.000000
  -20.514   -8.695   -7.523   -6.661    2.467    3.515    3.927    5.776
            0.107333  0.185907  0.000000
  -20.509   -8.689   -7.534   -6.670    2.474    3.522    3.934    5.782
            0.107667  0.186484  0.000000
  -20.504   -8.683   -7.546   -6.679    2.481    3.529    3.941    5.789
            0.108000  0.187061  0.000000
  -20.499   -8.677   -7.558   -6.688    2.488    3.536    3.948    5.796
            0.108333  0.187639  0.000000
  -20.494   -8.671   -7.570   -6.696    2.495    3.543    3.955    5.803
            0.108667  0.188216  0.000000
  -20.489   -8.665   -7.582   -6.705    2.502    3.550    3.963    5.810
            0.109000  0.188794  0.000000
  -20.484   -8.659   -7.594   -6.714    2.509    3.557    3.970    5.817
            0.109333  0.189371  0.000000
  -20.479   -8.653   -7.606   -6.723    2.516    3.564    3.977    5.824
            0.109667  0.189948  0.000000
  -20.474   -8.647   -7.618   -6.732    2.523    3.571    3.984    5.831
            0.110000  0.190526  0.000000
  -20.469   -8.641   -7.630   -6.741    2.530    3.578    3.991    5.838
            0.110333  0.191103  0.000000
  -20.464   -8.635   -7.642   -6.750    2.537    3.585    3.998    5.844
            0.110667  0.191680  0.000000
  -20.459   -8.629   -7.654   -6.760    2.544    3.592    4.006    5.851
            0.111000  0.192258  0.000000
  -20.454   -8.623   -7.666   -6.769    2.551    3.599    4.013    5.859
            0.111333  0.192835  0.000000
  -20.448   -8.617   -7.678   -6.778    2.558    3.606    4.020    5.866
            0.111667  0.193412  0.000000
  -20.443   -8.611   -7.690   -6.787    2.565    3.613    4.027    5.873
            0.112000  0.193990  0.000000
  -20.438   -8.604   -7.702   -6.796    2.572    3.621    4.035    5.880
            0.112333  0.194567  0.000000
  -20.433   -8.598   -7.714   -6.805    2.579    3.628    4.042    5.887
            0.112667  0.195144  0.000000
  -20.428   -8.592   -7.726   -6.814    2.586    3.635    4.049    5.894
            0.113000  0.195722  0.000000
  -20.422   -8.586   -7.738   -6.823    2.594    3.642    4.057    5.901
            0.113333  0.196299  0.000000
  -20.417   -8.580   -7.750   -6.832    2.601    3.649    4.064    5.908
            0.113667  0.196876  0.000000
  -20.412   -8.573   -7.762   -6.842    2.608    3.657    4.071    5.915
            0.114000  0.197454  0.000000
  -20.407   -8.567   -7.774   -6.851    2.615    3.664    4.079    5.923
            0.114333  0.198031  0.000000
  -20.401   -8.561   -7.786   -6.860    2.623    3.671    4.086    5.930
            0.114667  0.198608  0.000000
  -20.396   -8.554   -7.798   -6.869    2.630    3.679    4.094    5.937
            0.115000  0.199186  0.000000
  -20.391   -8.548   -7.810   -6.879    2.637    3.686    4.101    5.944
            0.115333  0.199763  0.000000
  -20.385   -8.542   -7.822   -6.888    2.644    3.693    4.109    5.952
            0.115667  0.200341  0.000000
  -20.380   -8.535   -7.834   -6.897    2.652    3.701    4.116    5.959
            0.116000  0.200918  0.000000
  -20.375   -8.529   -7.846   -6.906    2.659    3.708    4.124    5.966
            0.116333  0.201495  0.000000
  -20.369   -8.523   -7.858   -6.916    2.667    3.716    4.132    5.974
            0.116667  0.202073  0.000000
  -20.364   -8.516   -7.870   -6.925    2.674    3.723    4.139    5.981
            0.117000  0.202650  0.000000
  -20.358   -8.510   -7.882   -6.934    2.681    3.730    4.147    5.988
            0.117333  0.203227  0.000000
  -20.353   -8.503   -7.894   -6.944    2.689    3.738    4.154    5.996
            0.117667  0.203805  0.000000
  -20.347   -8.497   -7.906   -6.953    2.696    3.745    4.162    6.003
            0.118000  0.204382  0.000000
  -20.342   -8.490   -7.918   -6.962    2.704    3.753    4.170    6.011
            0.118333  0.204959  0.000000
  -20.336   -8.484   -7.930   -6.972    2.711    3.760    4.178    6.018
            0.118667  0.205537  0.000000
  -20.331   -8.477   -7.942   -6.981    2.719    3.768    4.185    6.026
            0.119000  0.206114  0.000000
  -20.325   -8.471   -7.954   -6.991    2.727    3.776    4.193    6.033
            0.119333  0.206691  0.000000
  -20.320   -8.464   -7.966   -7.000    2.734    3.783    4.201    6.041
            0.119667  0.207269  0.000000
  -20.314   -8.458   -7.979   -7.009    2.742    3.791    4.209    6.048
            0.120000  0.207846  0.000000
  -20.309   -8.451   -7.991   -7.019    2.749    3.799    4.217    6.056
            0.120333  0.208423  0.000000
  -20.303   -8.444   -8.003   -7.028    2.757    3.806    4.224    6.064
            0.120667  0.209001  0.000000
  -20.298   -8.438   -8.015   -7.038    2.765    3.814    4.232    6.071
            0.121000  0.209578  0.000000
  -20.292   -8.431   -8.027   -7.047    2.772    3.822    4.240    6.079
            0.121333  0.210155  0.000000
  -20.286   -8.424   -8.039   -7.057    2.780    3.829    4.248    6.086
            0.121667  0.210733  0.000000
  -20.281   -8.418   -8.051   -7.066    2.788    3.837    4.256    6.094
            0.122000  0.211310  0.000000
  -20.275   -8.411   -8.063   -7.076    2.796    3.845    4.264    6.102
            0.122333  0.211888  0.000000
  -20.270   -8.404   -8.075   -7.085    2.803    3.853    4.272    6.110
            0.122667  0.212465  0.000000
  -20.264   -8.398   -8.088   -7.095    2.811    3.861    4.280    6.117
            0.123000  0.213042  0.000000
  -20.258   -8.391   -8.100   -7.104    2.819    3.868    4.288    6.125
            0.123333  0.213620  0.000000
  -20.252   -8.384   -8.112   -7.114    2.827    3.876    4.296    6.133
            0.123667  0.214197  0.000000
  -20.247   -8.377   -8.124   -7.123    2.835    3.884    4.304    6.140
            0.124000  0.214774  0.000000
  -20.241   -8.371   -8.136   -7.133    2.843    3.892    4.312    6.149
            0.124333  0.215352  0.000000
  -20.235   -8.364   -8.148   -7.143    2.850    3.900    4.320    6.155
            0.124667  0.215929  0.000000
  -20.229   -8.357   -8.160   -7.152    2.858    3.908    4.328    6.150
            0.125000  0.216506  0.000000
  -20.224   -8.350   -8.172   -7.162    2.866    3.916    4.337    6.168
            0.125333  0.217084  0.000000
  -20.218   -8.343   -8.185   -7.172    2.874    3.924    4.345    6.119
            0.125667  0.217661  0.000000
  -20.212   -8.336   -8.197   -7.181    2.882    3.932    4.353    6.102
            0.126000  0.218238  0.000000
  -20.206   -8.329   -8.209   -7.191    2.890    3.940    4.361    6.070
            0.126333  0.218816  0.000000
  -20.200   -8.323   -8.221   -7.200    2.898    3.948    4.369    6.056
            0.126667  0.219393  0.000000
  -20.195   -8.316   -8.233   -7.210    2.906    3.956    4.378    6.042
            0.127000  0.219970  0.000000
  -20.189   -8.309   -8.245   -7.220    2.914    3.964    4.386    6.028
            0.127333  0.220548  0.000000
  -20.183   -8.302   -8.257   -7.230    2.923    3.972    4.394    6.014
            0.127667  0.221125  0.000000
  -20.177   -8.295   -8.270   -7.239    2.931    3.980    4.403    6.000
            0.128000  0.221703  0.000000
  -20.171   -8.288   -8.282   -7.249    2.939    3.988    4.411    5.986
            0.128333  0.222280  0.000000
  -20.165   -8.294   -8.281   -7.259    2.947    3.997    4.419    5.972
            0.128667  0.222857  0.000000
  -20.159   -8.306   -8.274   -7.268    2.955    4.005    4.428    5.957
            0.129000  0.223435  0.000000
  -20.153   -8.318   -8.267   -7.278    2.963    4.013    4.436    5.943
            0.129333  0.224012  0.000000
  -20.147   -8.330   -8.260   -7.288    2.972    4.021    4.445    5.929
            0.129667  0.224589  0.000000
  -20.141   -8.343   -8.252   -7.298    2.980    4.030    4.453    5.916
            0.130000  0.225167  0.000000
  -20.135   -8.355   -8.245   -7.308    2.988    4.038    4.462    5.901
            0.130333  0.225744  0.000000
  -20.129   -8.367   -8.238   -7.317    2.996    4.046    4.470    5.887
            0.130667  0.226321  0.000000
  -20.123   -8.379   -8.231   -7.327    3.005    4.054    4.479    5.873
            0.131000  0.226899  0.000000
  -20.117   -8.391   -8.224   -7.337    3.013    4.063    4.487    5.858
            0.131333  0.227476  0.000000
  -20.111   -8.403   -8.217   -7.347    3.021    4.071    4.496    5.844
            0.131667  0.228053  0.000000
  -20.105   -8.415   -8.210   -7.357    3.030    4.080    4.504    5.830
            0.132000  0.228631  0.000000
  -20.099   -8.428   -8.202   -7.366    3.038    4.088    4.513    5.816
            0.132333  0.229208  0.000000
  -20.093   -8.440   -8.195   -7.376    3.047    4.096    4.522    5.802
            0.132667  0.229785  0.000000
  -20.087   -8.452   -8.188   -7.386    3.055    4.105    4.530    5.787
            0.133000  0.230363  0.000000
  -20.080   -8.464   -8.181   -7.396    3.063    4.113    4.539    5.773
            0.133333  0.230940  0.000000
  -20.074   -8.476   -8.173   -7.406    3.072    4.122    4.548    5.759
            0.133667  0.231517  0.000000
  -20.068   -8.488   -8.166   -7.416    3.080    4.130    4.556    5.745
            0.134000  0.232095  0.000000
  -20.062   -8.501   -8.159   -7.426    3.089    4.139    4.565    5.730
            0.134333  0.232672  0.000000
  -20.056   -8.513   -8.152   -7.436    3.097    4.147    4.574    5.716
            0.134667  0.233250  0.000000
  -20.049   -8.525   -8.144   -7.446    3.106    4.156    4.583    5.702
            0.135000  0.233827  0.000000
  -20.043   -8.537   -8.137   -7.455    3.115    4.164    4.591    5.687
            0.135333  0.234404  0.000000
  -20.037   -8.549   -8.129   -7.465    3.123    4.173    4.600    5.673
            0.135667  0.234982  0.000000
  -20.031   -8.561   -8.122   -7.475    3.132    4.182    4.609    5.659
            0.136000  0.235559  0.000000
  -20.024   -8.574   -8.115   -7.485    3.140    4.190    4.618    5.644
            0.136333  0.236136  0.000000
  -20.018   -8.586   -8.107   -7.495    3.149    4.199    4.627    5.630
            0.136667  0.236714  0.000000
  -20.012   -8.598   -8.100   -7.505    3.158    4.208    4.636    5.616
            0.137000  0.237291  0.000000
  -20.006   -8.610   -8.092   -7.515    3.166    4.216    4.645    5.601
            0.137333  0.237868  0.000000
  -19.999   -8.622   -8.085   -7.525    3.175    4.225    4.654    5.587
            0.137667  0.238446  0.000000
  -19.993   -8.634   -8.077   -7.535    3.184    4.234    4.663    5.573
            0.138000  0.239023  0.000000
  -19.987   -8.646   -8.070   -7.545    3.193    4.243    4.672    5.558
            0.138333  0.239600  0.000000
  -19.980   -8.659   -8.062   -7.555    3.201    4.251    4.681    5.544
            0.138667  0.240178  0.000000
  -19.974   -8.671   -8.055   -7.565    3.210    4.260    4.690    5.529
            0.139000  0.240755  0.000000
  -19.967   -8.683   -8.047   -7.575    3.219    4.269    4.699    5.515
            0.139333  0.241332  0.000000
  -19.961   -8.695   -8.040   -7.585    3.228    4.278    4.708    5.501
            0.139667  0.241910  0.000000
  -19.954   -8.707   -8.032   -7.595    3.237    4.287    4.717    5.486
            0.140000  0.242487  0.000000
  -19.948   -8.719   -8.025   -7.605    3.246    4.296    4.726    5.472
            0.140333  0.243064  0.000000
  -19.942   -8.732   -8.017   -7.615    3.255    4.304    4.735    5.457
            0.140667  0.243642  0.000000
  -19.935   -8.744   -8.009   -7.625    3.264    4.313    4.744    5.443
            0.141000  0.244219  0.000000
  -19.929   -8.756   -8.002   -7.636    3.273    4.322    4.754    5.428
            0.141333  0.244797  0.000000
  -19.922   -8.768   -7.994   -7.646    3.281    4.331    4.763    5.414
            0.141667  0.245374  0.000000
  -19.916   -8.780   -7.986   -7.656    3.290    4.340    4.772    5.399
            0.142000  0.245951  0.000000
  -19.909   -8.792   -7.979   -7.666    3.300    4.349    4.781    5.385
            0.142333  0.246529  0.000000
  -19.902   -8.804   -7.971   -7.676    3.309    4.358    4.791    5.371
            0.142667  0.247106  0.000000
  -19.896   -8.817   -7.963   -7.686    3.318    4.367    4.800    5.356
            0.143000  0.247683  0.000000
  -19.889   -8.829   -7.956   -7.696    3.327    4.376    4.809    5.342
            0.143333  0.248261  0.000000
  -19.883   -8.841   -7.948   -7.706    3.336    4.386    4.819    5.327
            0.143667  0.248838  0.000000
  -19.876   -8.853   -7.940   -7.716    3.345    4.395    4.828    5.313
            0.144000  0.249415  0.000000
  -19.869   -8.865   -7.932   -7.727    3.354    4.404    4.837    5.298
            0.144333  0.249993  0.000000
  -19.863   -8.877   -7.924   -7.737    3.363    4.413    4.847    5.283
            0.144667  0.250570  0.000000
  -19.856   -8.889   -7.917   -7.747    3.372    4.422    4.856    5.269
            0.145000  0.251147  0.000000
  -19.849   -8.901   -7.909   -7.757    3.382    4.431    4.866    5.254
            0.145333  0.251725  0.000000
  -19.843   -8.914   -7.901   -7.767    3.391    4.441    4.875    5.240
            0.145667  0.252302  0.000000
  -19.836   -8.926   -7.893   -7.777    3.400    4.450    4.885    5.225
            0.146000  0.252879  0.000000
  -19.829   -8.938   -7.885   -7.788    3.409    4.459    4.894    5.211
            0.146333  0.253457  0.000000
  -19.823   -8.950   -7.877   -7.798    3.419    4.468    4.904    5.196
            0.146667  0.254034  0.000000
  -19.816   -8.962   -7.869   -7.808    3.428    4.478    4.913    5.182
            0.147000  0.254611  0.000000
  -19.809   -8.974   -7.861   -7.818    3.437    4.487    4.923    5.167
            0.147333  0.255189  0.000000
  -19.802   -8.986   -7.853   -7.828    3.447    4.496    4.933    5.152
            0.147667  0.255766  0.000000
  -19.796   -8.998   -7.845   -7.839    3.456    4.506    4.942    5.138
            0.148000  0.256344  0.000000
  -19.789   -9.010   -7.849   -7.837    3.465    4.515    4.952    5.123
            0.148333  0.256921  0.000000
  -19.782   -9.022   -7.859   -7.829    3.475    4.524    4.962    5.109
            0.148667  0.257498  0.000000
  -19.775   -9.035   -7.869   -7.821    3.484    4.534    4.971    5.094
            0.149000  0.258076  0.000000
  -19.768   -9.047   -7.880   -7.813    3.494    4.543    4.981    5.080
            0.149333  0.258653  0.000000
  -19.761   -9.059   -7.890   -7.805    3.503    4.553    4.991    5.065
            0.149667  0.259230  0.000000
  -19.755   -9.071   -7.900   -7.797    3.513    4.562    5.001    5.050
            0.150000  0.259808  0.000000
  -19.748   -9.083   -7.910   -7.789    3.522    4.572    5.010    5.036
            0.150333  0.260385  0.000000
  -19.741   -9.095   -7.921   -7.781    3.532    4.581    5.020    5.021
            0.150667  0.260962  0.000000
  -19.734   -9.107   -7.931   -7.773    3.541    4.591    5.006    5.030
            0.151000  0.261540  0.000000
  -19.727   -9.119   -7.941   -7.765    3.551    4.600    4.992    5.040
            0.151333  0.262117  0.000000
  -19.720   -9.131   -7.951   -7.757    3.560    4.610    4.977    5.050
            0.151667  0.262694  0.000000
  -19.713   -9.143   -7.962   -7.749    3.570    4.619    4.963    5.060
            0.152000  0.263272  0.000000
  -19.706   -9.155   -7.972   -7.740    3.580    4.629    4.948    5.070
            0.152333  0.263849  0.000000
  -19.699   -9.167   -7.982   -7.732    3.589    4.639    4.933    5.079
            0.152667  0.264426  0.000000
  -19.692   -9.179   -7.993   -7.724    3.599    4.648    4.919    5.089
            0.153000  0.265004  0.000000
  -19.685   -9.191   -8.003   -7.716    3.609    4.658    4.904    5.099
            0.153333  0.265581  0.000000
  -19.678   -9.203   -8.013   -7.707    3.619    4.668    4.889    5.109
            0.153667  0.266158  0.000000
  -19.671   -9.215   -8.023   -7.699    3.628    4.677    4.875    5.119
            0.154000  0.266736  0.000000
  -19.664   -9.228   -8.034   -7.691    3.638    4.687    4.860    5.129
            0.154333  0.267313  0.000000
  -19.657   -9.240   -8.044   -7.683    3.648    4.697    4.845    5.140
            0.154667  0.267891  0.000000
  -19.650   -9.252   -8.054   -7.674    3.658    4.706    4.831    5.150
            0.155000  0.268468  0.000000
  -19.642   -9.264   -8.065   -7.666    3.668    4.716    4.816    5.160
            0.155333  0.269045  0.000000
  -19.635   -9.276   -8.075   -7.658    3.677    4.726    4.801    5.170
            0.155667  0.269623  0.000000
  -19.628   -9.288   -8.085   -7.649    3.687    4.736    4.787    5.180
            0.156000  0.270200  0.000000
  -19.621   -9.300   -8.096   -7.641    3.697    4.746    4.772    5.190
            0.156333  0.270777  0.000000
  -19.614   -9.312   -8.106   -7.633    3.707    4.756    4.757    5.200
            0.156667  0.271355  0.000000
  -19.607   -9.324   -8.116   -7.624    3.717    4.742    4.765    5.211
            0.157000  0.271932  0.000000
  -19.599   -9.336   -8.127   -7.616    3.727    4.728    4.775    5.221
            0.157333  0.272509  0.000000
  -19.592   -9.348   -8.137   -7.607    3.737    4.713    4.785    5.231
            0.157667  0.273087  0.000000
  -19.585   -9.360   -8.148   -7.599    3.747    4.698    4.795    5.241
            0.158000  0.273664  0.000000
  -19.578   -9.372   -8.158   -7.591    3.757    4.684    4.805    5.252
            0.158333  0.274241  0.000000
  -19.571   -9.384   -8.168   -7.582    3.767    4.669    4.815    5.262
            0.158667  0.274819  0.000000
  -19.563   -9.396   -8.179   -7.574    3.777    4.654    4.825    5.272
            0.159000  0.275396  0.000000
  -19.556   -9.408   -8.189   -7.565    3.787    4.640    4.835    5.283
            0.159333  0.275973  0.000000
  -19.549   -9.420   -8.199   -7.557    3.797    4.625    4.845    5.293
            0.159667  0.276551  0.000000
  -19.541   -9.432   -8.210   -7.548    3.807    4.610    4.855    5.304
            0.160000  0.277128  0.000000
  -19.534   -9.443   -8.220   -7.539    3.817    4.595    4.865    5.314
            0.160333  0.277705  0.000000
  -19.527   -9.455   -8.231   -7.531    3.828    4.581    4.875    5.325
            0.160667  0.278283  0.000000
  -19.519   -9.467   -8.241   -7.522    3.838    4.566    4.886    5.335
            0.161000  0.278860  0.000000
  -19.512   -9.479   -8.251   -7.514    3.848    4.551    4.896    5.346
            0.161333  0.279438  0.000000
  -19.505   -9.491   -8.262   -7.505    3.858    4.537    4.906    5.356
            0.161667  0.280015  0.000000
  -19.497   -9.503   -8.272   -7.496    3.869    4.522    4.916    5.367
            0.162000  0.280592  0.000000
  -19.490   -9.515   -8.283   -7.488    3.879    4.507    4.926    5.377
            0.162333  0.281170  0.000000
  -19.482   -9.527   -8.293   -7.479    3.889    4.492    4.936    5.388
            0.162667  0.281747  0.000000
  -19.475   -9.539   -8.304   -7.471    3.899    4.478    4.947    5.398
            0.163000  0.282324  0.000000
  -19.467   -9.551   -8.314   -7.462    3.910    4.463    4.957    5.409
            0.163333  0.282902  0.000000
  -19.460   -9.563   -8.324   -7.453    3.920    4.448    4.967    5.420
            0.163667  0.283479  0.000000
  -19.452   -9.575   -8.335   -7.444    3.930    4.433    4.977    5.430
            0.164000  0.284056  0.000000
  -19.445   -9.587   -8.345   -7.436    3.941    4.419    4.988    5.441
            0.164333  0.284634  0.000000
  -19.437   -9.598   -8.356   -7.427    3.951    4.404    4.998    5.452
            0.164667  0.285211  0.000000
  -19.430   -9.610   -8.366   -7.418    3.962    4.389    5.008    5.463
            0.165000  0.285788  0.000000
  -19.422   -9.622   -8.377   -7.409    3.972    4.374    5.019    5.473
            0.165333  0.286366  0.000000
  -19.415   -9.634   -8.387   -7.401    3.983    4.360    5.029    5.484
            0.165667  0.286943  0.000000
  -19.407   -9.646   -8.397   -7.392    3.993    4.345    5.040    5.495
            0.166000  0.287520  0.000000
  -19.400   -9.658   -8.408   -7.383    4.004    4.330    5.050    5.506
            0.166333  0.288098  0.000000
  -19.392   -9.670   -8.418   -7.374    4.014    4.315    5.060    5.517
            0.166667  0.288675  0.000000
  -19.384   -9.682   -8.429   -7.365    4.025    4.301    5.071    5.527
            0.167000  0.289252  0.000000
  -19.377   -9.693   -8.439   -7.356    4.035    4.286    5.081    5.538
            0.167333  0.289830  0.000000
  -19.369   -9.705   -8.450   -7.348    4.046    4.271    5.092    5.549
            0.167667  0.290407  0.000000
  -19.361   -9.717   -8.460   -7.339    4.056    4.257    5.102    5.560
            0.168000  0.290985  0.000000
  -19.354   -9.729   -8.471   -7.330    4.067    4.242    5.113    5.571
            0.168333  0.291562  0.000000
  -19.346   -9.741   -8.481   -7.321    4.078    4.227    5.124    5.582
            0.168667  0.292139  0.000000
  -19.338   -9.753   -8.492   -7.312    4.088    4.212    5.134    5.593
            0.169000  0.292717  0.000000
  -19.331   -9.764   -8.502   -7.303    4.099    4.198    5.145    5.604
            0.169333  0.293294  0.000000
  -19.323   -9.776   -8.512   -7.294    4.110    4.183    5.155    5.615
            0.169667  0.293871  0.000000
  -19.315   -9.788   -8.523   -7.285    4.121    4.168    5.166    5.626
            0.170000  0.294449  0.000000
  -19.307   -9.800   -8.533   -7.276    4.131    4.153    5.177    5.637
            0.170333  0.295026  0.000000
  -19.300   -9.812   -8.544   -7.267    4.139    4.142    5.187    5.648
            0.170667  0.295603  0.000000
  -19.292   -9.823   -8.554   -7.258    4.124    4.153    5.198    5.660
            0.171000  0.296181  0.000000
  -19.284   -9.835   -8.565   -7.249    4.109    4.164    5.209    5.671
            0.171333  0.296758  0.000000
  -19.276   -9.847   -8.575   -7.240    4.094    4.175    5.219    5.682
            0.171667  0.297335  0.000000
  -19.268   -9.859   -8.586   -7.231    4.080    4.186    5.230    5.693
            0.172000  0.297913  0.000000
  -19.261   -9.870   -8.596   -7.222    4.065    4.196    5.241    5.704
            0.172333  0.298490  0.000000
  -19.253   -9.882   -8.607   -7.213    4.050    4.207    5.252    5.716
            0.172667  0.299067  0.000000
  -19.245   -9.894   -8.617   -7.203    4.035    4.218    5.262    5.727
            0.173000  0.299645  0.000000
  -19.237   -9.906   -8.628   -7.194    4.021    4.229    5.273    5.738
            0.173333  0.300222  0.000000
  -19.229   -9.917   -8.638   -7.185    4.006    4.240    5.284    5.749
            0.173667  0.300799  0.000000
  -19.221   -9.929   -8.649   -7.176    3.991    4.251    5.295    5.761
            0.174000  0.301377  0.000000
  -19.213   -9.941   -8.659   -7.167    3.977    4.262    5.306    5.772
            0.174333  0.301954  0.000000
  -19.205   -9.953   -8.670   -7.158    3.962    4.273    5.317    5.784
            0.174667  0.302532  0.000000
  -19.197   -9.964   -8.680   -7.148    3.947    4.284    5.328    5.795
            0.175000  0.303109  0.000000
  -19.189   -9.976   -8.691   -7.139    3.932    4.295    5.339    5.806
            0.175333  0.303686  0.000000
  -19.181   -9.988   -8.701   -7.130    3.918    4.306    5.349    5.818
            0.175667  0.304264  0.000000
  -19.173   -9.999   -8.712   -7.121    3.903    4.318    5.360    5.829
            0.176000  0.304841  0.000000
  -19.165  -10.011   -8.722   -7.112    3.888    4.329    5.371    5.841
            0.176333  0.305418  0.000000
  -19.157  -10.023   -8.733   -7.102    3.873    4.340    5.382    5.852
            0.176667  0.305996  0.000000
  -19.149  -10.034   -8.743   -7.093    3.859    4.351    5.393    5.864
            0.177000  0.306573  0.000000
  -19.141  -10.046   -8.754   -7.084    3.844    4.362    5.404    5.875
            0.177333  0.307150  0.000000
  -19.133  -10.058   -8.764   -7.074    3.829    4.373    5.415    5.887
            0.177667  0.307728  0.000000
  -19.125  -10.069   -8.775   -7.065    3.815    4.385    5.427    5.898
            0.178000  0.308305  0.000000
  -19.117  -10.081   -8.785   -7.056    3.800    4.396    5.438    5.910
            0.178333  0.308882  0.000000
  -19.109  -10.093   -8.796   -7.046    3.785    4.407    5.449    5.922
            0.178667  0.309460  0.000000
  -19.101  -10.104   -8.806   -7.037    3.770    4.418    5.460    5.933
            0.179000  0.310037  0.000000
  -19.093  -10.116   -8.817   -7.028    3.756    4.430    5.471    5.945
            0.179333  0.310614  0.000000
  -19.084  -10.127   -8.827   -7.018    3.741    4.441    5.482    5.957
            0.179667  0.311192  0.000000
  -19.076  -10.139   -8.838   -7.009    3.726    4.452    5.493    5.968
            0.180000  0.311769  0.000000
  -19.068  -10.151   -8.848   -6.999    3.712    4.464    5.505    5.980
            0.180333  0.312346  0.000000
  -19.060  -10.162   -8.859   -6.990    3.697    4.475    5.516    5.992
            0.180667  0.312924  0.000000
  -19.052  -10.174   -8.869   -6.980    3.682    4.487    5.527    6.004
            0.181000  0.313501  0.000000
  -19.043  -10.185   -8.880   -6.971    3.668    4.498    5.538    6.016
            0.181333  0.314079  0.000000
  -19.035  -10.197   -8.890   -6.961    3.653    4.510    5.549    6.027
            0.181667  0.314656  0.000000
  -19.027  -10.209   -8.901   -6.952    3.638    4.521    5.561    6.039
            0.182000  0.315233  0.000000
  -19.019  -10.220   -8.911   -6.942    3.624    4.533    5.572    6.051
            0.182333  0.315811  0.000000
  -19.010  -10.232   -8.922   -6.933    3.609    4.544    5.583    6.063
            0.182667  0.316388  0.000000
  -19.002  -10.243   -8.932   -6.923    3.594    4.556    5.595    6.075
            0.183000  0.316965  0.000000
  -18.994  -10.255   -8.943   -6.914    3.580    4.567    5.606    6.087
            0.183333  0.317543  0.000000
  -18.985  -10.266   -8.953   -6.904    3.565    4.579    5.617    6.099
            0.183667  0.318120  0.000000
  -18.977  -10.278   -8.964   -6.895    3.550    4.590    5.629    6.111
            0.184000  0.318697  0.000000
  -18.969  -10.289   -8.974   -6.885    3.536    4.602    5.640    6.123
            0.184333  0.319275  0.000000
  -18.960  -10.301   -8.985   -6.876    3.521    4.614    5.652    6.135
            0.184667  0.319852  0.000000
  -18.952  -10.312   -8.995   -6.866    3.506    4.625    5.663    6.147
            0.185000  0.320429  0.000000
  -18.944  -10.324   -9.006   -6.856    3.492    4.637    5.674    6.159
            0.185333  0.321007  0.000000
  -18.935  -10.335   -9.016   -6.847    3.477    4.649    5.686    6.171
            0.185667  0.321584  0.000000
  -18.927  -10.347   -9.026   -6.837    3.462    4.660    5.697    6.183
            0.186000  0.322161  0.000000
  -18.918  -10.358   -9.037   -6.827    3.448    4.672    5.709    6.195
            0.186333  0.322739  0.000000
  -18.910  -10.370   -9.047   -6.818    3.433    4.684    5.720    6.207
            0.186667  0.323316  0.000000
  -18.902  -10.381   -9.058   -6.808    3.418    4.696    5.732    6.220
            0.187000  0.323894  0.000000
  -18.893  -10.393   -9.068   -6.798    3.404    4.707    5.744    6.232
            0.187333  0.324471  0.000000
  -18.885  -10.404   -9.079   -6.788    3.389    4.719    5.755    6.244
            0.187667  0.325048  0.000000
  -18.876  -10.415   -9.089   -6.779    3.375    4.731    5.767    6.256
            0.188000  0.325626  0.000000
  -18.868  -10.427   -9.100   -6.769    3.360    4.743    5.778    6.268
            0.188333  0.326203  0.000000
  -18.859  -10.438   -9.110   -6.759    3.345    4.755    5.790    6.281
            0.188667  0.326780  0.000000
  -18.850  -10.450   -9.121   -6.749    3.331    4.767    5.802    6.293
            0.189000  0.327358  0.000000
  -18.842  -10.461   -9.131   -6.740    3.316    4.779    5.813    6.305
            0.189333  0.327935  0.000000
  -18.833  -10.472   -9.142   -6.730    3.302    4.791    5.825    6.318
            0.189667  0.328512  0.000000
  -18.825  -10.484   -9.152   -6.720    3.287    4.803    5.837    6.330
            0.190000  0.329090  0.000000
  -18.816  -10.495   -9.163   -6.710    3.272    4.815    5.848    6.342
            0.190333  0.329667  0.000000
  -18.808  -10.507   -9.173   -6.700    3.258    4.827    5.860    6.355
            0.190667  0.330244  0.000000
  -18.799  -10.518   -9.184   -6.690    3.243    4.839    5.872    6.367
            0.191000  0.330822  0.000000
  -18.790  -10.529   -9.194   -6.681    3.229    4.851    5.883    6.380
            0.191333  0.331399  0.000000
  -18.782  -10.541   -9.205   -6.671    3.214    4.863    5.895    6.392
            0.191667  0.331976  0.000000
  -18.773  -10.552   -9.215   -6.661    3.200    4.875    5.907    6.405
            0.192000  0.332554  0.000000
  -18.764  -10.563   -9.225   -6.651    3.185    4.887    5.919    6.417
            0.192333  0.333131  0.000000
  -18.756  -10.575   -9.236   -6.641    3.170    4.899    5.931    6.430
            0.192667  0.333708  0.000000
  -18.747  -10.586   -9.246   -6.631    3.156    4.911    5.942    6.442
            0.193000  0.334286  0.000000
  -18.738  -10.597   -9.257   -6.621    3.141    4.923    5.954    6.455
            0.193333  0.334863  0.000000
  -18.729  -10.608   -9.267   -6.611    3.127    4.936    5.966    6.468
            0.193667  0.335441  0.000000
  -18.721  -10.620   -9.278   -6.601    3.112    4.948    5.978    6.480
            0.194000  0.336018  0.000000
  -18.712  -10.631   -9.288   -6.591    3.098    4.960    5.990    6.493
            0.194333  0.336595  0.000000
  -18.703  -10.642   -9.299   -6.581    3.083    4.972    6.002    6.505
            0.194667  0.337173  0.000000
  -18.694  -10.654   -9.309   -6.571    3.069    4.985    6.014    6.518
            0.195000  0.337750  0.000000
  -18.686  -10.665   -9.319   -6.561    3.054    4.997    6.026    6.531
            0.195333  0.338327  0.000000
  -18.677  -10.676   -9.330   -6.551    3.040    5.009    6.037    6.544
            0.195667  0.338905  0.000000
  -18.668  -10.687   -9.340   -6.541    3.025    5.021    6.049    6.556
            0.196000  0.339482  0.000000
  -18.659  -10.698   -9.351   -6.531    3.011    5.034    6.061    6.569
            0.196333  0.340059  0.000000
  -18.650  -10.710   -9.361   -6.521    2.996    5.046    6.073    6.582
            0.196667  0.340637  0.000000
  -18.641  -10.721   -9.372   -6.511    2.982    5.059    6.085    6.595
            0.197000  0.341214  0.000000
  -18.632  -10.732   -9.382   -6.501    2.967    5.071    6.097    6.608
            0.197333  0.341791  0.000000
  -18.624  -10.743   -9.392   -6.491    2.953    5.083    6.109    6.620
            0.197667  0.342369  0.000000
  -18.615  -10.754   -9.403   -6.481    2.938    5.096    6.121    6.633
            0.198000  0.342946  0.000000
  -18.606  -10.766   -9.413   -6.470    2.924    5.108    6.134    6.646
            0.198333  0.343523  0.000000
  -18.597  -10.777   -9.424   -6.460    2.909    5.121    6.146    6.659
            0.198667  0.344101  0.000000
  -18.588  -10.788   -9.434   -6.450    2.895    5.133    6.158    6.672
            0.199000  0.344678  0.000000
  -18.579  -10.799   -9.444   -6.440    2.881    5.146    6.170    6.685
            0.199333  0.345255  0.000000
  -18.570  -10.810   -9.455   -6.430    2.866    5.158    6.182    6.698
            0.199667  0.345833  0.000000
  -18.561  -10.821   -9.465   -6.420    2.852    5.171    6.194    6.711
            0.200000  0.346410  0.000000
  -18.552  -10.832   -9.476   -6.409    2.837    5.183    6.206    6.724
            0.200333  0.346988  0.000000
  -18.543  -10.844   -9.486   -6.399    2.823    5.196    6.218    6.737
            0.200667  0.347565  0.000000
  -18.534  -10.855   -9.496   -6.389    2.808    5.209    6.230    6.750
            0.201000  0.348142  0.000000
  -18.525  -10.866   -9.507   -6.379    2.794    5.221    6.243    6.763
            0.201333  0.348720  0.000000
  -18.516  -10.877   -9.517   -6.368    2.780    5.234    6.255    6.777
            0.201667  0.349297  0.000000
  -18.507  -10.888   -9.528   -6.358    2.765    5.247    6.267    6.790
            0.202000  0.349874  0.000000
  -18.498  -10.899   -9.538   -6.348    2.751    5.259    6.279    6.803
            0.202333  0.350452  0.000000
  -18.489  -10.910   -9.548   -6.338    2.736    5.272    6.292    6.816
            0.202667  0.351029  0.000000
  -18.479  -10.921   -9.559   -6.327    2.722    5.285    6.304    6.829
            0.203000  0.351606  0.000000
  -18.470  -10.932   -9.569   -6.317    2.708    5.298    6.316    6.842
            0.203333  0.352184  0.000000
  -18.461  -10.943   -9.579   -6.307    2.693    5.310    6.328    6.856
            0.203667  0.352761  0.000000
  -18.452  -10.954   -9.590   -6.296    2.679    5.323    6.341    6.869
            0.204000  0.353338  0.000000
  -18.443  -10.965   -9.600   -6.286    2.665    5.336    6.353    6.882
            0.204333  0.353916  0.000000
  -18.434  -10.976   -9.610   -6.276    2.650    5.349    6.365    6.896
            0.204667  0.354493  0.000000
  -18.425  -10.987   -9.621   -6.265    2.636    5.362    6.377    6.909
            0.205000  0.355070  0.000000
  -18.415  -10.998   -9.631   -6.255    2.622    5.375    6.390    6.922
            0.205333  0.355648  0.000000
  -18.406  -11.009   -9.641   -6.244    2.607    5.388    6.402    6.936
            0.205667  0.356225  0.000000
  -18.397  -11.020   -9.652   -6.234    2.593    5.400    6.415    6.949
            0.206000  0.356802  0.000000
  -18.388  -11.031   -9.662   -6.224    2.579    5.413    6.427    6.962
            0.206333  0.357380  0.000000
  -18.378  -11.042   -9.672   -6.213    2.564    5.426    6.439    6.976
            0.206667  0.357957  0.000000
  -18.369  -11.053   -9.683   -6.203    2.550    5.439    6.452    6.989
            0.207000  0.358535  0.000000
  -18.360  -11.064   -9.693   -6.192    2.536    5.452    6.464    7.003
            0.207333  0.359112  0.000000
  -18.351  -11.075   -9.703   -6.182    2.522    5.465    6.476    7.016
            0.207667  0.359689  0.000000
  -18.341  -11.086   -9.714   -6.171    2.507    5.478    6.489    7.030
            0.208000  0.360267  0.000000
  -18.332  -11.097   -9.724   -6.161    2.493    5.491    6.501    7.043
            0.208333  0.360844  0.000000
  -18.323  -11.107   -9.734   -6.150    2.479    5.505    6.514    7.057
            0.208667  0.361421  0.000000
  -18.313  -11.118   -9.744   -6.140    2.465    5.518    6.526    7.071
            0.209000  0.361999  0.000000
  -18.304  -11.129   -9.755   -6.129    2.450    5.531    6.539    7.084
            0.209333  0.362576  0.000000
  -18.295  -11.140   -9.765   -6.119    2.436    5.544    6.551    7.098
            0.209667  0.363153  0.000000
  -18.285  -11.151   -9.775   -6.108    2.422    5.557    6.564    7.112
            0.210000  0.363731  0.000000
  -18.276  -11.162   -9.786   -6.098    2.408    5.570    6.576    7.125
            0.210333  0.364308  0.000000
  -18.266  -11.173   -9.796   -6.087    2.394    5.583    6.589    7.139
            0.210667  0.364885  0.000000
  -18.257  -11.183   -9.806   -6.077    2.379    5.597    6.601    7.153
            0.211000  0.365463  0.000000
  -18.248  -11.194   -9.816   -6.066    2.365    5.610    6.614    7.166
            0.211333  0.366040  0.000000
  -18.238  -11.205   -9.827   -6.055    2.351    5.623    6.626    7.180
            0.211667  0.366617  0.000000
  -18.229  -11.216   -9.837   -6.045    2.337    5.636    6.639    7.194
            0.212000  0.367195  0.000000
  -18.219  -11.227   -9.847   -6.034    2.323    5.650    6.651    7.208
            0.212333  0.367772  0.000000
  -18.210  -11.237   -9.857   -6.024    2.309    5.663    6.664    7.222
            0.212667  0.368349  0.000000
  -18.200  -11.248   -9.867   -6.013    2.294    5.676    6.676    7.235
            0.213000  0.368927  0.000000
  -18.191  -11.259   -9.878   -6.002    2.280    5.690    6.689    7.249
            0.213333  0.369504  0.000000
  -18.181  -11.270   -9.888   -5.992    2.266    5.703    6.701    7.263
            0.213667  0.370082  0.000000
  -18.172  -11.280   -9.898   -5.981    2.252    5.716    6.714    7.277
            0.214000  0.370659  0.000000
  -18.162  -11.291   -9.908   -5.970    2.238    5.730    6.727    7.291
            0.214333  0.371236  0.000000
  -18.152  -11.302   -9.919   -5.960    2.224    5.743    6.739    7.305
            0.214667  0.371814  0.000000
  -18.143  -11.313   -9.929   -5.949    2.210    5.757    6.752    7.319
            0.215000  0.372391  0.000000
  -18.133  -11.323   -9.939   -5.938    2.196    5.770    6.764    7.333
            0.215333  0.372968  0.000000
  -18.124  -11.334   -9.949   -5.928    2.181    5.784    6.777    7.347
            0.215667  0.373546  0.000000
  -18.114  -11.345   -9.959   -5.917    2.167    5.797    6.790    7.361
            0.216000  0.374123  0.000000
  -18.104  -11.355   -9.969   -5.906    2.153    5.811    6.802    7.375
            0.216333  0.374700  0.000000
  -18.095  -11.366   -9.980   -5.895    2.139    5.824    6.815    7.389
            0.216667  0.375278  0.000000
  -18.085  -11.377   -9.990   -5.885    2.125    5.838    6.828    7.403
            0.217000  0.375855  0.000000
  -18.076  -11.387  -10.000   -5.874    2.111    5.851    6.840    7.417
            0.217333  0.376432  0.000000
  -18.066  -11.398  -10.010   -5.863    2.097    5.865    6.853    7.432
            0.217667  0.377010  0.000000
  -18.056  -11.409  -10.020   -5.852    2.083    5.879    6.866    7.446
            0.218000  0.377587  0.000000
  -18.046  -11.419  -10.030   -5.841    2.069    5.892    6.878    7.460
            0.218333  0.378164  0.000000
  -18.037  -11.430  -10.040   -5.831    2.055    5.906    6.891    7.474
            0.218667  0.378742  0.000000
  -18.027  -11.440  -10.051   -5.820    2.041    5.920    6.904    7.488
            0.219000  0.379319  0.000000
  -18.017  -11.451  -10.061   -5.809    2.027    5.933    6.916    7.503
            0.219333  0.379896  0.000000
  -18.008  -11.461  -10.071   -5.798    2.013    5.947    6.929    7.517
            0.219667  0.380474  0.000000
  -17.998  -11.472  -10.081   -5.787    1.999    5.961    6.942    7.531
            0.220000  0.381051  0.000000
  -17.988  -11.483  -10.091   -5.776    1.985    5.974    6.954    7.546
            0.220333  0.381629  0.000000
  -17.978  -11.493  -10.101   -5.766    1.971    5.988    6.967    7.560
            0.220667  0.382206  0.000000
  -17.968  -11.504  -10.111   -5.755    1.957    6.002    6.980    7.574
            0.221000  0.382783  0.000000
  -17.959  -11.514  -10.121   -5.744    1.943    6.016    6.992    7.589
            0.221333  0.383361  0.000000
  -17.949  -11.525  -10.131   -5.733    1.930    6.030    7.005    7.603
            0.221667  0.383938  0.000000
  -17.939  -11.535  -10.141   -5.722    1.916    6.043    7.018    7.618
            0.222000  0.384515  0.000000
  -17.929  -11.546  -10.152   -5.711    1.902    6.057    7.030    7.632
            0.222333  0.385093  0.000000
  -17.919  -11.556  -10.162   -5.700    1.888    6.071    7.043    7.646
            0.222667  0.385670  0.000000
  -17.909  -11.567  -10.172   -5.689    1.874    6.085    7.056    7.661
            0.223000  0.386247  0.000000
  -17.900  -11.577  -10.182   -5.678    1.860    6.099    7.068    7.675
            0.223333  0.386825  0.000000
  -17.890  -11.588  -10.192   -5.667    1.846    6.113    7.081    7.690
            0.223667  0.387402  0.000000
  -17.880  -11.598  -10.202   -5.656    1.832    6.127    7.094    7.705
            0.224000  0.387979  0.000000
  -17.870  -11.608  -10.212   -5.645    1.819    6.141    7.107    7.719
            0.224333  0.388557  0.000000
  -17.860  -11.619  -10.222   -5.634    1.805    6.155    7.119    7.734
            0.224667  0.389134  0.000000
  -17.850  -11.629  -10.232   -5.623    1.791    6.169    7.132    7.748
            0.225000  0.389711  0.000000
  -17.840  -11.640  -10.242   -5.612    1.777    6.183    7.145    7.763
            0.225333  0.390289  0.000000
  -17.830  -11.650  -10.252   -5.601    1.763    6.197    7.157    7.778
            0.225667  0.390866  0.000000
  -17.820  -11.660  -10.262   -5.590    1.749    6.211    7.170    7.792
            0.226000  0.391443  0.000000
  -17.810  -11.671  -10.272   -5.579    1.736    6.225    7.183    7.807
            0.226333  0.392021  0.000000
  -17.800  -11.681  -10.282   -5.568    1.722    6.239    7.195    7.822
            0.226667  0.392598  0.000000
  -17.790  -11.691  -10.292   -5.557    1.708    6.253    7.208    7.836
            0.227000  0.393176  0.000000
  -17.780  -11.702  -10.302   -5.546    1.694    6.267    7.221    7.851
            0.227333  0.393753  0.000000
  -17.770  -11.712  -10.312   -5.535    1.681    6.282    7.233    7.866
            0.227667  0.394330  0.000000
  -17.760  -11.722  -10.321   -5.524    1.667    6.296    7.246    7.881
            0.228000  0.394908  0.000000
  -17.750  -11.733  -10.331   -5.513    1.653    6.310    7.259    7.896
            0.228333  0.395485  0.000000
  -17.740  -11.743  -10.341   -5.502    1.639    6.324    7.271    7.911
            0.228667  0.396062  0.000000
  -17.730  -11.753  -10.351   -5.491    1.626    6.338    7.284    7.925
            0.229000  0.396640  0.000000
  -17.720  -11.764  -10.361   -5.480    1.612    6.353    7.296    7.940
            0.229333  0.397217  0.000000
  -17.710  -11.774  -10.371   -5.469    1.598    6.367    7.309    7.955
            0.229667  0.397794  0.000000
  -17.699  -11.784  -10.381   -5.458    1.585    6.381    7.322    7.970
            0.230000  0.398372  0.000000
  -17.689  -11.794  -10.391   -5.447    1.571    6.396    7.334    7.985
            0.230333  0.398949  0.000000
  -17.679  -11.805  -10.401   -5.435    1.557    6.410    7.347    8.000
            0.230667  0.399526  0.000000
  -17.669  -11.815  -10.411   -5.424    1.544    6.424    7.359    8.015
            0.231000  0.400104  0.000000
  -17.659  -11.825  -10.420   -5.413    1.530    6.439    7.372    8.030
            0.231333  0.400681  0.000000
  -17.649  -11.835  -10.430   -5.402    1.516    6.453    7.385    8.045
            0.231667  0.401258  0.000000
  -17.638  -11.845  -10.440   -5.391    1.503    6.467    7.397    8.060
            0.232000  0.401836  0.000000
  -17.628  -11.856  -10.450   -5.380    1.489    6.482    7.410    8.075
            0.232333  0.402413  0.000000
  -17.618  -11.866  -10.460   -5.369    1.476    6.496    7.422    8.090
            0.232667  0.402990  0.000000
  -17.608  -11.876  -10.470   -5.357    1.462    6.511    7.435    8.105
            0.233000  0.403568  0.000000
  -17.598  -11.886  -10.479   -5.346    1.449    6.525    7.447    8.121
            0.233333  0.404145  0.000000
  -17.587  -11.896  -10.489   -5.335    1.435    6.540    7.460    8.136
            0.233667  0.404723  0.000000
  -17.577  -11.906  -10.499   -5.324    1.421    6.554    7.472    8.151
            0.234000  0.405300  0.000000
  -17.567  -11.916  -10.509   -5.313    1.408    6.569    7.485    8.166
            0.234333  0.405877  0.000000
  -17.556  -11.927  -10.519   -5.301    1.394    6.583    7.497    8.181
            0.234667  0.406455  0.000000
  -17.546  -11.937  -10.528   -5.290    1.381    6.598    7.509    8.197
            0.235000  0.407032  0.000000
  -17.536  -11.947  -10.538   -5.279    1.367    6.612    7.522    8.212
            0.235333  0.407609  0.000000
  -17.526  -11.957  -10.548   -5.268    1.354    6.627    7.534    8.227
            0.235667  0.408187  0.000000
  -17.515  -11.967  -10.558   -5.256    1.340    6.641    7.546    8.243
            0.236000  0.408764  0.000000
  -17.505  -11.977  -10.567   -5.245    1.327    6.656    7.559    8.258
            0.236333  0.409341  0.000000
  -17.495  -11.987  -10.577   -5.234    1.313    6.671    7.571    8.273
            0.236667  0.409919  0.000000
  -17.484  -11.997  -10.587   -5.223    1.300    6.685    7.583    8.289
            0.237000  0.410496  0.000000
  -17.474  -12.007  -10.597   -5.211    1.287    6.700    7.596    8.304
            0.237333  0.411073  0.000000
  -17.463  -12.017  -10.606   -5.200    1.273    6.715    7.608    8.319
            0.237667  0.411651  0.000000
  -17.453  -12.027  -10.616   -5.189    1.260    6.729    7.620    8.335
            0.238000  0.412228  0.000000
  -17.443  -12.037  -10.626   -5.178    1.246    6.744    7.632    8.350
            0.238333  0.412805  0.000000
  -17.432  -12.047  -10.635   -5.166    1.233    6.759    7.644    8.366
            0.238667  0.413383  0.000000
  -17.422  -12.057  -10.645   -5.155    1.219    6.774    7.657    8.381
            0.239000  0.413960  0.000000
  -17.411  -12.067  -10.655   -5.144    1.206    6.789    7.669    8.397
            0.239333  0.414537  0.000000
  -17.401  -12.077  -10.664   -5.132    1.193    6.803    7.681    8.412
            0.239667  0.415115  0.000000
  -17.390  -12.087  -10.674   -5.121    1.179    6.818    7.693    8.428
            0.240000  0.415692  0.000000
  -17.380  -12.097  -10.684   -5.110    1.166    6.833    7.705    8.444
            0.240333  0.416270  0.000000
  -17.370  -12.107  -10.693   -5.098    1.153    6.848    7.717    8.459
            0.240667  0.416847  0.000000
  -17.359  -12.117  -10.703   -5.087    1.139    6.863    7.729    8.475
            0.241000  0.417424  0.000000
  -17.349  -12.126  -10.713   -5.076    1.126    6.878    7.741    8.490
            0.241333  0.418002  0.000000
  -17.338  -12.136  -10.722   -5.064    1.113    6.892    7.752    8.506
            0.241667  0.418579  0.000000
  -17.327  -12.146  -10.732   -5.053    1.100    6.907    7.764    8.522
            0.242000  0.419156  0.000000
  -17.317  -12.156  -10.741   -5.042    1.086    6.922    7.776    8.537
            0.242333  0.419734  0.000000
  -17.306  -12.166  -10.751   -5.030    1.073    6.937    7.788    8.553
            0.242667  0.420311  0.000000
  -17.296  -12.176  -10.760   -5.019    1.060    6.952    7.800    8.569
            0.243000  0.420888  0.000000
  -17.285  -12.186  -10.770   -5.008    1.047    6.967    7.811    8.585
            0.243333  0.421466  0.000000
  -17.275  -12.195  -10.779   -4.996    1.033    6.982    7.823    8.601
            0.243667  0.422043  0.000000
  -17.264  -12.205  -10.789   -4.985    1.020    6.997    7.834    8.616
            0.244000  0.422620  0.000000
  -17.254  -12.215  -10.799   -4.973    1.007    7.012    7.846    8.632
            0.244333  0.423198  0.000000
  -17.243  -12.225  -10.808   -4.962    0.994    7.027    7.858    8.648
            0.244667  0.423775  0.000000
  -17.232  -12.234  -10.818   -4.951    0.981    7.042    7.869    8.664
            0.245000  0.424352  0.000000
  -17.222  -12.244  -10.827   -4.939    0.967    7.057    7.880    8.680
            0.245333  0.424930  0.000000
  -17.211  -12.254  -10.837   -4.928    0.954    7.073    7.892    8.696
            0.245667  0.425507  0.000000
  -17.200  -12.264  -10.846   -4.916    0.941    7.088    7.903    8.712
            0.246000  0.426084  0.000000
  -17.190  -12.273  -10.855   -4.905    0.928    7.103    7.914    8.728
            0.246333  0.426662  0.000000
  -17.179  -12.283  -10.865   -4.893    0.915    7.118    7.926    8.744
            0.246667  0.427239  0.000000
  -17.168  -12.293  -10.874   -4.882    0.902    7.133    7.937    8.760
            0.247000  0.427817  0.000000
  -17.158  -12.303  -10.884   -4.871    0.889    7.148    7.948    8.776
            0.247333  0.428394  0.000000
  -17.147  -12.312  -10.893   -4.859    0.876    7.164    7.959    8.792
            0.247667  0.428971  0.000000
  -17.136  -12.322  -10.903   -4.848    0.862    7.179    7.970    8.808
            0.248000  0.429549  0.000000
  -17.126  -12.332  -10.912   -4.836    0.849    7.194    7.981    8.824
            0.248333  0.430126  0.000000
  -17.115  -12.341  -10.921   -4.825    0.836    7.209    7.992    8.840
            0.248667  0.430703  0.000000
  -17.104  -12.351  -10.931   -4.813    0.823    7.224    8.002    8.856
            0.249000  0.431281  0.000000
  -17.093  -12.360  -10.940   -4.802    0.810    7.240    8.013    8.872
            0.249333  0.431858  0.000000
  -17.083  -12.370  -10.949   -4.790    0.797    7.255    8.024    8.888
            0.249667  0.432435  0.000000
  -17.072  -12.380  -10.959   -4.779    0.784    7.270    8.034    8.904
            0.250000  0.433013  0.000000
  -17.061  -12.389  -10.968   -4.767    0.771    7.286    8.045    8.921
            0.250333  0.433590  0.000000
  -17.050  -12.399  -10.977   -4.756    0.758    7.301    8.055    8.937
            0.250667  0.434167  0.000000
  -17.039  -12.408  -10.987   -4.744    0.745    7.316    8.066    8.953
            0.251000  0.434745  0.000000
  -17.029  -12.418  -10.996   -4.733    0.732    7.332    8.076    8.969
            0.251333  0.435322  0.000000
  -17.018  -12.427  -11.005   -4.721    0.720    7.347    8.086    8.986
            0.251667  0.435899  0.000000
  -17.007  -12.437  -11.015   -4.710    0.707    7.363    8.097    9.002
            0.252000  0.436477  0.000000
  -16.996  -12.447  -11.024   -4.698    0.694    7.378    8.107    9.018
            0.252333  0.437054  0.000000
  -16.985  -12.456  -11.033   -4.687    0.681    7.393    8.117    9.035
            0.252667  0.437632  0.000000
  -16.975  -12.466  -11.042   -4.675    0.668    7.409    8.127    9.051
            0.253000  0.438209  0.000000
  -16.964  -12.475  -11.052   -4.664    0.655    7.424    8.136    9.067
            0.253333  0.438786  0.000000
  -16.953  -12.485  -11.061   -4.652    0.642    7.440    8.146    9.084
            0.253667  0.439364  0.000000
  -16.942  -12.494  -11.070   -4.641    0.629    7.455    8.156    9.100
            0.254000  0.439941  0.000000
  -16.931  -12.503  -11.079   -4.629    0.617    7.471    8.166    9.117
            0.254333  0.440518  0.000000
  -16.920  -12.513  -11.089   -4.618    0.604    7.486    8.175    9.133
            0.254667  0.441096  0.000000
  -16.909  -12.522  -11.098   -4.606    0.591    7.502    8.184    9.150
            0.255000  0.441673  0.000000
  -16.898  -12.532  -11.107   -4.595    0.578    7.517    8.194    9.166
            0.255333  0.442250  0.000000
  -16.887  -12.541  -11.116   -4.583    0.565    7.533    8.203    9.183
            0.255667  0.442828  0.000000
  -16.876  -12.551  -11.125   -4.572    0.553    7.548    8.212    9.199
            0.256000  0.443405  0.000000
  -16.865  -12.560  -11.134   -4.560    0.540    7.564    8.221    9.216
            0.256333  0.443982  0.000000
  -16.855  -12.569  -11.143   -4.549    0.527    7.580    8.230    9.232
            0.256667  0.444560  0.000000
  -16.844  -12.579  -11.153   -4.537    0.514    7.595    8.239    9.249
            0.257000  0.445137  0.000000
  -16.833  -12.588  -11.162   -4.526    0.502    7.611    8.248    9.265
            0.257333  0.445714  0.000000
  -16.822  -12.597  -11.171   -4.514    0.489    7.627    8.256    9.282
            0.257667  0.446292  0.000000
  -16.811  -12.607  -11.180   -4.502    0.476    7.642    8.265    9.299
            0.258000  0.446869  0.000000
  -16.800  -12.616  -11.189   -4.491    0.463    7.658    8.273    9.315
            0.258333  0.447446  0.000000
  -16.789  -12.625  -11.198   -4.479    0.451    7.674    8.282    9.332
            0.258667  0.448024  0.000000
  -16.778  -12.635  -11.207   -4.468    0.438    7.689    8.290    9.349
            0.259000  0.448601  0.000000
  -16.767  -12.644  -11.216   -4.456    0.426    7.705    8.298    9.366
            0.259333  0.449179  0.000000
  -16.756  -12.653  -11.225   -4.445    0.413    7.721    8.306    9.382
            0.259667  0.449756  0.000000
  -16.745  -12.662  -11.234   -4.433    0.400    7.736    8.314    9.399
            0.260000  0.450333  0.000000
  -16.733  -12.672  -11.243   -4.422    0.388    7.752    8.321    9.416
            0.260333  0.450911  0.000000
  -16.722  -12.681  -11.252   -4.410    0.375    7.768    8.329    9.433
            0.260667  0.451488  0.000000
  -16.711  -12.690  -11.261   -4.398    0.363    7.784    8.337    9.449
            0.261000  0.452065  0.000000
  -16.700  -12.699  -11.270   -4.387    0.350    7.800    8.344    9.466
            0.261333  0.452643  0.000000
  -16.689  -12.708  -11.279   -4.375    0.337    7.815    8.351    9.483
            0.261667  0.453220  0.000000
  -16.678  -12.718  -11.288   -4.364    0.325    7.831    8.359    9.500
            0.262000  0.453797  0.000000
  -16.667  -12.727  -11.297   -4.352    0.312    7.847    8.366    9.517
            0.262333  0.454375  0.000000
  -16.656  -12.736  -11.305   -4.341    0.300    7.863    8.373    9.534
            0.262667  0.454952  0.000000
  -16.645  -12.745  -11.314   -4.329    0.287    7.879    8.379    9.551
            0.263000  0.455529  0.000000
  -16.634  -12.754  -11.323   -4.317    0.275    7.895    8.386    9.568
            0.263333  0.456107  0.000000
  -16.623  -12.763  -11.332   -4.306    0.262    7.910    8.393    9.585
            0.263667  0.456684  0.000000
  -16.611  -12.773  -11.341   -4.294    0.250    7.926    8.399    9.602
            0.264000  0.457261  0.000000
  -16.600  -12.782  -11.350   -4.283    0.238    7.942    8.405    9.619
            0.264333  0.457839  0.000000
  -16.589  -12.791  -11.358   -4.271    0.225    7.958    8.411    9.636
            0.264667  0.458416  0.000000
  -16.578  -12.800  -11.367   -4.260    0.213    7.974    8.418    9.653
            0.265000  0.458993  0.000000
  -16.567  -12.809  -11.376   -4.248    0.200    7.990    8.423    9.670
            0.265333  0.459571  0.000000
  -16.556  -12.818  -11.385   -4.236    0.188    8.006    8.429    9.687
            0.265667  0.460148  0.000000
  -16.545  -12.827  -11.394   -4.225    0.175    8.022    8.435    9.704
            0.266000  0.460726  0.000000
  -16.533  -12.836  -11.402   -4.213    0.163    8.038    8.440    9.721
            0.266333  0.461303  0.000000
  -16.522  -12.845  -11.411   -4.202    0.151    8.054    8.446    9.738
            0.266667  0.461880  0.000000
  -16.511  -12.854  -11.420   -4.190    0.138    8.070    8.451    9.755
            0.267000  0.462458  0.000000
  -16.500  -12.863  -11.429   -4.179    0.126    8.086    8.456    9.773
            0.267333  0.463035  0.000000
  -16.489  -12.872  -11.437   -4.167    0.114    8.102    8.461    9.790
            0.267667  0.463612  0.000000
  -16.477  -12.881  -11.446   -4.155    0.102    8.118    8.466    9.807
            0.268000  0.464190  0.000000
  -16.466  -12.890  -11.455   -4.144    0.089    8.134    8.471    9.824
            0.268333  0.464767  0.000000
  -16.455  -12.899  -11.463   -4.132    0.077    8.150    8.476    9.841
            0.268667  0.465344  0.000000
  -16.444  -12.908  -11.472   -4.121    0.065    8.166    8.480    9.859
            0.269000  0.465922  0.000000
  -16.432  -12.917  -11.480   -4.109    0.052    8.182    8.484    9.876
            0.269333  0.466499  0.000000
  -16.421  -12.926  -11.489   -4.098    0.040    8.198    8.489    9.893
            0.269667  0.467076  0.000000
  -16.410  -12.935  -11.498   -4.086    0.028    8.214    8.493    9.910
            0.270000  0.467654  0.000000
  -16.399  -12.944  -11.506   -4.074    0.016    8.231    8.497    9.928
            0.270333  0.468231  0.000000
  -16.387  -12.953  -11.515   -4.063    0.004    8.247    8.501    9.945
            0.270667  0.468808  0.000000
  -16.376  -12.961  -11.523   -4.051   -0.008    8.263    8.504    9.962
            0.271000  0.469386  0.000000
  -16.365  -12.970  -11.532   -4.040   -0.021    8.279    8.508    9.980
            0.271333  0.469963  0.000000
  -16.354  -12.979  -11.540   -4.028   -0.033    8.295    8.511    9.997
            0.271667  0.470540  0.000000
  -16.342  -12.988  -11.549   -4.017   -0.045    8.311    8.515   10.014
            0.272000  0.471118  0.000000
  -16.331  -12.997  -11.557   -4.005   -0.057    8.327    8.518   10.032
            0.272333  0.471695  0.000000
  -16.320  -13.006  -11.566   -3.993   -0.069    8.343    8.521   10.049
            0.272667  0.472273  0.000000
  -16.308  -13.014  -11.574   -3.982   -0.081    8.360    8.524   10.067
            0.273000  0.472850  0.000000
  -16.297  -13.023  -11.583   -3.970   -0.093    8.376    8.527   10.084
            0.273333  0.473427  0.000000
  -16.286  -13.032  -11.591   -3.959   -0.105    8.392    8.530   10.102
            0.273667  0.474005  0.000000
  -16.274  -13.041  -11.599   -3.947   -0.117    8.408    8.532   10.119
            0.274000  0.474582  0.000000
  -16.263  -13.049  -11.608   -3.936   -0.129    8.424    8.535   10.136
            0.274333  0.475159  0.000000
  -16.252  -13.058  -11.616   -3.924   -0.141    8.441    8.537   10.154
            0.274667  0.475737  0.000000
  -16.240  -13.067  -11.625   -3.913   -0.153    8.457    8.539   10.171
            0.275000  0.476314  0.000000
  -16.229  -13.076  -11.633   -3.901   -0.165    8.473    8.542   10.189
            0.275333  0.476891  0.000000
  -16.218  -13.084  -11.641   -3.889   -0.177    8.489    8.544   10.206
            0.275667  0.477469  0.000000
  -16.206  -13.093  -11.649   -3.878   -0.189    8.506    8.546   10.224
            0.276000  0.478046  0.000000
  -16.195  -13.102  -11.658   -3.866   -0.201    8.522    8.547   10.241
            0.276333  0.478623  0.000000
  -16.184  -13.110  -11.666   -3.855   -0.213    8.538    8.549   10.259
            0.276667  0.479201  0.000000
  -16.172  -13.119  -11.674   -3.843   -0.225    8.551    8.554   10.276
            0.277000  0.479778  0.000000
  -16.161  -13.128  -11.682   -3.832   -0.237    8.552    8.571   10.294
            0.277333  0.480355  0.000000
  -16.150  -13.136  -11.691   -3.820   -0.249    8.554    8.587   10.311
            0.277667  0.480933  0.000000
  -16.138  -13.145  -11.699   -3.809   -0.261    8.555    8.603   10.329
            0.278000  0.481510  0.000000
  -16.127  -13.154  -11.707   -3.797   -0.273    8.556    8.619   10.346
            0.278333  0.482087  0.000000
  -16.115  -13.162  -11.715   -3.786   -0.284    8.557    8.636   10.364
            0.278667  0.482665  0.000000
  -16.104  -13.171  -11.723   -3.774   -0.296    8.558    8.652   10.381
            0.279000  0.483242  0.000000
  -16.093  -13.179  -11.732   -3.763   -0.308    8.559    8.668   10.399
            0.279333  0.483820  0.000000
  -16.081  -13.188  -11.740   -3.751   -0.320    8.560    8.684   10.416
            0.279667  0.484397  0.000000
  -16.070  -13.196  -11.748   -3.740   -0.332    8.560    8.701   10.434
            0.280000  0.484974  0.000000
  -16.059  -13.205  -11.756   -3.728   -0.343    8.561    8.717   10.451
            0.280333  0.485552  0.000000
  -16.047  -13.214  -11.764   -3.717   -0.355    8.561    8.733   10.469
            0.280667  0.486129  0.000000
  -16.036  -13.222  -11.772   -3.705   -0.367    8.562    8.750   10.486
            0.281000  0.486706  0.000000
  -16.024  -13.231  -11.780   -3.694   -0.379    8.562    8.766   10.504
            0.281333  0.487284  0.000000
  -16.013  -13.239  -11.788   -3.682   -0.390    8.562    8.782   10.521
            0.281667  0.487861  0.000000
  -16.002  -13.248  -11.796   -3.671   -0.402    8.563    8.799   10.538
            0.282000  0.488438  0.000000
  -15.990  -13.256  -11.804   -3.659   -0.414    8.563    8.815   10.556
            0.282333  0.489016  0.000000
  -15.979  -13.264  -11.812   -3.648   -0.425    8.563    8.831   10.573
            0.282667  0.489593  0.000000
  -15.967  -13.273  -11.820   -3.637   -0.437    8.563    8.848   10.590
            0.283000  0.490170  0.000000
  -15.956  -13.281  -11.828   -3.625   -0.449    8.563    8.864   10.607
            0.283333  0.490748  0.000000
  -15.945  -13.290  -11.835   -3.614   -0.460    8.562    8.880   10.624
            0.283667  0.491325  0.000000
  -15.933  -13.298  -11.843   -3.602   -0.472    8.562    8.897   10.641
            0.284000  0.491902  0.000000
  -15.922  -13.307  -11.851   -3.591   -0.484    8.562    8.913   10.658
            0.284333  0.492480  0.000000
  -15.910  -13.315  -11.859   -3.579   -0.495    8.561    8.929   10.675
            0.284667  0.493057  0.000000
  -15.899  -13.323  -11.867   -3.568   -0.507    8.561    8.945   10.692
            0.285000  0.493634  0.000000
  -15.887  -13.332  -11.875   -3.557   -0.518    8.560    8.962   10.708
            0.285333  0.494212  0.000000
  -15.876  -13.340  -11.882   -3.545   -0.530    8.559    8.978   10.725
            0.285667  0.494789  0.000000
  -15.865  -13.348  -11.890   -3.534   -0.541    8.559    8.994   10.741
            0.286000  0.495367  0.000000
  -15.853  -13.357  -11.898   -3.522   -0.553    8.558    9.011   10.757
            0.286333  0.495944  0.000000
  -15.842  -13.365  -11.905   -3.511   -0.564    8.557    9.027   10.773
            0.286667  0.496521  0.000000
  -15.830  -13.373  -11.913   -3.500   -0.576    8.556    9.043   10.789
            0.287000  0.497099  0.000000
  -15.819  -13.382  -11.921   -3.488   -0.587    8.555    9.060   10.804
            0.287333  0.497676  0.000000
  -15.808  -13.390  -11.928   -3.477   -0.599    8.554    9.076   10.819
            0.287667  0.498253  0.000000
  -15.796  -13.398  -11.936   -3.465   -0.610    8.553    9.092   10.834
            0.288000  0.498831  0.000000
  -15.785  -13.406  -11.944   -3.454   -0.622    8.552    9.109   10.856
            0.288333  0.499408  0.000000
  -15.773  -13.415  -11.951   -3.443   -0.633    8.551    9.125   10.862
            0.288667  0.499985  0.000000
  -15.762  -13.423  -11.959   -3.431   -0.644    8.550    9.141   10.878
            0.289000  0.500563  0.000000
  -15.750  -13.431  -11.966   -3.420   -0.656    8.548    9.157   10.888
            0.289333  0.501140  0.000000
  -15.739  -13.439  -11.974   -3.409   -0.667    8.547    9.174   10.901
            0.289667  0.501717  0.000000
  -15.728  -13.447  -11.981   -3.397   -0.678    8.546    9.190   10.908
            0.290000  0.502295  0.000000
  -15.716  -13.456  -11.989   -3.386   -0.690    8.544    9.206   10.920
            0.290333  0.502872  0.000000
  -15.705  -13.464  -11.996   -3.375   -0.701    8.543    9.222   10.935
            0.290667  0.503449  0.000000
  -15.693  -13.472  -12.004   -3.364   -0.712    8.541    9.239   10.941
            0.291000  0.504027  0.000000
  -15.682  -13.480  -12.011   -3.352   -0.724    8.540    9.255   10.909
            0.291333  0.504604  0.000000
  -15.671  -13.488  -12.018   -3.341   -0.735    8.538    9.271   10.915
            0.291667  0.505181  0.000000
  -15.659  -13.496  -12.026   -3.330   -0.746    8.537    9.287   10.949
            0.292000  0.505759  0.000000
  -15.648  -13.504  -12.033   -3.318   -0.757    8.535    9.304   10.915
            0.292333  0.506336  0.000000
  -15.636  -13.512  -12.040   -3.307   -0.769    8.534    9.320   10.957
            0.292667  0.506914  0.000000
  -15.625  -13.521  -12.048   -3.296   -0.780    8.532    9.336   10.916
            0.293000  0.507491  0.000000
  -15.614  -13.529  -12.055   -3.285   -0.791    8.530    9.352   10.916
            0.293333  0.508068  0.000000
  -15.602  -13.537  -12.062   -3.273   -0.802    8.528    9.368   10.920
            0.293667  0.508646  0.000000
  -15.591  -13.545  -12.069   -3.262   -0.813    8.527    9.384   10.919
            0.294000  0.509223  0.000000
  -15.580  -13.553  -12.076   -3.251   -0.825    8.525    9.401   10.926
            0.294333  0.509800  0.000000
  -15.568  -13.561  -12.083   -3.240   -0.836    8.523    9.417   10.921
            0.294667  0.510378  0.000000
  -15.557  -13.569  -12.091   -3.229   -0.847    8.521    9.433   10.922
            0.295000  0.510955  0.000000
  -15.546  -13.577  -12.098   -3.217   -0.858    8.519    9.449   10.927
            0.295333  0.511532  0.000000
  -15.534  -13.585  -12.105   -3.206   -0.869    8.517    9.465   10.924
            0.295667  0.512110  0.000000
  -15.523  -13.593  -12.112   -3.195   -0.880    8.515    9.481   10.925
            0.296000  0.512687  0.000000
  -15.512  -13.601  -12.119   -3.184   -0.891    8.513    9.497   10.927
            0.296333  0.513264  0.000000
  -15.500  -13.609  -12.126   -3.173   -0.902    8.511    9.513   10.928
            0.296667  0.513842  0.000000
  -15.489  -13.617  -12.133   -3.162   -0.913    8.509    9.529   10.928
            0.297000  0.514419  0.000000
  -15.478  -13.624  -12.140   -3.151   -0.924    8.507    9.545   10.931
            0.297333  0.514996  0.000000
  -15.466  -13.632  -12.146   -3.139   -0.935    8.505    9.561   10.930
            0.297667  0.515574  0.000000
  -15.455  -13.640  -12.153   -3.128   -0.946    8.503    9.577   11.004
            0.298000  0.516151  0.000000
  -15.444  -13.648  -12.160   -3.117   -0.957    8.501    9.593   10.931
            0.298333  0.516728  0.000000
  -15.433  -13.656  -12.167   -3.106   -0.968    8.499    9.609   10.944
            0.298667  0.517306  0.000000
  -15.421  -13.664  -12.174   -3.095   -0.979    8.497    9.624   10.933
            0.299000  0.517883  0.000000
  -15.410  -13.672  -12.180   -3.084   -0.990    8.495    9.640   10.962
            0.299333  0.518461  0.000000
  -15.399  -13.680  -12.187   -3.073   -1.001    8.493    9.656   10.934
            0.299667  0.519038  0.000000
  -15.388  -13.687  -12.194   -3.062   -1.012    8.491    9.672   10.935
            0.300000  0.519615  0.000000
  -15.376  -13.695  -12.200   -3.051   -1.022    8.489    9.688   10.935
            0.300333  0.520193  0.000000
  -15.365  -13.703  -12.207   -3.040   -1.033    8.487    9.703   10.937
            0.300667  0.520770  0.000000
  -15.354  -13.711  -12.214   -3.029   -1.044    8.484    9.719   10.936
            0.301000  0.521347  0.000000
  -15.343  -13.719  -12.220   -3.018   -1.055    8.482    9.735   10.937
            0.301333  0.521925  0.000000
  -15.332  -13.726  -12.227   -3.007   -1.066    8.480    9.750   10.937
            0.301667  0.522502  0.000000
  -15.320  -13.734  -12.233   -2.996   -1.077    8.478    9.766   10.937
            0.302000  0.523079  0.000000
  -15.309  -13.742  -12.240   -2.985   -1.087    8.476    9.782   10.938
            0.302333  0.523657  0.000000
  -15.298  -13.750  -12.246   -2.974   -1.098    8.474    9.797   10.938
            0.302667  0.524234  0.000000
  -15.287  -13.757  -12.252   -2.963   -1.109    8.471    9.813   10.939
            0.303000  0.524811  0.000000
  -15.276  -13.765  -12.259   -2.952   -1.120    8.469    9.828   10.943
            0.303333  0.525389  0.000000
  -15.265  -13.773  -12.265   -2.941   -1.130    8.467    9.844   10.939
            0.303667  0.525966  0.000000
  -15.254  -13.780  -12.271   -2.930   -1.141    8.465    9.859   10.940
            0.304000  0.526543  0.000000
  -15.243  -13.788  -12.278   -2.920   -1.152    8.463    9.874   10.940
            0.304333  0.527121  0.000000
  -15.232  -13.796  -12.284   -2.909   -1.162    8.461    9.890   10.940
            0.304667  0.527698  0.000000
  -15.221  -13.803  -12.290   -2.898   -1.173    8.459    9.905   10.940
            0.305000  0.528275  0.000000
  -15.210  -13.811  -12.296   -2.887   -1.184    8.456    9.920   10.940
            0.305333  0.528853  0.000000
  -15.199  -13.818  -12.302   -2.876   -1.194    8.454    9.935   10.944
            0.305667  0.529430  0.000000
  -15.188  -13.826  -12.308   -2.865   -1.205    8.452    9.950   10.940
            0.306000  0.530008  0.000000
  -15.177  -13.834  -12.314   -2.855   -1.215    8.450    9.965   10.940
            0.306333  0.530585  0.000000
  -15.166  -13.841  -12.320   -2.844   -1.226    8.448    9.980   10.940
            0.306667  0.531162  0.000000
  -15.155  -13.849  -12.326   -2.833   -1.237    8.446    9.995   10.940
            0.307000  0.531740  0.000000
  -15.144  -13.856  -12.332   -2.822   -1.247    8.444   10.010   10.940
            0.307333  0.532317  0.000000
  -15.133  -13.864  -12.338   -2.812   -1.258    8.442   10.025   10.940
            0.307667  0.532894  0.000000
  -15.122  -13.871  -12.344   -2.801   -1.268    8.440   10.040   10.940
            0.308000  0.533472  0.000000
  -15.111  -13.879  -12.349   -2.790   -1.279    8.437   10.055   10.940
            0.308333  0.534049  0.000000
  -15.101  -13.886  -12.355   -2.779   -1.289    8.435   10.069   10.939
            0.308667  0.534626  0.000000
  -15.090  -13.894  -12.361   -2.769   -1.299    8.433   10.084   10.945
            0.309000  0.535204  0.000000
  -15.079  -13.901  -12.367   -2.758   -1.310    8.431   10.099   10.939
            0.309333  0.535781  0.000000
  -15.068  -13.909  -12.372   -2.747   -1.320    8.429   10.113   10.939
            0.309667  0.536358  0.000000
  -15.058  -13.916  -12.378   -2.737   -1.331    8.427   10.128   10.938
            0.310000  0.536936  0.000000
  -15.047  -13.924  -12.383   -2.726   -1.341    8.425   10.142   10.939
            0.310333  0.537513  0.000000
  -15.036  -13.931  -12.389   -2.715   -1.352    8.423   10.156   10.938
            0.310667  0.538090  0.000000
  -15.026  -13.938  -12.394   -2.705   -1.362    8.421   10.171   10.937
            0.311000  0.538668  0.000000
  -15.015  -13.946  -12.399   -2.694   -1.372    8.419   10.185   10.936
            0.311333  0.539245  0.000000
  -15.004  -13.953  -12.405   -2.684   -1.383    8.417   10.199   10.936
            0.311667  0.539823  0.000000
  -14.994  -13.961  -12.410   -2.673   -1.393    8.415   10.213   10.935
            0.312000  0.540400  0.000000
  -14.983  -13.968  -12.415   -2.663   -1.403    8.414   10.227   10.935
            0.312333  0.540977  0.000000
  -14.973  -13.975  -12.420   -2.652   -1.413    8.412   10.241   10.935
            0.312667  0.541555  0.000000
  -14.962  -13.983  -12.426   -2.642   -1.424    8.410   10.254   10.933
            0.313000  0.542132  0.000000
  -14.952  -13.990  -12.431   -2.631   -1.434    8.408   10.268   10.933
            0.313333  0.542709  0.000000
  -14.941  -13.997  -12.436   -2.621   -1.444    8.406   10.282   10.932
            0.313667  0.543287  0.000000
  -14.931  -14.005  -12.441   -2.610   -1.454    8.404   10.295   10.931
            0.314000  0.543864  0.000000
  -14.921  -14.012  -12.445   -2.600   -1.465    8.402   10.308   10.930
            0.314333  0.544441  0.000000
  -14.910  -14.019  -12.450   -2.589   -1.475    8.401   10.322   10.929
            0.314667  0.545019  0.000000
  -14.900  -14.026  -12.455   -2.579   -1.485    8.399   10.335   10.928
            0.315000  0.545596  0.000000
  -14.890  -14.034  -12.460   -2.569   -1.495    8.397   10.348   10.928
            0.315333  0.546173  0.000000
  -14.880  -14.041  -12.465   -2.558   -1.505    8.395   10.361   10.927
            0.315667  0.546751  0.000000
  -14.870  -14.048  -12.469   -2.548   -1.515    8.394   10.374   10.925
            0.316000  0.547328  0.000000
  -14.860  -14.055  -12.474   -2.538   -1.525    8.392   10.387   10.924
            0.316333  0.547905  0.000000
  -14.849  -14.063  -12.478   -2.527   -1.536    8.390   10.399   10.925
            0.316667  0.548483  0.000000
  -14.839  -14.070  -12.483   -2.517   -1.546    8.389   10.412   10.922
            0.317000  0.549060  0.000000
  -14.829  -14.077  -12.487   -2.507   -1.556    8.387   10.424   10.921
            0.317333  0.549637  0.000000
  -14.819  -14.084  -12.491   -2.496   -1.566    8.386   10.437   10.920
            0.317667  0.550215  0.000000
  -14.810  -14.091  -12.496   -2.486   -1.576    8.384   10.449   10.919
            0.318000  0.550792  0.000000
  -14.800  -14.098  -12.500   -2.476   -1.586    8.383   10.461   10.917
            0.318333  0.551370  0.000000
  -14.790  -14.105  -12.504   -2.466   -1.596    8.381   10.473   10.916
            0.318667  0.551947  0.000000
  -14.780  -14.113  -12.508   -2.456   -1.606    8.380   10.485   10.915
            0.319000  0.552524  0.000000
  -14.770  -14.120  -12.512   -2.445   -1.616    8.378   10.496   10.913
            0.319333  0.553102  0.000000
  -14.761  -14.127  -12.516   -2.435   -1.626    8.377   10.508   10.912
            0.319667  0.553679  0.000000
  -14.751  -14.134  -12.520   -2.425   -1.635    8.375   10.519   10.911
            0.320000  0.554256  0.000000
  -14.741  -14.141  -12.524   -2.415   -1.645    8.374   10.530   10.909
            0.320333  0.554834  0.000000
  -14.732  -14.148  -12.527   -2.405   -1.655    8.373   10.541   10.908
            0.320667  0.555411  0.000000
  -14.722  -14.155  -12.531   -2.395   -1.665    8.371   10.552   10.906
            0.321000  0.555988  0.000000
  -14.713  -14.162  -12.535   -2.385   -1.675    8.370   10.563   10.904
            0.321333  0.556566  0.000000
  -14.704  -14.169  -12.538   -2.375   -1.685    8.369   10.574   10.903
            0.321667  0.557143  0.000000
  -14.694  -14.176  -12.542   -2.365   -1.695    8.368   10.584   10.901
            0.322000  0.557720  0.000000
  -14.685  -14.183  -12.545   -2.355   -1.704    8.366   10.594   10.900
            0.322333  0.558298  0.000000
  -14.676  -14.190  -12.548   -2.345   -1.714    8.365   10.604   10.898
            0.322667  0.558875  0.000000
  -14.667  -14.197  -12.552   -2.335   -1.724    8.364   10.614   10.896
            0.323000  0.559452  0.000000
  -14.658  -14.204  -12.555   -2.325   -1.734    8.363   10.624   10.894
            0.323333  0.560030  0.000000
  -14.649  -14.211  -12.558   -2.315   -1.744    8.362   10.633   10.892
            0.323667  0.560607  0.000000
  -14.640  -14.218  -12.561   -2.305   -1.753    8.361   10.643   10.890
            0.324000  0.561184  0.000000
  -14.631  -14.225  -12.564   -2.295   -1.763    8.360   10.652   10.889
            0.324333  0.561762  0.000000
  -14.622  -14.232  -12.566   -2.285   -1.773    8.359   10.661   10.887
            0.324667  0.562339  0.000000
  -14.613  -14.238  -12.569   -2.276   -1.782    8.358   10.670   10.885
            0.325000  0.562917  0.000000
  -14.605  -14.245  -12.572   -2.266   -1.792    8.357   10.678   10.883
            0.325333  0.563494  0.000000
  -14.596  -14.252  -12.574   -2.256   -1.802    8.356   10.687   10.881
            0.325667  0.564071  0.000000
  -14.587  -14.259  -12.577   -2.246   -1.811    8.355   10.695   10.879
            0.326000  0.564649  0.000000
  -14.579  -14.266  -12.579   -2.237   -1.821    8.355   10.703   10.876
            0.326333  0.565226  0.000000
  -14.570  -14.273  -12.581   -2.227   -1.830    8.354   10.711   10.874
            0.326667  0.565803  0.000000
  -14.562  -14.279  -12.583   -2.217   -1.840    8.353   10.718   10.872
            0.327000  0.566381  0.000000
  -14.554  -14.286  -12.585   -2.207   -1.850    8.352   10.725   10.870
            0.327333  0.566958  0.000000
  -14.546  -14.293  -12.587   -2.198   -1.859    8.352   10.732   10.868
            0.327667  0.567535  0.000000
  -14.538  -14.300  -12.589   -2.188   -1.869    8.351   10.739   10.865
            0.328000  0.568113  0.000000
  -14.530  -14.307  -12.591   -2.179   -1.878    8.350   10.746   10.863
            0.328333  0.568690  0.000000
  -14.522  -14.313  -12.593   -2.169   -1.888    8.350   10.752   10.861
            0.328667  0.569267  0.000000
  -14.514  -14.320  -12.594   -2.159   -1.897    8.349   10.759   10.858
            0.329000  0.569845  0.000000
  -14.506  -14.327  -12.596   -2.150   -1.907    8.349   10.765   10.856
            0.329333  0.570422  0.000000
  -14.498  -14.333  -12.597   -2.140   -1.916    8.348   10.770   10.853
            0.329667  0.570999  0.000000
  -14.491  -14.340  -12.599   -2.131   -1.925    8.348   10.776   10.851
            0.330000  0.571577  0.000000
  -14.483  -14.347  -12.600   -2.121   -1.935    8.348   10.781   10.848
            0.330333  0.572154  0.000000
  -14.476  -14.353  -12.601   -2.112   -1.944    8.347   10.786   10.846
            0.330667  0.572731  0.000000
  -14.468  -14.360  -12.602   -2.102   -1.954    8.347   10.791   10.843
            0.331000  0.573309  0.000000
  -14.461  -14.367  -12.603   -2.093   -1.963    8.347   10.796   10.841
            0.331333  0.573886  0.000000
  -14.454  -14.373  -12.603   -2.084   -1.972    8.346   10.800   10.838
            0.331667  0.574464  0.000000
  -14.447  -14.380  -12.604   -2.074   -1.982    8.346   10.804   10.835
            0.332000  0.575041  0.000000
  -14.440  -14.387  -12.605   -2.065   -1.991    8.346   10.808   10.832
            0.332333  0.575618  0.000000
  -14.433  -14.393  -12.605   -2.056   -2.000    8.346   10.812   10.830
            0.332667  0.576196  0.000000
  -14.426  -14.400  -12.605   -2.046   -2.009    8.346   10.815   10.827
            0.333000  0.576773  0.000000
  -14.419  -14.406  -12.605   -2.037   -2.019    8.346   10.818   10.824
            0.333333  0.577350  0.000000
  -14.413  -14.413  -12.605   -2.028   -2.028    8.346   10.821   10.821
            0.333500  0.577062  0.000000
  -14.416  -14.410  -12.605   -2.033   -2.023    8.346   10.820   10.823
            0.333667  0.576773  0.000000
  -14.419  -14.406  -12.605   -2.037   -2.019    8.346   10.818   10.824
            0.333833  0.576484  0.000000
  -14.423  -14.403  -12.605   -2.042   -2.014    8.346   10.817   10.825
            0.334000  0.576196  0.000000
  -14.426  -14.400  -12.605   -2.046   -2.009    8.346   10.815   10.827
            0.334167  0.575907  0.000000
  -14.429  -14.397  -12.605   -2.051   -2.005    8.346   10.814   10.828
            0.334333  0.575618  0.000000
  -14.432  -14.394  -12.605   -2.056   -2.000    8.346   10.812   10.829
            0.334500  0.575330  0.000000
  -14.436  -14.391  -12.605   -2.060   -1.996    8.346   10.811   10.830
            0.334667  0.575041  0.000000
  -14.439  -14.387  -12.604   -2.065   -1.991    8.346   10.809   10.831
            0.334833  0.574752  0.000000
  -14.442  -14.384  -12.604   -2.069   -1.987    8.346   10.808   10.832
            0.335000  0.574464  0.000000
  -14.445  -14.381  -12.604   -2.074   -1.982    8.346   10.806   10.833
            0.335167  0.574175  0.000000
  -14.449  -14.378  -12.604   -2.078   -1.978    8.346   10.805   10.834
            0.335333  0.573886  0.000000
  -14.452  -14.375  -12.603   -2.083   -1.973    8.346   10.803   10.834
            0.335500  0.573597  0.000000
  -14.455  -14.372  -12.603   -2.088   -1.968    8.346   10.802   10.835
            0.335667  0.573309  0.000000
  -14.458  -14.370  -12.603   -2.092   -1.964    8.347   10.800   10.836
            0.335833  0.573020  0.000000
  -14.462  -14.367  -12.602   -2.097   -1.959    8.347   10.799   10.837
            0.336000  0.572731  0.000000
  -14.465  -14.364  -12.602   -2.101   -1.955    8.347   10.797   10.837
            0.336167  0.572443  0.000000
  -14.468  -14.361  -12.601   -2.106   -1.950    8.347   10.796   10.838
            0.336333  0.572154  0.000000
  -14.471  -14.358  -12.601   -2.110   -1.946    8.347   10.794   10.838
            0.336500  0.571865  0.000000
  -14.474  -14.355  -12.600   -2.115   -1.941    8.347   10.793   10.839
            0.336667  0.571577  0.000000
  -14.478  -14.353  -12.599   -2.119   -1.937    8.348   10.791   10.839
            0.336833  0.571288  0.000000
  -14.481  -14.350  -12.599   -2.124   -1.932    8.348   10.789   10.840
            0.337000  0.570999  0.000000
  -14.484  -14.347  -12.598   -2.128   -1.928    8.348   10.788   10.840
            0.337167  0.570711  0.000000
  -14.487  -14.344  -12.597   -2.133   -1.923    8.348   10.786   10.840
            0.337333  0.570422  0.000000
  -14.490  -14.342  -12.597   -2.137   -1.919    8.348   10.785   10.840
            0.337500  0.570133  0.000000
  -14.494  -14.339  -12.596   -2.142   -1.914    8.349   10.783   10.840
            0.337667  0.569845  0.000000
  -14.497  -14.337  -12.595   -2.146   -1.910    8.349   10.781   10.841
            0.337833  0.569556  0.000000
  -14.500  -14.334  -12.594   -2.151   -1.906    8.349   10.780   10.841
            0.338000  0.569267  0.000000
  -14.503  -14.331  -12.593   -2.155   -1.901    8.350   10.778   10.841
            0.338167  0.568979  0.000000
  -14.506  -14.329  -12.593   -2.160   -1.897    8.350   10.776   10.841
            0.338333  0.568690  0.000000
  -14.510  -14.326  -12.592   -2.164   -1.892    8.350   10.775   10.841
            0.338500  0.568401  0.000000
  -14.513  -14.324  -12.591   -2.169   -1.888    8.350   10.773   10.841
            0.338667  0.568113  0.000000
  -14.516  -14.322  -12.590   -2.173   -1.883    8.351   10.771   10.840
            0.338833  0.567824  0.000000
  -14.519  -14.319  -12.589   -2.178   -1.879    8.351   10.770   10.840
            0.339000  0.567535  0.000000
  -14.522  -14.317  -12.588   -2.182   -1.875    8.351   10.768   10.840
            0.339167  0.567247  0.000000
  -14.525  -14.314  -12.587   -2.187   -1.870    8.352   10.766   10.840
            0.339333  0.566958  0.000000
  -14.529  -14.312  -12.585   -2.191   -1.866    8.352   10.765   10.839
            0.339500  0.566669  0.000000
  -14.532  -14.310  -12.584   -2.196   -1.861    8.352   10.763   10.839
            0.339667  0.566381  0.000000
  -14.535  -14.308  -12.583   -2.200   -1.857    8.353   10.761   10.839
            0.339833  0.566092  0.000000
  -14.538  -14.305  -12.582   -2.205   -1.853    8.353   10.760   10.838
            0.340000  0.565803  0.000000
  -14.541  -14.303  -12.581   -2.209   -1.848    8.354   10.758   10.838
            0.340167  0.565515  0.000000
  -14.544  -14.301  -12.579   -2.213   -1.844    8.354   10.756   10.837
            0.340333  0.565226  0.000000
  -14.547  -14.299  -12.578   -2.218   -1.840    8.354   10.754   10.837
            0.340500  0.564937  0.000000
  -14.551  -14.297  -12.577   -2.222   -1.835    8.355   10.753   10.836
            0.340667  0.564649  0.000000
  -14.554  -14.295  -12.575   -2.227   -1.831    8.355   10.751   10.835
            0.340833  0.564360  0.000000
  -14.557  -14.293  -12.574   -2.231   -1.827    8.356   10.749   10.835
            0.341000  0.564071  0.000000
  -14.560  -14.291  -12.573   -2.236   -1.822    8.356   10.747   10.834
            0.341167  0.563783  0.000000
  -14.563  -14.289  -12.571   -2.240   -1.818    8.357   10.746   10.833
            0.341333  0.563494  0.000000
  -14.566  -14.287  -12.570   -2.244   -1.814    8.357   10.744   10.832
            0.341500  0.563205  0.000000
  -14.569  -14.285  -12.568   -2.249   -1.809    8.358   10.742   10.832
            0.341667  0.562917  0.000000
  -14.572  -14.283  -12.566   -2.253   -1.805    8.358   10.740   10.831
            0.341833  0.562628  0.000000
  -14.576  -14.281  -12.565   -2.258   -1.801    8.359   10.738   10.830
            0.342000  0.562339  0.000000
  -14.579  -14.279  -12.563   -2.262   -1.796    8.359   10.737   10.829
            0.342167  0.562050  0.000000
  -14.582  -14.277  -12.561   -2.266   -1.792    8.360   10.735   10.828
            0.342333  0.561762  0.000000
  -14.585  -14.275  -12.560   -2.271   -1.788    8.360   10.733   10.827
            0.342500  0.561473  0.000000
  -14.588  -14.274  -12.558   -2.275   -1.784    8.361   10.731   10.826
            0.342667  0.561184  0.000000
  -14.591  -14.272  -12.556   -2.280   -1.779    8.361   10.729   10.825
            0.342833  0.560896  0.000000
  -14.594  -14.270  -12.554   -2.284   -1.775    8.362   10.727   10.824
            0.343000  0.560607  0.000000
  -14.597  -14.268  -12.553   -2.288   -1.771    8.362   10.726   10.822
            0.343167  0.560318  0.000000
  -14.600  -14.267  -12.551   -2.293   -1.767    8.363   10.724   10.821
            0.343333  0.560030  0.000000
  -14.603  -14.265  -12.549   -2.297   -1.762    8.364   10.722   10.820
            0.343500  0.559741  0.000000
  -14.607  -14.264  -12.547   -2.301   -1.758    8.364   10.720   10.819
            0.343667  0.559452  0.000000
  -14.610  -14.262  -12.545   -2.306   -1.754    8.365   10.718   10.818
            0.343833  0.559164  0.000000
  -14.613  -14.260  -12.543   -2.310   -1.750    8.366   10.716   10.816
            0.344000  0.558875  0.000000
  -14.616  -14.259  -12.541   -2.314   -1.746    8.366   10.714   10.815
            0.344167  0.558586  0.000000
  -14.619  -14.257  -12.539   -2.319   -1.741    8.367   10.713   10.814
            0.344333  0.558298  0.000000
  -14.622  -14.256  -12.537   -2.323   -1.737    8.367   10.711   10.812
            0.344500  0.558009  0.000000
  -14.625  -14.255  -12.535   -2.327   -1.733    8.368   10.709   10.811
            0.344667  0.557720  0.000000
  -14.628  -14.253  -12.532   -2.332   -1.729    8.369   10.707   10.809
            0.344833  0.557432  0.000000
  -14.631  -14.252  -12.530   -2.336   -1.725    8.370   10.705   10.808
            0.345000  0.557143  0.000000
  -14.634  -14.250  -12.528   -2.340   -1.721    8.370   10.703   10.806
            0.345167  0.556854  0.000000
  -14.637  -14.249  -12.526   -2.345   -1.716    8.371   10.701   10.805
            0.345333  0.556566  0.000000
  -14.640  -14.248  -12.523   -2.349   -1.712    8.372   10.699   10.803
            0.345500  0.556277  0.000000
  -14.643  -14.247  -12.521   -2.353   -1.708    8.372   10.697   10.801
            0.345667  0.555988  0.000000
  -14.646  -14.245  -12.519   -2.358   -1.704    8.373   10.695   10.800
            0.345833  0.555700  0.000000
  -14.649  -14.244  -12.516   -2.362   -1.700    8.374   10.693   10.798
            0.346000  0.555411  0.000000
  -14.652  -14.243  -12.514   -2.366   -1.696    8.375   10.691   10.796
            0.346167  0.555122  0.000000
  -14.655  -14.242  -12.511   -2.371   -1.692    8.376   10.689   10.795
            0.346333  0.554834  0.000000
  -14.658  -14.241  -12.509   -2.375   -1.687    8.376   10.687   10.793
            0.346500  0.554545  0.000000
  -14.661  -14.240  -12.506   -2.379   -1.683    8.377   10.685   10.791
            0.346667  0.554256  0.000000
  -14.664  -14.238  -12.504   -2.383   -1.679    8.378   10.683   10.789
            0.346833  0.553968  0.000000
  -14.667  -14.237  -12.501   -2.388   -1.675    8.379   10.682   10.788
            0.347000  0.553679  0.000000
  -14.670  -14.236  -12.499   -2.392   -1.671    8.380   10.680   10.786
            0.347167  0.553390  0.000000
  -14.673  -14.235  -12.496   -2.396   -1.667    8.380   10.678   10.784
            0.347333  0.553102  0.000000
  -14.676  -14.234  -12.493   -2.400   -1.663    8.381   10.676   10.782
            0.347500  0.552813  0.000000
  -14.679  -14.234  -12.491   -2.405   -1.659    8.382   10.674   10.780
            0.347667  0.552524  0.000000
  -14.682  -14.233  -12.488   -2.409   -1.655    8.383   10.672   10.778
            0.347833  0.552236  0.000000
  -14.685  -14.232  -12.485   -2.413   -1.651    8.384   10.670   10.776
            0.348000  0.551947  0.000000
  -14.688  -14.231  -12.482   -2.417   -1.647    8.385   10.668   10.774
            0.348167  0.551658  0.000000
  -14.691  -14.230  -12.480   -2.422   -1.643    8.386   10.665   10.772
            0.348333  0.551370  0.000000
  -14.694  -14.229  -12.477   -2.426   -1.639    8.387   10.663   10.770
            0.348500  0.551081  0.000000
  -14.697  -14.229  -12.474   -2.430   -1.635    8.388   10.661   10.768
            0.348667  0.550792  0.000000
  -14.700  -14.228  -12.471   -2.434   -1.631    8.389   10.659   10.766
            0.348833  0.550503  0.000000
  -14.703  -14.227  -12.468   -2.438   -1.627    8.390   10.657   10.763
            0.349000  0.550215  0.000000
  -14.706  -14.226  -12.465   -2.443   -1.623    8.390   10.655   10.761
            0.349167  0.549926  0.000000
  -14.709  -14.226  -12.462   -2.447   -1.619    8.391   10.653   10.759
            0.349333  0.549637  0.000000
  -14.712  -14.225  -12.459   -2.451   -1.615    8.392   10.651   10.759
            0.349500  0.549349  0.000000
  -14.715  -14.224  -12.456   -2.455   -1.611    8.393   10.649   10.755
            0.349667  0.549060  0.000000
  -14.718  -14.224  -12.453   -2.460   -1.607    8.394   10.647   10.752
            0.349833  0.548771  0.000000
  -14.721  -14.223  -12.450   -2.464   -1.603    8.395   10.645   10.750
            0.350000  0.548483  0.000000
  -14.724  -14.223  -12.446   -2.468   -1.599    8.397   10.643   10.748
            0.350167  0.548194  0.000000
  -14.727  -14.222  -12.443   -2.472   -1.595    8.398   10.641   10.745
            0.350333  0.547905  0.000000
  -14.730  -14.222  -12.440   -2.476   -1.591    8.399   10.639   10.743
            0.350500  0.547617  0.000000
  -14.733  -14.221  -12.437   -2.480   -1.587    8.400   10.637   10.740
            0.350667  0.547328  0.000000
  -14.736  -14.221  -12.434   -2.485   -1.583    8.401   10.635   10.738
            0.350833  0.547039  0.000000
  -14.739  -14.220  -12.430   -2.489   -1.579    8.402   10.632   10.736
            0.351000  0.546751  0.000000
  -14.742  -14.220  -12.427   -2.493   -1.575    8.403   10.630   10.733
            0.351167  0.546462  0.000000
  -14.745  -14.220  -12.424   -2.497   -1.571    8.404   10.628   10.731
            0.351333  0.546173  0.000000
  -14.748  -14.219  -12.420   -2.501   -1.568    8.405   10.626   10.728
            0.351500  0.545885  0.000000
  -14.751  -14.219  -12.417   -2.505   -1.564    8.406   10.624   10.725
            0.351667  0.545596  0.000000
  -14.753  -14.219  -12.413   -2.510   -1.560    8.407   10.622   10.723
            0.351833  0.545307  0.000000
  -14.756  -14.218  -12.410   -2.514   -1.556    8.409   10.620   10.720
            0.352000  0.545019  0.000000
  -14.759  -14.218  -12.406   -2.518   -1.552    8.410   10.618   10.718
            0.352167  0.544730  0.000000
  -14.762  -14.218  -12.403   -2.522   -1.548    8.411   10.615   10.715
            0.352333  0.544441  0.000000
  -14.765  -14.218  -12.399   -2.526   -1.544    8.412   10.613   10.713
            0.352500  0.544153  0.000000
  -14.768  -14.217  -12.396   -2.530   -1.541    8.413   10.611   10.710
            0.352667  0.543864  0.000000
  -14.771  -14.217  -12.392   -2.534   -1.537    8.414   10.609   10.707
            0.352833  0.543575  0.000000
  -14.774  -14.217  -12.389   -2.538   -1.533    8.416   10.607   10.704
            0.353000  0.543287  0.000000
  -14.777  -14.217  -12.385   -2.542   -1.529    8.417   10.605   10.701
            0.353167  0.542998  0.000000
  -14.780  -14.217  -12.381   -2.547   -1.525    8.418   10.603   10.698
            0.353333  0.542709  0.000000
  -14.783  -14.217  -12.377   -2.551   -1.521    8.419   10.600   10.696
            0.353500  0.542421  0.000000
  -14.785  -14.217  -12.374   -2.555   -1.518    8.421   10.598   10.693
            0.353667  0.542132  0.000000
  -14.788  -14.217  -12.370   -2.559   -1.514    8.422   10.596   10.690
            0.353833  0.541843  0.000000
  -14.791  -14.217  -12.366   -2.563   -1.510    8.423   10.594   10.687
            0.354000  0.541555  0.000000
  -14.794  -14.217  -12.362   -2.567   -1.506    8.424   10.592   10.684
            0.354167  0.541266  0.000000
  -14.797  -14.217  -12.359   -2.571   -1.502    8.426   10.589   10.682
            0.354333  0.540977  0.000000
  -14.800  -14.217  -12.355   -2.575   -1.499    8.427   10.587   10.678
            0.354500  0.540689  0.000000
  -14.803  -14.217  -12.351   -2.579   -1.495    8.428   10.585   10.675
            0.354667  0.540400  0.000000
  -14.806  -14.217  -12.347   -2.583   -1.491    8.430   10.583   10.672
            0.354833  0.540111  0.000000
  -14.808  -14.217  -12.343   -2.587   -1.487    8.431   10.581   10.669
            0.355000  0.539823  0.000000
  -14.811  -14.217  -12.339   -2.591   -1.484    8.432   10.578   10.666
            0.355167  0.539534  0.000000
  -14.814  -14.218  -12.335   -2.595   -1.480    8.434   10.576   10.662
            0.355333  0.539245  0.000000
  -14.817  -14.218  -12.331   -2.600   -1.476    8.435   10.574   10.659
            0.355500  0.538956  0.000000
  -14.820  -14.218  -12.327   -2.604   -1.473    8.437   10.572   10.656
            0.355667  0.538668  0.000000
  -14.823  -14.218  -12.323   -2.608   -1.469    8.438   10.570   10.653
            0.355833  0.538379  0.000000
  -14.825  -14.218  -12.319   -2.612   -1.465    8.439   10.567   10.650
            0.356000  0.538090  0.000000
  -14.828  -14.219  -12.315   -2.616   -1.462    8.441   10.565   10.647
            0.356167  0.537802  0.000000
  -14.831  -14.219  -12.311   -2.620   -1.458    8.442   10.563   10.643
            0.356333  0.537513  0.000000
  -14.834  -14.219  -12.307   -2.624   -1.454    8.444   10.561   10.640
            0.356500  0.537224  0.000000
  -14.837  -14.219  -12.302   -2.628   -1.451    8.445   10.558   10.636
            0.356667  0.536936  0.000000
  -14.840  -14.220  -12.298   -2.632   -1.447    8.447   10.556   10.633
            0.356833  0.536647  0.000000
  -14.842  -14.220  -12.294   -2.636   -1.443    8.448   10.554   10.629
            0.357000  0.536358  0.000000
  -14.845  -14.221  -12.290   -2.640   -1.440    8.450   10.552   10.626
            0.357167  0.536070  0.000000
  -14.848  -14.221  -12.286   -2.644   -1.436    8.451   10.549   10.623
            0.357333  0.535781  0.000000
  -14.851  -14.221  -12.281   -2.648   -1.432    8.453   10.547   10.619
            0.357500  0.535492  0.000000
  -14.854  -14.222  -12.277   -2.652   -1.429    8.454   10.545   10.615
            0.357667  0.535204  0.000000
  -14.857  -14.222  -12.273   -2.656   -1.425    8.456   10.543   10.612
            0.357833  0.534915  0.000000
  -14.859  -14.223  -12.268   -2.660   -1.421    8.457   10.540   10.608
            0.358000  0.534626  0.000000
  -14.862  -14.223  -12.264   -2.664   -1.418    8.459   10.538   10.605
            0.358167  0.534338  0.000000
  -14.865  -14.224  -12.260   -2.668   -1.414    8.460   10.536   10.601
            0.358333  0.534049  0.000000
  -14.868  -14.224  -12.255   -2.672   -1.411    8.462   10.534   10.598
            0.358500  0.533760  0.000000
  -14.871  -14.225  -12.251   -2.676   -1.407    8.463   10.531   10.593
            0.358667  0.533472  0.000000
  -14.873  -14.225  -12.246   -2.680   -1.404    8.465   10.529   10.590
            0.358833  0.533183  0.000000
  -14.876  -14.226  -12.242   -2.683   -1.400    8.467   10.527   10.586
            0.359000  0.532894  0.000000
  -14.879  -14.226  -12.237   -2.687   -1.396    8.468   10.524   10.582
            0.359167  0.532606  0.000000
  -14.882  -14.227  -12.233   -2.691   -1.393    8.470   10.522   10.578
            0.359333  0.532317  0.000000
  -14.884  -14.228  -12.228   -2.695   -1.389    8.471   10.520   10.574
            0.359500  0.532028  0.000000
  -14.887  -14.228  -12.224   -2.699   -1.386    8.473   10.517   10.570
            0.359667  0.531740  0.000000
  -14.890  -14.229  -12.219   -2.703   -1.382    8.475   10.515   10.566
            0.359833  0.531451  0.000000
  -14.893  -14.229  -12.215   -2.707   -1.379    8.476   10.513   10.562
            0.360000  0.531162  0.000000
  -14.895  -14.230  -12.210   -2.711   -1.375    8.478   10.510   10.558
            0.360167  0.530874  0.000000
  -14.898  -14.231  -12.206   -2.715   -1.372    8.480   10.508   10.554
            0.360333  0.530585  0.000000
  -14.901  -14.232  -12.201   -2.719   -1.368    8.481   10.506   10.550
            0.360500  0.530296  0.000000
  -14.904  -14.232  -12.196   -2.723   -1.365    8.483   10.504   10.546
            0.360667  0.530008  0.000000
  -14.906  -14.233  -12.192   -2.727   -1.361    8.485   10.501   10.541
            0.360833  0.529719  0.000000
  -14.909  -14.234  -12.187   -2.731   -1.358    8.487   10.499   10.539
            0.361000  0.529430  0.000000
  -14.912  -14.235  -12.182   -2.734   -1.354    8.488   10.497   10.533
            0.361167  0.529142  0.000000
  -14.915  -14.235  -12.177   -2.738   -1.351    8.490   10.494   10.529
            0.361333  0.528853  0.000000
  -14.917  -14.236  -12.173   -2.742   -1.348    8.492   10.492   10.524
            0.361500  0.528564  0.000000
  -14.920  -14.237  -12.168   -2.746   -1.344    8.494   10.490   10.520
            0.361667  0.528275  0.000000
  -14.923  -14.238  -12.163   -2.750   -1.341    8.495   10.487   10.515
            0.361833  0.527987  0.000000
  -14.926  -14.239  -12.158   -2.754   -1.337    8.497   10.485   10.511
            0.362000  0.527698  0.000000
  -14.928  -14.239  -12.154   -2.758   -1.334    8.499   10.483   10.508
            0.362167  0.527409  0.000000
  -14.931  -14.240  -12.149   -2.762   -1.330    8.501   10.480   10.502
            0.362333  0.527121  0.000000
  -14.934  -14.241  -12.144   -2.765   -1.327    8.503   10.478   10.497
            0.362500  0.526832  0.000000
  -14.937  -14.242  -12.139   -2.769   -1.324    8.504   10.475   10.493
            0.362667  0.526543  0.000000
  -14.939  -14.243  -12.134   -2.773   -1.320    8.506   10.473   10.488
            0.362833  0.526255  0.000000
  -14.942  -14.244  -12.129   -2.777   -1.317    8.508   10.471   10.483
            0.363000  0.525966  0.000000
  -14.945  -14.245  -12.124   -2.781   -1.313    8.510   10.468   10.479
            0.363167  0.525677  0.000000
  -14.947  -14.246  -12.119   -2.785   -1.310    8.512   10.466   10.474
            0.363333  0.525389  0.000000
  -14.950  -14.247  -12.114   -2.789   -1.307    8.514   10.464   10.469
            0.363500  0.525100  0.000000
  -14.953  -14.248  -12.110   -2.792   -1.303    8.516   10.461   10.464
            0.363667  0.524811  0.000000
  -14.955  -14.249  -12.105   -2.796   -1.300    8.518   10.459   10.459
            0.363833  0.524523  0.000000
  -14.958  -14.250  -12.100   -2.800   -1.297    8.520   10.454   10.457
            0.364000  0.524234  0.000000
  -14.961  -14.251  -12.095   -2.804   -1.293    8.521   10.449   10.454
            0.364167  0.523945  0.000000
  -14.963  -14.252  -12.090   -2.808   -1.290    8.523   10.444   10.452
            0.364333  0.523657  0.000000
  -14.966  -14.253  -12.084   -2.811   -1.287    8.525   10.439   10.449
            0.364500  0.523368  0.000000
  -14.969  -14.254  -12.079   -2.815   -1.284    8.527   10.434   10.447
            0.364667  0.523079  0.000000
  -14.971  -14.255  -12.074   -2.819   -1.280    8.529   10.429   10.445
            0.364833  0.522791  0.000000
  -14.974  -14.256  -12.069   -2.823   -1.277    8.531   10.423   10.442
            0.365000  0.522502  0.000000
  -14.977  -14.257  -12.064   -2.827   -1.274    8.533   10.418   10.440
            0.365167  0.522213  0.000000
  -14.979  -14.258  -12.059   -2.830   -1.270    8.535   10.413   10.437
            0.365333  0.521925  0.000000
  -14.982  -14.259  -12.054   -2.834   -1.267    8.537   10.407   10.435
            0.365500  0.521636  0.000000
  -14.985  -14.260  -12.049   -2.838   -1.264    8.539   10.402   10.433
            0.365667  0.521347  0.000000
  -14.987  -14.261  -12.044   -2.842   -1.261    8.541   10.397   10.430
            0.365833  0.521059  0.000000
  -14.990  -14.262  -12.039   -2.846   -1.257    8.543   10.391   10.428
            0.366000  0.520770  0.000000
  -14.993  -14.263  -12.033   -2.849   -1.254    8.545   10.386   10.426
            0.366167  0.520481  0.000000
  -14.995  -14.265  -12.028   -2.853   -1.251    8.547   10.380   10.423
            0.366333  0.520193  0.000000
  -14.998  -14.266  -12.023   -2.857   -1.248    8.549   10.374   10.421
            0.366500  0.519904  0.000000
  -15.001  -14.267  -12.018   -2.861   -1.245    8.552   10.369   10.418
            0.366667  0.519615  0.000000
  -15.003  -14.268  -12.013   -2.864   -1.241    8.554   10.363   10.416
            0.366833  0.519327  0.000000
  -15.006  -14.269  -12.007   -2.868   -1.238    8.556   10.357   10.414
            0.367000  0.519038  0.000000
  -15.009  -14.270  -12.002   -2.872   -1.235    8.558   10.351   10.411
            0.367167  0.518749  0.000000
  -15.011  -14.272  -11.997   -2.876   -1.232    8.560   10.346   10.409
            0.367333  0.518461  0.000000
  -15.014  -14.273  -11.991   -2.879   -1.229    8.562   10.340   10.406
            0.367500  0.518172  0.000000
  -15.016  -14.274  -11.986   -2.883   -1.225    8.564   10.334   10.404
            0.367667  0.517883  0.000000
  -15.019  -14.275  -11.981   -2.887   -1.222    8.566   10.328   10.401
            0.367833  0.517595  0.000000
  -15.022  -14.277  -11.976   -2.890   -1.219    8.569   10.322   10.399
            0.368000  0.517306  0.000000
  -15.024  -14.278  -11.970   -2.894   -1.216    8.571   10.316   10.397
            0.368167  0.517017  0.000000
  -15.027  -14.279  -11.965   -2.898   -1.213    8.573   10.310   10.394
            0.368333  0.516728  0.000000
  -15.029  -14.280  -11.960   -2.902   -1.210    8.575   10.304   10.392
            0.368500  0.516440  0.000000
  -15.032  -14.282  -11.954   -2.905   -1.207    8.577   10.298   10.389
            0.368667  0.516151  0.000000
  -15.035  -14.283  -11.949   -2.909   -1.204    8.579   10.291   10.387
            0.368833  0.515862  0.000000
  -15.037  -14.284  -11.943   -2.913   -1.200    8.582   10.285   10.385
            0.369000  0.515574  0.000000
  -15.040  -14.285  -11.938   -2.916   -1.197    8.584   10.279   10.382
            0.369167  0.515285  0.000000
  -15.042  -14.287  -11.933   -2.920   -1.194    8.586   10.273   10.380
            0.369333  0.514996  0.000000
  -15.045  -14.288  -11.927   -2.924   -1.191    8.588   10.266   10.377
            0.369500  0.514708  0.000000
  -15.047  -14.289  -11.922   -2.927   -1.188    8.591   10.260   10.375
            0.369667  0.514419  0.000000
  -15.050  -14.291  -11.916   -2.931   -1.185    8.593   10.253   10.372
            0.369833  0.514130  0.000000
  -15.053  -14.292  -11.911   -2.935   -1.182    8.595   10.247   10.370
            0.370000  0.513842  0.000000
  -15.055  -14.293  -11.905   -2.938   -1.179    8.597   10.240   10.367
            0.370167  0.513553  0.000000
  -15.058  -14.295  -11.900   -2.942   -1.176    8.600   10.234   10.365
            0.370333  0.513264  0.000000
  -15.060  -14.296  -11.894   -2.946   -1.173    8.602   10.227   10.363
            0.370500  0.512976  0.000000
  -15.063  -14.297  -11.889   -2.949   -1.170    8.604   10.221   10.360
            0.370667  0.512687  0.000000
  -15.065  -14.299  -11.883   -2.953   -1.167    8.607   10.214   10.358
            0.370833  0.512398  0.000000
  -15.068  -14.300  -11.878   -2.956   -1.164    8.609   10.207   10.356
            0.371000  0.512110  0.000000
  -15.071  -14.302  -11.872   -2.960   -1.161    8.611   10.201   10.353
            0.371167  0.511821  0.000000
  -15.073  -14.303  -11.867   -2.964   -1.158    8.614   10.194   10.350
            0.371333  0.511532  0.000000
  -15.076  -14.304  -11.861   -2.967   -1.155    8.616   10.187   10.348
            0.371500  0.511244  0.000000
  -15.078  -14.306  -11.856   -2.971   -1.152    8.618   10.180   10.346
            0.371667  0.510955  0.000000
  -15.081  -14.307  -11.850   -2.975   -1.149    8.621   10.173   10.343
            0.371833  0.510666  0.000000
  -15.083  -14.309  -11.845   -2.978   -1.146    8.623   10.167   10.341
            0.372000  0.510378  0.000000
  -15.086  -14.310  -11.839   -2.982   -1.143    8.626   10.160   10.338
            0.372167  0.510089  0.000000
  -15.088  -14.312  -11.833   -2.985   -1.140    8.628   10.153   10.336
            0.372333  0.509800  0.000000
  -15.091  -14.313  -11.828   -2.989   -1.137    8.630   10.146   10.333
            0.372500  0.509512  0.000000
  -15.093  -14.314  -11.822   -2.993   -1.134    8.633   10.139   10.331
            0.372667  0.509223  0.000000
  -15.096  -14.316  -11.817   -2.996   -1.131    8.635   10.132   10.328
            0.372833  0.508934  0.000000
  -15.098  -14.317  -11.811   -3.000   -1.128    8.638   10.125   10.326
            0.373000  0.508646  0.000000
  -15.101  -14.319  -11.805   -3.003   -1.125    8.640   10.117   10.323
            0.373167  0.508357  0.000000
  -15.103  -14.320  -11.800   -3.007   -1.122    8.643   10.110   10.322
            0.373333  0.508068  0.000000
  -15.106  -14.322  -11.794   -3.010   -1.120    8.645   10.103   10.319
            0.373500  0.507780  0.000000
  -15.108  -14.323  -11.788   -3.014   -1.117    8.648   10.096   10.316
            0.373667  0.507491  0.000000
  -15.111  -14.325  -11.783   -3.018   -1.114    8.650   10.089   10.314
            0.373833  0.507202  0.000000
  -15.113  -14.326  -11.777   -3.021   -1.111    8.652   10.082   10.311
            0.374000  0.506914  0.000000
  -15.116  -14.328  -11.771   -3.025   -1.108    8.655   10.074   10.310
            0.374167  0.506625  0.000000
  -15.118  -14.329  -11.766   -3.028   -1.105    8.657   10.067   10.306
            0.374333  0.506336  0.000000
  -15.121  -14.331  -11.760   -3.032   -1.102    8.660   10.060   10.304
            0.374500  0.506048  0.000000
  -15.123  -14.332  -11.754   -3.035   -1.100    8.663   10.052   10.302
            0.374667  0.505759  0.000000
  -15.126  -14.334  -11.749   -3.039   -1.097    8.665   10.045   10.299
            0.374833  0.505470  0.000000
  -15.128  -14.335  -11.743   -3.042   -1.094    8.668   10.037   10.296
            0.375000  0.505181  0.000000
  -15.131  -14.337  -11.737   -3.046   -1.091    8.670   10.030   10.294
            0.375167  0.504893  0.000000
  -15.133  -14.338  -11.731   -3.049   -1.088    8.673   10.022   10.292
            0.375333  0.504604  0.000000
  -15.136  -14.340  -11.726   -3.053   -1.085    8.675   10.015   10.289
            0.375500  0.504315  0.000000
  -15.138  -14.342  -11.720   -3.056   -1.083    8.678   10.007   10.287
            0.375667  0.504027  0.000000
  -15.141  -14.343  -11.714   -3.060   -1.080    8.681   10.000   10.284
            0.375833  0.503738  0.000000
  -15.143  -14.345  -11.708   -3.063   -1.077    8.683    9.992   10.282
            0.376000  0.503449  0.000000
  -15.145  -14.346  -11.703   -3.067   -1.074    8.686    9.985   10.279
            0.376167  0.503161  0.000000
  -15.148  -14.348  -11.697   -3.070   -1.072    8.688    9.977   10.277
            0.376333  0.502872  0.000000
  -15.150  -14.349  -11.691   -3.074   -1.069    8.691    9.969   10.274
            0.376500  0.502583  0.000000
  -15.153  -14.351  -11.685   -3.077   -1.066    8.694    9.962   10.272
            0.376667  0.502295  0.000000
  -15.155  -14.353  -11.679   -3.081   -1.063    8.696    9.954   10.269
            0.376833  0.502006  0.000000
  -15.158  -14.354  -11.674   -3.084   -1.061    8.699    9.946   10.267
            0.377000  0.501717  0.000000
  -15.160  -14.356  -11.668   -3.088   -1.058    8.702    9.939   10.265
            0.377167  0.501429  0.000000
  -15.162  -14.357  -11.662   -3.091   -1.055    8.704    9.931   10.262
            0.377333  0.501140  0.000000
  -15.165  -14.359  -11.656   -3.095   -1.052    8.707    9.923   10.260
            0.377500  0.500851  0.000000
  -15.167  -14.360  -11.650   -3.098   -1.050    8.710    9.915   10.257
            0.377667  0.500563  0.000000
  -15.170  -14.362  -11.644   -3.102   -1.047    8.712    9.908   10.255
            0.377833  0.500274  0.000000
  -15.172  -14.364  -11.639   -3.105   -1.044    8.715    9.900   10.252
            0.378000  0.499985  0.000000
  -15.175  -14.365  -11.633   -3.108   -1.042    8.718    9.892   10.250
            0.378167  0.499697  0.000000
  -15.177  -14.367  -11.627   -3.112   -1.039    8.720    9.884   10.247
            0.378333  0.499408  0.000000
  -15.179  -14.369  -11.621   -3.115   -1.036    8.723    9.876   10.245
            0.378500  0.499119  0.000000
  -15.182  -14.370  -11.615   -3.119   -1.034    8.726    9.868   10.242
            0.378667  0.498831  0.000000
  -15.184  -14.372  -11.609   -3.122   -1.031    8.729    9.860   10.240
            0.378833  0.498542  0.000000
  -15.187  -14.373  -11.603   -3.126   -1.028    8.731    9.852   10.237
            0.379000  0.498253  0.000000
  -15.189  -14.375  -11.597   -3.129   -1.026    8.734    9.844   10.235
            0.379167  0.497965  0.000000
  -15.191  -14.377  -11.591   -3.132   -1.023    8.737    9.836   10.233
            0.379333  0.497676  0.000000
  -15.194  -14.378  -11.586   -3.136   -1.020    8.740    9.828   10.231
            0.379500  0.497387  0.000000
  -15.196  -14.380  -11.580   -3.139   -1.018    8.742    9.820   10.228
            0.379667  0.497099  0.000000
  -15.198  -14.382  -11.574   -3.143   -1.015    8.745    9.812   10.225
            0.379833  0.496810  0.000000
  -15.201  -14.383  -11.568   -3.146   -1.013    8.748    9.804   10.223
            0.380000  0.496521  0.000000
  -15.203  -14.385  -11.562   -3.149   -1.010    8.751    9.796   10.226
            0.380167  0.496233  0.000000
  -15.206  -14.387  -11.556   -3.153   -1.007    8.754    9.788   10.218
            0.380333  0.495944  0.000000
  -15.208  -14.388  -11.550   -3.156   -1.005    8.756    9.780   10.215
            0.380500  0.495655  0.000000
  -15.210  -14.390  -11.544   -3.160   -1.002    8.759    9.772   10.213
            0.380667  0.495367  0.000000
  -15.213  -14.392  -11.538   -3.163   -1.000    8.762    9.764   10.213
            0.380833  0.495078  0.000000
  -15.215  -14.393  -11.532   -3.166   -0.997    8.765    9.755   10.208
            0.381000  0.494789  0.000000
  -15.217  -14.395  -11.526   -3.170   -0.995    8.768    9.747   10.205
            0.381167  0.494501  0.000000
  -15.220  -14.397  -11.520   -3.173   -0.992    8.771    9.739   10.203
            0.381333  0.494212  0.000000
  -15.222  -14.398  -11.514   -3.176   -0.990    8.773    9.731   10.200
            0.381500  0.493923  0.000000
  -15.224  -14.400  -11.508   -3.180   -0.987    8.776    9.723   10.198
            0.381667  0.493634  0.000000
  -15.227  -14.402  -11.502   -3.183   -0.985    8.779    9.714   10.196
            0.381833  0.493346  0.000000
  -15.229  -14.403  -11.496   -3.186   -0.982    8.782    9.706   10.193
            0.382000  0.493057  0.000000
  -15.231  -14.405  -11.490   -3.190   -0.980    8.785    9.698   10.191
            0.382167  0.492768  0.000000
  -15.234  -14.407  -11.484   -3.193   -0.977    8.788    9.690   10.188
            0.382333  0.492480  0.000000
  -15.236  -14.408  -11.478   -3.196   -0.975    8.791    9.681   10.186
            0.382500  0.492191  0.000000
  -15.238  -14.410  -11.472   -3.200   -0.972    8.794    9.673   10.184
            0.382667  0.491902  0.000000
  -15.241  -14.412  -11.466   -3.203   -0.970    8.797    9.665   10.181
            0.382833  0.491614  0.000000
  -15.243  -14.413  -11.460   -3.206   -0.967    8.800    9.656   10.178
            0.383000  0.491325  0.000000
  -15.245  -14.415  -11.454   -3.210   -0.965    8.803    9.648   10.176
            0.383167  0.491036  0.000000
  -15.248  -14.417  -11.448   -3.213   -0.962    8.805    9.640   10.173
            0.383333  0.490748  0.000000
  -15.250  -14.419  -11.442   -3.216   -0.960    8.808    9.631   10.171
            0.383500  0.490459  0.000000
  -15.252  -14.420  -11.436   -3.219   -0.957    8.811    9.623   10.169
            0.383667  0.490170  0.000000
  -15.255  -14.422  -11.430   -3.223   -0.955    8.814    9.615   10.166
            0.383833  0.489882  0.000000
  -15.257  -14.424  -11.424   -3.226   -0.953    8.817    9.606   10.164
            0.384000  0.489593  0.000000
  -15.259  -14.425  -11.418   -3.229   -0.950    8.820    9.598   10.161
            0.384167  0.489304  0.000000
  -15.261  -14.427  -11.412   -3.233   -0.948    8.823    9.589   10.159
            0.384333  0.489016  0.000000
  -15.264  -14.429  -11.406   -3.236   -0.945    8.826    9.581   10.156
            0.384500  0.488727  0.000000
  -15.266  -14.430  -11.400   -3.239   -0.943    8.829    9.573   10.154
            0.384667  0.488438  0.000000
  -15.268  -14.432  -11.394   -3.242   -0.941    8.832    9.564   10.151
            0.384833  0.488150  0.000000
  -15.271  -14.434  -11.388   -3.246   -0.938    8.835    9.556   10.149
            0.385000  0.487861  0.000000
  -15.273  -14.436  -11.382   -3.249   -0.936    8.838    9.547   10.146
            0.385167  0.487572  0.000000
  -15.275  -14.437  -11.376   -3.252   -0.933    8.841    9.539   10.144
            0.385333  0.487284  0.000000
  -15.277  -14.439  -11.370   -3.255   -0.931    8.844    9.530   10.142
            0.385500  0.486995  0.000000
  -15.280  -14.441  -11.364   -3.259   -0.929    8.847    9.522   10.139
            0.385667  0.486706  0.000000
  -15.282  -14.443  -11.358   -3.262   -0.926    8.850    9.513   10.137
            0.385833  0.486418  0.000000
  -15.284  -14.444  -11.352   -3.265   -0.924    8.853    9.505   10.134
            0.386000  0.486129  0.000000
  -15.286  -14.446  -11.346   -3.268   -0.922    8.856    9.496   10.134
            0.386167  0.485840  0.000000
  -15.289  -14.448  -11.340   -3.271   -0.919    8.860    9.488   10.131
            0.386333  0.485552  0.000000
  -15.291  -14.449  -11.333   -3.275   -0.917    8.863    9.479   10.127
            0.386500  0.485263  0.000000
  -15.293  -14.451  -11.327   -3.278   -0.915    8.866    9.470   10.126
            0.386667  0.484974  0.000000
  -15.295  -14.453  -11.321   -3.281   -0.912    8.869    9.462   10.122
            0.386833  0.484686  0.000000
  -15.298  -14.455  -11.315   -3.284   -0.910    8.872    9.453   10.120
            0.387000  0.484397  0.000000
  -15.300  -14.456  -11.309   -3.287   -0.908    8.875    9.445   10.117
            0.387167  0.484108  0.000000
  -15.302  -14.458  -11.303   -3.291   -0.906    8.878    9.436   10.115
            0.387333  0.483820  0.000000
  -15.304  -14.460  -11.297   -3.294   -0.903    8.881    9.427   10.112
            0.387500  0.483531  0.000000
  -15.307  -14.462  -11.291   -3.297   -0.901    8.884    9.419   10.110
            0.387667  0.483242  0.000000
  -15.309  -14.463  -11.285   -3.300   -0.899    8.887    9.410   10.107
            0.387833  0.482954  0.000000
  -15.311  -14.465  -11.279   -3.303   -0.897    8.890    9.402   10.105
            0.388000  0.482665  0.000000
  -15.313  -14.467  -11.272   -3.307   -0.894    8.894    9.393   10.103
            0.388167  0.482376  0.000000
  -15.315  -14.469  -11.266   -3.310   -0.892    8.897    9.384   10.100
            0.388333  0.482087  0.000000
  -15.318  -14.470  -11.260   -3.313   -0.890    8.900    9.376   10.098
            0.388500  0.481799  0.000000
  -15.320  -14.472  -11.254   -3.316   -0.888    8.903    9.367   10.095
            0.388667  0.481510  0.000000
  -15.322  -14.474  -11.248   -3.319   -0.885    8.906    9.358   10.093
            0.388833  0.481221  0.000000
  -15.324  -14.476  -11.242   -3.322   -0.883    8.909    9.350   10.092
            0.389000  0.480933  0.000000
  -15.326  -14.477  -11.236   -3.325   -0.881    8.912    9.341   10.088
            0.389167  0.480644  0.000000
  -15.329  -14.479  -11.230   -3.329   -0.879    8.916    9.332   10.086
            0.389333  0.480355  0.000000
  -15.331  -14.481  -11.224   -3.332   -0.877    8.919    9.324   10.083
            0.389500  0.480067  0.000000
  -15.333  -14.483  -11.217   -3.335   -0.875    8.922    9.315   10.081
            0.389667  0.479778  0.000000
  -15.335  -14.484  -11.211   -3.338   -0.872    8.925    9.306   10.079
            0.389833  0.479489  0.000000
  -15.337  -14.486  -11.205   -3.341   -0.870    8.928    9.298   10.076
            0.390000  0.479201  0.000000
  -15.340  -14.488  -11.199   -3.344   -0.868    8.932    9.289   10.074
            0.390167  0.478912  0.000000
  -15.342  -14.490  -11.193   -3.347   -0.866    8.935    9.280   10.071
            0.390333  0.478623  0.000000
  -15.344  -14.491  -11.187   -3.350   -0.864    8.938    9.271   10.069
            0.390500  0.478335  0.000000
  -15.346  -14.493  -11.181   -3.354   -0.862    8.941    9.263   10.066
            0.390667  0.478046  0.000000
  -15.348  -14.495  -11.174   -3.357   -0.859    8.944    9.254   10.065
            0.390833  0.477757  0.000000
  -15.350  -14.497  -11.168   -3.360   -0.857    8.948    9.245   10.062
            0.391000  0.477469  0.000000
  -15.352  -14.498  -11.162   -3.363   -0.855    8.951    9.237   10.059
            0.391167  0.477180  0.000000
  -15.355  -14.500  -11.156   -3.366   -0.853    8.954    9.228   10.057
            0.391333  0.476891  0.000000
  -15.357  -14.502  -11.150   -3.369   -0.851    8.957    9.219   10.054
            0.391500  0.476603  0.000000
  -15.359  -14.504  -11.144   -3.372   -0.849    8.960    9.210   10.052
            0.391667  0.476314  0.000000
  -15.361  -14.505  -11.138   -3.375   -0.847    8.964    9.202   10.054
            0.391833  0.476025  0.000000
  -15.363  -14.507  -11.131   -3.378   -0.845    8.967    9.193   10.047
            0.392000  0.475737  0.000000
  -15.365  -14.509  -11.125   -3.381   -0.843    8.970    9.184   10.045
            0.392167  0.475448  0.000000
  -15.367  -14.511  -11.119   -3.384   -0.841    8.973    9.175   10.042
            0.392333  0.475159  0.000000
  -15.370  -14.512  -11.113   -3.387   -0.839    8.977    9.166   10.040
            0.392500  0.474871  0.000000
  -15.372  -14.514  -11.107   -3.390   -0.837    8.980    9.158   10.037
            0.392667  0.474582  0.000000
  -15.374  -14.516  -11.101   -3.393   -0.835    8.983    9.149   10.035
            0.392833  0.474293  0.000000
  -15.376  -14.518  -11.095   -3.396   -0.832    8.986    9.140   10.033
            0.393000  0.474005  0.000000
  -15.378  -14.519  -11.088   -3.399   -0.830    8.990    9.131   10.030
            0.393167  0.473716  0.000000
  -15.380  -14.521  -11.082   -3.402   -0.828    8.993    9.123   10.028
            0.393333  0.473427  0.000000
  -15.382  -14.523  -11.076   -3.405   -0.826    8.996    9.114   10.026
            0.393500  0.473139  0.000000
  -15.384  -14.525  -11.070   -3.408   -0.824    9.000    9.105   10.023
            0.393667  0.472850  0.000000
  -15.387  -14.526  -11.064   -3.412   -0.822    9.003    9.096   10.024
            0.393833  0.472561  0.000000
  -15.389  -14.528  -11.058   -3.415   -0.820    9.006    9.087   10.018
            0.394000  0.472273  0.000000
  -15.391  -14.530  -11.051   -3.418   -0.818    9.009    9.079   10.016
            0.394167  0.471984  0.000000
  -15.393  -14.532  -11.045   -3.421   -0.816    9.013    9.070   10.016
            0.394333  0.471695  0.000000
  -15.395  -14.533  -11.039   -3.424   -0.814    9.016    9.061   10.011
            0.394500  0.471406  0.000000
  -15.397  -14.535  -11.033   -3.426   -0.812    9.019    9.052   10.009
            0.394667  0.471118  0.000000
  -15.399  -14.537  -11.027   -3.429   -0.811    9.023    9.043   10.007
            0.394833  0.470829  0.000000
  -15.401  -14.539  -11.021   -3.432   -0.809    9.026    9.034   10.004
            0.395000  0.470540  0.000000
  -15.403  -14.540  -11.014   -3.435   -0.807    9.026    9.029   10.002
            0.395167  0.470252  0.000000
  -15.405  -14.542  -11.008   -3.438   -0.805    9.017    9.033    9.999
            0.395333  0.469963  0.000000
  -15.407  -14.544  -11.002   -3.441   -0.803    9.008    9.036   10.001
            0.395500  0.469674  0.000000
  -15.409  -14.546  -10.996   -3.444   -0.801    8.999    9.039    9.996
            0.395667  0.469386  0.000000
  -15.412  -14.547  -10.990   -3.447   -0.799    8.990    9.043   10.053
            0.395833  0.469097  0.000000
  -15.414  -14.549  -10.984   -3.450   -0.797    8.981    9.046    9.991
            0.396000  0.468808  0.000000
  -15.416  -14.551  -10.977   -3.453   -0.795    8.973    9.049    9.988
            0.396167  0.468520  0.000000
  -15.418  -14.553  -10.971   -3.456   -0.793    8.964    9.053    9.985
            0.396333  0.468231  0.000000
  -15.420  -14.554  -10.965   -3.459   -0.791    8.955    9.056    9.983
            0.396500  0.467942  0.000000
  -15.422  -14.556  -10.959   -3.462   -0.789    8.946    9.059    9.981
            0.396667  0.467654  0.000000
  -15.424  -14.558  -10.953   -3.465   -0.788    8.937    9.063    9.978
            0.396833  0.467365  0.000000
  -15.426  -14.560  -10.946   -3.468   -0.786    8.928    9.066    9.976
            0.397000  0.467076  0.000000
  -15.428  -14.561  -10.940   -3.471   -0.784    8.920    9.069    9.974
            0.397167  0.466788  0.000000
  -15.430  -14.563  -10.934   -3.474   -0.782    8.911    9.073    9.994
            0.397333  0.466499  0.000000
  -15.432  -14.565  -10.928   -3.477   -0.780    8.902    9.076    9.969
            0.397500  0.466210  0.000000
  -15.434  -14.567  -10.922   -3.480   -0.778    8.893    9.079    9.967
            0.397667  0.465922  0.000000
  -15.436  -14.568  -10.916   -3.482   -0.776    8.884    9.083    9.964
            0.397833  0.465633  0.000000
  -15.438  -14.570  -10.909   -3.485   -0.775    8.875    9.086    9.962
            0.398000  0.465344  0.000000
  -15.440  -14.572  -10.903   -3.488   -0.773    8.866    9.089    9.960
            0.398167  0.465056  0.000000
  -15.442  -14.573  -10.897   -3.491   -0.771    8.858    9.093    9.957
            0.398333  0.464767  0.000000
  -15.444  -14.575  -10.891   -3.494   -0.769    8.849    9.096    9.955
            0.398500  0.464478  0.000000
  -15.446  -14.577  -10.885   -3.497   -0.767    8.840    9.100    9.952
            0.398667  0.464190  0.000000
  -15.448  -14.579  -10.879   -3.500   -0.765    8.831    9.103    9.955
            0.398833  0.463901  0.000000
  -15.450  -14.580  -10.872   -3.503   -0.764    8.822    9.106    9.948
            0.399000  0.463612  0.000000
  -15.452  -14.582  -10.866   -3.505   -0.762    8.813    9.110    9.946
            0.399167  0.463324  0.000000
  -15.454  -14.584  -10.860   -3.508   -0.760    8.804    9.113    9.949
            0.399333  0.463035  0.000000
  -15.456  -14.586  -10.854   -3.511   -0.758    8.796    9.116    9.941
            0.399500  0.462746  0.000000
  -15.458  -14.587  -10.848   -3.514   -0.757    8.787    9.120    9.939
            0.399667  0.462458  0.000000
  -15.460  -14.589  -10.842   -3.517   -0.755    8.778    9.123    9.936
            0.399833  0.462169  0.000000
  -15.462  -14.591  -10.835   -3.520   -0.753    8.769    9.127   10.000
            0.400000  0.461880  0.000000
  -15.464  -14.593  -10.829   -3.523   -0.751    8.760    9.130    9.943
            0.400167  0.461592  0.000000
  -15.466  -14.594  -10.823   -3.525   -0.749    8.751    9.133    9.929
            0.400333  0.461303  0.000000
  -15.468  -14.596  -10.817   -3.528   -0.748    8.743    9.137    9.927
            0.400500  0.461014  0.000000
  -15.470  -14.598  -10.811   -3.531   -0.746    8.734    9.140    9.925
            0.400667  0.460726  0.000000
  -15.472  -14.599  -10.805   -3.534   -0.744    8.725    9.144    9.922
            0.400833  0.460437  0.000000
  -15.474  -14.601  -10.798   -3.537   -0.743    8.716    9.147    9.920
            0.401000  0.460148  0.000000
  -15.476  -14.603  -10.792   -3.539   -0.741    8.707    9.150    9.918
            0.401167  0.459859  0.000000
  -15.478  -14.605  -10.786   -3.542   -0.739    8.698    9.154    9.918
            0.401333  0.459571  0.000000
  -15.480  -14.606  -10.780   -3.545   -0.737    8.689    9.157    9.913
            0.401500  0.459282  0.000000
  -15.482  -14.608  -10.774   -3.548   -0.736    8.681    9.161    9.911
            0.401667  0.458993  0.000000
  -15.484  -14.610  -10.768   -3.551   -0.734    8.672    9.164    9.909
            0.401833  0.458705  0.000000
  -15.486  -14.611  -10.761   -3.553   -0.732    8.663    9.167    9.907
            0.402000  0.458416  0.000000
  -15.488  -14.613  -10.755   -3.556   -0.731    8.654    9.171    9.904
            0.402167  0.458127  0.000000
  -15.489  -14.615  -10.749   -3.559   -0.729    8.645    9.174    9.902
            0.402333  0.457839  0.000000
  -15.491  -14.617  -10.743   -3.562   -0.727    8.636    9.178    9.900
            0.402500  0.457550  0.000000
  -15.493  -14.618  -10.737   -3.565   -0.726    8.627    9.181    9.897
            0.402667  0.457261  0.000000
  -15.495  -14.620  -10.731   -3.567   -0.724    8.619    9.184    9.895
            0.402833  0.456973  0.000000
  -15.497  -14.622  -10.724   -3.570   -0.722    8.610    9.188    9.893
            0.403000  0.456684  0.000000
  -15.499  -14.623  -10.718   -3.573   -0.721    8.601    9.191    9.891
            0.403167  0.456395  0.000000
  -15.501  -14.625  -10.712   -3.576   -0.719    8.592    9.195    9.888
            0.403333  0.456107  0.000000
  -15.503  -14.627  -10.706   -3.578   -0.718    8.583    9.198    9.886
            0.403500  0.455818  0.000000
  -15.505  -14.629  -10.700   -3.581   -0.716    8.574    9.201    9.884
            0.403667  0.455529  0.000000
  -15.507  -14.630  -10.694   -3.584   -0.714    8.566    9.205    9.883
            0.403833  0.455241  0.000000
  -15.509  -14.632  -10.688   -3.587   -0.713    8.557    9.208    9.879
            0.404000  0.454952  0.000000
  -15.511  -14.634  -10.681   -3.589   -0.711    8.548    9.212    9.877
            0.404167  0.454663  0.000000
  -15.512  -14.635  -10.675   -3.592   -0.709    8.539    9.215    9.875
            0.404333  0.454375  0.000000
  -15.514  -14.637  -10.669   -3.595   -0.708    8.530    9.218    9.872
            0.404500  0.454086  0.000000
  -15.516  -14.639  -10.663   -3.597   -0.706    8.522    9.222    9.870
            0.404667  0.453797  0.000000
  -15.518  -14.640  -10.657   -3.600   -0.705    8.513    9.225    9.869
            0.404833  0.453509  0.000000
  -15.520  -14.642  -10.651   -3.603   -0.703    8.504    9.229    9.866
            0.405000  0.453220  0.000000
  -15.522  -14.644  -10.645   -3.606   -0.702    8.495    9.232    9.863
            0.405167  0.452931  0.000000
  -15.524  -14.646  -10.638   -3.608   -0.700    8.486    9.236    9.863
            0.405333  0.452643  0.000000
  -15.526  -14.647  -10.632   -3.611   -0.698    8.478    9.239    9.859
            0.405500  0.452354  0.000000
  -15.528  -14.649  -10.626   -3.614   -0.697    8.469    9.242    9.857
            0.405667  0.452065  0.000000
  -15.529  -14.651  -10.620   -3.616   -0.695    8.460    9.246    9.855
            0.405833  0.451777  0.000000
  -15.531  -14.652  -10.614   -3.619   -0.694    8.451    9.249    9.853
            0.406000  0.451488  0.000000
  -15.533  -14.654  -10.608   -3.622   -0.692    8.442    9.253    9.850
            0.406167  0.451199  0.000000
  -15.535  -14.656  -10.602   -3.624   -0.691    8.434    9.256    9.848
            0.406333  0.450911  0.000000
  -15.537  -14.657  -10.596   -3.627   -0.689    8.425    9.259    9.846
            0.406500  0.450622  0.000000
  -15.539  -14.659  -10.589   -3.630   -0.688    8.416    9.263    9.843
            0.406667  0.450333  0.000000
  -15.541  -14.661  -10.583   -3.632   -0.686    8.407    9.266    9.841
            0.406833  0.450045  0.000000
  -15.542  -14.662  -10.577   -3.635   -0.685    8.398    9.270    9.839
            0.407000  0.449756  0.000000
  -15.544  -14.664  -10.571   -3.638   -0.683    8.390    9.273    9.837
            0.407167  0.449467  0.000000
  -15.546  -14.666  -10.565   -3.640   -0.682    8.381    9.276    9.835
            0.407333  0.449179  0.000000
  -15.548  -14.667  -10.559   -3.643   -0.680    8.372    9.280    9.833
            0.407500  0.448890  0.000000
  -15.550  -14.669  -10.553   -3.645   -0.679    8.363    9.283    9.830
            0.407667  0.448601  0.000000
  -15.552  -14.671  -10.547   -3.648   -0.677    8.355    9.287    9.828
            0.407833  0.448312  0.000000
  -15.553  -14.672  -10.541   -3.651   -0.676    8.346    9.290    9.826
            0.408000  0.448024  0.000000
  -15.555  -14.674  -10.535   -3.653   -0.674    8.337    9.293    9.829
            0.408167  0.447735  0.000000
  -15.557  -14.676  -10.528   -3.656   -0.673    8.328    9.297    9.821
            0.408333  0.447446  0.000000
  -15.559  -14.677  -10.522   -3.659   -0.672    8.320    9.300    9.819
            0.408500  0.447158  0.000000
  -15.561  -14.679  -10.516   -3.661   -0.670    8.311    9.303    9.817
            0.408667  0.446869  0.000000
  -15.562  -14.681  -10.510   -3.664   -0.669    8.302    9.307    9.815
            0.408833  0.446580  0.000000
  -15.564  -14.682  -10.504   -3.666   -0.667    8.293    9.310    9.813
            0.409000  0.446292  0.000000
  -15.566  -14.684  -10.498   -3.669   -0.666    8.285    9.314    9.811
            0.409167  0.446003  0.000000
  -15.568  -14.686  -10.492   -3.671   -0.664    8.276    9.317    9.809
            0.409333  0.445714  0.000000
  -15.570  -14.687  -10.486   -3.674   -0.663    8.267    9.320    9.806
            0.409500  0.445426  0.000000
  -15.571  -14.689  -10.480   -3.677   -0.662    8.258    9.324    9.804
            0.409667  0.445137  0.000000
  -15.573  -14.691  -10.474   -3.679   -0.660    8.250    9.327    9.803
            0.409833  0.444848  0.000000
  -15.575  -14.692  -10.468   -3.682   -0.659    8.241    9.330    9.800
            0.410000  0.444560  0.000000
  -15.577  -14.694  -10.462   -3.684   -0.657    8.232    9.334    9.798
            0.410167  0.444271  0.000000
  -15.579  -14.696  -10.455   -3.687   -0.656    8.224    9.337    9.797
            0.410333  0.443982  0.000000
  -15.580  -14.697  -10.449   -3.689   -0.655    8.215    9.341    9.793
            0.410500  0.443694  0.000000
  -15.582  -14.699  -10.443   -3.692   -0.653    8.206    9.344    9.791
            0.410667  0.443405  0.000000
  -15.584  -14.700  -10.437   -3.694   -0.652    8.198    9.347    9.789
            0.410833  0.443116  0.000000
  -15.586  -14.702  -10.431   -3.697   -0.650    8.189    9.351    9.787
            0.411000  0.442828  0.000000
  -15.587  -14.704  -10.425   -3.700   -0.649    8.180    9.354    9.785
            0.411167  0.442539  0.000000
  -15.589  -14.705  -10.419   -3.702   -0.648    8.172    9.357    9.782
            0.411333  0.442250  0.000000
  -15.591  -14.707  -10.413   -3.705   -0.646    8.163    9.361    9.781
            0.411500  0.441962  0.000000
  -15.593  -14.709  -10.407   -3.707   -0.645    8.154    9.364    9.778
            0.411667  0.441673  0.000000
  -15.594  -14.710  -10.401   -3.710   -0.644    8.146    9.367    9.776
            0.411833  0.441384  0.000000
  -15.596  -14.712  -10.395   -3.712   -0.642    8.137    9.371    9.774
            0.412000  0.441096  0.000000
  -15.598  -14.713  -10.389   -3.715   -0.641    8.128    9.374    9.772
            0.412167  0.440807  0.000000
  -15.600  -14.715  -10.383   -3.717   -0.640    8.120    9.377    9.770
            0.412333  0.440518  0.000000
  -15.601  -14.717  -10.377   -3.720   -0.638    8.111    9.381    9.768
            0.412500  0.440230  0.000000
  -15.603  -14.718  -10.371   -3.722   -0.637    8.102    9.384    9.766
            0.412667  0.439941  0.000000
  -15.605  -14.720  -10.365   -3.725   -0.636    8.094    9.387    9.764
            0.412833  0.439652  0.000000
  -15.607  -14.721  -10.359   -3.727   -0.635    8.085    9.391    9.761
            0.413000  0.439364  0.000000
  -15.608  -14.723  -10.353   -3.730   -0.633    8.076    9.394    9.761
            0.413167  0.439075  0.000000
  -15.610  -14.725  -10.347   -3.732   -0.632    8.068    9.397    9.757
            0.413333  0.438786  0.000000
  -15.612  -14.726  -10.341   -3.735   -0.631    8.059    9.400    9.756
            0.413500  0.438498  0.000000
  -15.613  -14.728  -10.335   -3.737   -0.629    8.051    9.404    9.753
            0.413667  0.438209  0.000000
  -15.615  -14.729  -10.329   -3.739   -0.628    8.042    9.407    9.753
            0.413833  0.437920  0.000000
  -15.617  -14.731  -10.323   -3.742   -0.627    8.033    9.410    9.749
            0.414000  0.437632  0.000000
  -15.619  -14.733  -10.317   -3.744   -0.626    8.025    9.414    9.747
            0.414167  0.437343  0.000000
  -15.620  -14.734  -10.311   -3.747   -0.624    8.016    9.417    9.744
            0.414333  0.437054  0.000000
  -15.622  -14.736  -10.305   -3.749   -0.623    8.008    9.420    9.743
            0.414500  0.436765  0.000000
  -15.624  -14.737  -10.299   -3.752   -0.622    7.999    9.423    9.741
            0.414667  0.436477  0.000000
  -15.625  -14.739  -10.293   -3.754   -0.621    7.991    9.427    9.738
            0.414833  0.436188  0.000000
  -15.627  -14.741  -10.287   -3.756   -0.619    7.982    9.430    9.736
            0.415000  0.435899  0.000000
  -15.629  -14.742  -10.281   -3.759   -0.618    7.974    9.433    9.734
            0.415167  0.435611  0.000000
  -15.630  -14.744  -10.275   -3.761   -0.617    7.965    9.437    9.732
            0.415333  0.435322  0.000000
  -15.632  -14.745  -10.269   -3.764   -0.616    7.956    9.440    9.730
            0.415500  0.435033  0.000000
  -15.634  -14.747  -10.263   -3.766   -0.614    7.948    9.443    9.730
            0.415667  0.434745  0.000000
  -15.635  -14.748  -10.257   -3.769   -0.613    7.939    9.446    9.726
            0.415833  0.434456  0.000000
  -15.637  -14.750  -10.251   -3.771   -0.612    7.931    9.449    9.724
            0.416000  0.434167  0.000000
  -15.639  -14.752  -10.245   -3.773   -0.611    7.922    9.453    9.722
            0.416167  0.433879  0.000000
  -15.640  -14.753  -10.239   -3.776   -0.610    7.914    9.456    9.720
            0.416333  0.433590  0.000000
  -15.642  -14.755  -10.233   -3.778   -0.608    7.905    9.459    9.720
            0.416500  0.433301  0.000000
  -15.644  -14.756  -10.227   -3.780   -0.607    7.897    9.462    9.716
            0.416667  0.433013  0.000000
  -15.645  -14.758  -10.221   -3.783   -0.606    7.888    9.466    9.714
            0.416833  0.432724  0.000000
  -15.647  -14.759  -10.215   -3.785   -0.605    7.880    9.469    9.712
            0.417000  0.432435  0.000000
  -15.649  -14.761  -10.209   -3.788   -0.604    7.872    9.472    9.712
            0.417167  0.432147  0.000000
  -15.650  -14.763  -10.203   -3.790   -0.603    7.863    9.475    9.709
            0.417333  0.431858  0.000000
  -15.652  -14.764  -10.198   -3.792   -0.601    7.855    9.478    9.706
            0.417500  0.431569  0.000000
  -15.654  -14.766  -10.192   -3.795   -0.600    7.846    9.482    9.703
            0.417667  0.431281  0.000000
  -15.655  -14.767  -10.186   -3.797   -0.599    7.838    9.485    9.702
            0.417833  0.430992  0.000000
  -15.657  -14.769  -10.180   -3.799   -0.598    7.829    9.488    9.699
            0.418000  0.430703  0.000000
  -15.659  -14.770  -10.174   -3.802   -0.597    7.821    9.491    9.700
            0.418167  0.430415  0.000000
  -15.660  -14.772  -10.168   -3.804   -0.596    7.812    9.494    9.696
            0.418333  0.430126  0.000000
  -15.662  -14.773  -10.162   -3.806   -0.595    7.804    9.497    9.694
            0.418500  0.429837  0.000000
  -15.663  -14.775  -10.156   -3.809   -0.593    7.796    9.501    9.692
            0.418667  0.429549  0.000000
  -15.665  -14.776  -10.150   -3.811   -0.592    7.787    9.504    9.690
            0.418833  0.429260  0.000000
  -15.667  -14.778  -10.144   -3.813   -0.591    7.779    9.507    9.687
            0.419000  0.428971  0.000000
  -15.668  -14.779  -10.139   -3.816   -0.590    7.770    9.510    9.685
            0.419167  0.428683  0.000000
  -15.670  -14.781  -10.133   -3.818   -0.589    7.762    9.513    9.685
            0.419333  0.428394  0.000000
  -15.671  -14.783  -10.127   -3.820   -0.588    7.754    9.516    9.682
            0.419500  0.428105  0.000000
  -15.673  -14.784  -10.121   -3.822   -0.587    7.745    9.519    9.680
            0.419667  0.427817  0.000000
  -15.675  -14.786  -10.115   -3.825   -0.586    7.737    9.522    9.677
            0.419833  0.427528  0.000000
  -15.676  -14.787  -10.109   -3.827   -0.585    7.729    9.526    9.677
            0.420000  0.427239  0.000000
  -15.678  -14.789  -10.103   -3.829   -0.584    7.720    9.529    9.674
            0.420167  0.426951  0.000000
  -15.679  -14.790  -10.098   -3.832   -0.582    7.712    9.532    9.671
            0.420333  0.426662  0.000000
  -15.681  -14.792  -10.092   -3.834   -0.581    7.704    9.535    9.670
            0.420500  0.426373  0.000000
  -15.682  -14.793  -10.086   -3.836   -0.580    7.695    9.538    9.668
            0.420667  0.426084  0.000000
  -15.684  -14.795  -10.080   -3.838   -0.579    7.687    9.541    9.666
            0.420833  0.425796  0.000000
  -15.686  -14.796  -10.074   -3.841   -0.578    7.679    9.544    9.670
            0.421000  0.425507  0.000000
  -15.687  -14.798  -10.068   -3.843   -0.577    7.670    9.547    9.665
            0.421167  0.425218  0.000000
  -15.689  -14.799  -10.063   -3.845   -0.576    7.662    9.550    9.660
            0.421333  0.424930  0.000000
  -15.690  -14.801  -10.057   -3.847   -0.575    7.654    9.553    9.659
            0.421500  0.424641  0.000000
  -15.692  -14.802  -10.051   -3.850   -0.574    7.646    9.556    9.656
            0.421667  0.424352  0.000000
  -15.693  -14.804  -10.045   -3.852   -0.573    7.637    9.559    9.655
            0.421833  0.424064  0.000000
  -15.695  -14.805  -10.039   -3.854   -0.572    7.629    9.562    9.652
            0.422000  0.423775  0.000000
  -15.697  -14.807  -10.033   -3.856   -0.571    7.621    9.565    9.650
            0.422167  0.423486  0.000000
  -15.698  -14.808  -10.028   -3.859   -0.570    7.613    9.568    9.648
            0.422333  0.423198  0.000000
  -15.700  -14.809  -10.022   -3.861   -0.569    7.604    9.571    9.646
            0.422500  0.422909  0.000000
  -15.701  -14.811  -10.016   -3.863   -0.568    7.596    9.574    9.646
            0.422667  0.422620  0.000000
  -15.703  -14.812  -10.010   -3.865   -0.567    7.588    9.577    9.642
            0.422833  0.422332  0.000000
  -15.704  -14.814  -10.005   -3.867   -0.566    7.580    9.580    9.641
            0.423000  0.422043  0.000000
  -15.706  -14.815   -9.999   -3.870   -0.565    7.572    9.583    9.639
            0.423167  0.421754  0.000000
  -15.707  -14.817   -9.993   -3.872   -0.564    7.563    9.586    9.637
            0.423333  0.421466  0.000000
  -15.709  -14.818   -9.987   -3.874   -0.563    7.555    9.590    9.635
            0.423500  0.421177  0.000000
  -15.710  -14.820   -9.982   -3.876   -0.562    7.547    9.592    9.633
            0.423667  0.420888  0.000000
  -15.712  -14.821   -9.976   -3.878   -0.561    7.539    9.595    9.631
            0.423833  0.420600  0.000000
  -15.713  -14.823   -9.970   -3.880   -0.560    7.531    9.598    9.629
            0.424000  0.420311  0.000000
  -15.715  -14.824   -9.964   -3.883   -0.559    7.523    9.601    9.627
            0.424167  0.420022  0.000000
  -15.716  -14.826   -9.959   -3.885   -0.558    7.514    9.605    9.625
            0.424333  0.419734  0.000000
  -15.718  -14.827   -9.953   -3.887   -0.557    7.506    9.607    9.623
            0.424500  0.419445  0.000000
  -15.719  -14.828   -9.947   -3.889   -0.556    7.498    9.611    9.622
            0.424667  0.419156  0.000000
  -15.721  -14.830   -9.941   -3.891   -0.555    7.490    9.613    9.621
            0.424833  0.418868  0.000000
  -15.722  -14.831   -9.936   -3.893   -0.554    7.482    9.615    9.618
            0.425000  0.418579  0.000000
  -15.724  -14.833   -9.930   -3.896   -0.553    7.474    9.616    9.618
            0.425167  0.418290  0.000000
  -15.725  -14.834   -9.924   -3.898   -0.552    7.466    9.614    9.622
            0.425333  0.418002  0.000000
  -15.727  -14.836   -9.919   -3.900   -0.551    7.458    9.612    9.625
            0.425500  0.417713  0.000000
  -15.728  -14.837   -9.913   -3.902   -0.550    7.450    9.612    9.634
            0.425667  0.417424  0.000000
  -15.730  -14.839   -9.907   -3.904   -0.549    7.442    9.608    9.650
            0.425833  0.417136  0.000000
  -15.731  -14.840   -9.902   -3.906   -0.549    7.434    9.608    9.646
            0.426000  0.416847  0.000000
  -15.733  -14.841   -9.896   -3.908   -0.548    7.426    9.606    9.636
            0.426167  0.416558  0.000000
  -15.734  -14.843   -9.890   -3.910   -0.547    7.418    9.603    9.639
            0.426333  0.416270  0.000000
  -15.736  -14.844   -9.885   -3.912   -0.546    7.410    9.601    9.641
            0.426500  0.415981  0.000000
  -15.737  -14.846   -9.879   -3.915   -0.545    7.402    9.599    9.645
            0.426667  0.415692  0.000000
  -15.738  -14.847   -9.873   -3.917   -0.544    7.394    9.597    9.647
            0.426833  0.415404  0.000000
  -15.740  -14.848   -9.868   -3.919   -0.543    7.386    9.596    9.651
            0.427000  0.415115  0.000000
  -15.741  -14.850   -9.862   -3.921   -0.542    7.378    9.594    9.657
            0.427167  0.414826  0.000000
  -15.743  -14.851   -9.856   -3.923   -0.541    7.370    9.592    9.658
            0.427333  0.414537  0.000000
  -15.744  -14.853   -9.851   -3.925   -0.540    7.362    9.590    9.658
            0.427500  0.414249  0.000000
  -15.746  -14.854   -9.845   -3.927   -0.540    7.354    9.588    9.661
            0.427667  0.413960  0.000000
  -15.747  -14.855   -9.840   -3.929   -0.539    7.346    9.586    9.664
            0.427833  0.413671  0.000000
  -15.749  -14.857   -9.834   -3.931   -0.538    7.338    9.585    9.668
            0.428000  0.413383  0.000000
  -15.750  -14.858   -9.828   -3.933   -0.537    7.330    9.583    9.670
            0.428167  0.413094  0.000000
  -15.751  -14.860   -9.823   -3.935   -0.536    7.322    9.581    9.682
            0.428333  0.412805  0.000000
  -15.753  -14.861   -9.817   -3.937   -0.535    7.314    9.579    9.679
            0.428500  0.412517  0.000000
  -15.754  -14.862   -9.812   -3.939   -0.534    7.306    9.577    9.678
            0.428667  0.412228  0.000000
  -15.756  -14.864   -9.806   -3.941   -0.534    7.298    9.575    9.691
            0.428833  0.411939  0.000000
  -15.757  -14.865   -9.801   -3.943   -0.533    7.291    9.574    9.687
            0.429000  0.411651  0.000000
  -15.758  -14.867   -9.795   -3.945   -0.532    7.283    9.572    9.690
            0.429167  0.411362  0.000000
  -15.760  -14.868   -9.789   -3.948   -0.531    7.275    9.570    9.688
            0.429333  0.411073  0.000000
  -15.761  -14.869   -9.784   -3.950   -0.530    7.267    9.569    9.693
            0.429500  0.410785  0.000000
  -15.763  -14.871   -9.778   -3.952   -0.529    7.259    9.571    9.693
            0.429667  0.410496  0.000000
  -15.764  -14.872   -9.773   -3.954   -0.528    7.251    9.565    9.692
            0.429833  0.410207  0.000000
  -15.765  -14.873   -9.767   -3.956   -0.528    7.244    9.563    9.698
            0.430000  0.409919  0.000000
  -15.767  -14.875   -9.762   -3.958   -0.527    7.236    9.562    9.692
            0.430167  0.409630  0.000000
  -15.768  -14.876   -9.756   -3.960   -0.526    7.228    9.559    9.687
            0.430333  0.409341  0.000000
  -15.770  -14.877   -9.751   -3.962   -0.525    7.220    9.558    9.686
            0.430500  0.409053  0.000000
  -15.771  -14.879   -9.745   -3.964   -0.524    7.213    9.556    9.683
            0.430667  0.408764  0.000000
  -15.772  -14.880   -9.740   -3.965   -0.524    7.205    9.554    9.682
            0.430833  0.408475  0.000000
  -15.774  -14.881   -9.734   -3.967   -0.523    7.197    9.552    9.680
            0.431000  0.408187  0.000000
  -15.775  -14.883   -9.729   -3.969   -0.522    7.189    9.551    9.677
            0.431167  0.407898  0.000000
  -15.776  -14.884   -9.723   -3.971   -0.521    7.182    9.549    9.676
            0.431333  0.407609  0.000000
  -15.778  -14.885   -9.718   -3.973   -0.520    7.174    9.547    9.674
            0.431500  0.407321  0.000000
  -15.779  -14.887   -9.712   -3.975   -0.520    7.166    9.546    9.673
            0.431667  0.407032  0.000000
  -15.781  -14.888   -9.707   -3.977   -0.519    7.159    9.544    9.669
            0.431833  0.406743  0.000000
  -15.782  -14.889   -9.701   -3.979   -0.518    7.151    9.546    9.669
            0.432000  0.406455  0.000000
  -15.783  -14.891   -9.696   -3.981   -0.517    7.143    9.540    9.673
            0.432167  0.406166  0.000000
  -15.785  -14.892   -9.691   -3.983   -0.517    7.136    9.538    9.665
            0.432333  0.405877  0.000000
  -15.786  -14.893   -9.685   -3.985   -0.516    7.128    9.537    9.664
            0.432500  0.405589  0.000000
  -15.787  -14.895   -9.680   -3.987   -0.515    7.120    9.535    9.661
            0.432667  0.405300  0.000000
  -15.789  -14.896   -9.674   -3.989   -0.514    7.113    9.533    9.659
            0.432833  0.405011  0.000000
  -15.790  -14.897   -9.669   -3.991   -0.513    7.105    9.532    9.657
            0.433000  0.404723  0.000000
  -15.791  -14.899   -9.664   -3.993   -0.513    7.097    9.531    9.670
            0.433167  0.404434  0.000000
  -15.793  -14.900   -9.658   -3.995   -0.512    7.090    9.528    9.654
            0.433333  0.404145  0.000000
  -15.794  -14.901   -9.653   -3.997   -0.511    7.082    9.526    9.650
            0.433500  0.403857  0.000000
  -15.795  -14.903   -9.647   -3.998   -0.510    7.075    9.525    9.648
            0.433667  0.403568  0.000000
  -15.797  -14.904   -9.642   -4.000   -0.510    7.067    9.523    9.646
            0.433833  0.403279  0.000000
  -15.798  -14.905   -9.637   -4.002   -0.509    7.060    9.521    9.645
            0.434000  0.402990  0.000000
  -15.799  -14.906   -9.631   -4.004   -0.508    7.052    9.520    9.643
            0.434167  0.402702  0.000000
  -15.800  -14.908   -9.626   -4.006   -0.508    7.045    9.518    9.641
            0.434333  0.402413  0.000000
  -15.802  -14.909   -9.621   -4.008   -0.507    7.037    9.516    9.640
            0.434500  0.402124  0.000000
  -15.803  -14.910   -9.615   -4.010   -0.506    7.030    9.515    9.637
            0.434667  0.401836  0.000000
  -15.804  -14.912   -9.610   -4.012   -0.505    7.022    9.513    9.636
            0.434833  0.401547  0.000000
  -15.806  -14.913   -9.605   -4.013   -0.505    7.015    9.511    9.633
            0.435000  0.401258  0.000000
  -15.807  -14.914   -9.599   -4.015   -0.504    7.007    9.510    9.632
            0.435167  0.400970  0.000000
  -15.808  -14.915   -9.594   -4.017   -0.503    7.000    9.508    9.630
            0.435333  0.400681  0.000000
  -15.810  -14.917   -9.589   -4.019   -0.503    6.992    9.506    9.628
            0.435500  0.400392  0.000000
  -15.811  -14.918   -9.583   -4.021   -0.502    6.985    9.505    9.626
            0.435667  0.400104  0.000000
  -15.812  -14.919   -9.578   -4.023   -0.501    6.978    9.503    9.624
            0.435833  0.399815  0.000000
  -15.813  -14.920   -9.573   -4.025   -0.500    6.970    9.501    9.623
            0.436000  0.399526  0.000000
  -15.815  -14.922   -9.568   -4.026   -0.500    6.963    9.500    9.621
            0.436167  0.399238  0.000000
  -15.816  -14.923   -9.562   -4.028   -0.499    6.955    9.498    9.619
            0.436333  0.398949  0.000000
  -15.817  -14.924   -9.557   -4.030   -0.498    6.948    9.497    9.617
            0.436500  0.398660  0.000000
  -15.818  -14.925   -9.552   -4.032   -0.498    6.941    9.495    9.615
            0.436667  0.398372  0.000000
  -15.820  -14.927   -9.547   -4.034   -0.497    6.933    9.493    9.614
            0.436833  0.398083  0.000000
  -15.821  -14.928   -9.541   -4.035   -0.496    6.926    9.492    9.612
            0.437000  0.397794  0.000000
  -15.822  -14.929   -9.536   -4.037   -0.496    6.919    9.490    9.610
            0.437167  0.397506  0.000000
  -15.823  -14.930   -9.531   -4.039   -0.495    6.911    9.488    9.608
            0.437333  0.397217  0.000000
  -15.825  -14.932   -9.526   -4.041   -0.494    6.904    9.487    9.607
            0.437500  0.396928  0.000000
  -15.826  -14.933   -9.521   -4.043   -0.494    6.897    9.485    9.605
            0.437667  0.396640  0.000000
  -15.827  -14.934   -9.515   -4.044   -0.493    6.890    9.484    9.603
            0.437833  0.396351  0.000000
  -15.828  -14.935   -9.510   -4.046   -0.492    6.882    9.482    9.601
            0.438000  0.396062  0.000000
  -15.830  -14.937   -9.505   -4.048   -0.492    6.875    9.480    9.600
            0.438167  0.395774  0.000000
  -15.831  -14.938   -9.500   -4.050   -0.491    6.868    9.479    9.598
            0.438333  0.395485  0.000000
  -15.832  -14.939   -9.495   -4.051   -0.491    6.861    9.477    9.596
            0.438500  0.395196  0.000000
  -15.833  -14.940   -9.490   -4.053   -0.490    6.853    9.476    9.595
            0.438667  0.394908  0.000000
  -15.835  -14.941   -9.484   -4.055   -0.489    6.846    9.474    9.593
            0.438833  0.394619  0.000000
  -15.836  -14.943   -9.479   -4.057   -0.489    6.839    9.473    9.591
            0.439000  0.394330  0.000000
  -15.837  -14.944   -9.474   -4.058   -0.488    6.832    9.471    9.597
            0.439167  0.394042  0.000000
  -15.838  -14.945   -9.469   -4.060   -0.487    6.825    9.469    9.588
            0.439333  0.393753  0.000000
  -15.839  -14.946   -9.464   -4.062   -0.487    6.818    9.468    9.586
            0.439500  0.393464  0.000000
  -15.841  -14.947   -9.459   -4.064   -0.486    6.811    9.466    9.584
            0.439667  0.393176  0.000000
  -15.842  -14.949   -9.454   -4.065   -0.486    6.803    9.465    9.583
            0.439833  0.392887  0.000000
  -15.843  -14.950   -9.449   -4.067   -0.485    6.796    9.463    9.581
            0.440000  0.392598  0.000000
  -15.844  -14.951   -9.444   -4.069   -0.484    6.789    9.462    9.579
            0.440167  0.392310  0.000000
  -15.845  -14.952   -9.439   -4.071   -0.484    6.782    9.460    9.578
            0.440333  0.392021  0.000000
  -15.846  -14.953   -9.434   -4.072   -0.483    6.775    9.459    9.576
            0.440500  0.391732  0.000000
  -15.848  -14.955   -9.429   -4.074   -0.483    6.768    9.457    9.574
            0.440667  0.391443  0.000000
  -15.849  -14.956   -9.424   -4.076   -0.482    6.761    9.456    9.573
            0.440833  0.391155  0.000000
  -15.850  -14.957   -9.418   -4.077   -0.481    6.754    9.454    9.571
            0.441000  0.390866  0.000000
  -15.851  -14.958   -9.413   -4.079   -0.481    6.747    9.453    9.569
            0.441167  0.390577  0.000000
  -15.852  -14.959   -9.408   -4.081   -0.480    6.740    9.451    9.568
            0.441333  0.390289  0.000000
  -15.854  -14.960   -9.403   -4.082   -0.480    6.733    9.450    9.566
            0.441500  0.390000  0.000000
  -15.855  -14.962   -9.398   -4.084   -0.479    6.726    9.448    9.564
            0.441667  0.389711  0.000000
  -15.856  -14.963   -9.393   -4.086   -0.478    6.719    9.446    9.563
            0.441833  0.389423  0.000000
  -15.857  -14.964   -9.389   -4.087   -0.478    6.712    9.445    9.561
            0.442000  0.389134  0.000000
  -15.858  -14.965   -9.384   -4.089   -0.477    6.705    9.443    9.559
            0.442167  0.388845  0.000000
  -15.859  -14.966   -9.379   -4.091   -0.477    6.699    9.442    9.558
            0.442333  0.388557  0.000000
  -15.860  -14.967   -9.374   -4.092   -0.476    6.692    9.441    9.556
            0.442500  0.388268  0.000000
  -15.862  -14.968   -9.369   -4.094   -0.476    6.685    9.439    9.555
            0.442667  0.387979  0.000000
  -15.863  -14.970   -9.364   -4.096   -0.475    6.678    9.438    9.553
            0.442833  0.387691  0.000000
  -15.864  -14.971   -9.359   -4.097   -0.474    6.671    9.436    9.551
            0.443000  0.387402  0.000000
  -15.865  -14.972   -9.354   -4.099   -0.474    6.664    9.435    9.550
            0.443167  0.387113  0.000000
  -15.866  -14.973   -9.349   -4.101   -0.473    6.657    9.433    9.548
            0.443333  0.386825  0.000000
  -15.867  -14.974   -9.344   -4.102   -0.473    6.651    9.432    9.547
            0.443500  0.386536  0.000000
  -15.868  -14.975   -9.339   -4.104   -0.472    6.644    9.430    9.545
            0.443667  0.386247  0.000000
  -15.869  -14.976   -9.334   -4.105   -0.472    6.637    9.429    9.543
            0.443833  0.385959  0.000000
  -15.871  -14.977   -9.330   -4.107   -0.471    6.630    9.427    9.542
            0.444000  0.385670  0.000000
  -15.872  -14.979   -9.325   -4.109   -0.471    6.623    9.426    9.540
            0.444167  0.385381  0.000000
  -15.873  -14.980   -9.320   -4.110   -0.470    6.617    9.424    9.539
            0.444333  0.385093  0.000000
  -15.874  -14.981   -9.315   -4.112   -0.470    6.610    9.423    9.537
            0.444500  0.384804  0.000000
  -15.875  -14.982   -9.310   -4.113   -0.469    6.603    9.422    9.536
            0.444667  0.384515  0.000000
  -15.876  -14.983   -9.305   -4.115   -0.469    6.597    9.420    9.534
            0.444833  0.384227  0.000000
  -15.877  -14.984   -9.301   -4.117   -0.468    6.590    9.419    9.532
            0.445000  0.383938  0.000000
  -15.878  -14.985   -9.296   -4.118   -0.468    6.583    9.417    9.531
            0.445167  0.383649  0.000000
  -15.879  -14.986   -9.291   -4.120   -0.467    6.577    9.416    9.529
            0.445333  0.383361  0.000000
  -15.880  -14.987   -9.286   -4.121   -0.466    6.570    9.414    9.528
            0.445500  0.383072  0.000000
  -15.882  -14.988   -9.281   -4.123   -0.466    6.563    9.413    9.526
            0.445667  0.382783  0.000000
  -15.883  -14.989   -9.277   -4.124   -0.465    6.557    9.412    9.525
            0.445833  0.382495  0.000000
  -15.884  -14.991   -9.272   -4.126   -0.465    6.550    9.410    9.523
            0.446000  0.382206  0.000000
  -15.885  -14.992   -9.267   -4.127   -0.464    6.544    9.409    9.522
            0.446167  0.381917  0.000000
  -15.886  -14.993   -9.262   -4.129   -0.464    6.537    9.407    9.520
            0.446333  0.381629  0.000000
  -15.887  -14.994   -9.258   -4.131   -0.463    6.531    9.406    9.519
            0.446500  0.381340  0.000000
  -15.888  -14.995   -9.253   -4.132   -0.463    6.524    9.405    9.517
            0.446667  0.381051  0.000000
  -15.889  -14.996   -9.248   -4.134   -0.462    6.517    9.403    9.516
            0.446833  0.380763  0.000000
  -15.890  -14.997   -9.244   -4.135   -0.462    6.511    9.402    9.514
            0.447000  0.380474  0.000000
  -15.891  -14.998   -9.239   -4.137   -0.462    6.504    9.400    9.513
            0.447167  0.380185  0.000000
  -15.892  -14.999   -9.234   -4.138   -0.461    6.498    9.399    9.511
            0.447333  0.379896  0.000000
  -15.893  -15.000   -9.230   -4.140   -0.461    6.492    9.398    9.510
            0.447500  0.379608  0.000000
  -15.894  -15.001   -9.225   -4.141   -0.460    6.485    9.396    9.508
            0.447667  0.379319  0.000000
  -15.895  -15.002   -9.220   -4.143   -0.460    6.479    9.395    9.507
            0.447833  0.379030  0.000000
  -15.896  -15.003   -9.216   -4.144   -0.459    6.472    9.394    9.505
            0.448000  0.378742  0.000000
  -15.897  -15.004   -9.211   -4.146   -0.459    6.466    9.392    9.504
            0.448167  0.378453  0.000000
  -15.898  -15.005   -9.206   -4.147   -0.458    6.459    9.391    9.502
            0.448333  0.378164  0.000000
  -15.899  -15.006   -9.202   -4.149   -0.458    6.453    9.390    9.501
            0.448500  0.377876  0.000000
  -15.900  -15.007   -9.197   -4.150   -0.457    6.447    9.388    9.499
            0.448667  0.377587  0.000000
  -15.901  -15.008   -9.193   -4.152   -0.457    6.440    9.387    9.498
            0.448833  0.377298  0.000000
  -15.902  -15.009   -9.188   -4.153   -0.456    6.434    9.386    9.496
            0.449000  0.377010  0.000000
  -15.904  -15.010   -9.184   -4.154   -0.456    6.428    9.384    9.495
            0.449167  0.376721  0.000000
  -15.905  -15.011   -9.179   -4.156   -0.455    6.422    9.383    9.494
            0.449333  0.376432  0.000000
  -15.906  -15.013   -9.175   -4.157   -0.455    6.415    9.382    9.492
            0.449500  0.376144  0.000000
  -15.907  -15.014   -9.170   -4.159   -0.455    6.409    9.380    9.491
            0.449667  0.375855  0.000000
  -15.908  -15.015   -9.165   -4.160   -0.454    6.403    9.379    9.489
            0.449833  0.375566  0.000000
  -15.909  -15.016   -9.161   -4.162   -0.454    6.397    9.378    9.488
            0.450000  0.375278  0.000000
  -15.910  -15.017   -9.156   -4.163   -0.453    6.390    9.376    9.487
            0.450167  0.374989  0.000000
  -15.911  -15.018   -9.152   -4.165   -0.453    6.384    9.375    9.485
            0.450333  0.374700  0.000000
  -15.911  -15.019   -9.148   -4.166   -0.452    6.378    9.374    9.484
            0.450500  0.374412  0.000000
  -15.912  -15.020   -9.143   -4.167   -0.452    6.372    9.372    9.482
            0.450667  0.374123  0.000000
  -15.913  -15.021   -9.139   -4.169   -0.452    6.366    9.371    9.481
            0.450833  0.373834  0.000000
  -15.914  -15.021   -9.134   -4.170   -0.451    6.359    9.370    9.480
            0.451000  0.373546  0.000000
  -15.915  -15.022   -9.130   -4.172   -0.451    6.353    9.369    9.478
            0.451167  0.373257  0.000000
  -15.916  -15.023   -9.125   -4.173   -0.450    6.347    9.367    9.477
            0.451333  0.372968  0.000000
  -15.917  -15.024   -9.121   -4.174   -0.450    6.341    9.366    9.475
            0.451500  0.372680  0.000000
  -15.918  -15.025   -9.116   -4.176   -0.449    6.335    9.365    9.474
            0.451667  0.372391  0.000000
  -15.919  -15.026   -9.112   -4.177   -0.449    6.329    9.364    9.473
            0.451833  0.372102  0.000000
  -15.920  -15.027   -9.108   -4.179   -0.449    6.323    9.362    9.471
            0.452000  0.371814  0.000000
  -15.921  -15.028   -9.103   -4.180   -0.448    6.317    9.361    9.470
            0.452167  0.371525  0.000000
  -15.922  -15.029   -9.099   -4.181   -0.448    6.311    9.360    9.469
            0.452333  0.371236  0.000000
  -15.923  -15.030   -9.095   -4.183   -0.447    6.305    9.359    9.467
            0.452500  0.370948  0.000000
  -15.924  -15.031   -9.090   -4.184   -0.447    6.299    9.357    9.466
            0.452667  0.370659  0.000000
  -15.925  -15.032   -9.086   -4.185   -0.447    6.293    9.356    9.465
            0.452833  0.370370  0.000000
  -15.926  -15.033   -9.082   -4.187   -0.446    6.287    9.355    9.463
            0.453000  0.370082  0.000000
  -15.927  -15.034   -9.077   -4.188   -0.446    6.281    9.354    9.462
            0.453167  0.369793  0.000000
  -15.928  -15.035   -9.073   -4.189   -0.445    6.275    9.352    9.461
            0.453333  0.369504  0.000000
  -15.929  -15.036   -9.069   -4.191   -0.445    6.269    9.351    9.459
            0.453500  0.369215  0.000000
  -15.930  -15.037   -9.065   -4.192   -0.445    6.264    9.350    9.458
            0.453667  0.368927  0.000000
  -15.931  -15.038   -9.060   -4.193   -0.444    6.258    9.349    9.457
            0.453833  0.368638  0.000000
  -15.931  -15.039   -9.056   -4.195   -0.444    6.252    9.348    9.455
            0.454000  0.368349  0.000000
  -15.932  -15.040   -9.052   -4.196   -0.443    6.246    9.346    9.454
            0.454167  0.368061  0.000000
  -15.933  -15.041   -9.048   -4.197   -0.443    6.240    9.345    9.453
            0.454333  0.367772  0.000000
  -15.934  -15.041   -9.043   -4.199   -0.443    6.234    9.344    9.451
            0.454500  0.367483  0.000000
  -15.935  -15.042   -9.039   -4.200   -0.442    6.229    9.343    9.450
            0.454667  0.367195  0.000000
  -15.936  -15.043   -9.035   -4.201   -0.442    6.223    9.342    9.449
            0.454833  0.366906  0.000000
  -15.937  -15.044   -9.031   -4.203   -0.442    6.217    9.340    9.448
            0.455000  0.366617  0.000000
  -15.938  -15.045   -9.027   -4.204   -0.441    6.211    9.339    9.446
            0.455167  0.366329  0.000000
  -15.939  -15.046   -9.023   -4.205   -0.441    6.206    9.338    9.445
            0.455333  0.366040  0.000000
  -15.940  -15.047   -9.018   -4.206   -0.441    6.200    9.337    9.444
            0.455500  0.365751  0.000000
  -15.940  -15.048   -9.014   -4.208   -0.440    6.194    9.336    9.442
            0.455667  0.365463  0.000000
  -15.941  -15.049   -9.010   -4.209   -0.440    6.189    9.334    9.441
            0.455833  0.365174  0.000000
  -15.942  -15.050   -9.006   -4.210   -0.439    6.183    9.333    9.440
            0.456000  0.364885  0.000000
  -15.943  -15.050   -9.002   -4.212   -0.439    6.178    9.332    9.439
            0.456167  0.364597  0.000000
  -15.944  -15.051   -8.998   -4.213   -0.439    6.172    9.331    9.437
            0.456333  0.364308  0.000000
  -15.945  -15.052   -8.994   -4.214   -0.438    6.166    9.330    9.436
            0.456500  0.364019  0.000000
  -15.946  -15.053   -8.990   -4.215   -0.438    6.161    9.329    9.435
            0.456667  0.363731  0.000000
  -15.947  -15.054   -8.986   -4.217   -0.438    6.155    9.328    9.434
            0.456833  0.363442  0.000000
  -15.947  -15.055   -8.982   -4.218   -0.437    6.150    9.326    9.433
            0.457000  0.363153  0.000000
  -15.948  -15.056   -8.978   -4.219   -0.437    6.144    9.325    9.431
            0.457167  0.362865  0.000000
  -15.949  -15.057   -8.974   -4.220   -0.437    6.139    9.324    9.430
            0.457333  0.362576  0.000000
  -15.950  -15.057   -8.970   -4.221   -0.436    6.133    9.323    9.429
            0.457500  0.362287  0.000000
  -15.951  -15.058   -8.966   -4.223   -0.436    6.128    9.322    9.428
            0.457667  0.361999  0.000000
  -15.952  -15.059   -8.962   -4.224   -0.436    6.122    9.321    9.426
            0.457833  0.361710  0.000000
  -15.952  -15.060   -8.958   -4.225   -0.435    6.117    9.320    9.425
            0.458000  0.361421  0.000000
  -15.953  -15.061   -8.954   -4.226   -0.435    6.111    9.319    9.424
            0.458167  0.361133  0.000000
  -15.954  -15.062   -8.950   -4.227   -0.435    6.106    9.318    9.423
            0.458333  0.360844  0.000000
  -15.955  -15.063   -8.946   -4.229   -0.434    6.101    9.316    9.422
            0.458500  0.360555  0.000000
  -15.956  -15.063   -8.942   -4.230   -0.434    6.095    9.315    9.421
            0.458667  0.360267  0.000000
  -15.957  -15.064   -8.938   -4.231   -0.434    6.090    9.314    9.419
            0.458833  0.359978  0.000000
  -15.957  -15.065   -8.934   -4.232   -0.433    6.085    9.313    9.418
            0.459000  0.359689  0.000000
  -15.958  -15.066   -8.930   -4.233   -0.433    6.079    9.312    9.417
            0.459167  0.359401  0.000000
  -15.959  -15.067   -8.927   -4.235   -0.433    6.074    9.311    9.416
            0.459333  0.359112  0.000000
  -15.960  -15.068   -8.923   -4.236   -0.432    6.069    9.310    9.415
            0.459500  0.358823  0.000000
  -15.961  -15.068   -8.919   -4.237   -0.432    6.064    9.309    9.414
            0.459667  0.358535  0.000000
  -15.961  -15.069   -8.915   -4.238   -0.432    6.058    9.308    9.412
            0.459833  0.358246  0.000000
  -15.962  -15.070   -8.911   -4.239   -0.432    6.053    9.307    9.411
            0.460000  0.357957  0.000000
  -15.963  -15.071   -8.907   -4.240   -0.431    6.048    9.306    9.410
            0.460167  0.357668  0.000000
  -15.964  -15.072   -8.904   -4.242   -0.431    6.043    9.305    9.409
            0.460333  0.357380  0.000000
  -15.965  -15.072   -8.900   -4.243   -0.431    6.038    9.304    9.408
            0.460500  0.357091  0.000000
  -15.965  -15.073   -8.896   -4.244   -0.430    6.032    9.303    9.407
            0.460667  0.356802  0.000000
  -15.966  -15.074   -8.892   -4.245   -0.430    6.027    9.302    9.406
            0.460833  0.356514  0.000000
  -15.967  -15.075   -8.889   -4.246   -0.430    6.022    9.301    9.404
            0.461000  0.356225  0.000000
  -15.968  -15.076   -8.885   -4.247   -0.429    6.017    9.299    9.403
            0.461167  0.355936  0.000000
  -15.969  -15.076   -8.881   -4.248   -0.429    6.012    9.298    9.402
            0.461333  0.355648  0.000000
  -15.969  -15.077   -8.878   -4.249   -0.429    6.007    9.297    9.401
            0.461500  0.355359  0.000000
  -15.970  -15.078   -8.874   -4.250   -0.429    6.002    9.296    9.400
            0.461667  0.355070  0.000000
  -15.971  -15.079   -8.870   -4.252   -0.428    5.997    9.295    9.399
            0.461833  0.354782  0.000000
  -15.972  -15.079   -8.867   -4.253   -0.428    5.992    9.294    9.398
            0.462000  0.354493  0.000000
  -15.972  -15.080   -8.863   -4.254   -0.428    5.987    9.293    9.397
            0.462167  0.354204  0.000000
  -15.973  -15.081   -8.859   -4.255   -0.427    5.982    9.292    9.396
            0.462333  0.353916  0.000000
  -15.974  -15.082   -8.856   -4.256   -0.427    5.977    9.291    9.395
            0.462500  0.353627  0.000000
  -15.975  -15.083   -8.852   -4.257   -0.427    5.972    9.290    9.394
            0.462667  0.353338  0.000000
  -15.975  -15.083   -8.849   -4.258   -0.427    5.967    9.289    9.393
            0.462833  0.353050  0.000000
  -15.976  -15.084   -8.845   -4.259   -0.426    5.962    9.288    9.391
            0.463000  0.352761  0.000000
  -15.977  -15.085   -8.841   -4.260   -0.426    5.958    9.287    9.390
            0.463167  0.352472  0.000000
  -15.978  -15.086   -8.838   -4.261   -0.426    5.953    9.287    9.389
            0.463333  0.352184  0.000000
  -15.978  -15.086   -8.834   -4.262   -0.426    5.948    9.286    9.388
            0.463500  0.351895  0.000000
  -15.979  -15.087   -8.831   -4.263   -0.425    5.943    9.285    9.387
            0.463667  0.351606  0.000000
  -15.980  -15.088   -8.827   -4.264   -0.425    5.938    9.284    9.386
            0.463833  0.351318  0.000000
  -15.980  -15.088   -8.824   -4.265   -0.425    5.934    9.283    9.385
            0.464000  0.351029  0.000000
  -15.981  -15.089   -8.820   -4.266   -0.424    5.929    9.282    9.384
            0.464167  0.350740  0.000000
  -15.982  -15.090   -8.817   -4.268   -0.424    5.924    9.281    9.383
            0.464333  0.350452  0.000000
  -15.983  -15.091   -8.813   -4.269   -0.424    5.919    9.280    9.382
            0.464500  0.350163  0.000000
  -15.983  -15.091   -8.810   -4.270   -0.424    5.915    9.279    9.381
            0.464667  0.349874  0.000000
  -15.984  -15.092   -8.806   -4.271   -0.423    5.910    9.278    9.380
            0.464833  0.349586  0.000000
  -15.985  -15.093   -8.803   -4.272   -0.423    5.905    9.277    9.379
            0.465000  0.349297  0.000000
  -15.985  -15.094   -8.800   -4.273   -0.423    5.901    9.276    9.378
            0.465167  0.349008  0.000000
  -15.986  -15.094   -8.796   -4.274   -0.423    5.896    9.275    9.377
            0.465333  0.348720  0.000000
  -15.987  -15.095   -8.793   -4.275   -0.422    5.891    9.274    9.376
            0.465500  0.348431  0.000000
  -15.987  -15.096   -8.790   -4.276   -0.422    5.887    9.273    9.375
            0.465667  0.348142  0.000000
  -15.988  -15.096   -8.786   -4.277   -0.422    5.882    9.272    9.374
            0.465833  0.347854  0.000000
  -15.989  -15.097   -8.783   -4.278   -0.422    5.878    9.272    9.373
            0.466000  0.347565  0.000000
  -15.989  -15.098   -8.780   -4.279   -0.421    5.873    9.271    9.372
            0.466167  0.347276  0.000000
  -15.990  -15.098   -8.776   -4.279   -0.421    5.869    9.270    9.371
            0.466333  0.346988  0.000000
  -15.991  -15.099   -8.773   -4.280   -0.421    5.864    9.269    9.370
            0.466500  0.346699  0.000000
  -15.991  -15.100   -8.770   -4.281   -0.421    5.860    9.268    9.369
            0.466667  0.346410  0.000000
  -15.992  -15.100   -8.766   -4.282   -0.421    5.855    9.267    9.368
            0.466833  0.346121  0.000000
  -15.993  -15.101   -8.763   -4.283   -0.420    5.851    9.266    9.367
            0.467000  0.345833  0.000000
  -15.993  -15.102   -8.760   -4.284   -0.420    5.847    9.265    9.367
            0.467167  0.345544  0.000000
  -15.994  -15.102   -8.757   -4.285   -0.420    5.842    9.264    9.366
            0.467333  0.345255  0.000000
  -15.995  -15.103   -8.754   -4.286   -0.420    5.838    9.264    9.365
            0.467500  0.344967  0.000000
  -15.995  -15.104   -8.750   -4.287   -0.419    5.834    9.263    9.364
            0.467667  0.344678  0.000000
  -15.996  -15.104   -8.747   -4.288   -0.419    5.829    9.262    9.363
            0.467833  0.344389  0.000000
  -15.997  -15.105   -8.744   -4.289   -0.419    5.825    9.261    9.362
            0.468000  0.344101  0.000000
  -15.997  -15.106   -8.741   -4.290   -0.419    5.821    9.260    9.361
            0.468167  0.343812  0.000000
  -15.998  -15.106   -8.738   -4.291   -0.418    5.816    9.259    9.360
            0.468333  0.343523  0.000000
  -15.999  -15.107   -8.735   -4.292   -0.418    5.812    9.258    9.359
            0.468500  0.343235  0.000000
  -15.999  -15.108   -8.731   -4.293   -0.418    5.808    9.258    9.358
            0.468667  0.342946  0.000000
  -16.000  -15.108   -8.728   -4.293   -0.418    5.804    9.257    9.357
            0.468833  0.342657  0.000000
  -16.000  -15.109   -8.725   -4.294   -0.418    5.800    9.256    9.356
            0.469000  0.342369  0.000000
  -16.001  -15.110   -8.722   -4.295   -0.417    5.795    9.255    9.356
            0.469167  0.342080  0.000000
  -16.002  -15.110   -8.719   -4.296   -0.417    5.791    9.254    9.355
            0.469333  0.341791  0.000000
  -16.002  -15.111   -8.716   -4.297   -0.417    5.787    9.254    9.354
            0.469500  0.341503  0.000000
  -16.003  -15.111   -8.713   -4.298   -0.417    5.783    9.253    9.353
            0.469667  0.341214  0.000000
  -16.003  -15.112   -8.710   -4.299   -0.417    5.779    9.252    9.352
            0.469833  0.340925  0.000000
  -16.004  -15.113   -8.707   -4.300   -0.416    5.775    9.251    9.351
            0.470000  0.340637  0.000000
  -16.005  -15.113   -8.704   -4.300   -0.416    5.771    9.250    9.350
            0.470167  0.340348  0.000000
  -16.005  -15.114   -8.701   -4.301   -0.416    5.767    9.250    9.350
            0.470333  0.340059  0.000000
  -16.006  -15.115   -8.698   -4.302   -0.416    5.763    9.249    9.349
            0.470500  0.339771  0.000000
  -16.006  -15.115   -8.695   -4.303   -0.416    5.759    9.248    9.348
            0.470667  0.339482  0.000000
  -16.007  -15.116   -8.692   -4.304   -0.415    5.755    9.247    9.347
            0.470833  0.339193  0.000000
  -16.008  -15.116   -8.689   -4.305   -0.415    5.751    9.246    9.346
            0.471000  0.338905  0.000000
  -16.008  -15.117   -8.687   -4.306   -0.415    5.747    9.246    9.345
            0.471167  0.338616  0.000000
  -16.009  -15.118   -8.684   -4.306   -0.415    5.743    9.245    9.344
            0.471333  0.338327  0.000000
  -16.009  -15.118   -8.681   -4.307   -0.415    5.739    9.244    9.344
            0.471500  0.338039  0.000000
  -16.010  -15.119   -8.678   -4.308   -0.414    5.735    9.243    9.343
            0.471667  0.337750  0.000000
  -16.010  -15.119   -8.675   -4.309   -0.414    5.732    9.243    9.342
            0.471833  0.337461  0.000000
  -16.011  -15.120   -8.672   -4.310   -0.414    5.728    9.242    9.341
            0.472000  0.337173  0.000000
  -16.012  -15.120   -8.670   -4.310   -0.414    5.724    9.241    9.340
            0.472167  0.336884  0.000000
  -16.012  -15.121   -8.667   -4.311   -0.414    5.720    9.240    9.340
            0.472333  0.336595  0.000000
  -16.013  -15.122   -8.664   -4.312   -0.414    5.716    9.240    9.339
            0.472500  0.336307  0.000000
  -16.013  -15.122   -8.661   -4.313   -0.413    5.713    9.239    9.338
            0.472667  0.336018  0.000000
  -16.014  -15.123   -8.658   -4.314   -0.413    5.709    9.238    9.337
            0.472833  0.335729  0.000000
  -16.014  -15.123   -8.656   -4.314   -0.413    5.705    9.237    9.336
            0.473000  0.335441  0.000000
  -16.015  -15.124   -8.653   -4.315   -0.413    5.702    9.237    9.336
            0.473167  0.335152  0.000000
  -16.015  -15.124   -8.650   -4.316   -0.413    5.698    9.236    9.335
            0.473333  0.334863  0.000000
  -16.016  -15.125   -8.648   -4.317   -0.412    5.694    9.235    9.334
            0.473500  0.334574  0.000000
  -16.016  -15.125   -8.645   -4.317   -0.412    5.691    9.235    9.333
            0.473667  0.334286  0.000000
  -16.017  -15.126   -8.642   -4.318   -0.412    5.687    9.234    9.333
            0.473833  0.333997  0.000000
  -16.017  -15.126   -8.640   -4.319   -0.412    5.684    9.233    9.332
            0.474000  0.333708  0.000000
  -16.018  -15.127   -8.637   -4.320   -0.412    5.680    9.232    9.331
            0.474167  0.333420  0.000000
  -16.019  -15.128   -8.634   -4.320   -0.412    5.676    9.232    9.330
            0.474333  0.333131  0.000000
  -16.019  -15.128   -8.632   -4.321   -0.411    5.673    9.231    9.330
            0.474500  0.332842  0.000000
  -16.020  -15.129   -8.629   -4.322   -0.411    5.669    9.230    9.329
            0.474667  0.332554  0.000000
  -16.020  -15.129   -8.627   -4.323   -0.411    5.666    9.230    9.328
            0.474833  0.332265  0.000000
  -16.021  -15.130   -8.624   -4.323   -0.411    5.663    9.229    9.328
            0.475000  0.331976  0.000000
  -16.021  -15.130   -8.622   -4.324   -0.411    5.659    9.228    9.327
            0.475167  0.331688  0.000000
  -16.022  -15.131   -8.619   -4.325   -0.411    5.656    9.228    9.326
            0.475333  0.331399  0.000000
  -16.022  -15.131   -8.617   -4.326   -0.410    5.652    9.227    9.325
            0.475500  0.331110  0.000000
  -16.022  -15.132   -8.614   -4.326   -0.410    5.649    9.226    9.325
            0.475667  0.330822  0.000000
  -16.023  -15.132   -8.612   -4.327   -0.410    5.646    9.226    9.324
            0.475833  0.330533  0.000000
  -16.023  -15.133   -8.609   -4.328   -0.410    5.642    9.225    9.323
            0.476000  0.330244  0.000000
  -16.024  -15.133   -8.607   -4.328   -0.410    5.639    9.225    9.323
            0.476167  0.329956  0.000000
  -16.024  -15.134   -8.604   -4.329   -0.410    5.636    9.224    9.322
            0.476333  0.329667  0.000000
  -16.025  -15.134   -8.602   -4.330   -0.410    5.633    9.223    9.321
            0.476500  0.329378  0.000000
  -16.025  -15.135   -8.600   -4.330   -0.409    5.629    9.223    9.321
            0.476667  0.329090  0.000000
  -16.026  -15.135   -8.597   -4.331   -0.409    5.626    9.222    9.320
            0.476833  0.328801  0.000000
  -16.026  -15.136   -8.595   -4.332   -0.409    5.623    9.221    9.319
            0.477000  0.328512  0.000000
  -16.027  -15.136   -8.593   -4.332   -0.409    5.620    9.221    9.319
            0.477167  0.328224  0.000000
  -16.027  -15.136   -8.590   -4.333   -0.409    5.617    9.220    9.318
            0.477333  0.327935  0.000000
  -16.028  -15.137   -8.588   -4.334   -0.409    5.614    9.220    9.317
            0.477500  0.327646  0.000000
  -16.028  -15.137   -8.586   -4.334   -0.409    5.610    9.219    9.317
            0.477667  0.327358  0.000000
  -16.029  -15.138   -8.583   -4.335   -0.408    5.607    9.218    9.316
            0.477833  0.327069  0.000000
  -16.029  -15.138   -8.581   -4.336   -0.408    5.604    9.218    9.315
            0.478000  0.326780  0.000000
  -16.029  -15.139   -8.579   -4.336   -0.408    5.601    9.217    9.315
            0.478167  0.326492  0.000000
  -16.030  -15.139   -8.577   -4.337   -0.408    5.598    9.217    9.314
            0.478333  0.326203  0.000000
  -16.030  -15.140   -8.574   -4.338   -0.408    5.595    9.216    9.313
            0.478500  0.325914  0.000000
  -16.031  -15.140   -8.572   -4.338   -0.408    5.592    9.215    9.313
            0.478667  0.325626  0.000000
  -16.031  -15.141   -8.570   -4.339   -0.408    5.589    9.215    9.312
            0.478833  0.325337  0.000000
  -16.032  -15.141   -8.568   -4.339   -0.407    5.586    9.214    9.312
            0.479000  0.325048  0.000000
  -16.032  -15.141   -8.566   -4.340   -0.407    5.583    9.214    9.311
            0.479167  0.324760  0.000000
  -16.032  -15.142   -8.564   -4.341   -0.407    5.581    9.213    9.310
            0.479333  0.324471  0.000000
  -16.033  -15.142   -8.561   -4.341   -0.407    5.578    9.213    9.310
            0.479500  0.324182  0.000000
  -16.033  -15.143   -8.559   -4.342   -0.407    5.575    9.212    9.309
            0.479667  0.323894  0.000000
  -16.034  -15.143   -8.557   -4.342   -0.407    5.572    9.212    9.309
            0.479833  0.323605  0.000000
  -16.034  -15.143   -8.555   -4.343   -0.407    5.569    9.211    9.308
            0.480000  0.323316  0.000000
  -16.034  -15.144   -8.553   -4.343   -0.407    5.567    9.210    9.308
            0.480167  0.323027  0.000000
  -16.035  -15.144   -8.551   -4.344   -0.406    5.564    9.210    9.307
            0.480333  0.322739  0.000000
  -16.035  -15.145   -8.549   -4.345   -0.406    5.561    9.209    9.306
            0.480500  0.322450  0.000000
  -16.036  -15.145   -8.547   -4.345   -0.406    5.558    9.209    9.306
            0.480667  0.322161  0.000000
  -16.036  -15.146   -8.545   -4.346   -0.406    5.556    9.208    9.305
            0.480833  0.321873  0.000000
  -16.036  -15.146   -8.543   -4.346   -0.406    5.553    9.208    9.305
            0.481000  0.321584  0.000000
  -16.037  -15.146   -8.541   -4.347   -0.406    5.550    9.207    9.304
            0.481167  0.321295  0.000000
  -16.037  -15.147   -8.539   -4.347   -0.406    5.548    9.207    9.304
            0.481333  0.321007  0.000000
  -16.037  -15.147   -8.537   -4.348   -0.406    5.545    9.206    9.303
            0.481500  0.320718  0.000000
  -16.038  -15.147   -8.535   -4.348   -0.406    5.543    9.206    9.303
            0.481667  0.320429  0.000000
  -16.038  -15.148   -8.533   -4.349   -0.405    5.540    9.205    9.302
            0.481833  0.320141  0.000000
  -16.039  -15.148   -8.532   -4.349   -0.405    5.538    9.205    9.301
            0.482000  0.319852  0.000000
  -16.039  -15.149   -8.530   -4.350   -0.405    5.535    9.204    9.301
            0.482167  0.319563  0.000000
  -16.039  -15.149   -8.528   -4.351   -0.405    5.533    9.204    9.300
            0.482333  0.319275  0.000000
  -16.040  -15.149   -8.526   -4.351   -0.405    5.530    9.203    9.300
            0.482500  0.318986  0.000000
  -16.040  -15.150   -8.524   -4.352   -0.405    5.528    9.203    9.299
            0.482667  0.318697  0.000000
  -16.040  -15.150   -8.522   -4.352   -0.405    5.525    9.203    9.299
            0.482833  0.318409  0.000000
  -16.041  -15.150   -8.521   -4.353   -0.405    5.523    9.202    9.298
            0.483000  0.318120  0.000000
  -16.041  -15.151   -8.519   -4.353   -0.405    5.520    9.202    9.298
            0.483167  0.317831  0.000000
  -16.041  -15.151   -8.517   -4.354   -0.404    5.518    9.201    9.297
            0.483333  0.317543  0.000000
  -16.042  -15.151   -8.515   -4.354   -0.404    5.516    9.201    9.297
            0.483500  0.317254  0.000000
  -16.042  -15.152   -8.514   -4.354   -0.404    5.513    9.200    9.297
            0.483667  0.316965  0.000000
  -16.042  -15.152   -8.512   -4.355   -0.404    5.511    9.200    9.296
            0.483833  0.316677  0.000000
  -16.043  -15.152   -8.510   -4.355   -0.404    5.509    9.199    9.296
            0.484000  0.316388  0.000000
  -16.043  -15.153   -8.509   -4.356   -0.404    5.507    9.199    9.295
            0.484167  0.316099  0.000000
  -16.043  -15.153   -8.507   -4.356   -0.404    5.504    9.199    9.295
            0.484333  0.315811  0.000000
  -16.044  -15.153   -8.505   -4.357   -0.404    5.502    9.198    9.294
            0.484500  0.315522  0.000000
  -16.044  -15.154   -8.504   -4.357   -0.404    5.500    9.198    9.294
            0.484667  0.315233  0.000000
  -16.044  -15.154   -8.502   -4.358   -0.404    5.498    9.197    9.293
            0.484833  0.314945  0.000000
  -16.045  -15.154   -8.501   -4.358   -0.404    5.496    9.197    9.293
            0.485000  0.314656  0.000000
  -16.045  -15.155   -8.499   -4.359   -0.403    5.494    9.196    9.292
            0.485167  0.314367  0.000000
  -16.045  -15.155   -8.498   -4.359   -0.403    5.492    9.196    9.292
            0.485333  0.314079  0.000000
  -16.045  -15.155   -8.496   -4.359   -0.403    5.490    9.196    9.292
            0.485500  0.313790  0.000000
  -16.046  -15.156   -8.495   -4.360   -0.403    5.488    9.195    9.291
            0.485667  0.313501  0.000000
  -16.046  -15.156   -8.493   -4.360   -0.403    5.486    9.195    9.291
            0.485833  0.313213  0.000000
  -16.046  -15.156   -8.492   -4.361   -0.403    5.484    9.195    9.290
            0.486000  0.312924  0.000000
  -16.047  -15.156   -8.490   -4.361   -0.403    5.482    9.194    9.290
            0.486167  0.312635  0.000000
  -16.047  -15.157   -8.489   -4.361   -0.403    5.480    9.194    9.290
            0.486333  0.312346  0.000000
  -16.047  -15.157   -8.487   -4.362   -0.403    5.478    9.193    9.289
            0.486500  0.312058  0.000000
  -16.047  -15.157   -8.486   -4.362   -0.403    5.476    9.193    9.289
            0.486667  0.311769  0.000000
  -16.048  -15.158   -8.484   -4.363   -0.403    5.474    9.193    9.288
            0.486833  0.311480  0.000000
  -16.048  -15.158   -8.483   -4.363   -0.403    5.472    9.192    9.288
            0.487000  0.311192  0.000000
  -16.048  -15.158   -8.482   -4.363   -0.402    5.470    9.192    9.288
            0.487167  0.310903  0.000000
  -16.048  -15.158   -8.480   -4.364   -0.402    5.468    9.192    9.287
            0.487333  0.310614  0.000000
  -16.049  -15.159   -8.479   -4.364   -0.402    5.467    9.191    9.287
            0.487500  0.310326  0.000000
  -16.049  -15.159   -8.478   -4.364   -0.402    5.465    9.191    9.287
            0.487667  0.310037  0.000000
  -16.049  -15.159   -8.476   -4.365   -0.402    5.463    9.191    9.286
            0.487833  0.309748  0.000000
  -16.049  -15.159   -8.475   -4.365   -0.402    5.461    9.190    9.286
            0.488000  0.309460  0.000000
  -16.050  -15.160   -8.474   -4.365   -0.402    5.460    9.190    9.286
            0.488167  0.309171  0.000000
  -16.050  -15.160   -8.473   -4.366   -0.402    5.458    9.190    9.285
            0.488333  0.308882  0.000000
  -16.050  -15.160   -8.471   -4.366   -0.402    5.456    9.189    9.285
            0.488500  0.308594  0.000000
  -16.050  -15.160   -8.470   -4.366   -0.402    5.455    9.189    9.285
            0.488667  0.308305  0.000000
  -16.051  -15.161   -8.469   -4.367   -0.402    5.453    9.189    9.284
            0.488833  0.308016  0.000000
  -16.051  -15.161   -8.468   -4.367   -0.402    5.452    9.188    9.284
            0.489000  0.307728  0.000000
  -16.051  -15.161   -8.467   -4.367   -0.402    5.450    9.188    9.284
            0.489167  0.307439  0.000000
  -16.051  -15.161   -8.466   -4.368   -0.402    5.449    9.188    9.283
            0.489333  0.307150  0.000000
  -16.051  -15.161   -8.464   -4.368   -0.402    5.447    9.188    9.283
            0.489500  0.306862  0.000000
  -16.052  -15.162   -8.463   -4.368   -0.401    5.446    9.187    9.283
            0.489667  0.306573  0.000000
  -16.052  -15.162   -8.462   -4.369   -0.401    5.444    9.187    9.282
            0.489833  0.306284  0.000000
  -16.052  -15.162   -8.461   -4.369   -0.401    5.443    9.187    9.282
            0.490000  0.305996  0.000000
  -16.052  -15.162   -8.460   -4.369   -0.401    5.441    9.186    9.282
            0.490167  0.305707  0.000000
  -16.052  -15.163   -8.459   -4.370   -0.401    5.440    9.186    9.281
            0.490333  0.305418  0.000000
  -16.053  -15.163   -8.458   -4.370   -0.401    5.439    9.186    9.281
            0.490500  0.305130  0.000000
  -16.053  -15.163   -8.457   -4.370   -0.401    5.437    9.186    9.281
            0.490667  0.304841  0.000000
  -16.053  -15.163   -8.456   -4.370   -0.401    5.436    9.185    9.281
            0.490833  0.304552  0.000000
  -16.053  -15.163   -8.455   -4.371   -0.401    5.435    9.185    9.280
            0.491000  0.304264  0.000000
  -16.053  -15.163   -8.454   -4.371   -0.401    5.433    9.185    9.280
            0.491167  0.303975  0.000000
  -16.054  -15.164   -8.453   -4.371   -0.401    5.432    9.185    9.280
            0.491333  0.303686  0.000000
  -16.054  -15.164   -8.452   -4.371   -0.401    5.431    9.184    9.280
            0.491500  0.303398  0.000000
  -16.054  -15.164   -8.451   -4.372   -0.401    5.430    9.184    9.279
            0.491667  0.303109  0.000000
  -16.054  -15.164   -8.451   -4.372   -0.401    5.428    9.184    9.279
            0.491833  0.302820  0.000000
  -16.054  -15.164   -8.450   -4.372   -0.401    5.427    9.184    9.279
            0.492000  0.302532  0.000000
  -16.054  -15.165   -8.449   -4.372   -0.401    5.426    9.184    9.279
            0.492167  0.302243  0.000000
  -16.055  -15.165   -8.448   -4.373   -0.401    5.425    9.183    9.278
            0.492333  0.301954  0.000000
  -16.055  -15.165   -8.447   -4.373   -0.401    5.424    9.183    9.278
            0.492500  0.301666  0.000000
  -16.055  -15.165   -8.446   -4.373   -0.401    5.423    9.183    9.278
            0.492667  0.301377  0.000000
  -16.055  -15.165   -8.446   -4.373   -0.400    5.422    9.183    9.278
            0.492833  0.301088  0.000000
  -16.055  -15.165   -8.445   -4.373   -0.400    5.421    9.183    9.278
            0.493000  0.300799  0.000000
  -16.055  -15.165   -8.444   -4.374   -0.400    5.420    9.182    9.277
            0.493167  0.300511  0.000000
  -16.055  -15.166   -8.443   -4.374   -0.400    5.419    9.182    9.277
            0.493333  0.300222  0.000000
  -16.056  -15.166   -8.443   -4.374   -0.400    5.418    9.182    9.277
            0.493500  0.299933  0.000000
  -16.056  -15.166   -8.442   -4.374   -0.400    5.417    9.182    9.277
            0.493667  0.299645  0.000000
  -16.056  -15.166   -8.441   -4.374   -0.400    5.416    9.182    9.277
            0.493833  0.299356  0.000000
  -16.056  -15.166   -8.441   -4.375   -0.400    5.415    9.181    9.276
            0.494000  0.299067  0.000000
  -16.056  -15.166   -8.440   -4.375   -0.400    5.414    9.181    9.276
            0.494167  0.298779  0.000000
  -16.056  -15.166   -8.439   -4.375   -0.400    5.413    9.181    9.276
            0.494333  0.298490  0.000000
  -16.056  -15.166   -8.439   -4.375   -0.400    5.413    9.181    9.276
            0.494500  0.298201  0.000000
  -16.056  -15.167   -8.438   -4.375   -0.400    5.412    9.181    9.276
            0.494667  0.297913  0.000000
  -16.057  -15.167   -8.438   -4.375   -0.400    5.411    9.181    9.276
            0.494833  0.297624  0.000000
  -16.057  -15.167   -8.437   -4.376   -0.400    5.410    9.181    9.275
            0.495000  0.297335  0.000000
  -16.057  -15.167   -8.437   -4.376   -0.400    5.410    9.180    9.275
            0.495167  0.297047  0.000000
  -16.057  -15.167   -8.436   -4.376   -0.400    5.409    9.180    9.275
            0.495333  0.296758  0.000000
  -16.057  -15.167   -8.436   -4.376   -0.400    5.408    9.180    9.275
            0.495500  0.296469  0.000000
  -16.057  -15.167   -8.435   -4.376   -0.400    5.408    9.180    9.275
            0.495667  0.296181  0.000000
  -16.057  -15.167   -8.435   -4.376   -0.400    5.407    9.180    9.275
            0.495833  0.295892  0.000000
  -16.057  -15.167   -8.434   -4.376   -0.400    5.406    9.180    9.275
            0.496000  0.295603  0.000000
  -16.057  -15.167   -8.434   -4.376   -0.400    5.406    9.180    9.275
            0.496167  0.295315  0.000000
  -16.057  -15.168   -8.433   -4.377   -0.400    5.405    9.180    9.274
            0.496333  0.295026  0.000000
  -16.057  -15.168   -8.433   -4.377   -0.400    5.405    9.180    9.274
            0.496500  0.294737  0.000000
  -16.057  -15.168   -8.433   -4.377   -0.400    5.404    9.179    9.274
            0.496667  0.294449  0.000000
  -16.058  -15.168   -8.432   -4.377   -0.400    5.404    9.179    9.274
            0.496833  0.294160  0.000000
  -16.058  -15.168   -8.432   -4.377   -0.400    5.403    9.179    9.274
            0.497000  0.293871  0.000000
  -16.058  -15.168   -8.431   -4.377   -0.400    5.403    9.179    9.274
            0.497167  0.293583  0.000000
  -16.058  -15.168   -8.431   -4.377   -0.400    5.402    9.179    9.274
            0.497333  0.293294  0.000000
  -16.058  -15.168   -8.431   -4.377   -0.400    5.402    9.179    9.274
            0.497500  0.293005  0.000000
  -16.058  -15.168   -8.431   -4.377   -0.400    5.402    9.179    9.274
            0.497667  0.292717  0.000000
  -16.058  -15.168   -8.430   -4.377   -0.400    5.401    9.179    9.274
            0.497833  0.292428  0.000000
  -16.058  -15.168   -8.430   -4.377   -0.400    5.401    9.179    9.274
            0.498000  0.292139  0.000000
  -16.058  -15.168   -8.430   -4.378   -0.400    5.401    9.179    9.273
            0.498167  0.291851  0.000000
  -16.058  -15.168   -8.430   -4.378   -0.400    5.401    9.179    9.273
            0.498333  0.291562  0.000000
  -16.058  -15.168   -8.430   -4.378   -0.400    5.400    9.179    9.273
            0.498500  0.291273  0.000000
  -16.058  -15.168   -8.429   -4.378   -0.400    5.400    9.179    9.273
            0.498667  0.290985  0.000000
  -16.058  -15.168   -8.429   -4.378   -0.400    5.400    9.179    9.273
            0.498833  0.290696  0.000000
  -16.058  -15.168   -8.429   -4.378   -0.400    5.400    9.179    9.273
            0.499000  0.290407  0.000000
  -16.058  -15.168   -8.429   -4.378   -0.400    5.400    9.179    9.273
            0.499167  0.290119  0.000000
  -16.058  -15.168   -8.429   -4.378   -0.400    5.399    9.179    9.273
            0.499333  0.289830  0.000000
  -16.058  -15.168   -8.429   -4.378   -0.400    5.399    9.178    9.273
            0.499500  0.289541  0.000000
  -16.058  -15.168   -8.429   -4.378   -0.400    5.399    9.178    9.273
            0.499667  0.289252  0.000000
  -16.058  -15.168   -8.429   -4.378   -0.400    5.399    9.178    9.273
            0.499833  0.288964  0.000000
  -16.058  -15.168   -8.429   -4.378   -0.400    5.399    9.178    9.273
            0.500000  0.288675  0.000000
  -16.058  -15.168   -8.429   -4.378   -0.400    5.399    9.178    9.273
            0.499500  0.288386  0.000000
  -16.058  -15.168   -8.429   -4.378   -0.400    5.399    9.176    9.275
            0.499000  0.288098  0.000000
  -16.059  -15.168   -8.429   -4.378   -0.399    5.399    9.170    9.282
            0.498500  0.287809  0.000000
  -16.059  -15.167   -8.429   -4.378   -0.399    5.399    9.160    9.291
            0.498000  0.287520  0.000000
  -16.060  -15.166   -8.429   -4.379   -0.399    5.399    9.149    9.303
            0.497500  0.287232  0.000000
  -16.061  -15.165   -8.428   -4.379   -0.398    5.399    9.137    9.315
            0.497000  0.286943  0.000000
  -16.063  -15.164   -8.428   -4.379   -0.398    5.399    9.124    9.328
            0.496500  0.286654  0.000000
  -16.065  -15.162   -8.428   -4.380   -0.397    5.399    9.110    9.342
            0.496000  0.286366  0.000000
  -16.066  -15.160   -8.428   -4.380   -0.396    5.399    9.097    9.356
            0.495500  0.286077  0.000000
  -16.069  -15.157   -8.428   -4.381   -0.396    5.399    9.083    9.370
            0.495000  0.285788  0.000000
  -16.071  -15.155   -8.428   -4.382   -0.395    5.399    9.068    9.384
            0.494500  0.285500  0.000000
  -16.074  -15.152   -8.428   -4.383   -0.394    5.399    9.054    9.399
            0.494000  0.285211  0.000000
  -16.076  -15.149   -8.428   -4.384   -0.393    5.399    9.040    9.413
            0.493500  0.284922  0.000000
  -16.080  -15.146   -8.428   -4.385   -0.391    5.400    9.025    9.428
            0.493000  0.284634  0.000000
  -16.083  -15.142   -8.427   -4.386   -0.390    5.400    9.011    9.443
            0.492500  0.284345  0.000000
  -16.086  -15.138   -8.427   -4.387   -0.389    5.400    8.996    9.458
            0.492000  0.284056  0.000000
  -16.090  -15.134   -8.427   -4.388   -0.387    5.400    8.981    9.473
            0.491500  0.283768  0.000000
  -16.094  -15.130   -8.427   -4.389   -0.385    5.400    8.967    9.488
            0.491000  0.283479  0.000000
  -16.098  -15.126   -8.427   -4.391   -0.384    5.400    8.952    9.503
            0.490500  0.283190  0.000000
  -16.103  -15.121   -8.427   -4.392   -0.382    5.400    8.937    9.518
            0.490000  0.282902  0.000000
  -16.107  -15.116   -8.426   -4.394   -0.380    5.400    8.923    9.533
            0.489500  0.282613  0.000000
  -16.112  -15.111   -8.426   -4.395   -0.378    5.400    8.908    9.548
            0.489000  0.282324  0.000000
  -16.117  -15.106   -8.426   -4.397   -0.376    5.400    8.893    9.563
            0.488500  0.282036  0.000000
  -16.122  -15.100   -8.426   -4.399   -0.374    5.401    8.879    9.578
            0.488000  0.281747  0.000000
  -16.127  -15.095   -8.425   -4.401   -0.372    5.401    8.864    9.593
            0.487500  0.281458  0.000000
  -16.133  -15.089   -8.425   -4.403   -0.369    5.401    8.849    9.609
            0.487000  0.281170  0.000000
  -16.138  -15.083   -8.425   -4.405   -0.367    5.401    8.835    9.624
            0.486500  0.280881  0.000000
  -16.144  -15.077   -8.424   -4.407   -0.364    5.401    8.820    9.639
            0.486000  0.280592  0.000000
  -16.150  -15.070   -8.424   -4.409   -0.361    5.401    8.805    9.655
            0.485500  0.280304  0.000000
  -16.156  -15.064   -8.424   -4.411   -0.359    5.401    8.790    9.669
            0.485000  0.280015  0.000000
  -16.162  -15.057   -8.423   -4.413   -0.356    5.402    8.776    9.685
            0.484500  0.279726  0.000000
  -16.168  -15.050   -8.423   -4.416   -0.353    5.402    8.761    9.700
            0.484000  0.279438  0.000000
  -16.174  -15.043   -8.423   -4.418   -0.350    5.402    8.746    9.716
            0.483500  0.279149  0.000000
  -16.181  -15.036   -8.422   -4.421   -0.347    5.402    8.732    9.734
            0.483000  0.278860  0.000000
  -16.188  -15.029   -8.422   -4.423   -0.344    5.402    8.717    9.751
            0.482500  0.278572  0.000000
  -16.194  -15.022   -8.421   -4.426   -0.340    5.402    8.703    9.743
            0.482000  0.278283  0.000000
  -16.201  -15.014   -8.421   -4.429   -0.337    5.403    8.688    9.733
            0.481500  0.277994  0.000000
  -16.208  -15.007   -8.421   -4.431   -0.333    5.403    8.673    9.716
            0.481000  0.277705  0.000000
  -16.215  -14.999   -8.420   -4.434   -0.330    5.403    8.659    9.702
            0.480500  0.277417  0.000000
  -16.222  -14.991   -8.420   -4.437   -0.326    5.403    8.644    9.688
            0.480000  0.277128  0.000000
  -16.230  -14.983   -8.419   -4.440   -0.322    5.404    8.629    9.675
            0.479500  0.276839  0.000000
  -16.237  -14.975   -8.419   -4.443   -0.319    5.404    8.615    9.661
            0.479000  0.276551  0.000000
  -16.244  -14.967   -8.418   -4.447   -0.315    5.404    8.600    9.647
            0.478500  0.276262  0.000000
  -16.252  -14.959   -8.418   -4.450   -0.311    5.404    8.586    9.634
            0.478000  0.275973  0.000000
  -16.260  -14.950   -8.417   -4.453   -0.307    5.404    8.571    9.620
            0.477500  0.275685  0.000000
  -16.267  -14.942   -8.417   -4.456   -0.302    5.405    8.557    9.606
            0.477000  0.275396  0.000000
  -16.275  -14.933   -8.416   -4.460   -0.298    5.405    8.542    9.592
            0.476500  0.275107  0.000000
  -16.283  -14.925   -8.416   -4.463   -0.294    5.405    8.528    9.578
            0.476000  0.274819  0.000000
  -16.291  -14.916   -8.415   -4.467   -0.289    5.405    8.513    9.565
            0.475500  0.274530  0.000000
  -16.299  -14.907   -8.415   -4.471   -0.285    5.406    8.499    9.551
            0.475000  0.274241  0.000000
  -16.306  -14.899   -8.414   -4.474   -0.280    5.406    8.484    9.537
            0.474500  0.273953  0.000000
  -16.315  -14.890   -8.413   -4.478   -0.276    5.406    8.470    9.523
            0.474000  0.273664  0.000000
  -16.323  -14.881   -8.413   -4.482   -0.271    5.407    8.455    9.509
            0.473500  0.273375  0.000000
  -16.331  -14.872   -8.412   -4.486   -0.266    5.407    8.441    9.495
            0.473000  0.273087  0.000000
  -16.339  -14.862   -8.412   -4.490   -0.261    5.407    8.426    9.482
            0.472500  0.272798  0.000000
  -16.347  -14.853   -8.411   -4.494   -0.256    5.407    8.412    9.468
            0.472000  0.272509  0.000000
  -16.356  -14.844   -8.410   -4.498   -0.251    5.408    8.397    9.454
            0.471500  0.272221  0.000000
  -16.364  -14.835   -8.410   -4.502   -0.246    5.408    8.383    9.440
            0.471000  0.271932  0.000000
  -16.372  -14.825   -8.409   -4.506   -0.240    5.408    8.369    9.426
            0.470500  0.271643  0.000000
  -16.381  -14.816   -8.408   -4.511   -0.235    5.409    8.354    9.412
            0.470000  0.271355  0.000000
  -16.389  -14.806   -8.408   -4.515   -0.229    5.409    8.340    9.398
            0.469500  0.271066  0.000000
  -16.398  -14.797   -8.407   -4.519   -0.224    5.409    8.325    9.384
            0.469000  0.270777  0.000000
  -16.406  -14.787   -8.406   -4.524   -0.218    5.410    8.311    9.371
            0.468500  0.270489  0.000000
  -16.415  -14.777   -8.405   -4.528   -0.213    5.410    8.297    9.357
            0.468000  0.270200  0.000000
  -16.424  -14.768   -8.405   -4.533   -0.207    5.410    8.282    9.343
            0.467500  0.269911  0.000000
  -16.432  -14.758   -8.404   -4.538   -0.201    5.411    8.268    9.329
            0.467000  0.269623  0.000000
  -16.441  -14.748   -8.403   -4.542   -0.195    5.411    8.254    9.315
            0.466500  0.269334  0.000000
  -16.450  -14.738   -8.402   -4.547   -0.189    5.411    8.239    9.301
            0.466000  0.269045  0.000000
  -16.458  -14.728   -8.402   -4.552   -0.183    5.412    8.225    9.287
            0.465500  0.268757  0.000000
  -16.467  -14.718   -8.401   -4.557   -0.177    5.412    8.211    9.273
            0.465000  0.268468  0.000000
  -16.476  -14.708   -8.400   -4.562   -0.171    5.413    8.197    9.259
            0.464500  0.268179  0.000000
  -16.485  -14.698   -8.399   -4.567   -0.165    5.413    8.182    9.246
            0.464000  0.267891  0.000000
  -16.494  -14.688   -8.398   -4.572   -0.158    5.413    8.168    9.232
            0.463500  0.267602  0.000000
  -16.502  -14.678   -8.397   -4.577   -0.152    5.414    8.154    9.218
            0.463000  0.267313  0.000000
  -16.511  -14.668   -8.397   -4.582   -0.145    5.414    8.140    9.204
            0.462500  0.267024  0.000000
  -16.520  -14.658   -8.396   -4.587   -0.139    5.415    8.126    9.190
            0.462000  0.266736  0.000000
  -16.529  -14.648   -8.395   -4.593   -0.132    5.415    8.111    9.176
            0.461500  0.266447  0.000000
  -16.538  -14.637   -8.394   -4.598   -0.125    5.415    8.097    9.162
            0.461000  0.266158  0.000000
  -16.547  -14.627   -8.393   -4.603   -0.119    5.416    8.083    9.148
            0.460500  0.265870  0.000000
  -16.556  -14.617   -8.392   -4.609   -0.112    5.416    8.069    9.135
            0.460000  0.265581  0.000000
  -16.565  -14.606   -8.391   -4.614   -0.105    5.417    8.055    9.121
            0.459500  0.265292  0.000000
  -16.574  -14.596   -8.390   -4.620   -0.098    5.417    8.041    9.107
            0.459000  0.265004  0.000000
  -16.583  -14.585   -8.389   -4.625   -0.091    5.418    8.027    9.093
            0.458500  0.264715  0.000000
  -16.592  -14.575   -8.388   -4.631   -0.084    5.418    8.012    9.079
            0.458000  0.264426  0.000000
  -16.601  -14.564   -8.387   -4.637   -0.076    5.419    7.998    9.065
            0.457500  0.264138  0.000000
  -16.610  -14.554   -8.386   -4.642   -0.069    5.419    7.984    9.052
            0.457000  0.263849  0.000000
  -16.619  -14.543   -8.385   -4.648   -0.062    5.419    7.970    9.038
            0.456500  0.263560  0.000000
  -16.628  -14.533   -8.384   -4.654   -0.054    5.420    7.956    9.024
            0.456000  0.263272  0.000000
  -16.637  -14.522   -8.383   -4.660   -0.047    5.420    7.942    9.010
            0.455500  0.262983  0.000000
  -16.647  -14.512   -8.382   -4.666   -0.039    5.421    7.928    8.997
            0.455000  0.262694  0.000000
  -16.656  -14.501   -8.381   -4.672   -0.032    5.421    7.914    8.983
            0.454500  0.262406  0.000000
  -16.665  -14.490   -8.380   -4.678   -0.024    5.422    7.900    8.969
            0.454000  0.262117  0.000000
  -16.674  -14.479   -8.379   -4.684   -0.017    5.422    7.886    8.955
            0.453500  0.261828  0.000000
  -16.683  -14.469   -8.378   -4.690   -0.009    5.423    7.872    8.941
            0.453000  0.261540  0.000000
  -16.692  -14.458   -8.377   -4.696   -0.001    5.423    7.858    8.928
            0.452500  0.261251  0.000000
  -16.701  -14.447   -8.376   -4.702    0.007    5.424    7.844    8.914
            0.452000  0.260962  0.000000
  -16.711  -14.436   -8.375   -4.708    0.015    5.424    7.830    8.900
            0.451500  0.260674  0.000000
  -16.720  -14.425   -8.374   -4.715    0.023    5.425    7.816    8.887
            0.451000  0.260385  0.000000
  -16.729  -14.415   -8.372   -4.721    0.031    5.425    7.803    8.873
            0.450500  0.260096  0.000000
  -16.738  -14.404   -8.371   -4.727    0.039    5.426    7.789    8.859
            0.450000  0.259808  0.000000
  -16.747  -14.393   -8.370   -4.734    0.047    5.427    7.775    8.845
            0.449500  0.259519  0.000000
  -16.757  -14.382   -8.369   -4.740    0.056    5.427    7.761    8.832
            0.449000  0.259230  0.000000
  -16.766  -14.371   -8.368   -4.747    0.064    5.428    7.747    8.818
            0.448500  0.258942  0.000000
  -16.775  -14.360   -8.367   -4.753    0.072    5.428    7.733    8.804
            0.448000  0.258653  0.000000
  -16.784  -14.349   -8.365   -4.760    0.081    5.429    7.719    8.791
            0.447500  0.258364  0.000000
  -16.793  -14.338   -8.364   -4.766    0.089    5.429    7.706    8.777
            0.447000  0.258076  0.000000
  -16.803  -14.327   -8.363   -4.773    0.098    5.430    7.692    8.763
            0.446500  0.257787  0.000000
  -16.812  -14.316   -8.362   -4.780    0.106    5.430    7.678    8.750
            0.446000  0.257498  0.000000
  -16.821  -14.305   -8.360   -4.786    0.115    5.431    7.664    8.736
            0.445500  0.257210  0.000000
  -16.830  -14.294   -8.359   -4.793    0.124    5.432    7.651    8.723
            0.445000  0.256921  0.000000
  -16.840  -14.283   -8.358   -4.800    0.132    5.432    7.637    8.709
            0.444500  0.256632  0.000000
  -16.849  -14.271   -8.357   -4.807    0.141    5.433    7.623    8.695
            0.444000  0.256344  0.000000
  -16.858  -14.260   -8.355   -4.814    0.150    5.433    7.609    8.682
            0.443500  0.256055  0.000000
  -16.867  -14.249   -8.354   -4.820    0.159    5.434    7.596    8.668
            0.443000  0.255766  0.000000
  -16.877  -14.238   -8.353   -4.827    0.168    5.435    7.582    8.655
            0.442500  0.255477  0.000000
  -16.886  -14.227   -8.351   -4.834    0.177    5.435    7.568    8.641
            0.442000  0.255189  0.000000
  -16.895  -14.215   -8.350   -4.841    0.186    5.436    7.555    8.628
            0.441500  0.254900  0.000000
  -16.904  -14.204   -8.349   -4.848    0.195    5.436    7.541    8.614
            0.441000  0.254611  0.000000
  -16.913  -14.193   -8.347   -4.855    0.204    5.437    7.527    8.600
            0.440500  0.254323  0.000000
  -16.923  -14.182   -8.346   -4.862    0.214    5.438    7.514    8.587
            0.440000  0.254034  0.000000
  -16.932  -14.170   -8.345   -4.870    0.223    5.438    7.500    8.573
            0.439500  0.253745  0.000000
  -16.941  -14.159   -8.343   -4.877    0.232    5.439    7.487    8.560
            0.439000  0.253457  0.000000
  -16.950  -14.148   -8.342   -4.884    0.242    5.440    7.473    8.546
            0.438500  0.253168  0.000000
  -16.960  -14.136   -8.340   -4.891    0.251    5.440    7.460    8.533
            0.438000  0.252879  0.000000
  -16.969  -14.125   -8.339   -4.898    0.260    5.441    7.446    8.520
            0.437500  0.252591  0.000000
  -16.978  -14.114   -8.337   -4.906    0.270    5.442    7.433    8.506
            0.437000  0.252302  0.000000
  -16.987  -14.102   -8.336   -4.913    0.280    5.442    7.419    8.493
            0.436500  0.252013  0.000000
  -16.997  -14.091   -8.334   -4.920    0.289    5.443    7.406    8.479
            0.436000  0.251725  0.000000
  -17.006  -14.079   -8.333   -4.928    0.299    5.444    7.392    8.466
            0.435500  0.251436  0.000000
  -17.015  -14.068   -8.331   -4.935    0.308    5.444    7.379    8.452
            0.435000  0.251147  0.000000
  -17.024  -14.057   -8.330   -4.942    0.318    5.445    7.365    8.439
            0.434500  0.250859  0.000000
  -17.033  -14.045   -8.328   -4.950    0.328    5.446    7.352    8.426
            0.434000  0.250570  0.000000
  -17.043  -14.034   -8.327   -4.957    0.338    5.446    7.338    8.412
            0.433500  0.250281  0.000000
  -17.052  -14.022   -8.325   -4.965    0.348    5.447    7.325    8.399
            0.433000  0.249993  0.000000
  -17.061  -14.011   -8.324   -4.972    0.358    5.448    7.311    8.386
            0.432500  0.249704  0.000000
  -17.070  -13.999   -8.322   -4.980    0.368    5.448    7.298    8.372
            0.432000  0.249415  0.000000
  -17.080  -13.988   -8.321   -4.987    0.378    5.449    7.285    8.359
            0.431500  0.249127  0.000000
  -17.089  -13.976   -8.319   -4.995    0.388    5.450    7.271    8.346
            0.431000  0.248838  0.000000
  -17.098  -13.965   -8.318   -5.003    0.398    5.451    7.258    8.332
            0.430500  0.248549  0.000000
  -17.107  -13.953   -8.316   -5.010    0.408    5.451    7.245    8.319
            0.430000  0.248261  0.000000
  -17.116  -13.941   -8.314   -5.018    0.418    5.452    7.231    8.306
            0.429500  0.247972  0.000000
  -17.125  -13.930   -8.313   -5.026    0.428    5.453    7.218    8.292
            0.429000  0.247683  0.000000
  -17.135  -13.918   -8.311   -5.033    0.438    5.453    7.205    8.279
            0.428500  0.247395  0.000000
  -17.144  -13.907   -8.309   -5.041    0.449    5.454    7.192    8.266
            0.428000  0.247106  0.000000
  -17.153  -13.895   -8.308   -5.049    0.459    5.455    7.178    8.253
            0.427500  0.246817  0.000000
  -17.162  -13.883   -8.306   -5.056    0.469    5.456    7.165    8.239
            0.427000  0.246529  0.000000
  -17.171  -13.872   -8.304   -5.064    0.480    5.456    7.152    8.226
            0.426500  0.246240  0.000000
  -17.180  -13.860   -8.303   -5.072    0.490    5.457    7.139    8.213
            0.426000  0.245951  0.000000
  -17.190  -13.848   -8.301   -5.080    0.501    5.458    7.126    8.200
            0.425500  0.245663  0.000000
  -17.199  -13.837   -8.299   -5.088    0.511    5.459    7.112    8.187
            0.425000  0.245374  0.000000
  -17.208  -13.825   -8.297   -5.096    0.522    5.459    7.099    8.174
            0.424500  0.245085  0.000000
  -17.217  -13.813   -8.296   -5.104    0.532    5.460    7.086    8.160
            0.424000  0.244797  0.000000
  -17.226  -13.801   -8.294   -5.112    0.543    5.461    7.073    8.147
            0.423500  0.244508  0.000000
  -17.235  -13.790   -8.292   -5.119    0.554    5.462    7.060    8.134
            0.423000  0.244219  0.000000
  -17.244  -13.778   -8.290   -5.127    0.564    5.463    7.047    8.121
            0.422500  0.243930  0.000000
  -17.254  -13.766   -8.289   -5.135    0.575    5.463    7.034    8.108
            0.422000  0.243642  0.000000
  -17.263  -13.754   -8.287   -5.143    0.586    5.464    7.021    8.095
            0.421500  0.243353  0.000000
  -17.272  -13.743   -8.285   -5.151    0.597    5.465    7.008    8.082
            0.421000  0.243064  0.000000
  -17.281  -13.731   -8.283   -5.159    0.608    5.466    6.994    8.069
            0.420500  0.242776  0.000000
  -17.290  -13.719   -8.281   -5.168    0.618    5.467    6.981    8.056
            0.420000  0.242487  0.000000
  -17.299  -13.707   -8.280   -5.176    0.629    5.467    6.968    8.043
            0.419500  0.242198  0.000000
  -17.308  -13.695   -8.278   -5.184    0.640    5.468    6.955    8.030
            0.419000  0.241910  0.000000
  -17.317  -13.684   -8.276   -5.192    0.651    5.469    6.943    8.017
            0.418500  0.241621  0.000000
  -17.326  -13.672   -8.274   -5.200    0.662    5.470    6.930    8.004
            0.418000  0.241332  0.000000
  -17.335  -13.660   -8.272   -5.208    0.673    5.471    6.917    7.991
            0.417500  0.241044  0.000000
  -17.344  -13.648   -8.270   -5.216    0.684    5.471    6.904    7.978
            0.417000  0.240755  0.000000
  -17.354  -13.636   -8.268   -5.224    0.695    5.472    6.891    7.965
            0.416500  0.240466  0.000000
  -17.363  -13.624   -8.266   -5.233    0.707    5.473    6.878    7.952
            0.416000  0.240178  0.000000
  -17.372  -13.612   -8.264   -5.241    0.718    5.474    6.865    7.939
            0.415500  0.239889  0.000000
  -17.381  -13.600   -8.262   -5.249    0.729    5.475    6.852    7.926
            0.415000  0.239600  0.000000
  -17.390  -13.588   -8.260   -5.257    0.740    5.476    6.839    7.913
            0.414500  0.239312  0.000000
  -17.399  -13.577   -8.258   -5.265    0.751    5.476    6.827    7.900
            0.414000  0.239023  0.000000
  -17.408  -13.565   -8.256   -5.274    0.763    5.477    6.814    7.887
            0.413500  0.238734  0.000000
  -17.417  -13.553   -8.254   -5.282    0.774    5.478    6.801    7.874
            0.413000  0.238446  0.000000
  -17.426  -13.541   -8.252   -5.290    0.785    5.479    6.788    7.861
            0.412500  0.238157  0.000000
  -17.435  -13.529   -8.250   -5.298    0.797    5.480    6.775    7.849
            0.412000  0.237868  0.000000
  -17.444  -13.517   -8.248   -5.307    0.808    5.481    6.763    7.836
            0.411500  0.237580  0.000000
  -17.453  -13.505   -8.246   -5.315    0.820    5.481    6.750    7.823
            0.411000  0.237291  0.000000
  -17.462  -13.493   -8.244   -5.323    0.831    5.482    6.737    7.810
            0.410500  0.237002  0.000000
  -17.471  -13.481   -8.242   -5.332    0.843    5.483    6.725    7.797
            0.410000  0.236714  0.000000
  -17.480  -13.469   -8.240   -5.340    0.854    5.484    6.712    7.785
            0.409500  0.236425  0.000000
  -17.489  -13.457   -8.238   -5.348    0.866    5.485    6.699    7.772
            0.409000  0.236136  0.000000
  -17.497  -13.445   -8.236   -5.357    0.877    5.486    6.687    7.759
            0.408500  0.235848  0.000000
  -17.506  -13.433   -8.234   -5.365    0.889    5.487    6.674    7.746
            0.408000  0.235559  0.000000
  -17.515  -13.421   -8.232   -5.374    0.901    5.487    6.661    7.734
            0.407500  0.235270  0.000000
  -17.524  -13.409   -8.230   -5.382    0.912    5.488    6.649    7.721
            0.407000  0.234982  0.000000
  -17.533  -13.396   -8.228   -5.390    0.924    5.489    6.636    7.708
            0.406500  0.234693  0.000000
  -17.542  -13.384   -8.225   -5.399    0.936    5.490    6.624    7.696
            0.406000  0.234404  0.000000
  -17.551  -13.372   -8.223   -5.407    0.947    5.491    6.611    7.683
            0.405500  0.234116  0.000000
  -17.560  -13.360   -8.221   -5.416    0.959    5.492    6.599    7.670
            0.405000  0.233827  0.000000
  -17.569  -13.348   -8.219   -5.424    0.971    5.493    6.586    7.658
            0.404500  0.233538  0.000000
  -17.578  -13.336   -8.217   -5.433    0.983    5.493    6.574    7.645
            0.404000  0.233250  0.000000
  -17.587  -13.324   -8.215   -5.441    0.995    5.494    6.561    7.632
            0.403500  0.232961  0.000000
  -17.595  -13.312   -8.212   -5.450    1.006    5.495    6.549    7.620
            0.403000  0.232672  0.000000
  -17.604  -13.300   -8.210   -5.458    1.018    5.496    6.536    7.607
            0.402500  0.232383  0.000000
  -17.613  -13.287   -8.208   -5.467    1.030    5.497    6.524    7.595
            0.402000  0.232095  0.000000
  -17.622  -13.275   -8.206   -5.475    1.042    5.498    6.512    7.582
            0.401500  0.231806  0.000000
  -17.631  -13.263   -8.203   -5.484    1.054    5.499    6.499    7.569
            0.401000  0.231517  0.000000
  -17.640  -13.251   -8.201   -5.492    1.066    5.500    6.487    7.557
            0.400500  0.231229  0.000000
  -17.648  -13.239   -8.199   -5.501    1.078    5.500    6.475    7.544
            0.400000  0.230940  0.000000
  -17.657  -13.227   -8.196   -5.509    1.090    5.501    6.462    7.532
            0.399500  0.230651  0.000000
  -17.666  -13.214   -8.194   -5.518    1.102    5.502    6.450    7.519
            0.399000  0.230363  0.000000
  -17.675  -13.202   -8.192   -5.526    1.114    5.503    6.438    7.507
            0.398500  0.230074  0.000000
  -17.684  -13.190   -8.190   -5.535    1.127    5.504    6.426    7.494
            0.398000  0.229785  0.000000
  -17.692  -13.178   -8.187   -5.544    1.139    5.505    6.413    7.482
            0.397500  0.229497  0.000000
  -17.701  -13.165   -8.185   -5.552    1.151    5.506    6.401    7.470
            0.397000  0.229208  0.000000
  -17.710  -13.153   -8.182   -5.561    1.163    5.506    6.389    7.457
            0.396500  0.228919  0.000000
  -17.719  -13.141   -8.180   -5.569    1.175    5.507    6.377    7.445
            0.396000  0.228631  0.000000
  -17.727  -13.129   -8.178   -5.578    1.187    5.508    6.365    7.432
            0.395500  0.228342  0.000000
  -17.736  -13.116   -8.175   -5.586    1.200    5.509    6.353    7.420
            0.395000  0.228053  0.000000
  -17.745  -13.104   -8.173   -5.595    1.212    5.510    6.341    7.407
            0.394500  0.227765  0.000000
  -17.754  -13.092   -8.171   -5.604    1.224    5.511    6.329    7.395
            0.394000  0.227476  0.000000
  -17.762  -13.080   -8.168   -5.612    1.236    5.511    6.317    7.383
            0.393500  0.227187  0.000000
  -17.771  -13.067   -8.166   -5.621    1.249    5.512    6.305    7.370
            0.393000  0.226899  0.000000
  -17.780  -13.055   -8.163   -5.630    1.261    5.513    6.293    7.358
            0.392500  0.226610  0.000000
  -17.788  -13.043   -8.161   -5.638    1.273    5.514    6.281    7.346
            0.392000  0.226321  0.000000
  -17.797  -13.030   -8.158   -5.647    1.286    5.515    6.269    7.334
            0.391500  0.226033  0.000000
  -17.806  -13.018   -8.156   -5.655    1.298    5.515    6.257    7.321
            0.391000  0.225744  0.000000
  -17.814  -13.006   -8.153   -5.664    1.311    5.516    6.245    7.309
            0.390500  0.225455  0.000000
  -17.823  -12.993   -8.151   -5.673    1.323    5.517    6.233    7.297
            0.390000  0.225167  0.000000
  -17.832  -12.981   -8.148   -5.681    1.336    5.518    6.221    7.285
            0.389500  0.224878  0.000000
  -17.840  -12.969   -8.146   -5.690    1.348    5.519    6.210    7.272
            0.389000  0.224589  0.000000
  -17.849  -12.956   -8.143   -5.699    1.361    5.519    6.198    7.260
            0.388500  0.224301  0.000000
  -17.858  -12.944   -8.141   -5.707    1.373    5.520    6.186    7.248
            0.388000  0.224012  0.000000
  -17.866  -12.932   -8.138   -5.716    1.386    5.521    6.174    7.236
            0.387500  0.223723  0.000000
  -17.875  -12.919   -8.136   -5.725    1.398    5.521    6.163    7.224
            0.387000  0.223435  0.000000
  -17.883  -12.907   -8.133   -5.733    1.411    5.522    6.151    7.211
            0.386500  0.223146  0.000000
  -17.892  -12.895   -8.130   -5.742    1.423    5.523    6.140    7.199
            0.386000  0.222857  0.000000
  -17.900  -12.882   -8.128   -5.751    1.436    5.523    6.128    7.187
            0.385500  0.222569  0.000000
  -17.909  -12.870   -8.125   -5.759    1.449    5.524    6.117    7.175
            0.385000  0.222280  0.000000
  -17.918  -12.857   -8.123   -5.768    1.461    5.525    6.105    7.163
            0.384500  0.221991  0.000000
  -17.926  -12.845   -8.120   -5.777    1.474    5.525    6.094    7.151
            0.384000  0.221703  0.000000
  -17.935  -12.832   -8.117   -5.786    1.487    5.526    6.082    7.139
            0.383500  0.221414  0.000000
  -17.943  -12.820   -8.115   -5.794    1.499    5.526    6.071    7.127
            0.383000  0.221125  0.000000
  -17.952  -12.808   -8.112   -5.803    1.512    5.527    6.060    7.115
            0.382500  0.220836  0.000000
  -17.960  -12.795   -8.109   -5.812    1.525    5.527    6.049    7.103
            0.382000  0.220548  0.000000
  -17.969  -12.783   -8.107   -5.820    1.537    5.527    6.037    7.091
            0.381500  0.220259  0.000000
  -17.977  -12.770   -8.104   -5.829    1.550    5.528    6.026    7.079
            0.381000  0.219970  0.000000
  -17.986  -12.758   -8.101   -5.838    1.563    5.528    6.015    7.067
            0.380500  0.219682  0.000000
  -17.994  -12.745   -8.099   -5.846    1.576    5.528    6.004    7.055
            0.380000  0.219393  0.000000
  -18.003  -12.733   -8.096   -5.855    1.589    5.529    5.993    7.043
            0.379500  0.219104  0.000000
  -18.011  -12.720   -8.093   -5.864    1.601    5.529    5.983    7.031
            0.379000  0.218816  0.000000
  -18.020  -12.708   -8.090   -5.872    1.614    5.529    5.972    7.019
            0.378500  0.218527  0.000000
  -18.028  -12.695   -8.088   -5.881    1.627    5.529    5.961    7.007
            0.378000  0.218238  0.000000
  -18.036  -12.683   -8.085   -5.890    1.640    5.529    5.951    6.995
            0.377500  0.217950  0.000000
  -18.045  -12.670   -8.082   -5.899    1.653    5.529    5.940    6.983
            0.377000  0.217661  0.000000
  -18.053  -12.658   -8.079   -5.907    1.666    5.529    5.930    6.971
            0.376500  0.217372  0.000000
  -18.062  -12.645   -8.076   -5.916    1.679    5.529    5.919    6.960
            0.376000  0.217084  0.000000
  -18.070  -12.633   -8.074   -5.925    1.692    5.529    5.909    6.948
            0.375500  0.216795  0.000000
  -18.078  -12.620   -8.071   -5.933    1.705    5.528    5.899    6.936
            0.375000  0.216506  0.000000
  -18.087  -12.608   -8.068   -5.942    1.718    5.528    5.889    6.924
            0.374500  0.216218  0.000000
  -18.095  -12.595   -8.065   -5.951    1.731    5.527    5.879    6.912
            0.374000  0.215929  0.000000
  -18.104  -12.582   -8.062   -5.959    1.743    5.526    5.869    6.901
            0.373500  0.215640  0.000000
  -18.112  -12.570   -8.059   -5.968    1.756    5.526    5.860    6.889
            0.373000  0.215352  0.000000
  -18.120  -12.557   -8.057   -5.977    1.770    5.525    5.850    6.877
            0.372500  0.215063  0.000000
  -18.129  -12.545   -8.054   -5.986    1.783    5.523    5.841    6.865
            0.372000  0.214774  0.000000
  -18.137  -12.532   -8.051   -5.994    1.796    5.522    5.832    6.854
            0.371500  0.214486  0.000000
  -18.145  -12.520   -8.048   -6.003    1.809    5.521    5.823    6.842
            0.371000  0.214197  0.000000
  -18.153  -12.507   -8.045   -6.012    1.822    5.519    5.814    6.830
            0.370500  0.213908  0.000000
  -18.162  -12.494   -8.042   -6.020    1.835    5.517    5.806    6.819
            0.370000  0.213620  0.000000
  -18.170  -12.482   -8.039   -6.029    1.848    5.515    5.798    6.807
            0.369500  0.213331  0.000000
  -18.178  -12.469   -8.036   -6.038    1.861    5.513    5.790    6.795
            0.369000  0.213042  0.000000
  -18.187  -12.457   -8.033   -6.046    1.874    5.510    5.782    6.784
            0.368500  0.212754  0.000000
  -18.195  -12.444   -8.030   -6.055    1.887    5.507    5.775    6.772
            0.368000  0.212465  0.000000
  -18.203  -12.431   -8.027   -6.064    1.900    5.504    5.768    6.760
            0.367500  0.212176  0.000000
  -18.211  -12.419   -8.024   -6.073    1.914    5.501    5.761    6.749
            0.367000  0.211888  0.000000
  -18.220  -12.406   -8.021   -6.081    1.927    5.497    5.754    6.737
            0.366500  0.211599  0.000000
  -18.228  -12.393   -8.018   -6.090    1.940    5.493    5.748    6.726
            0.366000  0.211310  0.000000
  -18.236  -12.381   -8.015   -6.099    1.953    5.489    5.742    6.714
            0.365500  0.211022  0.000000
  -18.244  -12.368   -8.012   -6.107    1.966    5.484    5.737    6.703
            0.365000  0.210733  0.000000
  -18.252  -12.355   -8.009   -6.116    1.979    5.480    5.731    6.691
            0.364500  0.210444  0.000000
  -18.261  -12.343   -8.006   -6.125    1.993    5.474    5.727    6.680
            0.364000  0.210155  0.000000
  -18.269  -12.330   -8.003   -6.133    2.006    5.469    5.722    6.668
            0.363500  0.209867  0.000000
  -18.277  -12.317   -8.000   -6.142    2.019    5.463    5.718    6.657
            0.363000  0.209578  0.000000
  -18.285  -12.305   -7.997   -6.151    2.032    5.457    5.714    6.645
            0.362500  0.209289  0.000000
  -18.293  -12.292   -7.994   -6.159    2.046    5.450    5.711    6.634
            0.362000  0.209001  0.000000
  -18.301  -12.279   -7.991   -6.168    2.059    5.443    5.707    6.622
            0.361500  0.208712  0.000000
  -18.309  -12.267   -7.988   -6.177    2.072    5.436    5.704    6.611
            0.361000  0.208423  0.000000
  -18.318  -12.254   -7.984   -6.185    2.086    5.429    5.702    6.600
            0.360500  0.208135  0.000000
  -18.326  -12.241   -7.981   -6.194    2.099    5.422    5.699    6.588
            0.360000  0.207846  0.000000
  -18.334  -12.229   -7.978   -6.203    2.112    5.414    5.697    6.577
            0.359500  0.207557  0.000000
  -18.342  -12.216   -7.975   -6.211    2.126    5.406    5.695    6.566
            0.359000  0.207269  0.000000
  -18.350  -12.203   -7.972   -6.220    2.139    5.398    5.694    6.554
            0.358500  0.206980  0.000000
  -18.358  -12.190   -7.969   -6.228    2.152    5.389    5.692    6.543
            0.358000  0.206691  0.000000
  -18.366  -12.178   -7.965   -6.237    2.166    5.381    5.691    6.532
            0.357500  0.206403  0.000000
  -18.374  -12.165   -7.962   -6.246    2.179    5.372    5.690    6.520
            0.357000  0.206114  0.000000
  -18.382  -12.152   -7.959   -6.254    2.192    5.363    5.689    6.509
            0.356500  0.205825  0.000000
  -18.390  -12.139   -7.956   -6.263    2.206    5.354    5.688    6.498
            0.356000  0.205537  0.000000
  -18.398  -12.127   -7.953   -6.272    2.219    5.345    5.687    6.487
            0.355500  0.205248  0.000000
  -18.406  -12.114   -7.949   -6.280    2.233    5.336    5.687    6.475
            0.355000  0.204959  0.000000
  -18.414  -12.101   -7.946   -6.289    2.246    5.327    5.686    6.464
            0.354500  0.204671  0.000000
  -18.422  -12.088   -7.943   -6.297    2.259    5.317    5.686    6.453
            0.354000  0.204382  0.000000
  -18.430  -12.076   -7.940   -6.306    2.273    5.308    5.686    6.442
            0.353500  0.204093  0.000000
  -18.438  -12.063   -7.936   -6.315    2.286    5.298    5.686    6.431
            0.353000  0.203805  0.000000
  -18.446  -12.050   -7.933   -6.323    2.300    5.288    5.686    6.420
            0.352500  0.203516  0.000000
  -18.454  -12.037   -7.930   -6.332    2.313    5.279    5.686    6.408
            0.352000  0.203227  0.000000
  -18.462  -12.024   -7.926   -6.340    2.327    5.269    5.686    6.397
            0.351500  0.202939  0.000000
  -18.470  -12.012   -7.923   -6.349    2.340    5.259    5.686    6.386
            0.351000  0.202650  0.000000
  -18.478  -11.999   -7.920   -6.358    2.354    5.249    5.686    6.375
            0.350500  0.202361  0.000000
  -18.486  -11.986   -7.916   -6.366    2.367    5.239    5.687    6.364
            0.350000  0.202073  0.000000
  -18.493  -11.973   -7.913   -6.375    2.381    5.229    5.687    6.353
            0.349500  0.201784  0.000000
  -18.501  -11.960   -7.910   -6.383    2.394    5.219    5.688    6.342
            0.349000  0.201495  0.000000
  -18.509  -11.948   -7.906   -6.392    2.408    5.209    5.688    6.331
            0.348500  0.201207  0.000000
  -18.517  -11.935   -7.903   -6.400    2.421    5.199    5.689    6.320
            0.348000  0.200918  0.000000
  -18.525  -11.922   -7.900   -6.409    2.435    5.189    5.689    6.309
            0.347500  0.200629  0.000000
  -18.533  -11.909   -7.896   -6.417    2.448    5.179    5.690    6.298
            0.347000  0.200341  0.000000
  -18.541  -11.896   -7.893   -6.426    2.462    5.169    5.691    6.287
            0.346500  0.200052  0.000000
  -18.548  -11.883   -7.889   -6.434    2.475    5.158    5.692    6.276
            0.346000  0.199763  0.000000
  -18.556  -11.871   -7.886   -6.443    2.489    5.148    5.692    6.265
            0.345500  0.199475  0.000000
  -18.564  -11.858   -7.883   -6.452    2.502    5.138    5.693    6.254
            0.345000  0.199186  0.000000
  -18.572  -11.845   -7.879   -6.460    2.516    5.128    5.694    6.243
            0.344500  0.198897  0.000000
  -18.580  -11.832   -7.876   -6.469    2.530    5.118    5.695    6.232
            0.344000  0.198608  0.000000
  -18.587  -11.819   -7.872   -6.477    2.543    5.107    5.696    6.222
            0.343500  0.198320  0.000000
  -18.595  -11.806   -7.869   -6.486    2.557    5.097    5.697    6.211
            0.343000  0.198031  0.000000
  -18.603  -11.793   -7.865   -6.494    2.570    5.087    5.698    6.200
            0.342500  0.197742  0.000000
  -18.611  -11.781   -7.862   -6.503    2.584    5.076    5.699    6.189
            0.342000  0.197454  0.000000
  -18.618  -11.768   -7.858   -6.511    2.598    5.066    5.700    6.178
            0.341500  0.197165  0.000000
  -18.626  -11.755   -7.855   -6.519    2.611    5.056    5.701    6.167
            0.341000  0.196876  0.000000
  -18.634  -11.742   -7.851   -6.528    2.625    5.046    5.702    6.157
            0.340500  0.196588  0.000000
  -18.642  -11.729   -7.848   -6.536    2.638    5.035    5.703    6.146
            0.340000  0.196299  0.000000
  -18.649  -11.716   -7.844   -6.545    2.652    5.025    5.704    6.135
            0.339500  0.196010  0.000000
  -18.657  -11.703   -7.840   -6.553    2.666    5.015    5.705    6.124
            0.339000  0.195722  0.000000
  -18.665  -11.690   -7.837   -6.562    2.679    5.004    5.706    6.114
            0.338500  0.195433  0.000000
  -18.672  -11.677   -7.833   -6.570    2.693    4.994    5.707    6.103
            0.338000  0.195144  0.000000
  -18.680  -11.664   -7.830   -6.579    2.707    4.984    5.708    6.092
            0.337500  0.194856  0.000000
  -18.688  -11.652   -7.826   -6.587    2.720    4.974    5.710    6.082
            0.337000  0.194567  0.000000
  -18.695  -11.639   -7.823   -6.595    2.734    4.963    5.711    6.071
            0.336500  0.194278  0.000000
  -18.703  -11.626   -7.819   -6.604    2.748    4.953    5.712    6.060
            0.336000  0.193990  0.000000
  -18.710  -11.613   -7.815   -6.612    2.761    4.943    5.713    6.050
            0.335500  0.193701  0.000000
  -18.718  -11.600   -7.812   -6.621    2.775    4.932    5.714    6.039
            0.335000  0.193412  0.000000
  -18.726  -11.587   -7.808   -6.629    2.789    4.922    5.716    6.029
            0.334500  0.193124  0.000000
  -18.733  -11.574   -7.804   -6.637    2.802    4.912    5.717    6.018
            0.334000  0.192835  0.000000
  -18.741  -11.561   -7.801   -6.646    2.816    4.902    5.718    6.008
            0.333500  0.192546  0.000000
  -18.748  -11.548   -7.797   -6.654    2.830    4.891    5.719    5.997
            0.333000  0.192258  0.000000
  -18.756  -11.535   -7.793   -6.663    2.843    4.881    5.720    5.986
            0.332500  0.191969  0.000000
  -18.763  -11.522   -7.790   -6.671    2.857    4.871    5.722    5.976
            0.332000  0.191680  0.000000
  -18.771  -11.509   -7.786   -6.679    2.871    4.861    5.723    5.966
            0.331500  0.191392  0.000000
  -18.778  -11.496   -7.782   -6.688    2.884    4.850    5.724    5.955
            0.331000  0.191103  0.000000
  -18.786  -11.483   -7.779   -6.696    2.898    4.840    5.725    5.945
            0.330500  0.190814  0.000000
  -18.793  -11.470   -7.775   -6.704    2.912    4.830    5.727    5.934
            0.330000  0.190526  0.000000
  -18.801  -11.457   -7.771   -6.713    2.926    4.820    5.728    5.924
            0.329500  0.190237  0.000000
  -18.808  -11.444   -7.767   -6.721    2.939    4.810    5.729    5.913
            0.329000  0.189948  0.000000
  -18.816  -11.431   -7.764   -6.729    2.953    4.799    5.731    5.903
            0.328500  0.189660  0.000000
  -18.823  -11.419   -7.760   -6.738    2.967    4.789    5.732    5.893
            0.328000  0.189371  0.000000
  -18.831  -11.406   -7.756   -6.746    2.980    4.779    5.733    5.882
            0.327500  0.189082  0.000000
  -18.838  -11.393   -7.752   -6.754    2.994    4.769    5.734    5.872
            0.327000  0.188794  0.000000
  -18.846  -11.380   -7.748   -6.762    3.008    4.759    5.736    5.862
            0.326500  0.188505  0.000000
  -18.853  -11.367   -7.745   -6.771    3.022    4.749    5.737    5.851
            0.326000  0.188216  0.000000
  -18.860  -11.354   -7.741   -6.779    3.035    4.739    5.738    5.841
            0.325500  0.187928  0.000000
  -18.868  -11.341   -7.737   -6.787    3.049    4.728    5.740    5.831
            0.325000  0.187639  0.000000
  -18.875  -11.328   -7.733   -6.795    3.063    4.718    5.741    5.821
            0.324500  0.187350  0.000000
  -18.883  -11.315   -7.729   -6.804    3.077    4.708    5.742    5.810
            0.324000  0.187061  0.000000
  -18.890  -11.302   -7.726   -6.812    3.090    4.698    5.743    5.800
            0.323500  0.186773  0.000000
  -18.897  -11.289   -7.722   -6.820    3.104    4.688    5.745    5.790
            0.323000  0.186484  0.000000
  -18.905  -11.276   -7.718   -6.828    3.118    4.678    5.746    5.780
            0.322500  0.186195  0.000000
  -18.912  -11.263   -7.714   -6.837    3.132    4.668    5.747    5.770
            0.322000  0.185907  0.000000
  -18.919  -11.250   -7.710   -6.845    3.145    4.658    5.749    5.759
            0.321500  0.185618  0.000000
  -18.927  -11.237   -7.706   -6.853    3.159    4.648    5.749    5.750
            0.321000  0.185329  0.000000
  -18.934  -11.224   -7.702   -6.861    3.173    4.638    5.739    5.751
            0.320500  0.185041  0.000000
  -18.941  -11.210   -7.698   -6.869    3.187    4.628    5.729    5.752
            0.320000  0.184752  0.000000
  -18.949  -11.197   -7.694   -6.878    3.200    4.618    5.719    5.753
            0.319500  0.184463  0.000000
  -18.956  -11.184   -7.690   -6.886    3.214    4.608    5.709    5.755
            0.319000  0.184175  0.000000
  -18.963  -11.171   -7.687   -6.894    3.228    4.598    5.699    5.756
            0.318500  0.183886  0.000000
  -18.970  -11.158   -7.683   -6.902    3.242    4.588    5.689    5.757
            0.318000  0.183597  0.000000
  -18.978  -11.145   -7.679   -6.910    3.255    4.578    5.679    5.758
            0.317500  0.183309  0.000000
  -18.985  -11.132   -7.675   -6.918    3.269    4.568    5.669    5.759
            0.317000  0.183020  0.000000
  -18.992  -11.119   -7.671   -6.926    3.283    4.558    5.659    5.760
            0.316500  0.182731  0.000000
  -18.999  -11.106   -7.667   -6.934    3.296    4.548    5.649    5.761
            0.316000  0.182443  0.000000
  -19.006  -11.093   -7.663   -6.943    3.310    4.539    5.639    5.763
            0.315500  0.182154  0.000000
  -19.014  -11.080   -7.659   -6.951    3.324    4.529    5.629    5.828
            0.315000  0.181865  0.000000
  -19.021  -11.067   -7.655   -6.959    3.338    4.519    5.619    5.764
            0.314500  0.181577  0.000000
  -19.028  -11.054   -7.651   -6.967    3.351    4.509    5.609    5.765
            0.314000  0.181288  0.000000
  -19.035  -11.041   -7.647   -6.975    3.365    4.499    5.599    5.767
            0.313500  0.180999  0.000000
  -19.042  -11.028   -7.643   -6.983    3.379    4.489    5.590    5.767
            0.313000  0.180711  0.000000
  -19.049  -11.015   -7.639   -6.991    3.393    4.480    5.580    5.768
            0.312500  0.180422  0.000000
  -19.056  -11.002   -7.634   -6.999    3.406    4.470    5.570    5.768
            0.312000  0.180133  0.000000
  -19.064  -10.989   -7.630   -7.007    3.420    4.460    5.560    5.769
            0.311500  0.179845  0.000000
  -19.071  -10.976   -7.626   -7.015    3.434    4.450    5.550    5.769
            0.311000  0.179556  0.000000
  -19.078  -10.963   -7.622   -7.023    3.448    4.440    5.541    5.770
            0.310500  0.179267  0.000000
  -19.085  -10.950   -7.618   -7.031    3.461    4.431    5.531    5.770
            0.310000  0.178979  0.000000
  -19.092  -10.936   -7.614   -7.039    3.475    4.421    5.521    5.770
            0.309500  0.178690  0.000000
  -19.099  -10.923   -7.610   -7.047    3.489    4.411    5.512    5.770
            0.309000  0.178401  0.000000
  -19.106  -10.910   -7.606   -7.055    3.502    4.402    5.502    5.770
            0.308500  0.178113  0.000000
  -19.113  -10.897   -7.602   -7.063    3.516    4.392    5.492    5.769
            0.308000  0.177824  0.000000
  -19.120  -10.884   -7.598   -7.071    3.530    4.382    5.483    5.769
            0.307500  0.177535  0.000000
  -19.127  -10.871   -7.593   -7.079    3.544    4.373    5.473    5.769
            0.307000  0.177247  0.000000
  -19.134  -10.858   -7.589   -7.087    3.557    4.363    5.463    5.767
            0.306500  0.176958  0.000000
  -19.141  -10.845   -7.585   -7.095    3.571    4.353    5.454    5.765
            0.306000  0.176669  0.000000
  -19.148  -10.832   -7.581   -7.103    3.585    4.344    5.444    5.764
            0.305500  0.176381  0.000000
  -19.155  -10.819   -7.577   -7.111    3.598    4.334    5.435    5.761
            0.305000  0.176092  0.000000
  -19.162  -10.806   -7.573   -7.119    3.612    4.325    5.425    5.758
            0.304500  0.175803  0.000000
  -19.169  -10.793   -7.568   -7.127    3.626    4.315    5.416    5.756
            0.304000  0.175514  0.000000
  -19.176  -10.780   -7.564   -7.134    3.639    4.305    5.406    5.752
            0.303500  0.175226  0.000000
  -19.183  -10.766   -7.560   -7.142    3.653    4.296    5.397    5.748
            0.303000  0.174937  0.000000
  -19.190  -10.753   -7.556   -7.150    3.667    4.286    5.387    5.744
            0.302500  0.174648  0.000000
  -19.197  -10.740   -7.552   -7.158    3.680    4.277    5.378    5.738
            0.302000  0.174360  0.000000
  -19.204  -10.727   -7.547   -7.166    3.694    4.267    5.369    5.733
            0.301500  0.174071  0.000000
  -19.211  -10.714   -7.543   -7.174    3.707    4.258    5.359    5.728
            0.301000  0.173782  0.000000
  -19.217  -10.701   -7.539   -7.182    3.721    4.248    5.350    5.721
            0.300500  0.173494  0.000000
  -19.224  -10.688   -7.535   -7.189    3.735    4.239    5.341    5.714
            0.300000  0.173205  0.000000
  -19.231  -10.675   -7.530   -7.197    3.748    4.229    5.331    5.707
            0.299500  0.172916  0.000000
  -19.238  -10.662   -7.526   -7.205    3.762    4.220    5.322    5.701
            0.299000  0.172628  0.000000
  -19.245  -10.649   -7.522   -7.213    3.775    4.211    5.313    5.693
            0.298500  0.172339  0.000000
  -19.252  -10.636   -7.517   -7.221    3.789    4.201    5.304    5.685
            0.298000  0.172050  0.000000
  -19.258  -10.622   -7.513   -7.228    3.803    4.192    5.295    5.678
            0.297500  0.171762  0.000000
  -19.265  -10.609   -7.509   -7.236    3.816    4.183    5.285    5.669
            0.297000  0.171473  0.000000
  -19.272  -10.596   -7.504   -7.244    3.830    4.173    5.276    5.661
            0.296500  0.171184  0.000000
  -19.279  -10.583   -7.500   -7.252    3.843    4.164    5.267    5.654
            0.296000  0.170896  0.000000
  -19.286  -10.570   -7.496   -7.259    3.857    4.154    5.258    5.645
            0.295500  0.170607  0.000000
  -19.292  -10.557   -7.491   -7.267    3.870    4.145    5.249    5.637
            0.295000  0.170318  0.000000
  -19.299  -10.544   -7.487   -7.275    3.884    4.136    5.240    5.628
            0.294500  0.170030  0.000000
  -19.306  -10.531   -7.483   -7.283    3.897    4.127    5.232    5.624
            0.294000  0.169741  0.000000
  -19.313  -10.518   -7.478   -7.290    3.910    4.117    5.222    5.611
            0.293500  0.169452  0.000000
  -19.319  -10.504   -7.474   -7.298    3.924    4.108    5.213    5.602
            0.293000  0.169164  0.000000
  -19.326  -10.491   -7.470   -7.306    3.937    4.099    5.204    5.593
            0.292500  0.168875  0.000000
  -19.333  -10.478   -7.465   -7.313    3.951    4.090    5.195    5.584
            0.292000  0.168586  0.000000
  -19.339  -10.465   -7.461   -7.321    3.964    4.080    5.187    5.575
            0.291500  0.168298  0.000000
  -19.346  -10.452   -7.456   -7.329    3.977    4.071    5.178    5.566
            0.291000  0.168009  0.000000
  -19.353  -10.439   -7.452   -7.336    3.991    4.062    5.169    5.557
            0.290500  0.167720  0.000000
  -19.359  -10.426   -7.448   -7.344    4.004    4.053    5.160    5.548
            0.290000  0.167432  0.000000
  -19.366  -10.413   -7.443   -7.352    4.017    4.044    5.152    5.539
            0.289500  0.167143  0.000000
  -19.373  -10.400   -7.439   -7.359    4.030    4.035    5.143    5.530
            0.289000  0.166854  0.000000
  -19.379  -10.386   -7.434   -7.367    4.025    4.044    5.134    5.521
            0.288500  0.166566  0.000000
  -19.386  -10.373   -7.430   -7.374    4.016    4.057    5.126    5.512
            0.288000  0.166277  0.000000
  -19.393  -10.360   -7.425   -7.382    4.007    4.070    5.117    5.503
            0.287500  0.165988  0.000000
  -19.399  -10.347   -7.421   -7.390    3.998    4.083    5.109    5.494
            0.287000  0.165700  0.000000
  -19.406  -10.334   -7.416   -7.397    3.989    4.096    5.100    5.485
            0.286500  0.165411  0.000000
  -19.412  -10.321   -7.412   -7.405    3.980    4.109    5.092    5.476
            0.286000  0.165122  0.000000
  -19.419  -10.308   -7.412   -7.407    3.971    4.122    5.084    5.467
            0.285500  0.164834  0.000000
  -19.425  -10.295   -7.420   -7.403    3.962    4.135    5.076    5.458
            0.285000  0.164545  0.000000
  -19.432  -10.282   -7.427   -7.398    3.953    4.148    5.067    5.449
            0.284500  0.164256  0.000000
  -19.438  -10.268   -7.435   -7.394    3.944    4.161    5.059    5.440
            0.284000  0.163967  0.000000
  -19.445  -10.255   -7.442   -7.389    3.935    4.174    5.051    5.431
            0.283500  0.163679  0.000000
  -19.451  -10.242   -7.450   -7.385    3.926    4.187    5.043    5.422
            0.283000  0.163390  0.000000
  -19.458  -10.229   -7.457   -7.380    3.917    4.199    5.035    5.413
            0.282500  0.163101  0.000000
  -19.464  -10.216   -7.465   -7.376    3.908    4.212    5.027    5.404
            0.282000  0.162813  0.000000
  -19.471  -10.203   -7.472   -7.371    3.899    4.225    5.019    5.395
            0.281500  0.162524  0.000000
  -19.477  -10.190   -7.480   -7.367    3.890    4.237    5.012    5.386
            0.281000  0.162235  0.000000
  -19.484  -10.177   -7.487   -7.362    3.882    4.250    5.004    5.377
            0.280500  0.161947  0.000000
  -19.490  -10.164   -7.494   -7.357    3.873    4.262    4.997    5.368
            0.280000  0.161658  0.000000
  -19.497  -10.151   -7.502   -7.353    3.864    4.274    4.989    5.359
            0.279500  0.161369  0.000000
  -19.503  -10.137   -7.509   -7.348    3.855    4.286    4.982    5.350
            0.279000  0.161081  0.000000
  -19.510  -10.124   -7.517   -7.344    3.846    4.298    4.975    5.341
            0.278500  0.160792  0.000000
  -19.516  -10.111   -7.524   -7.339    3.837    4.310    4.968    5.332
            0.278000  0.160503  0.000000
  -19.522  -10.098   -7.531   -7.334    3.829    4.322    4.961    5.323
            0.277500  0.160215  0.000000
  -19.529  -10.085   -7.539   -7.330    3.820    4.334    4.954    5.314
            0.277000  0.159926  0.000000
  -19.535  -10.072   -7.546   -7.325    3.811    4.345    4.947    5.306
            0.276500  0.159637  0.000000
  -19.541  -10.059   -7.553   -7.321    3.802    4.357    4.941    5.297
            0.276000  0.159349  0.000000
  -19.548  -10.046   -7.561   -7.316    3.794    4.368    4.934    5.288
            0.275500  0.159060  0.000000
  -19.554  -10.033   -7.568   -7.311    3.785    4.379    4.928    5.279
            0.275000  0.158771  0.000000
  -19.560  -10.019   -7.575   -7.307    3.776    4.390    4.923    5.270
            0.274500  0.158483  0.000000
  -19.567  -10.006   -7.583   -7.302    3.768    4.400    4.917    5.261
            0.274000  0.158194  0.000000
  -19.573   -9.993   -7.590   -7.297    3.759    4.411    4.912    5.252
            0.273500  0.157905  0.000000
  -19.579   -9.980   -7.597   -7.293    3.750    4.421    4.906    5.243
            0.273000  0.157617  0.000000
  -19.586   -9.967   -7.605   -7.288    3.742    4.431    4.902    5.235
            0.272500  0.157328  0.000000
  -19.592   -9.954   -7.612   -7.283    3.733    4.440    4.897    5.226
            0.272000  0.157039  0.000000
  -19.598   -9.941   -7.619   -7.278    3.724    4.449    4.893    5.217
            0.271500  0.156751  0.000000
  -19.604   -9.928   -7.626   -7.274    3.716    4.458    4.889    5.208
            0.271000  0.156462  0.000000
  -19.611   -9.915   -7.633   -7.269    3.707    4.466    4.886    5.200
            0.270500  0.156173  0.000000
  -19.617   -9.902   -7.641   -7.264    3.699    4.474    4.883    5.191
            0.270000  0.155885  0.000000
  -19.623   -9.889   -7.648   -7.260    3.690    4.481    4.881    5.182
            0.269500  0.155596  0.000000
  -19.629   -9.875   -7.655   -7.255    3.682    4.488    4.879    5.173
            0.269000  0.155307  0.000000
  -19.635   -9.862   -7.662   -7.250    3.673    4.495    4.878    5.165
            0.268500  0.155019  0.000000
  -19.642   -9.849   -7.669   -7.245    3.664    4.500    4.877    5.156
            0.268000  0.154730  0.000000
  -19.648   -9.836   -7.677   -7.241    3.656    4.505    4.877    5.147
            0.267500  0.154441  0.000000
  -19.654   -9.823   -7.684   -7.236    3.648    4.510    4.878    5.139
            0.267000  0.154153  0.000000
  -19.660   -9.810   -7.691   -7.231    3.639    4.514    4.879    5.130
            0.266500  0.153864  0.000000
  -19.666   -9.797   -7.698   -7.226    3.631    4.517    4.881    5.121
            0.266000  0.153575  0.000000
  -19.672   -9.784   -7.705   -7.222    3.622    4.519    4.884    5.113
            0.265500  0.153286  0.000000
  -19.678   -9.771   -7.712   -7.217    3.614    4.521    4.887    5.104
            0.265000  0.152998  0.000000
  -19.684   -9.758   -7.719   -7.212    3.605    4.522    4.891    5.095
            0.264500  0.152709  0.000000
  -19.691   -9.745   -7.726   -7.207    3.597    4.523    4.896    5.087
            0.264000  0.152420  0.000000
  -19.697   -9.732   -7.733   -7.202    3.589    4.523    4.901    5.078
            0.263500  0.152132  0.000000
  -19.703   -9.719   -7.740   -7.198    3.580    4.522    4.907    5.070
            0.263000  0.151843  0.000000
  -19.709   -9.706   -7.747   -7.193    3.572    4.521    4.913    5.061
            0.262500  0.151554  0.000000
  -19.715   -9.692   -7.755   -7.188    3.564    4.519    4.920    5.053
            0.262000  0.151266  0.000000
  -19.721   -9.679   -7.762   -7.183    3.555    4.517    4.928    5.044
            0.261500  0.150977  0.000000
  -19.727   -9.666   -7.769   -7.178    3.547    4.514    4.936    5.036
            0.261000  0.150688  0.000000
  -19.733   -9.653   -7.776   -7.173    3.539    4.511    4.944    5.027
            0.260500  0.150400  0.000000
  -19.739   -9.640   -7.783   -7.169    3.531    4.507    4.953    5.019
            0.260000  0.150111  0.000000
  -19.745   -9.627   -7.789   -7.164    3.522    4.503    4.962    5.010
            0.259500  0.149822  0.000000
  -19.751   -9.614   -7.796   -7.159    3.514    4.499    4.971    5.002
            0.259000  0.149534  0.000000
  -19.757   -9.601   -7.803   -7.154    3.506    4.495    4.981    4.993
            0.258500  0.149245  0.000000
  -19.763   -9.588   -7.810   -7.149    3.498    4.490    4.985    4.991
            0.258000  0.148956  0.000000
  -19.769   -9.575   -7.817   -7.144    3.490    4.485    4.977    5.001
            0.257500  0.148668  0.000000
  -19.775   -9.562   -7.824   -7.139    3.481    4.480    4.968    5.012
            0.257000  0.148379  0.000000
  -19.781   -9.549   -7.831   -7.134    3.473    4.474    4.960    5.022
            0.256500  0.148090  0.000000
  -19.787   -9.536   -7.838   -7.129    3.465    4.469    4.952    5.033
            0.256000  0.147802  0.000000
  -19.792   -9.523   -7.845   -7.125    3.457    4.463    4.943    5.044
            0.255500  0.147513  0.000000
  -19.798   -9.510   -7.852   -7.120    3.449    4.457    4.935    5.055
            0.255000  0.147224  0.000000
  -19.804   -9.497   -7.859   -7.115    3.441    4.451    4.927    5.067
            0.254500  0.146936  0.000000
  -19.810   -9.484   -7.865   -7.110    3.433    4.445    4.918    5.078
            0.254000  0.146647  0.000000
  -19.816   -9.471   -7.872   -7.105    3.425    4.439    4.910    5.090
            0.253500  0.146358  0.000000
  -19.822   -9.458   -7.879   -7.100    3.417    4.432    4.902    5.101
            0.253000  0.146070  0.000000
  -19.828   -9.445   -7.886   -7.095    3.409    4.426    4.894    5.113
            0.252500  0.145781  0.000000
  -19.833   -9.432   -7.893   -7.090    3.401    4.419    4.885    5.125
            0.252000  0.145492  0.000000
  -19.839   -9.419   -7.900   -7.085    3.393    4.413    4.877    5.137
            0.251500  0.145204  0.000000
  -19.845   -9.406   -7.906   -7.080    3.385    4.406    4.869    5.149
            0.251000  0.144915  0.000000
  -19.851   -9.393   -7.913   -7.075    3.377    4.399    4.861    5.161
            0.250500  0.144626  0.000000
  -19.857   -9.380   -7.920   -7.070    3.369    4.393    4.853    5.173
            0.250000  0.144338  0.000000
  -19.862   -9.367   -7.927   -7.065    3.361    4.386    4.845    5.185
            0.249500  0.144049  0.000000
  -19.868   -9.354   -7.933   -7.060    3.353    4.379    4.836    5.197
            0.249000  0.143760  0.000000
  -19.874   -9.341   -7.940   -7.055    3.345    4.372    4.828    5.209
            0.248500  0.143472  0.000000
  -19.880   -9.328   -7.947   -7.050    3.337    4.365    4.820    5.222
            0.248000  0.143183  0.000000
  -19.885   -9.315   -7.953   -7.045    3.329    4.358    4.812    5.236
            0.247500  0.142894  0.000000
  -19.891   -9.302   -7.960   -7.040    3.321    4.351    4.804    5.248
            0.247000  0.142606  0.000000
  -19.897   -9.289   -7.967   -7.035    3.314    4.344    4.796    5.259
            0.246500  0.142317  0.000000
  -19.902   -9.276   -7.973   -7.030    3.306    4.337    4.788    5.274
            0.246000  0.142028  0.000000
  -19.908   -9.263   -7.980   -7.025    3.298    4.330    4.780    5.284
            0.245500  0.141739  0.000000
  -19.914   -9.250   -7.987   -7.020    3.290    4.323    4.772    5.296
            0.245000  0.141451  0.000000
  -19.919   -9.237   -7.993   -7.015    3.282    4.316    4.764    5.309
            0.244500  0.141162  0.000000
  -19.925   -9.224   -8.000   -7.010    3.275    4.309    4.756    5.321
            0.244000  0.140873  0.000000
  -19.931   -9.211   -8.007   -7.005    3.267    4.301    4.748    5.334
            0.243500  0.140585  0.000000
  -19.936   -9.198   -8.013   -7.000    3.259    4.294    4.740    5.346
            0.243000  0.140296  0.000000
  -19.942   -9.185   -8.020   -6.995    3.251    4.287    4.732    5.359
            0.242500  0.140007  0.000000
  -19.948   -9.172   -8.026   -6.990    3.244    4.280    4.724    5.371
            0.242000  0.139719  0.000000
  -19.953   -9.160   -8.033   -6.985    3.236    4.273    4.717    5.384
            0.241500  0.139430  0.000000
  -19.959   -9.147   -8.039   -6.980    3.228    4.266    4.709    5.396
            0.241000  0.139141  0.000000
  -19.964   -9.134   -8.046   -6.975    3.221    4.258    4.701    5.409
            0.240500  0.138853  0.000000
  -19.970   -9.121   -8.052   -6.970    3.213    4.251    4.693    5.422
            0.240000  0.138564  0.000000
  -19.975   -9.108   -8.059   -6.964    3.205    4.244    4.685    5.434
            0.239500  0.138275  0.000000
  -19.981   -9.095   -8.065   -6.959    3.198    4.237    4.677    5.447
            0.239000  0.137987  0.000000
  -19.987   -9.082   -8.072   -6.954    3.190    4.230    4.670    5.459
            0.238500  0.137698  0.000000
  -19.992   -9.069   -8.078   -6.949    3.183    4.222    4.662    5.472
            0.238000  0.137409  0.000000
  -19.998   -9.056   -8.085   -6.944    3.175    4.215    4.654    5.484
            0.237500  0.137121  0.000000
  -20.003   -9.043   -8.091   -6.939    3.168    4.208    4.646    5.497
            0.237000  0.136832  0.000000
  -20.009   -9.031   -8.098   -6.934    3.160    4.201    4.639    5.511
            0.236500  0.136543  0.000000
  -20.014   -9.018   -8.104   -6.929    3.153    4.194    4.631    5.522
            0.236000  0.136255  0.000000
  -20.019   -9.005   -8.111   -6.924    3.145    4.186    4.623    5.535
            0.235500  0.135966  0.000000
  -20.025   -8.992   -8.117   -6.919    3.138    4.179    4.615    5.547
            0.235000  0.135677  0.000000
  -20.030   -8.979   -8.123   -6.913    3.130    4.172    4.608    5.560
            0.234500  0.135389  0.000000
  -20.036   -8.966   -8.130   -6.908    3.123    4.165    4.600    5.572
            0.234000  0.135100  0.000000
  -20.041   -8.953   -8.136   -6.903    3.115    4.158    4.593    5.585
            0.233500  0.134811  0.000000
  -20.047   -8.941   -8.142   -6.898    3.108    4.150    4.585    5.597
            0.233000  0.134523  0.000000
  -20.052   -8.928   -8.149   -6.893    3.100    4.143    4.577    5.610
            0.232500  0.134234  0.000000
  -20.057   -8.915   -8.155   -6.888    3.093    4.136    4.570    5.622
            0.232000  0.133945  0.000000
  -20.063   -8.902   -8.161   -6.883    3.086    4.129    4.562    5.635
            0.231500  0.133657  0.000000
  -20.068   -8.889   -8.168   -6.877    3.078    4.122    4.555    5.651
            0.231000  0.133368  0.000000
  -20.073   -8.876   -8.174   -6.872    3.071    4.115    4.547    5.660
            0.230500  0.133079  0.000000
  -20.079   -8.864   -8.180   -6.867    3.064    4.108    4.540    5.671
            0.230000  0.132791  0.000000
  -20.084   -8.851   -8.187   -6.862    3.056    4.100    4.532    5.684
            0.229500  0.132502  0.000000
  -20.089   -8.838   -8.193   -6.857    3.049    4.093    4.525    5.696
            0.229000  0.132213  0.000000
  -20.095   -8.825   -8.199   -6.851    3.042    4.086    4.517    5.708
            0.228500  0.131925  0.000000
  -20.100   -8.812   -8.205   -6.846    3.034    4.079    4.510    5.720
            0.228000  0.131636  0.000000
  -20.105   -8.800   -8.211   -6.841    3.027    4.072    4.502    5.733
            0.227500  0.131347  0.000000
  -20.111   -8.787   -8.218   -6.836    3.020    4.065    4.495    5.745
            0.227000  0.131059  0.000000
  -20.116   -8.774   -8.224   -6.831    3.013    4.058    4.487    5.757
            0.226500  0.130770  0.000000
  -20.121   -8.761   -8.230   -6.825    3.006    4.051    4.480    5.769
            0.226000  0.130481  0.000000
  -20.126   -8.749   -8.236   -6.820    2.998    4.044    4.473    5.781
            0.225500  0.130192  0.000000
  -20.131   -8.736   -8.242   -6.815    2.991    4.037    4.465    5.793
            0.225000  0.129904  0.000000
  -20.137   -8.723   -8.249   -6.810    2.984    4.030    4.458    5.804
            0.224500  0.129615  0.000000
  -20.142   -8.710   -8.255   -6.805    2.977    4.023    4.451    5.895
            0.224000  0.129326  0.000000
  -20.147   -8.698   -8.261   -6.799    2.970    4.016    4.443    5.830
            0.223500  0.129038  0.000000
  -20.152   -8.685   -8.267   -6.794    2.963    4.009    4.436    5.839
            0.223000  0.128749  0.000000
  -20.157   -8.672   -8.273   -6.789    2.956    4.002    4.429    5.851
            0.222500  0.128460  0.000000
  -20.163   -8.660   -8.279   -6.784    2.949    3.995    4.421    5.862
            0.222000  0.128172  0.000000
  -20.168   -8.647   -8.285   -6.778    2.942    3.988    4.414    5.873
            0.221500  0.127883  0.000000
  -20.173   -8.634   -8.291   -6.773    2.934    3.981    4.407    5.886
            0.221000  0.127594  0.000000
  -20.178   -8.621   -8.297   -6.768    2.927    3.974    4.400    5.895
            0.220500  0.127306  0.000000
  -20.183   -8.609   -8.303   -6.763    2.920    3.967    4.393    5.906
            0.220000  0.127017  0.000000
  -20.188   -8.596   -8.309   -6.758    2.913    3.960    4.385    5.917
            0.219500  0.126728  0.000000
  -20.193   -8.583   -8.315   -6.752    2.906    3.953    4.378    5.927
            0.219000  0.126440  0.000000
  -20.198   -8.571   -8.321   -6.747    2.900    3.946    4.371    5.939
            0.218500  0.126151  0.000000
  -20.203   -8.558   -8.327   -6.742    2.893    3.939    4.364    5.948
            0.218000  0.125862  0.000000
  -20.208   -8.546   -8.333   -6.736    2.886    3.933    4.357    5.958
            0.217500  0.125574  0.000000
  -20.214   -8.533   -8.339   -6.731    2.879    3.926    4.350    5.966
            0.217000  0.125285  0.000000
  -20.219   -8.520   -8.345   -6.726    2.872    3.919    4.343    5.973
            0.216500  0.124996  0.000000
  -20.224   -8.508   -8.351   -6.721    2.865    3.912    4.336    6.002
            0.216000  0.124708  0.000000
  -20.229   -8.495   -8.357   -6.715    2.858    3.905    4.328    5.990
            0.215500  0.124419  0.000000
  -20.234   -8.482   -8.363   -6.710    2.851    3.898    4.321    5.996
            0.215000  0.124130  0.000000
  -20.239   -8.470   -8.369   -6.705    2.844    3.892    4.314    6.003
            0.214500  0.123842  0.000000
  -20.244   -8.457   -8.375   -6.700    2.838    3.885    4.307    6.008
            0.214000  0.123553  0.000000
  -20.249   -8.445   -8.380   -6.694    2.831    3.878    4.300    6.015
            0.213500  0.123264  0.000000
  -20.253   -8.432   -8.386   -6.689    2.824    3.871    4.293    6.025
            0.213000  0.122976  0.000000
  -20.258   -8.420   -8.392   -6.684    2.817    3.865    4.286    6.041
            0.212500  0.122687  0.000000
  -20.263   -8.407   -8.398   -6.678    2.810    3.858    4.280    6.027
            0.212000  0.122398  0.000000
  -20.268   -8.404   -8.394   -6.673    2.804    3.851    4.273    6.025
            0.211500  0.122110  0.000000
  -20.273   -8.410   -8.382   -6.668    2.797    3.845    4.266    6.027
            0.211000  0.121821  0.000000
  -20.278   -8.415   -8.369   -6.662    2.790    3.838    4.259    6.026
            0.210500  0.121532  0.000000
  -20.283   -8.421   -8.357   -6.657    2.784    3.831    4.252    6.025
            0.210000  0.121244  0.000000
  -20.288   -8.427   -8.344   -6.652    2.777    3.825    4.245    6.025
            0.209500  0.120955  0.000000
  -20.293   -8.433   -8.332   -6.647    2.770    3.818    4.238    6.024
            0.209000  0.120666  0.000000
  -20.298   -8.438   -8.319   -6.641    2.764    3.811    4.231    6.021
            0.208500  0.120378  0.000000
  -20.302   -8.444   -8.307   -6.636    2.757    3.805    4.225    6.018
            0.208000  0.120089  0.000000
  -20.307   -8.450   -8.294   -6.631    2.750    3.798    4.218    6.014
            0.207500  0.119800  0.000000
  -20.312   -8.456   -8.282   -6.625    2.744    3.792    4.211    6.014
            0.207000  0.119512  0.000000
  -20.317   -8.461   -8.269   -6.620    2.737    3.785    4.204    6.007
            0.206500  0.119223  0.000000
  -20.322   -8.467   -8.257   -6.615    2.731    3.778    4.198    6.005
            0.206000  0.118934  0.000000
  -20.326   -8.473   -8.245   -6.609    2.724    3.772    4.191    5.999
            0.205500  0.118645  0.000000
  -20.331   -8.478   -8.232   -6.604    2.717    3.765    4.184    5.995
            0.205000  0.118357  0.000000
  -20.336   -8.484   -8.220   -6.599    2.711    3.759    4.177    5.990
            0.204500  0.118068  0.000000
  -20.341   -8.490   -8.207   -6.593    2.704    3.752    4.171    5.985
            0.204000  0.117779  0.000000
  -20.345   -8.495   -8.195   -6.588    2.698    3.746    4.164    5.981
            0.203500  0.117491  0.000000
  -20.350   -8.501   -8.182   -6.583    2.691    3.739    4.157    5.976
            0.203000  0.117202  0.000000
  -20.355   -8.506   -8.170   -6.577    2.685    3.733    4.151    5.970
            0.202500  0.116913  0.000000
  -20.360   -8.512   -8.158   -6.572    2.679    3.727    4.144    5.966
            0.202000  0.116625  0.000000
  -20.364   -8.517   -8.145   -6.567    2.672    3.720    4.138    5.960
            0.201500  0.116336  0.000000
  -20.369   -8.523   -8.133   -6.561    2.666    3.714    4.131    5.955
            0.201000  0.116047  0.000000
  -20.374   -8.529   -8.121   -6.556    2.659    3.707    4.124    5.949
            0.200500  0.115759  0.000000
  -20.378   -8.534   -8.108   -6.551    2.653    3.701    4.118    5.944
            0.200000  0.115470  0.000000
  -20.383   -8.540   -8.096   -6.545    2.647    3.695    4.111    5.938
            0.199500  0.115181  0.000000
  -20.388   -8.545   -8.084   -6.540    2.640    3.688    4.105    5.933
            0.199000  0.114893  0.000000
  -20.392   -8.551   -8.071   -6.535    2.634    3.682    4.098    5.928
            0.198500  0.114604  0.000000
  -20.397   -8.556   -8.059   -6.529    2.628    3.676    4.092    5.922
            0.198000  0.114315  0.000000
  -20.401   -8.562   -8.047   -6.524    2.621    3.669    4.085    5.916
            0.197500  0.114027  0.000000
  -20.406   -8.567   -8.034   -6.519    2.615    3.663    4.079    5.910
            0.197000  0.113738  0.000000
  -20.411   -8.572   -8.022   -6.513    2.609    3.657    4.072    5.905
            0.196500  0.113449  0.000000
  -20.415   -8.578   -8.010   -6.508    2.602    3.650    4.066    5.899
            0.196000  0.113161  0.000000
  -20.420   -8.583   -7.998   -6.502    2.596    3.644    4.060    5.893
            0.195500  0.112872  0.000000
  -20.424   -8.589   -7.985   -6.497    2.590    3.638    4.053    5.888
            0.195000  0.112583  0.000000
  -20.429   -8.594   -7.973   -6.492    2.584    3.632    4.047    5.882
            0.194500  0.112295  0.000000
  -20.433   -8.599   -7.961   -6.486    2.578    3.626    4.041    5.876
            0.194000  0.112006  0.000000
  -20.438   -8.605   -7.949   -6.481    2.571    3.619    4.034    5.870
            0.193500  0.111717  0.000000
  -20.442   -8.610   -7.937   -6.476    2.565    3.613    4.028    5.865
            0.193000  0.111429  0.000000
  -20.447   -8.615   -7.924   -6.470    2.559    3.607    4.022    5.859
            0.192500  0.111140  0.000000
  -20.451   -8.621   -7.912   -6.465    2.553    3.601    4.015    5.853
            0.192000  0.110851  0.000000
  -20.456   -8.626   -7.900   -6.460    2.547    3.595    4.009    5.847
            0.191500  0.110563  0.000000
  -20.460   -8.631   -7.888   -6.454    2.541    3.589    4.003    5.842
            0.191000  0.110274  0.000000
  -20.465   -8.637   -7.876   -6.449    2.535    3.583    3.997    5.836
            0.190500  0.109985  0.000000
  -20.469   -8.642   -7.864   -6.444    2.529    3.577    3.990    5.830
            0.190000  0.109697  0.000000
  -20.474   -8.647   -7.852   -6.438    2.523    3.570    3.984    5.824
            0.189500  0.109408  0.000000
  -20.478   -8.652   -7.840   -6.433    2.517    3.564    3.978    5.818
            0.189000  0.109119  0.000000
  -20.482   -8.658   -7.827   -6.427    2.510    3.558    3.972    5.813
            0.188500  0.108831  0.000000
  -20.487   -8.663   -7.815   -6.422    2.504    3.552    3.966    5.807
            0.188000  0.108542  0.000000
  -20.491   -8.668   -7.803   -6.417    2.499    3.546    3.959    5.801
            0.187500  0.108253  0.000000
  -20.495   -8.673   -7.791   -6.411    2.493    3.540    3.953    5.795
            0.187000  0.107965  0.000000
  -20.500   -8.678   -7.779   -6.406    2.487    3.534    3.947    5.790
            0.186500  0.107676  0.000000
  -20.504   -8.684   -7.767   -6.401    2.481    3.528    3.941    5.784
            0.186000  0.107387  0.000000
  -20.508   -8.689   -7.755   -6.395    2.475    3.523    3.935    5.778
            0.185500  0.107098  0.000000
  -20.513   -8.694   -7.743   -6.390    2.469    3.517    3.929    5.773
            0.185000  0.106810  0.000000
  -20.517   -8.699   -7.731   -6.385    2.463    3.511    3.923    5.767
            0.184500  0.106521  0.000000
  -20.521   -8.704   -7.719   -6.379    2.457    3.505    3.917    5.761
            0.184000  0.106232  0.000000
  -20.526   -8.709   -7.707   -6.374    2.451    3.499    3.911    5.756
            0.183500  0.105944  0.000000
  -20.530   -8.714   -7.695   -6.368    2.445    3.493    3.905    5.750
            0.183000  0.105655  0.000000
  -20.534   -8.719   -7.683   -6.363    2.439    3.487    3.899    5.744
            0.182500  0.105366  0.000000
  -20.538   -8.724   -7.671   -6.358    2.434    3.481    3.893    5.739
            0.182000  0.105078  0.000000
  -20.543   -8.729   -7.660   -6.352    2.428    3.476    3.887    5.733
            0.181500  0.104789  0.000000
  -20.547   -8.734   -7.648   -6.347    2.422    3.470    3.881    5.727
            0.181000  0.104500  0.000000
  -20.551   -8.739   -7.636   -6.342    2.416    3.464    3.875    5.722
            0.180500  0.104212  0.000000
  -20.555   -8.744   -7.624   -6.336    2.411    3.458    3.869    5.716
            0.180000  0.103923  0.000000
  -20.560   -8.749   -7.612   -6.331    2.405    3.452    3.863    5.710
            0.179500  0.103634  0.000000
  -20.564   -8.754   -7.600   -6.326    2.399    3.447    3.857    5.705
            0.179000  0.103346  0.000000
  -20.568   -8.759   -7.588   -6.320    2.393    3.441    3.852    5.699
            0.178500  0.103057  0.000000
  -20.572   -8.764   -7.576   -6.315    2.388    3.435    3.846    5.694
            0.178000  0.102768  0.000000
  -20.576   -8.769   -7.565   -6.310    2.382    3.430    3.840    5.688
            0.177500  0.102480  0.000000
  -20.580   -8.774   -7.553   -6.304    2.376    3.424    3.834    5.683
            0.177000  0.102191  0.000000
  -20.584   -8.779   -7.541   -6.299    2.371    3.418    3.828    5.677
            0.176500  0.101902  0.000000
  -20.589   -8.784   -7.529   -6.293    2.365    3.413    3.823    5.671
            0.176000  0.101614  0.000000
  -20.593   -8.789   -7.518   -6.288    2.360    3.407    3.817    5.666
            0.175500  0.101325  0.000000
  -20.597   -8.794   -7.506   -6.283    2.354    3.401    3.811    5.660
            0.175000  0.101036  0.000000
  -20.601   -8.799   -7.494   -6.277    2.348    3.396    3.805    5.655
            0.174500  0.100748  0.000000
  -20.605   -8.803   -7.482   -6.272    2.343    3.390    3.800    5.650
            0.174000  0.100459  0.000000
  -20.609   -8.808   -7.471   -6.267    2.337    3.385    3.794    5.644
            0.173500  0.100170  0.000000
  -20.613   -8.813   -7.459   -6.261    2.332    3.379    3.788    5.639
            0.173000  0.099882  0.000000
  -20.617   -8.818   -7.447   -6.256    2.326    3.373    3.783    5.633
            0.172500  0.099593  0.000000
  -20.621   -8.823   -7.436   -6.251    2.321    3.368    3.777    5.628
            0.172000  0.099304  0.000000
  -20.625   -8.827   -7.424   -6.245    2.315    3.362    3.771    5.622
            0.171500  0.099016  0.000000
  -20.629   -8.832   -7.413   -6.240    2.310    3.357    3.766    5.617
            0.171000  0.098727  0.000000
  -20.633   -8.837   -7.401   -6.235    2.304    3.351    3.760    5.612
            0.170500  0.098438  0.000000
  -20.637   -8.842   -7.389   -6.229    2.299    3.346    3.755    5.606
            0.170000  0.098150  0.000000
  -20.641   -8.846   -7.378   -6.224    2.294    3.341    3.749    5.601
            0.169500  0.097861  0.000000
  -20.645   -8.851   -7.366   -6.219    2.288    3.335    3.744    5.596
            0.169000  0.097572  0.000000
  -20.649   -8.856   -7.355   -6.213    2.283    3.330    3.738    5.590
            0.168500  0.097284  0.000000
  -20.653   -8.861   -7.343   -6.208    2.277    3.324    3.733    5.585
            0.168000  0.096995  0.000000
  -20.657   -8.865   -7.332   -6.203    2.272    3.319    3.727    5.580
            0.167500  0.096706  0.000000
  -20.661   -8.870   -7.320   -6.197    2.267    3.314    3.722    5.574
            0.167000  0.096417  0.000000
  -20.665   -8.875   -7.309   -6.192    2.261    3.308    3.716    5.569
            0.166500  0.096129  0.000000
  -20.668   -8.879   -7.297   -6.187    2.256    3.303    3.711    5.564
            0.166000  0.095840  0.000000
  -20.672   -8.884   -7.286   -6.182    2.251    3.298    3.705    5.559
            0.165500  0.095551  0.000000
  -20.676   -8.888   -7.274   -6.176    2.245    3.292    3.700    5.553
            0.165000  0.095263  0.000000
  -20.680   -8.893   -7.263   -6.171    2.240    3.287    3.694    5.548
            0.164500  0.094974  0.000000
  -20.684   -8.898   -7.251   -6.166    2.235    3.282    3.689    5.543
            0.164000  0.094685  0.000000
  -20.688   -8.902   -7.240   -6.160    2.230    3.276    3.684    5.538
            0.163500  0.094397  0.000000
  -20.691   -8.907   -7.229   -6.155    2.225    3.271    3.678    5.533
            0.163000  0.094108  0.000000
  -20.695   -8.911   -7.217   -6.150    2.219    3.266    3.673    5.527
            0.162500  0.093819  0.000000
  -20.699   -8.916   -7.206   -6.144    2.214    3.261    3.668    5.522
            0.162000  0.093531  0.000000
  -20.703   -8.920   -7.195   -6.139    2.209    3.255    3.662    5.517
            0.161500  0.093242  0.000000
  -20.707   -8.925   -7.183   -6.134    2.204    3.250    3.657    5.512
            0.161000  0.092953  0.000000
  -20.710   -8.929   -7.172   -6.129    2.199    3.245    3.652    5.507
            0.160500  0.092665  0.000000
  -20.714   -8.934   -7.161   -6.123    2.194    3.240    3.647    5.502
            0.160000  0.092376  0.000000
  -20.718   -8.938   -7.150   -6.118    2.188    3.235    3.641    5.497
            0.159500  0.092087  0.000000
  -20.722   -8.943   -7.138   -6.113    2.183    3.230    3.636    5.492
            0.159000  0.091799  0.000000
  -20.725   -8.947   -7.127   -6.108    2.178    3.225    3.631    5.487
            0.158500  0.091510  0.000000
  -20.729   -8.951   -7.116   -6.102    2.173    3.220    3.626    5.482
            0.158000  0.091221  0.000000
  -20.733   -8.956   -7.105   -6.097    2.168    3.214    3.621    5.477
            0.157500  0.090933  0.000000
  -20.736   -8.960   -7.094   -6.092    2.163    3.209    3.615    5.472
            0.157000  0.090644  0.000000
  -20.740   -8.965   -7.082   -6.086    2.158    3.204    3.610    5.467
            0.156500  0.090355  0.000000
  -20.744   -8.969   -7.071   -6.081    2.153    3.199    3.605    5.462
            0.156000  0.090067  0.000000
  -20.747   -8.973   -7.060   -6.076    2.148    3.194    3.600    5.457
            0.155500  0.089778  0.000000
  -20.751   -8.978   -7.049   -6.071    2.143    3.189    3.595    5.452
            0.155000  0.089489  0.000000
  -20.755   -8.982   -7.038   -6.066    2.138    3.184    3.590    5.447
            0.154500  0.089201  0.000000
  -20.758   -8.986   -7.027   -6.060    2.133    3.179    3.585    5.442
            0.154000  0.088912  0.000000
  -20.762   -8.991   -7.016   -6.055    2.129    3.174    3.580    5.437
            0.153500  0.088623  0.000000
  -20.765   -8.995   -7.005   -6.050    2.124    3.170    3.575    5.432
            0.153000  0.088335  0.000000
  -20.769   -8.999   -6.994   -6.045    2.119    3.165    3.570    5.428
            0.152500  0.088046  0.000000
  -20.773   -9.003   -6.983   -6.039    2.114    3.160    3.565    5.423
            0.152000  0.087757  0.000000
  -20.776   -9.008   -6.972   -6.034    2.109    3.155    3.560    5.418
            0.151500  0.087469  0.000000
  -20.780   -9.012   -6.961   -6.029    2.104    3.150    3.555    5.413
            0.151000  0.087180  0.000000
  -20.783   -9.016   -6.950   -6.024    2.099    3.145    3.550    5.408
            0.150500  0.086891  0.000000
  -20.787   -9.020   -6.939   -6.019    2.095    3.140    3.545    5.403
            0.150000  0.086603  0.000000
  -20.790   -9.025   -6.928   -6.013    2.090    3.135    3.540    5.399
            0.149500  0.086314  0.000000
  -20.794   -9.029   -6.918   -6.008    2.085    3.131    3.535    5.394
            0.149000  0.086025  0.000000
  -20.797   -9.033   -6.907   -6.003    2.080    3.126    3.530    5.389
            0.148500  0.085737  0.000000
  -20.801   -9.037   -6.896   -5.998    2.076    3.121    3.526    5.385
            0.148000  0.085448  0.000000
  -20.804   -9.041   -6.885   -5.993    2.071    3.116    3.521    5.380
            0.147500  0.085159  0.000000
  -20.807   -9.045   -6.874   -5.988    2.066    3.112    3.516    5.375
            0.147000  0.084870  0.000000
  -20.811   -9.049   -6.864   -5.982    2.061    3.107    3.511    5.370
            0.146500  0.084582  0.000000
  -20.814   -9.053   -6.853   -5.977    2.057    3.102    3.506    5.366
            0.146000  0.084293  0.000000
  -20.818   -9.058   -6.842   -5.972    2.052    3.098    3.501    5.361
            0.145500  0.084004  0.000000
  -20.821   -9.062   -6.831   -5.967    2.047    3.093    3.497    5.357
            0.145000  0.083716  0.000000
  -20.825   -9.066   -6.821   -5.962    2.043    3.088    3.492    5.352
            0.144500  0.083427  0.000000
  -20.828   -9.070   -6.810   -5.957    2.038    3.084    3.487    5.347
            0.144000  0.083138  0.000000
  -20.831   -9.074   -6.799   -5.952    2.034    3.079    3.483    5.343
            0.143500  0.082850  0.000000
  -20.835   -9.078   -6.789   -5.946    2.029    3.074    3.478    5.338
            0.143000  0.082561  0.000000
  -20.838   -9.082   -6.778   -5.941    2.025    3.070    3.473    5.334
            0.142500  0.082272  0.000000
  -20.841   -9.086   -6.768   -5.936    2.020    3.065    3.469    5.329
            0.142000  0.081984  0.000000
  -20.845   -9.090   -6.757   -5.931    2.015    3.061    3.464    5.325
            0.141500  0.081695  0.000000
  -20.848   -9.094   -6.746   -5.926    2.011    3.056    3.459    5.320
            0.141000  0.081406  0.000000
  -20.851   -9.098   -6.736   -5.921    2.006    3.051    3.455    5.316
            0.140500  0.081118  0.000000
  -20.855   -9.102   -6.725   -5.916    2.002    3.047    3.450    5.311
            0.140000  0.080829  0.000000
  -20.858   -9.106   -6.715   -5.911    1.997    3.042    3.445    5.307
            0.139500  0.080540  0.000000
  -20.861   -9.109   -6.705   -5.906    1.993    3.038    3.441    5.302
            0.139000  0.080252  0.000000
  -20.864   -9.113   -6.694   -5.901    1.989    3.033    3.436    5.298
            0.138500  0.079963  0.000000
  -20.868   -9.117   -6.684   -5.896    1.984    3.029    3.432    5.293
            0.138000  0.079674  0.000000
  -20.871   -9.121   -6.673   -5.891    1.980    3.025    3.427    5.289
            0.137500  0.079386  0.000000
  -20.874   -9.125   -6.663   -5.886    1.975    3.020    3.423    5.285
            0.137000  0.079097  0.000000
  -20.877   -9.129   -6.653   -5.881    1.971    3.016    3.418    5.280
            0.136500  0.078808  0.000000
  -20.880   -9.133   -6.642   -5.875    1.967    3.011    3.414    5.276
            0.136000  0.078520  0.000000
  -20.884   -9.136   -6.632   -5.870    1.962    3.007    3.409    5.272
            0.135500  0.078231  0.000000
  -20.887   -9.140   -6.622   -5.865    1.958    3.003    3.405    5.267
            0.135000  0.077942  0.000000
  -20.890   -9.144   -6.611   -5.860    1.954    2.998    3.401    5.263
            0.134500  0.077654  0.000000
  -20.893   -9.148   -6.601   -5.855    1.949    2.994    3.396    5.259
            0.134000  0.077365  0.000000
  -20.896   -9.151   -6.591   -5.850    1.945    2.990    3.392    5.254
            0.133500  0.077076  0.000000
  -20.899   -9.155   -6.581   -5.845    1.941    2.985    3.387    5.250
            0.133000  0.076788  0.000000
  -20.902   -9.159   -6.571   -5.840    1.937    2.981    3.383    5.246
            0.132500  0.076499  0.000000
  -20.906   -9.163   -6.560   -5.836    1.932    2.977    3.379    5.242
            0.132000  0.076210  0.000000
  -20.909   -9.166   -6.550   -5.831    1.928    2.973    3.374    5.237
            0.131500  0.075922  0.000000
  -20.912   -9.170   -6.540   -5.826    1.924    2.968    3.370    5.233
            0.131000  0.075633  0.000000
  -20.915   -9.174   -6.530   -5.821    1.920    2.964    3.366    5.229
            0.130500  0.075344  0.000000
  -20.918   -9.177   -6.520   -5.816    1.916    2.960    3.362    5.225
            0.130000  0.075056  0.000000
  -20.921   -9.181   -6.510   -5.811    1.912    2.956    3.357    5.221
            0.129500  0.074767  0.000000
  -20.924   -9.185   -6.500   -5.806    1.907    2.952    3.353    5.217
            0.129000  0.074478  0.000000
  -20.927   -9.188   -6.490   -5.801    1.903    2.947    3.349    5.213
            0.128500  0.074190  0.000000
  -20.930   -9.192   -6.480   -5.796    1.899    2.943    3.345    5.208
            0.128000  0.073901  0.000000
  -20.933   -9.195   -6.470   -5.791    1.895    2.939    3.340    5.204
            0.127500  0.073612  0.000000
  -20.936   -9.199   -6.460   -5.786    1.891    2.935    3.336    5.200
            0.127000  0.073323  0.000000
  -20.939   -9.203   -6.450   -5.781    1.887    2.931    3.332    5.196
            0.126500  0.073035  0.000000
  -20.942   -9.206   -6.441   -5.777    1.883    2.927    3.328    5.192
            0.126000  0.072746  0.000000
  -20.945   -9.210   -6.431   -5.772    1.879    2.923    3.324    5.188
            0.125500  0.072457  0.000000
  -20.948   -9.213   -6.421   -5.767    1.875    2.919    3.320    5.184
            0.125000  0.072169  0.000000
  -20.951   -9.217   -6.411   -5.762    1.871    2.915    3.316    5.180
            0.124500  0.071880  0.000000
  -20.954   -9.220   -6.401   -5.757    1.867    2.911    3.312    5.176
            0.124000  0.071591  0.000000
  -20.956   -9.224   -6.392   -5.752    1.863    2.907    3.308    5.172
            0.123500  0.071303  0.000000
  -20.959   -9.227   -6.382   -5.748    1.859    2.903    3.304    5.168
            0.123000  0.071014  0.000000
  -20.962   -9.231   -6.372   -5.743    1.855    2.899    3.299    5.164
            0.122500  0.070725  0.000000
  -20.965   -9.234   -6.363   -5.738    1.851    2.895    3.295    5.160
            0.122000  0.070437  0.000000
  -20.968   -9.238   -6.353   -5.733    1.847    2.891    3.291    5.157
            0.121500  0.070148  0.000000
  -20.971   -9.241   -6.343   -5.728    1.843    2.887    3.288    5.153
            0.121000  0.069859  0.000000
  -20.974   -9.244   -6.334   -5.724    1.840    2.883    3.284    5.149
            0.120500  0.069571  0.000000
  -20.976   -9.248   -6.324   -5.719    1.836    2.879    3.280    5.145
            0.120000  0.069282  0.000000
  -20.979   -9.251   -6.315   -5.714    1.832    2.875    3.276    5.141
            0.119500  0.068993  0.000000
  -20.982   -9.254   -6.305   -5.709    1.828    2.872    3.272    5.137
            0.119000  0.068705  0.000000
  -20.985   -9.258   -6.296   -5.705    1.824    2.868    3.268    5.133
            0.118500  0.068416  0.000000
  -20.988   -9.261   -6.286   -5.700    1.821    2.864    3.264    5.130
            0.118000  0.068127  0.000000
  -20.990   -9.264   -6.277   -5.695    1.817    2.860    3.260    5.126
            0.117500  0.067839  0.000000
  -20.993   -9.268   -6.268   -5.690    1.813    2.856    3.256    5.122
            0.117000  0.067550  0.000000
  -20.996   -9.271   -6.258   -5.686    1.809    2.853    3.252    5.118
            0.116500  0.067261  0.000000
  -20.999   -9.274   -6.249   -5.681    1.806    2.849    3.249    5.115
            0.116000  0.066973  0.000000
  -21.001   -9.278   -6.240   -5.676    1.802    2.845    3.245    5.111
            0.115500  0.066684  0.000000
  -21.004   -9.281   -6.230   -5.672    1.798    2.841    3.241    5.107
            0.115000  0.066395  0.000000
  -21.007   -9.284   -6.221   -5.667    1.794    2.838    3.237    5.104
            0.114500  0.066107  0.000000
  -21.009   -9.287   -6.212   -5.663    1.791    2.834    3.234    5.100
            0.114000  0.065818  0.000000
  -21.012   -9.290   -6.203   -5.658    1.787    2.830    3.230    5.096
            0.113500  0.065529  0.000000
  -21.015   -9.294   -6.193   -5.653    1.784    2.827    3.226    5.093
            0.113000  0.065241  0.000000
  -21.017   -9.297   -6.184   -5.649    1.780    2.823    3.222    5.089
            0.112500  0.064952  0.000000
  -21.020   -9.300   -6.175   -5.644    1.776    2.819    3.219    5.086
            0.112000  0.064663  0.000000
  -21.023   -9.303   -6.166   -5.640    1.773    2.816    3.215    5.082
            0.111500  0.064375  0.000000
  -21.025   -9.306   -6.157   -5.635    1.769    2.812    3.211    5.078
            0.111000  0.064086  0.000000
  -21.028   -9.309   -6.148   -5.630    1.766    2.809    3.208    5.075
            0.110500  0.063797  0.000000
  -21.030   -9.313   -6.139   -5.626    1.762    2.805    3.204    5.071
            0.110000  0.063509  0.000000
  -21.033   -9.316   -6.130   -5.621    1.759    2.801    3.201    5.068
            0.109500  0.063220  0.000000
  -21.036   -9.319   -6.121   -5.617    1.755    2.798    3.197    5.064
            0.109000  0.062931  0.000000
  -21.038   -9.322   -6.112   -5.612    1.752    2.794    3.193    5.061
            0.108500  0.062643  0.000000
  -21.041   -9.325   -6.103   -5.608    1.748    2.791    3.190    5.057
            0.108000  0.062354  0.000000
  -21.043   -9.328   -6.094   -5.603    1.745    2.787    3.186    5.054
            0.107500  0.062065  0.000000
  -21.046   -9.331   -6.086   -5.599    1.741    2.784    3.183    5.050
            0.107000  0.061776  0.000000
  -21.048   -9.334   -6.077   -5.594    1.738    2.780    3.179    5.047
            0.106500  0.061488  0.000000
  -21.051   -9.337   -6.068   -5.590    1.735    2.777    3.176    5.044
            0.106000  0.061199  0.000000
  -21.053   -9.340   -6.059   -5.585    1.731    2.774    3.172    5.040
            0.105500  0.060910  0.000000
  -21.056   -9.343   -6.051   -5.581    1.728    2.770    3.169    5.037
            0.105000  0.060622  0.000000
  -21.058   -9.346   -6.042   -5.577    1.724    2.767    3.165    5.033
            0.104500  0.060333  0.000000
  -21.061   -9.349   -6.033   -5.572    1.721    2.763    3.162    5.030
            0.104000  0.060044  0.000000
  -21.063   -9.352   -6.025   -5.568    1.718    2.760    3.159    5.027
            0.103500  0.059756  0.000000
  -21.065   -9.355   -6.016   -5.563    1.714    2.757    3.155    5.023
            0.103000  0.059467  0.000000
  -21.068   -9.358   -6.007   -5.559    1.711    2.753    3.152    5.020
            0.102500  0.059178  0.000000
  -21.070   -9.360   -5.999   -5.555    1.708    2.750    3.149    5.017
            0.102000  0.058890  0.000000
  -21.073   -9.363   -5.990   -5.550    1.705    2.747    3.145    5.014
            0.101500  0.058601  0.000000
  -21.075   -9.366   -5.982   -5.546    1.701    2.744    3.142    5.010
            0.101000  0.058312  0.000000
  -21.077   -9.369   -5.974   -5.542    1.698    2.740    3.139    5.007
            0.100500  0.058024  0.000000
  -21.080   -9.372   -5.965   -5.538    1.695    2.737    3.135    5.004
            0.100000  0.057735  0.000000
  -21.082   -9.375   -5.957   -5.533    1.692    2.734    3.132    5.001
            0.099500  0.057446  0.000000
  -21.084   -9.377   -5.948   -5.529    1.689    2.731    3.129    4.998
            0.099000  0.057158  0.000000
  -21.087   -9.380   -5.940   -5.525    1.685    2.727    3.126    4.994
            0.098500  0.056869  0.000000
  -21.089   -9.383   -5.932   -5.520    1.682    2.724    3.122    4.991
            0.098000  0.056580  0.000000
  -21.091   -9.386   -5.924   -5.516    1.679    2.721    3.119    4.988
            0.097500  0.056292  0.000000
  -21.094   -9.389   -5.915   -5.512    1.676    2.718    3.116    4.985
            0.097000  0.056003  0.000000
  -21.096   -9.391   -5.907   -5.508    1.673    2.715    3.113    4.982
            0.096500  0.055714  0.000000
  -21.098   -9.394   -5.899   -5.504    1.670    2.712    3.110    4.979
            0.096000  0.055426  0.000000
  -21.101   -9.397   -5.891   -5.499    1.667    2.709    3.106    4.976
            0.095500  0.055137  0.000000
  -21.103   -9.399   -5.883   -5.495    1.664    2.706    3.103    4.973
            0.095000  0.054848  0.000000
  -21.105   -9.402   -5.875   -5.491    1.661    2.702    3.100    4.970
            0.094500  0.054560  0.000000
  -21.107   -9.405   -5.867   -5.487    1.658    2.699    3.097    4.967
            0.094000  0.054271  0.000000
  -21.109   -9.407   -5.859   -5.483    1.655    2.696    3.094    4.964
            0.093500  0.053982  0.000000
  -21.112   -9.410   -5.851   -5.479    1.652    2.693    3.091    4.961
            0.093000  0.053694  0.000000
  -21.114   -9.413   -5.843   -5.475    1.649    2.690    3.088    4.958
            0.092500  0.053405  0.000000
  -21.116   -9.415   -5.835   -5.471    1.646    2.687    3.085    4.955
            0.092000  0.053116  0.000000
  -21.118   -9.418   -5.827   -5.467    1.643    2.684    3.082    4.952
            0.091500  0.052828  0.000000
  -21.120   -9.420   -5.819   -5.463    1.640    2.681    3.079    4.949
            0.091000  0.052539  0.000000
  -21.122   -9.423   -5.811   -5.459    1.637    2.679    3.076    4.946
            0.090500  0.052250  0.000000
  -21.125   -9.426   -5.804   -5.455    1.634    2.676    3.073    4.943
            0.090000  0.051962  0.000000
  -21.127   -9.428   -5.796   -5.451    1.631    2.673    3.070    4.940
            0.089500  0.051673  0.000000
  -21.129   -9.431   -5.788   -5.447    1.628    2.670    3.067    4.937
            0.089000  0.051384  0.000000
  -21.131   -9.433   -5.781   -5.443    1.626    2.667    3.064    4.934
            0.088500  0.051095  0.000000
  -21.133   -9.436   -5.773   -5.439    1.623    2.664    3.061    4.932
            0.088000  0.050807  0.000000
  -21.135   -9.438   -5.765   -5.435    1.620    2.661    3.058    4.929
            0.087500  0.050518  0.000000
  -21.137   -9.441   -5.758   -5.431    1.617    2.658    3.055    4.926
            0.087000  0.050229  0.000000
  -21.139   -9.443   -5.750   -5.427    1.614    2.656    3.053    4.923
            0.086500  0.049941  0.000000
  -21.141   -9.446   -5.743   -5.423    1.612    2.653    3.050    4.920
            0.086000  0.049652  0.000000
  -21.143   -9.448   -5.735   -5.419    1.609    2.650    3.047    4.918
            0.085500  0.049363  0.000000
  -21.145   -9.450   -5.728   -5.415    1.606    2.647    3.044    4.915
            0.085000  0.049075  0.000000
  -21.147   -9.453   -5.721   -5.412    1.603    2.645    3.041    4.912
            0.084500  0.048786  0.000000
  -21.149   -9.455   -5.713   -5.408    1.601    2.642    3.039    4.909
            0.084000  0.048497  0.000000
  -21.151   -9.458   -5.706   -5.404    1.598    2.639    3.036    4.907
            0.083500  0.048209  0.000000
  -21.153   -9.460   -5.699   -5.400    1.595    2.636    3.033    4.904
            0.083000  0.047920  0.000000
  -21.155   -9.462   -5.691   -5.396    1.593    2.634    3.030    4.901
            0.082500  0.047631  0.000000
  -21.157   -9.465   -5.684   -5.393    1.590    2.631    3.028    4.899
            0.082000  0.047343  0.000000
  -21.159   -9.467   -5.677   -5.389    1.587    2.628    3.025    4.896
            0.081500  0.047054  0.000000
  -21.161   -9.469   -5.670   -5.385    1.585    2.626    3.022    4.893
            0.081000  0.046765  0.000000
  -21.163   -9.471   -5.663   -5.381    1.582    2.623    3.020    4.891
            0.080500  0.046477  0.000000
  -21.165   -9.474   -5.656   -5.378    1.580    2.621    3.017    4.888
            0.080000  0.046188  0.000000
  -21.166   -9.476   -5.649   -5.374    1.577    2.618    3.014    4.886
            0.079500  0.045899  0.000000
  -21.168   -9.478   -5.642   -5.370    1.575    2.615    3.012    4.883
            0.079000  0.045611  0.000000
  -21.170   -9.480   -5.635   -5.367    1.572    2.613    3.009    4.881
            0.078500  0.045322  0.000000
  -21.172   -9.483   -5.628   -5.363    1.570    2.610    3.007    4.878
            0.078000  0.045033  0.000000
  -21.174   -9.485   -5.621   -5.360    1.567    2.608    3.004    4.876
            0.077500  0.044745  0.000000
  -21.176   -9.487   -5.614   -5.356    1.565    2.605    3.002    4.873
            0.077000  0.044456  0.000000
  -21.177   -9.489   -5.607   -5.352    1.562    2.603    2.999    4.871
            0.076500  0.044167  0.000000
  -21.179   -9.491   -5.600   -5.349    1.560    2.600    2.997    4.868
            0.076000  0.043879  0.000000
  -21.181   -9.494   -5.594   -5.345    1.557    2.598    2.994    4.866
            0.075500  0.043590  0.000000
  -21.183   -9.496   -5.587   -5.342    1.555    2.595    2.992    4.863
            0.075000  0.043301  0.000000
  -21.185   -9.498   -5.580   -5.338    1.552    2.593    2.989    4.861
            0.074500  0.043013  0.000000
  -21.186   -9.500   -5.574   -5.335    1.550    2.591    2.987    4.859
            0.074000  0.042724  0.000000
  -21.188   -9.502   -5.567   -5.331    1.548    2.588    2.984    4.856
            0.073500  0.042435  0.000000
  -21.190   -9.504   -5.561   -5.328    1.545    2.586    2.982    4.854
            0.073000  0.042147  0.000000
  -21.192   -9.506   -5.554   -5.325    1.543    2.583    2.980    4.852
            0.072500  0.041858  0.000000
  -21.193   -9.508   -5.548   -5.321    1.541    2.581    2.977    4.849
            0.072000  0.041569  0.000000
  -21.195   -9.510   -5.541   -5.318    1.538    2.579    2.975    4.847
            0.071500  0.041281  0.000000
  -21.197   -9.512   -5.535   -5.314    1.536    2.577    2.972    4.845
            0.071000  0.040992  0.000000
  -21.198   -9.514   -5.528   -5.311    1.534    2.574    2.970    4.842
            0.070500  0.040703  0.000000
  -21.200   -9.516   -5.522   -5.308    1.532    2.572    2.968    4.840
            0.070000  0.040415  0.000000
  -21.202   -9.518   -5.516   -5.304    1.529    2.570    2.966    4.838
            0.069500  0.040126  0.000000
  -21.203   -9.520   -5.510   -5.301    1.527    2.567    2.963    4.836
            0.069000  0.039837  0.000000
  -21.205   -9.522   -5.503   -5.298    1.525    2.565    2.961    4.833
            0.068500  0.039548  0.000000
  -21.206   -9.524   -5.497   -5.295    1.523    2.563    2.959    4.831
            0.068000  0.039260  0.000000
  -21.208   -9.526   -5.491   -5.291    1.521    2.561    2.957    4.829
            0.067500  0.038971  0.000000
  -21.210   -9.528   -5.485   -5.288    1.518    2.559    2.954    4.827
            0.067000  0.038682  0.000000
  -21.211   -9.530   -5.479   -5.285    1.516    2.556    2.952    4.825
            0.066500  0.038394  0.000000
  -21.213   -9.532   -5.473   -5.282    1.514    2.554    2.950    4.823
            0.066000  0.038105  0.000000
  -21.214   -9.534   -5.467   -5.279    1.512    2.552    2.948    4.820
            0.065500  0.037816  0.000000
  -21.216   -9.536   -5.461   -5.275    1.510    2.550    2.946    4.818
            0.065000  0.037528  0.000000
  -21.217   -9.537   -5.455   -5.272    1.508    2.548    2.943    4.816
            0.064500  0.037239  0.000000
  -21.219   -9.539   -5.449   -5.269    1.506    2.546    2.941    4.814
            0.064000  0.036950  0.000000
  -21.220   -9.541   -5.443   -5.266    1.504    2.544    2.939    4.812
            0.063500  0.036662  0.000000
  -21.222   -9.543   -5.438   -5.263    1.502    2.542    2.937    4.810
            0.063000  0.036373  0.000000
  -21.223   -9.545   -5.432   -5.260    1.500    2.540    2.935    4.808
            0.062500  0.036084  0.000000
  -21.225   -9.546   -5.426   -5.257    1.498    2.538    2.933    4.806
            0.062000  0.035796  0.000000
  -21.226   -9.548   -5.421   -5.254    1.496    2.536    2.931    4.804
            0.061500  0.035507  0.000000
  -21.228   -9.550   -5.415   -5.251    1.494    2.534    2.929    4.802
            0.061000  0.035218  0.000000
  -21.229   -9.552   -5.409   -5.248    1.492    2.532    2.927    4.800
            0.060500  0.034930  0.000000
  -21.231   -9.553   -5.404   -5.245    1.490    2.530    2.925    4.798
            0.060000  0.034641  0.000000
  -21.232   -9.555   -5.398   -5.242    1.488    2.528    2.923    4.796
            0.059500  0.034352  0.000000
  -21.233   -9.557   -5.393   -5.239    1.486    2.526    2.921    4.794
            0.059000  0.034064  0.000000
  -21.235   -9.558   -5.388   -5.237    1.484    2.524    2.919    4.792
            0.058500  0.033775  0.000000
  -21.236   -9.560   -5.382   -5.234    1.482    2.522    2.917    4.791
            0.058000  0.033486  0.000000
  -21.238   -9.562   -5.377   -5.231    1.480    2.520    2.915    4.789
            0.057500  0.033198  0.000000
  -21.239   -9.563   -5.372   -5.228    1.479    2.518    2.913    4.787
            0.057000  0.032909  0.000000
  -21.240   -9.565   -5.366   -5.225    1.477    2.516    2.912    4.785
            0.056500  0.032620  0.000000
  -21.242   -9.567   -5.361   -5.223    1.475    2.515    2.910    4.783
            0.056000  0.032332  0.000000
  -21.243   -9.568   -5.356   -5.220    1.473    2.513    2.908    4.781
            0.055500  0.032043  0.000000
  -21.244   -9.570   -5.351   -5.217    1.471    2.511    2.906    4.780
            0.055000  0.031754  0.000000
  -21.246   -9.571   -5.346   -5.214    1.470    2.509    2.904    4.778
            0.054500  0.031466  0.000000
  -21.247   -9.573   -5.341   -5.212    1.468    2.507    2.903    4.776
            0.054000  0.031177  0.000000
  -21.248   -9.574   -5.336   -5.209    1.466    2.506    2.901    4.774
            0.053500  0.030888  0.000000
  -21.249   -9.576   -5.331   -5.206    1.464    2.504    2.899    4.773
            0.053000  0.030600  0.000000
  -21.251   -9.577   -5.326   -5.204    1.463    2.502    2.897    4.771
            0.052500  0.030311  0.000000
  -21.252   -9.579   -5.321   -5.201    1.461    2.501    2.896    4.769
            0.052000  0.030022  0.000000
  -21.253   -9.580   -5.316   -5.199    1.459    2.499    2.894    4.768
            0.051500  0.029734  0.000000
  -21.254   -9.582   -5.311   -5.196    1.458    2.497    2.892    4.766
            0.051000  0.029445  0.000000
  -21.255   -9.583   -5.307   -5.193    1.456    2.496    2.890    4.764
            0.050500  0.029156  0.000000
  -21.257   -9.585   -5.302   -5.191    1.455    2.494    2.889    4.763
            0.050000  0.028868  0.000000
  -21.258   -9.586   -5.297   -5.188    1.453    2.492    2.887    4.761
            0.049500  0.028579  0.000000
  -21.259   -9.587   -5.293   -5.186    1.451    2.491    2.886    4.759
            0.049000  0.028290  0.000000
  -21.260   -9.589   -5.288   -5.184    1.450    2.489    2.884    4.758
            0.048500  0.028001  0.000000
  -21.261   -9.590   -5.284   -5.181    1.448    2.488    2.882    4.756
            0.048000  0.027713  0.000000
  -21.262   -9.592   -5.279   -5.179    1.447    2.486    2.881    4.755
            0.047500  0.027424  0.000000
  -21.264   -9.593   -5.275   -5.176    1.445    2.484    2.879    4.753
            0.047000  0.027135  0.000000
  -21.265   -9.594   -5.270   -5.174    1.444    2.483    2.878    4.752
            0.046500  0.026847  0.000000
  -21.266   -9.596   -5.266   -5.172    1.442    2.481    2.876    4.750
            0.046000  0.026558  0.000000
  -21.267   -9.597   -5.262   -5.169    1.441    2.480    2.875    4.749
            0.045500  0.026269  0.000000
  -21.268   -9.598   -5.257   -5.167    1.439    2.478    2.873    4.747
            0.045000  0.025981  0.000000
  -21.269   -9.599   -5.253   -5.165    1.438    2.477    2.872    4.746
            0.044500  0.025692  0.000000
  -21.270   -9.601   -5.249   -5.163    1.436    2.476    2.870    4.744
            0.044000  0.025403  0.000000
  -21.271   -9.602   -5.245   -5.160    1.435    2.474    2.869    4.743
            0.043500  0.025115  0.000000
  -21.272   -9.603   -5.241   -5.158    1.434    2.473    2.867    4.742
            0.043000  0.024826  0.000000
  -21.273   -9.604   -5.237   -5.156    1.432    2.471    2.866    4.740
            0.042500  0.024537  0.000000
  -21.274   -9.606   -5.233   -5.154    1.431    2.470    2.865    4.739
            0.042000  0.024249  0.000000
  -21.275   -9.607   -5.229   -5.152    1.430    2.469    2.863    4.737
            0.041500  0.023960  0.000000
  -21.276   -9.608   -5.225   -5.150    1.428    2.467    2.862    4.736
            0.041000  0.023671  0.000000
  -21.277   -9.609   -5.221   -5.148    1.427    2.466    2.860    4.735
            0.040500  0.023383  0.000000
  -21.278   -9.610   -5.217   -5.146    1.426    2.465    2.859    4.734
            0.040000  0.023094  0.000000
  -21.279   -9.611   -5.213   -5.144    1.424    2.463    2.858    4.732
            0.039500  0.022805  0.000000
  -21.280   -9.613   -5.210   -5.142    1.423    2.462    2.856    4.731
            0.039000  0.022517  0.000000
  -21.281   -9.614   -5.206   -5.140    1.422    2.461    2.855    4.730
            0.038500  0.022228  0.000000
  -21.282   -9.615   -5.202   -5.138    1.421    2.460    2.854    4.728
            0.038000  0.021939  0.000000
  -21.283   -9.616   -5.199   -5.136    1.419    2.458    2.853    4.727
            0.037500  0.021651  0.000000
  -21.283   -9.617   -5.195   -5.134    1.418    2.457    2.851    4.726
            0.037000  0.021362  0.000000
  -21.284   -9.618   -5.192   -5.132    1.417    2.456    2.850    4.725
            0.036500  0.021073  0.000000
  -21.285   -9.619   -5.188   -5.130    1.416    2.455    2.849    4.724
            0.036000  0.020785  0.000000
  -21.286   -9.620   -5.185   -5.128    1.415    2.454    2.848    4.722
            0.035500  0.020496  0.000000
  -21.287   -9.621   -5.182   -5.126    1.413    2.452    2.847    4.721
            0.035000  0.020207  0.000000
  -21.288   -9.622   -5.178   -5.125    1.412    2.451    2.846    4.720
            0.034500  0.019919  0.000000
  -21.289   -9.623   -5.175   -5.123    1.411    2.450    2.844    4.719
            0.034000  0.019630  0.000000
  -21.289   -9.624   -5.172   -5.121    1.410    2.449    2.843    4.718
            0.033500  0.019341  0.000000
  -21.290   -9.625   -5.168   -5.119    1.409    2.448    2.842    4.717
            0.033000  0.019053  0.000000
  -21.291   -9.626   -5.165   -5.118    1.408    2.447    2.841    4.716
            0.032500  0.018764  0.000000
  -21.292   -9.627   -5.162   -5.116    1.407    2.446    2.840    4.715
            0.032000  0.018475  0.000000
  -21.292   -9.628   -5.159   -5.114    1.406    2.445    2.839    4.714
            0.031500  0.018187  0.000000
  -21.293   -9.629   -5.156   -5.113    1.405    2.444    2.838    4.713
            0.031000  0.017898  0.000000
  -21.294   -9.630   -5.153   -5.111    1.404    2.443    2.837    4.712
            0.030500  0.017609  0.000000
  -21.295   -9.630   -5.150   -5.110    1.403    2.442    2.836    4.711
            0.030000  0.017321  0.000000
  -21.295   -9.631   -5.147   -5.108    1.402    2.441    2.835    4.710
            0.029500  0.017032  0.000000
  -21.296   -9.632   -5.145   -5.106    1.401    2.440    2.834    4.709
            0.029000  0.016743  0.000000
  -21.297   -9.633   -5.142   -5.105    1.400    2.439    2.833    4.708
            0.028500  0.016454  0.000000
  -21.297   -9.634   -5.139   -5.103    1.399    2.438    2.832    4.707
            0.028000  0.016166  0.000000
  -21.298   -9.635   -5.136   -5.102    1.398    2.437    2.831    4.706
            0.027500  0.015877  0.000000
  -21.299   -9.635   -5.134   -5.101    1.397    2.436    2.830    4.705
            0.027000  0.015588  0.000000
  -21.299   -9.636   -5.131   -5.099    1.397    2.435    2.829    4.704
            0.026500  0.015300  0.000000
  -21.300   -9.637   -5.129   -5.098    1.396    2.434    2.828    4.703
            0.026000  0.015011  0.000000
  -21.301   -9.638   -5.126   -5.096    1.395    2.434    2.828    4.703
            0.025500  0.014722  0.000000
  -21.301   -9.638   -5.124   -5.095    1.394    2.433    2.827    4.702
            0.025000  0.014434  0.000000
  -21.302   -9.639   -5.121   -5.094    1.393    2.432    2.826    4.701
            0.024500  0.014145  0.000000
  -21.302   -9.640   -5.119   -5.093    1.392    2.431    2.825    4.700
            0.024000  0.013856  0.000000
  -21.303   -9.640   -5.117   -5.091    1.392    2.430    2.824    4.699
            0.023500  0.013568  0.000000
  -21.303   -9.641   -5.114   -5.090    1.391    2.430    2.824    4.699
            0.023000  0.013279  0.000000
  -21.304   -9.642   -5.112   -5.089    1.390    2.429    2.823    4.698
            0.022500  0.012990  0.000000
  -21.305   -9.642   -5.110   -5.088    1.389    2.428    2.822    4.697
            0.022000  0.012702  0.000000
  -21.305   -9.643   -5.108   -5.087    1.389    2.427    2.821    4.696
            0.021500  0.012413  0.000000
  -21.306   -9.644   -5.106   -5.085    1.388    2.427    2.821    4.696
            0.021000  0.012124  0.000000
  -21.306   -9.644   -5.104   -5.084    1.387    2.426    2.820    4.695
            0.020500  0.011836  0.000000
  -21.307   -9.645   -5.102   -5.083    1.387    2.425    2.819    4.694
            0.020000  0.011547  0.000000
  -21.307   -9.645   -5.100   -5.082    1.386    2.425    2.819    4.694
            0.019500  0.011258  0.000000
  -21.308   -9.646   -5.098   -5.081    1.385    2.424    2.818    4.693
            0.019000  0.010970  0.000000
  -21.308   -9.647   -5.096   -5.080    1.385    2.423    2.817    4.693
            0.018500  0.010681  0.000000
  -21.308   -9.647   -5.094   -5.079    1.384    2.423    2.817    4.692
            0.018000  0.010392  0.000000
  -21.309   -9.648   -5.093   -5.078    1.384    2.422    2.816    4.691
            0.017500  0.010104  0.000000
  -21.309   -9.648   -5.091   -5.077    1.383    2.422    2.816    4.691
            0.017000  0.009815  0.000000
  -21.310   -9.649   -5.089   -5.076    1.383    2.421    2.815    4.690
            0.016500  0.009526  0.000000
  -21.310   -9.649   -5.088   -5.076    1.382    2.421    2.814    4.690
            0.016000  0.009238  0.000000
  -21.310   -9.649   -5.086   -5.075    1.381    2.420    2.814    4.689
            0.015500  0.008949  0.000000
  -21.311   -9.650   -5.085   -5.074    1.381    2.420    2.813    4.689
            0.015000  0.008660  0.000000
  -21.311   -9.650   -5.083   -5.073    1.381    2.419    2.813    4.688
            0.014500  0.008372  0.000000
  -21.312   -9.651   -5.082   -5.072    1.380    2.419    2.812    4.688
            0.014000  0.008083  0.000000
  -21.312   -9.651   -5.080   -5.072    1.380    2.418    2.812    4.687
            0.013500  0.007794  0.000000
  -21.312   -9.652   -5.079   -5.071    1.379    2.418    2.812    4.687
            0.013000  0.007506  0.000000
  -21.312   -9.652   -5.078   -5.070    1.379    2.417    2.811    4.686
            0.012500  0.007217  0.000000
  -21.313   -9.652   -5.076   -5.070    1.378    2.417    2.811    4.686
            0.012000  0.006928  0.000000
  -21.313   -9.653   -5.075   -5.069    1.378    2.416    2.810    4.686
            0.011500  0.006640  0.000000
  -21.313   -9.653   -5.074   -5.068    1.378    2.416    2.810    4.685
            0.011000  0.006351  0.000000
  -21.314   -9.653   -5.073   -5.068    1.377    2.416    2.810    4.685
            0.010500  0.006062  0.000000
  -21.314   -9.654   -5.072   -5.067    1.377    2.415    2.809    4.685
            0.010000  0.005774  0.000000
  -21.314   -9.654   -5.071   -5.067    1.377    2.415    2.809    4.684
            0.009500  0.005485  0.000000
  -21.314   -9.654   -5.070   -5.066    1.376    2.415    2.809    4.684
            0.009000  0.005196  0.000000
  -21.315   -9.654   -5.069   -5.066    1.376    2.414    2.808    4.684
            0.008500  0.004907  0.000000
  -21.315   -9.655   -5.068   -5.065    1.376    2.414    2.808    4.683
            0.008000  0.004619  0.000000
  -21.315   -9.655   -5.068   -5.065    1.375    2.414    2.808    4.683
            0.007500  0.004330  0.000000
  -21.315   -9.655   -5.067   -5.064    1.375    2.414    2.807    4.683
            0.007000  0.004041  0.000000
  -21.315   -9.655   -5.066   -5.064    1.375    2.413    2.807    4.683
            0.006500  0.003753  0.000000
  -21.315   -9.656   -5.066   -5.064    1.375    2.413    2.807    4.682
            0.006000  0.003464  0.000000
  -21.316   -9.656   -5.065   -5.063    1.374    2.413    2.807    4.682
            0.005500  0.003175  0.000000
  -21.316   -9.656   -5.064   -5.063    1.374    2.413    2.807    4.682
            0.005000  0.002887  0.000000
  -21.316   -9.656   -5.064   -5.063    1.374    2.413    2.806    4.682
            0.004500  0.002598  0.000000
  -21.316   -9.656   -5.063   -5.062    1.374    2.412    2.806    4.682
            0.004000  0.002309  0.000000
  -21.316   -9.656   -5.063   -5.062    1.374    2.412    2.806    4.682
            0.003500  0.002021  0.000000
  -21.316   -9.656   -5.063   -5.062    1.374    2.412    2.806    4.681
            0.003000  0.001732  0.000000
  -21.316   -9.656   -5.062   -5.062    1.374    2.412    2.806    4.681
            0.002500  0.001443  0.000000
  -21.316   -9.657   -5.062   -5.062    1.374    2.412    2.806    4.681
            0.002000  0.001155  0.000000
  -21.316   -9.657   -5.062   -5.062    1.373    2.412    2.806    4.681
            0.001500  0.000866  0.000000
  -21.316   -9.657   -5.062   -5.062    1.373    2.412    2.806    4.681
            0.001000  0.000577  0.000000
  -21.316   -9.657   -5.062   -5.061    1.373    2.412    2.806    4.681
            0.000500  0.000289  0.000000
  -21.316   -9.657   -5.061   -5.061    1.373    2.412    2.806    4.681
            0.000000  0.000000  0.000000
  -21.316   -9.657   -5.061   -5.061    1.373    2.412    2.806    4.681
