 &plot nbnd=  16, nks=  1501 /
            0.000000  0.000000  0.000000
  -21.240  -21.240   -9.337   -9.337   -4.783   -4.783   -4.774   -4.774    1.517    1.517
    2.411    2.411    2.840    2.840    4.739    4.739
            0.000667  0.001155  0.000000
  -21.240  -21.240   -9.336   -9.336   -4.783   -4.783   -4.774   -4.774    1.517    1.517
    2.411    2.411    2.840    2.840    4.739    4.739
            0.001333  0.002309  0.000000
  -21.240  -21.240   -9.336   -9.336   -4.783   -4.783   -4.774   -4.774    1.518    1.518
    2.411    2.411    2.841    2.841    4.739    4.739
            0.002000  0.003464  0.000000
  -21.240  -21.240   -9.336   -9.336   -4.784   -4.784   -4.775   -4.775    1.518    1.518
    2.411    2.411    2.841    2.841    4.739    4.739
            0.002667  0.004619  0.000000
  -21.240  -21.240   -9.336   -9.336   -4.785   -4.785   -4.775   -4.775    1.518    1.518
    2.412    2.412    2.841    2.841    4.739    4.739
            0.003333  0.005774  0.000000
  -21.239  -21.239   -9.336   -9.336   -4.786   -4.786   -4.776   -4.776    1.518    1.518
    2.412    2.412    2.842    2.842    4.740    4.740
            0.004000  0.006928  0.000000
  -21.239  -21.239   -9.335   -9.335   -4.787   -4.787   -4.777   -4.777    1.519    1.519
    2.413    2.413    2.842    2.842    4.740    4.740
            0.004667  0.008083  0.000000
  -21.239  -21.239   -9.335   -9.335   -4.788   -4.788   -4.779   -4.779    1.519    1.519
    2.413    2.413    2.843    2.843    4.741    4.741
            0.005333  0.009238  0.000000
  -21.238  -21.238   -9.334   -9.334   -4.790   -4.790   -4.780   -4.780    1.520    1.520
    2.414    2.414    2.843    2.843    4.742    4.742
            0.006000  0.010392  0.000000
  -21.238  -21.238   -9.333   -9.333   -4.792   -4.792   -4.781   -4.781    1.521    1.521
    2.415    2.415    2.844    2.844    4.742    4.742
            0.006667  0.011547  0.000000
  -21.237  -21.237   -9.333   -9.333   -4.794   -4.794   -4.783   -4.783    1.522    1.522
    2.415    2.415    2.845    2.845    4.743    4.743
            0.007333  0.012702  0.000000
  -21.236  -21.236   -9.332   -9.332   -4.797   -4.797   -4.785   -4.785    1.523    1.523
    2.416    2.416    2.846    2.846    4.744    4.744
            0.008000  0.013856  0.000000
  -21.236  -21.236   -9.331   -9.331   -4.799   -4.799   -4.787   -4.787    1.524    1.524
    2.417    2.417    2.847    2.847    4.745    4.745
            0.008667  0.015011  0.000000
  -21.235  -21.235   -9.330   -9.330   -4.802   -4.802   -4.789   -4.789    1.525    1.525
    2.418    2.418    2.848    2.848    4.746    4.746
            0.009333  0.016166  0.000000
  -21.234  -21.234   -9.329   -9.329   -4.806   -4.806   -4.791   -4.791    1.526    1.526
    2.420    2.420    2.849    2.849    4.747    4.747
            0.010000  0.017321  0.000000
  -21.233  -21.233   -9.328   -9.328   -4.809   -4.809   -4.793   -4.793    1.527    1.527
    2.421    2.421    2.850    2.850    4.748    4.748
            0.010667  0.018475  0.000000
  -21.232  -21.232   -9.327   -9.327   -4.813   -4.813   -4.795   -4.795    1.528    1.528
    2.422    2.422    2.852    2.852    4.750    4.750
            0.011333  0.019630  0.000000
  -21.231  -21.231   -9.326   -9.326   -4.817   -4.817   -4.797   -4.797    1.530    1.530
    2.424    2.424    2.853    2.853    4.751    4.751
            0.012000  0.020785  0.000000
  -21.230  -21.230   -9.324   -9.324   -4.822   -4.822   -4.800   -4.800    1.531    1.531
    2.425    2.425    2.855    2.855    4.753    4.753
            0.012667  0.021939  0.000000
  -21.229  -21.229   -9.323   -9.323   -4.827   -4.827   -4.803   -4.803    1.533    1.533
    2.427    2.427    2.856    2.856    4.754    4.754
            0.013333  0.023094  0.000000
  -21.228  -21.228   -9.321   -9.321   -4.832   -4.832   -4.805   -4.805    1.534    1.534
    2.428    2.428    2.858    2.858    4.756    4.756
            0.014000  0.024249  0.000000
  -21.226  -21.226   -9.320   -9.320   -4.837   -4.837   -4.808   -4.808    1.536    1.536
    2.430    2.430    2.860    2.860    4.758    4.758
            0.014667  0.025403  0.000000
  -21.225  -21.225   -9.318   -9.318   -4.842   -4.842   -4.811   -4.811    1.538    1.538
    2.432    2.432    2.861    2.861    4.760    4.760
            0.015333  0.026558  0.000000
  -21.224  -21.224   -9.317   -9.317   -4.848   -4.848   -4.815   -4.815    1.540    1.540
    2.434    2.434    2.863    2.863    4.761    4.761
            0.016000  0.027713  0.000000
  -21.222  -21.222   -9.315   -9.315   -4.854   -4.854   -4.818   -4.818    1.542    1.542
    2.436    2.436    2.865    2.865    4.763    4.763
            0.016667  0.028868  0.000000
  -21.221  -21.221   -9.313   -9.313   -4.861   -4.861   -4.821   -4.821    1.544    1.544
    2.438    2.438    2.868    2.868    4.766    4.766
            0.017333  0.030022  0.000000
  -21.219  -21.219   -9.311   -9.311   -4.867   -4.867   -4.825   -4.825    1.546    1.546
    2.440    2.440    2.870    2.870    4.768    4.768
            0.018000  0.031177  0.000000
  -21.217  -21.217   -9.309   -9.309   -4.874   -4.874   -4.829   -4.829    1.549    1.549
    2.443    2.443    2.872    2.872    4.770    4.770
            0.018667  0.032332  0.000000
  -21.216  -21.216   -9.307   -9.307   -4.881   -4.881   -4.832   -4.832    1.551    1.551
    2.445    2.445    2.875    2.875    4.772    4.772
            0.019333  0.033486  0.000000
  -21.214  -21.214   -9.305   -9.305   -4.888   -4.888   -4.836   -4.836    1.553    1.553
    2.447    2.447    2.877    2.877    4.775    4.775
            0.020000  0.034641  0.000000
  -21.212  -21.212   -9.303   -9.303   -4.896   -4.896   -4.841   -4.841    1.556    1.556
    2.450    2.450    2.880    2.880    4.777    4.777
            0.020667  0.035796  0.000000
  -21.210  -21.210   -9.300   -9.300   -4.903   -4.903   -4.845   -4.845    1.558    1.558
    2.453    2.453    2.882    2.882    4.780    4.780
            0.021333  0.036950  0.000000
  -21.208  -21.208   -9.298   -9.298   -4.912   -4.912   -4.849   -4.849    1.561    1.561
    2.455    2.455    2.885    2.885    4.783    4.783
            0.022000  0.038105  0.000000
  -21.206  -21.206   -9.296   -9.296   -4.920   -4.920   -4.854   -4.854    1.564    1.564
    2.458    2.458    2.888    2.888    4.785    4.785
            0.022667  0.039260  0.000000
  -21.204  -21.204   -9.293   -9.293   -4.928   -4.928   -4.858   -4.858    1.567    1.567
    2.461    2.461    2.891    2.891    4.788    4.788
            0.023333  0.040415  0.000000
  -21.202  -21.202   -9.290   -9.290   -4.937   -4.937   -4.863   -4.863    1.570    1.570
    2.464    2.464    2.894    2.894    4.791    4.791
            0.024000  0.041569  0.000000
  -21.199  -21.199   -9.288   -9.288   -4.946   -4.946   -4.868   -4.868    1.573    1.573
    2.467    2.467    2.897    2.897    4.794    4.794
            0.024667  0.042724  0.000000
  -21.197  -21.197   -9.285   -9.285   -4.955   -4.955   -4.873   -4.873    1.576    1.576
    2.470    2.470    2.900    2.900    4.797    4.797
            0.025333  0.043879  0.000000
  -21.195  -21.195   -9.282   -9.282   -4.965   -4.965   -4.878   -4.878    1.579    1.579
    2.473    2.473    2.903    2.903    4.801    4.801
            0.026000  0.045033  0.000000
  -21.192  -21.192   -9.279   -9.279   -4.974   -4.974   -4.884   -4.884    1.582    1.582
    2.477    2.477    2.907    2.907    4.804    4.804
            0.026667  0.046188  0.000000
  -21.190  -21.190   -9.276   -9.276   -4.984   -4.984   -4.889   -4.889    1.586    1.586
    2.480    2.480    2.910    2.910    4.807    4.807
            0.027333  0.047343  0.000000
  -21.187  -21.187   -9.273   -9.273   -4.994   -4.994   -4.895   -4.895    1.589    1.589
    2.484    2.484    2.914    2.914    4.811    4.811
            0.028000  0.048497  0.000000
  -21.185  -21.185   -9.270   -9.270   -5.005   -5.005   -4.900   -4.900    1.593    1.593
    2.487    2.487    2.917    2.917    4.814    4.814
            0.028667  0.049652  0.000000
  -21.182  -21.182   -9.267   -9.267   -5.015   -5.015   -4.906   -4.906    1.596    1.596
    2.491    2.491    2.921    2.921    4.818    4.818
            0.029333  0.050807  0.000000
  -21.179  -21.179   -9.264   -9.264   -5.026   -5.026   -4.912   -4.912    1.600    1.600
    2.495    2.495    2.925    2.925    4.822    4.822
            0.030000  0.051962  0.000000
  -21.177  -21.177   -9.260   -9.260   -5.037   -5.037   -4.918   -4.918    1.604    1.604
    2.498    2.498    2.929    2.929    4.826    4.826
            0.030667  0.053116  0.000000
  -21.174  -21.174   -9.257   -9.257   -5.048   -5.048   -4.924   -4.924    1.608    1.608
    2.502    2.502    2.932    2.932    4.829    4.829
            0.031333  0.054271  0.000000
  -21.171  -21.171   -9.253   -9.253   -5.060   -5.060   -4.931   -4.931    1.612    1.612
    2.506    2.506    2.937    2.937    4.833    4.833
            0.032000  0.055426  0.000000
  -21.168  -21.168   -9.250   -9.250   -5.071   -5.071   -4.937   -4.937    1.616    1.616
    2.510    2.510    2.941    2.941    4.837    4.837
            0.032667  0.056580  0.000000
  -21.165  -21.165   -9.246   -9.246   -5.083   -5.083   -4.944   -4.944    1.620    1.620
    2.515    2.515    2.945    2.945    4.842    4.842
            0.033333  0.057735  0.000000
  -21.162  -21.162   -9.242   -9.242   -5.095   -5.095   -4.951   -4.951    1.624    1.624
    2.519    2.519    2.949    2.949    4.846    4.846
            0.034000  0.058890  0.000000
  -21.158  -21.158   -9.239   -9.239   -5.108   -5.108   -4.957   -4.957    1.629    1.629
    2.523    2.523    2.954    2.954    4.850    4.850
            0.034667  0.060044  0.000000
  -21.155  -21.155   -9.235   -9.235   -5.120   -5.120   -4.964   -4.964    1.633    1.633
    2.528    2.528    2.958    2.958    4.855    4.855
            0.035333  0.061199  0.000000
  -21.152  -21.152   -9.231   -9.231   -5.133   -5.133   -4.972   -4.972    1.638    1.638
    2.532    2.532    2.963    2.963    4.859    4.859
            0.036000  0.062354  0.000000
  -21.149  -21.149   -9.227   -9.227   -5.146   -5.146   -4.979   -4.979    1.642    1.642
    2.537    2.537    2.967    2.967    4.864    4.864
            0.036667  0.063509  0.000000
  -21.145  -21.145   -9.223   -9.223   -5.159   -5.159   -4.986   -4.986    1.647    1.647
    2.542    2.542    2.972    2.972    4.868    4.868
            0.037333  0.064663  0.000000
  -21.142  -21.142   -9.219   -9.219   -5.172   -5.172   -4.994   -4.994    1.652    1.652
    2.546    2.546    2.977    2.977    4.873    4.873
            0.038000  0.065818  0.000000
  -21.138  -21.138   -9.214   -9.214   -5.186   -5.186   -5.001   -5.001    1.656    1.656
    2.551    2.551    2.982    2.982    4.878    4.878
            0.038667  0.066973  0.000000
  -21.134  -21.134   -9.210   -9.210   -5.200   -5.200   -5.009   -5.009    1.661    1.661
    2.556    2.556    2.987    2.987    4.883    4.883
            0.039333  0.068127  0.000000
  -21.131  -21.131   -9.206   -9.206   -5.214   -5.214   -5.017   -5.017    1.666    1.666
    2.561    2.561    2.992    2.992    4.888    4.888
            0.040000  0.069282  0.000000
  -21.127  -21.127   -9.201   -9.201   -5.228   -5.228   -5.025   -5.025    1.671    1.671
    2.566    2.566    2.997    2.997    4.893    4.893
            0.040667  0.070437  0.000000
  -21.123  -21.123   -9.197   -9.197   -5.242   -5.242   -5.033   -5.033    1.677    1.677
    2.572    2.572    3.002    3.002    4.898    4.898
            0.041333  0.071591  0.000000
  -21.119  -21.119   -9.192   -9.192   -5.256   -5.256   -5.042   -5.042    1.682    1.682
    2.577    2.577    3.008    3.008    4.903    4.903
            0.042000  0.072746  0.000000
  -21.115  -21.115   -9.187   -9.187   -5.271   -5.271   -5.050   -5.050    1.687    1.687
    2.582    2.582    3.013    3.013    4.909    4.909
            0.042667  0.073901  0.000000
  -21.111  -21.111   -9.183   -9.183   -5.286   -5.286   -5.058   -5.058    1.693    1.693
    2.588    2.588    3.019    3.019    4.914    4.914
            0.043333  0.075056  0.000000
  -21.107  -21.107   -9.178   -9.178   -5.301   -5.301   -5.067   -5.067    1.698    1.698
    2.593    2.593    3.024    3.024    4.920    4.920
            0.044000  0.076210  0.000000
  -21.103  -21.103   -9.173   -9.173   -5.316   -5.316   -5.076   -5.076    1.704    1.704
    2.599    2.599    3.030    3.030    4.925    4.925
            0.044667  0.077365  0.000000
  -21.099  -21.099   -9.168   -9.168   -5.332   -5.332   -5.085   -5.085    1.709    1.709
    2.605    2.605    3.036    3.036    4.931    4.931
            0.045333  0.078520  0.000000
  -21.095  -21.095   -9.163   -9.163   -5.347   -5.347   -5.094   -5.094    1.715    1.715
    2.610    2.610    3.042    3.042    4.937    4.937
            0.046000  0.079674  0.000000
  -21.091  -21.091   -9.158   -9.158   -5.363   -5.363   -5.103   -5.103    1.721    1.721
    2.616    2.616    3.048    3.048    4.943    4.943
            0.046667  0.080829  0.000000
  -21.086  -21.086   -9.152   -9.152   -5.379   -5.379   -5.112   -5.112    1.727    1.727
    2.622    2.622    3.054    3.054    4.949    4.949
            0.047333  0.081984  0.000000
  -21.082  -21.082   -9.147   -9.147   -5.395   -5.395   -5.122   -5.122    1.733    1.733
    2.628    2.628    3.060    3.060    4.955    4.955
            0.048000  0.083138  0.000000
  -21.077  -21.077   -9.142   -9.142   -5.411   -5.411   -5.131   -5.131    1.739    1.739
    2.635    2.635    3.066    3.066    4.961    4.961
            0.048667  0.084293  0.000000
  -21.073  -21.073   -9.136   -9.136   -5.428   -5.428   -5.141   -5.141    1.745    1.745
    2.641    2.641    3.072    3.072    4.967    4.967
            0.049333  0.085448  0.000000
  -21.068  -21.068   -9.131   -9.131   -5.444   -5.444   -5.151   -5.151    1.752    1.752
    2.647    2.647    3.079    3.079    4.973    4.973
            0.050000  0.086603  0.000000
  -21.063  -21.063   -9.125   -9.125   -5.461   -5.461   -5.160   -5.160    1.758    1.758
    2.654    2.654    3.085    3.085    4.980    4.980
            0.050667  0.087757  0.000000
  -21.059  -21.059   -9.120   -9.120   -5.478   -5.478   -5.170   -5.170    1.764    1.764
    2.660    2.660    3.092    3.092    4.986    4.986
            0.051333  0.088912  0.000000
  -21.054  -21.054   -9.114   -9.114   -5.495   -5.495   -5.180   -5.180    1.771    1.771
    2.667    2.667    3.098    3.098    4.993    4.993
            0.052000  0.090067  0.000000
  -21.049  -21.049   -9.108   -9.108   -5.512   -5.512   -5.191   -5.191    1.778    1.778
    2.673    2.673    3.105    3.105    4.999    4.999
            0.052667  0.091221  0.000000
  -21.044  -21.044   -9.102   -9.102   -5.530   -5.530   -5.201   -5.201    1.784    1.784
    2.680    2.680    3.112    3.112    5.006    5.006
            0.053333  0.092376  0.000000
  -21.039  -21.039   -9.096   -9.096   -5.547   -5.547   -5.211   -5.211    1.791    1.791
    2.687    2.687    3.119    3.119    5.013    5.013
            0.054000  0.093531  0.000000
  -21.034  -21.034   -9.090   -9.090   -5.565   -5.565   -5.222   -5.222    1.798    1.798
    2.694    2.694    3.126    3.126    5.020    5.020
            0.054667  0.094685  0.000000
  -21.029  -21.029   -9.084   -9.084   -5.583   -5.583   -5.233   -5.233    1.805    1.805
    2.701    2.701    3.133    3.133    5.027    5.027
            0.055333  0.095840  0.000000
  -21.024  -21.024   -9.078   -9.078   -5.601   -5.601   -5.244   -5.244    1.812    1.812
    2.708    2.708    3.140    3.140    5.034    5.034
            0.056000  0.096995  0.000000
  -21.018  -21.018   -9.072   -9.072   -5.619   -5.619   -5.254   -5.254    1.819    1.819
    2.715    2.715    3.147    3.147    5.041    5.041
            0.056667  0.098150  0.000000
  -21.013  -21.013   -9.065   -9.065   -5.637   -5.637   -5.265   -5.265    1.826    1.826
    2.723    2.723    3.155    3.155    5.048    5.048
            0.057333  0.099304  0.000000
  -21.008  -21.008   -9.059   -9.059   -5.655   -5.655   -5.277   -5.277    1.834    1.834
    2.730    2.730    3.162    3.162    5.055    5.055
            0.058000  0.100459  0.000000
  -21.002  -21.002   -9.052   -9.052   -5.674   -5.674   -5.288   -5.288    1.841    1.841
    2.737    2.737    3.170    3.170    5.063    5.063
            0.058667  0.101614  0.000000
  -20.997  -20.997   -9.046   -9.046   -5.693   -5.693   -5.299   -5.299    1.849    1.849
    2.745    2.745    3.177    3.177    5.070    5.070
            0.059333  0.102768  0.000000
  -20.991  -20.991   -9.039   -9.039   -5.711   -5.711   -5.311   -5.311    1.856    1.856
    2.753    2.753    3.185    3.185    5.078    5.078
            0.060000  0.103923  0.000000
  -20.986  -20.986   -9.032   -9.032   -5.730   -5.730   -5.322   -5.322    1.864    1.864
    2.760    2.760    3.193    3.193    5.085    5.085
            0.060667  0.105078  0.000000
  -20.980  -20.980   -9.026   -9.026   -5.749   -5.749   -5.334   -5.334    1.872    1.872
    2.768    2.768    3.201    3.201    5.093    5.093
            0.061333  0.106232  0.000000
  -20.974  -20.974   -9.019   -9.019   -5.769   -5.769   -5.346   -5.346    1.879    1.879
    2.776    2.776    3.209    3.209    5.101    5.101
            0.062000  0.107387  0.000000
  -20.968  -20.968   -9.012   -9.012   -5.788   -5.788   -5.358   -5.358    1.887    1.887
    2.784    2.784    3.217    3.217    5.109    5.109
            0.062667  0.108542  0.000000
  -20.963  -20.963   -9.005   -9.005   -5.807   -5.807   -5.370   -5.370    1.895    1.895
    2.792    2.792    3.225    3.225    5.117    5.117
            0.063333  0.109697  0.000000
  -20.957  -20.957   -8.998   -8.998   -5.827   -5.827   -5.382   -5.382    1.903    1.903
    2.800    2.800    3.233    3.233    5.125    5.125
            0.064000  0.110851  0.000000
  -20.951  -20.951   -8.991   -8.991   -5.847   -5.847   -5.394   -5.394    1.912    1.912
    2.808    2.808    3.241    3.241    5.133    5.133
            0.064667  0.112006  0.000000
  -20.945  -20.945   -8.984   -8.984   -5.866   -5.866   -5.406   -5.406    1.920    1.920
    2.817    2.817    3.250    3.250    5.141    5.141
            0.065333  0.113161  0.000000
  -20.938  -20.938   -8.976   -8.976   -5.886   -5.886   -5.419   -5.419    1.928    1.928
    2.825    2.825    3.258    3.258    5.150    5.150
            0.066000  0.114315  0.000000
  -20.932  -20.932   -8.969   -8.969   -5.906   -5.906   -5.431   -5.431    1.937    1.937
    2.834    2.834    3.267    3.267    5.158    5.158
            0.066667  0.115470  0.000000
  -20.926  -20.926   -8.961   -8.961   -5.927   -5.927   -5.444   -5.444    1.945    1.945
    2.842    2.842    3.276    3.276    5.167    5.167
            0.067333  0.116625  0.000000
  -20.920  -20.920   -8.954   -8.954   -5.947   -5.947   -5.457   -5.457    1.954    1.954
    2.851    2.851    3.284    3.284    5.175    5.175
            0.068000  0.117779  0.000000
  -20.913  -20.913   -8.946   -8.946   -5.967   -5.967   -5.470   -5.470    1.963    1.963
    2.860    2.860    3.293    3.293    5.184    5.184
            0.068667  0.118934  0.000000
  -20.907  -20.907   -8.939   -8.939   -5.988   -5.988   -5.483   -5.483    1.971    1.971
    2.868    2.868    3.302    3.302    5.193    5.193
            0.069333  0.120089  0.000000
  -20.900  -20.900   -8.931   -8.931   -6.008   -6.008   -5.496   -5.496    1.980    1.980
    2.877    2.877    3.311    3.311    5.202    5.202
            0.070000  0.121244  0.000000
  -20.894  -20.894   -8.923   -8.923   -6.029   -6.029   -5.509   -5.509    1.989    1.989
    2.886    2.886    3.320    3.320    5.210    5.210
            0.070667  0.122398  0.000000
  -20.887  -20.887   -8.915   -8.915   -6.050   -6.050   -5.522   -5.522    1.998    1.998
    2.895    2.895    3.329    3.329    5.219    5.219
            0.071333  0.123553  0.000000
  -20.881  -20.881   -8.907   -8.907   -6.071   -6.071   -5.536   -5.536    2.007    2.007
    2.905    2.905    3.339    3.339    5.229    5.229
            0.072000  0.124708  0.000000
  -20.874  -20.874   -8.899   -8.899   -6.092   -6.092   -5.549   -5.549    2.016    2.016
    2.914    2.914    3.348    3.348    5.238    5.238
            0.072667  0.125862  0.000000
  -20.867  -20.867   -8.891   -8.891   -6.113   -6.113   -5.563   -5.563    2.026    2.026
    2.923    2.923    3.357    3.357    5.247    5.247
            0.073333  0.127017  0.000000
  -20.860  -20.860   -8.883   -8.883   -6.134   -6.134   -5.576   -5.576    2.035    2.035
    2.933    2.933    3.367    3.367    5.256    5.256
            0.074000  0.128172  0.000000
  -20.853  -20.853   -8.875   -8.875   -6.155   -6.155   -5.590   -5.590    2.045    2.045
    2.942    2.942    3.377    3.377    5.266    5.266
            0.074667  0.129326  0.000000
  -20.846  -20.846   -8.867   -8.867   -6.177   -6.177   -5.604   -5.604    2.054    2.054
    2.952    2.952    3.386    3.386    5.275    5.275
            0.075333  0.130481  0.000000
  -20.839  -20.839   -8.858   -8.858   -6.198   -6.198   -5.618   -5.618    2.064    2.064
    2.961    2.961    3.396    3.396    5.285    5.285
            0.076000  0.131636  0.000000
  -20.832  -20.832   -8.850   -8.850   -6.220   -6.220   -5.632   -5.632    2.073    2.073
    2.971    2.971    3.406    3.406    5.295    5.295
            0.076667  0.132791  0.000000
  -20.825  -20.825   -8.841   -8.841   -6.242   -6.242   -5.646   -5.646    2.083    2.083
    2.981    2.981    3.416    3.416    5.304    5.304
            0.077333  0.133945  0.000000
  -20.818  -20.818   -8.833   -8.833   -6.263   -6.263   -5.661   -5.661    2.093    2.093
    2.991    2.991    3.426    3.426    5.314    5.314
            0.078000  0.135100  0.000000
  -20.810  -20.810   -8.824   -8.824   -6.285   -6.285   -5.675   -5.675    2.103    2.103
    3.001    3.001    3.436    3.436    5.324    5.324
            0.078667  0.136255  0.000000
  -20.803  -20.803   -8.815   -8.815   -6.307   -6.307   -5.689   -5.689    2.113    2.113
    3.011    3.011    3.446    3.446    5.334    5.334
            0.079333  0.137409  0.000000
  -20.796  -20.796   -8.806   -8.806   -6.329   -6.329   -5.704   -5.704    2.123    2.123
    3.021    3.021    3.457    3.457    5.344    5.344
            0.080000  0.138564  0.000000
  -20.788  -20.788   -8.797   -8.797   -6.351   -6.351   -5.719   -5.719    2.134    2.134
    3.032    3.032    3.467    3.467    5.355    5.355
            0.080667  0.139719  0.000000
  -20.781  -20.781   -8.788   -8.788   -6.374   -6.374   -5.733   -5.733    2.144    2.144
    3.042    3.042    3.478    3.478    5.365    5.365
            0.081333  0.140873  0.000000
  -20.773  -20.773   -8.779   -8.779   -6.396   -6.396   -5.748   -5.748    2.154    2.154
    3.052    3.052    3.488    3.488    5.375    5.375
            0.082000  0.142028  0.000000
  -20.765  -20.765   -8.770   -8.770   -6.418   -6.418   -5.763   -5.763    2.165    2.165
    3.063    3.063    3.499    3.499    5.386    5.386
            0.082667  0.143183  0.000000
  -20.758  -20.758   -8.761   -8.761   -6.441   -6.441   -5.778   -5.778    2.175    2.175
    3.074    3.074    3.510    3.510    5.396    5.396
            0.083333  0.144338  0.000000
  -20.750  -20.750   -8.752   -8.752   -6.463   -6.463   -5.793   -5.793    2.186    2.186
    3.084    3.084    3.520    3.520    5.407    5.407
            0.084000  0.145492  0.000000
  -20.742  -20.742   -8.743   -8.743   -6.486   -6.486   -5.808   -5.808    2.197    2.197
    3.095    3.095    3.531    3.531    5.417    5.417
            0.084667  0.146647  0.000000
  -20.734  -20.734   -8.733   -8.733   -6.508   -6.508   -5.823   -5.823    2.207    2.207
    3.106    3.106    3.542    3.542    5.428    5.428
            0.085333  0.147802  0.000000
  -20.726  -20.726   -8.724   -8.724   -6.531   -6.531   -5.839   -5.839    2.218    2.218
    3.117    3.117    3.553    3.553    5.439    5.439
            0.086000  0.148956  0.000000
  -20.718  -20.718   -8.714   -8.714   -6.554   -6.554   -5.854   -5.854    2.229    2.229
    3.128    3.128    3.565    3.565    5.450    5.450
            0.086667  0.150111  0.000000
  -20.710  -20.710   -8.704   -8.704   -6.576   -6.576   -5.870   -5.870    2.240    2.240
    3.139    3.139    3.576    3.576    5.461    5.461
            0.087333  0.151266  0.000000
  -20.702  -20.702   -8.695   -8.695   -6.599   -6.599   -5.885   -5.885    2.252    2.252
    3.150    3.150    3.587    3.587    5.472    5.472
            0.088000  0.152420  0.000000
  -20.694  -20.694   -8.685   -8.685   -6.622   -6.622   -5.901   -5.901    2.263    2.263
    3.162    3.162    3.599    3.599    5.484    5.484
            0.088667  0.153575  0.000000
  -20.685  -20.685   -8.675   -8.675   -6.645   -6.645   -5.917   -5.917    2.274    2.274
    3.173    3.173    3.610    3.610    5.495    5.495
            0.089333  0.154730  0.000000
  -20.677  -20.677   -8.665   -8.665   -6.668   -6.668   -5.933   -5.933    2.286    2.286
    3.185    3.185    3.622    3.622    5.506    5.506
            0.090000  0.155885  0.000000
  -20.668  -20.668   -8.655   -8.655   -6.692   -6.692   -5.949   -5.949    2.297    2.297
    3.196    3.196    3.634    3.634    5.518    5.518
            0.090667  0.157039  0.000000
  -20.660  -20.660   -8.645   -8.645   -6.715   -6.715   -5.965   -5.965    2.309    2.309
    3.208    3.208    3.645    3.645    5.529    5.529
            0.091333  0.158194  0.000000
  -20.651  -20.651   -8.635   -8.635   -6.738   -6.738   -5.981   -5.981    2.320    2.320
    3.219    3.219    3.657    3.657    5.541    5.541
            0.092000  0.159349  0.000000
  -20.643  -20.643   -8.625   -8.625   -6.761   -6.761   -5.997   -5.997    2.332    2.332
    3.231    3.231    3.669    3.669    5.553    5.553
            0.092667  0.160503  0.000000
  -20.634  -20.634   -8.615   -8.615   -6.785   -6.785   -6.013   -6.013    2.344    2.344
    3.243    3.243    3.681    3.681    5.564    5.564
            0.093333  0.161658  0.000000
  -20.626  -20.626   -8.604   -8.604   -6.808   -6.808   -6.029   -6.029    2.356    2.356
    3.255    3.255    3.693    3.693    5.576    5.576
            0.094000  0.162813  0.000000
  -20.617  -20.617   -8.594   -8.594   -6.832   -6.832   -6.046   -6.046    2.368    2.368
    3.267    3.267    3.706    3.706    5.588    5.588
            0.094667  0.163967  0.000000
  -20.608  -20.608   -8.583   -8.583   -6.855   -6.855   -6.062   -6.062    2.380    2.380
    3.279    3.279    3.718    3.718    5.600    5.600
            0.095333  0.165122  0.000000
  -20.599  -20.599   -8.573   -8.573   -6.879   -6.879   -6.079   -6.079    2.392    2.392
    3.292    3.292    3.730    3.730    5.612    5.612
            0.096000  0.166277  0.000000
  -20.590  -20.590   -8.562   -8.562   -6.902   -6.902   -6.095   -6.095    2.405    2.405
    3.304    3.304    3.743    3.743    5.625    5.625
            0.096667  0.167432  0.000000
  -20.581  -20.581   -8.552   -8.552   -6.926   -6.926   -6.112   -6.112    2.417    2.417
    3.316    3.316    3.755    3.755    5.637    5.637
            0.097333  0.168586  0.000000
  -20.572  -20.572   -8.541   -8.541   -6.950   -6.950   -6.129   -6.129    2.429    2.429
    3.329    3.329    3.768    3.768    5.649    5.649
            0.098000  0.169741  0.000000
  -20.563  -20.563   -8.530   -8.530   -6.974   -6.974   -6.146   -6.146    2.442    2.442
    3.342    3.342    3.781    3.781    5.662    5.662
            0.098667  0.170896  0.000000
  -20.554  -20.554   -8.519   -8.519   -6.997   -6.997   -6.163   -6.163    2.455    2.455
    3.354    3.354    3.794    3.794    5.674    5.674
            0.099333  0.172050  0.000000
  -20.544  -20.544   -8.508   -8.508   -7.021   -7.021   -6.180   -6.180    2.467    2.467
    3.367    3.367    3.807    3.807    5.687    5.687
            0.100000  0.173205  0.000000
  -20.535  -20.535   -8.497   -8.497   -7.045   -7.045   -6.197   -6.197    2.480    2.480
    3.380    3.380    3.820    3.820    5.700    5.700
            0.100667  0.174360  0.000000
  -20.526  -20.526   -8.486   -8.486   -7.069   -7.069   -6.214   -6.214    2.493    2.493
    3.393    3.393    3.833    3.833    5.712    5.712
            0.101333  0.175514  0.000000
  -20.516  -20.516   -8.475   -8.475   -7.093   -7.093   -6.231   -6.231    2.506    2.506
    3.406    3.406    3.846    3.846    5.725    5.725
            0.102000  0.176669  0.000000
  -20.507  -20.507   -8.464   -8.464   -7.117   -7.117   -6.248   -6.248    2.519    2.519
    3.419    3.419    3.859    3.859    5.738    5.738
            0.102667  0.177824  0.000000
  -20.497  -20.497   -8.452   -8.452   -7.141   -7.141   -6.266   -6.266    2.532    2.532
    3.432    3.432    3.873    3.873    5.751    5.751
            0.103333  0.178979  0.000000
  -20.487  -20.487   -8.441   -8.441   -7.165   -7.165   -6.283   -6.283    2.545    2.545
    3.445    3.445    3.886    3.886    5.765    5.765
            0.104000  0.180133  0.000000
  -20.478  -20.478   -8.429   -8.429   -7.189   -7.189   -6.301   -6.301    2.559    2.559
    3.459    3.459    3.900    3.900    5.778    5.778
            0.104667  0.181288  0.000000
  -20.468  -20.468   -8.418   -8.418   -7.213   -7.213   -6.318   -6.318    2.572    2.572
    3.472    3.472    3.913    3.913    5.791    5.791
            0.105333  0.182443  0.000000
  -20.458  -20.458   -8.406   -8.406   -7.238   -7.238   -6.336   -6.336    2.586    2.586
    3.486    3.486    3.927    3.927    5.804    5.804
            0.106000  0.183597  0.000000
  -20.448  -20.448   -8.395   -8.395   -7.262   -7.262   -6.354   -6.354    2.599    2.599
    3.499    3.499    3.941    3.941    5.818    5.818
            0.106667  0.184752  0.000000
  -20.438  -20.438   -8.383   -8.383   -7.286   -7.286   -6.371   -6.371    2.613    2.613
    3.513    3.513    3.955    3.955    5.831    5.831
            0.107333  0.185907  0.000000
  -20.428  -20.428   -8.371   -8.371   -7.310   -7.310   -6.389   -6.389    2.626    2.626
    3.527    3.527    3.969    3.969    5.845    5.845
            0.108000  0.187061  0.000000
  -20.418  -20.418   -8.359   -8.359   -7.335   -7.335   -6.407   -6.407    2.640    2.640
    3.541    3.541    3.983    3.983    5.859    5.859
            0.108667  0.188216  0.000000
  -20.408  -20.408   -8.347   -8.347   -7.359   -7.359   -6.425   -6.425    2.654    2.654
    3.554    3.554    3.997    3.997    5.873    5.873
            0.109333  0.189371  0.000000
  -20.398  -20.398   -8.335   -8.335   -7.384   -7.384   -6.443   -6.443    2.668    2.668
    3.569    3.569    4.011    4.011    5.887    5.887
            0.110000  0.190526  0.000000
  -20.388  -20.388   -8.323   -8.323   -7.408   -7.408   -6.461   -6.461    2.682    2.682
    3.583    3.583    4.025    4.025    5.901    5.901
            0.110667  0.191680  0.000000
  -20.377  -20.377   -8.311   -8.311   -7.432   -7.432   -6.479   -6.479    2.696    2.696
    3.597    3.597    4.040    4.040    5.915    5.915
            0.111333  0.192835  0.000000
  -20.367  -20.367   -8.299   -8.299   -7.457   -7.457   -6.497   -6.497    2.711    2.711
    3.611    3.611    4.054    4.054    5.929    5.929
            0.112000  0.193990  0.000000
  -20.356  -20.356   -8.286   -8.286   -7.481   -7.481   -6.516   -6.516    2.725    2.725
    3.625    3.625    4.069    4.069    5.943    5.943
            0.112667  0.195144  0.000000
  -20.346  -20.346   -8.274   -8.274   -7.506   -7.506   -6.534   -6.534    2.739    2.739
    3.640    3.640    4.084    4.084    5.957    5.957
            0.113333  0.196299  0.000000
  -20.335  -20.335   -8.261   -8.261   -7.530   -7.530   -6.552   -6.552    2.754    2.754
    3.654    3.654    4.098    4.098    5.972    5.972
            0.114000  0.197454  0.000000
  -20.325  -20.325   -8.249   -8.249   -7.555   -7.555   -6.571   -6.571    2.768    2.768
    3.669    3.669    4.113    4.113    5.986    5.986
            0.114667  0.198608  0.000000
  -20.314  -20.314   -8.236   -8.236   -7.579   -7.579   -6.589   -6.589    2.783    2.783
    3.684    3.684    4.128    4.128    6.001    6.001
            0.115333  0.199763  0.000000
  -20.303  -20.303   -8.224   -8.224   -7.604   -7.604   -6.608   -6.608    2.798    2.798
    3.699    3.699    4.143    4.143    6.015    6.015
            0.116000  0.200918  0.000000
  -20.293  -20.293   -8.211   -8.211   -7.629   -7.629   -6.626   -6.626    2.813    2.813
    3.713    3.713    4.158    4.158    6.030    6.030
            0.116667  0.202073  0.000000
  -20.282  -20.282   -8.198   -8.198   -7.653   -7.653   -6.645   -6.645    2.828    2.828
    3.728    3.728    4.173    4.173    6.045    6.045
            0.117333  0.203227  0.000000
  -20.271  -20.271   -8.185   -8.185   -7.678   -7.678   -6.663   -6.663    2.843    2.843
    3.743    3.743    4.189    4.189    6.060    6.060
            0.118000  0.204382  0.000000
  -20.260  -20.260   -8.172   -8.172   -7.703   -7.703   -6.682   -6.682    2.858    2.858
    3.759    3.759    4.204    4.204    6.075    6.075
            0.118667  0.205537  0.000000
  -20.249  -20.249   -8.159   -8.159   -7.727   -7.727   -6.701   -6.701    2.873    2.873
    3.774    3.774    4.219    4.219    6.090    6.090
            0.119333  0.206691  0.000000
  -20.238  -20.238   -8.146   -8.146   -7.752   -7.752   -6.720   -6.720    2.888    2.888
    3.789    3.789    4.235    4.235    6.105    6.105
            0.120000  0.207846  0.000000
  -20.226  -20.226   -8.133   -8.133   -7.777   -7.777   -6.739   -6.739    2.904    2.904
    3.804    3.804    4.251    4.251    6.120    6.120
            0.120667  0.209001  0.000000
  -20.215  -20.215   -8.120   -8.120   -7.801   -7.801   -6.758   -6.758    2.919    2.919
    3.820    3.820    4.266    4.266    6.135    6.135
            0.121333  0.210155  0.000000
  -20.204  -20.204   -8.107   -8.107   -7.826   -7.826   -6.777   -6.777    2.934    2.934
    3.835    3.835    4.282    4.282    6.151    6.151
            0.122000  0.211310  0.000000
  -20.193  -20.193   -8.093   -8.093   -7.851   -7.851   -6.796   -6.796    2.950    2.950
    3.851    3.851    4.298    4.298    6.166    6.166
            0.122667  0.212465  0.000000
  -20.181  -20.181   -8.080   -8.080   -7.876   -7.876   -6.815   -6.815    2.966    2.966
    3.867    3.867    4.314    4.314    6.182    6.182
            0.123333  0.213620  0.000000
  -20.170  -20.170   -8.066   -8.066   -7.900   -7.900   -6.834   -6.834    2.982    2.982
    3.883    3.883    4.330    4.330    6.197    6.197
            0.124000  0.214774  0.000000
  -20.158  -20.158   -8.053   -8.053   -7.925   -7.925   -6.853   -6.853    2.997    2.997
    3.899    3.899    4.346    4.346    6.213    6.213
            0.124667  0.215929  0.000000
  -20.147  -20.147   -8.039   -8.039   -7.950   -7.950   -6.872   -6.872    3.013    3.013
    3.914    3.914    4.362    4.362    6.229    6.229
            0.125333  0.217084  0.000000
  -20.135  -20.135   -8.026   -8.026   -7.975   -7.975   -6.892   -6.892    3.029    3.029
    3.931    3.931    4.379    4.379    6.245    6.245
            0.126000  0.218238  0.000000
  -20.123  -20.123   -8.012   -8.012   -7.999   -7.999   -6.911   -6.911    3.045    3.045
    3.947    3.947    4.395    4.395    6.261    6.261
            0.126667  0.219393  0.000000
  -20.112  -20.112   -8.024   -8.024   -7.998   -7.998   -6.930   -6.930    3.062    3.062
    3.963    3.963    4.412    4.412    6.277    6.277
            0.127333  0.220548  0.000000
  -20.100  -20.100   -8.049   -8.049   -7.984   -7.984   -6.950   -6.950    3.078    3.078
    3.979    3.979    4.428    4.428    6.293    6.293
            0.128000  0.221703  0.000000
  -20.088  -20.088   -8.074   -8.074   -7.970   -7.970   -6.969   -6.969    3.094    3.094
    3.996    3.996    4.445    4.445    6.309    6.309
            0.128667  0.222857  0.000000
  -20.076  -20.076   -8.099   -8.099   -7.956   -7.956   -6.989   -6.989    3.111    3.111
    4.012    4.012    4.462    4.462    6.318    6.318
            0.129333  0.224012  0.000000
  -20.064  -20.064   -8.124   -8.124   -7.942   -7.942   -7.008   -7.008    3.127    3.127
    4.029    4.029    4.479    4.479    6.289    6.289
            0.130000  0.225167  0.000000
  -20.052  -20.052   -8.148   -8.148   -7.928   -7.928   -7.028   -7.028    3.144    3.144
    4.045    4.045    4.496    4.496    6.260    6.260
            0.130667  0.226321  0.000000
  -20.040  -20.040   -8.173   -8.173   -7.914   -7.914   -7.047   -7.047    3.161    3.161
    4.062    4.062    4.513    4.513    6.232    6.232
            0.131333  0.227476  0.000000
  -20.027  -20.027   -8.198   -8.198   -7.899   -7.899   -7.067   -7.067    3.177    3.177
    4.079    4.079    4.530    4.530    6.203    6.203
            0.132000  0.228631  0.000000
  -20.015  -20.015   -8.223   -8.223   -7.885   -7.885   -7.087   -7.087    3.194    3.194
    4.096    4.096    4.547    4.547    6.174    6.174
            0.132667  0.229785  0.000000
  -20.003  -20.003   -8.248   -8.248   -7.871   -7.871   -7.107   -7.107    3.211    3.211
    4.113    4.113    4.564    4.564    6.146    6.146
            0.133333  0.230940  0.000000
  -19.991  -19.991   -8.273   -8.273   -7.856   -7.856   -7.126   -7.126    3.228    3.228
    4.130    4.130    4.581    4.581    6.117    6.117
            0.134000  0.232095  0.000000
  -19.978  -19.978   -8.297   -8.297   -7.842   -7.842   -7.146   -7.146    3.246    3.246
    4.147    4.147    4.599    4.599    6.088    6.088
            0.134667  0.233250  0.000000
  -19.966  -19.966   -8.322   -8.322   -7.827   -7.827   -7.166   -7.166    3.263    3.263
    4.164    4.164    4.616    4.616    6.059    6.059
            0.135333  0.234404  0.000000
  -19.953  -19.953   -8.347   -8.347   -7.812   -7.812   -7.186   -7.186    3.280    3.280
    4.181    4.181    4.634    4.634    6.030    6.030
            0.136000  0.235559  0.000000
  -19.940  -19.940   -8.372   -8.372   -7.798   -7.798   -7.206   -7.206    3.297    3.297
    4.199    4.199    4.652    4.652    6.001    6.001
            0.136667  0.236714  0.000000
  -19.928  -19.928   -8.397   -8.397   -7.783   -7.783   -7.226   -7.226    3.315    3.315
    4.216    4.216    4.670    4.670    5.972    5.972
            0.137333  0.237868  0.000000
  -19.915  -19.915   -8.422   -8.422   -7.768   -7.768   -7.246   -7.246    3.332    3.332
    4.234    4.234    4.688    4.688    5.943    5.943
            0.138000  0.239023  0.000000
  -19.902  -19.902   -8.446   -8.446   -7.753   -7.753   -7.266   -7.266    3.350    3.350
    4.251    4.251    4.705    4.705    5.914    5.914
            0.138667  0.240178  0.000000
  -19.889  -19.889   -8.471   -8.471   -7.738   -7.738   -7.286   -7.286    3.368    3.368
    4.269    4.269    4.724    4.724    5.885    5.885
            0.139333  0.241332  0.000000
  -19.877  -19.877   -8.496   -8.496   -7.723   -7.723   -7.306   -7.306    3.386    3.386
    4.287    4.287    4.742    4.742    5.856    5.856
            0.140000  0.242487  0.000000
  -19.864  -19.864   -8.521   -8.521   -7.708   -7.708   -7.326   -7.326    3.404    3.404
    4.305    4.305    4.760    4.760    5.827    5.827
            0.140667  0.243642  0.000000
  -19.851  -19.851   -8.546   -8.546   -7.692   -7.692   -7.346   -7.346    3.421    3.421
    4.323    4.323    4.778    4.778    5.797    5.797
            0.141333  0.244797  0.000000
  -19.837  -19.837   -8.570   -8.570   -7.677   -7.677   -7.366   -7.366    3.440    3.440
    4.341    4.341    4.797    4.797    5.768    5.768
            0.142000  0.245951  0.000000
  -19.824  -19.824   -8.595   -8.595   -7.662   -7.662   -7.387   -7.387    3.458    3.458
    4.359    4.359    4.815    4.815    5.739    5.739
            0.142667  0.247106  0.000000
  -19.811  -19.811   -8.620   -8.620   -7.646   -7.646   -7.407   -7.407    3.476    3.476
    4.377    4.377    4.834    4.834    5.710    5.710
            0.143333  0.248261  0.000000
  -19.798  -19.798   -8.645   -8.645   -7.631   -7.631   -7.427   -7.427    3.494    3.494
    4.395    4.395    4.852    4.852    5.680    5.680
            0.144000  0.249415  0.000000
  -19.785  -19.785   -8.670   -8.670   -7.615   -7.615   -7.447   -7.447    3.513    3.513
    4.414    4.414    4.871    4.871    5.651    5.651
            0.144667  0.250570  0.000000
  -19.771  -19.771   -8.694   -8.694   -7.600   -7.600   -7.468   -7.468    3.531    3.531
    4.432    4.432    4.890    4.890    5.622    5.622
            0.145333  0.251725  0.000000
  -19.758  -19.758   -8.719   -8.719   -7.584   -7.584   -7.488   -7.488    3.550    3.550
    4.451    4.451    4.909    4.909    5.592    5.592
            0.146000  0.252879  0.000000
  -19.744  -19.744   -8.744   -8.744   -7.568   -7.568   -7.508   -7.508    3.568    3.568
    4.469    4.469    4.928    4.928    5.563    5.563
            0.146667  0.254034  0.000000
  -19.731  -19.731   -8.769   -8.769   -7.553   -7.553   -7.529   -7.529    3.587    3.587
    4.488    4.488    4.947    4.947    5.533    5.533
            0.147333  0.255189  0.000000
  -19.717  -19.717   -8.793   -8.793   -7.549   -7.549   -7.537   -7.537    3.606    3.606
    4.507    4.507    4.966    4.966    5.504    5.504
            0.148000  0.256344  0.000000
  -19.703  -19.703   -8.818   -8.818   -7.570   -7.570   -7.521   -7.521    3.625    3.625
    4.526    4.526    4.986    4.986    5.475    5.475
            0.148667  0.257498  0.000000
  -19.690  -19.690   -8.843   -8.843   -7.590   -7.590   -7.505   -7.505    3.644    3.644
    4.545    4.545    5.005    5.005    5.445    5.445
            0.149333  0.258653  0.000000
  -19.676  -19.676   -8.867   -8.867   -7.611   -7.611   -7.489   -7.489    3.663    3.663
    4.564    4.564    5.024    5.024    5.416    5.416
            0.150000  0.259808  0.000000
  -19.662  -19.662   -8.892   -8.892   -7.631   -7.631   -7.473   -7.473    3.682    3.682
    4.583    4.583    5.044    5.044    5.386    5.386
            0.150667  0.260962  0.000000
  -19.648  -19.648   -8.917   -8.917   -7.652   -7.652   -7.457   -7.457    3.701    3.701
    4.602    4.602    5.064    5.064    5.356    5.356
            0.151333  0.262117  0.000000
  -19.634  -19.634   -8.941   -8.941   -7.672   -7.672   -7.440   -7.440    3.721    3.721
    4.621    4.621    5.083    5.083    5.327    5.327
            0.152000  0.263272  0.000000
  -19.620  -19.620   -8.966   -8.966   -7.693   -7.693   -7.424   -7.424    3.740    3.740
    4.641    4.641    5.103    5.103    5.297    5.297
            0.152667  0.264426  0.000000
  -19.606  -19.606   -8.990   -8.990   -7.714   -7.714   -7.408   -7.408    3.760    3.760
    4.660    4.660    5.123    5.123    5.268    5.268
            0.153333  0.265581  0.000000
  -19.592  -19.592   -9.015   -9.015   -7.734   -7.734   -7.391   -7.391    3.779    3.779
    4.680    4.680    5.143    5.143    5.238    5.238
            0.154000  0.266736  0.000000
  -19.578  -19.578   -9.040   -9.040   -7.755   -7.755   -7.375   -7.375    3.799    3.799
    4.699    4.699    5.163    5.163    5.209    5.209
            0.154667  0.267891  0.000000
  -19.563  -19.563   -9.064   -9.064   -7.776   -7.776   -7.358   -7.358    3.819    3.819
    4.719    4.719    5.179    5.179    5.183    5.183
            0.155333  0.269045  0.000000
  -19.549  -19.549   -9.089   -9.089   -7.796   -7.796   -7.342   -7.342    3.838    3.838
    4.739    4.739    5.149    5.149    5.203    5.203
            0.156000  0.270200  0.000000
  -19.535  -19.535   -9.113   -9.113   -7.817   -7.817   -7.325   -7.325    3.858    3.858
    4.759    4.759    5.120    5.120    5.224    5.224
            0.156667  0.271355  0.000000
  -19.520  -19.520   -9.138   -9.138   -7.838   -7.838   -7.308   -7.308    3.878    3.878
    4.778    4.778    5.090    5.090    5.244    5.244
            0.157333  0.272509  0.000000
  -19.506  -19.506   -9.162   -9.162   -7.858   -7.858   -7.291   -7.291    3.898    3.898
    4.798    4.798    5.060    5.060    5.265    5.265
            0.158000  0.273664  0.000000
  -19.491  -19.491   -9.187   -9.187   -7.879   -7.879   -7.275   -7.275    3.919    3.919
    4.819    4.819    5.031    5.031    5.285    5.285
            0.158667  0.274819  0.000000
  -19.477  -19.477   -9.211   -9.211   -7.900   -7.900   -7.258   -7.258    3.939    3.939
    4.839    4.839    5.001    5.001    5.306    5.306
            0.159333  0.275973  0.000000
  -19.462  -19.462   -9.236   -9.236   -7.921   -7.921   -7.241   -7.241    3.959    3.959
    4.859    4.859    4.971    4.971    5.327    5.327
            0.160000  0.277128  0.000000
  -19.447  -19.447   -9.260   -9.260   -7.942   -7.942   -7.224   -7.224    3.980    3.980
    4.879    4.879    4.942    4.942    5.347    5.347
            0.160667  0.278283  0.000000
  -19.432  -19.432   -9.284   -9.284   -7.962   -7.962   -7.207   -7.207    4.000    4.000
    4.900    4.900    4.912    4.912    5.368    5.368
            0.161333  0.279438  0.000000
  -19.418  -19.418   -9.309   -9.309   -7.983   -7.983   -7.189   -7.189    4.021    4.021
    4.882    4.882    4.920    4.920    5.389    5.389
            0.162000  0.280592  0.000000
  -19.403  -19.403   -9.333   -9.333   -8.004   -8.004   -7.172   -7.172    4.041    4.041
    4.852    4.852    4.941    4.941    5.411    5.411
            0.162667  0.281747  0.000000
  -19.388  -19.388   -9.358   -9.358   -8.025   -8.025   -7.155   -7.155    4.062    4.062
    4.823    4.823    4.961    4.961    5.432    5.432
            0.163333  0.282902  0.000000
  -19.373  -19.373   -9.382   -9.382   -8.046   -8.046   -7.138   -7.138    4.083    4.083
    4.793    4.793    4.982    4.982    5.453    5.453
            0.164000  0.284056  0.000000
  -19.358  -19.358   -9.406   -9.406   -8.067   -8.067   -7.120   -7.120    4.104    4.104
    4.763    4.763    5.003    5.003    5.474    5.474
            0.164667  0.285211  0.000000
  -19.343  -19.343   -9.430   -9.430   -8.088   -8.088   -7.103   -7.103    4.125    4.125
    4.733    4.733    5.024    5.024    5.496    5.496
            0.165333  0.286366  0.000000
  -19.327  -19.327   -9.455   -9.455   -8.109   -8.109   -7.085   -7.085    4.146    4.146
    4.704    4.704    5.045    5.045    5.517    5.517
            0.166000  0.287520  0.000000
  -19.312  -19.312   -9.479   -9.479   -8.129   -8.129   -7.068   -7.068    4.167    4.167
    4.674    4.674    5.066    5.066    5.539    5.539
            0.166667  0.288675  0.000000
  -19.297  -19.297   -9.503   -9.503   -8.150   -8.150   -7.050   -7.050    4.188    4.188
    4.644    4.644    5.087    5.087    5.561    5.561
            0.167333  0.289830  0.000000
  -19.281  -19.281   -9.527   -9.527   -8.171   -8.171   -7.032   -7.032    4.210    4.210
    4.614    4.614    5.108    5.108    5.582    5.582
            0.168000  0.290985  0.000000
  -19.266  -19.266   -9.551   -9.551   -8.192   -8.192   -7.014   -7.014    4.231    4.231
    4.585    4.585    5.129    5.129    5.604    5.604
            0.168667  0.292139  0.000000
  -19.251  -19.251   -9.576   -9.576   -8.213   -8.213   -6.997   -6.997    4.253    4.253
    4.555    4.555    5.151    5.151    5.626    5.626
            0.169333  0.293294  0.000000
  -19.235  -19.235   -9.600   -9.600   -8.234   -8.234   -6.979   -6.979    4.274    4.274
    4.525    4.525    5.172    5.172    5.648    5.648
            0.170000  0.294449  0.000000
  -19.219  -19.219   -9.624   -9.624   -8.255   -8.255   -6.961   -6.961    4.296    4.296
    4.495    4.495    5.194    5.194    5.671    5.671
            0.170667  0.295603  0.000000
  -19.204  -19.204   -9.648   -9.648   -8.276   -8.276   -6.943   -6.943    4.318    4.318
    4.466    4.466    5.215    5.215    5.693    5.693
            0.171333  0.296758  0.000000
  -19.188  -19.188   -9.672   -9.672   -8.297   -8.297   -6.925   -6.925    4.340    4.340
    4.436    4.436    5.237    5.237    5.715    5.715
            0.172000  0.297913  0.000000
  -19.172  -19.172   -9.696   -9.696   -8.318   -8.318   -6.907   -6.907    4.362    4.362
    4.406    4.406    5.259    5.259    5.737    5.737
            0.172667  0.299067  0.000000
  -19.156  -19.156   -9.720   -9.720   -8.339   -8.339   -6.888   -6.888    4.377    4.377
    4.384    4.384    5.281    5.281    5.760    5.760
            0.173333  0.300222  0.000000
  -19.141  -19.141   -9.744   -9.744   -8.360   -8.360   -6.870   -6.870    4.347    4.347
    4.406    4.406    5.302    5.302    5.783    5.783
            0.174000  0.301377  0.000000
  -19.125  -19.125   -9.768   -9.768   -8.381   -8.381   -6.852   -6.852    4.317    4.317
    4.428    4.428    5.324    5.324    5.805    5.805
            0.174667  0.302532  0.000000
  -19.109  -19.109   -9.792   -9.792   -8.402   -8.402   -6.834   -6.834    4.287    4.287
    4.450    4.450    5.346    5.346    5.828    5.828
            0.175333  0.303686  0.000000
  -19.093  -19.093   -9.815   -9.815   -8.423   -8.423   -6.815   -6.815    4.258    4.258
    4.472    4.472    5.369    5.369    5.851    5.851
            0.176000  0.304841  0.000000
  -19.077  -19.077   -9.839   -9.839   -8.444   -8.444   -6.797   -6.797    4.228    4.228
    4.495    4.495    5.391    5.391    5.874    5.874
            0.176667  0.305996  0.000000
  -19.060  -19.060   -9.863   -9.863   -8.465   -8.465   -6.778   -6.778    4.198    4.198
    4.517    4.517    5.413    5.413    5.897    5.897
            0.177333  0.307150  0.000000
  -19.044  -19.044   -9.887   -9.887   -8.486   -8.486   -6.760   -6.760    4.169    4.169
    4.540    4.540    5.435    5.435    5.920    5.920
            0.178000  0.308305  0.000000
  -19.028  -19.028   -9.911   -9.911   -8.507   -8.507   -6.741   -6.741    4.139    4.139
    4.563    4.563    5.458    5.458    5.943    5.943
            0.178667  0.309460  0.000000
  -19.012  -19.012   -9.934   -9.934   -8.528   -8.528   -6.722   -6.722    4.109    4.109
    4.585    4.585    5.480    5.480    5.966    5.966
            0.179333  0.310614  0.000000
  -18.995  -18.995   -9.958   -9.958   -8.549   -8.549   -6.704   -6.704    4.080    4.080
    4.608    4.608    5.503    5.503    5.990    5.990
            0.180000  0.311769  0.000000
  -18.979  -18.979   -9.982   -9.982   -8.570   -8.570   -6.685   -6.685    4.050    4.050
    4.631    4.631    5.526    5.526    6.013    6.013
            0.180667  0.312924  0.000000
  -18.962  -18.962  -10.005  -10.005   -8.591   -8.591   -6.666   -6.666    4.021    4.021
    4.654    4.654    5.548    5.548    6.037    6.037
            0.181333  0.314079  0.000000
  -18.946  -18.946  -10.029  -10.029   -8.612   -8.612   -6.647   -6.647    3.991    3.991
    4.677    4.677    5.571    5.571    6.060    6.060
            0.182000  0.315233  0.000000
  -18.929  -18.929  -10.053  -10.053   -8.633   -8.633   -6.628   -6.628    3.961    3.961
    4.701    4.701    5.594    5.594    6.084    6.084
            0.182667  0.316388  0.000000
  -18.912  -18.912  -10.076  -10.076   -8.654   -8.654   -6.609   -6.609    3.932    3.932
    4.724    4.724    5.617    5.617    6.108    6.108
            0.183333  0.317543  0.000000
  -18.896  -18.896  -10.100  -10.100   -8.675   -8.675   -6.590   -6.590    3.902    3.902
    4.747    4.747    5.640    5.640    6.132    6.132
            0.184000  0.318697  0.000000
  -18.879  -18.879  -10.123  -10.123   -8.696   -8.696   -6.571   -6.571    3.873    3.873
    4.771    4.771    5.663    5.663    6.156    6.156
            0.184667  0.319852  0.000000
  -18.862  -18.862  -10.147  -10.147   -8.717   -8.717   -6.552   -6.552    3.843    3.843
    4.794    4.794    5.686    5.686    6.180    6.180
            0.185333  0.321007  0.000000
  -18.845  -18.845  -10.170  -10.170   -8.738   -8.738   -6.533   -6.533    3.814    3.814
    4.818    4.818    5.710    5.710    6.204    6.204
            0.186000  0.322161  0.000000
  -18.828  -18.828  -10.194  -10.194   -8.759   -8.759   -6.513   -6.513    3.784    3.784
    4.841    4.841    5.733    5.733    6.228    6.228
            0.186667  0.323316  0.000000
  -18.811  -18.811  -10.217  -10.217   -8.780   -8.780   -6.494   -6.494    3.755    3.755
    4.865    4.865    5.756    5.756    6.252    6.252
            0.187333  0.324471  0.000000
  -18.794  -18.794  -10.240  -10.240   -8.801   -8.801   -6.475   -6.475    3.725    3.725
    4.889    4.889    5.780    5.780    6.277    6.277
            0.188000  0.325626  0.000000
  -18.777  -18.777  -10.264  -10.264   -8.822   -8.822   -6.455   -6.455    3.696    3.696
    4.913    4.913    5.803    5.803    6.301    6.301
            0.188667  0.326780  0.000000
  -18.760  -18.760  -10.287  -10.287   -8.843   -8.843   -6.436   -6.436    3.666    3.666
    4.937    4.937    5.827    5.827    6.326    6.326
            0.189333  0.327935  0.000000
  -18.743  -18.743  -10.310  -10.310   -8.864   -8.864   -6.416   -6.416    3.637    3.637
    4.961    4.961    5.851    5.851    6.350    6.350
            0.190000  0.329090  0.000000
  -18.726  -18.726  -10.333  -10.333   -8.885   -8.885   -6.396   -6.396    3.607    3.607
    4.985    4.985    5.874    5.874    6.375    6.375
            0.190667  0.330244  0.000000
  -18.708  -18.708  -10.356  -10.356   -8.906   -8.906   -6.377   -6.377    3.578    3.578
    5.009    5.009    5.898    5.898    6.400    6.400
            0.191333  0.331399  0.000000
  -18.691  -18.691  -10.380  -10.380   -8.926   -8.926   -6.357   -6.357    3.549    3.549
    5.034    5.034    5.922    5.922    6.425    6.425
            0.192000  0.332554  0.000000
  -18.673  -18.673  -10.403  -10.403   -8.947   -8.947   -6.337   -6.337    3.519    3.519
    5.058    5.058    5.946    5.946    6.450    6.450
            0.192667  0.333708  0.000000
  -18.656  -18.656  -10.426  -10.426   -8.968   -8.968   -6.318   -6.318    3.490    3.490
    5.082    5.082    5.970    5.970    6.475    6.475
            0.193333  0.334863  0.000000
  -18.638  -18.638  -10.449  -10.449   -8.989   -8.989   -6.298   -6.298    3.461    3.461
    5.107    5.107    5.994    5.994    6.500    6.500
            0.194000  0.336018  0.000000
  -18.621  -18.621  -10.472  -10.472   -9.010   -9.010   -6.278   -6.278    3.431    3.431
    5.132    5.132    6.018    6.018    6.525    6.525
            0.194667  0.337173  0.000000
  -18.603  -18.603  -10.495  -10.495   -9.031   -9.031   -6.258   -6.258    3.402    3.402
    5.156    5.156    6.043    6.043    6.551    6.551
            0.195333  0.338327  0.000000
  -18.585  -18.585  -10.518  -10.518   -9.052   -9.052   -6.238   -6.238    3.373    3.373
    5.181    5.181    6.067    6.067    6.576    6.576
            0.196000  0.339482  0.000000
  -18.568  -18.568  -10.541  -10.541   -9.073   -9.073   -6.218   -6.218    3.344    3.344
    5.206    5.206    6.091    6.091    6.602    6.602
            0.196667  0.340637  0.000000
  -18.550  -18.550  -10.564  -10.564   -9.094   -9.094   -6.198   -6.198    3.315    3.315
    5.231    5.231    6.116    6.116    6.627    6.627
            0.197333  0.341791  0.000000
  -18.532  -18.532  -10.586  -10.586   -9.114   -9.114   -6.178   -6.178    3.285    3.285
    5.256    5.256    6.140    6.140    6.653    6.653
            0.198000  0.342946  0.000000
  -18.514  -18.514  -10.609  -10.609   -9.135   -9.135   -6.157   -6.157    3.256    3.256
    5.281    5.281    6.165    6.165    6.679    6.679
            0.198667  0.344101  0.000000
  -18.496  -18.496  -10.632  -10.632   -9.156   -9.156   -6.137   -6.137    3.227    3.227
    5.307    5.307    6.190    6.190    6.704    6.704
            0.199333  0.345255  0.000000
  -18.478  -18.478  -10.655  -10.655   -9.177   -9.177   -6.117   -6.117    3.198    3.198
    5.332    5.332    6.214    6.214    6.730    6.730
            0.200000  0.346410  0.000000
  -18.460  -18.460  -10.677  -10.677   -9.198   -9.198   -6.096   -6.096    3.169    3.169
    5.357    5.357    6.239    6.239    6.756    6.756
            0.200667  0.347565  0.000000
  -18.442  -18.442  -10.700  -10.700   -9.218   -9.218   -6.076   -6.076    3.140    3.140
    5.383    5.383    6.264    6.264    6.782    6.782
            0.201333  0.348720  0.000000
  -18.424  -18.424  -10.723  -10.723   -9.239   -9.239   -6.056   -6.056    3.111    3.111
    5.408    5.408    6.289    6.289    6.809    6.809
            0.202000  0.349874  0.000000
  -18.405  -18.405  -10.745  -10.745   -9.260   -9.260   -6.035   -6.035    3.082    3.082
    5.434    5.434    6.314    6.314    6.835    6.835
            0.202667  0.351029  0.000000
  -18.387  -18.387  -10.768  -10.768   -9.280   -9.280   -6.015   -6.015    3.053    3.053
    5.460    5.460    6.339    6.339    6.861    6.861
            0.203333  0.352184  0.000000
  -18.369  -18.369  -10.790  -10.790   -9.301   -9.301   -5.994   -5.994    3.024    3.024
    5.485    5.485    6.364    6.364    6.888    6.888
            0.204000  0.353338  0.000000
  -18.350  -18.350  -10.813  -10.813   -9.322   -9.322   -5.973   -5.973    2.995    2.995
    5.511    5.511    6.389    6.389    6.914    6.914
            0.204667  0.354493  0.000000
  -18.332  -18.332  -10.835  -10.835   -9.343   -9.343   -5.953   -5.953    2.966    2.966
    5.537    5.537    6.414    6.414    6.941    6.941
            0.205333  0.355648  0.000000
  -18.314  -18.314  -10.858  -10.858   -9.363   -9.363   -5.932   -5.932    2.937    2.937
    5.563    5.563    6.440    6.440    6.968    6.968
            0.206000  0.356802  0.000000
  -18.295  -18.295  -10.880  -10.880   -9.384   -9.384   -5.911   -5.911    2.909    2.909
    5.589    5.589    6.465    6.465    6.994    6.994
            0.206667  0.357957  0.000000
  -18.276  -18.276  -10.902  -10.902   -9.404   -9.404   -5.890   -5.890    2.880    2.880
    5.616    5.616    6.490    6.490    7.021    7.021
            0.207333  0.359112  0.000000
  -18.258  -18.258  -10.925  -10.925   -9.425   -9.425   -5.870   -5.870    2.851    2.851
    5.642    5.642    6.516    6.516    7.048    7.048
            0.208000  0.360267  0.000000
  -18.239  -18.239  -10.947  -10.947   -9.446   -9.446   -5.849   -5.849    2.822    2.822
    5.668    5.668    6.541    6.541    7.075    7.075
            0.208667  0.361421  0.000000
  -18.220  -18.220  -10.969  -10.969   -9.466   -9.466   -5.828   -5.828    2.794    2.794
    5.695    5.695    6.567    6.567    7.103    7.103
            0.209333  0.362576  0.000000
  -18.201  -18.201  -10.991  -10.991   -9.487   -9.487   -5.807   -5.807    2.765    2.765
    5.721    5.721    6.592    6.592    7.130    7.130
            0.210000  0.363731  0.000000
  -18.183  -18.183  -11.013  -11.013   -9.507   -9.507   -5.786   -5.786    2.736    2.736
    5.748    5.748    6.618    6.618    7.157    7.157
            0.210667  0.364885  0.000000
  -18.164  -18.164  -11.035  -11.035   -9.528   -9.528   -5.765   -5.765    2.708    2.708
    5.774    5.774    6.644    6.644    7.184    7.184
            0.211333  0.366040  0.000000
  -18.145  -18.145  -11.057  -11.057   -9.548   -9.548   -5.744   -5.744    2.679    2.679
    5.801    5.801    6.670    6.670    7.212    7.212
            0.212000  0.367195  0.000000
  -18.126  -18.126  -11.079  -11.079   -9.569   -9.569   -5.722   -5.722    2.651    2.651
    5.828    5.828    6.696    6.696    7.240    7.240
            0.212667  0.368349  0.000000
  -18.107  -18.107  -11.101  -11.101   -9.589   -9.589   -5.701   -5.701    2.622    2.622
    5.855    5.855    6.721    6.721    7.267    7.267
            0.213333  0.369504  0.000000
  -18.088  -18.088  -11.123  -11.123   -9.610   -9.610   -5.680   -5.680    2.594    2.594
    5.882    5.882    6.747    6.747    7.295    7.295
            0.214000  0.370659  0.000000
  -18.068  -18.068  -11.145  -11.145   -9.630   -9.630   -5.659   -5.659    2.565    2.565
    5.909    5.909    6.773    6.773    7.323    7.323
            0.214667  0.371814  0.000000
  -18.049  -18.049  -11.167  -11.167   -9.650   -9.650   -5.637   -5.637    2.537    2.537
    5.936    5.936    6.799    6.799    7.351    7.351
            0.215333  0.372968  0.000000
  -18.030  -18.030  -11.189  -11.189   -9.671   -9.671   -5.616   -5.616    2.509    2.509
    5.963    5.963    6.825    6.825    7.379    7.379
            0.216000  0.374123  0.000000
  -18.011  -18.011  -11.211  -11.211   -9.691   -9.691   -5.595   -5.595    2.480    2.480
    5.991    5.991    6.852    6.852    7.407    7.407
            0.216667  0.375278  0.000000
  -17.991  -17.991  -11.232  -11.232   -9.711   -9.711   -5.573   -5.573    2.452    2.452
    6.018    6.018    6.878    6.878    7.435    7.435
            0.217333  0.376432  0.000000
  -17.972  -17.972  -11.254  -11.254   -9.731   -9.731   -5.552   -5.552    2.424    2.424
    6.045    6.045    6.904    6.904    7.463    7.463
            0.218000  0.377587  0.000000
  -17.952  -17.952  -11.276  -11.276   -9.752   -9.752   -5.530   -5.530    2.396    2.396
    6.073    6.073    6.930    6.930    7.491    7.491
            0.218667  0.378742  0.000000
  -17.933  -17.933  -11.297  -11.297   -9.772   -9.772   -5.509   -5.509    2.367    2.367
    6.101    6.101    6.956    6.956    7.520    7.520
            0.219333  0.379896  0.000000
  -17.913  -17.913  -11.319  -11.319   -9.792   -9.792   -5.487   -5.487    2.339    2.339
    6.128    6.128    6.983    6.983    7.548    7.548
            0.220000  0.381051  0.000000
  -17.894  -17.894  -11.341  -11.341   -9.812   -9.812   -5.465   -5.465    2.311    2.311
    6.156    6.156    7.009    7.009    7.577    7.577
            0.220667  0.382206  0.000000
  -17.874  -17.874  -11.362  -11.362   -9.832   -9.832   -5.444   -5.444    2.283    2.283
    6.184    6.184    7.036    7.036    7.606    7.606
            0.221333  0.383361  0.000000
  -17.854  -17.854  -11.383  -11.383   -9.853   -9.853   -5.422   -5.422    2.255    2.255
    6.212    6.212    7.062    7.062    7.634    7.634
            0.222000  0.384515  0.000000
  -17.835  -17.835  -11.405  -11.405   -9.873   -9.873   -5.400   -5.400    2.227    2.227
    6.240    6.240    7.089    7.089    7.663    7.663
            0.222667  0.385670  0.000000
  -17.815  -17.815  -11.426  -11.426   -9.893   -9.893   -5.378   -5.378    2.199    2.199
    6.268    6.268    7.115    7.115    7.692    7.692
            0.223333  0.386825  0.000000
  -17.795  -17.795  -11.448  -11.448   -9.913   -9.913   -5.357   -5.357    2.171    2.171
    6.296    6.296    7.142    7.142    7.721    7.721
            0.224000  0.387979  0.000000
  -17.775  -17.775  -11.469  -11.469   -9.933   -9.933   -5.335   -5.335    2.143    2.143
    6.324    6.324    7.168    7.168    7.750    7.750
            0.224667  0.389134  0.000000
  -17.755  -17.755  -11.490  -11.490   -9.953   -9.953   -5.313   -5.313    2.115    2.115
    6.353    6.353    7.195    7.195    7.779    7.779
            0.225333  0.390289  0.000000
  -17.735  -17.735  -11.511  -11.511   -9.973   -9.973   -5.291   -5.291    2.088    2.088
    6.381    6.381    7.221    7.221    7.809    7.809
            0.226000  0.391443  0.000000
  -17.715  -17.715  -11.532  -11.532   -9.993   -9.993   -5.269   -5.269    2.060    2.060
    6.409    6.409    7.248    7.248    7.838    7.838
            0.226667  0.392598  0.000000
  -17.695  -17.695  -11.554  -11.554  -10.013  -10.013   -5.247   -5.247    2.032    2.032
    6.438    6.438    7.275    7.275    7.868    7.868
            0.227333  0.393753  0.000000
  -17.675  -17.675  -11.575  -11.575  -10.032  -10.032   -5.225   -5.225    2.004    2.004
    6.467    6.467    7.301    7.301    7.897    7.897
            0.228000  0.394908  0.000000
  -17.655  -17.655  -11.596  -11.596  -10.052  -10.052   -5.203   -5.203    1.977    1.977
    6.495    6.495    7.328    7.328    7.927    7.927
            0.228667  0.396062  0.000000
  -17.634  -17.634  -11.617  -11.617  -10.072  -10.072   -5.181   -5.181    1.949    1.949
    6.524    6.524    7.355    7.355    7.956    7.956
            0.229333  0.397217  0.000000
  -17.614  -17.614  -11.638  -11.638  -10.092  -10.092   -5.159   -5.159    1.922    1.922
    6.553    6.553    7.382    7.382    7.986    7.986
            0.230000  0.398372  0.000000
  -17.594  -17.594  -11.659  -11.659  -10.111  -10.111   -5.137   -5.137    1.894    1.894
    6.582    6.582    7.408    7.408    8.016    8.016
            0.230667  0.399526  0.000000
  -17.573  -17.573  -11.679  -11.679  -10.131  -10.131   -5.114   -5.114    1.867    1.867
    6.611    6.611    7.435    7.435    8.046    8.046
            0.231333  0.400681  0.000000
  -17.553  -17.553  -11.700  -11.700  -10.151  -10.151   -5.092   -5.092    1.839    1.839
    6.640    6.640    7.462    7.462    8.076    8.076
            0.232000  0.401836  0.000000
  -17.533  -17.533  -11.721  -11.721  -10.170  -10.170   -5.070   -5.070    1.812    1.812
    6.669    6.669    7.489    7.489    8.106    8.106
            0.232667  0.402990  0.000000
  -17.512  -17.512  -11.742  -11.742  -10.190  -10.190   -5.048   -5.048    1.785    1.785
    6.698    6.698    7.515    7.515    8.136    8.136
            0.233333  0.404145  0.000000
  -17.491  -17.491  -11.762  -11.762  -10.210  -10.210   -5.025   -5.025    1.757    1.757
    6.728    6.728    7.542    7.542    8.167    8.167
            0.234000  0.405300  0.000000
  -17.471  -17.471  -11.783  -11.783  -10.229  -10.229   -5.003   -5.003    1.730    1.730
    6.757    6.757    7.569    7.569    8.197    8.197
            0.234667  0.406455  0.000000
  -17.450  -17.450  -11.804  -11.804  -10.249  -10.249   -4.981   -4.981    1.703    1.703
    6.786    6.786    7.595    7.595    8.227    8.227
            0.235333  0.407609  0.000000
  -17.430  -17.430  -11.824  -11.824  -10.268  -10.268   -4.958   -4.958    1.676    1.676
    6.816    6.816    7.622    7.622    8.258    8.258
            0.236000  0.408764  0.000000
  -17.409  -17.409  -11.845  -11.845  -10.288  -10.288   -4.936   -4.936    1.649    1.649
    6.845    6.845    7.649    7.649    8.289    8.289
            0.236667  0.409919  0.000000
  -17.388  -17.388  -11.865  -11.865  -10.307  -10.307   -4.913   -4.913    1.621    1.621
    6.875    6.875    7.675    7.675    8.319    8.319
            0.237333  0.411073  0.000000
  -17.367  -17.367  -11.886  -11.886  -10.326  -10.326   -4.891   -4.891    1.594    1.594
    6.905    6.905    7.702    7.702    8.350    8.350
            0.238000  0.412228  0.000000
  -17.346  -17.346  -11.906  -11.906  -10.346  -10.346   -4.868   -4.868    1.567    1.567
    6.935    6.935    7.729    7.729    8.381    8.381
            0.238667  0.413383  0.000000
  -17.325  -17.325  -11.926  -11.926  -10.365  -10.365   -4.846   -4.846    1.541    1.541
    6.965    6.965    7.755    7.755    8.412    8.412
            0.239333  0.414537  0.000000
  -17.305  -17.305  -11.947  -11.947  -10.384  -10.384   -4.823   -4.823    1.514    1.514
    6.994    6.994    7.782    7.782    8.443    8.443
            0.240000  0.415692  0.000000
  -17.284  -17.284  -11.967  -11.967  -10.403  -10.403   -4.801   -4.801    1.487    1.487
    7.025    7.025    7.808    7.808    8.474    8.474
            0.240667  0.416847  0.000000
  -17.263  -17.263  -11.987  -11.987  -10.423  -10.423   -4.778   -4.778    1.460    1.460
    7.055    7.055    7.835    7.835    8.505    8.505
            0.241333  0.418002  0.000000
  -17.241  -17.241  -12.007  -12.007  -10.442  -10.442   -4.755   -4.755    1.433    1.433
    7.085    7.085    7.861    7.861    8.536    8.536
            0.242000  0.419156  0.000000
  -17.220  -17.220  -12.027  -12.027  -10.461  -10.461   -4.733   -4.733    1.407    1.407
    7.115    7.115    7.887    7.887    8.568    8.568
            0.242667  0.420311  0.000000
  -17.199  -17.199  -12.048  -12.048  -10.480  -10.480   -4.710   -4.710    1.380    1.380
    7.145    7.145    7.914    7.914    8.599    8.599
            0.243333  0.421466  0.000000
  -17.178  -17.178  -12.068  -12.068  -10.499  -10.499   -4.687   -4.687    1.353    1.353
    7.176    7.176    7.940    7.940    8.631    8.631
            0.244000  0.422620  0.000000
  -17.157  -17.157  -12.088  -12.088  -10.518  -10.518   -4.665   -4.665    1.327    1.327
    7.206    7.206    7.966    7.966    8.662    8.662
            0.244667  0.423775  0.000000
  -17.135  -17.135  -12.107  -12.107  -10.537  -10.537   -4.642   -4.642    1.300    1.300
    7.237    7.237    7.992    7.992    8.694    8.694
            0.245333  0.424930  0.000000
  -17.114  -17.114  -12.127  -12.127  -10.556  -10.556   -4.619   -4.619    1.274    1.274
    7.267    7.267    8.018    8.018    8.726    8.726
            0.246000  0.426084  0.000000
  -17.093  -17.093  -12.147  -12.147  -10.574  -10.574   -4.596   -4.596    1.247    1.247
    7.298    7.298    8.044    8.044    8.758    8.758
            0.246667  0.427239  0.000000
  -17.071  -17.071  -12.167  -12.167  -10.593  -10.593   -4.574   -4.574    1.221    1.221
    7.329    7.329    8.069    8.069    8.790    8.790
            0.247333  0.428394  0.000000
  -17.050  -17.050  -12.187  -12.187  -10.612  -10.612   -4.551   -4.551    1.195    1.195
    7.359    7.359    8.095    8.095    8.822    8.822
            0.248000  0.429549  0.000000
  -17.029  -17.029  -12.206  -12.206  -10.631  -10.631   -4.528   -4.528    1.168    1.168
    7.390    7.390    8.120    8.120    8.854    8.854
            0.248667  0.430703  0.000000
  -17.007  -17.007  -12.226  -12.226  -10.649  -10.649   -4.505   -4.505    1.142    1.142
    7.421    7.421    8.146    8.146    8.886    8.886
            0.249333  0.431858  0.000000
  -16.985  -16.985  -12.246  -12.246  -10.668  -10.668   -4.482   -4.482    1.116    1.116
    7.452    7.452    8.171    8.171    8.918    8.918
            0.250000  0.433013  0.000000
  -16.964  -16.964  -12.265  -12.265  -10.686  -10.686   -4.459   -4.459    1.090    1.090
    7.483    7.483    8.196    8.196    8.950    8.950
            0.250667  0.434167  0.000000
  -16.942  -16.942  -12.285  -12.285  -10.705  -10.705   -4.437   -4.437    1.064    1.064
    7.514    7.514    8.221    8.221    8.983    8.983
            0.251333  0.435322  0.000000
  -16.921  -16.921  -12.304  -12.304  -10.723  -10.723   -4.414   -4.414    1.038    1.038
    7.546    7.546    8.246    8.246    9.015    9.015
            0.252000  0.436477  0.000000
  -16.899  -16.899  -12.324  -12.324  -10.742  -10.742   -4.391   -4.391    1.012    1.012
    7.577    7.577    8.270    8.270    9.048    9.048
            0.252667  0.437632  0.000000
  -16.877  -16.877  -12.343  -12.343  -10.760  -10.760   -4.368   -4.368    0.986    0.986
    7.608    7.608    8.295    8.295    9.081    9.081
            0.253333  0.438786  0.000000
  -16.855  -16.855  -12.362  -12.362  -10.779  -10.779   -4.345   -4.345    0.960    0.960
    7.640    7.640    8.319    8.319    9.113    9.113
            0.254000  0.439941  0.000000
  -16.834  -16.834  -12.382  -12.382  -10.797  -10.797   -4.322   -4.322    0.934    0.934
    7.671    7.671    8.343    8.343    9.146    9.146
            0.254667  0.441096  0.000000
  -16.812  -16.812  -12.401  -12.401  -10.815  -10.815   -4.299   -4.299    0.908    0.908
    7.703    7.703    8.366    8.366    9.179    9.179
            0.255333  0.442250  0.000000
  -16.790  -16.790  -12.420  -12.420  -10.833  -10.833   -4.276   -4.276    0.883    0.883
    7.734    7.734    8.390    8.390    9.212    9.212
            0.256000  0.443405  0.000000
  -16.768  -16.768  -12.439  -12.439  -10.852  -10.852   -4.253   -4.253    0.857    0.857
    7.766    7.766    8.413    8.413    9.245    9.245
            0.256667  0.444560  0.000000
  -16.746  -16.746  -12.458  -12.458  -10.870  -10.870   -4.230   -4.230    0.831    0.831
    7.798    7.798    8.436    8.436    9.278    9.278
            0.257333  0.445714  0.000000
  -16.724  -16.724  -12.478  -12.478  -10.888  -10.888   -4.207   -4.207    0.806    0.806
    7.829    7.829    8.459    8.459    9.312    9.312
            0.258000  0.446869  0.000000
  -16.702  -16.702  -12.497  -12.497  -10.906  -10.906   -4.184   -4.184    0.780    0.780
    7.861    7.861    8.481    8.481    9.345    9.345
            0.258667  0.448024  0.000000
  -16.680  -16.680  -12.516  -12.516  -10.924  -10.924   -4.161   -4.161    0.755    0.755
    7.893    7.893    8.503    8.503    9.378    9.378
            0.259333  0.449179  0.000000
  -16.658  -16.658  -12.534  -12.534  -10.941  -10.941   -4.138   -4.138    0.729    0.729
    7.925    7.925    8.525    8.525    9.412    9.412
            0.260000  0.450333  0.000000
  -16.636  -16.636  -12.553  -12.553  -10.959  -10.959   -4.115   -4.115    0.704    0.704
    7.957    7.957    8.547    8.547    9.445    9.445
            0.260667  0.451488  0.000000
  -16.614  -16.614  -12.572  -12.572  -10.977  -10.977   -4.092   -4.092    0.679    0.679
    7.989    7.989    8.568    8.568    9.479    9.479
            0.261333  0.452643  0.000000
  -16.592  -16.592  -12.591  -12.591  -10.995  -10.995   -4.069   -4.069    0.653    0.653
    8.021    8.021    8.589    8.589    9.512    9.512
            0.262000  0.453797  0.000000
  -16.569  -16.569  -12.610  -12.610  -11.013  -11.013   -4.045   -4.045    0.628    0.628
    8.053    8.053    8.609    8.609    9.546    9.546
            0.262667  0.454952  0.000000
  -16.547  -16.547  -12.628  -12.628  -11.030  -11.030   -4.022   -4.022    0.603    0.603
    8.086    8.086    8.629    8.629    9.580    9.580
            0.263333  0.456107  0.000000
  -16.525  -16.525  -12.647  -12.647  -11.048  -11.048   -3.999   -3.999    0.578    0.578
    8.118    8.118    8.649    8.649    9.614    9.614
            0.264000  0.457261  0.000000
  -16.503  -16.503  -12.666  -12.666  -11.065  -11.065   -3.976   -3.976    0.553    0.553
    8.150    8.150    8.668    8.668    9.648    9.648
            0.264667  0.458416  0.000000
  -16.480  -16.480  -12.684  -12.684  -11.083  -11.083   -3.953   -3.953    0.528    0.528
    8.183    8.183    8.687    8.687    9.682    9.682
            0.265333  0.459571  0.000000
  -16.458  -16.458  -12.703  -12.703  -11.100  -11.100   -3.930   -3.930    0.503    0.503
    8.215    8.215    8.705    8.705    9.716    9.716
            0.266000  0.460726  0.000000
  -16.436  -16.436  -12.721  -12.721  -11.117  -11.117   -3.907   -3.907    0.478    0.478
    8.248    8.248    8.723    8.723    9.750    9.750
            0.266667  0.461880  0.000000
  -16.413  -16.413  -12.739  -12.739  -11.135  -11.135   -3.884   -3.884    0.453    0.453
    8.280    8.280    8.741    8.741    9.785    9.785
            0.267333  0.463035  0.000000
  -16.391  -16.391  -12.758  -12.758  -11.152  -11.152   -3.861   -3.861    0.429    0.429
    8.313    8.313    8.758    8.758    9.819    9.819
            0.268000  0.464190  0.000000
  -16.369  -16.369  -12.776  -12.776  -11.169  -11.169   -3.838   -3.838    0.404    0.404
    8.345    8.345    8.774    8.774    9.853    9.853
            0.268667  0.465344  0.000000
  -16.346  -16.346  -12.794  -12.794  -11.186  -11.186   -3.815   -3.815    0.379    0.379
    8.378    8.378    8.790    8.790    9.888    9.888
            0.269333  0.466499  0.000000
  -16.324  -16.324  -12.813  -12.813  -11.203  -11.203   -3.792   -3.792    0.355    0.355
    8.411    8.411    8.805    8.805    9.922    9.922
            0.270000  0.467654  0.000000
  -16.301  -16.301  -12.831  -12.831  -11.220  -11.220   -3.768   -3.768    0.330    0.330
    8.444    8.444    8.820    8.820    9.957    9.957
            0.270667  0.468808  0.000000
  -16.279  -16.279  -12.849  -12.849  -11.237  -11.237   -3.745   -3.745    0.306    0.306
    8.477    8.477    8.835    8.835    9.992    9.992
            0.271333  0.469963  0.000000
  -16.256  -16.256  -12.867  -12.867  -11.254  -11.254   -3.722   -3.722    0.281    0.281
    8.509    8.509    8.849    8.849   10.027   10.027
            0.272000  0.471118  0.000000
  -16.234  -16.234  -12.885  -12.885  -11.271  -11.271   -3.699   -3.699    0.257    0.257
    8.542    8.542    8.862    8.862   10.061   10.061
            0.272667  0.472273  0.000000
  -16.211  -16.211  -12.903  -12.903  -11.287  -11.287   -3.676   -3.676    0.233    0.233
    8.575    8.575    8.875    8.875   10.096   10.096
            0.273333  0.473427  0.000000
  -16.188  -16.188  -12.921  -12.921  -11.304  -11.304   -3.653   -3.653    0.208    0.208
    8.608    8.608    8.887    8.887   10.131   10.131
            0.274000  0.474582  0.000000
  -16.166  -16.166  -12.939  -12.939  -11.320  -11.320   -3.630   -3.630    0.184    0.184
    8.641    8.641    8.899    8.899   10.166   10.166
            0.274667  0.475737  0.000000
  -16.143  -16.143  -12.957  -12.957  -11.337  -11.337   -3.607   -3.607    0.160    0.160
    8.675    8.675    8.910    8.910   10.201   10.201
            0.275333  0.476891  0.000000
  -16.121  -16.121  -12.974  -12.974  -11.353  -11.353   -3.584   -3.584    0.136    0.136
    8.708    8.708    8.920    8.920   10.237   10.237
            0.276000  0.478046  0.000000
  -16.098  -16.098  -12.992  -12.992  -11.370  -11.370   -3.561   -3.561    0.112    0.112
    8.741    8.741    8.930    8.930   10.272   10.272
            0.276667  0.479201  0.000000
  -16.075  -16.075  -13.010  -13.010  -11.386  -11.386   -3.538   -3.538    0.088    0.088
    8.774    8.774    8.940    8.940   10.307   10.307
            0.277333  0.480355  0.000000
  -16.053  -16.053  -13.027  -13.027  -11.402  -11.402   -3.515   -3.515    0.064    0.064
    8.807    8.807    8.948    8.948   10.342   10.342
            0.278000  0.481510  0.000000
  -16.030  -16.030  -13.045  -13.045  -11.418  -11.418   -3.492   -3.492    0.040    0.040
    8.841    8.841    8.957    8.957   10.378   10.378
            0.278667  0.482665  0.000000
  -16.007  -16.007  -13.062  -13.062  -11.434  -11.434   -3.469   -3.469    0.016    0.016
    8.874    8.874    8.964    8.964   10.413   10.413
            0.279333  0.483820  0.000000
  -15.985  -15.985  -13.080  -13.080  -11.450  -11.450   -3.446   -3.446   -0.007   -0.007
    8.907    8.907    8.972    8.972   10.449   10.449
            0.280000  0.484974  0.000000
  -15.962  -15.962  -13.097  -13.097  -11.466  -11.466   -3.423   -3.423   -0.031   -0.031
    8.941    8.941    8.978    8.978   10.484   10.484
            0.280667  0.486129  0.000000
  -15.939  -15.939  -13.115  -13.115  -11.482  -11.482   -3.400   -3.400   -0.055   -0.055
    8.974    8.974    8.985    8.985   10.520   10.520
            0.281333  0.487284  0.000000
  -15.916  -15.916  -13.132  -13.132  -11.498  -11.498   -3.378   -3.378   -0.078   -0.078
    8.990    8.990    9.007    9.007   10.555   10.555
            0.282000  0.488438  0.000000
  -15.894  -15.894  -13.149  -13.149  -11.514  -11.514   -3.355   -3.355   -0.102   -0.102
    8.996    8.996    9.041    9.041   10.591   10.591
            0.282667  0.489593  0.000000
  -15.871  -15.871  -13.167  -13.167  -11.529  -11.529   -3.332   -3.332   -0.125   -0.125
    9.000    9.000    9.074    9.074   10.627   10.627
            0.283333  0.490748  0.000000
  -15.848  -15.848  -13.184  -13.184  -11.545  -11.545   -3.309   -3.309   -0.149   -0.149
    9.005    9.005    9.108    9.108   10.662   10.662
            0.284000  0.491902  0.000000
  -15.825  -15.825  -13.201  -13.201  -11.560  -11.560   -3.286   -3.286   -0.172   -0.172
    9.008    9.008    9.141    9.141   10.698   10.698
            0.284667  0.493057  0.000000
  -15.803  -15.803  -13.218  -13.218  -11.575  -11.575   -3.263   -3.263   -0.195   -0.195
    9.012    9.012    9.175    9.175   10.734   10.734
            0.285333  0.494212  0.000000
  -15.780  -15.780  -13.235  -13.235  -11.591  -11.591   -3.241   -3.241   -0.218   -0.218
    9.015    9.015    9.208    9.208   10.769   10.769
            0.286000  0.495367  0.000000
  -15.757  -15.757  -13.252  -13.252  -11.606  -11.606   -3.218   -3.218   -0.241   -0.241
    9.017    9.017    9.242    9.242   10.805   10.805
            0.286667  0.496521  0.000000
  -15.735  -15.735  -13.269  -13.269  -11.621  -11.621   -3.195   -3.195   -0.265   -0.265
    9.020    9.020    9.275    9.275   10.841   10.841
            0.287333  0.497676  0.000000
  -15.712  -15.712  -13.286  -13.286  -11.636  -11.636   -3.172   -3.172   -0.288   -0.288
    9.021    9.021    9.308    9.308   10.877   10.877
            0.288000  0.498831  0.000000
  -15.689  -15.689  -13.303  -13.303  -11.651  -11.651   -3.150   -3.150   -0.311   -0.311
    9.023    9.023    9.342    9.342   10.912   10.912
            0.288667  0.499985  0.000000
  -15.666  -15.666  -13.320  -13.320  -11.666  -11.666   -3.127   -3.127   -0.333   -0.333
    9.024    9.024    9.375    9.375   10.948   10.948
            0.289333  0.501140  0.000000
  -15.644  -15.644  -13.336  -13.336  -11.680  -11.680   -3.105   -3.105   -0.356   -0.356
    9.025    9.025    9.409    9.409   10.983   10.983
            0.290000  0.502295  0.000000
  -15.621  -15.621  -13.353  -13.353  -11.695  -11.695   -3.082   -3.082   -0.379   -0.379
    9.025    9.025    9.442    9.442   11.019   11.019
            0.290667  0.503449  0.000000
  -15.598  -15.598  -13.370  -13.370  -11.709  -11.709   -3.059   -3.059   -0.402   -0.402
    9.025    9.025    9.476    9.476   11.054   11.054
            0.291333  0.504604  0.000000
  -15.576  -15.576  -13.386  -13.386  -11.724  -11.724   -3.037   -3.037   -0.424   -0.424
    9.025    9.025    9.509    9.509   11.089   11.089
            0.292000  0.505759  0.000000
  -15.553  -15.553  -13.403  -13.403  -11.738  -11.738   -3.014   -3.014   -0.447   -0.447
    9.025    9.025    9.543    9.543   11.124   11.124
            0.292667  0.506914  0.000000
  -15.530  -15.530  -13.419  -13.419  -11.752  -11.752   -2.992   -2.992   -0.470   -0.470
    9.024    9.024    9.576    9.576   11.159   11.159
            0.293333  0.508068  0.000000
  -15.508  -15.508  -13.436  -13.436  -11.766  -11.766   -2.970   -2.970   -0.492   -0.492
    9.023    9.023    9.609    9.609   11.193   11.193
            0.294000  0.509223  0.000000
  -15.485  -15.485  -13.452  -13.452  -11.780  -11.780   -2.947   -2.947   -0.514   -0.514
    9.022    9.022    9.643    9.643   11.227   11.227
            0.294667  0.510378  0.000000
  -15.463  -15.463  -13.468  -13.468  -11.794  -11.794   -2.925   -2.925   -0.537   -0.537
    9.021    9.021    9.676    9.676   11.254   11.254
            0.295333  0.511532  0.000000
  -15.440  -15.440  -13.485  -13.485  -11.808  -11.808   -2.902   -2.902   -0.559   -0.559
    9.019    9.019    9.709    9.709   11.257   11.257
            0.296000  0.512687  0.000000
  -15.418  -15.418  -13.501  -13.501  -11.822  -11.822   -2.880   -2.880   -0.581   -0.581
    9.018    9.018    9.742    9.742   11.259   11.259
            0.296667  0.513842  0.000000
  -15.395  -15.395  -13.517  -13.517  -11.835  -11.835   -2.858   -2.858   -0.603   -0.603
    9.016    9.016    9.775    9.775   11.261   11.261
            0.297333  0.514996  0.000000
  -15.373  -15.373  -13.533  -13.533  -11.849  -11.849   -2.836   -2.836   -0.626   -0.626
    9.014    9.014    9.808    9.808   11.263   11.263
            0.298000  0.516151  0.000000
  -15.351  -15.351  -13.549  -13.549  -11.862  -11.862   -2.814   -2.814   -0.648   -0.648
    9.011    9.011    9.841    9.841   11.265   11.265
            0.298667  0.517306  0.000000
  -15.328  -15.328  -13.565  -13.565  -11.875  -11.875   -2.791   -2.791   -0.670   -0.670
    9.009    9.009    9.874    9.874   11.267   11.267
            0.299333  0.518461  0.000000
  -15.306  -15.306  -13.581  -13.581  -11.888  -11.888   -2.769   -2.769   -0.692   -0.692
    9.007    9.007    9.907    9.907   11.269   11.269
            0.300000  0.519615  0.000000
  -15.284  -15.284  -13.597  -13.597  -11.901  -11.901   -2.747   -2.747   -0.713   -0.713
    9.004    9.004    9.940    9.940   11.270   11.270
            0.300667  0.520770  0.000000
  -15.262  -15.262  -13.613  -13.613  -11.914  -11.914   -2.725   -2.725   -0.735   -0.735
    9.001    9.001    9.973    9.973   11.272   11.272
            0.301333  0.521925  0.000000
  -15.239  -15.239  -13.629  -13.629  -11.926  -11.926   -2.703   -2.703   -0.757   -0.757
    8.999    8.999   10.005   10.005   11.273   11.273
            0.302000  0.523079  0.000000
  -15.217  -15.217  -13.645  -13.645  -11.939  -11.939   -2.682   -2.682   -0.779   -0.779
    8.996    8.996   10.038   10.038   11.274   11.274
            0.302667  0.524234  0.000000
  -15.195  -15.195  -13.661  -13.661  -11.951  -11.951   -2.660   -2.660   -0.800   -0.800
    8.993    8.993   10.070   10.070   11.275   11.275
            0.303333  0.525389  0.000000
  -15.173  -15.173  -13.676  -13.676  -11.963  -11.963   -2.638   -2.638   -0.822   -0.822
    8.990    8.990   10.102   10.102   11.276   11.276
            0.304000  0.526543  0.000000
  -15.152  -15.152  -13.692  -13.692  -11.975  -11.975   -2.616   -2.616   -0.843   -0.843
    8.987    8.987   10.134   10.134   11.277   11.277
            0.304667  0.527698  0.000000
  -15.130  -15.130  -13.708  -13.708  -11.987  -11.987   -2.594   -2.594   -0.865   -0.865
    8.984    8.984   10.166   10.166   11.277   11.277
            0.305333  0.528853  0.000000
  -15.108  -15.108  -13.723  -13.723  -11.999  -11.999   -2.573   -2.573   -0.886   -0.886
    8.981    8.981   10.198   10.198   11.278   11.278
            0.306000  0.530008  0.000000
  -15.086  -15.086  -13.739  -13.739  -12.011  -12.011   -2.551   -2.551   -0.907   -0.907
    8.977    8.977   10.229   10.229   11.278   11.278
            0.306667  0.531162  0.000000
  -15.065  -15.065  -13.754  -13.754  -12.022  -12.022   -2.530   -2.530   -0.928   -0.928
    8.974    8.974   10.261   10.261   11.278   11.278
            0.307333  0.532317  0.000000
  -15.043  -15.043  -13.769  -13.769  -12.033  -12.033   -2.508   -2.508   -0.950   -0.950
    8.971    8.971   10.292   10.292   11.278   11.278
            0.308000  0.533472  0.000000
  -15.022  -15.022  -13.785  -13.785  -12.044  -12.044   -2.487   -2.487   -0.971   -0.971
    8.968    8.968   10.323   10.323   11.277   11.277
            0.308667  0.534626  0.000000
  -15.000  -15.000  -13.800  -13.800  -12.055  -12.055   -2.465   -2.465   -0.992   -0.992
    8.965    8.965   10.354   10.354   11.277   11.277
            0.309333  0.535781  0.000000
  -14.979  -14.979  -13.815  -13.815  -12.066  -12.066   -2.444   -2.444   -1.013   -1.013
    8.961    8.961   10.384   10.384   11.276   11.276
            0.310000  0.536936  0.000000
  -14.958  -14.958  -13.830  -13.830  -12.077  -12.077   -2.423   -2.423   -1.034   -1.034
    8.958    8.958   10.415   10.415   11.276   11.276
            0.310667  0.538090  0.000000
  -14.937  -14.937  -13.845  -13.845  -12.087  -12.087   -2.402   -2.402   -1.054   -1.054
    8.955    8.955   10.445   10.445   11.275   11.275
            0.311333  0.539245  0.000000
  -14.916  -14.916  -13.861  -13.861  -12.097  -12.097   -2.380   -2.380   -1.075   -1.075
    8.952    8.952   10.474   10.474   11.274   11.274
            0.312000  0.540400  0.000000
  -14.895  -14.895  -13.876  -13.876  -12.107  -12.107   -2.359   -2.359   -1.096   -1.096
    8.949    8.949   10.504   10.504   11.272   11.272
            0.312667  0.541555  0.000000
  -14.875  -14.875  -13.891  -13.891  -12.117  -12.117   -2.338   -2.338   -1.116   -1.116
    8.946    8.946   10.533   10.533   11.271   11.271
            0.313333  0.542709  0.000000
  -14.854  -14.854  -13.906  -13.906  -12.126  -12.126   -2.317   -2.317   -1.137   -1.137
    8.943    8.943   10.562   10.562   11.269   11.269
            0.314000  0.543864  0.000000
  -14.834  -14.834  -13.920  -13.920  -12.136  -12.136   -2.296   -2.296   -1.158   -1.158
    8.940    8.940   10.590   10.590   11.268   11.268
            0.314667  0.545019  0.000000
  -14.813  -14.813  -13.935  -13.935  -12.145  -12.145   -2.276   -2.276   -1.178   -1.178
    8.937    8.937   10.618   10.618   11.266   11.266
            0.315333  0.546173  0.000000
  -14.793  -14.793  -13.950  -13.950  -12.154  -12.154   -2.255   -2.255   -1.198   -1.198
    8.934    8.934   10.646   10.646   11.264   11.264
            0.316000  0.547328  0.000000
  -14.773  -14.773  -13.965  -13.965  -12.163  -12.163   -2.234   -2.234   -1.219   -1.219
    8.931    8.931   10.673   10.673   11.261   11.261
            0.316667  0.548483  0.000000
  -14.753  -14.753  -13.979  -13.979  -12.171  -12.171   -2.214   -2.214   -1.239   -1.239
    8.928    8.928   10.700   10.700   11.259   11.259
            0.317333  0.549637  0.000000
  -14.734  -14.734  -13.994  -13.994  -12.179  -12.179   -2.193   -2.193   -1.259   -1.259
    8.926    8.926   10.727   10.727   11.256   11.256
            0.318000  0.550792  0.000000
  -14.714  -14.714  -14.009  -14.009  -12.187  -12.187   -2.173   -2.173   -1.279   -1.279
    8.923    8.923   10.753   10.753   11.254   11.254
            0.318667  0.551947  0.000000
  -14.695  -14.695  -14.023  -14.023  -12.195  -12.195   -2.152   -2.152   -1.299   -1.299
    8.920    8.920   10.778   10.778   11.251   11.251
            0.319333  0.553102  0.000000
  -14.676  -14.676  -14.038  -14.038  -12.202  -12.202   -2.132   -2.132   -1.319   -1.319
    8.918    8.918   10.803   10.803   11.248   11.248
            0.320000  0.554256  0.000000
  -14.657  -14.657  -14.052  -14.052  -12.209  -12.209   -2.112   -2.112   -1.339   -1.339
    8.915    8.915   10.827   10.827   11.244   11.244
            0.320667  0.555411  0.000000
  -14.638  -14.638  -14.066  -14.066  -12.216  -12.216   -2.091   -2.091   -1.359   -1.359
    8.913    8.913   10.851   10.851   11.241   11.241
            0.321333  0.556566  0.000000
  -14.620  -14.620  -14.081  -14.081  -12.223  -12.223   -2.071   -2.071   -1.379   -1.379
    8.911    8.911   10.874   10.874   11.237   11.237
            0.322000  0.557720  0.000000
  -14.601  -14.601  -14.095  -14.095  -12.229  -12.229   -2.051   -2.051   -1.398   -1.398
    8.909    8.909   10.896   10.896   11.234   11.234
            0.322667  0.558875  0.000000
  -14.583  -14.583  -14.109  -14.109  -12.235  -12.235   -2.031   -2.031   -1.418   -1.418
    8.907    8.907   10.917   10.917   11.230   11.230
            0.323333  0.560030  0.000000
  -14.565  -14.565  -14.123  -14.123  -12.241  -12.241   -2.011   -2.011   -1.438   -1.438
    8.905    8.905   10.938   10.938   11.226   11.226
            0.324000  0.561184  0.000000
  -14.547  -14.547  -14.137  -14.137  -12.246  -12.246   -1.992   -1.992   -1.457   -1.457
    8.903    8.903   10.958   10.958   11.221   11.221
            0.324667  0.562339  0.000000
  -14.530  -14.530  -14.151  -14.151  -12.252  -12.252   -1.972   -1.972   -1.477   -1.477
    8.901    8.901   10.978   10.978   11.217   11.217
            0.325333  0.563494  0.000000
  -14.513  -14.513  -14.165  -14.165  -12.256  -12.256   -1.952   -1.952   -1.496   -1.496
    8.900    8.900   10.996   10.996   11.212   11.212
            0.326000  0.564649  0.000000
  -14.496  -14.496  -14.179  -14.179  -12.261  -12.261   -1.933   -1.933   -1.515   -1.515
    8.898    8.898   11.014   11.014   11.207   11.207
            0.326667  0.565803  0.000000
  -14.479  -14.479  -14.193  -14.193  -12.265  -12.265   -1.913   -1.913   -1.535   -1.535
    8.897    8.897   11.030   11.030   11.203   11.203
            0.327333  0.566958  0.000000
  -14.463  -14.463  -14.207  -14.207  -12.269  -12.269   -1.894   -1.894   -1.554   -1.554
    8.896    8.896   11.046   11.046   11.197   11.197
            0.328000  0.568113  0.000000
  -14.447  -14.447  -14.221  -14.221  -12.272  -12.272   -1.875   -1.875   -1.573   -1.573
    8.895    8.895   11.061   11.061   11.192   11.192
            0.328667  0.569267  0.000000
  -14.431  -14.431  -14.235  -14.235  -12.275  -12.275   -1.855   -1.855   -1.592   -1.592
    8.894    8.894   11.075   11.075   11.187   11.187
            0.329333  0.570422  0.000000
  -14.416  -14.416  -14.248  -14.248  -12.278  -12.278   -1.836   -1.836   -1.611   -1.611
    8.893    8.893   11.088   11.088   11.181   11.181
            0.330000  0.571577  0.000000
  -14.400  -14.400  -14.262  -14.262  -12.280  -12.280   -1.817   -1.817   -1.630   -1.630
    8.892    8.892   11.100   11.100   11.176   11.176
            0.330667  0.572731  0.000000
  -14.386  -14.386  -14.276  -14.276  -12.282  -12.282   -1.798   -1.798   -1.649   -1.649
    8.891    8.891   11.111   11.111   11.170   11.170
            0.331333  0.573886  0.000000
  -14.371  -14.371  -14.289  -14.289  -12.283  -12.283   -1.779   -1.779   -1.667   -1.667
    8.891    8.891   11.121   11.121   11.164   11.164
            0.332000  0.575041  0.000000
  -14.357  -14.357  -14.303  -14.303  -12.284  -12.284   -1.761   -1.761   -1.686   -1.686
    8.891    8.891   11.130   11.130   11.158   11.158
            0.332667  0.576196  0.000000
  -14.343  -14.343  -14.316  -14.316  -12.285  -12.285   -1.742   -1.742   -1.705   -1.705
    8.890    8.890   11.138   11.138   11.152   11.152
            0.333333  0.577350  0.000000
  -14.330  -14.330  -14.328  -14.328  -12.285  -12.285   -1.723   -1.723   -1.723   -1.723
    8.890    8.890   11.143   11.143   11.147   11.147
            0.333667  0.576773  0.000000
  -14.336  -14.336  -14.323  -14.323  -12.285  -12.285   -1.733   -1.733   -1.714   -1.714
    8.890    8.890   11.141   11.141   11.149   11.149
            0.334000  0.576196  0.000000
  -14.343  -14.343  -14.316  -14.316  -12.285  -12.285   -1.742   -1.742   -1.705   -1.705
    8.890    8.890   11.138   11.138   11.151   11.151
            0.334333  0.575618  0.000000
  -14.349  -14.349  -14.310  -14.310  -12.285  -12.285   -1.751   -1.751   -1.696   -1.696
    8.891    8.891   11.135   11.135   11.154   11.154
            0.334667  0.575041  0.000000
  -14.356  -14.356  -14.303  -14.303  -12.284  -12.284   -1.760   -1.760   -1.686   -1.686
    8.891    8.891   11.131   11.131   11.156   11.156
            0.335000  0.574464  0.000000
  -14.363  -14.363  -14.297  -14.297  -12.284  -12.284   -1.769   -1.769   -1.677   -1.677
    8.891    8.891   11.128   11.128   11.158   11.158
            0.335333  0.573886  0.000000
  -14.369  -14.369  -14.291  -14.291  -12.283  -12.283   -1.779   -1.779   -1.668   -1.668
    8.891    8.891   11.125   11.125   11.160   11.160
            0.335667  0.573309  0.000000
  -14.376  -14.376  -14.285  -14.285  -12.282  -12.282   -1.788   -1.788   -1.659   -1.659
    8.891    8.891   11.121   11.121   11.162   11.162
            0.336000  0.572731  0.000000
  -14.382  -14.382  -14.279  -14.279  -12.282  -12.282   -1.797   -1.797   -1.650   -1.650
    8.892    8.892   11.118   11.118   11.163   11.163
            0.336333  0.572154  0.000000
  -14.389  -14.389  -14.273  -14.273  -12.281  -12.281   -1.806   -1.806   -1.641   -1.641
    8.892    8.892   11.114   11.114   11.165   11.165
            0.336667  0.571577  0.000000
  -14.395  -14.395  -14.267  -14.267  -12.280  -12.280   -1.815   -1.815   -1.632   -1.632
    8.892    8.892   11.110   11.110   11.166   11.166
            0.337000  0.570999  0.000000
  -14.402  -14.402  -14.261  -14.261  -12.278  -12.278   -1.824   -1.824   -1.623   -1.623
    8.893    8.893   11.107   11.107   11.167   11.167
            0.337333  0.570422  0.000000
  -14.409  -14.409  -14.256  -14.256  -12.277  -12.277   -1.833   -1.833   -1.614   -1.614
    8.893    8.893   11.103   11.103   11.167   11.167
            0.337667  0.569845  0.000000
  -14.415  -14.415  -14.250  -14.250  -12.276  -12.276   -1.842   -1.842   -1.605   -1.605
    8.893    8.893   11.100   11.100   11.168   11.168
            0.338000  0.569267  0.000000
  -14.422  -14.422  -14.245  -14.245  -12.274  -12.274   -1.851   -1.851   -1.596   -1.596
    8.894    8.894   11.096   11.096   11.168   11.168
            0.338333  0.568690  0.000000
  -14.428  -14.428  -14.240  -14.240  -12.273  -12.273   -1.860   -1.860   -1.587   -1.587
    8.894    8.894   11.092   11.092   11.168   11.168
            0.338667  0.568113  0.000000
  -14.435  -14.435  -14.234  -14.234  -12.271  -12.271   -1.869   -1.869   -1.578   -1.578
    8.895    8.895   11.088   11.088   11.168   11.168
            0.339000  0.567535  0.000000
  -14.441  -14.441  -14.229  -14.229  -12.269  -12.269   -1.878   -1.878   -1.569   -1.569
    8.896    8.896   11.085   11.085   11.167   11.167
            0.339333  0.566958  0.000000
  -14.447  -14.447  -14.224  -14.224  -12.267  -12.267   -1.887   -1.887   -1.560   -1.560
    8.896    8.896   11.081   11.081   11.167   11.167
            0.339667  0.566381  0.000000
  -14.454  -14.454  -14.219  -14.219  -12.265  -12.265   -1.896   -1.896   -1.552   -1.552
    8.897    8.897   11.077   11.077   11.166   11.166
            0.340000  0.565803  0.000000
  -14.460  -14.460  -14.215  -14.215  -12.263  -12.263   -1.905   -1.905   -1.543   -1.543
    8.898    8.898   11.073   11.073   11.165   11.165
            0.340333  0.565226  0.000000
  -14.467  -14.467  -14.210  -14.210  -12.260  -12.260   -1.914   -1.914   -1.534   -1.534
    8.898    8.898   11.069   11.069   11.164   11.164
            0.340667  0.564649  0.000000
  -14.473  -14.473  -14.205  -14.205  -12.258  -12.258   -1.923   -1.923   -1.525   -1.525
    8.899    8.899   11.065   11.065   11.163   11.163
            0.341000  0.564071  0.000000
  -14.479  -14.479  -14.201  -14.201  -12.255  -12.255   -1.932   -1.932   -1.517   -1.517
    8.900    8.900   11.061   11.061   11.161   11.161
            0.341333  0.563494  0.000000
  -14.486  -14.486  -14.196  -14.196  -12.253  -12.253   -1.941   -1.941   -1.508   -1.508
    8.901    8.901   11.057   11.057   11.160   11.160
            0.341667  0.562917  0.000000
  -14.492  -14.492  -14.192  -14.192  -12.250  -12.250   -1.950   -1.950   -1.499   -1.499
    8.902    8.902   11.053   11.053   11.158   11.158
            0.342000  0.562339  0.000000
  -14.499  -14.499  -14.188  -14.188  -12.247  -12.247   -1.958   -1.958   -1.491   -1.491
    8.903    8.903   11.049   11.049   11.156   11.156
            0.342333  0.561762  0.000000
  -14.505  -14.505  -14.184  -14.184  -12.244  -12.244   -1.967   -1.967   -1.482   -1.482
    8.904    8.904   11.045   11.045   11.154   11.154
            0.342667  0.561184  0.000000
  -14.511  -14.511  -14.180  -14.180  -12.241  -12.241   -1.976   -1.976   -1.473   -1.473
    8.905    8.905   11.041   11.041   11.152   11.152
            0.343000  0.560607  0.000000
  -14.517  -14.517  -14.176  -14.176  -12.237  -12.237   -1.985   -1.985   -1.465   -1.465
    8.906    8.906   11.037   11.037   11.149   11.149
            0.343333  0.560030  0.000000
  -14.524  -14.524  -14.172  -14.172  -12.234  -12.234   -1.994   -1.994   -1.456   -1.456
    8.907    8.907   11.032   11.032   11.147   11.147
            0.343667  0.559452  0.000000
  -14.530  -14.530  -14.168  -14.168  -12.230  -12.230   -2.002   -2.002   -1.448   -1.448
    8.908    8.908   11.028   11.028   11.144   11.144
            0.344000  0.558875  0.000000
  -14.536  -14.536  -14.165  -14.165  -12.227  -12.227   -2.011   -2.011   -1.439   -1.439
    8.909    8.909   11.024   11.024   11.142   11.142
            0.344333  0.558298  0.000000
  -14.543  -14.543  -14.161  -14.161  -12.223  -12.223   -2.020   -2.020   -1.431   -1.431
    8.910    8.910   11.020   11.020   11.139   11.139
            0.344667  0.557720  0.000000
  -14.549  -14.549  -14.158  -14.158  -12.219  -12.219   -2.028   -2.028   -1.422   -1.422
    8.912    8.912   11.015   11.015   11.136   11.136
            0.345000  0.557143  0.000000
  -14.555  -14.555  -14.155  -14.155  -12.215  -12.215   -2.037   -2.037   -1.414   -1.414
    8.913    8.913   11.011   11.011   11.132   11.132
            0.345333  0.556566  0.000000
  -14.561  -14.561  -14.152  -14.152  -12.211  -12.211   -2.046   -2.046   -1.406   -1.406
    8.914    8.914   11.007   11.007   11.129   11.129
            0.345667  0.555988  0.000000
  -14.567  -14.567  -14.148  -14.148  -12.207  -12.207   -2.054   -2.054   -1.397   -1.397
    8.916    8.916   11.002   11.002   11.126   11.126
            0.346000  0.555411  0.000000
  -14.574  -14.574  -14.145  -14.145  -12.202  -12.202   -2.063   -2.063   -1.389   -1.389
    8.917    8.917   10.998   10.998   11.122   11.122
            0.346333  0.554834  0.000000
  -14.580  -14.580  -14.143  -14.143  -12.198  -12.198   -2.072   -2.072   -1.381   -1.381
    8.919    8.919   10.994   10.994   11.118   11.118
            0.346667  0.554256  0.000000
  -14.586  -14.586  -14.140  -14.140  -12.193  -12.193   -2.080   -2.080   -1.372   -1.372
    8.920    8.920   10.989   10.989   11.114   11.114
            0.347000  0.553679  0.000000
  -14.592  -14.592  -14.137  -14.137  -12.188  -12.188   -2.089   -2.089   -1.364   -1.364
    8.922    8.922   10.985   10.985   11.111   11.111
            0.347333  0.553102  0.000000
  -14.598  -14.598  -14.135  -14.135  -12.184  -12.184   -2.097   -2.097   -1.356   -1.356
    8.923    8.923   10.980   10.980   11.107   11.107
            0.347667  0.552524  0.000000
  -14.604  -14.604  -14.132  -14.132  -12.179  -12.179   -2.106   -2.106   -1.348   -1.348
    8.925    8.925   10.976   10.976   11.102   11.102
            0.348000  0.551947  0.000000
  -14.610  -14.610  -14.130  -14.130  -12.174  -12.174   -2.114   -2.114   -1.340   -1.340
    8.926    8.926   10.971   10.971   11.098   11.098
            0.348333  0.551370  0.000000
  -14.617  -14.617  -14.128  -14.128  -12.168  -12.168   -2.123   -2.123   -1.332   -1.332
    8.928    8.928   10.967   10.967   11.094   11.094
            0.348667  0.550792  0.000000
  -14.623  -14.623  -14.125  -14.125  -12.163  -12.163   -2.131   -2.131   -1.323   -1.323
    8.930    8.930   10.962   10.962   11.089   11.089
            0.349000  0.550215  0.000000
  -14.629  -14.629  -14.123  -14.123  -12.158  -12.158   -2.140   -2.140   -1.315   -1.315
    8.932    8.932   10.957   10.957   11.085   11.085
            0.349333  0.549637  0.000000
  -14.635  -14.635  -14.121  -14.121  -12.152  -12.152   -2.148   -2.148   -1.307   -1.307
    8.933    8.933   10.953   10.953   11.080   11.080
            0.349667  0.549060  0.000000
  -14.641  -14.641  -14.119  -14.119  -12.147  -12.147   -2.157   -2.157   -1.299   -1.299
    8.935    8.935   10.948   10.948   11.075   11.075
            0.350000  0.548483  0.000000
  -14.647  -14.647  -14.118  -14.118  -12.141  -12.141   -2.165   -2.165   -1.291   -1.291
    8.937    8.937   10.944   10.944   11.070   11.070
            0.350333  0.547905  0.000000
  -14.653  -14.653  -14.116  -14.116  -12.135  -12.135   -2.174   -2.174   -1.283   -1.283
    8.939    8.939   10.939   10.939   11.065   11.065
            0.350667  0.547328  0.000000
  -14.659  -14.659  -14.114  -14.114  -12.129  -12.129   -2.182   -2.182   -1.275   -1.275
    8.941    8.941   10.934   10.934   11.060   11.060
            0.351000  0.546751  0.000000
  -14.665  -14.665  -14.113  -14.113  -12.123  -12.123   -2.190   -2.190   -1.268   -1.268
    8.943    8.943   10.929   10.929   11.055   11.055
            0.351333  0.546173  0.000000
  -14.671  -14.671  -14.111  -14.111  -12.117  -12.117   -2.199   -2.199   -1.260   -1.260
    8.945    8.945   10.925   10.925   11.050   11.050
            0.351667  0.545596  0.000000
  -14.677  -14.677  -14.110  -14.110  -12.110  -12.110   -2.207   -2.207   -1.252   -1.252
    8.947    8.947   10.920   10.920   11.044   11.044
            0.352000  0.545019  0.000000
  -14.683  -14.683  -14.109  -14.109  -12.104  -12.104   -2.215   -2.215   -1.244   -1.244
    8.949    8.949   10.915   10.915   11.039   11.039
            0.352333  0.544441  0.000000
  -14.689  -14.689  -14.108  -14.108  -12.098  -12.098   -2.224   -2.224   -1.236   -1.236
    8.952    8.952   10.910   10.910   11.033   11.033
            0.352667  0.543864  0.000000
  -14.695  -14.695  -14.107  -14.107  -12.091  -12.091   -2.232   -2.232   -1.229   -1.229
    8.954    8.954   10.906   10.906   11.028   11.028
            0.353000  0.543287  0.000000
  -14.701  -14.701  -14.106  -14.106  -12.084  -12.084   -2.240   -2.240   -1.221   -1.221
    8.956    8.956   10.901   10.901   11.022   11.022
            0.353333  0.542709  0.000000
  -14.706  -14.706  -14.105  -14.105  -12.077  -12.077   -2.248   -2.248   -1.213   -1.213
    8.958    8.958   10.896   10.896   11.016   11.016
            0.353667  0.542132  0.000000
  -14.712  -14.712  -14.104  -14.104  -12.071  -12.071   -2.257   -2.257   -1.205   -1.205
    8.961    8.961   10.891   10.891   11.010   11.010
            0.354000  0.541555  0.000000
  -14.718  -14.718  -14.103  -14.103  -12.064  -12.064   -2.265   -2.265   -1.198   -1.198
    8.963    8.963   10.886   10.886   11.004   11.004
            0.354333  0.540977  0.000000
  -14.724  -14.724  -14.102  -14.102  -12.056  -12.056   -2.273   -2.273   -1.190   -1.190
    8.965    8.965   10.881   10.881   10.998   10.998
            0.354667  0.540400  0.000000
  -14.730  -14.730  -14.102  -14.102  -12.049  -12.049   -2.281   -2.281   -1.183   -1.183
    8.968    8.968   10.876   10.876   10.991   10.991
            0.355000  0.539823  0.000000
  -14.736  -14.736  -14.101  -14.101  -12.042  -12.042   -2.289   -2.289   -1.175   -1.175
    8.970    8.970   10.871   10.871   10.985   10.985
            0.355333  0.539245  0.000000
  -14.742  -14.742  -14.101  -14.101  -12.035  -12.035   -2.297   -2.297   -1.167   -1.167
    8.973    8.973   10.867   10.867   10.979   10.979
            0.355667  0.538668  0.000000
  -14.747  -14.747  -14.101  -14.101  -12.027  -12.027   -2.305   -2.305   -1.160   -1.160
    8.975    8.975   10.862   10.862   10.972   10.972
            0.356000  0.538090  0.000000
  -14.753  -14.753  -14.101  -14.101  -12.020  -12.020   -2.314   -2.314   -1.152   -1.152
    8.978    8.978   10.857   10.857   10.965   10.965
            0.356333  0.537513  0.000000
  -14.759  -14.759  -14.100  -14.100  -12.012  -12.012   -2.322   -2.322   -1.145   -1.145
    8.981    8.981   10.852   10.852   10.958   10.958
            0.356667  0.536936  0.000000
  -14.765  -14.765  -14.100  -14.100  -12.004  -12.004   -2.330   -2.330   -1.138   -1.138
    8.983    8.983   10.847   10.847   10.952   10.952
            0.357000  0.536358  0.000000
  -14.770  -14.770  -14.100  -14.100  -11.996  -11.996   -2.338   -2.338   -1.130   -1.130
    8.986    8.986   10.842   10.842   10.945   10.945
            0.357333  0.535781  0.000000
  -14.776  -14.776  -14.100  -14.100  -11.988  -11.988   -2.346   -2.346   -1.123   -1.123
    8.989    8.989   10.837   10.837   10.938   10.938
            0.357667  0.535204  0.000000
  -14.782  -14.782  -14.100  -14.100  -11.980  -11.980   -2.354   -2.354   -1.116   -1.116
    8.992    8.992   10.832   10.832   10.930   10.930
            0.358000  0.534626  0.000000
  -14.788  -14.788  -14.101  -14.101  -11.972  -11.972   -2.362   -2.362   -1.108   -1.108
    8.995    8.995   10.826   10.826   10.923   10.923
            0.358333  0.534049  0.000000
  -14.793  -14.793  -14.101  -14.101  -11.964  -11.964   -2.370   -2.370   -1.101   -1.101
    8.997    8.997   10.821   10.821   10.916   10.916
            0.358667  0.533472  0.000000
  -14.799  -14.799  -14.101  -14.101  -11.956  -11.956   -2.378   -2.378   -1.094   -1.094
    9.000    9.000   10.816   10.816   10.908   10.908
            0.359000  0.532894  0.000000
  -14.805  -14.805  -14.102  -14.102  -11.947  -11.947   -2.386   -2.386   -1.087   -1.087
    9.003    9.003   10.811   10.811   10.900   10.900
            0.359333  0.532317  0.000000
  -14.810  -14.810  -14.102  -14.102  -11.939  -11.939   -2.394   -2.394   -1.079   -1.079
    9.006    9.006   10.806   10.806   10.893   10.893
            0.359667  0.531740  0.000000
  -14.816  -14.816  -14.103  -14.103  -11.930  -11.930   -2.401   -2.401   -1.072   -1.072
    9.009    9.009   10.801   10.801   10.885   10.885
            0.360000  0.531162  0.000000
  -14.822  -14.822  -14.103  -14.103  -11.922  -11.922   -2.409   -2.409   -1.065   -1.065
    9.013    9.013   10.796   10.796   10.877   10.877
            0.360333  0.530585  0.000000
  -14.827  -14.827  -14.104  -14.104  -11.913  -11.913   -2.417   -2.417   -1.058   -1.058
    9.016    9.016   10.791   10.791   10.869   10.869
            0.360667  0.530008  0.000000
  -14.833  -14.833  -14.105  -14.105  -11.904  -11.904   -2.425   -2.425   -1.051   -1.051
    9.019    9.019   10.786   10.786   10.860   10.860
            0.361000  0.529430  0.000000
  -14.838  -14.838  -14.106  -14.106  -11.895  -11.895   -2.433   -2.433   -1.044   -1.044
    9.022    9.022   10.780   10.780   10.852   10.852
            0.361333  0.528853  0.000000
  -14.844  -14.844  -14.106  -14.106  -11.887  -11.887   -2.441   -2.441   -1.037   -1.037
    9.025    9.025   10.775   10.775   10.843   10.843
            0.361667  0.528275  0.000000
  -14.850  -14.850  -14.107  -14.107  -11.878  -11.878   -2.448   -2.448   -1.030   -1.030
    9.029    9.029   10.770   10.770   10.835   10.835
            0.362000  0.527698  0.000000
  -14.855  -14.855  -14.108  -14.108  -11.869  -11.869   -2.456   -2.456   -1.023   -1.023
    9.032    9.032   10.765   10.765   10.826   10.826
            0.362333  0.527121  0.000000
  -14.861  -14.861  -14.109  -14.109  -11.859  -11.859   -2.464   -2.464   -1.016   -1.016
    9.035    9.035   10.760   10.760   10.817   10.817
            0.362667  0.526543  0.000000
  -14.866  -14.866  -14.110  -14.110  -11.850  -11.850   -2.472   -2.472   -1.009   -1.009
    9.039    9.039   10.755   10.755   10.808   10.808
            0.363000  0.525966  0.000000
  -14.872  -14.872  -14.112  -14.112  -11.841  -11.841   -2.479   -2.479   -1.002   -1.002
    9.042    9.042   10.749   10.749   10.799   10.799
            0.363333  0.525389  0.000000
  -14.877  -14.877  -14.113  -14.113  -11.832  -11.832   -2.487   -2.487   -0.996   -0.996
    9.045    9.045   10.744   10.744   10.790   10.790
            0.363667  0.524811  0.000000
  -14.883  -14.883  -14.114  -14.114  -11.822  -11.822   -2.495   -2.495   -0.989   -0.989
    9.049    9.049   10.739   10.739   10.780   10.780
            0.364000  0.524234  0.000000
  -14.888  -14.888  -14.115  -14.115  -11.813  -11.813   -2.502   -2.502   -0.982   -0.982
    9.053    9.053   10.734   10.734   10.770   10.770
            0.364333  0.523657  0.000000
  -14.894  -14.894  -14.117  -14.117  -11.803  -11.803   -2.510   -2.510   -0.975   -0.975
    9.056    9.056   10.728   10.728   10.761   10.761
            0.364667  0.523079  0.000000
  -14.899  -14.899  -14.118  -14.118  -11.794  -11.794   -2.518   -2.518   -0.969   -0.969
    9.060    9.060   10.723   10.723   10.751   10.751
            0.365000  0.522502  0.000000
  -14.905  -14.905  -14.120  -14.120  -11.784  -11.784   -2.525   -2.525   -0.962   -0.962
    9.063    9.063   10.718   10.718   10.741   10.741
            0.365333  0.521925  0.000000
  -14.910  -14.910  -14.121  -14.121  -11.774  -11.774   -2.533   -2.533   -0.955   -0.955
    9.067    9.067   10.712   10.712   10.730   10.730
            0.365667  0.521347  0.000000
  -14.915  -14.915  -14.123  -14.123  -11.764  -11.764   -2.541   -2.541   -0.949   -0.949
    9.071    9.071   10.707   10.707   10.720   10.720
            0.366000  0.520770  0.000000
  -14.921  -14.921  -14.124  -14.124  -11.755  -11.755   -2.548   -2.548   -0.942   -0.942
    9.075    9.075   10.702   10.702   10.710   10.710
            0.366333  0.520193  0.000000
  -14.926  -14.926  -14.126  -14.126  -11.745  -11.745   -2.556   -2.556   -0.935   -0.935
    9.078    9.078   10.696   10.696   10.700   10.700
            0.366667  0.519615  0.000000
  -14.932  -14.932  -14.128  -14.128  -11.735  -11.735   -2.563   -2.563   -0.929   -0.929
    9.082    9.082   10.687   10.687   10.692   10.692
            0.367000  0.519038  0.000000
  -14.937  -14.937  -14.129  -14.129  -11.725  -11.725   -2.571   -2.571   -0.922   -0.922
    9.086    9.086   10.676   10.676   10.687   10.687
            0.367333  0.518461  0.000000
  -14.942  -14.942  -14.131  -14.131  -11.715  -11.715   -2.578   -2.578   -0.916   -0.916
    9.090    9.090   10.665   10.665   10.681   10.681
            0.367667  0.517883  0.000000
  -14.948  -14.948  -14.133  -14.133  -11.704  -11.704   -2.586   -2.586   -0.910   -0.910
    9.094    9.094   10.654   10.654   10.676   10.676
            0.368000  0.517306  0.000000
  -14.953  -14.953  -14.135  -14.135  -11.694  -11.694   -2.593   -2.593   -0.903   -0.903
    9.098    9.098   10.643   10.643   10.670   10.670
            0.368333  0.516728  0.000000
  -14.958  -14.958  -14.137  -14.137  -11.684  -11.684   -2.601   -2.601   -0.897   -0.897
    9.102    9.102   10.631   10.631   10.665   10.665
            0.368667  0.516151  0.000000
  -14.964  -14.964  -14.139  -14.139  -11.674  -11.674   -2.608   -2.608   -0.890   -0.890
    9.106    9.106   10.619   10.619   10.660   10.660
            0.369000  0.515574  0.000000
  -14.969  -14.969  -14.141  -14.141  -11.663  -11.663   -2.615   -2.615   -0.884   -0.884
    9.110    9.110   10.607   10.607   10.654   10.654
            0.369333  0.514996  0.000000
  -14.974  -14.974  -14.143  -14.143  -11.653  -11.653   -2.623   -2.623   -0.878   -0.878
    9.114    9.114   10.595   10.595   10.649   10.649
            0.369667  0.514419  0.000000
  -14.979  -14.979  -14.145  -14.145  -11.643  -11.643   -2.630   -2.630   -0.872   -0.872
    9.118    9.118   10.583   10.583   10.644   10.644
            0.370000  0.513842  0.000000
  -14.985  -14.985  -14.147  -14.147  -11.632  -11.632   -2.637   -2.637   -0.865   -0.865
    9.123    9.123   10.570   10.570   10.638   10.638
            0.370333  0.513264  0.000000
  -14.990  -14.990  -14.149  -14.149  -11.621  -11.621   -2.645   -2.645   -0.859   -0.859
    9.127    9.127   10.557   10.557   10.633   10.633
            0.370667  0.512687  0.000000
  -14.995  -14.995  -14.151  -14.151  -11.611  -11.611   -2.652   -2.652   -0.853   -0.853
    9.131    9.131   10.545   10.545   10.628   10.628
            0.371000  0.512110  0.000000
  -15.000  -15.000  -14.153  -14.153  -11.600  -11.600   -2.659   -2.659   -0.847   -0.847
    9.135    9.135   10.532   10.532   10.622   10.622
            0.371333  0.511532  0.000000
  -15.005  -15.005  -14.156  -14.156  -11.590  -11.590   -2.667   -2.667   -0.841   -0.841
    9.140    9.140   10.519   10.519   10.617   10.617
            0.371667  0.510955  0.000000
  -15.011  -15.011  -14.158  -14.158  -11.579  -11.579   -2.674   -2.674   -0.835   -0.835
    9.144    9.144   10.505   10.505   10.612   10.612
            0.372000  0.510378  0.000000
  -15.016  -15.016  -14.160  -14.160  -11.568  -11.568   -2.681   -2.681   -0.829   -0.829
    9.148    9.148   10.492   10.492   10.606   10.606
            0.372333  0.509800  0.000000
  -15.021  -15.021  -14.163  -14.163  -11.557  -11.557   -2.688   -2.688   -0.823   -0.823
    9.153    9.153   10.478   10.478   10.601   10.601
            0.372667  0.509223  0.000000
  -15.026  -15.026  -14.165  -14.165  -11.546  -11.546   -2.696   -2.696   -0.817   -0.817
    9.157    9.157   10.465   10.465   10.596   10.596
            0.373000  0.508646  0.000000
  -15.031  -15.031  -14.167  -14.167  -11.536  -11.536   -2.703   -2.703   -0.811   -0.811
    9.162    9.162   10.451   10.451   10.590   10.590
            0.373333  0.508068  0.000000
  -15.036  -15.036  -14.170  -14.170  -11.525  -11.525   -2.710   -2.710   -0.805   -0.805
    9.166    9.166   10.437   10.437   10.585   10.585
            0.373667  0.507491  0.000000
  -15.041  -15.041  -14.172  -14.172  -11.514  -11.514   -2.717   -2.717   -0.799   -0.799
    9.171    9.171   10.423   10.423   10.579   10.579
            0.374000  0.506914  0.000000
  -15.046  -15.046  -14.175  -14.175  -11.503  -11.503   -2.724   -2.724   -0.793   -0.793
    9.175    9.175   10.408   10.408   10.574   10.574
            0.374333  0.506336  0.000000
  -15.051  -15.051  -14.177  -14.177  -11.492  -11.492   -2.731   -2.731   -0.787   -0.787
    9.180    9.180   10.394   10.394   10.569   10.569
            0.374667  0.505759  0.000000
  -15.057  -15.057  -14.180  -14.180  -11.481  -11.481   -2.738   -2.738   -0.781   -0.781
    9.185    9.185   10.380   10.380   10.563   10.563
            0.375000  0.505181  0.000000
  -15.062  -15.062  -14.182  -14.182  -11.469  -11.469   -2.745   -2.745   -0.776   -0.776
    9.189    9.189   10.365   10.365   10.558   10.558
            0.375333  0.504604  0.000000
  -15.067  -15.067  -14.185  -14.185  -11.458  -11.458   -2.753   -2.753   -0.770   -0.770
    9.194    9.194   10.350   10.350   10.553   10.553
            0.375667  0.504027  0.000000
  -15.072  -15.072  -14.187  -14.187  -11.447  -11.447   -2.760   -2.760   -0.764   -0.764
    9.199    9.199   10.335   10.335   10.547   10.547
            0.376000  0.503449  0.000000
  -15.077  -15.077  -14.190  -14.190  -11.436  -11.436   -2.767   -2.767   -0.758   -0.758
    9.204    9.204   10.320   10.320   10.542   10.542
            0.376333  0.502872  0.000000
  -15.082  -15.082  -14.193  -14.193  -11.425  -11.425   -2.774   -2.774   -0.753   -0.753
    9.208    9.208   10.305   10.305   10.537   10.537
            0.376667  0.502295  0.000000
  -15.087  -15.087  -14.195  -14.195  -11.413  -11.413   -2.781   -2.781   -0.747   -0.747
    9.213    9.213   10.290   10.290   10.531   10.531
            0.377000  0.501717  0.000000
  -15.092  -15.092  -14.198  -14.198  -11.402  -11.402   -2.788   -2.788   -0.742   -0.742
    9.218    9.218   10.275   10.275   10.526   10.526
            0.377333  0.501140  0.000000
  -15.096  -15.096  -14.201  -14.201  -11.391  -11.391   -2.794   -2.794   -0.736   -0.736
    9.223    9.223   10.259   10.259   10.521   10.521
            0.377667  0.500563  0.000000
  -15.101  -15.101  -14.203  -14.203  -11.379  -11.379   -2.801   -2.801   -0.730   -0.730
    9.228    9.228   10.244   10.244   10.515   10.515
            0.378000  0.499985  0.000000
  -15.106  -15.106  -14.206  -14.206  -11.368  -11.368   -2.808   -2.808   -0.725   -0.725
    9.233    9.233   10.228   10.228   10.510   10.510
            0.378333  0.499408  0.000000
  -15.111  -15.111  -14.209  -14.209  -11.356  -11.356   -2.815   -2.815   -0.719   -0.719
    9.238    9.238   10.212   10.212   10.504   10.504
            0.378667  0.498831  0.000000
  -15.116  -15.116  -14.212  -14.212  -11.345  -11.345   -2.822   -2.822   -0.714   -0.714
    9.243    9.243   10.197   10.197   10.499   10.499
            0.379000  0.498253  0.000000
  -15.121  -15.121  -14.215  -14.215  -11.333  -11.333   -2.829   -2.829   -0.709   -0.709
    9.248    9.248   10.181   10.181   10.494   10.494
            0.379333  0.497676  0.000000
  -15.126  -15.126  -14.217  -14.217  -11.322  -11.322   -2.836   -2.836   -0.703   -0.703
    9.253    9.253   10.165   10.165   10.488   10.488
            0.379667  0.497099  0.000000
  -15.131  -15.131  -14.220  -14.220  -11.310  -11.310   -2.843   -2.843   -0.698   -0.698
    9.258    9.258   10.149   10.149   10.483   10.483
            0.380000  0.496521  0.000000
  -15.136  -15.136  -14.223  -14.223  -11.299  -11.299   -2.849   -2.849   -0.693   -0.693
    9.263    9.263   10.132   10.132   10.478   10.478
            0.380333  0.495944  0.000000
  -15.140  -15.140  -14.226  -14.226  -11.287  -11.287   -2.856   -2.856   -0.687   -0.687
    9.268    9.268   10.116   10.116   10.472   10.472
            0.380667  0.495367  0.000000
  -15.145  -15.145  -14.229  -14.229  -11.276  -11.276   -2.863   -2.863   -0.682   -0.682
    9.273    9.273   10.100   10.100   10.467   10.467
            0.381000  0.494789  0.000000
  -15.150  -15.150  -14.232  -14.232  -11.264  -11.264   -2.870   -2.870   -0.677   -0.677
    9.278    9.278   10.083   10.083   10.462   10.462
            0.381333  0.494212  0.000000
  -15.155  -15.155  -14.235  -14.235  -11.252  -11.252   -2.876   -2.876   -0.672   -0.672
    9.283    9.283   10.067   10.067   10.456   10.456
            0.381667  0.493634  0.000000
  -15.160  -15.160  -14.238  -14.238  -11.241  -11.241   -2.883   -2.883   -0.666   -0.666
    9.289    9.289   10.050   10.050   10.451   10.451
            0.382000  0.493057  0.000000
  -15.164  -15.164  -14.241  -14.241  -11.229  -11.229   -2.890   -2.890   -0.661   -0.661
    9.294    9.294   10.034   10.034   10.446   10.446
            0.382333  0.492480  0.000000
  -15.169  -15.169  -14.244  -14.244  -11.217  -11.217   -2.897   -2.897   -0.656   -0.656
    9.299    9.299   10.017   10.017   10.440   10.440
            0.382667  0.491902  0.000000
  -15.174  -15.174  -14.247  -14.247  -11.205  -11.205   -2.903   -2.903   -0.651   -0.651
    9.304    9.304   10.000   10.000   10.435   10.435
            0.383000  0.491325  0.000000
  -15.179  -15.179  -14.250  -14.250  -11.194  -11.194   -2.910   -2.910   -0.646   -0.646
    9.310    9.310    9.984    9.984   10.430   10.430
            0.383333  0.490748  0.000000
  -15.183  -15.183  -14.253  -14.253  -11.182  -11.182   -2.916   -2.916   -0.641   -0.641
    9.315    9.315    9.967    9.967   10.424   10.424
            0.383667  0.490170  0.000000
  -15.188  -15.188  -14.256  -14.256  -11.170  -11.170   -2.923   -2.923   -0.636   -0.636
    9.320    9.320    9.950    9.950   10.419   10.419
            0.384000  0.489593  0.000000
  -15.193  -15.193  -14.259  -14.259  -11.158  -11.158   -2.930   -2.930   -0.631   -0.631
    9.326    9.326    9.933    9.933   10.414   10.414
            0.384333  0.489016  0.000000
  -15.197  -15.197  -14.262  -14.262  -11.146  -11.146   -2.936   -2.936   -0.626   -0.626
    9.331    9.331    9.916    9.916   10.409   10.409
            0.384667  0.488438  0.000000
  -15.202  -15.202  -14.265  -14.265  -11.134  -11.134   -2.943   -2.943   -0.621   -0.621
    9.337    9.337    9.899    9.899   10.403   10.403
            0.385000  0.487861  0.000000
  -15.207  -15.207  -14.268  -14.268  -11.122  -11.122   -2.949   -2.949   -0.616   -0.616
    9.342    9.342    9.882    9.882   10.398   10.398
            0.385333  0.487284  0.000000
  -15.211  -15.211  -14.271  -14.271  -11.110  -11.110   -2.956   -2.956   -0.611   -0.611
    9.348    9.348    9.865    9.865   10.393   10.393
            0.385667  0.486706  0.000000
  -15.216  -15.216  -14.274  -14.274  -11.098  -11.098   -2.962   -2.962   -0.606   -0.606
    9.353    9.353    9.847    9.847   10.387   10.387
            0.386000  0.486129  0.000000
  -15.220  -15.220  -14.277  -14.277  -11.087  -11.087   -2.969   -2.969   -0.602   -0.602
    9.359    9.359    9.830    9.830   10.382   10.382
            0.386333  0.485552  0.000000
  -15.225  -15.225  -14.280  -14.280  -11.075  -11.075   -2.975   -2.975   -0.597   -0.597
    9.364    9.364    9.813    9.813   10.377   10.377
            0.386667  0.484974  0.000000
  -15.230  -15.230  -14.283  -14.283  -11.063  -11.063   -2.982   -2.982   -0.592   -0.592
    9.370    9.370    9.795    9.795   10.372   10.372
            0.387000  0.484397  0.000000
  -15.234  -15.234  -14.286  -14.286  -11.051  -11.051   -2.988   -2.988   -0.587   -0.587
    9.375    9.375    9.778    9.778   10.366   10.366
            0.387333  0.483820  0.000000
  -15.239  -15.239  -14.290  -14.290  -11.039  -11.039   -2.994   -2.994   -0.583   -0.583
    9.381    9.381    9.761    9.761   10.361   10.361
            0.387667  0.483242  0.000000
  -15.243  -15.243  -14.293  -14.293  -11.027  -11.027   -3.001   -3.001   -0.578   -0.578
    9.386    9.386    9.743    9.743   10.356   10.356
            0.388000  0.482665  0.000000
  -15.248  -15.248  -14.296  -14.296  -11.014  -11.014   -3.007   -3.007   -0.573   -0.573
    9.392    9.392    9.726    9.726   10.351   10.351
            0.388333  0.482087  0.000000
  -15.252  -15.252  -14.299  -14.299  -11.002  -11.002   -3.014   -3.014   -0.569   -0.569
    9.397    9.397    9.708    9.708   10.345   10.345
            0.388667  0.481510  0.000000
  -15.257  -15.257  -14.302  -14.302  -10.990  -10.990   -3.020   -3.020   -0.564   -0.564
    9.403    9.403    9.691    9.691   10.340   10.340
            0.389000  0.480933  0.000000
  -15.261  -15.261  -14.305  -14.305  -10.978  -10.978   -3.026   -3.026   -0.560   -0.560
    9.409    9.409    9.673    9.673   10.335   10.335
            0.389333  0.480355  0.000000
  -15.266  -15.266  -14.308  -14.308  -10.966  -10.966   -3.032   -3.032   -0.555   -0.555
    9.414    9.414    9.655    9.655   10.330   10.330
            0.389667  0.479778  0.000000
  -15.270  -15.270  -14.312  -14.312  -10.954  -10.954   -3.039   -3.039   -0.551   -0.551
    9.420    9.420    9.638    9.638   10.325   10.325
            0.390000  0.479201  0.000000
  -15.275  -15.275  -14.315  -14.315  -10.942  -10.942   -3.045   -3.045   -0.546   -0.546
    9.426    9.426    9.620    9.620   10.319   10.319
            0.390333  0.478623  0.000000
  -15.279  -15.279  -14.318  -14.318  -10.930  -10.930   -3.051   -3.051   -0.542   -0.542
    9.431    9.431    9.602    9.602   10.314   10.314
            0.390667  0.478046  0.000000
  -15.283  -15.283  -14.321  -14.321  -10.918  -10.918   -3.057   -3.057   -0.537   -0.537
    9.437    9.437    9.584    9.584   10.309   10.309
            0.391000  0.477469  0.000000
  -15.288  -15.288  -14.324  -14.324  -10.905  -10.905   -3.064   -3.064   -0.533   -0.533
    9.443    9.443    9.567    9.567   10.304   10.304
            0.391333  0.476891  0.000000
  -15.292  -15.292  -14.328  -14.328  -10.893  -10.893   -3.070   -3.070   -0.529   -0.529
    9.449    9.449    9.549    9.549   10.299   10.299
            0.391667  0.476314  0.000000
  -15.297  -15.297  -14.331  -14.331  -10.881  -10.881   -3.076   -3.076   -0.524   -0.524
    9.454    9.454    9.531    9.531   10.293   10.293
            0.392000  0.475737  0.000000
  -15.301  -15.301  -14.334  -14.334  -10.869  -10.869   -3.082   -3.082   -0.520   -0.520
    9.460    9.460    9.513    9.513   10.288   10.288
            0.392333  0.475159  0.000000
  -15.305  -15.305  -14.337  -14.337  -10.857  -10.857   -3.088   -3.088   -0.516   -0.516
    9.466    9.466    9.495    9.495   10.283   10.283
            0.392667  0.474582  0.000000
  -15.310  -15.310  -14.340  -14.340  -10.845  -10.845   -3.094   -3.094   -0.511   -0.511
    9.472    9.472    9.478    9.478   10.278   10.278
            0.393000  0.474005  0.000000
  -15.314  -15.314  -14.344  -14.344  -10.832  -10.832   -3.100   -3.100   -0.507   -0.507
    9.460    9.460    9.478    9.478   10.273   10.273
            0.393333  0.473427  0.000000
  -15.318  -15.318  -14.347  -14.347  -10.820  -10.820   -3.106   -3.106   -0.503   -0.503
    9.442    9.442    9.483    9.483   10.268   10.268
            0.393667  0.472850  0.000000
  -15.323  -15.323  -14.350  -14.350  -10.808  -10.808   -3.113   -3.113   -0.499   -0.499
    9.424    9.424    9.489    9.489   10.263   10.263
            0.394000  0.472273  0.000000
  -15.327  -15.327  -14.353  -14.353  -10.796  -10.796   -3.119   -3.119   -0.495   -0.495
    9.406    9.406    9.495    9.495   10.258   10.258
            0.394333  0.471695  0.000000
  -15.331  -15.331  -14.357  -14.357  -10.783  -10.783   -3.125   -3.125   -0.491   -0.491
    9.388    9.388    9.501    9.501   10.252   10.252
            0.394667  0.471118  0.000000
  -15.335  -15.335  -14.360  -14.360  -10.771  -10.771   -3.131   -3.131   -0.486   -0.486
    9.370    9.370    9.507    9.507   10.247   10.247
            0.395000  0.470540  0.000000
  -15.340  -15.340  -14.363  -14.363  -10.759  -10.759   -3.137   -3.137   -0.482   -0.482
    9.352    9.352    9.512    9.512   10.242   10.242
            0.395333  0.469963  0.000000
  -15.344  -15.344  -14.366  -14.366  -10.747  -10.747   -3.143   -3.143   -0.478   -0.478
    9.334    9.334    9.518    9.518   10.237   10.237
            0.395667  0.469386  0.000000
  -15.348  -15.348  -14.369  -14.369  -10.734  -10.734   -3.148   -3.148   -0.474   -0.474
    9.316    9.316    9.524    9.524   10.232   10.232
            0.396000  0.468808  0.000000
  -15.352  -15.352  -14.373  -14.373  -10.722  -10.722   -3.154   -3.154   -0.470   -0.470
    9.298    9.298    9.530    9.530   10.227   10.227
            0.396333  0.468231  0.000000
  -15.356  -15.356  -14.376  -14.376  -10.710  -10.710   -3.160   -3.160   -0.466   -0.466
    9.280    9.280    9.536    9.536   10.222   10.222
            0.396667  0.467654  0.000000
  -15.361  -15.361  -14.379  -14.379  -10.698  -10.698   -3.166   -3.166   -0.463   -0.463
    9.262    9.262    9.542    9.542   10.217   10.217
            0.397000  0.467076  0.000000
  -15.365  -15.365  -14.382  -14.382  -10.685  -10.685   -3.172   -3.172   -0.459   -0.459
    9.244    9.244    9.548    9.548   10.212   10.212
            0.397333  0.466499  0.000000
  -15.369  -15.369  -14.386  -14.386  -10.673  -10.673   -3.178   -3.178   -0.455   -0.455
    9.226    9.226    9.553    9.553   10.207   10.207
            0.397667  0.465922  0.000000
  -15.373  -15.373  -14.389  -14.389  -10.661  -10.661   -3.184   -3.184   -0.451   -0.451
    9.208    9.208    9.559    9.559   10.202   10.202
            0.398000  0.465344  0.000000
  -15.377  -15.377  -14.392  -14.392  -10.649  -10.649   -3.190   -3.190   -0.447   -0.447
    9.190    9.190    9.565    9.565   10.197   10.197
            0.398333  0.464767  0.000000
  -15.381  -15.381  -14.395  -14.395  -10.636  -10.636   -3.195   -3.195   -0.443   -0.443
    9.172    9.172    9.571    9.571   10.192   10.192
            0.398667  0.464190  0.000000
  -15.385  -15.385  -14.399  -14.399  -10.624  -10.624   -3.201   -3.201   -0.440   -0.440
    9.154    9.154    9.577    9.577   10.187   10.187
            0.399000  0.463612  0.000000
  -15.389  -15.389  -14.402  -14.402  -10.612  -10.612   -3.207   -3.207   -0.436   -0.436
    9.136    9.136    9.583    9.583   10.182   10.182
            0.399333  0.463035  0.000000
  -15.394  -15.394  -14.405  -14.405  -10.599  -10.599   -3.213   -3.213   -0.432   -0.432
    9.118    9.118    9.589    9.589   10.177   10.177
            0.399667  0.462458  0.000000
  -15.398  -15.398  -14.408  -14.408  -10.587  -10.587   -3.218   -3.218   -0.428   -0.428
    9.099    9.099    9.594    9.594   10.172   10.172
            0.400000  0.461880  0.000000
  -15.402  -15.402  -14.411  -14.411  -10.575  -10.575   -3.224   -3.224   -0.425   -0.425
    9.081    9.081    9.600    9.600   10.167   10.167
            0.400333  0.461303  0.000000
  -15.406  -15.406  -14.415  -14.415  -10.563  -10.563   -3.230   -3.230   -0.421   -0.421
    9.063    9.063    9.606    9.606   10.162   10.162
            0.400667  0.460726  0.000000
  -15.410  -15.410  -14.418  -14.418  -10.550  -10.550   -3.235   -3.235   -0.417   -0.417
    9.045    9.045    9.612    9.612   10.157   10.157
            0.401000  0.460148  0.000000
  -15.414  -15.414  -14.421  -14.421  -10.538  -10.538   -3.241   -3.241   -0.414   -0.414
    9.027    9.027    9.618    9.618   10.153   10.153
            0.401333  0.459571  0.000000
  -15.418  -15.418  -14.424  -14.424  -10.526  -10.526   -3.247   -3.247   -0.410   -0.410
    9.009    9.009    9.624    9.624   10.148   10.148
            0.401667  0.458993  0.000000
  -15.422  -15.422  -14.428  -14.428  -10.513  -10.513   -3.252   -3.252   -0.407   -0.407
    8.991    8.991    9.630    9.630   10.143   10.143
            0.402000  0.458416  0.000000
  -15.426  -15.426  -14.431  -14.431  -10.501  -10.501   -3.258   -3.258   -0.403   -0.403
    8.973    8.973    9.635    9.635   10.138   10.138
            0.402333  0.457839  0.000000
  -15.430  -15.430  -14.434  -14.434  -10.489  -10.489   -3.263   -3.263   -0.400   -0.400
    8.955    8.955    9.641    9.641   10.133   10.133
            0.402667  0.457261  0.000000
  -15.433  -15.433  -14.437  -14.437  -10.477  -10.477   -3.269   -3.269   -0.396   -0.396
    8.937    8.937    9.647    9.647   10.128   10.128
            0.403000  0.456684  0.000000
  -15.437  -15.437  -14.440  -14.440  -10.464  -10.464   -3.274   -3.274   -0.393   -0.393
    8.919    8.919    9.653    9.653   10.123   10.123
            0.403333  0.456107  0.000000
  -15.441  -15.441  -14.444  -14.444  -10.452  -10.452   -3.280   -3.280   -0.389   -0.389
    8.901    8.901    9.659    9.659   10.119   10.119
            0.403667  0.455529  0.000000
  -15.445  -15.445  -14.447  -14.447  -10.440  -10.440   -3.285   -3.285   -0.386   -0.386
    8.883    8.883    9.665    9.665   10.114   10.114
            0.404000  0.454952  0.000000
  -15.449  -15.449  -14.450  -14.450  -10.428  -10.428   -3.291   -3.291   -0.383   -0.383
    8.865    8.865    9.670    9.670   10.109   10.109
            0.404333  0.454375  0.000000
  -15.453  -15.453  -14.453  -14.453  -10.415  -10.415   -3.296   -3.296   -0.379   -0.379
    8.847    8.847    9.676    9.676   10.104   10.104
            0.404667  0.453797  0.000000
  -15.457  -15.457  -14.456  -14.456  -10.403  -10.403   -3.302   -3.302   -0.376   -0.376
    8.829    8.829    9.682    9.682   10.099   10.099
            0.405000  0.453220  0.000000
  -15.461  -15.461  -14.460  -14.460  -10.391  -10.391   -3.307   -3.307   -0.373   -0.373
    8.811    8.811    9.688    9.688   10.095   10.095
            0.405333  0.452643  0.000000
  -15.464  -15.464  -14.463  -14.463  -10.379  -10.379   -3.313   -3.313   -0.369   -0.369
    8.793    8.793    9.693    9.693   10.090   10.090
            0.405667  0.452065  0.000000
  -15.468  -15.468  -14.466  -14.466  -10.366  -10.366   -3.318   -3.318   -0.366   -0.366
    8.775    8.775    9.699    9.699   10.085   10.085
            0.406000  0.451488  0.000000
  -15.472  -15.472  -14.469  -14.469  -10.354  -10.354   -3.323   -3.323   -0.363   -0.363
    8.757    8.757    9.705    9.705   10.080   10.080
            0.406333  0.450911  0.000000
  -15.476  -15.476  -14.472  -14.472  -10.342  -10.342   -3.329   -3.329   -0.360   -0.360
    8.739    8.739    9.711    9.711   10.076   10.076
            0.406667  0.450333  0.000000
  -15.480  -15.480  -14.475  -14.475  -10.330  -10.330   -3.334   -3.334   -0.357   -0.357
    8.721    8.721    9.716    9.716   10.071   10.071
            0.407000  0.449756  0.000000
  -15.483  -15.483  -14.479  -14.479  -10.317  -10.317   -3.339   -3.339   -0.353   -0.353
    8.703    8.703    9.722    9.722   10.066   10.066
            0.407333  0.449179  0.000000
  -15.487  -15.487  -14.482  -14.482  -10.305  -10.305   -3.345   -3.345   -0.350   -0.350
    8.685    8.685    9.728    9.728   10.062   10.062
            0.407667  0.448601  0.000000
  -15.491  -15.491  -14.485  -14.485  -10.293  -10.293   -3.350   -3.350   -0.347   -0.347
    8.667    8.667    9.733    9.733   10.057   10.057
            0.408000  0.448024  0.000000
  -15.495  -15.495  -14.488  -14.488  -10.281  -10.281   -3.355   -3.355   -0.344   -0.344
    8.650    8.650    9.739    9.739   10.052   10.052
            0.408333  0.447446  0.000000
  -15.498  -15.498  -14.491  -14.491  -10.269  -10.269   -3.360   -3.360   -0.341   -0.341
    8.632    8.632    9.745    9.745   10.048   10.048
            0.408667  0.446869  0.000000
  -15.502  -15.502  -14.494  -14.494  -10.256  -10.256   -3.366   -3.366   -0.338   -0.338
    8.614    8.614    9.750    9.750   10.043   10.043
            0.409000  0.446292  0.000000
  -15.506  -15.506  -14.497  -14.497  -10.244  -10.244   -3.371   -3.371   -0.335   -0.335
    8.596    8.596    9.756    9.756   10.038   10.038
            0.409333  0.445714  0.000000
  -15.509  -15.509  -14.501  -14.501  -10.232  -10.232   -3.376   -3.376   -0.332   -0.332
    8.578    8.578    9.761    9.761   10.034   10.034
            0.409667  0.445137  0.000000
  -15.513  -15.513  -14.504  -14.504  -10.220  -10.220   -3.381   -3.381   -0.329   -0.329
    8.560    8.560    9.767    9.767   10.029   10.029
            0.410000  0.444560  0.000000
  -15.517  -15.517  -14.507  -14.507  -10.208  -10.208   -3.386   -3.386   -0.326   -0.326
    8.543    8.543    9.773    9.773   10.024   10.024
            0.410333  0.443982  0.000000
  -15.520  -15.520  -14.510  -14.510  -10.196  -10.196   -3.392   -3.392   -0.323   -0.323
    8.525    8.525    9.778    9.778   10.020   10.020
            0.410667  0.443405  0.000000
  -15.524  -15.524  -14.513  -14.513  -10.183  -10.183   -3.397   -3.397   -0.320   -0.320
    8.507    8.507    9.784    9.784   10.015   10.015
            0.411000  0.442828  0.000000
  -15.528  -15.528  -14.516  -14.516  -10.171  -10.171   -3.402   -3.402   -0.317   -0.317
    8.489    8.489    9.789    9.789   10.011   10.011
            0.411333  0.442250  0.000000
  -15.531  -15.531  -14.519  -14.519  -10.159  -10.159   -3.407   -3.407   -0.315   -0.315
    8.472    8.472    9.795    9.795   10.006   10.006
            0.411667  0.441673  0.000000
  -15.535  -15.535  -14.522  -14.522  -10.147  -10.147   -3.412   -3.412   -0.312   -0.312
    8.454    8.454    9.800    9.800   10.002   10.002
            0.412000  0.441096  0.000000
  -15.538  -15.538  -14.525  -14.525  -10.135  -10.135   -3.417   -3.417   -0.309   -0.309
    8.436    8.436    9.805    9.805    9.997    9.997
            0.412333  0.440518  0.000000
  -15.542  -15.542  -14.528  -14.528  -10.123  -10.123   -3.422   -3.422   -0.306   -0.306
    8.419    8.419    9.811    9.811    9.993    9.993
            0.412667  0.439941  0.000000
  -15.545  -15.545  -14.531  -14.531  -10.111  -10.111   -3.427   -3.427   -0.303   -0.303
    8.401    8.401    9.816    9.816    9.988    9.988
            0.413000  0.439364  0.000000
  -15.549  -15.549  -14.535  -14.535  -10.099  -10.099   -3.432   -3.432   -0.301   -0.301
    8.383    8.383    9.822    9.822    9.984    9.984
            0.413333  0.438786  0.000000
  -15.552  -15.552  -14.538  -14.538  -10.087  -10.087   -3.437   -3.437   -0.298   -0.298
    8.366    8.366    9.827    9.827    9.979    9.979
            0.413667  0.438209  0.000000
  -15.556  -15.556  -14.541  -14.541  -10.075  -10.075   -3.442   -3.442   -0.295   -0.295
    8.348    8.348    9.832    9.832    9.975    9.975
            0.414000  0.437632  0.000000
  -15.559  -15.559  -14.544  -14.544  -10.063  -10.063   -3.447   -3.447   -0.292   -0.292
    8.331    8.331    9.838    9.838    9.970    9.970
            0.414333  0.437054  0.000000
  -15.563  -15.563  -14.547  -14.547  -10.051  -10.051   -3.452   -3.452   -0.290   -0.290
    8.313    8.313    9.843    9.843    9.966    9.966
            0.414667  0.436477  0.000000
  -15.566  -15.566  -14.550  -14.550  -10.039  -10.039   -3.456   -3.456   -0.287   -0.287
    8.296    8.296    9.848    9.848    9.962    9.962
            0.415000  0.435899  0.000000
  -15.570  -15.570  -14.553  -14.553  -10.027  -10.027   -3.461   -3.461   -0.285   -0.285
    8.278    8.278    9.853    9.853    9.957    9.957
            0.415333  0.435322  0.000000
  -15.573  -15.573  -14.556  -14.556  -10.015  -10.015   -3.466   -3.466   -0.282   -0.282
    8.261    8.261    9.858    9.858    9.953    9.953
            0.415667  0.434745  0.000000
  -15.577  -15.577  -14.559  -14.559  -10.003  -10.003   -3.471   -3.471   -0.279   -0.279
    8.243    8.243    9.864    9.864    9.948    9.948
            0.416000  0.434167  0.000000
  -15.580  -15.580  -14.562  -14.562   -9.991   -9.991   -3.476   -3.476   -0.277   -0.277
    8.226    8.226    9.869    9.869    9.944    9.944
            0.416333  0.433590  0.000000
  -15.583  -15.583  -14.565  -14.565   -9.979   -9.979   -3.481   -3.481   -0.274   -0.274
    8.209    8.209    9.874    9.874    9.940    9.940
            0.416667  0.433013  0.000000
  -15.587  -15.587  -14.568  -14.568   -9.967   -9.967   -3.485   -3.485   -0.272   -0.272
    8.191    8.191    9.879    9.879    9.935    9.935
            0.417000  0.432435  0.000000
  -15.590  -15.590  -14.571  -14.571   -9.955   -9.955   -3.490   -3.490   -0.269   -0.269
    8.174    8.174    9.884    9.884    9.931    9.931
            0.417333  0.431858  0.000000
  -15.593  -15.593  -14.574  -14.574   -9.943   -9.943   -3.495   -3.495   -0.267   -0.267
    8.157    8.157    9.889    9.889    9.927    9.927
            0.417667  0.431281  0.000000
  -15.597  -15.597  -14.577  -14.577   -9.931   -9.931   -3.499   -3.499   -0.264   -0.264
    8.140    8.140    9.894    9.894    9.923    9.923
            0.418000  0.430703  0.000000
  -15.600  -15.600  -14.580  -14.580   -9.919   -9.919   -3.504   -3.504   -0.262   -0.262
    8.122    8.122    9.899    9.899    9.918    9.918
            0.418333  0.430126  0.000000
  -15.603  -15.603  -14.582  -14.582   -9.907   -9.907   -3.509   -3.509   -0.259   -0.259
    8.105    8.105    9.904    9.904    9.914    9.914
            0.418667  0.429549  0.000000
  -15.607  -15.607  -14.585  -14.585   -9.896   -9.896   -3.514   -3.514   -0.257   -0.257
    8.088    8.088    9.908    9.908    9.910    9.910
            0.419000  0.428971  0.000000
  -15.610  -15.610  -14.588  -14.588   -9.884   -9.884   -3.518   -3.518   -0.255   -0.255
    8.071    8.071    9.906    9.906    9.913    9.913
            0.419333  0.428394  0.000000
  -15.613  -15.613  -14.591  -14.591   -9.872   -9.872   -3.523   -3.523   -0.252   -0.252
    8.054    8.054    9.901    9.901    9.918    9.918
            0.419667  0.427817  0.000000
  -15.616  -15.616  -14.594  -14.594   -9.860   -9.860   -3.527   -3.527   -0.250   -0.250
    8.037    8.037    9.897    9.897    9.923    9.923
            0.420000  0.427239  0.000000
  -15.620  -15.620  -14.597  -14.597   -9.848   -9.848   -3.532   -3.532   -0.248   -0.248
    8.020    8.020    9.893    9.893    9.928    9.928
            0.420333  0.426662  0.000000
  -15.623  -15.623  -14.600  -14.600   -9.837   -9.837   -3.537   -3.537   -0.245   -0.245
    8.003    8.003    9.889    9.889    9.932    9.932
            0.420667  0.426084  0.000000
  -15.626  -15.626  -14.603  -14.603   -9.825   -9.825   -3.541   -3.541   -0.243   -0.243
    7.986    7.986    9.885    9.885    9.937    9.937
            0.421000  0.425507  0.000000
  -15.629  -15.629  -14.606  -14.606   -9.813   -9.813   -3.546   -3.546   -0.241   -0.241
    7.969    7.969    9.881    9.881    9.942    9.942
            0.421333  0.424930  0.000000
  -15.632  -15.632  -14.609  -14.609   -9.802   -9.802   -3.550   -3.550   -0.239   -0.239
    7.952    7.952    9.876    9.876    9.946    9.946
            0.421667  0.424352  0.000000
  -15.636  -15.636  -14.611  -14.611   -9.790   -9.790   -3.555   -3.555   -0.236   -0.236
    7.935    7.935    9.872    9.872    9.951    9.951
            0.422000  0.423775  0.000000
  -15.639  -15.639  -14.614  -14.614   -9.778   -9.778   -3.559   -3.559   -0.234   -0.234
    7.918    7.918    9.868    9.868    9.956    9.956
            0.422333  0.423198  0.000000
  -15.642  -15.642  -14.617  -14.617   -9.767   -9.767   -3.563   -3.563   -0.232   -0.232
    7.901    7.901    9.864    9.864    9.960    9.960
            0.422667  0.422620  0.000000
  -15.645  -15.645  -14.620  -14.620   -9.755   -9.755   -3.568   -3.568   -0.230   -0.230
    7.884    7.884    9.860    9.860    9.965    9.965
            0.423000  0.422043  0.000000
  -15.648  -15.648  -14.623  -14.623   -9.743   -9.743   -3.572   -3.572   -0.228   -0.228
    7.868    7.868    9.856    9.856    9.969    9.969
            0.423333  0.421466  0.000000
  -15.651  -15.651  -14.626  -14.626   -9.732   -9.732   -3.577   -3.577   -0.226   -0.226
    7.851    7.851    9.852    9.852    9.973    9.973
            0.423667  0.420888  0.000000
  -15.654  -15.654  -14.628  -14.628   -9.720   -9.720   -3.581   -3.581   -0.223   -0.223
    7.834    7.834    9.848    9.848    9.978    9.978
            0.424000  0.420311  0.000000
  -15.657  -15.657  -14.631  -14.631   -9.709   -9.709   -3.585   -3.585   -0.221   -0.221
    7.818    7.818    9.844    9.844    9.982    9.982
            0.424333  0.419734  0.000000
  -15.661  -15.661  -14.634  -14.634   -9.697   -9.697   -3.590   -3.590   -0.219   -0.219
    7.801    7.801    9.840    9.840    9.986    9.986
            0.424667  0.419156  0.000000
  -15.664  -15.664  -14.637  -14.637   -9.686   -9.686   -3.594   -3.594   -0.217   -0.217
    7.784    7.784    9.836    9.836    9.991    9.991
            0.425000  0.418579  0.000000
  -15.667  -15.667  -14.639  -14.639   -9.674   -9.674   -3.598   -3.598   -0.215   -0.215
    7.768    7.768    9.832    9.832    9.995    9.995
            0.425333  0.418002  0.000000
  -15.670  -15.670  -14.642  -14.642   -9.663   -9.663   -3.603   -3.603   -0.213   -0.213
    7.751    7.751    9.828    9.828    9.999    9.999
            0.425667  0.417424  0.000000
  -15.673  -15.673  -14.645  -14.645   -9.651   -9.651   -3.607   -3.607   -0.211   -0.211
    7.735    7.735    9.824    9.824   10.003   10.003
            0.426000  0.416847  0.000000
  -15.676  -15.676  -14.648  -14.648   -9.640   -9.640   -3.611   -3.611   -0.209   -0.209
    7.719    7.719    9.820    9.820   10.003   10.003
            0.426333  0.416270  0.000000
  -15.679  -15.679  -14.650  -14.650   -9.628   -9.628   -3.615   -3.615   -0.207   -0.207
    7.702    7.702    9.816    9.816    9.999    9.999
            0.426667  0.415692  0.000000
  -15.682  -15.682  -14.653  -14.653   -9.617   -9.617   -3.620   -3.620   -0.205   -0.205
    7.686    7.686    9.812    9.812    9.995    9.995
            0.427000  0.415115  0.000000
  -15.685  -15.685  -14.656  -14.656   -9.606   -9.606   -3.624   -3.624   -0.203   -0.203
    7.670    7.670    9.809    9.809    9.990    9.990
            0.427333  0.414537  0.000000
  -15.687  -15.687  -14.659  -14.659   -9.594   -9.594   -3.628   -3.628   -0.201   -0.201
    7.653    7.653    9.805    9.805    9.986    9.986
            0.427667  0.413960  0.000000
  -15.690  -15.690  -14.661  -14.661   -9.583   -9.583   -3.632   -3.632   -0.200   -0.200
    7.637    7.637    9.801    9.801    9.982    9.982
            0.428000  0.413383  0.000000
  -15.693  -15.693  -14.664  -14.664   -9.572   -9.572   -3.636   -3.636   -0.198   -0.198
    7.621    7.621    9.797    9.797    9.978    9.978
            0.428333  0.412805  0.000000
  -15.696  -15.696  -14.667  -14.667   -9.561   -9.561   -3.640   -3.640   -0.196   -0.196
    7.605    7.605    9.793    9.793    9.974    9.974
            0.428667  0.412228  0.000000
  -15.699  -15.699  -14.669  -14.669   -9.549   -9.549   -3.644   -3.644   -0.194   -0.194
    7.589    7.589    9.789    9.789    9.970    9.970
            0.429000  0.411651  0.000000
  -15.702  -15.702  -14.672  -14.672   -9.538   -9.538   -3.649   -3.649   -0.192   -0.192
    7.573    7.573    9.786    9.786    9.965    9.965
            0.429333  0.411073  0.000000
  -15.705  -15.705  -14.675  -14.675   -9.527   -9.527   -3.653   -3.653   -0.190   -0.190
    7.557    7.557    9.782    9.782    9.961    9.961
            0.429667  0.410496  0.000000
  -15.708  -15.708  -14.677  -14.677   -9.516   -9.516   -3.657   -3.657   -0.189   -0.189
    7.541    7.541    9.778    9.778    9.957    9.957
            0.430000  0.409919  0.000000
  -15.711  -15.711  -14.680  -14.680   -9.505   -9.505   -3.661   -3.661   -0.187   -0.187
    7.525    7.525    9.774    9.774    9.953    9.953
            0.430333  0.409341  0.000000
  -15.713  -15.713  -14.682  -14.682   -9.494   -9.494   -3.665   -3.665   -0.185   -0.185
    7.509    7.509    9.771    9.771    9.949    9.949
            0.430667  0.408764  0.000000
  -15.716  -15.716  -14.685  -14.685   -9.482   -9.482   -3.669   -3.669   -0.183   -0.183
    7.493    7.493    9.767    9.767    9.945    9.945
            0.431000  0.408187  0.000000
  -15.719  -15.719  -14.688  -14.688   -9.471   -9.471   -3.673   -3.673   -0.181   -0.181
    7.477    7.477    9.763    9.763    9.941    9.941
            0.431333  0.407609  0.000000
  -15.722  -15.722  -14.690  -14.690   -9.460   -9.460   -3.677   -3.677   -0.180   -0.180
    7.461    7.461    9.760    9.760    9.937    9.937
            0.431667  0.407032  0.000000
  -15.725  -15.725  -14.693  -14.693   -9.449   -9.449   -3.680   -3.680   -0.178   -0.178
    7.446    7.446    9.756    9.756    9.933    9.933
            0.432000  0.406455  0.000000
  -15.727  -15.727  -14.695  -14.695   -9.438   -9.438   -3.684   -3.684   -0.176   -0.176
    7.430    7.430    9.752    9.752    9.929    9.929
            0.432333  0.405877  0.000000
  -15.730  -15.730  -14.698  -14.698   -9.427   -9.427   -3.688   -3.688   -0.175   -0.175
    7.414    7.414    9.749    9.749    9.925    9.925
            0.432667  0.405300  0.000000
  -15.733  -15.733  -14.700  -14.700   -9.416   -9.416   -3.692   -3.692   -0.173   -0.173
    7.399    7.399    9.745    9.745    9.921    9.921
            0.433000  0.404723  0.000000
  -15.735  -15.735  -14.703  -14.703   -9.406   -9.406   -3.696   -3.696   -0.171   -0.171
    7.383    7.383    9.742    9.742    9.917    9.917
            0.433333  0.404145  0.000000
  -15.738  -15.738  -14.705  -14.705   -9.395   -9.395   -3.700   -3.700   -0.170   -0.170
    7.368    7.368    9.738    9.738    9.914    9.914
            0.433667  0.403568  0.000000
  -15.741  -15.741  -14.708  -14.708   -9.384   -9.384   -3.704   -3.704   -0.168   -0.168
    7.352    7.352    9.734    9.734    9.910    9.910
            0.434000  0.402990  0.000000
  -15.744  -15.744  -14.710  -14.710   -9.373   -9.373   -3.707   -3.707   -0.167   -0.167
    7.337    7.337    9.731    9.731    9.906    9.906
            0.434333  0.402413  0.000000
  -15.746  -15.746  -14.713  -14.713   -9.362   -9.362   -3.711   -3.711   -0.165   -0.165
    7.322    7.322    9.727    9.727    9.902    9.902
            0.434667  0.401836  0.000000
  -15.749  -15.749  -14.715  -14.715   -9.352   -9.352   -3.715   -3.715   -0.163   -0.163
    7.306    7.306    9.724    9.724    9.898    9.898
            0.435000  0.401258  0.000000
  -15.751  -15.751  -14.718  -14.718   -9.341   -9.341   -3.719   -3.719   -0.162   -0.162
    7.291    7.291    9.720    9.720    9.894    9.894
            0.435333  0.400681  0.000000
  -15.754  -15.754  -14.720  -14.720   -9.330   -9.330   -3.722   -3.722   -0.160   -0.160
    7.276    7.276    9.717    9.717    9.891    9.891
            0.435667  0.400104  0.000000
  -15.757  -15.757  -14.723  -14.723   -9.319   -9.319   -3.726   -3.726   -0.159   -0.159
    7.261    7.261    9.714    9.714    9.887    9.887
            0.436000  0.399526  0.000000
  -15.759  -15.759  -14.725  -14.725   -9.309   -9.309   -3.730   -3.730   -0.157   -0.157
    7.246    7.246    9.710    9.710    9.883    9.883
            0.436333  0.398949  0.000000
  -15.762  -15.762  -14.728  -14.728   -9.298   -9.298   -3.733   -3.733   -0.156   -0.156
    7.231    7.231    9.707    9.707    9.880    9.880
            0.436667  0.398372  0.000000
  -15.764  -15.764  -14.730  -14.730   -9.288   -9.288   -3.737   -3.737   -0.154   -0.154
    7.216    7.216    9.703    9.703    9.876    9.876
            0.437000  0.397794  0.000000
  -15.767  -15.767  -14.732  -14.732   -9.277   -9.277   -3.741   -3.741   -0.153   -0.153
    7.201    7.201    9.700    9.700    9.872    9.872
            0.437333  0.397217  0.000000
  -15.770  -15.770  -14.735  -14.735   -9.267   -9.267   -3.744   -3.744   -0.151   -0.151
    7.186    7.186    9.696    9.696    9.869    9.869
            0.437667  0.396640  0.000000
  -15.772  -15.772  -14.737  -14.737   -9.256   -9.256   -3.748   -3.748   -0.150   -0.150
    7.171    7.171    9.693    9.693    9.865    9.865
            0.438000  0.396062  0.000000
  -15.775  -15.775  -14.740  -14.740   -9.246   -9.246   -3.751   -3.751   -0.149   -0.149
    7.156    7.156    9.690    9.690    9.861    9.861
            0.438333  0.395485  0.000000
  -15.777  -15.777  -14.742  -14.742   -9.235   -9.235   -3.755   -3.755   -0.147   -0.147
    7.141    7.141    9.686    9.686    9.858    9.858
            0.438667  0.394908  0.000000
  -15.780  -15.780  -14.744  -14.744   -9.225   -9.225   -3.758   -3.758   -0.146   -0.146
    7.127    7.127    9.683    9.683    9.854    9.854
            0.439000  0.394330  0.000000
  -15.782  -15.782  -14.747  -14.747   -9.215   -9.215   -3.762   -3.762   -0.144   -0.144
    7.112    7.112    9.680    9.680    9.851    9.851
            0.439333  0.393753  0.000000
  -15.785  -15.785  -14.749  -14.749   -9.204   -9.204   -3.765   -3.765   -0.143   -0.143
    7.097    7.097    9.677    9.677    9.847    9.847
            0.439667  0.393176  0.000000
  -15.787  -15.787  -14.751  -14.751   -9.194   -9.194   -3.769   -3.769   -0.142   -0.142
    7.083    7.083    9.673    9.673    9.843    9.843
            0.440000  0.392598  0.000000
  -15.789  -15.789  -14.753  -14.753   -9.184   -9.184   -3.772   -3.772   -0.140   -0.140
    7.068    7.068    9.670    9.670    9.840    9.840
            0.440333  0.392021  0.000000
  -15.792  -15.792  -14.756  -14.756   -9.173   -9.173   -3.776   -3.776   -0.139   -0.139
    7.054    7.054    9.667    9.667    9.836    9.836
            0.440667  0.391443  0.000000
  -15.794  -15.794  -14.758  -14.758   -9.163   -9.163   -3.779   -3.779   -0.138   -0.138
    7.040    7.040    9.664    9.664    9.833    9.833
            0.441000  0.390866  0.000000
  -15.797  -15.797  -14.760  -14.760   -9.153   -9.153   -3.783   -3.783   -0.136   -0.136
    7.025    7.025    9.660    9.660    9.830    9.830
            0.441333  0.390289  0.000000
  -15.799  -15.799  -14.763  -14.763   -9.143   -9.143   -3.786   -3.786   -0.135   -0.135
    7.011    7.011    9.657    9.657    9.826    9.826
            0.441667  0.389711  0.000000
  -15.801  -15.801  -14.765  -14.765   -9.133   -9.133   -3.789   -3.789   -0.134   -0.134
    6.997    6.997    9.654    9.654    9.823    9.823
            0.442000  0.389134  0.000000
  -15.804  -15.804  -14.767  -14.767   -9.123   -9.123   -3.793   -3.793   -0.133   -0.133
    6.983    6.983    9.651    9.651    9.819    9.819
            0.442333  0.388557  0.000000
  -15.806  -15.806  -14.769  -14.769   -9.113   -9.113   -3.796   -3.796   -0.131   -0.131
    6.969    6.969    9.648    9.648    9.816    9.816
            0.442667  0.387979  0.000000
  -15.808  -15.808  -14.771  -14.771   -9.103   -9.103   -3.799   -3.799   -0.130   -0.130
    6.955    6.955    9.645    9.645    9.813    9.813
            0.443000  0.387402  0.000000
  -15.811  -15.811  -14.774  -14.774   -9.093   -9.093   -3.803   -3.803   -0.129   -0.129
    6.941    6.941    9.642    9.642    9.809    9.809
            0.443333  0.386825  0.000000
  -15.813  -15.813  -14.776  -14.776   -9.083   -9.083   -3.806   -3.806   -0.128   -0.128
    6.927    6.927    9.639    9.639    9.806    9.806
            0.443667  0.386247  0.000000
  -15.815  -15.815  -14.778  -14.778   -9.073   -9.073   -3.809   -3.809   -0.126   -0.126
    6.913    6.913    9.635    9.635    9.803    9.803
            0.444000  0.385670  0.000000
  -15.818  -15.818  -14.780  -14.780   -9.063   -9.063   -3.812   -3.812   -0.125   -0.125
    6.899    6.899    9.632    9.632    9.799    9.799
            0.444333  0.385093  0.000000
  -15.820  -15.820  -14.782  -14.782   -9.054   -9.054   -3.815   -3.815   -0.124   -0.124
    6.885    6.885    9.629    9.629    9.796    9.796
            0.444667  0.384515  0.000000
  -15.822  -15.822  -14.784  -14.784   -9.044   -9.044   -3.819   -3.819   -0.123   -0.123
    6.871    6.871    9.626    9.626    9.793    9.793
            0.445000  0.383938  0.000000
  -15.824  -15.824  -14.787  -14.787   -9.034   -9.034   -3.822   -3.822   -0.122   -0.122
    6.858    6.858    9.623    9.623    9.790    9.790
            0.445333  0.383361  0.000000
  -15.826  -15.826  -14.789  -14.789   -9.024   -9.024   -3.825   -3.825   -0.121   -0.121
    6.844    6.844    9.620    9.620    9.786    9.786
            0.445667  0.382783  0.000000
  -15.829  -15.829  -14.791  -14.791   -9.015   -9.015   -3.828   -3.828   -0.119   -0.119
    6.831    6.831    9.617    9.617    9.783    9.783
            0.446000  0.382206  0.000000
  -15.831  -15.831  -14.793  -14.793   -9.005   -9.005   -3.831   -3.831   -0.118   -0.118
    6.817    6.817    9.615    9.615    9.780    9.780
            0.446333  0.381629  0.000000
  -15.833  -15.833  -14.795  -14.795   -8.996   -8.996   -3.834   -3.834   -0.117   -0.117
    6.804    6.804    9.612    9.612    9.777    9.777
            0.446667  0.381051  0.000000
  -15.835  -15.835  -14.797  -14.797   -8.986   -8.986   -3.837   -3.837   -0.116   -0.116
    6.791    6.791    9.609    9.609    9.774    9.774
            0.447000  0.380474  0.000000
  -15.837  -15.837  -14.799  -14.799   -8.977   -8.977   -3.840   -3.840   -0.115   -0.115
    6.777    6.777    9.606    9.606    9.771    9.771
            0.447333  0.379896  0.000000
  -15.839  -15.839  -14.801  -14.801   -8.967   -8.967   -3.843   -3.843   -0.114   -0.114
    6.764    6.764    9.603    9.603    9.768    9.768
            0.447667  0.379319  0.000000
  -15.842  -15.842  -14.803  -14.803   -8.958   -8.958   -3.846   -3.846   -0.113   -0.113
    6.751    6.751    9.600    9.600    9.764    9.764
            0.448000  0.378742  0.000000
  -15.844  -15.844  -14.805  -14.805   -8.948   -8.948   -3.849   -3.849   -0.112   -0.112
    6.738    6.738    9.597    9.597    9.761    9.761
            0.448333  0.378164  0.000000
  -15.846  -15.846  -14.807  -14.807   -8.939   -8.939   -3.852   -3.852   -0.111   -0.111
    6.725    6.725    9.594    9.594    9.758    9.758
            0.448667  0.377587  0.000000
  -15.848  -15.848  -14.809  -14.809   -8.930   -8.930   -3.855   -3.855   -0.110   -0.110
    6.712    6.712    9.592    9.592    9.755    9.755
            0.449000  0.377010  0.000000
  -15.850  -15.850  -14.811  -14.811   -8.921   -8.921   -3.858   -3.858   -0.109   -0.109
    6.699    6.699    9.589    9.589    9.752    9.752
            0.449333  0.376432  0.000000
  -15.852  -15.852  -14.813  -14.813   -8.911   -8.911   -3.861   -3.861   -0.108   -0.108
    6.686    6.686    9.586    9.586    9.749    9.749
            0.449667  0.375855  0.000000
  -15.854  -15.854  -14.815  -14.815   -8.902   -8.902   -3.864   -3.864   -0.107   -0.107
    6.673    6.673    9.583    9.583    9.746    9.746
            0.450000  0.375278  0.000000
  -15.856  -15.856  -14.817  -14.817   -8.893   -8.893   -3.867   -3.867   -0.106   -0.106
    6.661    6.661    9.581    9.581    9.744    9.744
            0.450333  0.374700  0.000000
  -15.858  -15.858  -14.819  -14.819   -8.884   -8.884   -3.870   -3.870   -0.105   -0.105
    6.648    6.648    9.578    9.578    9.741    9.741
            0.450667  0.374123  0.000000
  -15.860  -15.860  -14.821  -14.821   -8.875   -8.875   -3.873   -3.873   -0.104   -0.104
    6.635    6.635    9.575    9.575    9.738    9.738
            0.451000  0.373546  0.000000
  -15.862  -15.862  -14.823  -14.823   -8.866   -8.866   -3.876   -3.876   -0.103   -0.103
    6.623    6.623    9.572    9.572    9.735    9.735
            0.451333  0.372968  0.000000
  -15.864  -15.864  -14.825  -14.825   -8.857   -8.857   -3.878   -3.878   -0.102   -0.102
    6.610    6.610    9.570    9.570    9.732    9.732
            0.451667  0.372391  0.000000
  -15.866  -15.866  -14.827  -14.827   -8.848   -8.848   -3.881   -3.881   -0.101   -0.101
    6.598    6.598    9.567    9.567    9.729    9.729
            0.452000  0.371814  0.000000
  -15.868  -15.868  -14.829  -14.829   -8.839   -8.839   -3.884   -3.884   -0.100   -0.100
    6.586    6.586    9.565    9.565    9.726    9.726
            0.452333  0.371236  0.000000
  -15.870  -15.870  -14.830  -14.830   -8.831   -8.831   -3.887   -3.887   -0.099   -0.099
    6.573    6.573    9.562    9.562    9.723    9.723
            0.452667  0.370659  0.000000
  -15.872  -15.872  -14.832  -14.832   -8.822   -8.822   -3.889   -3.889   -0.098   -0.098
    6.561    6.561    9.559    9.559    9.721    9.721
            0.453000  0.370082  0.000000
  -15.874  -15.874  -14.834  -14.834   -8.813   -8.813   -3.892   -3.892   -0.097   -0.097
    6.549    6.549    9.557    9.557    9.718    9.718
            0.453333  0.369504  0.000000
  -15.876  -15.876  -14.836  -14.836   -8.804   -8.804   -3.895   -3.895   -0.097   -0.097
    6.537    6.537    9.554    9.554    9.715    9.715
            0.453667  0.368927  0.000000
  -15.878  -15.878  -14.838  -14.838   -8.796   -8.796   -3.897   -3.897   -0.096   -0.096
    6.525    6.525    9.552    9.552    9.712    9.712
            0.454000  0.368349  0.000000
  -15.879  -15.879  -14.840  -14.840   -8.787   -8.787   -3.900   -3.900   -0.095   -0.095
    6.513    6.513    9.549    9.549    9.710    9.710
            0.454333  0.367772  0.000000
  -15.881  -15.881  -14.841  -14.841   -8.779   -8.779   -3.903   -3.903   -0.094   -0.094
    6.501    6.501    9.547    9.547    9.707    9.707
            0.454667  0.367195  0.000000
  -15.883  -15.883  -14.843  -14.843   -8.770   -8.770   -3.905   -3.905   -0.093   -0.093
    6.489    6.489    9.544    9.544    9.704    9.704
            0.455000  0.366617  0.000000
  -15.885  -15.885  -14.845  -14.845   -8.762   -8.762   -3.908   -3.908   -0.092   -0.092
    6.478    6.478    9.542    9.542    9.702    9.702
            0.455333  0.366040  0.000000
  -15.887  -15.887  -14.847  -14.847   -8.753   -8.753   -3.910   -3.910   -0.091   -0.091
    6.466    6.466    9.539    9.539    9.699    9.699
            0.455667  0.365463  0.000000
  -15.889  -15.889  -14.848  -14.848   -8.745   -8.745   -3.913   -3.913   -0.091   -0.091
    6.455    6.455    9.537    9.537    9.696    9.696
            0.456000  0.364885  0.000000
  -15.890  -15.890  -14.850  -14.850   -8.737   -8.737   -3.916   -3.916   -0.090   -0.090
    6.443    6.443    9.534    9.534    9.694    9.694
            0.456333  0.364308  0.000000
  -15.892  -15.892  -14.852  -14.852   -8.728   -8.728   -3.918   -3.918   -0.089   -0.089
    6.432    6.432    9.532    9.532    9.691    9.691
            0.456667  0.363731  0.000000
  -15.894  -15.894  -14.854  -14.854   -8.720   -8.720   -3.921   -3.921   -0.088   -0.088
    6.420    6.420    9.530    9.530    9.689    9.689
            0.457000  0.363153  0.000000
  -15.896  -15.896  -14.855  -14.855   -8.712   -8.712   -3.923   -3.923   -0.088   -0.088
    6.409    6.409    9.527    9.527    9.686    9.686
            0.457333  0.362576  0.000000
  -15.897  -15.897  -14.857  -14.857   -8.704   -8.704   -3.926   -3.926   -0.087   -0.087
    6.398    6.398    9.525    9.525    9.684    9.684
            0.457667  0.361999  0.000000
  -15.899  -15.899  -14.859  -14.859   -8.696   -8.696   -3.928   -3.928   -0.086   -0.086
    6.387    6.387    9.522    9.522    9.681    9.681
            0.458000  0.361421  0.000000
  -15.901  -15.901  -14.860  -14.860   -8.688   -8.688   -3.930   -3.930   -0.085   -0.085
    6.375    6.375    9.520    9.520    9.679    9.679
            0.458333  0.360844  0.000000
  -15.902  -15.902  -14.862  -14.862   -8.680   -8.680   -3.933   -3.933   -0.085   -0.085
    6.364    6.364    9.518    9.518    9.676    9.676
            0.458667  0.360267  0.000000
  -15.904  -15.904  -14.864  -14.864   -8.672   -8.672   -3.935   -3.935   -0.084   -0.084
    6.354    6.354    9.516    9.516    9.674    9.674
            0.459000  0.359689  0.000000
  -15.906  -15.906  -14.865  -14.865   -8.664   -8.664   -3.938   -3.938   -0.083   -0.083
    6.343    6.343    9.513    9.513    9.671    9.671
            0.459333  0.359112  0.000000
  -15.907  -15.907  -14.867  -14.867   -8.656   -8.656   -3.940   -3.940   -0.082   -0.082
    6.332    6.332    9.511    9.511    9.669    9.669
            0.459667  0.358535  0.000000
  -15.909  -15.909  -14.868  -14.868   -8.649   -8.649   -3.942   -3.942   -0.082   -0.082
    6.321    6.321    9.509    9.509    9.667    9.667
            0.460000  0.357957  0.000000
  -15.911  -15.911  -14.870  -14.870   -8.641   -8.641   -3.945   -3.945   -0.081   -0.081
    6.311    6.311    9.507    9.507    9.664    9.664
            0.460333  0.357380  0.000000
  -15.912  -15.912  -14.871  -14.871   -8.633   -8.633   -3.947   -3.947   -0.080   -0.080
    6.300    6.300    9.504    9.504    9.662    9.662
            0.460667  0.356802  0.000000
  -15.914  -15.914  -14.873  -14.873   -8.626   -8.626   -3.949   -3.949   -0.080   -0.080
    6.289    6.289    9.502    9.502    9.660    9.660
            0.461000  0.356225  0.000000
  -15.915  -15.915  -14.875  -14.875   -8.618   -8.618   -3.951   -3.951   -0.079   -0.079
    6.279    6.279    9.500    9.500    9.657    9.657
            0.461333  0.355648  0.000000
  -15.917  -15.917  -14.876  -14.876   -8.611   -8.611   -3.954   -3.954   -0.078   -0.078
    6.269    6.269    9.498    9.498    9.655    9.655
            0.461667  0.355070  0.000000
  -15.919  -15.919  -14.878  -14.878   -8.603   -8.603   -3.956   -3.956   -0.078   -0.078
    6.258    6.258    9.496    9.496    9.653    9.653
            0.462000  0.354493  0.000000
  -15.920  -15.920  -14.879  -14.879   -8.596   -8.596   -3.958   -3.958   -0.077   -0.077
    6.248    6.248    9.494    9.494    9.650    9.650
            0.462333  0.353916  0.000000
  -15.922  -15.922  -14.881  -14.881   -8.588   -8.588   -3.960   -3.960   -0.076   -0.076
    6.238    6.238    9.492    9.492    9.648    9.648
            0.462667  0.353338  0.000000
  -15.923  -15.923  -14.882  -14.882   -8.581   -8.581   -3.962   -3.962   -0.076   -0.076
    6.228    6.228    9.490    9.490    9.646    9.646
            0.463000  0.352761  0.000000
  -15.925  -15.925  -14.884  -14.884   -8.574   -8.574   -3.964   -3.964   -0.075   -0.075
    6.218    6.218    9.488    9.488    9.644    9.644
            0.463333  0.352184  0.000000
  -15.926  -15.926  -14.885  -14.885   -8.567   -8.567   -3.967   -3.967   -0.074   -0.074
    6.208    6.208    9.486    9.486    9.642    9.642
            0.463667  0.351606  0.000000
  -15.928  -15.928  -14.886  -14.886   -8.560   -8.560   -3.969   -3.969   -0.074   -0.074
    6.198    6.198    9.484    9.484    9.639    9.639
            0.464000  0.351029  0.000000
  -15.929  -15.929  -14.888  -14.888   -8.552   -8.552   -3.971   -3.971   -0.073   -0.073
    6.189    6.189    9.482    9.482    9.637    9.637
            0.464333  0.350452  0.000000
  -15.931  -15.931  -14.889  -14.889   -8.545   -8.545   -3.973   -3.973   -0.073   -0.073
    6.179    6.179    9.480    9.480    9.635    9.635
            0.464667  0.349874  0.000000
  -15.932  -15.932  -14.891  -14.891   -8.538   -8.538   -3.975   -3.975   -0.072   -0.072
    6.169    6.169    9.478    9.478    9.633    9.633
            0.465000  0.349297  0.000000
  -15.933  -15.933  -14.892  -14.892   -8.532   -8.532   -3.977   -3.977   -0.071   -0.071
    6.160    6.160    9.476    9.476    9.631    9.631
            0.465333  0.348720  0.000000
  -15.935  -15.935  -14.893  -14.893   -8.525   -8.525   -3.979   -3.979   -0.071   -0.071
    6.151    6.151    9.474    9.474    9.629    9.629
            0.465667  0.348142  0.000000
  -15.936  -15.936  -14.895  -14.895   -8.518   -8.518   -3.981   -3.981   -0.070   -0.070
    6.141    6.141    9.472    9.472    9.627    9.627
            0.466000  0.347565  0.000000
  -15.938  -15.938  -14.896  -14.896   -8.511   -8.511   -3.983   -3.983   -0.070   -0.070
    6.132    6.132    9.470    9.470    9.625    9.625
            0.466333  0.346988  0.000000
  -15.939  -15.939  -14.898  -14.898   -8.504   -8.504   -3.985   -3.985   -0.069   -0.069
    6.123    6.123    9.468    9.468    9.623    9.623
            0.466667  0.346410  0.000000
  -15.940  -15.940  -14.899  -14.899   -8.498   -8.498   -3.987   -3.987   -0.069   -0.069
    6.114    6.114    9.466    9.466    9.621    9.621
            0.467000  0.345833  0.000000
  -15.942  -15.942  -14.900  -14.900   -8.491   -8.491   -3.989   -3.989   -0.068   -0.068
    6.105    6.105    9.464    9.464    9.619    9.619
            0.467333  0.345255  0.000000
  -15.943  -15.943  -14.901  -14.901   -8.485   -8.485   -3.990   -3.990   -0.068   -0.068
    6.096    6.096    9.463    9.463    9.617    9.617
            0.467667  0.344678  0.000000
  -15.944  -15.944  -14.903  -14.903   -8.478   -8.478   -3.992   -3.992   -0.067   -0.067
    6.087    6.087    9.461    9.461    9.615    9.615
            0.468000  0.344101  0.000000
  -15.946  -15.946  -14.904  -14.904   -8.472   -8.472   -3.994   -3.994   -0.067   -0.067
    6.078    6.078    9.459    9.459    9.613    9.613
            0.468333  0.343523  0.000000
  -15.947  -15.947  -14.905  -14.905   -8.465   -8.465   -3.996   -3.996   -0.066   -0.066
    6.069    6.069    9.457    9.457    9.611    9.611
            0.468667  0.342946  0.000000
  -15.948  -15.948  -14.907  -14.907   -8.459   -8.459   -3.998   -3.998   -0.066   -0.066
    6.061    6.061    9.455    9.455    9.610    9.610
            0.469000  0.342369  0.000000
  -15.949  -15.949  -14.908  -14.908   -8.453   -8.453   -4.000   -4.000   -0.065   -0.065
    6.052    6.052    9.454    9.454    9.608    9.608
            0.469333  0.341791  0.000000
  -15.951  -15.951  -14.909  -14.909   -8.447   -8.447   -4.001   -4.001   -0.065   -0.065
    6.044    6.044    9.452    9.452    9.606    9.606
            0.469667  0.341214  0.000000
  -15.952  -15.952  -14.910  -14.910   -8.441   -8.441   -4.003   -4.003   -0.064   -0.064
    6.035    6.035    9.450    9.450    9.604    9.604
            0.470000  0.340637  0.000000
  -15.953  -15.953  -14.911  -14.911   -8.435   -8.435   -4.005   -4.005   -0.064   -0.064
    6.027    6.027    9.449    9.449    9.602    9.602
            0.470333  0.340059  0.000000
  -15.954  -15.954  -14.913  -14.913   -8.429   -8.429   -4.007   -4.007   -0.063   -0.063
    6.019    6.019    9.447    9.447    9.601    9.601
            0.470667  0.339482  0.000000
  -15.956  -15.956  -14.914  -14.914   -8.423   -8.423   -4.008   -4.008   -0.063   -0.063
    6.011    6.011    9.445    9.445    9.599    9.599
            0.471000  0.338905  0.000000
  -15.957  -15.957  -14.915  -14.915   -8.417   -8.417   -4.010   -4.010   -0.062   -0.062
    6.003    6.003    9.444    9.444    9.597    9.597
            0.471333  0.338327  0.000000
  -15.958  -15.958  -14.916  -14.916   -8.411   -8.411   -4.012   -4.012   -0.062   -0.062
    5.995    5.995    9.442    9.442    9.595    9.595
            0.471667  0.337750  0.000000
  -15.959  -15.959  -14.917  -14.917   -8.405   -8.405   -4.013   -4.013   -0.061   -0.061
    5.987    5.987    9.441    9.441    9.594    9.594
            0.472000  0.337173  0.000000
  -15.960  -15.960  -14.918  -14.918   -8.399   -8.399   -4.015   -4.015   -0.061   -0.061
    5.979    5.979    9.439    9.439    9.592    9.592
            0.472333  0.336595  0.000000
  -15.961  -15.961  -14.919  -14.919   -8.394   -8.394   -4.016   -4.016   -0.061   -0.061
    5.971    5.971    9.438    9.438    9.590    9.590
            0.472667  0.336018  0.000000
  -15.962  -15.962  -14.921  -14.921   -8.388   -8.388   -4.018   -4.018   -0.060   -0.060
    5.964    5.964    9.436    9.436    9.589    9.589
            0.473000  0.335441  0.000000
  -15.964  -15.964  -14.922  -14.922   -8.383   -8.383   -4.020   -4.020   -0.060   -0.060
    5.956    5.956    9.435    9.435    9.587    9.587
            0.473333  0.334863  0.000000
  -15.965  -15.965  -14.923  -14.923   -8.377   -8.377   -4.021   -4.021   -0.059   -0.059
    5.949    5.949    9.433    9.433    9.586    9.586
            0.473667  0.334286  0.000000
  -15.966  -15.966  -14.924  -14.924   -8.372   -8.372   -4.023   -4.023   -0.059   -0.059
    5.941    5.941    9.432    9.432    9.584    9.584
            0.474000  0.333708  0.000000
  -15.967  -15.967  -14.925  -14.925   -8.367   -8.367   -4.024   -4.024   -0.059   -0.059
    5.934    5.934    9.430    9.430    9.582    9.582
            0.474333  0.333131  0.000000
  -15.968  -15.968  -14.926  -14.926   -8.361   -8.361   -4.026   -4.026   -0.058   -0.058
    5.927    5.927    9.429    9.429    9.581    9.581
            0.474667  0.332554  0.000000
  -15.969  -15.969  -14.927  -14.927   -8.356   -8.356   -4.027   -4.027   -0.058   -0.058
    5.920    5.920    9.427    9.427    9.579    9.579
            0.475000  0.331976  0.000000
  -15.970  -15.970  -14.928  -14.928   -8.351   -8.351   -4.029   -4.029   -0.057   -0.057
    5.913    5.913    9.426    9.426    9.578    9.578
            0.475333  0.331399  0.000000
  -15.971  -15.971  -14.929  -14.929   -8.346   -8.346   -4.030   -4.030   -0.057   -0.057
    5.906    5.906    9.424    9.424    9.576    9.576
            0.475667  0.330822  0.000000
  -15.972  -15.972  -14.930  -14.930   -8.341   -8.341   -4.031   -4.031   -0.057   -0.057
    5.899    5.899    9.423    9.423    9.575    9.575
            0.476000  0.330244  0.000000
  -15.973  -15.973  -14.931  -14.931   -8.336   -8.336   -4.033   -4.033   -0.056   -0.056
    5.892    5.892    9.422    9.422    9.574    9.574
            0.476333  0.329667  0.000000
  -15.974  -15.974  -14.932  -14.932   -8.331   -8.331   -4.034   -4.034   -0.056   -0.056
    5.886    5.886    9.420    9.420    9.572    9.572
            0.476667  0.329090  0.000000
  -15.975  -15.975  -14.933  -14.933   -8.326   -8.326   -4.036   -4.036   -0.056   -0.056
    5.879    5.879    9.419    9.419    9.571    9.571
            0.477000  0.328512  0.000000
  -15.976  -15.976  -14.934  -14.934   -8.321   -8.321   -4.037   -4.037   -0.055   -0.055
    5.873    5.873    9.418    9.418    9.569    9.569
            0.477333  0.327935  0.000000
  -15.977  -15.977  -14.934  -14.934   -8.317   -8.317   -4.038   -4.038   -0.055   -0.055
    5.866    5.866    9.417    9.417    9.568    9.568
            0.477667  0.327358  0.000000
  -15.978  -15.978  -14.935  -14.935   -8.312   -8.312   -4.039   -4.039   -0.055   -0.055
    5.860    5.860    9.415    9.415    9.567    9.567
            0.478000  0.326780  0.000000
  -15.978  -15.978  -14.936  -14.936   -8.307   -8.307   -4.041   -4.041   -0.054   -0.054
    5.854    5.854    9.414    9.414    9.565    9.565
            0.478333  0.326203  0.000000
  -15.979  -15.979  -14.937  -14.937   -8.303   -8.303   -4.042   -4.042   -0.054   -0.054
    5.847    5.847    9.413    9.413    9.564    9.564
            0.478667  0.325626  0.000000
  -15.980  -15.980  -14.938  -14.938   -8.298   -8.298   -4.043   -4.043   -0.054   -0.054
    5.841    5.841    9.412    9.412    9.563    9.563
            0.479000  0.325048  0.000000
  -15.981  -15.981  -14.939  -14.939   -8.294   -8.294   -4.044   -4.044   -0.053   -0.053
    5.835    5.835    9.411    9.411    9.562    9.562
            0.479333  0.324471  0.000000
  -15.982  -15.982  -14.940  -14.940   -8.290   -8.290   -4.046   -4.046   -0.053   -0.053
    5.830    5.830    9.409    9.409    9.560    9.560
            0.479667  0.323894  0.000000
  -15.983  -15.983  -14.940  -14.940   -8.285   -8.285   -4.047   -4.047   -0.053   -0.053
    5.824    5.824    9.408    9.408    9.559    9.559
            0.480000  0.323316  0.000000
  -15.984  -15.984  -14.941  -14.941   -8.281   -8.281   -4.048   -4.048   -0.052   -0.052
    5.818    5.818    9.407    9.407    9.558    9.558
            0.480333  0.322739  0.000000
  -15.984  -15.984  -14.942  -14.942   -8.277   -8.277   -4.049   -4.049   -0.052   -0.052
    5.812    5.812    9.406    9.406    9.557    9.557
            0.480667  0.322161  0.000000
  -15.985  -15.985  -14.943  -14.943   -8.273   -8.273   -4.050   -4.050   -0.052   -0.052
    5.807    5.807    9.405    9.405    9.556    9.556
            0.481000  0.321584  0.000000
  -15.986  -15.986  -14.944  -14.944   -8.269   -8.269   -4.051   -4.051   -0.052   -0.052
    5.802    5.802    9.404    9.404    9.554    9.554
            0.481333  0.321007  0.000000
  -15.987  -15.987  -14.944  -14.944   -8.265   -8.265   -4.052   -4.052   -0.051   -0.051
    5.796    5.796    9.403    9.403    9.553    9.553
            0.481667  0.320429  0.000000
  -15.987  -15.987  -14.945  -14.945   -8.261   -8.261   -4.053   -4.053   -0.051   -0.051
    5.791    5.791    9.402    9.402    9.552    9.552
            0.482000  0.319852  0.000000
  -15.988  -15.988  -14.946  -14.946   -8.257   -8.257   -4.055   -4.055   -0.051   -0.051
    5.786    5.786    9.401    9.401    9.551    9.551
            0.482333  0.319275  0.000000
  -15.989  -15.989  -14.947  -14.947   -8.254   -8.254   -4.056   -4.056   -0.051   -0.051
    5.781    5.781    9.400    9.400    9.550    9.550
            0.482667  0.318697  0.000000
  -15.990  -15.990  -14.947  -14.947   -8.250   -8.250   -4.057   -4.057   -0.050   -0.050
    5.776    5.776    9.399    9.399    9.549    9.549
            0.483000  0.318120  0.000000
  -15.990  -15.990  -14.948  -14.948   -8.246   -8.246   -4.058   -4.058   -0.050   -0.050
    5.771    5.771    9.398    9.398    9.548    9.548
            0.483333  0.317543  0.000000
  -15.991  -15.991  -14.949  -14.949   -8.243   -8.243   -4.059   -4.059   -0.050   -0.050
    5.766    5.766    9.397    9.397    9.547    9.547
            0.483667  0.316965  0.000000
  -15.992  -15.992  -14.949  -14.949   -8.239   -8.239   -4.059   -4.059   -0.050   -0.050
    5.761    5.761    9.396    9.396    9.546    9.546
            0.484000  0.316388  0.000000
  -15.992  -15.992  -14.950  -14.950   -8.236   -8.236   -4.060   -4.060   -0.049   -0.049
    5.757    5.757    9.395    9.395    9.545    9.545
            0.484333  0.315811  0.000000
  -15.993  -15.993  -14.951  -14.951   -8.233   -8.233   -4.061   -4.061   -0.049   -0.049
    5.752    5.752    9.394    9.394    9.544    9.544
            0.484667  0.315233  0.000000
  -15.994  -15.994  -14.951  -14.951   -8.229   -8.229   -4.062   -4.062   -0.049   -0.049
    5.748    5.748    9.393    9.393    9.543    9.543
            0.485000  0.314656  0.000000
  -15.994  -15.994  -14.952  -14.952   -8.226   -8.226   -4.063   -4.063   -0.049   -0.049
    5.744    5.744    9.393    9.393    9.542    9.542
            0.485333  0.314079  0.000000
  -15.995  -15.995  -14.952  -14.952   -8.223   -8.223   -4.064   -4.064   -0.049   -0.049
    5.739    5.739    9.392    9.392    9.541    9.541
            0.485667  0.313501  0.000000
  -15.995  -15.995  -14.953  -14.953   -8.220   -8.220   -4.065   -4.065   -0.048   -0.048
    5.735    5.735    9.391    9.391    9.541    9.541
            0.486000  0.312924  0.000000
  -15.996  -15.996  -14.954  -14.954   -8.217   -8.217   -4.066   -4.066   -0.048   -0.048
    5.731    5.731    9.390    9.390    9.540    9.540
            0.486333  0.312346  0.000000
  -15.996  -15.996  -14.954  -14.954   -8.214   -8.214   -4.066   -4.066   -0.048   -0.048
    5.727    5.727    9.389    9.389    9.539    9.539
            0.486667  0.311769  0.000000
  -15.997  -15.997  -14.955  -14.955   -8.211   -8.211   -4.067   -4.067   -0.048   -0.048
    5.723    5.723    9.389    9.389    9.538    9.538
            0.487000  0.311192  0.000000
  -15.998  -15.998  -14.955  -14.955   -8.209   -8.209   -4.068   -4.068   -0.048   -0.048
    5.720    5.720    9.388    9.388    9.537    9.537
            0.487333  0.310614  0.000000
  -15.998  -15.998  -14.956  -14.956   -8.206   -8.206   -4.069   -4.069   -0.047   -0.047
    5.716    5.716    9.387    9.387    9.537    9.537
            0.487667  0.310037  0.000000
  -15.999  -15.999  -14.956  -14.956   -8.203   -8.203   -4.069   -4.069   -0.047   -0.047
    5.712    5.712    9.386    9.386    9.536    9.536
            0.488000  0.309460  0.000000
  -15.999  -15.999  -14.957  -14.957   -8.201   -8.201   -4.070   -4.070   -0.047   -0.047
    5.709    5.709    9.386    9.386    9.535    9.535
            0.488333  0.308882  0.000000
  -16.000  -16.000  -14.957  -14.957   -8.198   -8.198   -4.071   -4.071   -0.047   -0.047
    5.705    5.705    9.385    9.385    9.534    9.534
            0.488667  0.308305  0.000000
  -16.000  -16.000  -14.958  -14.958   -8.196   -8.196   -4.071   -4.071   -0.047   -0.047
    5.702    5.702    9.384    9.384    9.534    9.534
            0.489000  0.307728  0.000000
  -16.000  -16.000  -14.958  -14.958   -8.193   -8.193   -4.072   -4.072   -0.047   -0.047
    5.699    5.699    9.384    9.384    9.533    9.533
            0.489333  0.307150  0.000000
  -16.001  -16.001  -14.958  -14.958   -8.191   -8.191   -4.073   -4.073   -0.046   -0.046
    5.696    5.696    9.383    9.383    9.532    9.532
            0.489667  0.306573  0.000000
  -16.001  -16.001  -14.959  -14.959   -8.189   -8.189   -4.073   -4.073   -0.046   -0.046
    5.693    5.693    9.383    9.383    9.532    9.532
            0.490000  0.305996  0.000000
  -16.002  -16.002  -14.959  -14.959   -8.187   -8.187   -4.074   -4.074   -0.046   -0.046
    5.690    5.690    9.382    9.382    9.531    9.531
            0.490333  0.305418  0.000000
  -16.002  -16.002  -14.960  -14.960   -8.184   -8.184   -4.074   -4.074   -0.046   -0.046
    5.687    5.687    9.382    9.382    9.531    9.531
            0.490667  0.304841  0.000000
  -16.003  -16.003  -14.960  -14.960   -8.182   -8.182   -4.075   -4.075   -0.046   -0.046
    5.684    5.684    9.381    9.381    9.530    9.530
            0.491000  0.304264  0.000000
  -16.003  -16.003  -14.960  -14.960   -8.181   -8.181   -4.075   -4.075   -0.046   -0.046
    5.682    5.682    9.381    9.381    9.530    9.530
            0.491333  0.303686  0.000000
  -16.003  -16.003  -14.961  -14.961   -8.179   -8.179   -4.076   -4.076   -0.046   -0.046
    5.679    5.679    9.380    9.380    9.529    9.529
            0.491667  0.303109  0.000000
  -16.004  -16.004  -14.961  -14.961   -8.177   -8.177   -4.076   -4.076   -0.046   -0.046
    5.677    5.677    9.380    9.380    9.529    9.529
            0.492000  0.302532  0.000000
  -16.004  -16.004  -14.961  -14.961   -8.175   -8.175   -4.077   -4.077   -0.045   -0.045
    5.674    5.674    9.379    9.379    9.528    9.528
            0.492333  0.301954  0.000000
  -16.004  -16.004  -14.962  -14.962   -8.173   -8.173   -4.077   -4.077   -0.045   -0.045
    5.672    5.672    9.379    9.379    9.528    9.528
            0.492667  0.301377  0.000000
  -16.005  -16.005  -14.962  -14.962   -8.172   -8.172   -4.078   -4.078   -0.045   -0.045
    5.670    5.670    9.378    9.378    9.527    9.527
            0.493000  0.300799  0.000000
  -16.005  -16.005  -14.962  -14.962   -8.170   -8.170   -4.078   -4.078   -0.045   -0.045
    5.668    5.668    9.378    9.378    9.527    9.527
            0.493333  0.300222  0.000000
  -16.005  -16.005  -14.963  -14.963   -8.169   -8.169   -4.079   -4.079   -0.045   -0.045
    5.666    5.666    9.377    9.377    9.526    9.526
            0.493667  0.299645  0.000000
  -16.005  -16.005  -14.963  -14.963   -8.167   -8.167   -4.079   -4.079   -0.045   -0.045
    5.664    5.664    9.377    9.377    9.526    9.526
            0.494000  0.299067  0.000000
  -16.006  -16.006  -14.963  -14.963   -8.166   -8.166   -4.079   -4.079   -0.045   -0.045
    5.662    5.662    9.377    9.377    9.526    9.526
            0.494333  0.298490  0.000000
  -16.006  -16.006  -14.963  -14.963   -8.165   -8.165   -4.080   -4.080   -0.045   -0.045
    5.661    5.661    9.376    9.376    9.525    9.525
            0.494667  0.297913  0.000000
  -16.006  -16.006  -14.964  -14.964   -8.164   -8.164   -4.080   -4.080   -0.045   -0.045
    5.659    5.659    9.376    9.376    9.525    9.525
            0.495000  0.297335  0.000000
  -16.006  -16.006  -14.964  -14.964   -8.163   -8.163   -4.080   -4.080   -0.045   -0.045
    5.658    5.658    9.376    9.376    9.525    9.525
            0.495333  0.296758  0.000000
  -16.006  -16.006  -14.964  -14.964   -8.162   -8.162   -4.081   -4.081   -0.045   -0.045
    5.656    5.656    9.376    9.376    9.524    9.524
            0.495667  0.296181  0.000000
  -16.007  -16.007  -14.964  -14.964   -8.161   -8.161   -4.081   -4.081   -0.044   -0.044
    5.655    5.655    9.375    9.375    9.524    9.524
            0.496000  0.295603  0.000000
  -16.007  -16.007  -14.964  -14.964   -8.160   -8.160   -4.081   -4.081   -0.044   -0.044
    5.654    5.654    9.375    9.375    9.524    9.524
            0.496333  0.295026  0.000000
  -16.007  -16.007  -14.964  -14.964   -8.159   -8.159   -4.081   -4.081   -0.044   -0.044
    5.653    5.653    9.375    9.375    9.524    9.524
            0.496667  0.294449  0.000000
  -16.007  -16.007  -14.965  -14.965   -8.158   -8.158   -4.082   -4.082   -0.044   -0.044
    5.652    5.652    9.375    9.375    9.523    9.523
            0.497000  0.293871  0.000000
  -16.007  -16.007  -14.965  -14.965   -8.157   -8.157   -4.082   -4.082   -0.044   -0.044
    5.651    5.651    9.374    9.374    9.523    9.523
            0.497333  0.293294  0.000000
  -16.007  -16.007  -14.965  -14.965   -8.157   -8.157   -4.082   -4.082   -0.044   -0.044
    5.650    5.650    9.374    9.374    9.523    9.523
            0.497667  0.292717  0.000000
  -16.007  -16.007  -14.965  -14.965   -8.156   -8.156   -4.082   -4.082   -0.044   -0.044
    5.649    5.649    9.374    9.374    9.523    9.523
            0.498000  0.292139  0.000000
  -16.008  -16.008  -14.965  -14.965   -8.156   -8.156   -4.082   -4.082   -0.044   -0.044
    5.648    5.648    9.374    9.374    9.523    9.523
            0.498333  0.291562  0.000000
  -16.008  -16.008  -14.965  -14.965   -8.155   -8.155   -4.082   -4.082   -0.044   -0.044
    5.648    5.648    9.374    9.374    9.523    9.523
            0.498667  0.290985  0.000000
  -16.008  -16.008  -14.965  -14.965   -8.155   -8.155   -4.082   -4.082   -0.044   -0.044
    5.647    5.647    9.374    9.374    9.523    9.523
            0.499000  0.290407  0.000000
  -16.008  -16.008  -14.965  -14.965   -8.155   -8.155   -4.082   -4.082   -0.044   -0.044
    5.647    5.647    9.374    9.374    9.522    9.522
            0.499333  0.289830  0.000000
  -16.008  -16.008  -14.965  -14.965   -8.155   -8.155   -4.082   -4.082   -0.044   -0.044
    5.647    5.647    9.374    9.374    9.522    9.522
            0.499667  0.289252  0.000000
  -16.008  -16.008  -14.965  -14.965   -8.155   -8.155   -4.082   -4.082   -0.044   -0.044
    5.647    5.647    9.374    9.374    9.522    9.522
            0.500000  0.288675  0.000000
  -16.008  -16.008  -14.965  -14.965   -8.155   -8.155   -4.082   -4.082   -0.044   -0.044
    5.647    5.647    9.374    9.374    9.522    9.522
            0.499000  0.288098  0.000000
  -16.008  -16.008  -14.965  -14.965   -8.155   -8.155   -4.083   -4.083   -0.044   -0.044
    5.647    5.647    9.368    9.368    9.528    9.528
            0.498000  0.287520  0.000000
  -16.010  -16.010  -14.963  -14.963   -8.155   -8.155   -4.083   -4.083   -0.043   -0.043
    5.647    5.647    9.352    9.352    9.544    9.544
            0.497000  0.286943  0.000000
  -16.012  -16.012  -14.961  -14.961   -8.154   -8.154   -4.084   -4.084   -0.042   -0.042
    5.647    5.647    9.330    9.330    9.566    9.566
            0.496000  0.286366  0.000000
  -16.015  -16.015  -14.958  -14.958   -8.154   -8.154   -4.085   -4.085   -0.041   -0.041
    5.647    5.647    9.305    9.305    9.592    9.592
            0.495000  0.285788  0.000000
  -16.019  -16.019  -14.953  -14.953   -8.154   -8.154   -4.086   -4.086   -0.039   -0.039
    5.647    5.647    9.278    9.278    9.619    9.619
            0.494000  0.285211  0.000000
  -16.024  -16.024  -14.948  -14.948   -8.154   -8.154   -4.088   -4.088   -0.037   -0.037
    5.647    5.647    9.250    9.250    9.647    9.647
            0.493000  0.284634  0.000000
  -16.029  -16.029  -14.942  -14.942   -8.153   -8.153   -4.090   -4.090   -0.035   -0.035
    5.647    5.647    9.222    9.222    9.676    9.676
            0.492000  0.284056  0.000000
  -16.036  -16.036  -14.935  -14.935   -8.153   -8.153   -4.092   -4.092   -0.032   -0.032
    5.647    5.647    9.193    9.193    9.706    9.706
            0.491000  0.283479  0.000000
  -16.043  -16.043  -14.927  -14.927   -8.153   -8.153   -4.095   -4.095   -0.028   -0.028
    5.648    5.648    9.164    9.164    9.735    9.735
            0.490000  0.282902  0.000000
  -16.051  -16.051  -14.919  -14.919   -8.152   -8.152   -4.098   -4.098   -0.025   -0.025
    5.648    5.648    9.135    9.135    9.765    9.765
            0.489000  0.282324  0.000000
  -16.059  -16.059  -14.910  -14.910   -8.152   -8.152   -4.101   -4.101   -0.021   -0.021
    5.648    5.648    9.105    9.105    9.796    9.796
            0.488000  0.281747  0.000000
  -16.068  -16.068  -14.900  -14.900   -8.151   -8.151   -4.105   -4.105   -0.016   -0.016
    5.648    5.648    9.076    9.076    9.826    9.826
            0.487000  0.281170  0.000000
  -16.078  -16.078  -14.889  -14.889   -8.151   -8.151   -4.109   -4.109   -0.012   -0.012
    5.649    5.649    9.046    9.046    9.857    9.857
            0.486000  0.280592  0.000000
  -16.089  -16.089  -14.877  -14.877   -8.150   -8.150   -4.113   -4.113   -0.006   -0.006
    5.649    5.649    9.017    9.017    9.887    9.887
            0.485000  0.280015  0.000000
  -16.100  -16.100  -14.865  -14.865   -8.149   -8.149   -4.117   -4.117   -0.001   -0.001
    5.649    5.649    8.987    8.987    9.904    9.904
            0.484000  0.279438  0.000000
  -16.111  -16.111  -14.853  -14.853   -8.149   -8.149   -4.122   -4.122    0.005    0.005
    5.650    5.650    8.958    8.958    9.875    9.875
            0.483000  0.278860  0.000000
  -16.123  -16.123  -14.840  -14.840   -8.148   -8.148   -4.127   -4.127    0.011    0.011
    5.650    5.650    8.928    8.928    9.846    9.846
            0.482000  0.278283  0.000000
  -16.136  -16.136  -14.826  -14.826   -8.147   -8.147   -4.132   -4.132    0.018    0.018
    5.651    5.651    8.899    8.899    9.817    9.817
            0.481000  0.277705  0.000000
  -16.149  -16.149  -14.812  -14.812   -8.146   -8.146   -4.138   -4.138    0.025    0.025
    5.651    5.651    8.869    8.869    9.788    9.788
            0.480000  0.277128  0.000000
  -16.162  -16.162  -14.797  -14.797   -8.145   -8.145   -4.144   -4.144    0.032    0.032
    5.651    5.651    8.840    8.840    9.759    9.759
            0.479000  0.276551  0.000000
  -16.176  -16.176  -14.782  -14.782   -8.144   -8.144   -4.150   -4.150    0.040    0.040
    5.652    5.652    8.810    8.810    9.730    9.730
            0.478000  0.275973  0.000000
  -16.190  -16.190  -14.766  -14.766   -8.143   -8.143   -4.157   -4.157    0.048    0.048
    5.652    5.652    8.781    8.781    9.701    9.701
            0.477000  0.275396  0.000000
  -16.204  -16.204  -14.750  -14.750   -8.142   -8.142   -4.163   -4.163    0.056    0.056
    5.653    5.653    8.751    8.751    9.672    9.672
            0.476000  0.274819  0.000000
  -16.219  -16.219  -14.734  -14.734   -8.141   -8.141   -4.170   -4.170    0.065    0.065
    5.654    5.654    8.722    8.722    9.643    9.643
            0.475000  0.274241  0.000000
  -16.234  -16.234  -14.717  -14.717   -8.140   -8.140   -4.178   -4.178    0.074    0.074
    5.654    5.654    8.693    8.693    9.614    9.614
            0.474000  0.273664  0.000000
  -16.249  -16.249  -14.700  -14.700   -8.139   -8.139   -4.185   -4.185    0.083    0.083
    5.655    5.655    8.663    8.663    9.586    9.586
            0.473000  0.273087  0.000000
  -16.264  -16.264  -14.683  -14.683   -8.137   -8.137   -4.193   -4.193    0.093    0.093
    5.655    5.655    8.634    8.634    9.557    9.557
            0.472000  0.272509  0.000000
  -16.280  -16.280  -14.665  -14.665   -8.136   -8.136   -4.201   -4.201    0.103    0.103
    5.656    5.656    8.605    8.605    9.528    9.528
            0.471000  0.271932  0.000000
  -16.296  -16.296  -14.647  -14.647   -8.135   -8.135   -4.209   -4.209    0.113    0.113
    5.657    5.657    8.576    8.576    9.499    9.499
            0.470000  0.271355  0.000000
  -16.312  -16.312  -14.629  -14.629   -8.133   -8.133   -4.218   -4.218    0.124    0.124
    5.657    5.657    8.546    8.546    9.470    9.470
            0.469000  0.270777  0.000000
  -16.328  -16.328  -14.611  -14.611   -8.132   -8.132   -4.226   -4.226    0.135    0.135
    5.658    5.658    8.517    8.517    9.441    9.441
            0.468000  0.270200  0.000000
  -16.345  -16.345  -14.592  -14.592   -8.131   -8.131   -4.235   -4.235    0.146    0.146
    5.659    5.659    8.488    8.488    9.412    9.412
            0.467000  0.269623  0.000000
  -16.362  -16.362  -14.573  -14.573   -8.129   -8.129   -4.245   -4.245    0.158    0.158
    5.660    5.660    8.459    8.459    9.383    9.383
            0.466000  0.269045  0.000000
  -16.378  -16.378  -14.554  -14.554   -8.127   -8.127   -4.254   -4.254    0.170    0.170
    5.660    5.660    8.430    8.430    9.355    9.355
            0.465000  0.268468  0.000000
  -16.395  -16.395  -14.535  -14.535   -8.126   -8.126   -4.264   -4.264    0.182    0.182
    5.661    5.661    8.402    8.402    9.326    9.326
            0.464000  0.267891  0.000000
  -16.412  -16.412  -14.515  -14.515   -8.124   -8.124   -4.274   -4.274    0.195    0.195
    5.662    5.662    8.373    8.373    9.297    9.297
            0.463000  0.267313  0.000000
  -16.429  -16.429  -14.495  -14.495   -8.122   -8.122   -4.284   -4.284    0.208    0.208
    5.663    5.663    8.344    8.344    9.269    9.269
            0.462000  0.266736  0.000000
  -16.447  -16.447  -14.476  -14.476   -8.121   -8.121   -4.294   -4.294    0.221    0.221
    5.664    5.664    8.315    8.315    9.240    9.240
            0.461000  0.266158  0.000000
  -16.464  -16.464  -14.456  -14.456   -8.119   -8.119   -4.305   -4.305    0.234    0.234
    5.665    5.665    8.287    8.287    9.212    9.212
            0.460000  0.265581  0.000000
  -16.482  -16.482  -14.435  -14.435   -8.117   -8.117   -4.315   -4.315    0.248    0.248
    5.666    5.666    8.258    8.258    9.183    9.183
            0.459000  0.265004  0.000000
  -16.499  -16.499  -14.415  -14.415   -8.115   -8.115   -4.326   -4.326    0.262    0.262
    5.667    5.667    8.229    8.229    9.155    9.155
            0.458000  0.264426  0.000000
  -16.517  -16.517  -14.394  -14.394   -8.113   -8.113   -4.338   -4.338    0.276    0.276
    5.668    5.668    8.201    8.201    9.126    9.126
            0.457000  0.263849  0.000000
  -16.534  -16.534  -14.374  -14.374   -8.111   -8.111   -4.349   -4.349    0.290    0.290
    5.669    5.669    8.172    8.172    9.098    9.098
            0.456000  0.263272  0.000000
  -16.552  -16.552  -14.353  -14.353   -8.109   -8.109   -4.360   -4.360    0.305    0.305
    5.670    5.670    8.144    8.144    9.070    9.070
            0.455000  0.262694  0.000000
  -16.570  -16.570  -14.332  -14.332   -8.107   -8.107   -4.372   -4.372    0.320    0.320
    5.671    5.671    8.115    8.115    9.041    9.041
            0.454000  0.262117  0.000000
  -16.588  -16.588  -14.311  -14.311   -8.105   -8.105   -4.384   -4.384    0.335    0.335
    5.672    5.672    8.087    8.087    9.013    9.013
            0.453000  0.261540  0.000000
  -16.606  -16.606  -14.290  -14.290   -8.103   -8.103   -4.396   -4.396    0.351    0.351
    5.673    5.673    8.059    8.059    8.985    8.985
            0.452000  0.260962  0.000000
  -16.624  -16.624  -14.268  -14.268   -8.101   -8.101   -4.408   -4.408    0.366    0.366
    5.674    5.674    8.031    8.031    8.957    8.957
            0.451000  0.260385  0.000000
  -16.642  -16.642  -14.247  -14.247   -8.098   -8.098   -4.421   -4.421    0.382    0.382
    5.675    5.675    8.003    8.003    8.928    8.928
            0.450000  0.259808  0.000000
  -16.660  -16.660  -14.225  -14.225   -8.096   -8.096   -4.434   -4.434    0.399    0.399
    5.676    5.676    7.974    7.974    8.900    8.900
            0.449000  0.259230  0.000000
  -16.678  -16.678  -14.204  -14.204   -8.094   -8.094   -4.446   -4.446    0.415    0.415
    5.677    5.677    7.946    7.946    8.872    8.872
            0.448000  0.258653  0.000000
  -16.696  -16.696  -14.182  -14.182   -8.091   -8.091   -4.459   -4.459    0.432    0.432
    5.679    5.679    7.918    7.918    8.844    8.844
            0.447000  0.258076  0.000000
  -16.714  -16.714  -14.160  -14.160   -8.089   -8.089   -4.472   -4.472    0.449    0.449
    5.680    5.680    7.890    7.890    8.817    8.817
            0.446000  0.257498  0.000000
  -16.732  -16.732  -14.138  -14.138   -8.086   -8.086   -4.485   -4.485    0.466    0.466
    5.681    5.681    7.863    7.863    8.789    8.789
            0.445000  0.256921  0.000000
  -16.751  -16.751  -14.116  -14.116   -8.084   -8.084   -4.499   -4.499    0.483    0.483
    5.682    5.682    7.835    7.835    8.761    8.761
            0.444000  0.256344  0.000000
  -16.769  -16.769  -14.094  -14.094   -8.081   -8.081   -4.512   -4.512    0.501    0.501
    5.684    5.684    7.807    7.807    8.733    8.733
            0.443000  0.255766  0.000000
  -16.787  -16.787  -14.072  -14.072   -8.078   -8.078   -4.526   -4.526    0.518    0.518
    5.685    5.685    7.779    7.779    8.705    8.705
            0.442000  0.255189  0.000000
  -16.805  -16.805  -14.050  -14.050   -8.076   -8.076   -4.540   -4.540    0.536    0.536
    5.686    5.686    7.752    7.752    8.678    8.678
            0.441000  0.254611  0.000000
  -16.823  -16.823  -14.028  -14.028   -8.073   -8.073   -4.554   -4.554    0.555    0.555
    5.688    5.688    7.724    7.724    8.650    8.650
            0.440000  0.254034  0.000000
  -16.842  -16.842  -14.005  -14.005   -8.070   -8.070   -4.568   -4.568    0.573    0.573
    5.689    5.689    7.697    7.697    8.623    8.623
            0.439000  0.253457  0.000000
  -16.860  -16.860  -13.983  -13.983   -8.067   -8.067   -4.582   -4.582    0.592    0.592
    5.690    5.690    7.669    7.669    8.595    8.595
            0.438000  0.252879  0.000000
  -16.878  -16.878  -13.960  -13.960   -8.065   -8.065   -4.596   -4.596    0.610    0.610
    5.692    5.692    7.642    7.642    8.568    8.568
            0.437000  0.252302  0.000000
  -16.897  -16.897  -13.937  -13.937   -8.062   -8.062   -4.611   -4.611    0.629    0.629
    5.693    5.693    7.614    7.614    8.540    8.540
            0.436000  0.251725  0.000000
  -16.915  -16.915  -13.915  -13.915   -8.059   -8.059   -4.625   -4.625    0.648    0.648
    5.695    5.695    7.587    7.587    8.513    8.513
            0.435000  0.251147  0.000000
  -16.933  -16.933  -13.892  -13.892   -8.056   -8.056   -4.640   -4.640    0.668    0.668
    5.696    5.696    7.560    7.560    8.485    8.485
            0.434000  0.250570  0.000000
  -16.951  -16.951  -13.869  -13.869   -8.053   -8.053   -4.655   -4.655    0.687    0.687
    5.698    5.698    7.533    7.533    8.458    8.458
            0.433000  0.249993  0.000000
  -16.970  -16.970  -13.846  -13.846   -8.049   -8.049   -4.669   -4.669    0.707    0.707
    5.699    5.699    7.505    7.505    8.431    8.431
            0.432000  0.249415  0.000000
  -16.988  -16.988  -13.823  -13.823   -8.046   -8.046   -4.684   -4.684    0.727    0.727
    5.701    5.701    7.478    7.478    8.404    8.404
            0.431000  0.248838  0.000000
  -17.006  -17.006  -13.800  -13.800   -8.043   -8.043   -4.699   -4.699    0.747    0.747
    5.702    5.702    7.451    7.451    8.377    8.377
            0.430000  0.248261  0.000000
  -17.024  -17.024  -13.777  -13.777   -8.040   -8.040   -4.715   -4.715    0.767    0.767
    5.704    5.704    7.424    7.424    8.350    8.350
            0.429000  0.247683  0.000000
  -17.043  -17.043  -13.754  -13.754   -8.037   -8.037   -4.730   -4.730    0.787    0.787
    5.705    5.705    7.398    7.398    8.323    8.323
            0.428000  0.247106  0.000000
  -17.061  -17.061  -13.731  -13.731   -8.033   -8.033   -4.745   -4.745    0.808    0.808
    5.707    5.707    7.371    7.371    8.296    8.296
            0.427000  0.246529  0.000000
  -17.079  -17.079  -13.707  -13.707   -8.030   -8.030   -4.761   -4.761    0.828    0.828
    5.709    5.709    7.344    7.344    8.269    8.269
            0.426000  0.245951  0.000000
  -17.097  -17.097  -13.684  -13.684   -8.026   -8.026   -4.776   -4.776    0.849    0.849
    5.710    5.710    7.317    7.317    8.242    8.242
            0.425000  0.245374  0.000000
  -17.116  -17.116  -13.661  -13.661   -8.023   -8.023   -4.792   -4.792    0.870    0.870
    5.712    5.712    7.291    7.291    8.215    8.215
            0.424000  0.244797  0.000000
  -17.134  -17.134  -13.637  -13.637   -8.019   -8.019   -4.808   -4.808    0.891    0.891
    5.714    5.714    7.264    7.264    8.189    8.189
            0.423000  0.244219  0.000000
  -17.152  -17.152  -13.614  -13.614   -8.016   -8.016   -4.823   -4.823    0.913    0.913
    5.715    5.715    7.238    7.238    8.162    8.162
            0.422000  0.243642  0.000000
  -17.170  -17.170  -13.590  -13.590   -8.012   -8.012   -4.839   -4.839    0.934    0.934
    5.717    5.717    7.211    7.211    8.135    8.135
            0.421000  0.243064  0.000000
  -17.188  -17.188  -13.567  -13.567   -8.009   -8.009   -4.855   -4.855    0.956    0.956
    5.719    5.719    7.185    7.185    8.109    8.109
            0.420000  0.242487  0.000000
  -17.206  -17.206  -13.543  -13.543   -8.005   -8.005   -4.871   -4.871    0.977    0.977
    5.720    5.720    7.158    7.158    8.082    8.082
            0.419000  0.241910  0.000000
  -17.224  -17.224  -13.519  -13.519   -8.001   -8.001   -4.887   -4.887    0.999    0.999
    5.722    5.722    7.132    7.132    8.056    8.056
            0.418000  0.241332  0.000000
  -17.242  -17.242  -13.496  -13.496   -7.997   -7.997   -4.903   -4.903    1.021    1.021
    5.724    5.724    7.106    7.106    8.029    8.029
            0.417000  0.240755  0.000000
  -17.260  -17.260  -13.472  -13.472   -7.994   -7.994   -4.919   -4.919    1.043    1.043
    5.726    5.726    7.080    7.080    8.003    8.003
            0.416000  0.240178  0.000000
  -17.279  -17.279  -13.448  -13.448   -7.990   -7.990   -4.936   -4.936    1.065    1.065
    5.727    5.727    7.054    7.054    7.977    7.977
            0.415000  0.239600  0.000000
  -17.297  -17.297  -13.424  -13.424   -7.986   -7.986   -4.952   -4.952    1.088    1.088
    5.729    5.729    7.028    7.028    7.951    7.951
            0.414000  0.239023  0.000000
  -17.315  -17.315  -13.400  -13.400   -7.982   -7.982   -4.968   -4.968    1.110    1.110
    5.731    5.731    7.002    7.002    7.924    7.924
            0.413000  0.238446  0.000000
  -17.333  -17.333  -13.376  -13.376   -7.978   -7.978   -4.985   -4.985    1.133    1.133
    5.733    5.733    6.976    6.976    7.898    7.898
            0.412000  0.237868  0.000000
  -17.350  -17.350  -13.352  -13.352   -7.974   -7.974   -5.001   -5.001    1.156    1.156
    5.735    5.735    6.950    6.950    7.872    7.872
            0.411000  0.237291  0.000000
  -17.368  -17.368  -13.328  -13.328   -7.970   -7.970   -5.018   -5.018    1.178    1.178
    5.737    5.737    6.925    6.925    7.846    7.846
            0.410000  0.236714  0.000000
  -17.386  -17.386  -13.304  -13.304   -7.966   -7.966   -5.034   -5.034    1.201    1.201
    5.738    5.738    6.899    6.899    7.820    7.820
            0.409000  0.236136  0.000000
  -17.404  -17.404  -13.280  -13.280   -7.961   -7.961   -5.051   -5.051    1.224    1.224
    5.740    5.740    6.873    6.873    7.795    7.795
            0.408000  0.235559  0.000000
  -17.422  -17.422  -13.256  -13.256   -7.957   -7.957   -5.068   -5.068    1.248    1.248
    5.742    5.742    6.848    6.848    7.769    7.769
            0.407000  0.234982  0.000000
  -17.440  -17.440  -13.232  -13.232   -7.953   -7.953   -5.084   -5.084    1.271    1.271
    5.744    5.744    6.822    6.822    7.743    7.743
            0.406000  0.234404  0.000000
  -17.458  -17.458  -13.207  -13.207   -7.949   -7.949   -5.101   -5.101    1.294    1.294
    5.746    5.746    6.797    6.797    7.717    7.717
            0.405000  0.233827  0.000000
  -17.475  -17.475  -13.183  -13.183   -7.944   -7.944   -5.118   -5.118    1.318    1.318
    5.748    5.748    6.772    6.772    7.692    7.692
            0.404000  0.233250  0.000000
  -17.493  -17.493  -13.159  -13.159   -7.940   -7.940   -5.135   -5.135    1.341    1.341
    5.750    5.750    6.747    6.747    7.666    7.666
            0.403000  0.232672  0.000000
  -17.511  -17.511  -13.134  -13.134   -7.935   -7.935   -5.151   -5.151    1.365    1.365
    5.752    5.752    6.721    6.721    7.641    7.641
            0.402000  0.232095  0.000000
  -17.528  -17.528  -13.110  -13.110   -7.931   -7.931   -5.168   -5.168    1.389    1.389
    5.754    5.754    6.696    6.696    7.615    7.615
            0.401000  0.231517  0.000000
  -17.546  -17.546  -13.086  -13.086   -7.926   -7.926   -5.185   -5.185    1.413    1.413
    5.755    5.755    6.671    6.671    7.590    7.590
            0.400000  0.230940  0.000000
  -17.564  -17.564  -13.061  -13.061   -7.922   -7.922   -5.202   -5.202    1.437    1.437
    5.757    5.757    6.647    6.647    7.564    7.564
            0.399000  0.230363  0.000000
  -17.581  -17.581  -13.037  -13.037   -7.917   -7.917   -5.219   -5.219    1.461    1.461
    5.759    5.759    6.622    6.622    7.539    7.539
            0.398000  0.229785  0.000000
  -17.599  -17.599  -13.012  -13.012   -7.912   -7.912   -5.236   -5.236    1.485    1.485
    5.761    5.761    6.597    6.597    7.514    7.514
            0.397000  0.229208  0.000000
  -17.616  -17.616  -12.988  -12.988   -7.908   -7.908   -5.253   -5.253    1.509    1.509
    5.763    5.763    6.573    6.573    7.489    7.489
            0.396000  0.228631  0.000000
  -17.634  -17.634  -12.963  -12.963   -7.903   -7.903   -5.270   -5.270    1.534    1.534
    5.765    5.765    6.548    6.548    7.463    7.463
            0.395000  0.228053  0.000000
  -17.651  -17.651  -12.938  -12.938   -7.898   -7.898   -5.288   -5.288    1.558    1.558
    5.766    5.766    6.524    6.524    7.438    7.438
            0.394000  0.227476  0.000000
  -17.669  -17.669  -12.914  -12.914   -7.893   -7.893   -5.305   -5.305    1.583    1.583
    5.768    5.768    6.499    6.499    7.413    7.413
            0.393000  0.226899  0.000000
  -17.686  -17.686  -12.889  -12.889   -7.888   -7.888   -5.322   -5.322    1.607    1.607
    5.770    5.770    6.475    6.475    7.388    7.388
            0.392000  0.226321  0.000000
  -17.704  -17.704  -12.864  -12.864   -7.883   -7.883   -5.339   -5.339    1.632    1.632
    5.772    5.772    6.451    6.451    7.364    7.364
            0.391000  0.225744  0.000000
  -17.721  -17.721  -12.839  -12.839   -7.878   -7.878   -5.356   -5.356    1.657    1.657
    5.773    5.773    6.427    6.427    7.339    7.339
            0.390000  0.225167  0.000000
  -17.738  -17.738  -12.814  -12.814   -7.873   -7.873   -5.373   -5.373    1.682    1.682
    5.775    5.775    6.403    6.403    7.314    7.314
            0.389000  0.224589  0.000000
  -17.756  -17.756  -12.790  -12.790   -7.868   -7.868   -5.391   -5.391    1.707    1.707
    5.777    5.777    6.380    6.380    7.289    7.289
            0.388000  0.224012  0.000000
  -17.773  -17.773  -12.765  -12.765   -7.863   -7.863   -5.408   -5.408    1.732    1.732
    5.778    5.778    6.356    6.356    7.265    7.265
            0.387000  0.223435  0.000000
  -17.790  -17.790  -12.740  -12.740   -7.858   -7.858   -5.425   -5.425    1.757    1.757
    5.779    5.779    6.333    6.333    7.240    7.240
            0.386000  0.222857  0.000000
  -17.807  -17.807  -12.715  -12.715   -7.853   -7.853   -5.442   -5.442    1.782    1.782
    5.781    5.781    6.310    6.310    7.216    7.216
            0.385000  0.222280  0.000000
  -17.824  -17.824  -12.690  -12.690   -7.848   -7.848   -5.459   -5.459    1.807    1.807
    5.782    5.782    6.287    6.287    7.191    7.191
            0.384000  0.221703  0.000000
  -17.841  -17.841  -12.665  -12.665   -7.842   -7.842   -5.477   -5.477    1.832    1.832
    5.783    5.783    6.264    6.264    7.167    7.167
            0.383000  0.221125  0.000000
  -17.859  -17.859  -12.640  -12.640   -7.837   -7.837   -5.494   -5.494    1.858    1.858
    5.784    5.784    6.242    6.242    7.142    7.142
            0.382000  0.220548  0.000000
  -17.876  -17.876  -12.615  -12.615   -7.832   -7.832   -5.511   -5.511    1.883    1.883
    5.785    5.785    6.219    6.219    7.118    7.118
            0.381000  0.219970  0.000000
  -17.893  -17.893  -12.590  -12.590   -7.826   -7.826   -5.529   -5.529    1.909    1.909
    5.785    5.785    6.197    6.197    7.094    7.094
            0.380000  0.219393  0.000000
  -17.910  -17.910  -12.565  -12.565   -7.821   -7.821   -5.546   -5.546    1.934    1.934
    5.785    5.785    6.176    6.176    7.070    7.070
            0.379000  0.218816  0.000000
  -17.927  -17.927  -12.539  -12.539   -7.815   -7.815   -5.563   -5.563    1.960    1.960
    5.785    5.785    6.154    6.154    7.046    7.046
            0.378000  0.218238  0.000000
  -17.943  -17.943  -12.514  -12.514   -7.810   -7.810   -5.581   -5.581    1.986    1.986
    5.785    5.785    6.134    6.134    7.021    7.021
            0.377000  0.217661  0.000000
  -17.960  -17.960  -12.489  -12.489   -7.804   -7.804   -5.598   -5.598    2.012    2.012
    5.784    5.784    6.113    6.113    6.997    6.997
            0.376000  0.217084  0.000000
  -17.977  -17.977  -12.464  -12.464   -7.798   -7.798   -5.615   -5.615    2.037    2.037
    5.782    5.782    6.094    6.094    6.974    6.974
            0.375000  0.216506  0.000000
  -17.994  -17.994  -12.439  -12.439   -7.793   -7.793   -5.632   -5.632    2.063    2.063
    5.780    5.780    6.075    6.075    6.950    6.950
            0.374000  0.215929  0.000000
  -18.011  -18.011  -12.413  -12.413   -7.787   -7.787   -5.650   -5.650    2.089    2.089
    5.778    5.778    6.057    6.057    6.926    6.926
            0.373000  0.215352  0.000000
  -18.027  -18.027  -12.388  -12.388   -7.781   -7.781   -5.667   -5.667    2.115    2.115
    5.774    5.774    6.039    6.039    6.902    6.902
            0.372000  0.214774  0.000000
  -18.044  -18.044  -12.363  -12.363   -7.776   -7.776   -5.684   -5.684    2.141    2.141
    5.769    5.769    6.023    6.023    6.878    6.878
            0.371000  0.214197  0.000000
  -18.061  -18.061  -12.337  -12.337   -7.770   -7.770   -5.702   -5.702    2.167    2.167
    5.764    5.764    6.008    6.008    6.855    6.855
            0.370000  0.213620  0.000000
  -18.077  -18.077  -12.312  -12.312   -7.764   -7.764   -5.719   -5.719    2.194    2.194
    5.757    5.757    5.995    5.995    6.831    6.831
            0.369000  0.213042  0.000000
  -18.094  -18.094  -12.287  -12.287   -7.758   -7.758   -5.736   -5.736    2.220    2.220
    5.748    5.748    5.983    5.983    6.808    6.808
            0.368000  0.212465  0.000000
  -18.110  -18.110  -12.261  -12.261   -7.752   -7.752   -5.754   -5.754    2.246    2.246
    5.738    5.738    5.972    5.972    6.784    6.784
            0.367000  0.211888  0.000000
  -18.127  -18.127  -12.236  -12.236   -7.746   -7.746   -5.771   -5.771    2.272    2.272
    5.727    5.727    5.963    5.963    6.761    6.761
            0.366000  0.211310  0.000000
  -18.143  -18.143  -12.210  -12.210   -7.740   -7.740   -5.788   -5.788    2.299    2.299
    5.714    5.714    5.955    5.955    6.738    6.738
            0.365000  0.210733  0.000000
  -18.160  -18.160  -12.185  -12.185   -7.734   -7.734   -5.805   -5.805    2.325    2.325
    5.700    5.700    5.949    5.949    6.714    6.714
            0.364000  0.210155  0.000000
  -18.176  -18.176  -12.159  -12.159   -7.728   -7.728   -5.823   -5.823    2.352    2.352
    5.685    5.685    5.944    5.944    6.691    6.691
            0.363000  0.209578  0.000000
  -18.193  -18.193  -12.134  -12.134   -7.721   -7.721   -5.840   -5.840    2.378    2.378
    5.669    5.669    5.940    5.940    6.668    6.668
            0.362000  0.209001  0.000000
  -18.209  -18.209  -12.108  -12.108   -7.715   -7.715   -5.857   -5.857    2.405    2.405
    5.652    5.652    5.937    5.937    6.645    6.645
            0.361000  0.208423  0.000000
  -18.225  -18.225  -12.082  -12.082   -7.709   -7.709   -5.874   -5.874    2.431    2.431
    5.634    5.634    5.935    5.935    6.622    6.622
            0.360000  0.207846  0.000000
  -18.241  -18.241  -12.057  -12.057   -7.703   -7.703   -5.892   -5.892    2.458    2.458
    5.616    5.616    5.933    5.933    6.599    6.599
            0.359000  0.207269  0.000000
  -18.258  -18.258  -12.031  -12.031   -7.696   -7.696   -5.909   -5.909    2.485    2.485
    5.597    5.597    5.933    5.933    6.576    6.576
            0.358000  0.206691  0.000000
  -18.274  -18.274  -12.005  -12.005   -7.690   -7.690   -5.926   -5.926    2.511    2.511
    5.577    5.577    5.932    5.932    6.553    6.553
            0.357000  0.206114  0.000000
  -18.290  -18.290  -11.980  -11.980   -7.684   -7.684   -5.943   -5.943    2.538    2.538
    5.558    5.558    5.932    5.932    6.531    6.531
            0.356000  0.205537  0.000000
  -18.306  -18.306  -11.954  -11.954   -7.677   -7.677   -5.960   -5.960    2.565    2.565
    5.538    5.538    5.933    5.933    6.508    6.508
            0.355000  0.204959  0.000000
  -18.322  -18.322  -11.928  -11.928   -7.671   -7.671   -5.978   -5.978    2.592    2.592
    5.517    5.517    5.934    5.934    6.485    6.485
            0.354000  0.204382  0.000000
  -18.338  -18.338  -11.903  -11.903   -7.664   -7.664   -5.995   -5.995    2.619    2.619
    5.497    5.497    5.935    5.935    6.463    6.463
            0.353000  0.203805  0.000000
  -18.354  -18.354  -11.877  -11.877   -7.657   -7.657   -6.012   -6.012    2.645    2.645
    5.476    5.476    5.936    5.936    6.440    6.440
            0.352000  0.203227  0.000000
  -18.370  -18.370  -11.851  -11.851   -7.651   -7.651   -6.029   -6.029    2.672    2.672
    5.456    5.456    5.937    5.937    6.418    6.418
            0.351000  0.202650  0.000000
  -18.386  -18.386  -11.825  -11.825   -7.644   -7.644   -6.046   -6.046    2.699    2.699
    5.435    5.435    5.939    5.939    6.396    6.396
            0.350000  0.202073  0.000000
  -18.402  -18.402  -11.799  -11.799   -7.637   -7.637   -6.063   -6.063    2.726    2.726
    5.414    5.414    5.941    5.941    6.373    6.373
            0.349000  0.201495  0.000000
  -18.418  -18.418  -11.773  -11.773   -7.631   -7.631   -6.080   -6.080    2.753    2.753
    5.393    5.393    5.943    5.943    6.351    6.351
            0.348000  0.200918  0.000000
  -18.433  -18.433  -11.748  -11.748   -7.624   -7.624   -6.097   -6.097    2.780    2.780
    5.372    5.372    5.945    5.945    6.329    6.329
            0.347000  0.200341  0.000000
  -18.449  -18.449  -11.722  -11.722   -7.617   -7.617   -6.114   -6.114    2.808    2.808
    5.351    5.351    5.947    5.947    6.307    6.307
            0.346000  0.199763  0.000000
  -18.465  -18.465  -11.696  -11.696   -7.610   -7.610   -6.131   -6.131    2.835    2.835
    5.330    5.330    5.949    5.949    6.285    6.285
            0.345000  0.199186  0.000000
  -18.480  -18.480  -11.670  -11.670   -7.603   -7.603   -6.148   -6.148    2.862    2.862
    5.309    5.309    5.951    5.951    6.263    6.263
            0.344000  0.198608  0.000000
  -18.496  -18.496  -11.644  -11.644   -7.596   -7.596   -6.165   -6.165    2.889    2.889
    5.287    5.287    5.954    5.954    6.241    6.241
            0.343000  0.198031  0.000000
  -18.512  -18.512  -11.618  -11.618   -7.589   -7.589   -6.182   -6.182    2.916    2.916
    5.266    5.266    5.956    5.956    6.219    6.219
            0.342000  0.197454  0.000000
  -18.527  -18.527  -11.592  -11.592   -7.582   -7.582   -6.199   -6.199    2.943    2.943
    5.245    5.245    5.958    5.958    6.197    6.197
            0.341000  0.196876  0.000000
  -18.543  -18.543  -11.566  -11.566   -7.575   -7.575   -6.216   -6.216    2.971    2.971
    5.224    5.224    5.961    5.961    6.175    6.175
            0.340000  0.196299  0.000000
  -18.558  -18.558  -11.540  -11.540   -7.568   -7.568   -6.233   -6.233    2.998    2.998
    5.203    5.203    5.963    5.963    6.154    6.154
            0.339000  0.195722  0.000000
  -18.574  -18.574  -11.514  -11.514   -7.561   -7.561   -6.249   -6.249    3.025    3.025
    5.182    5.182    5.966    5.966    6.132    6.132
            0.338000  0.195144  0.000000
  -18.589  -18.589  -11.488  -11.488   -7.554   -7.554   -6.266   -6.266    3.053    3.053
    5.161    5.161    5.969    5.969    6.111    6.111
            0.337000  0.194567  0.000000
  -18.604  -18.604  -11.462  -11.462   -7.547   -7.547   -6.283   -6.283    3.080    3.080
    5.140    5.140    5.971    5.971    6.089    6.089
            0.336000  0.193990  0.000000
  -18.620  -18.620  -11.436  -11.436   -7.539   -7.539   -6.300   -6.300    3.107    3.107
    5.119    5.119    5.974    5.974    6.068    6.068
            0.335000  0.193412  0.000000
  -18.635  -18.635  -11.409  -11.409   -7.532   -7.532   -6.316   -6.316    3.135    3.135
    5.098    5.098    5.976    5.976    6.047    6.047
            0.334000  0.192835  0.000000
  -18.650  -18.650  -11.383  -11.383   -7.525   -7.525   -6.333   -6.333    3.162    3.162
    5.077    5.077    5.979    5.979    6.025    6.025
            0.333000  0.192258  0.000000
  -18.665  -18.665  -11.357  -11.357   -7.517   -7.517   -6.350   -6.350    3.189    3.189
    5.056    5.056    5.982    5.982    6.004    6.004
            0.332000  0.191680  0.000000
  -18.680  -18.680  -11.331  -11.331   -7.510   -7.510   -6.366   -6.366    3.217    3.217
    5.036    5.036    5.983    5.983    5.984    5.984
            0.331000  0.191103  0.000000
  -18.695  -18.695  -11.305  -11.305   -7.502   -7.502   -6.383   -6.383    3.244    3.244
    5.015    5.015    5.962    5.962    5.987    5.987
            0.330000  0.190526  0.000000
  -18.711  -18.711  -11.279  -11.279   -7.495   -7.495   -6.400   -6.400    3.272    3.272
    4.994    4.994    5.941    5.941    5.989    5.989
            0.329000  0.189948  0.000000
  -18.726  -18.726  -11.253  -11.253   -7.487   -7.487   -6.416   -6.416    3.299    3.299
    4.973    4.973    5.920    5.920    5.992    5.992
            0.328000  0.189371  0.000000
  -18.741  -18.741  -11.226  -11.226   -7.480   -7.480   -6.433   -6.433    3.327    3.327
    4.953    4.953    5.899    5.899    5.994    5.994
            0.327000  0.188794  0.000000
  -18.755  -18.755  -11.200  -11.200   -7.472   -7.472   -6.449   -6.449    3.354    3.354
    4.932    4.932    5.879    5.879    5.996    5.996
            0.326000  0.188216  0.000000
  -18.770  -18.770  -11.174  -11.174   -7.465   -7.465   -6.466   -6.466    3.382    3.382
    4.912    4.912    5.858    5.858    5.998    5.998
            0.325000  0.187639  0.000000
  -18.785  -18.785  -11.148  -11.148   -7.457   -7.457   -6.482   -6.482    3.409    3.409
    4.891    4.891    5.837    5.837    6.000    6.000
            0.324000  0.187061  0.000000
  -18.800  -18.800  -11.121  -11.121   -7.449   -7.449   -6.499   -6.499    3.437    3.437
    4.871    4.871    5.817    5.817    6.002    6.002
            0.323000  0.186484  0.000000
  -18.815  -18.815  -11.095  -11.095   -7.442   -7.442   -6.515   -6.515    3.464    3.464
    4.850    4.850    5.796    5.796    6.004    6.004
            0.322000  0.185907  0.000000
  -18.829  -18.829  -11.069  -11.069   -7.434   -7.434   -6.531   -6.531    3.492    3.492
    4.830    4.830    5.776    5.776    6.005    6.005
            0.321000  0.185329  0.000000
  -18.844  -18.844  -11.043  -11.043   -7.426   -7.426   -6.548   -6.548    3.519    3.519
    4.810    4.810    5.755    5.755    6.006    6.006
            0.320000  0.184752  0.000000
  -18.859  -18.859  -11.016  -11.016   -7.418   -7.418   -6.564   -6.564    3.547    3.547
    4.789    4.789    5.735    5.735    6.006    6.006
            0.319000  0.184175  0.000000
  -18.873  -18.873  -10.990  -10.990   -7.410   -7.410   -6.580   -6.580    3.574    3.574
    4.769    4.769    5.715    5.715    6.005    6.005
            0.318000  0.183597  0.000000
  -18.888  -18.888  -10.964  -10.964   -7.402   -7.402   -6.596   -6.596    3.602    3.602
    4.749    4.749    5.695    5.695    6.004    6.004
            0.317000  0.183020  0.000000
  -18.902  -18.902  -10.937  -10.937   -7.394   -7.394   -6.613   -6.613    3.629    3.629
    4.729    4.729    5.675    5.675    6.002    6.002
            0.316000  0.182443  0.000000
  -18.917  -18.917  -10.911  -10.911   -7.386   -7.386   -6.629   -6.629    3.657    3.657
    4.709    4.709    5.655    5.655    5.998    5.998
            0.315000  0.181865  0.000000
  -18.931  -18.931  -10.884  -10.884   -7.378   -7.378   -6.645   -6.645    3.684    3.684
    4.689    4.689    5.635    5.635    5.992    5.992
            0.314000  0.181288  0.000000
  -18.946  -18.946  -10.858  -10.858   -7.370   -7.370   -6.661   -6.661    3.712    3.712
    4.669    4.669    5.615    5.615    5.985    5.985
            0.313000  0.180711  0.000000
  -18.960  -18.960  -10.832  -10.832   -7.362   -7.362   -6.677   -6.677    3.739    3.739
    4.649    4.649    5.596    5.596    5.976    5.976
            0.312000  0.180133  0.000000
  -18.974  -18.974  -10.805  -10.805   -7.354   -7.354   -6.693   -6.693    3.766    3.766
    4.630    4.630    5.576    5.576    5.965    5.965
            0.311000  0.179556  0.000000
  -18.989  -18.989  -10.779  -10.779   -7.346   -7.346   -6.709   -6.709    3.794    3.794
    4.610    4.610    5.556    5.556    5.952    5.952
            0.310000  0.178979  0.000000
  -19.003  -19.003  -10.753  -10.753   -7.338   -7.338   -6.725   -6.725    3.821    3.821
    4.590    4.590    5.537    5.537    5.938    5.938
            0.309000  0.178401  0.000000
  -19.017  -19.017  -10.726  -10.726   -7.329   -7.329   -6.741   -6.741    3.849    3.849
    4.571    4.571    5.518    5.518    5.923    5.923
            0.308000  0.177824  0.000000
  -19.031  -19.031  -10.700  -10.700   -7.321   -7.321   -6.757   -6.757    3.876    3.876
    4.551    4.551    5.498    5.498    5.907    5.907
            0.307000  0.177247  0.000000
  -19.045  -19.045  -10.673  -10.673   -7.313   -7.313   -6.773   -6.773    3.903    3.903
    4.532    4.532    5.479    5.479    5.890    5.890
            0.306000  0.176669  0.000000
  -19.059  -19.059  -10.647  -10.647   -7.304   -7.304   -6.789   -6.789    3.931    3.931
    4.512    4.512    5.460    5.460    5.873    5.873
            0.305000  0.176092  0.000000
  -19.073  -19.073  -10.620  -10.620   -7.296   -7.296   -6.804   -6.804    3.958    3.958
    4.493    4.493    5.441    5.441    5.856    5.856
            0.304000  0.175514  0.000000
  -19.087  -19.087  -10.594  -10.594   -7.287   -7.287   -6.820   -6.820    3.985    3.985
    4.473    4.473    5.422    5.422    5.838    5.838
            0.303000  0.174937  0.000000
  -19.101  -19.101  -10.567  -10.567   -7.279   -7.279   -6.836   -6.836    4.012    4.012
    4.454    4.454    5.404    5.404    5.819    5.819
            0.302000  0.174360  0.000000
  -19.115  -19.115  -10.541  -10.541   -7.271   -7.271   -6.851   -6.851    4.039    4.039
    4.435    4.435    5.385    5.385    5.801    5.801
            0.301000  0.173782  0.000000
  -19.129  -19.129  -10.514  -10.514   -7.262   -7.262   -6.867   -6.867    4.066    4.066
    4.416    4.416    5.366    5.366    5.783    5.783
            0.300000  0.173205  0.000000
  -19.143  -19.143  -10.488  -10.488   -7.253   -7.253   -6.883   -6.883    4.093    4.093
    4.397    4.397    5.348    5.348    5.764    5.764
            0.299000  0.172628  0.000000
  -19.157  -19.157  -10.461  -10.461   -7.245   -7.245   -6.898   -6.898    4.120    4.120
    4.378    4.378    5.330    5.330    5.746    5.746
            0.298000  0.172050  0.000000
  -19.170  -19.170  -10.435  -10.435   -7.236   -7.236   -6.914   -6.914    4.147    4.147
    4.359    4.359    5.312    5.312    5.727    5.727
            0.297000  0.171473  0.000000
  -19.184  -19.184  -10.409  -10.409   -7.228   -7.228   -6.929   -6.929    4.174    4.174
    4.340    4.340    5.294    5.294    5.708    5.708
            0.296000  0.170896  0.000000
  -19.198  -19.198  -10.382  -10.382   -7.219   -7.219   -6.945   -6.945    4.201    4.201
    4.321    4.321    5.276    5.276    5.690    5.690
            0.295000  0.170318  0.000000
  -19.211  -19.211  -10.356  -10.356   -7.210   -7.210   -6.960   -6.960    4.227    4.227
    4.302    4.302    5.258    5.258    5.671    5.671
            0.294000  0.169741  0.000000
  -19.225  -19.225  -10.329  -10.329   -7.201   -7.201   -6.975   -6.975    4.253    4.253
    4.283    4.283    5.241    5.241    5.652    5.652
            0.293000  0.169164  0.000000
  -19.238  -19.238  -10.302  -10.302   -7.193   -7.193   -6.991   -6.991    4.265    4.265
    4.280    4.280    5.223    5.223    5.634    5.634
            0.292000  0.168586  0.000000
  -19.252  -19.252  -10.276  -10.276   -7.184   -7.184   -7.006   -7.006    4.246    4.246
    4.306    4.306    5.206    5.206    5.615    5.615
            0.291000  0.168009  0.000000
  -19.265  -19.265  -10.249  -10.249   -7.175   -7.175   -7.021   -7.021    4.228    4.228
    4.332    4.332    5.190    5.190    5.597    5.597
            0.290000  0.167432  0.000000
  -19.278  -19.278  -10.223  -10.223   -7.166   -7.166   -7.037   -7.037    4.209    4.209
    4.357    4.357    5.173    5.173    5.578    5.578
            0.289000  0.166854  0.000000
  -19.292  -19.292  -10.196  -10.196   -7.157   -7.157   -7.052   -7.052    4.191    4.191
    4.383    4.383    5.157    5.157    5.559    5.559
            0.288000  0.166277  0.000000
  -19.305  -19.305  -10.170  -10.170   -7.148   -7.148   -7.067   -7.067    4.172    4.172
    4.408    4.408    5.141    5.141    5.541    5.541
            0.287000  0.165700  0.000000
  -19.318  -19.318  -10.143  -10.143   -7.139   -7.139   -7.082   -7.082    4.154    4.154
    4.433    4.433    5.126    5.126    5.523    5.523
            0.286000  0.165122  0.000000
  -19.332  -19.332  -10.117  -10.117   -7.130   -7.130   -7.097   -7.097    4.136    4.136
    4.457    4.457    5.111    5.111    5.504    5.504
            0.285000  0.164545  0.000000
  -19.345  -19.345  -10.090  -10.090   -7.121   -7.121   -7.112   -7.112    4.118    4.118
    4.481    4.481    5.096    5.096    5.486    5.486
            0.284000  0.163967  0.000000
  -19.358  -19.358  -10.064  -10.064   -7.127   -7.127   -7.112   -7.112    4.099    4.099
    4.504    4.504    5.082    5.082    5.467    5.467
            0.283000  0.163390  0.000000
  -19.371  -19.371  -10.037  -10.037   -7.142   -7.142   -7.103   -7.103    4.081    4.081
    4.527    4.527    5.069    5.069    5.449    5.449
            0.282000  0.162813  0.000000
  -19.384  -19.384  -10.011  -10.011   -7.157   -7.157   -7.094   -7.094    4.063    4.063
    4.549    4.549    5.057    5.057    5.431    5.431
            0.281000  0.162235  0.000000
  -19.397  -19.397   -9.984   -9.984   -7.172   -7.172   -7.085   -7.085    4.045    4.045
    4.569    4.569    5.046    5.046    5.413    5.413
            0.280000  0.161658  0.000000
  -19.410  -19.410   -9.958   -9.958   -7.186   -7.186   -7.075   -7.075    4.028    4.028
    4.589    4.589    5.036    5.036    5.395    5.395
            0.279000  0.161081  0.000000
  -19.423  -19.423   -9.931   -9.931   -7.201   -7.201   -7.066   -7.066    4.010    4.010
    4.607    4.607    5.028    5.028    5.377    5.377
            0.278000  0.160503  0.000000
  -19.436  -19.436   -9.905   -9.905   -7.216   -7.216   -7.057   -7.057    3.992    3.992
    4.623    4.623    5.021    5.021    5.359    5.359
            0.277000  0.159926  0.000000
  -19.448  -19.448   -9.878   -9.878   -7.230   -7.230   -7.048   -7.048    3.974    3.974
    4.638    4.638    5.017    5.017    5.341    5.341
            0.276000  0.159349  0.000000
  -19.461  -19.461   -9.852   -9.852   -7.245   -7.245   -7.038   -7.038    3.957    3.957
    4.650    4.650    5.015    5.015    5.323    5.323
            0.275000  0.158771  0.000000
  -19.474  -19.474   -9.825   -9.825   -7.260   -7.260   -7.029   -7.029    3.939    3.939
    4.659    4.659    5.015    5.015    5.305    5.305
            0.274000  0.158194  0.000000
  -19.486  -19.486   -9.799   -9.799   -7.274   -7.274   -7.020   -7.020    3.922    3.922
    4.665    4.665    5.019    5.019    5.287    5.287
            0.273000  0.157617  0.000000
  -19.499  -19.499   -9.772   -9.772   -7.289   -7.289   -7.010   -7.010    3.904    3.904
    4.669    4.669    5.025    5.025    5.269    5.269
            0.272000  0.157039  0.000000
  -19.512  -19.512   -9.745   -9.745   -7.303   -7.303   -7.001   -7.001    3.887    3.887
    4.670    4.670    5.034    5.034    5.252    5.252
            0.271000  0.156462  0.000000
  -19.524  -19.524   -9.719   -9.719   -7.318   -7.318   -6.991   -6.991    3.869    3.869
    4.668    4.668    5.046    5.046    5.234    5.234
            0.270000  0.155885  0.000000
  -19.537  -19.537   -9.692   -9.692   -7.332   -7.332   -6.982   -6.982    3.852    3.852
    4.664    4.664    5.060    5.060    5.217    5.217
            0.269000  0.155307  0.000000
  -19.549  -19.549   -9.666   -9.666   -7.346   -7.346   -6.972   -6.972    3.835    3.835
    4.658    4.658    5.077    5.077    5.199    5.199
            0.268000  0.154730  0.000000
  -19.562  -19.562   -9.640   -9.640   -7.361   -7.361   -6.963   -6.963    3.818    3.818
    4.650    4.650    5.095    5.095    5.182    5.182
            0.267000  0.154153  0.000000
  -19.574  -19.574   -9.613   -9.613   -7.375   -7.375   -6.953   -6.953    3.801    3.801
    4.641    4.641    5.114    5.114    5.164    5.164
            0.266000  0.153575  0.000000
  -19.586  -19.586   -9.587   -9.587   -7.389   -7.389   -6.944   -6.944    3.784    3.784
    4.631    4.631    5.134    5.134    5.147    5.147
            0.265000  0.152998  0.000000
  -19.599  -19.599   -9.560   -9.560   -7.403   -7.403   -6.934   -6.934    3.767    3.767
    4.620    4.620    5.130    5.130    5.156    5.156
            0.264000  0.152420  0.000000
  -19.611  -19.611   -9.534   -9.534   -7.417   -7.417   -6.925   -6.925    3.750    3.750
    4.608    4.608    5.113    5.113    5.178    5.178
            0.263000  0.151843  0.000000
  -19.623  -19.623   -9.507   -9.507   -7.431   -7.431   -6.915   -6.915    3.733    3.733
    4.595    4.595    5.096    5.096    5.201    5.201
            0.262000  0.151266  0.000000
  -19.635  -19.635   -9.481   -9.481   -7.445   -7.445   -6.905   -6.905    3.716    3.716
    4.582    4.582    5.079    5.079    5.224    5.224
            0.261000  0.150688  0.000000
  -19.647  -19.647   -9.454   -9.454   -7.459   -7.459   -6.895   -6.895    3.700    3.700
    4.569    4.569    5.062    5.062    5.248    5.248
            0.260000  0.150111  0.000000
  -19.659  -19.659   -9.428   -9.428   -7.473   -7.473   -6.886   -6.886    3.683    3.683
    4.555    4.555    5.045    5.045    5.272    5.272
            0.259000  0.149534  0.000000
  -19.671  -19.671   -9.401   -9.401   -7.487   -7.487   -6.876   -6.876    3.666    3.666
    4.541    4.541    5.028    5.028    5.297    5.297
            0.258000  0.148956  0.000000
  -19.683  -19.683   -9.375   -9.375   -7.501   -7.501   -6.866   -6.866    3.650    3.650
    4.527    4.527    5.011    5.011    5.322    5.322
            0.257000  0.148379  0.000000
  -19.695  -19.695   -9.349   -9.349   -7.515   -7.515   -6.856   -6.856    3.633    3.633
    4.512    4.512    4.994    4.994    5.347    5.347
            0.256000  0.147802  0.000000
  -19.707  -19.707   -9.322   -9.322   -7.528   -7.528   -6.847   -6.847    3.617    3.617
    4.498    4.498    4.978    4.978    5.372    5.372
            0.255000  0.147224  0.000000
  -19.719  -19.719   -9.296   -9.296   -7.542   -7.542   -6.837   -6.837    3.601    3.601
    4.483    4.483    4.961    4.961    5.397    5.397
            0.254000  0.146647  0.000000
  -19.731  -19.731   -9.269   -9.269   -7.556   -7.556   -6.827   -6.827    3.585    3.585
    4.468    4.468    4.944    4.944    5.422    5.422
            0.253000  0.146070  0.000000
  -19.742  -19.742   -9.243   -9.243   -7.569   -7.569   -6.817   -6.817    3.568    3.568
    4.453    4.453    4.928    4.928    5.448    5.448
            0.252000  0.145492  0.000000
  -19.754  -19.754   -9.217   -9.217   -7.583   -7.583   -6.807   -6.807    3.552    3.552
    4.438    4.438    4.911    4.911    5.473    5.473
            0.251000  0.144915  0.000000
  -19.766  -19.766   -9.190   -9.190   -7.596   -7.596   -6.797   -6.797    3.536    3.536
    4.423    4.423    4.895    4.895    5.499    5.499
            0.250000  0.144338  0.000000
  -19.777  -19.777   -9.164   -9.164   -7.610   -7.610   -6.787   -6.787    3.520    3.520
    4.408    4.408    4.879    4.879    5.525    5.525
            0.249000  0.143760  0.000000
  -19.789  -19.789   -9.138   -9.138   -7.623   -7.623   -6.777   -6.777    3.504    3.504
    4.393    4.393    4.863    4.863    5.550    5.550
            0.248000  0.143183  0.000000
  -19.801  -19.801   -9.111   -9.111   -7.637   -7.637   -6.767   -6.767    3.488    3.488
    4.378    4.378    4.846    4.846    5.576    5.576
            0.247000  0.142606  0.000000
  -19.812  -19.812   -9.085   -9.085   -7.650   -7.650   -6.757   -6.757    3.472    3.472
    4.363    4.363    4.830    4.830    5.602    5.602
            0.246000  0.142028  0.000000
  -19.823  -19.823   -9.059   -9.059   -7.663   -7.663   -6.747   -6.747    3.457    3.457
    4.348    4.348    4.814    4.814    5.627    5.627
            0.245000  0.141451  0.000000
  -19.835  -19.835   -9.033   -9.033   -7.677   -7.677   -6.737   -6.737    3.441    3.441
    4.333    4.333    4.798    4.798    5.653    5.653
            0.244000  0.140873  0.000000
  -19.846  -19.846   -9.006   -9.006   -7.690   -7.690   -6.727   -6.727    3.425    3.425
    4.318    4.318    4.782    4.782    5.679    5.679
            0.243000  0.140296  0.000000
  -19.858  -19.858   -8.980   -8.980   -7.703   -7.703   -6.717   -6.717    3.410    3.410
    4.303    4.303    4.766    4.766    5.704    5.704
            0.242000  0.139719  0.000000
  -19.869  -19.869   -8.954   -8.954   -7.716   -7.716   -6.706   -6.706    3.394    3.394
    4.288    4.288    4.751    4.751    5.730    5.730
            0.241000  0.139141  0.000000
  -19.880  -19.880   -8.928   -8.928   -7.729   -7.729   -6.696   -6.696    3.379    3.379
    4.273    4.273    4.735    4.735    5.755    5.755
            0.240000  0.138564  0.000000
  -19.891  -19.891   -8.902   -8.902   -7.742   -7.742   -6.686   -6.686    3.363    3.363
    4.258    4.258    4.719    4.719    5.781    5.781
            0.239000  0.137987  0.000000
  -19.902  -19.902   -8.876   -8.876   -7.755   -7.755   -6.676   -6.676    3.348    3.348
    4.243    4.243    4.704    4.704    5.806    5.806
            0.238000  0.137409  0.000000
  -19.913  -19.913   -8.849   -8.849   -7.768   -7.768   -6.666   -6.666    3.333    3.333
    4.228    4.228    4.688    4.688    5.831    5.831
            0.237000  0.136832  0.000000
  -19.924  -19.924   -8.823   -8.823   -7.781   -7.781   -6.655   -6.655    3.318    3.318
    4.214    4.214    4.673    4.673    5.856    5.856
            0.236000  0.136255  0.000000
  -19.935  -19.935   -8.797   -8.797   -7.794   -7.794   -6.645   -6.645    3.303    3.303
    4.199    4.199    4.657    4.657    5.881    5.881
            0.235000  0.135677  0.000000
  -19.946  -19.946   -8.771   -8.771   -7.806   -7.806   -6.635   -6.635    3.288    3.288
    4.184    4.184    4.642    4.642    5.906    5.906
            0.234000  0.135100  0.000000
  -19.957  -19.957   -8.745   -8.745   -7.819   -7.819   -6.624   -6.624    3.273    3.273
    4.169    4.169    4.627    4.627    5.931    5.931
            0.233000  0.134523  0.000000
  -19.968  -19.968   -8.719   -8.719   -7.832   -7.832   -6.614   -6.614    3.258    3.258
    4.155    4.155    4.611    4.611    5.955    5.955
            0.232000  0.133945  0.000000
  -19.979  -19.979   -8.693   -8.693   -7.844   -7.844   -6.604   -6.604    3.243    3.243
    4.140    4.140    4.596    4.596    5.979    5.979
            0.231000  0.133368  0.000000
  -19.990  -19.990   -8.667   -8.667   -7.857   -7.857   -6.593   -6.593    3.228    3.228
    4.126    4.126    4.581    4.581    6.003    6.003
            0.230000  0.132791  0.000000
  -20.000  -20.000   -8.641   -8.641   -7.869   -7.869   -6.583   -6.583    3.213    3.213
    4.111    4.111    4.566    4.566    6.026    6.026
            0.229000  0.132213  0.000000
  -20.011  -20.011   -8.615   -8.615   -7.882   -7.882   -6.573   -6.573    3.198    3.198
    4.096    4.096    4.551    4.551    6.049    6.049
            0.228000  0.131636  0.000000
  -20.022  -20.022   -8.589   -8.589   -7.894   -7.894   -6.562   -6.562    3.184    3.184
    4.082    4.082    4.536    4.536    6.071    6.071
            0.227000  0.131059  0.000000
  -20.032  -20.032   -8.563   -8.563   -7.907   -7.907   -6.552   -6.552    3.169    3.169
    4.068    4.068    4.521    4.521    6.092    6.092
            0.226000  0.130481  0.000000
  -20.043  -20.043   -8.537   -8.537   -7.919   -7.919   -6.541   -6.541    3.155    3.155
    4.053    4.053    4.507    4.507    6.112    6.112
            0.225000  0.129904  0.000000
  -20.053  -20.053   -8.512   -8.512   -7.931   -7.931   -6.531   -6.531    3.140    3.140
    4.039    4.039    4.492    4.492    6.131    6.131
            0.224000  0.129326  0.000000
  -20.064  -20.064   -8.486   -8.486   -7.943   -7.943   -6.520   -6.520    3.126    3.126
    4.025    4.025    4.477    4.477    6.148    6.148
            0.223000  0.128749  0.000000
  -20.074  -20.074   -8.460   -8.460   -7.956   -7.956   -6.510   -6.510    3.112    3.112
    4.011    4.011    4.463    4.463    6.162    6.162
            0.222000  0.128172  0.000000
  -20.085  -20.085   -8.434   -8.434   -7.968   -7.968   -6.499   -6.499    3.097    3.097
    3.997    3.997    4.448    4.448    6.174    6.174
            0.221000  0.127594  0.000000
  -20.095  -20.095   -8.408   -8.408   -7.980   -7.980   -6.489   -6.489    3.083    3.083
    3.982    3.982    4.434    4.434    6.183    6.183
            0.220000  0.127017  0.000000
  -20.105  -20.105   -8.383   -8.383   -7.992   -7.992   -6.478   -6.478    3.069    3.069
    3.968    3.968    4.419    4.419    6.189    6.189
            0.219000  0.126440  0.000000
  -20.115  -20.115   -8.357   -8.357   -8.004   -8.004   -6.468   -6.468    3.055    3.055
    3.955    3.955    4.405    4.405    6.191    6.191
            0.218000  0.125862  0.000000
  -20.126  -20.126   -8.331   -8.331   -8.016   -8.016   -6.457   -6.457    3.041    3.041
    3.941    3.941    4.391    4.391    6.190    6.190
            0.217000  0.125285  0.000000
  -20.136  -20.136   -8.306   -8.306   -8.027   -8.027   -6.447   -6.447    3.027    3.027
    3.927    3.927    4.377    4.377    6.187    6.187
            0.216000  0.124708  0.000000
  -20.146  -20.146   -8.280   -8.280   -8.039   -8.039   -6.436   -6.436    3.013    3.013
    3.913    3.913    4.363    4.363    6.182    6.182
            0.215000  0.124130  0.000000
  -20.156  -20.156   -8.254   -8.254   -8.051   -8.051   -6.426   -6.426    3.000    3.000
    3.899    3.899    4.349    4.349    6.175    6.175
            0.214000  0.123553  0.000000
  -20.166  -20.166   -8.229   -8.229   -8.063   -8.063   -6.415   -6.415    2.986    2.986
    3.886    3.886    4.335    4.335    6.167    6.167
            0.213000  0.122976  0.000000
  -20.176  -20.176   -8.203   -8.203   -8.074   -8.074   -6.404   -6.404    2.972    2.972
    3.872    3.872    4.321    4.321    6.158    6.158
            0.212000  0.122398  0.000000
  -20.186  -20.186   -8.178   -8.178   -8.086   -8.086   -6.394   -6.394    2.959    2.959
    3.858    3.858    4.307    4.307    6.148    6.148
            0.211000  0.121821  0.000000
  -20.196  -20.196   -8.152   -8.152   -8.098   -8.098   -6.383   -6.383    2.945    2.945
    3.845    3.845    4.293    4.293    6.138    6.138
            0.210000  0.121244  0.000000
  -20.205  -20.205   -8.127   -8.127   -8.109   -8.109   -6.373   -6.373    2.931    2.931
    3.832    3.832    4.279    4.279    6.127    6.127
            0.209000  0.120666  0.000000
  -20.215  -20.215   -8.121   -8.121   -8.102   -8.102   -6.362   -6.362    2.918    2.918
    3.818    3.818    4.266    4.266    6.116    6.116
            0.208000  0.120089  0.000000
  -20.225  -20.225   -8.132   -8.132   -8.076   -8.076   -6.351   -6.351    2.905    2.905
    3.805    3.805    4.252    4.252    6.104    6.104
            0.207000  0.119512  0.000000
  -20.235  -20.235   -8.143   -8.143   -8.051   -8.051   -6.341   -6.341    2.891    2.891
    3.792    3.792    4.239    4.239    6.093    6.093
            0.206000  0.118934  0.000000
  -20.244  -20.244   -8.155   -8.155   -8.026   -8.026   -6.330   -6.330    2.878    2.878
    3.778    3.778    4.225    4.225    6.081    6.081
            0.205000  0.118357  0.000000
  -20.254  -20.254   -8.166   -8.166   -8.000   -8.000   -6.319   -6.319    2.865    2.865
    3.765    3.765    4.212    4.212    6.069    6.069
            0.204000  0.117779  0.000000
  -20.263  -20.263   -8.177   -8.177   -7.975   -7.975   -6.308   -6.308    2.852    2.852
    3.752    3.752    4.198    4.198    6.058    6.058
            0.203000  0.117202  0.000000
  -20.273  -20.273   -8.188   -8.188   -7.950   -7.950   -6.298   -6.298    2.839    2.839
    3.739    3.739    4.185    4.185    6.046    6.046
            0.202000  0.116625  0.000000
  -20.282  -20.282   -8.199   -8.199   -7.925   -7.925   -6.287   -6.287    2.826    2.826
    3.726    3.726    4.172    4.172    6.034    6.034
            0.201000  0.116047  0.000000
  -20.292  -20.292   -8.211   -8.211   -7.900   -7.900   -6.276   -6.276    2.813    2.813
    3.713    3.713    4.159    4.159    6.022    6.022
            0.200000  0.115470  0.000000
  -20.301  -20.301   -8.222   -8.222   -7.875   -7.875   -6.266   -6.266    2.800    2.800
    3.700    3.700    4.146    4.146    6.010    6.010
            0.199000  0.114893  0.000000
  -20.310  -20.310   -8.233   -8.233   -7.850   -7.850   -6.255   -6.255    2.787    2.787
    3.688    3.688    4.133    4.133    5.997    5.997
            0.198000  0.114315  0.000000
  -20.320  -20.320   -8.243   -8.243   -7.825   -7.825   -6.244   -6.244    2.775    2.775
    3.675    3.675    4.120    4.120    5.985    5.985
            0.197000  0.113738  0.000000
  -20.329  -20.329   -8.254   -8.254   -7.800   -7.800   -6.233   -6.233    2.762    2.762
    3.662    3.662    4.107    4.107    5.973    5.973
            0.196000  0.113161  0.000000
  -20.338  -20.338   -8.265   -8.265   -7.775   -7.775   -6.223   -6.223    2.749    2.749
    3.650    3.650    4.094    4.094    5.961    5.961
            0.195000  0.112583  0.000000
  -20.347  -20.347   -8.276   -8.276   -7.750   -7.750   -6.212   -6.212    2.737    2.737
    3.637    3.637    4.081    4.081    5.949    5.949
            0.194000  0.112006  0.000000
  -20.356  -20.356   -8.287   -8.287   -7.725   -7.725   -6.201   -6.201    2.724    2.724
    3.625    3.625    4.069    4.069    5.937    5.937
            0.193000  0.111429  0.000000
  -20.365  -20.365   -8.297   -8.297   -7.701   -7.701   -6.190   -6.190    2.712    2.712
    3.612    3.612    4.056    4.056    5.925    5.925
            0.192000  0.110851  0.000000
  -20.374  -20.374   -8.308   -8.308   -7.676   -7.676   -6.180   -6.180    2.700    2.700
    3.600    3.600    4.043    4.043    5.914    5.914
            0.191000  0.110274  0.000000
  -20.383  -20.383   -8.318   -8.318   -7.651   -7.651   -6.169   -6.169    2.687    2.687
    3.588    3.588    4.031    4.031    5.902    5.902
            0.190000  0.109697  0.000000
  -20.392  -20.392   -8.329   -8.329   -7.627   -7.627   -6.158   -6.158    2.675    2.675
    3.575    3.575    4.018    4.018    5.890    5.890
            0.189000  0.109119  0.000000
  -20.401  -20.401   -8.339   -8.339   -7.602   -7.602   -6.147   -6.147    2.663    2.663
    3.563    3.563    4.006    4.006    5.878    5.878
            0.188000  0.108542  0.000000
  -20.410  -20.410   -8.350   -8.350   -7.577   -7.577   -6.137   -6.137    2.651    2.651
    3.551    3.551    3.994    3.994    5.866    5.866
            0.187000  0.107965  0.000000
  -20.419  -20.419   -8.360   -8.360   -7.553   -7.553   -6.126   -6.126    2.639    2.639
    3.539    3.539    3.982    3.982    5.855    5.855
            0.186000  0.107387  0.000000
  -20.427  -20.427   -8.370   -8.370   -7.528   -7.528   -6.115   -6.115    2.627    2.627
    3.527    3.527    3.969    3.969    5.843    5.843
            0.185000  0.106810  0.000000
  -20.436  -20.436   -8.381   -8.381   -7.504   -7.504   -6.104   -6.104    2.615    2.615
    3.515    3.515    3.957    3.957    5.831    5.831
            0.184000  0.106232  0.000000
  -20.445  -20.445   -8.391   -8.391   -7.480   -7.480   -6.094   -6.094    2.603    2.603
    3.503    3.503    3.945    3.945    5.820    5.820
            0.183000  0.105655  0.000000
  -20.453  -20.453   -8.401   -8.401   -7.455   -7.455   -6.083   -6.083    2.592    2.592
    3.492    3.492    3.933    3.933    5.808    5.808
            0.182000  0.105078  0.000000
  -20.462  -20.462   -8.411   -8.411   -7.431   -7.431   -6.072   -6.072    2.580    2.580
    3.480    3.480    3.921    3.921    5.797    5.797
            0.181000  0.104500  0.000000
  -20.470  -20.470   -8.421   -8.421   -7.407   -7.407   -6.061   -6.061    2.568    2.568
    3.468    3.468    3.909    3.909    5.785    5.785
            0.180000  0.103923  0.000000
  -20.479  -20.479   -8.431   -8.431   -7.383   -7.383   -6.051   -6.051    2.557    2.557
    3.457    3.457    3.898    3.898    5.774    5.774
            0.179000  0.103346  0.000000
  -20.487  -20.487   -8.441   -8.441   -7.359   -7.359   -6.040   -6.040    2.545    2.545
    3.445    3.445    3.886    3.886    5.763    5.763
            0.178000  0.102768  0.000000
  -20.495  -20.495   -8.451   -8.451   -7.335   -7.335   -6.029   -6.029    2.534    2.534
    3.434    3.434    3.874    3.874    5.751    5.751
            0.177000  0.102191  0.000000
  -20.504  -20.504   -8.461   -8.461   -7.311   -7.311   -6.019   -6.019    2.522    2.522
    3.422    3.422    3.863    3.863    5.740    5.740
            0.176000  0.101614  0.000000
  -20.512  -20.512   -8.470   -8.470   -7.287   -7.287   -6.008   -6.008    2.511    2.511
    3.411    3.411    3.851    3.851    5.729    5.729
            0.175000  0.101036  0.000000
  -20.520  -20.520   -8.480   -8.480   -7.263   -7.263   -5.997   -5.997    2.500    2.500
    3.400    3.400    3.840    3.840    5.718    5.718
            0.174000  0.100459  0.000000
  -20.528  -20.528   -8.490   -8.490   -7.239   -7.239   -5.986   -5.986    2.489    2.489
    3.388    3.388    3.828    3.828    5.707    5.707
            0.173000  0.099882  0.000000
  -20.537  -20.537   -8.499   -8.499   -7.216   -7.216   -5.976   -5.976    2.477    2.477
    3.377    3.377    3.817    3.817    5.696    5.696
            0.172000  0.099304  0.000000
  -20.545  -20.545   -8.509   -8.509   -7.192   -7.192   -5.965   -5.965    2.466    2.466
    3.366    3.366    3.806    3.806    5.685    5.685
            0.171000  0.098727  0.000000
  -20.553  -20.553   -8.518   -8.518   -7.168   -7.168   -5.954   -5.954    2.455    2.455
    3.355    3.355    3.795    3.795    5.674    5.674
            0.170000  0.098150  0.000000
  -20.561  -20.561   -8.528   -8.528   -7.145   -7.145   -5.944   -5.944    2.444    2.444
    3.344    3.344    3.784    3.784    5.663    5.663
            0.169000  0.097572  0.000000
  -20.569  -20.569   -8.537   -8.537   -7.121   -7.121   -5.933   -5.933    2.434    2.434
    3.333    3.333    3.772    3.772    5.652    5.652
            0.168000  0.096995  0.000000
  -20.576  -20.576   -8.546   -8.546   -7.098   -7.098   -5.922   -5.922    2.423    2.423
    3.322    3.322    3.761    3.761    5.642    5.642
            0.167000  0.096417  0.000000
  -20.584  -20.584   -8.556   -8.556   -7.074   -7.074   -5.912   -5.912    2.412    2.412
    3.312    3.312    3.751    3.751    5.631    5.631
            0.166000  0.095840  0.000000
  -20.592  -20.592   -8.565   -8.565   -7.051   -7.051   -5.901   -5.901    2.401    2.401
    3.301    3.301    3.740    3.740    5.621    5.621
            0.165000  0.095263  0.000000
  -20.600  -20.600   -8.574   -8.574   -7.028   -7.028   -5.890   -5.890    2.391    2.391
    3.290    3.290    3.729    3.729    5.610    5.610
            0.164000  0.094685  0.000000
  -20.608  -20.608   -8.583   -8.583   -7.005   -7.005   -5.880   -5.880    2.380    2.380
    3.280    3.280    3.718    3.718    5.600    5.600
            0.163000  0.094108  0.000000
  -20.615  -20.615   -8.592   -8.592   -6.981   -6.981   -5.869   -5.869    2.370    2.370
    3.269    3.269    3.707    3.707    5.589    5.589
            0.162000  0.093531  0.000000
  -20.623  -20.623   -8.601   -8.601   -6.958   -6.958   -5.858   -5.858    2.359    2.359
    3.259    3.259    3.697    3.697    5.579    5.579
            0.161000  0.092953  0.000000
  -20.630  -20.630   -8.610   -8.610   -6.935   -6.935   -5.848   -5.848    2.349    2.349
    3.248    3.248    3.686    3.686    5.569    5.569
            0.160000  0.092376  0.000000
  -20.638  -20.638   -8.619   -8.619   -6.912   -6.912   -5.837   -5.837    2.339    2.339
    3.238    3.238    3.676    3.676    5.558    5.558
            0.159000  0.091799  0.000000
  -20.645  -20.645   -8.628   -8.628   -6.890   -6.890   -5.827   -5.827    2.328    2.328
    3.228    3.228    3.665    3.665    5.548    5.548
            0.158000  0.091221  0.000000
  -20.653  -20.653   -8.637   -8.637   -6.867   -6.867   -5.816   -5.816    2.318    2.318
    3.217    3.217    3.655    3.655    5.538    5.538
            0.157000  0.090644  0.000000
  -20.660  -20.660   -8.646   -8.646   -6.844   -6.844   -5.806   -5.806    2.308    2.308
    3.207    3.207    3.645    3.645    5.528    5.528
            0.156000  0.090067  0.000000
  -20.668  -20.668   -8.654   -8.654   -6.821   -6.821   -5.795   -5.795    2.298    2.298
    3.197    3.197    3.635    3.635    5.518    5.518
            0.155000  0.089489  0.000000
  -20.675  -20.675   -8.663   -8.663   -6.799   -6.799   -5.785   -5.785    2.288    2.288
    3.187    3.187    3.624    3.624    5.508    5.508
            0.154000  0.088912  0.000000
  -20.682  -20.682   -8.672   -8.672   -6.776   -6.776   -5.774   -5.774    2.278    2.278
    3.177    3.177    3.614    3.614    5.498    5.498
            0.153000  0.088335  0.000000
  -20.689  -20.689   -8.680   -8.680   -6.754   -6.754   -5.764   -5.764    2.268    2.268
    3.167    3.167    3.604    3.604    5.489    5.489
            0.152000  0.087757  0.000000
  -20.697  -20.697   -8.689   -8.689   -6.732   -6.732   -5.753   -5.753    2.259    2.259
    3.157    3.157    3.594    3.594    5.479    5.479
            0.151000  0.087180  0.000000
  -20.704  -20.704   -8.697   -8.697   -6.709   -6.709   -5.743   -5.743    2.249    2.249
    3.148    3.148    3.584    3.584    5.469    5.469
            0.150000  0.086603  0.000000
  -20.711  -20.711   -8.706   -8.706   -6.687   -6.687   -5.732   -5.732    2.239    2.239
    3.138    3.138    3.575    3.575    5.460    5.460
            0.149000  0.086025  0.000000
  -20.718  -20.718   -8.714   -8.714   -6.665   -6.665   -5.722   -5.722    2.230    2.230
    3.128    3.128    3.565    3.565    5.450    5.450
            0.148000  0.085448  0.000000
  -20.725  -20.725   -8.722   -8.722   -6.643   -6.643   -5.712   -5.712    2.220    2.220
    3.119    3.119    3.555    3.555    5.441    5.441
            0.147000  0.084870  0.000000
  -20.732  -20.732   -8.730   -8.730   -6.621   -6.621   -5.701   -5.701    2.211    2.211
    3.109    3.109    3.546    3.546    5.431    5.431
            0.146000  0.084293  0.000000
  -20.738  -20.738   -8.738   -8.738   -6.599   -6.599   -5.691   -5.691    2.201    2.201
    3.100    3.100    3.536    3.536    5.422    5.422
            0.145000  0.083716  0.000000
  -20.745  -20.745   -8.747   -8.747   -6.577   -6.577   -5.681   -5.681    2.192    2.192
    3.090    3.090    3.527    3.527    5.413    5.413
            0.144000  0.083138  0.000000
  -20.752  -20.752   -8.755   -8.755   -6.556   -6.556   -5.670   -5.670    2.183    2.183
    3.081    3.081    3.517    3.517    5.403    5.403
            0.143000  0.082561  0.000000
  -20.759  -20.759   -8.763   -8.763   -6.534   -6.534   -5.660   -5.660    2.173    2.173
    3.072    3.072    3.508    3.508    5.394    5.394
            0.142000  0.081984  0.000000
  -20.766  -20.766   -8.771   -8.771   -6.512   -6.512   -5.650   -5.650    2.164    2.164
    3.063    3.063    3.498    3.498    5.385    5.385
            0.141000  0.081406  0.000000
  -20.772  -20.772   -8.778   -8.778   -6.491   -6.491   -5.640   -5.640    2.155    2.155
    3.053    3.053    3.489    3.489    5.376    5.376
            0.140000  0.080829  0.000000
  -20.779  -20.779   -8.786   -8.786   -6.470   -6.470   -5.630   -5.630    2.146    2.146
    3.044    3.044    3.480    3.480    5.367    5.367
            0.139000  0.080252  0.000000
  -20.785  -20.785   -8.794   -8.794   -6.448   -6.448   -5.619   -5.619    2.137    2.137
    3.035    3.035    3.471    3.471    5.358    5.358
            0.138000  0.079674  0.000000
  -20.792  -20.792   -8.802   -8.802   -6.427   -6.427   -5.609   -5.609    2.128    2.128
    3.026    3.026    3.462    3.462    5.349    5.349
            0.137000  0.079097  0.000000
  -20.798  -20.798   -8.809   -8.809   -6.406   -6.406   -5.599   -5.599    2.120    2.120
    3.018    3.018    3.453    3.453    5.341    5.341
            0.136000  0.078520  0.000000
  -20.805  -20.805   -8.817   -8.817   -6.385   -6.385   -5.589   -5.589    2.111    2.111
    3.009    3.009    3.444    3.444    5.332    5.332
            0.135000  0.077942  0.000000
  -20.811  -20.811   -8.825   -8.825   -6.364   -6.364   -5.579   -5.579    2.102    2.102
    3.000    3.000    3.435    3.435    5.323    5.323
            0.134000  0.077365  0.000000
  -20.817  -20.817   -8.832   -8.832   -6.343   -6.343   -5.569   -5.569    2.093    2.093
    2.991    2.991    3.426    3.426    5.315    5.315
            0.133000  0.076788  0.000000
  -20.824  -20.824   -8.840   -8.840   -6.322   -6.322   -5.559   -5.559    2.085    2.085
    2.983    2.983    3.418    3.418    5.306    5.306
            0.132000  0.076210  0.000000
  -20.830  -20.830   -8.847   -8.847   -6.302   -6.302   -5.549   -5.549    2.076    2.076
    2.974    2.974    3.409    3.409    5.298    5.298
            0.131000  0.075633  0.000000
  -20.836  -20.836   -8.854   -8.854   -6.281   -6.281   -5.539   -5.539    2.068    2.068
    2.966    2.966    3.400    3.400    5.289    5.289
            0.130000  0.075056  0.000000
  -20.842  -20.842   -8.862   -8.862   -6.261   -6.261   -5.529   -5.529    2.060    2.060
    2.957    2.957    3.392    3.392    5.281    5.281
            0.129000  0.074478  0.000000
  -20.848  -20.848   -8.869   -8.869   -6.240   -6.240   -5.519   -5.519    2.051    2.051
    2.949    2.949    3.383    3.383    5.272    5.272
            0.128000  0.073901  0.000000
  -20.854  -20.854   -8.876   -8.876   -6.220   -6.220   -5.510   -5.510    2.043    2.043
    2.941    2.941    3.375    3.375    5.264    5.264
            0.127000  0.073323  0.000000
  -20.860  -20.860   -8.883   -8.883   -6.200   -6.200   -5.500   -5.500    2.035    2.035
    2.932    2.932    3.367    3.367    5.256    5.256
            0.126000  0.072746  0.000000
  -20.866  -20.866   -8.890   -8.890   -6.180   -6.180   -5.490   -5.490    2.027    2.027
    2.924    2.924    3.358    3.358    5.248    5.248
            0.125000  0.072169  0.000000
  -20.872  -20.872   -8.897   -8.897   -6.160   -6.160   -5.480   -5.480    2.019    2.019
    2.916    2.916    3.350    3.350    5.240    5.240
            0.124000  0.071591  0.000000
  -20.878  -20.878   -8.904   -8.904   -6.140   -6.140   -5.471   -5.471    2.011    2.011
    2.908    2.908    3.342    3.342    5.232    5.232
            0.123000  0.071014  0.000000
  -20.884  -20.884   -8.911   -8.911   -6.120   -6.120   -5.461   -5.461    2.003    2.003
    2.900    2.900    3.334    3.334    5.224    5.224
            0.122000  0.070437  0.000000
  -20.890  -20.890   -8.918   -8.918   -6.100   -6.100   -5.451   -5.451    1.995    1.995
    2.892    2.892    3.326    3.326    5.216    5.216
            0.121000  0.069859  0.000000
  -20.895  -20.895   -8.925   -8.925   -6.081   -6.081   -5.442   -5.442    1.987    1.987
    2.884    2.884    3.318    3.318    5.208    5.208
            0.120000  0.069282  0.000000
  -20.901  -20.901   -8.932   -8.932   -6.061   -6.061   -5.432   -5.432    1.979    1.979
    2.877    2.877    3.310    3.310    5.201    5.201
            0.119000  0.068705  0.000000
  -20.907  -20.907   -8.938   -8.938   -6.042   -6.042   -5.423   -5.423    1.972    1.972
    2.869    2.869    3.303    3.303    5.193    5.193
            0.118000  0.068127  0.000000
  -20.912  -20.912   -8.945   -8.945   -6.023   -6.023   -5.413   -5.413    1.964    1.964
    2.861    2.861    3.295    3.295    5.186    5.186
            0.117000  0.067550  0.000000
  -20.918  -20.918   -8.952   -8.952   -6.004   -6.004   -5.404   -5.404    1.957    1.957
    2.854    2.854    3.287    3.287    5.178    5.178
            0.116000  0.066973  0.000000
  -20.923  -20.923   -8.958   -8.958   -5.985   -5.985   -5.395   -5.395    1.949    1.949
    2.846    2.846    3.280    3.280    5.171    5.171
            0.115000  0.066395  0.000000
  -20.929  -20.929   -8.965   -8.965   -5.966   -5.966   -5.385   -5.385    1.942    1.942
    2.839    2.839    3.272    3.272    5.163    5.163
            0.114000  0.065818  0.000000
  -20.934  -20.934   -8.971   -8.971   -5.947   -5.947   -5.376   -5.376    1.934    1.934
    2.831    2.831    3.265    3.265    5.156    5.156
            0.113000  0.065241  0.000000
  -20.939  -20.939   -8.977   -8.977   -5.928   -5.928   -5.367   -5.367    1.927    1.927
    2.824    2.824    3.257    3.257    5.149    5.149
            0.112000  0.064663  0.000000
  -20.945  -20.945   -8.984   -8.984   -5.910   -5.910   -5.358   -5.358    1.920    1.920
    2.817    2.817    3.250    3.250    5.141    5.141
            0.111000  0.064086  0.000000
  -20.950  -20.950   -8.990   -8.990   -5.891   -5.891   -5.348   -5.348    1.913    1.913
    2.809    2.809    3.242    3.242    5.134    5.134
            0.110000  0.063509  0.000000
  -20.955  -20.955   -8.996   -8.996   -5.873   -5.873   -5.339   -5.339    1.906    1.906
    2.802    2.802    3.235    3.235    5.127    5.127
            0.109000  0.062931  0.000000
  -20.960  -20.960   -9.002   -9.002   -5.854   -5.854   -5.330   -5.330    1.899    1.899
    2.795    2.795    3.228    3.228    5.120    5.120
            0.108000  0.062354  0.000000
  -20.965  -20.965   -9.008   -9.008   -5.836   -5.836   -5.321   -5.321    1.892    1.892
    2.788    2.788    3.221    3.221    5.113    5.113
            0.107000  0.061776  0.000000
  -20.970  -20.970   -9.014   -9.014   -5.818   -5.818   -5.312   -5.312    1.885    1.885
    2.781    2.781    3.214    3.214    5.106    5.106
            0.106000  0.061199  0.000000
  -20.975  -20.975   -9.020   -9.020   -5.800   -5.800   -5.303   -5.303    1.878    1.878
    2.774    2.774    3.207    3.207    5.099    5.099
            0.105000  0.060622  0.000000
  -20.980  -20.980   -9.026   -9.026   -5.783   -5.783   -5.295   -5.295    1.871    1.871
    2.768    2.768    3.200    3.200    5.093    5.093
            0.104000  0.060044  0.000000
  -20.985  -20.985   -9.032   -9.032   -5.765   -5.765   -5.286   -5.286    1.864    1.864
    2.761    2.761    3.193    3.193    5.086    5.086
            0.103000  0.059467  0.000000
  -20.990  -20.990   -9.038   -9.038   -5.747   -5.747   -5.277   -5.277    1.858    1.858
    2.754    2.754    3.187    3.187    5.079    5.079
            0.102000  0.058890  0.000000
  -20.995  -20.995   -9.044   -9.044   -5.730   -5.730   -5.268   -5.268    1.851    1.851
    2.747    2.747    3.180    3.180    5.073    5.073
            0.101000  0.058312  0.000000
  -21.000  -21.000   -9.049   -9.049   -5.713   -5.713   -5.260   -5.260    1.845    1.845
    2.741    2.741    3.173    3.173    5.066    5.066
            0.100000  0.057735  0.000000
  -21.005  -21.005   -9.055   -9.055   -5.696   -5.696   -5.251   -5.251    1.838    1.838
    2.734    2.734    3.167    3.167    5.060    5.060
            0.099000  0.057158  0.000000
  -21.009  -21.009   -9.061   -9.061   -5.679   -5.679   -5.243   -5.243    1.832    1.832
    2.728    2.728    3.160    3.160    5.053    5.053
            0.098000  0.056580  0.000000
  -21.014  -21.014   -9.066   -9.066   -5.662   -5.662   -5.234   -5.234    1.826    1.826
    2.722    2.722    3.154    3.154    5.047    5.047
            0.097000  0.056003  0.000000
  -21.018  -21.018   -9.072   -9.072   -5.645   -5.645   -5.226   -5.226    1.819    1.819
    2.715    2.715    3.147    3.147    5.041    5.041
            0.096000  0.055426  0.000000
  -21.023  -21.023   -9.077   -9.077   -5.628   -5.628   -5.217   -5.217    1.813    1.813
    2.709    2.709    3.141    3.141    5.035    5.035
            0.095000  0.054848  0.000000
  -21.027  -21.027   -9.082   -9.082   -5.612   -5.612   -5.209   -5.209    1.807    1.807
    2.703    2.703    3.135    3.135    5.029    5.029
            0.094000  0.054271  0.000000
  -21.032  -21.032   -9.088   -9.088   -5.595   -5.595   -5.201   -5.201    1.801    1.801
    2.697    2.697    3.129    3.129    5.022    5.022
            0.093000  0.053694  0.000000
  -21.036  -21.036   -9.093   -9.093   -5.579   -5.579   -5.192   -5.192    1.795    1.795
    2.691    2.691    3.123    3.123    5.016    5.016
            0.092000  0.053116  0.000000
  -21.041  -21.041   -9.098   -9.098   -5.563   -5.563   -5.184   -5.184    1.789    1.789
    2.685    2.685    3.117    3.117    5.011    5.011
            0.091000  0.052539  0.000000
  -21.045  -21.045   -9.103   -9.103   -5.547   -5.547   -5.176   -5.176    1.783    1.783
    2.679    2.679    3.111    3.111    5.005    5.005
            0.090000  0.051962  0.000000
  -21.049  -21.049   -9.108   -9.108   -5.531   -5.531   -5.168   -5.168    1.777    1.777
    2.673    2.673    3.105    3.105    4.999    4.999
            0.089000  0.051384  0.000000
  -21.053  -21.053   -9.113   -9.113   -5.516   -5.516   -5.160   -5.160    1.772    1.772
    2.667    2.667    3.099    3.099    4.993    4.993
            0.088000  0.050807  0.000000
  -21.058  -21.058   -9.118   -9.118   -5.500   -5.500   -5.152   -5.152    1.766    1.766
    2.662    2.662    3.093    3.093    4.987    4.987
            0.087000  0.050229  0.000000
  -21.062  -21.062   -9.123   -9.123   -5.485   -5.485   -5.145   -5.145    1.760    1.760
    2.656    2.656    3.087    3.087    4.982    4.982
            0.086000  0.049652  0.000000
  -21.066  -21.066   -9.128   -9.128   -5.469   -5.469   -5.137   -5.137    1.755    1.755
    2.650    2.650    3.082    3.082    4.976    4.976
            0.085000  0.049075  0.000000
  -21.070  -21.070   -9.133   -9.133   -5.454   -5.454   -5.129   -5.129    1.749    1.749
    2.645    2.645    3.076    3.076    4.971    4.971
            0.084000  0.048497  0.000000
  -21.074  -21.074   -9.138   -9.138   -5.439   -5.439   -5.121   -5.121    1.744    1.744
    2.639    2.639    3.071    3.071    4.965    4.965
            0.083000  0.047920  0.000000
  -21.078  -21.078   -9.142   -9.142   -5.424   -5.424   -5.114   -5.114    1.738    1.738
    2.634    2.634    3.065    3.065    4.960    4.960
            0.082000  0.047343  0.000000
  -21.082  -21.082   -9.147   -9.147   -5.410   -5.410   -5.106   -5.106    1.733    1.733
    2.629    2.629    3.060    3.060    4.955    4.955
            0.081000  0.046765  0.000000
  -21.086  -21.086   -9.152   -9.152   -5.395   -5.395   -5.099   -5.099    1.728    1.728
    2.623    2.623    3.055    3.055    4.949    4.949
            0.080000  0.046188  0.000000
  -21.089  -21.089   -9.156   -9.156   -5.381   -5.381   -5.092   -5.092    1.723    1.723
    2.618    2.618    3.049    3.049    4.944    4.944
            0.079000  0.045611  0.000000
  -21.093  -21.093   -9.161   -9.161   -5.366   -5.366   -5.084   -5.084    1.718    1.718
    2.613    2.613    3.044    3.044    4.939    4.939
            0.078000  0.045033  0.000000
  -21.097  -21.097   -9.165   -9.165   -5.352   -5.352   -5.077   -5.077    1.713    1.713
    2.608    2.608    3.039    3.039    4.934    4.934
            0.077000  0.044456  0.000000
  -21.100  -21.100   -9.169   -9.169   -5.338   -5.338   -5.070   -5.070    1.708    1.708
    2.603    2.603    3.034    3.034    4.929    4.929
            0.076000  0.043879  0.000000
  -21.104  -21.104   -9.174   -9.174   -5.324   -5.324   -5.063   -5.063    1.703    1.703
    2.598    2.598    3.029    3.029    4.924    4.924
            0.075000  0.043301  0.000000
  -21.108  -21.108   -9.178   -9.178   -5.311   -5.311   -5.056   -5.056    1.698    1.698
    2.593    2.593    3.024    3.024    4.919    4.919
            0.074000  0.042724  0.000000
  -21.111  -21.111   -9.182   -9.182   -5.297   -5.297   -5.049   -5.049    1.693    1.693
    2.588    2.588    3.019    3.019    4.915    4.915
            0.073000  0.042147  0.000000
  -21.115  -21.115   -9.186   -9.186   -5.284   -5.284   -5.042   -5.042    1.688    1.688
    2.583    2.583    3.014    3.014    4.910    4.910
            0.072000  0.041569  0.000000
  -21.118  -21.118   -9.190   -9.190   -5.270   -5.270   -5.035   -5.035    1.684    1.684
    2.579    2.579    3.010    3.010    4.905    4.905
            0.071000  0.040992  0.000000
  -21.121  -21.121   -9.194   -9.194   -5.257   -5.257   -5.028   -5.028    1.679    1.679
    2.574    2.574    3.005    3.005    4.901    4.901
            0.070000  0.040415  0.000000
  -21.125  -21.125   -9.198   -9.198   -5.245   -5.245   -5.022   -5.022    1.675    1.675
    2.570    2.570    3.000    3.000    4.896    4.896
            0.069000  0.039837  0.000000
  -21.128  -21.128   -9.202   -9.202   -5.232   -5.232   -5.015   -5.015    1.670    1.670
    2.565    2.565    2.996    2.996    4.892    4.892
            0.068000  0.039260  0.000000
  -21.131  -21.131   -9.206   -9.206   -5.219   -5.219   -5.009   -5.009    1.666    1.666
    2.561    2.561    2.991    2.991    4.887    4.887
            0.067000  0.038682  0.000000
  -21.134  -21.134   -9.210   -9.210   -5.207   -5.207   -5.002   -5.002    1.661    1.661
    2.556    2.556    2.987    2.987    4.883    4.883
            0.066000  0.038105  0.000000
  -21.137  -21.137   -9.214   -9.214   -5.194   -5.194   -4.996   -4.996    1.657    1.657
    2.552    2.552    2.983    2.983    4.879    4.879
            0.065000  0.037528  0.000000
  -21.141  -21.141   -9.217   -9.217   -5.182   -5.182   -4.990   -4.990    1.653    1.653
    2.548    2.548    2.978    2.978    4.874    4.874
            0.064000  0.036950  0.000000
  -21.144  -21.144   -9.221   -9.221   -5.170   -5.170   -4.983   -4.983    1.649    1.649
    2.544    2.544    2.974    2.974    4.870    4.870
            0.063000  0.036373  0.000000
  -21.147  -21.147   -9.225   -9.225   -5.159   -5.159   -4.977   -4.977    1.645    1.645
    2.539    2.539    2.970    2.970    4.866    4.866
            0.062000  0.035796  0.000000
  -21.150  -21.150   -9.228   -9.228   -5.147   -5.147   -4.971   -4.971    1.641    1.641
    2.535    2.535    2.966    2.966    4.862    4.862
            0.061000  0.035218  0.000000
  -21.152  -21.152   -9.232   -9.232   -5.136   -5.136   -4.965   -4.965    1.637    1.637
    2.531    2.531    2.962    2.962    4.858    4.858
            0.060000  0.034641  0.000000
  -21.155  -21.155   -9.235   -9.235   -5.124   -5.124   -4.960   -4.960    1.633    1.633
    2.528    2.528    2.958    2.958    4.854    4.854
            0.059000  0.034064  0.000000
  -21.158  -21.158   -9.238   -9.238   -5.113   -5.113   -4.954   -4.954    1.629    1.629
    2.524    2.524    2.954    2.954    4.851    4.851
            0.058000  0.033486  0.000000
  -21.161  -21.161   -9.242   -9.242   -5.102   -5.102   -4.948   -4.948    1.625    1.625
    2.520    2.520    2.950    2.950    4.847    4.847
            0.057000  0.032909  0.000000
  -21.164  -21.164   -9.245   -9.245   -5.091   -5.091   -4.942   -4.942    1.622    1.622
    2.516    2.516    2.946    2.946    4.843    4.843
            0.056000  0.032332  0.000000
  -21.166  -21.166   -9.248   -9.248   -5.081   -5.081   -4.937   -4.937    1.618    1.618
    2.513    2.513    2.943    2.943    4.840    4.840
            0.055000  0.031754  0.000000
  -21.169  -21.169   -9.251   -9.251   -5.070   -5.070   -4.931   -4.931    1.614    1.614
    2.509    2.509    2.939    2.939    4.836    4.836
            0.054000  0.031177  0.000000
  -21.171  -21.171   -9.254   -9.254   -5.060   -5.060   -4.926   -4.926    1.611    1.611
    2.505    2.505    2.936    2.936    4.832    4.832
            0.053000  0.030600  0.000000
  -21.174  -21.174   -9.257   -9.257   -5.050   -5.050   -4.921   -4.921    1.607    1.607
    2.502    2.502    2.932    2.932    4.829    4.829
            0.052000  0.030022  0.000000
  -21.176  -21.176   -9.260   -9.260   -5.040   -5.040   -4.916   -4.916    1.604    1.604
    2.499    2.499    2.929    2.929    4.826    4.826
            0.051000  0.029445  0.000000
  -21.179  -21.179   -9.263   -9.263   -5.030   -5.030   -4.911   -4.911    1.601    1.601
    2.495    2.495    2.925    2.925    4.822    4.822
            0.050000  0.028868  0.000000
  -21.181  -21.181   -9.266   -9.266   -5.021   -5.021   -4.906   -4.906    1.598    1.598
    2.492    2.492    2.922    2.922    4.819    4.819
            0.049000  0.028290  0.000000
  -21.184  -21.184   -9.269   -9.269   -5.011   -5.011   -4.901   -4.901    1.594    1.594
    2.489    2.489    2.919    2.919    4.816    4.816
            0.048000  0.027713  0.000000
  -21.186  -21.186   -9.272   -9.272   -5.002   -5.002   -4.896   -4.896    1.591    1.591
    2.486    2.486    2.916    2.916    4.813    4.813
            0.047000  0.027135  0.000000
  -21.188  -21.188   -9.274   -9.274   -4.993   -4.993   -4.891   -4.891    1.588    1.588
    2.483    2.483    2.912    2.912    4.810    4.810
            0.046000  0.026558  0.000000
  -21.190  -21.190   -9.277   -9.277   -4.984   -4.984   -4.886   -4.886    1.585    1.585
    2.480    2.480    2.909    2.909    4.807    4.807
            0.045000  0.025981  0.000000
  -21.192  -21.192   -9.279   -9.279   -4.976   -4.976   -4.882   -4.882    1.582    1.582
    2.477    2.477    2.906    2.906    4.804    4.804
            0.044000  0.025403  0.000000
  -21.195  -21.195   -9.282   -9.282   -4.967   -4.967   -4.877   -4.877    1.579    1.579
    2.474    2.474    2.904    2.904    4.801    4.801
            0.043000  0.024826  0.000000
  -21.197  -21.197   -9.284   -9.284   -4.959   -4.959   -4.873   -4.873    1.577    1.577
    2.471    2.471    2.901    2.901    4.798    4.798
            0.042000  0.024249  0.000000
  -21.199  -21.199   -9.287   -9.287   -4.951   -4.951   -4.869   -4.869    1.574    1.574
    2.468    2.468    2.898    2.898    4.795    4.795
            0.041000  0.023671  0.000000
  -21.201  -21.201   -9.289   -9.289   -4.943   -4.943   -4.865   -4.865    1.571    1.571
    2.465    2.465    2.895    2.895    4.793    4.793
            0.040000  0.023094  0.000000
  -21.202  -21.202   -9.291   -9.291   -4.935   -4.935   -4.860   -4.860    1.569    1.569
    2.463    2.463    2.893    2.893    4.790    4.790
            0.039000  0.022517  0.000000
  -21.204  -21.204   -9.294   -9.294   -4.927   -4.927   -4.856   -4.856    1.566    1.566
    2.460    2.460    2.890    2.890    4.788    4.788
            0.038000  0.021939  0.000000
  -21.206  -21.206   -9.296   -9.296   -4.920   -4.920   -4.852   -4.852    1.564    1.564
    2.458    2.458    2.888    2.888    4.785    4.785
            0.037000  0.021362  0.000000
  -21.208  -21.208   -9.298   -9.298   -4.913   -4.913   -4.849   -4.849    1.561    1.561
    2.455    2.455    2.885    2.885    4.783    4.783
            0.036000  0.020785  0.000000
  -21.210  -21.210   -9.300   -9.300   -4.905   -4.905   -4.845   -4.845    1.559    1.559
    2.453    2.453    2.883    2.883    4.780    4.780
            0.035000  0.020207  0.000000
  -21.211  -21.211   -9.302   -9.302   -4.899   -4.899   -4.841   -4.841    1.557    1.557
    2.451    2.451    2.880    2.880    4.778    4.778
            0.034000  0.019630  0.000000
  -21.213  -21.213   -9.304   -9.304   -4.892   -4.892   -4.838   -4.838    1.554    1.554
    2.448    2.448    2.878    2.878    4.776    4.776
            0.033000  0.019053  0.000000
  -21.215  -21.215   -9.306   -9.306   -4.885   -4.885   -4.834   -4.834    1.552    1.552
    2.446    2.446    2.876    2.876    4.774    4.774
            0.032000  0.018475  0.000000
  -21.216  -21.216   -9.308   -9.308   -4.879   -4.879   -4.831   -4.831    1.550    1.550
    2.444    2.444    2.874    2.874    4.772    4.772
            0.031000  0.017898  0.000000
  -21.218  -21.218   -9.309   -9.309   -4.873   -4.873   -4.828   -4.828    1.548    1.548
    2.442    2.442    2.872    2.872    4.770    4.770
            0.030000  0.017321  0.000000
  -21.219  -21.219   -9.311   -9.311   -4.867   -4.867   -4.825   -4.825    1.546    1.546
    2.440    2.440    2.870    2.870    4.768    4.768
            0.029000  0.016743  0.000000
  -21.220  -21.220   -9.313   -9.313   -4.861   -4.861   -4.822   -4.822    1.544    1.544
    2.438    2.438    2.868    2.868    4.766    4.766
            0.028000  0.016166  0.000000
  -21.222  -21.222   -9.314   -9.314   -4.856   -4.856   -4.819   -4.819    1.543    1.543
    2.436    2.436    2.866    2.866    4.764    4.764
            0.027000  0.015588  0.000000
  -21.223  -21.223   -9.316   -9.316   -4.851   -4.851   -4.816   -4.816    1.541    1.541
    2.435    2.435    2.864    2.864    4.762    4.762
            0.026000  0.015011  0.000000
  -21.224  -21.224   -9.317   -9.317   -4.846   -4.846   -4.813   -4.813    1.539    1.539
    2.433    2.433    2.862    2.862    4.760    4.760
            0.025000  0.014434  0.000000
  -21.225  -21.225   -9.319   -9.319   -4.841   -4.841   -4.810   -4.810    1.537    1.537
    2.431    2.431    2.861    2.861    4.759    4.759
            0.024000  0.013856  0.000000
  -21.227  -21.227   -9.320   -9.320   -4.836   -4.836   -4.808   -4.808    1.536    1.536
    2.430    2.430    2.859    2.859    4.757    4.757
            0.023000  0.013279  0.000000
  -21.228  -21.228   -9.322   -9.322   -4.831   -4.831   -4.805   -4.805    1.534    1.534
    2.428    2.428    2.858    2.858    4.756    4.756
            0.022000  0.012702  0.000000
  -21.229  -21.229   -9.323   -9.323   -4.827   -4.827   -4.803   -4.803    1.533    1.533
    2.427    2.427    2.856    2.856    4.754    4.754
            0.021000  0.012124  0.000000
  -21.230  -21.230   -9.324   -9.324   -4.823   -4.823   -4.800   -4.800    1.532    1.532
    2.425    2.425    2.855    2.855    4.753    4.753
            0.020000  0.011547  0.000000
  -21.231  -21.231   -9.325   -9.325   -4.819   -4.819   -4.798   -4.798    1.530    1.530
    2.424    2.424    2.853    2.853    4.752    4.752
            0.019000  0.010970  0.000000
  -21.232  -21.232   -9.326   -9.326   -4.815   -4.815   -4.796   -4.796    1.529    1.529
    2.423    2.423    2.852    2.852    4.750    4.750
            0.018000  0.010392  0.000000
  -21.233  -21.233   -9.327   -9.327   -4.812   -4.812   -4.794   -4.794    1.528    1.528
    2.422    2.422    2.851    2.851    4.749    4.749
            0.017000  0.009815  0.000000
  -21.233  -21.233   -9.328   -9.328   -4.808   -4.808   -4.792   -4.792    1.527    1.527
    2.420    2.420    2.850    2.850    4.748    4.748
            0.016000  0.009238  0.000000
  -21.234  -21.234   -9.329   -9.329   -4.805   -4.805   -4.790   -4.790    1.526    1.526
    2.419    2.419    2.849    2.849    4.747    4.747
            0.015000  0.008660  0.000000
  -21.235  -21.235   -9.330   -9.330   -4.802   -4.802   -4.788   -4.788    1.525    1.525
    2.418    2.418    2.848    2.848    4.746    4.746
            0.014000  0.008083  0.000000
  -21.236  -21.236   -9.331   -9.331   -4.800   -4.800   -4.787   -4.787    1.524    1.524
    2.417    2.417    2.847    2.847    4.745    4.745
            0.013000  0.007506  0.000000
  -21.236  -21.236   -9.332   -9.332   -4.797   -4.797   -4.785   -4.785    1.523    1.523
    2.417    2.417    2.846    2.846    4.744    4.744
            0.012000  0.006928  0.000000
  -21.237  -21.237   -9.332   -9.332   -4.795   -4.795   -4.784   -4.784    1.522    1.522
    2.416    2.416    2.845    2.845    4.743    4.743
            0.011000  0.006351  0.000000
  -21.237  -21.237   -9.333   -9.333   -4.793   -4.793   -4.782   -4.782    1.521    1.521
    2.415    2.415    2.844    2.844    4.743    4.743
            0.010000  0.005774  0.000000
  -21.238  -21.238   -9.334   -9.334   -4.791   -4.791   -4.781   -4.781    1.521    1.521
    2.414    2.414    2.844    2.844    4.742    4.742
            0.009000  0.005196  0.000000
  -21.238  -21.238   -9.334   -9.334   -4.790   -4.790   -4.780   -4.780    1.520    1.520
    2.414    2.414    2.843    2.843    4.741    4.741
            0.008000  0.004619  0.000000
  -21.239  -21.239   -9.335   -9.335   -4.788   -4.788   -4.778   -4.778    1.519    1.519
    2.413    2.413    2.843    2.843    4.741    4.741
            0.007000  0.004041  0.000000
  -21.239  -21.239   -9.335   -9.335   -4.787   -4.787   -4.777   -4.777    1.519    1.519
    2.413    2.413    2.842    2.842    4.740    4.740
            0.006000  0.003464  0.000000
  -21.239  -21.239   -9.336   -9.336   -4.786   -4.786   -4.777   -4.777    1.519    1.519
    2.412    2.412    2.842    2.842    4.740    4.740
            0.005000  0.002887  0.000000
  -21.240  -21.240   -9.336   -9.336   -4.785   -4.785   -4.776   -4.776    1.518    1.518
    2.412    2.412    2.841    2.841    4.740    4.740
            0.004000  0.002309  0.000000
  -21.240  -21.240   -9.336   -9.336   -4.784   -4.784   -4.775   -4.775    1.518    1.518
    2.412    2.412    2.841    2.841    4.739    4.739
            0.003000  0.001732  0.000000
  -21.240  -21.240   -9.336   -9.336   -4.784   -4.784   -4.775   -4.775    1.518    1.518
    2.411    2.411    2.841    2.841    4.739    4.739
            0.002000  0.001155  0.000000
  -21.240  -21.240   -9.336   -9.336   -4.783   -4.783   -4.774   -4.774    1.518    1.518
    2.411    2.411    2.841    2.841    4.739    4.739
            0.001000  0.000577  0.000000
  -21.240  -21.240   -9.336   -9.336   -4.783   -4.783   -4.774   -4.774    1.517    1.517
    2.411    2.411    2.840    2.840    4.739    4.739
            0.000000  0.000000  0.000000
  -21.240  -21.240   -9.337   -9.337   -4.783   -4.783   -4.774   -4.774    1.517    1.517
    2.411    2.411    2.840    2.840    4.739    4.739
