 &plot nbnd=  16, nks=  1501 /
            0.000000  0.000000  0.000000
  -21.644  -21.644   -9.740   -9.740   -5.194   -5.194   -5.185   -5.185    1.057    1.057
    1.491    1.491    1.875    1.875    2.754    2.754
            0.000667  0.001155  0.000000
  -21.644  -21.644   -9.740   -9.740   -5.194   -5.194   -5.185   -5.185    1.057    1.057
    1.492    1.492    1.875    1.875    2.754    2.754
            0.001333  0.002309  0.000000
  -21.644  -21.644   -9.740   -9.740   -5.195   -5.195   -5.185   -5.185    1.058    1.058
    1.492    1.492    1.876    1.876    2.755    2.755
            0.002000  0.003464  0.000000
  -21.644  -21.644   -9.740   -9.740   -5.195   -5.195   -5.186   -5.186    1.058    1.058
    1.492    1.492    1.876    1.876    2.755    2.755
            0.002667  0.004619  0.000000
  -21.644  -21.644   -9.739   -9.739   -5.196   -5.196   -5.187   -5.187    1.058    1.058
    1.492    1.492    1.876    1.876    2.755    2.755
            0.003333  0.005774  0.000000
  -21.644  -21.644   -9.739   -9.739   -5.197   -5.197   -5.188   -5.188    1.058    1.058
    1.493    1.493    1.876    1.876    2.755    2.755
            0.004000  0.006928  0.000000
  -21.643  -21.643   -9.739   -9.739   -5.198   -5.198   -5.189   -5.189    1.059    1.059
    1.493    1.493    1.877    1.877    2.756    2.756
            0.004667  0.008083  0.000000
  -21.643  -21.643   -9.738   -9.738   -5.200   -5.200   -5.190   -5.190    1.059    1.059
    1.494    1.494    1.877    1.877    2.757    2.757
            0.005333  0.009238  0.000000
  -21.642  -21.642   -9.738   -9.738   -5.201   -5.201   -5.191   -5.191    1.060    1.060
    1.494    1.494    1.878    1.878    2.757    2.757
            0.006000  0.010392  0.000000
  -21.642  -21.642   -9.737   -9.737   -5.203   -5.203   -5.193   -5.193    1.061    1.061
    1.495    1.495    1.879    1.879    2.758    2.758
            0.006667  0.011547  0.000000
  -21.641  -21.641   -9.736   -9.736   -5.205   -5.205   -5.194   -5.194    1.062    1.062
    1.496    1.496    1.880    1.880    2.759    2.759
            0.007333  0.012702  0.000000
  -21.641  -21.641   -9.735   -9.735   -5.208   -5.208   -5.196   -5.196    1.063    1.063
    1.497    1.497    1.881    1.881    2.760    2.760
            0.008000  0.013856  0.000000
  -21.640  -21.640   -9.735   -9.735   -5.211   -5.211   -5.198   -5.198    1.064    1.064
    1.498    1.498    1.882    1.882    2.761    2.761
            0.008667  0.015011  0.000000
  -21.639  -21.639   -9.734   -9.734   -5.214   -5.214   -5.200   -5.200    1.065    1.065
    1.499    1.499    1.883    1.883    2.762    2.762
            0.009333  0.016166  0.000000
  -21.638  -21.638   -9.733   -9.733   -5.217   -5.217   -5.202   -5.202    1.066    1.066
    1.500    1.500    1.884    1.884    2.763    2.763
            0.010000  0.017321  0.000000
  -21.637  -21.637   -9.731   -9.731   -5.221   -5.221   -5.204   -5.204    1.067    1.067
    1.501    1.501    1.885    1.885    2.764    2.764
            0.010667  0.018475  0.000000
  -21.636  -21.636   -9.730   -9.730   -5.225   -5.225   -5.206   -5.206    1.068    1.068
    1.503    1.503    1.886    1.886    2.765    2.765
            0.011333  0.019630  0.000000
  -21.635  -21.635   -9.729   -9.729   -5.229   -5.229   -5.209   -5.209    1.070    1.070
    1.504    1.504    1.888    1.888    2.767    2.767
            0.012000  0.020785  0.000000
  -21.634  -21.634   -9.728   -9.728   -5.233   -5.233   -5.211   -5.211    1.071    1.071
    1.506    1.506    1.889    1.889    2.768    2.768
            0.012667  0.021939  0.000000
  -21.633  -21.633   -9.726   -9.726   -5.238   -5.238   -5.214   -5.214    1.073    1.073
    1.507    1.507    1.891    1.891    2.770    2.770
            0.013333  0.023094  0.000000
  -21.632  -21.632   -9.725   -9.725   -5.243   -5.243   -5.217   -5.217    1.075    1.075
    1.509    1.509    1.893    1.893    2.772    2.772
            0.014000  0.024249  0.000000
  -21.631  -21.631   -9.723   -9.723   -5.248   -5.248   -5.220   -5.220    1.076    1.076
    1.511    1.511    1.894    1.894    2.773    2.773
            0.014667  0.025403  0.000000
  -21.629  -21.629   -9.722   -9.722   -5.254   -5.254   -5.223   -5.223    1.078    1.078
    1.513    1.513    1.896    1.896    2.775    2.775
            0.015333  0.026558  0.000000
  -21.628  -21.628   -9.720   -9.720   -5.259   -5.259   -5.226   -5.226    1.080    1.080
    1.515    1.515    1.898    1.898    2.777    2.777
            0.016000  0.027713  0.000000
  -21.626  -21.626   -9.718   -9.718   -5.265   -5.265   -5.229   -5.229    1.082    1.082
    1.517    1.517    1.900    1.900    2.779    2.779
            0.016667  0.028868  0.000000
  -21.625  -21.625   -9.716   -9.716   -5.272   -5.272   -5.233   -5.233    1.084    1.084
    1.519    1.519    1.902    1.902    2.781    2.781
            0.017333  0.030022  0.000000
  -21.623  -21.623   -9.715   -9.715   -5.278   -5.278   -5.236   -5.236    1.086    1.086
    1.521    1.521    1.905    1.905    2.784    2.784
            0.018000  0.031177  0.000000
  -21.622  -21.622   -9.713   -9.713   -5.285   -5.285   -5.240   -5.240    1.089    1.089
    1.523    1.523    1.907    1.907    2.786    2.786
            0.018667  0.032332  0.000000
  -21.620  -21.620   -9.710   -9.710   -5.292   -5.292   -5.244   -5.244    1.091    1.091
    1.526    1.526    1.909    1.909    2.788    2.788
            0.019333  0.033486  0.000000
  -21.618  -21.618   -9.708   -9.708   -5.299   -5.299   -5.248   -5.248    1.093    1.093
    1.528    1.528    1.912    1.912    2.791    2.791
            0.020000  0.034641  0.000000
  -21.616  -21.616   -9.706   -9.706   -5.307   -5.307   -5.252   -5.252    1.096    1.096
    1.531    1.531    1.914    1.914    2.793    2.793
            0.020667  0.035796  0.000000
  -21.614  -21.614   -9.704   -9.704   -5.315   -5.315   -5.256   -5.256    1.099    1.099
    1.533    1.533    1.917    1.917    2.796    2.796
            0.021333  0.036950  0.000000
  -21.612  -21.612   -9.701   -9.701   -5.323   -5.323   -5.260   -5.260    1.101    1.101
    1.536    1.536    1.920    1.920    2.799    2.799
            0.022000  0.038105  0.000000
  -21.610  -21.610   -9.699   -9.699   -5.331   -5.331   -5.265   -5.265    1.104    1.104
    1.539    1.539    1.923    1.923    2.802    2.802
            0.022667  0.039260  0.000000
  -21.608  -21.608   -9.696   -9.696   -5.339   -5.339   -5.269   -5.269    1.107    1.107
    1.542    1.542    1.925    1.925    2.804    2.804
            0.023333  0.040415  0.000000
  -21.606  -21.606   -9.694   -9.694   -5.348   -5.348   -5.274   -5.274    1.110    1.110
    1.545    1.545    1.928    1.928    2.807    2.807
            0.024000  0.041569  0.000000
  -21.604  -21.604   -9.691   -9.691   -5.357   -5.357   -5.279   -5.279    1.113    1.113
    1.548    1.548    1.932    1.932    2.811    2.811
            0.024667  0.042724  0.000000
  -21.601  -21.601   -9.688   -9.688   -5.366   -5.366   -5.284   -5.284    1.116    1.116
    1.551    1.551    1.935    1.935    2.814    2.814
            0.025333  0.043879  0.000000
  -21.599  -21.599   -9.686   -9.686   -5.376   -5.376   -5.289   -5.289    1.119    1.119
    1.555    1.555    1.938    1.938    2.817    2.817
            0.026000  0.045033  0.000000
  -21.597  -21.597   -9.683   -9.683   -5.385   -5.385   -5.295   -5.295    1.123    1.123
    1.558    1.558    1.941    1.941    2.820    2.820
            0.026667  0.046188  0.000000
  -21.594  -21.594   -9.680   -9.680   -5.395   -5.395   -5.300   -5.300    1.126    1.126
    1.561    1.561    1.945    1.945    2.824    2.824
            0.027333  0.047343  0.000000
  -21.592  -21.592   -9.677   -9.677   -5.405   -5.405   -5.306   -5.306    1.130    1.130
    1.565    1.565    1.948    1.948    2.827    2.827
            0.028000  0.048497  0.000000
  -21.589  -21.589   -9.674   -9.674   -5.416   -5.416   -5.311   -5.311    1.133    1.133
    1.569    1.569    1.952    1.952    2.831    2.831
            0.028667  0.049652  0.000000
  -21.586  -21.586   -9.670   -9.670   -5.426   -5.426   -5.317   -5.317    1.137    1.137
    1.572    1.572    1.956    1.956    2.835    2.835
            0.029333  0.050807  0.000000
  -21.584  -21.584   -9.667   -9.667   -5.437   -5.437   -5.323   -5.323    1.140    1.140
    1.576    1.576    1.959    1.959    2.838    2.838
            0.030000  0.051962  0.000000
  -21.581  -21.581   -9.664   -9.664   -5.448   -5.448   -5.329   -5.329    1.144    1.144
    1.580    1.580    1.963    1.963    2.842    2.842
            0.030667  0.053116  0.000000
  -21.578  -21.578   -9.660   -9.660   -5.459   -5.459   -5.335   -5.335    1.148    1.148
    1.584    1.584    1.967    1.967    2.846    2.846
            0.031333  0.054271  0.000000
  -21.575  -21.575   -9.657   -9.657   -5.471   -5.471   -5.342   -5.342    1.152    1.152
    1.588    1.588    1.971    1.971    2.850    2.850
            0.032000  0.055426  0.000000
  -21.572  -21.572   -9.653   -9.653   -5.482   -5.482   -5.348   -5.348    1.156    1.156
    1.592    1.592    1.975    1.975    2.854    2.854
            0.032667  0.056580  0.000000
  -21.569  -21.569   -9.650   -9.650   -5.494   -5.494   -5.355   -5.355    1.160    1.160
    1.596    1.596    1.979    1.979    2.858    2.858
            0.033333  0.057735  0.000000
  -21.566  -21.566   -9.646   -9.646   -5.506   -5.506   -5.361   -5.361    1.165    1.165
    1.601    1.601    1.984    1.984    2.863    2.863
            0.034000  0.058890  0.000000
  -21.563  -21.563   -9.642   -9.642   -5.519   -5.519   -5.368   -5.368    1.169    1.169
    1.605    1.605    1.988    1.988    2.867    2.867
            0.034667  0.060044  0.000000
  -21.559  -21.559   -9.638   -9.638   -5.531   -5.531   -5.375   -5.375    1.173    1.173
    1.610    1.610    1.993    1.993    2.872    2.872
            0.035333  0.061199  0.000000
  -21.556  -21.556   -9.634   -9.634   -5.544   -5.544   -5.382   -5.382    1.178    1.178
    1.614    1.614    1.997    1.997    2.876    2.876
            0.036000  0.062354  0.000000
  -21.553  -21.553   -9.630   -9.630   -5.557   -5.557   -5.390   -5.390    1.183    1.183
    1.619    1.619    2.002    2.002    2.881    2.881
            0.036667  0.063509  0.000000
  -21.549  -21.549   -9.626   -9.626   -5.570   -5.570   -5.397   -5.397    1.187    1.187
    1.624    1.624    2.007    2.007    2.885    2.885
            0.037333  0.064663  0.000000
  -21.546  -21.546   -9.622   -9.622   -5.583   -5.583   -5.405   -5.405    1.192    1.192
    1.628    1.628    2.011    2.011    2.890    2.890
            0.038000  0.065818  0.000000
  -21.542  -21.542   -9.618   -9.618   -5.597   -5.597   -5.412   -5.412    1.197    1.197
    1.633    1.633    2.016    2.016    2.895    2.895
            0.038667  0.066973  0.000000
  -21.539  -21.539   -9.614   -9.614   -5.610   -5.610   -5.420   -5.420    1.202    1.202
    1.638    1.638    2.021    2.021    2.900    2.900
            0.039333  0.068127  0.000000
  -21.535  -21.535   -9.609   -9.609   -5.624   -5.624   -5.428   -5.428    1.207    1.207
    1.644    1.644    2.026    2.026    2.905    2.905
            0.040000  0.069282  0.000000
  -21.531  -21.531   -9.605   -9.605   -5.638   -5.638   -5.436   -5.436    1.212    1.212
    1.649    1.649    2.031    2.031    2.910    2.910
            0.040667  0.070437  0.000000
  -21.527  -21.527   -9.600   -9.600   -5.653   -5.653   -5.444   -5.444    1.217    1.217
    1.654    1.654    2.037    2.037    2.916    2.916
            0.041333  0.071591  0.000000
  -21.524  -21.524   -9.596   -9.596   -5.667   -5.667   -5.452   -5.452    1.222    1.222
    1.659    1.659    2.042    2.042    2.921    2.921
            0.042000  0.072746  0.000000
  -21.520  -21.520   -9.591   -9.591   -5.682   -5.682   -5.461   -5.461    1.228    1.228
    1.665    1.665    2.047    2.047    2.926    2.926
            0.042667  0.073901  0.000000
  -21.516  -21.516   -9.586   -9.586   -5.697   -5.697   -5.469   -5.469    1.233    1.233
    1.670    1.670    2.053    2.053    2.932    2.932
            0.043333  0.075056  0.000000
  -21.512  -21.512   -9.581   -9.581   -5.712   -5.712   -5.478   -5.478    1.239    1.239
    1.676    1.676    2.059    2.059    2.937    2.937
            0.044000  0.076210  0.000000
  -21.508  -21.508   -9.576   -9.576   -5.727   -5.727   -5.487   -5.487    1.244    1.244
    1.682    1.682    2.064    2.064    2.943    2.943
            0.044667  0.077365  0.000000
  -21.503  -21.503   -9.571   -9.571   -5.742   -5.742   -5.496   -5.496    1.250    1.250
    1.688    1.688    2.070    2.070    2.949    2.949
            0.045333  0.078520  0.000000
  -21.499  -21.499   -9.566   -9.566   -5.758   -5.758   -5.505   -5.505    1.256    1.256
    1.693    1.693    2.076    2.076    2.955    2.955
            0.046000  0.079674  0.000000
  -21.495  -21.495   -9.561   -9.561   -5.773   -5.773   -5.514   -5.514    1.262    1.262
    1.699    1.699    2.082    2.082    2.961    2.961
            0.046667  0.080829  0.000000
  -21.490  -21.490   -9.556   -9.556   -5.789   -5.789   -5.523   -5.523    1.268    1.268
    1.706    1.706    2.088    2.088    2.967    2.967
            0.047333  0.081984  0.000000
  -21.486  -21.486   -9.551   -9.551   -5.805   -5.805   -5.532   -5.532    1.274    1.274
    1.712    1.712    2.094    2.094    2.973    2.973
            0.048000  0.083138  0.000000
  -21.482  -21.482   -9.545   -9.545   -5.822   -5.822   -5.542   -5.542    1.280    1.280
    1.718    1.718    2.100    2.100    2.979    2.979
            0.048667  0.084293  0.000000
  -21.477  -21.477   -9.540   -9.540   -5.838   -5.838   -5.551   -5.551    1.286    1.286
    1.724    1.724    2.106    2.106    2.985    2.985
            0.049333  0.085448  0.000000
  -21.472  -21.472   -9.534   -9.534   -5.855   -5.855   -5.561   -5.561    1.292    1.292
    1.731    1.731    2.113    2.113    2.992    2.992
            0.050000  0.086603  0.000000
  -21.468  -21.468   -9.529   -9.529   -5.871   -5.871   -5.571   -5.571    1.299    1.299
    1.737    1.737    2.119    2.119    2.998    2.998
            0.050667  0.087757  0.000000
  -21.463  -21.463   -9.523   -9.523   -5.888   -5.888   -5.581   -5.581    1.305    1.305
    1.744    1.744    2.126    2.126    3.005    3.005
            0.051333  0.088912  0.000000
  -21.458  -21.458   -9.517   -9.517   -5.905   -5.905   -5.591   -5.591    1.312    1.312
    1.750    1.750    2.132    2.132    3.011    3.011
            0.052000  0.090067  0.000000
  -21.453  -21.453   -9.512   -9.512   -5.922   -5.922   -5.601   -5.601    1.319    1.319
    1.757    1.757    2.139    2.139    3.018    3.018
            0.052667  0.091221  0.000000
  -21.448  -21.448   -9.506   -9.506   -5.940   -5.940   -5.611   -5.611    1.325    1.325
    1.764    1.764    2.146    2.146    3.025    3.025
            0.053333  0.092376  0.000000
  -21.443  -21.443   -9.500   -9.500   -5.957   -5.957   -5.622   -5.622    1.332    1.332
    1.771    1.771    2.153    2.153    3.032    3.032
            0.054000  0.093531  0.000000
  -21.438  -21.438   -9.494   -9.494   -5.975   -5.975   -5.632   -5.632    1.339    1.339
    1.778    1.778    2.160    2.160    3.039    3.039
            0.054667  0.094685  0.000000
  -21.433  -21.433   -9.488   -9.488   -5.993   -5.993   -5.643   -5.643    1.346    1.346
    1.785    1.785    2.167    2.167    3.046    3.046
            0.055333  0.095840  0.000000
  -21.428  -21.428   -9.481   -9.481   -6.011   -6.011   -5.654   -5.654    1.353    1.353
    1.792    1.792    2.174    2.174    3.053    3.053
            0.056000  0.096995  0.000000
  -21.423  -21.423   -9.475   -9.475   -6.029   -6.029   -5.665   -5.665    1.360    1.360
    1.800    1.800    2.181    2.181    3.060    3.060
            0.056667  0.098150  0.000000
  -21.417  -21.417   -9.469   -9.469   -6.047   -6.047   -5.676   -5.676    1.368    1.368
    1.807    1.807    2.189    2.189    3.067    3.067
            0.057333  0.099304  0.000000
  -21.412  -21.412   -9.462   -9.462   -6.065   -6.065   -5.687   -5.687    1.375    1.375
    1.815    1.815    2.196    2.196    3.075    3.075
            0.058000  0.100459  0.000000
  -21.407  -21.407   -9.456   -9.456   -6.084   -6.084   -5.698   -5.698    1.382    1.382
    1.822    1.822    2.203    2.204    3.082    3.082
            0.058667  0.101614  0.000000
  -21.401  -21.401   -9.449   -9.449   -6.103   -6.103   -5.710   -5.710    1.390    1.390
    1.830    1.830    2.211    2.211    3.090    3.090
            0.059333  0.102768  0.000000
  -21.396  -21.396   -9.443   -9.443   -6.121   -6.121   -5.721   -5.721    1.397    1.398
    1.838    1.838    2.219    2.219    3.098    3.098
            0.060000  0.103923  0.000000
  -21.390  -21.390   -9.436   -9.436   -6.140   -6.140   -5.733   -5.733    1.405    1.405
    1.845    1.845    2.226    2.227    3.105    3.105
            0.060667  0.105078  0.000000
  -21.384  -21.384   -9.429   -9.429   -6.159   -6.159   -5.744   -5.744    1.413    1.413
    1.853    1.853    2.234    2.234    3.113    3.113
            0.061333  0.106232  0.000000
  -21.379  -21.379   -9.422   -9.422   -6.179   -6.179   -5.756   -5.756    1.421    1.421
    1.861    1.861    2.242    2.242    3.121    3.121
            0.062000  0.107387  0.000000
  -21.373  -21.373   -9.416   -9.416   -6.198   -6.198   -5.768   -5.768    1.429    1.429
    1.869    1.869    2.250    2.250    3.129    3.129
            0.062667  0.108542  0.000000
  -21.367  -21.367   -9.409   -9.409   -6.217   -6.217   -5.780   -5.780    1.437    1.437
    1.877    1.877    2.258    2.258    3.137    3.137
            0.063333  0.109697  0.000000
  -21.361  -21.361   -9.402   -9.402   -6.237   -6.237   -5.792   -5.792    1.445    1.445
    1.886    1.886    2.267    2.267    3.145    3.145
            0.064000  0.110851  0.000000
  -21.355  -21.355   -9.394   -9.394   -6.257   -6.257   -5.804   -5.804    1.453    1.453
    1.894    1.894    2.275    2.275    3.154    3.154
            0.064667  0.112006  0.000000
  -21.349  -21.349   -9.387   -9.387   -6.276   -6.276   -5.817   -5.817    1.461    1.461
    1.903    1.903    2.283    2.283    3.162    3.162
            0.065333  0.113161  0.000000
  -21.343  -21.343   -9.380   -9.380   -6.296   -6.296   -5.829   -5.829    1.470    1.470
    1.911    1.911    2.292    2.292    3.170    3.170
            0.066000  0.114315  0.000000
  -21.337  -21.337   -9.373   -9.373   -6.316   -6.316   -5.842   -5.842    1.478    1.478
    1.920    1.920    2.300    2.300    3.179    3.179
            0.066667  0.115470  0.000000
  -21.330  -21.330   -9.365   -9.365   -6.336   -6.336   -5.854   -5.854    1.487    1.487
    1.928    1.928    2.309    2.309    3.188    3.188
            0.067333  0.116625  0.000000
  -21.324  -21.324   -9.358   -9.358   -6.357   -6.357   -5.867   -5.867    1.495    1.495
    1.937    1.937    2.318    2.318    3.196    3.196
            0.068000  0.117779  0.000000
  -21.318  -21.318   -9.350   -9.350   -6.377   -6.377   -5.880   -5.880    1.504    1.504
    1.946    1.946    2.326    2.326    3.205    3.205
            0.068667  0.118934  0.000000
  -21.311  -21.311   -9.342   -9.342   -6.398   -6.398   -5.893   -5.893    1.513    1.513
    1.955    1.955    2.335    2.335    3.214    3.214
            0.069333  0.120089  0.000000
  -21.305  -21.305   -9.335   -9.335   -6.418   -6.418   -5.906   -5.906    1.522    1.522
    1.964    1.964    2.344    2.344    3.223    3.223
            0.070000  0.121244  0.000000
  -21.298  -21.298   -9.327   -9.327   -6.439   -6.439   -5.919   -5.919    1.531    1.531
    1.973    1.973    2.353    2.353    3.232    3.232
            0.070667  0.122398  0.000000
  -21.292  -21.292   -9.319   -9.319   -6.460   -6.460   -5.932   -5.932    1.540    1.540
    1.982    1.982    2.362    2.362    3.241    3.241
            0.071333  0.123553  0.000000
  -21.285  -21.285   -9.311   -9.311   -6.480   -6.480   -5.946   -5.946    1.549    1.549
    1.992    1.992    2.372    2.372    3.250    3.250
            0.072000  0.124708  0.000000
  -21.278  -21.278   -9.303   -9.303   -6.501   -6.501   -5.959   -5.959    1.558    1.558
    2.001    2.001    2.381    2.381    3.260    3.260
            0.072667  0.125862  0.000000
  -21.271  -21.271   -9.295   -9.295   -6.523   -6.523   -5.973   -5.973    1.568    1.568
    2.011    2.011    2.390    2.390    3.269    3.269
            0.073333  0.127017  0.000000
  -21.265  -21.265   -9.287   -9.287   -6.544   -6.544   -5.986   -5.986    1.577    1.577
    2.020    2.020    2.400    2.400    3.278    3.278
            0.074000  0.128172  0.000000
  -21.258  -21.258   -9.279   -9.279   -6.565   -6.565   -6.000   -6.000    1.586    1.586
    2.030    2.030    2.409    2.409    3.288    3.288
            0.074667  0.129326  0.000000
  -21.251  -21.251   -9.270   -9.270   -6.586   -6.586   -6.014   -6.014    1.596    1.596
    2.040    2.040    2.419    2.419    3.298    3.298
            0.075333  0.130481  0.000000
  -21.244  -21.244   -9.262   -9.262   -6.608   -6.608   -6.028   -6.028    1.606    1.606
    2.049    2.049    2.429    2.429    3.307    3.307
            0.076000  0.131636  0.000000
  -21.236  -21.236   -9.253   -9.253   -6.629   -6.629   -6.042   -6.042    1.615    1.615
    2.059    2.059    2.439    2.439    3.317    3.317
            0.076667  0.132791  0.000000
  -21.229  -21.229   -9.245   -9.245   -6.651   -6.651   -6.056   -6.056    1.625    1.625
    2.069    2.069    2.449    2.449    3.327    3.327
            0.077333  0.133945  0.000000
  -21.222  -21.222   -9.236   -9.236   -6.673   -6.673   -6.070   -6.070    1.635    1.635
    2.079    2.079    2.459    2.459    3.337    3.337
            0.078000  0.135100  0.000000
  -21.215  -21.215   -9.228   -9.228   -6.695   -6.695   -6.085   -6.085    1.645    1.645
    2.090    2.090    2.469    2.469    3.347    3.347
            0.078667  0.136255  0.000000
  -21.207  -21.207   -9.219   -9.219   -6.717   -6.717   -6.099   -6.099    1.655    1.655
    2.100    2.100    2.479    2.479    3.357    3.357
            0.079333  0.137409  0.000000
  -21.200  -21.200   -9.210   -9.210   -6.739   -6.739   -6.113   -6.113    1.665    1.665
    2.110    2.110    2.489    2.489    3.368    3.368
            0.080000  0.138564  0.000000
  -21.192  -21.192   -9.201   -9.201   -6.761   -6.761   -6.128   -6.128    1.676    1.676
    2.121    2.121    2.499    2.499    3.378    3.378
            0.080667  0.139719  0.000000
  -21.185  -21.185   -9.192   -9.192   -6.783   -6.783   -6.143   -6.143    1.686    1.686
    2.131    2.131    2.510    2.510    3.388    3.388
            0.081333  0.140873  0.000000
  -21.177  -21.177   -9.183   -9.183   -6.805   -6.805   -6.158   -6.158    1.696    1.697
    2.142    2.142    2.520    2.520    3.399    3.399
            0.082000  0.142028  0.000000
  -21.170  -21.170   -9.174   -9.174   -6.827   -6.827   -6.172   -6.172    1.707    1.707
    2.152    2.152    2.531    2.531    3.410    3.410
            0.082667  0.143183  0.000000
  -21.162  -21.162   -9.165   -9.165   -6.850   -6.850   -6.187   -6.187    1.718    1.718
    2.163    2.163    2.542    2.542    3.420    3.420
            0.083333  0.144338  0.000000
  -21.154  -21.154   -9.156   -9.156   -6.872   -6.872   -6.202   -6.202    1.728    1.728
    2.174    2.174    2.552    2.553    3.431    3.431
            0.084000  0.145492  0.000000
  -21.146  -21.146   -9.146   -9.146   -6.895   -6.895   -6.218   -6.218    1.739    1.739
    2.185    2.185    2.563    2.563    3.442    3.442
            0.084667  0.146647  0.000000
  -21.138  -21.138   -9.137   -9.137   -6.917   -6.917   -6.233   -6.233    1.750    1.750
    2.196    2.196    2.574    2.574    3.453    3.453
            0.085333  0.147802  0.000000
  -21.130  -21.130   -9.127   -9.127   -6.940   -6.940   -6.248   -6.248    1.761    1.761
    2.207    2.207    2.585    2.585    3.464    3.464
            0.086000  0.148956  0.000000
  -21.122  -21.122   -9.118   -9.118   -6.963   -6.963   -6.264   -6.264    1.772    1.772
    2.219    2.219    2.596    2.596    3.475    3.475
            0.086667  0.150111  0.000000
  -21.114  -21.114   -9.108   -9.108   -6.986   -6.986   -6.279   -6.279    1.783    1.783
    2.230    2.230    2.608    2.608    3.486    3.486
            0.087333  0.151266  0.000000
  -21.106  -21.106   -9.099   -9.099   -7.008   -7.008   -6.295   -6.295    1.794    1.794
    2.241    2.241    2.619    2.619    3.497    3.497
            0.088000  0.152420  0.000000
  -21.098  -21.098   -9.089   -9.089   -7.031   -7.031   -6.310   -6.310    1.806    1.806
    2.253    2.253    2.630    2.630    3.509    3.509
            0.088667  0.153575  0.000000
  -21.090  -21.090   -9.079   -9.079   -7.054   -7.054   -6.326   -6.326    1.817    1.817
    2.264    2.264    2.642    2.642    3.520    3.520
            0.089333  0.154730  0.000000
  -21.081  -21.081   -9.069   -9.069   -7.077   -7.077   -6.342   -6.342    1.828    1.828
    2.276    2.276    2.653    2.653    3.532    3.532
            0.090000  0.155885  0.000000
  -21.073  -21.073   -9.059   -9.059   -7.101   -7.101   -6.358   -6.358    1.840    1.840
    2.288    2.288    2.665    2.665    3.543    3.543
            0.090667  0.157039  0.000000
  -21.064  -21.064   -9.049   -9.049   -7.124   -7.124   -6.374   -6.374    1.852    1.852
    2.300    2.300    2.677    2.677    3.555    3.555
            0.091333  0.158194  0.000000
  -21.056  -21.056   -9.039   -9.039   -7.147   -7.147   -6.390   -6.390    1.863    1.863
    2.312    2.312    2.689    2.689    3.567    3.567
            0.092000  0.159349  0.000000
  -21.047  -21.047   -9.029   -9.029   -7.170   -7.170   -6.406   -6.406    1.875    1.875
    2.324    2.324    2.700    2.701    3.579    3.579
            0.092667  0.160503  0.000000
  -21.039  -21.039   -9.019   -9.019   -7.194   -7.194   -6.422   -6.422    1.887    1.887
    2.336    2.336    2.712    2.712    3.591    3.591
            0.093333  0.161658  0.000000
  -21.030  -21.030   -9.008   -9.008   -7.217   -7.217   -6.438   -6.438    1.899    1.899
    2.348    2.348    2.725    2.725    3.603    3.603
            0.094000  0.162813  0.000000
  -21.021  -21.021   -8.998   -8.998   -7.240   -7.240   -6.455   -6.455    1.911    1.911
    2.360    2.360    2.737    2.737    3.615    3.615
            0.094667  0.163967  0.000000
  -21.012  -21.012   -8.987   -8.987   -7.264   -7.264   -6.471   -6.471    1.923    1.923
    2.373    2.373    2.749    2.749    3.627    3.627
            0.095333  0.165122  0.000000
  -21.003  -21.003   -8.977   -8.977   -7.287   -7.287   -6.488   -6.488    1.935    1.935
    2.385    2.385    2.761    2.761    3.640    3.640
            0.096000  0.166277  0.000000
  -20.994  -20.994   -8.966   -8.966   -7.311   -7.311   -6.504   -6.504    1.948    1.948
    2.398    2.398    2.774    2.774    3.652    3.652
            0.096667  0.167432  0.000000
  -20.985  -20.985   -8.955   -8.955   -7.335   -7.335   -6.521   -6.521    1.960    1.960
    2.410    2.410    2.786    2.786    3.664    3.664
            0.097333  0.168586  0.000000
  -20.976  -20.976   -8.945   -8.945   -7.358   -7.358   -6.538   -6.538    1.973    1.973
    2.423    2.423    2.799    2.799    3.677    3.677
            0.098000  0.169741  0.000000
  -20.967  -20.967   -8.934   -8.934   -7.382   -7.382   -6.555   -6.555    1.985    1.985
    2.436    2.436    2.811    2.812    3.690    3.690
            0.098667  0.170896  0.000000
  -20.958  -20.958   -8.923   -8.923   -7.406   -7.406   -6.572   -6.572    1.998    1.998
    2.449    2.449    2.824    2.824    3.702    3.702
            0.099333  0.172050  0.000000
  -20.949  -20.949   -8.912   -8.912   -7.430   -7.430   -6.589   -6.589    2.011    2.011
    2.462    2.462    2.837    2.837    3.715    3.715
            0.100000  0.173205  0.000000
  -20.939  -20.939   -8.901   -8.901   -7.454   -7.454   -6.606   -6.606    2.023    2.024
    2.475    2.475    2.850    2.850    3.728    3.728
            0.100667  0.174360  0.000000
  -20.930  -20.930   -8.890   -8.890   -7.478   -7.478   -6.623   -6.623    2.036    2.036
    2.488    2.488    2.863    2.863    3.741    3.741
            0.101333  0.175514  0.000000
  -20.920  -20.920   -8.879   -8.879   -7.502   -7.502   -6.640   -6.640    2.049    2.049
    2.501    2.501    2.876    2.876    3.754    3.754
            0.102000  0.176669  0.000000
  -20.911  -20.911   -8.867   -8.867   -7.526   -7.526   -6.657   -6.657    2.062    2.063
    2.514    2.514    2.889    2.889    3.767    3.767
            0.102667  0.177824  0.000000
  -20.901  -20.901   -8.856   -8.856   -7.550   -7.550   -6.675   -6.675    2.076    2.076
    2.528    2.528    2.903    2.903    3.781    3.781
            0.103333  0.178979  0.000000
  -20.892  -20.892   -8.845   -8.845   -7.574   -7.574   -6.692   -6.692    2.089    2.089
    2.541    2.541    2.916    2.916    3.794    3.794
            0.104000  0.180133  0.000000
  -20.882  -20.882   -8.833   -8.833   -7.598   -7.598   -6.709   -6.709    2.102    2.102
    2.555    2.555    2.929    2.929    3.808    3.808
            0.104667  0.181288  0.000000
  -20.872  -20.872   -8.822   -8.822   -7.622   -7.622   -6.727   -6.727    2.116    2.116
    2.569    2.569    2.943    2.943    3.821    3.821
            0.105333  0.182443  0.000000
  -20.862  -20.862   -8.810   -8.810   -7.646   -7.646   -6.745   -6.745    2.129    2.129
    2.582    2.582    2.957    2.957    3.835    3.835
            0.106000  0.183597  0.000000
  -20.852  -20.852   -8.798   -8.798   -7.670   -7.670   -6.762   -6.762    2.143    2.143
    2.596    2.596    2.970    2.970    3.848    3.848
            0.106667  0.184752  0.000000
  -20.843  -20.843   -8.787   -8.787   -7.695   -7.695   -6.780   -6.780    2.157    2.157
    2.610    2.610    2.984    2.984    3.862    3.862
            0.107333  0.185907  0.000000
  -20.833  -20.833   -8.775   -8.775   -7.719   -7.719   -6.798   -6.798    2.170    2.170
    2.624    2.624    2.998    2.998    3.876    3.876
            0.108000  0.187061  0.000000
  -20.822  -20.822   -8.763   -8.763   -7.743   -7.743   -6.816   -6.816    2.184    2.184
    2.638    2.638    3.012    3.012    3.890    3.890
            0.108667  0.188216  0.000000
  -20.812  -20.812   -8.751   -8.751   -7.767   -7.767   -6.833   -6.833    2.198    2.198
    2.652    2.652    3.026    3.026    3.904    3.904
            0.109333  0.189371  0.000000
  -20.802  -20.802   -8.739   -8.739   -7.792   -7.792   -6.851   -6.851    2.212    2.212
    2.667    2.667    3.040    3.040    3.918    3.918
            0.110000  0.190526  0.000000
  -20.792  -20.792   -8.727   -8.727   -7.816   -7.816   -6.869   -6.869    2.226    2.226
    2.681    2.681    3.054    3.054    3.932    3.932
            0.110667  0.191680  0.000000
  -20.782  -20.782   -8.715   -8.715   -7.841   -7.841   -6.888   -6.888    2.240    2.240
    2.696    2.696    3.069    3.069    3.947    3.947
            0.111333  0.192835  0.000000
  -20.771  -20.771   -8.703   -8.703   -7.865   -7.865   -6.906   -6.906    2.255    2.255
    2.710    2.710    3.083    3.083    3.961    3.961
            0.112000  0.193990  0.000000
  -20.761  -20.761   -8.690   -8.690   -7.889   -7.889   -6.924   -6.924    2.269    2.269
    2.725    2.725    3.097    3.098    3.975    3.975
            0.112667  0.195144  0.000000
  -20.750  -20.750   -8.678   -8.678   -7.914   -7.914   -6.942   -6.942    2.284    2.284
    2.740    2.740    3.112    3.112    3.990    3.990
            0.113333  0.196299  0.000000
  -20.740  -20.740   -8.665   -8.665   -7.938   -7.938   -6.961   -6.961    2.298    2.298
    2.754    2.754    3.127    3.127    4.005    4.005
            0.114000  0.197454  0.000000
  -20.729  -20.729   -8.653   -8.653   -7.963   -7.963   -6.979   -6.979    2.313    2.313
    2.769    2.769    3.141    3.141    4.019    4.019
            0.114667  0.198608  0.000000
  -20.718  -20.718   -8.640   -8.640   -7.987   -7.987   -6.997   -6.997    2.327    2.328
    2.784    2.784    3.156    3.156    4.034    4.034
            0.115333  0.199763  0.000000
  -20.708  -20.708   -8.628   -8.628   -8.012   -8.012   -7.016   -7.016    2.342    2.342
    2.799    2.799    3.171    3.171    4.049    4.049
            0.116000  0.200918  0.000000
  -20.697  -20.697   -8.615   -8.615   -8.037   -8.037   -7.034   -7.034    2.357    2.357
    2.814    2.814    3.186    3.186    4.064    4.064
            0.116667  0.202073  0.000000
  -20.686  -20.686   -8.602   -8.602   -8.061   -8.061   -7.053   -7.053    2.372    2.372
    2.830    2.830    3.201    3.201    4.079    4.079
            0.117333  0.203227  0.000000
  -20.675  -20.675   -8.589   -8.589   -8.086   -8.086   -7.072   -7.072    2.387    2.387
    2.845    2.845    3.216    3.216    4.094    4.094
            0.118000  0.204382  0.000000
  -20.664  -20.664   -8.576   -8.576   -8.111   -8.111   -7.090   -7.090    2.402    2.402
    2.861    2.861    3.232    3.232    4.109    4.109
            0.118667  0.205537  0.000000
  -20.653  -20.653   -8.563   -8.563   -8.135   -8.135   -7.109   -7.109    2.418    2.418
    2.876    2.876    3.247    3.247    4.125    4.125
            0.119333  0.206691  0.000000
  -20.642  -20.642   -8.550   -8.550   -8.160   -8.160   -7.128   -7.128    2.433    2.433
    2.892    2.892    3.262    3.262    4.140    4.140
            0.120000  0.207846  0.000000
  -20.631  -20.631   -8.537   -8.537   -8.185   -8.185   -7.147   -7.147    2.448    2.448
    2.907    2.907    3.278    3.278    4.156    4.156
            0.120667  0.209001  0.000000
  -20.620  -20.620   -8.524   -8.524   -8.209   -8.209   -7.166   -7.166    2.464    2.464
    2.923    2.923    3.293    3.294    4.171    4.171
            0.121333  0.210155  0.000000
  -20.608  -20.608   -8.511   -8.511   -8.234   -8.234   -7.185   -7.185    2.479    2.479
    2.939    2.939    3.309    3.309    4.187    4.187
            0.122000  0.211310  0.000000
  -20.597  -20.597   -8.497   -8.497   -8.259   -8.259   -7.204   -7.204    2.495    2.495
    2.955    2.955    3.325    3.325    4.203    4.203
            0.122667  0.212465  0.000000
  -20.586  -20.586   -8.484   -8.484   -8.283   -8.283   -7.223   -7.223    2.511    2.511
    2.971    2.971    3.341    3.341    4.218    4.218
            0.123333  0.213620  0.000000
  -20.574  -20.574   -8.471   -8.471   -8.308   -8.308   -7.242   -7.242    2.527    2.527
    2.987    2.987    3.357    3.357    4.234    4.234
            0.124000  0.214774  0.000000
  -20.563  -20.563   -8.457   -8.457   -8.333   -8.333   -7.261   -7.261    2.542    2.542
    3.003    3.003    3.373    3.373    4.250    4.250
            0.124667  0.215929  0.000000
  -20.551  -20.551   -8.443   -8.443   -8.358   -8.358   -7.280   -7.280    2.558    2.558
    3.020    3.020    3.389    3.389    4.266    4.266
            0.125333  0.217084  0.000000
  -20.539  -20.539   -8.430   -8.430   -8.382   -8.382   -7.300   -7.300    2.575    2.575
    3.036    3.036    3.405    3.405    4.283    4.283
            0.126000  0.218238  0.000000
  -20.528  -20.528   -8.416   -8.416   -8.407   -8.407   -7.319   -7.319    2.591    2.591
    3.052    3.052    3.421    3.421    4.299    4.299
            0.126667  0.219393  0.000000
  -20.516  -20.516   -8.432   -8.432   -8.402   -8.402   -7.338   -7.338    2.607    2.607
    3.069    3.069    3.438    3.438    4.315    4.315
            0.127333  0.220548  0.000000
  -20.504  -20.504   -8.457   -8.457   -8.388   -8.388   -7.358   -7.358    2.623    2.623
    3.086    3.086    3.454    3.454    4.332    4.332
            0.128000  0.221703  0.000000
  -20.492  -20.492   -8.482   -8.482   -8.374   -8.374   -7.377   -7.377    2.640    2.640
    3.102    3.102    3.471    3.471    4.348    4.348
            0.128667  0.222857  0.000000
  -20.480  -20.480   -8.506   -8.506   -8.360   -8.360   -7.396   -7.396    2.656    2.656
    3.119    3.119    3.487    3.487    4.365    4.365
            0.129333  0.224012  0.000000
  -20.468  -20.468   -8.531   -8.531   -8.346   -8.346   -7.416   -7.416    2.673    2.673
    3.136    3.136    3.504    3.504    4.381    4.381
            0.130000  0.225167  0.000000
  -20.456  -20.456   -8.556   -8.556   -8.332   -8.332   -7.436   -7.436    2.689    2.690
    3.153    3.153    3.521    3.521    4.398    4.398
            0.130667  0.226321  0.000000
  -20.444  -20.444   -8.581   -8.581   -8.318   -8.318   -7.455   -7.455    2.706    2.706
    3.170    3.170    3.538    3.538    4.415    4.415
            0.131333  0.227476  0.000000
  -20.432  -20.432   -8.606   -8.606   -8.304   -8.304   -7.475   -7.475    2.723    2.723
    3.187    3.187    3.555    3.555    4.432    4.432
            0.132000  0.228631  0.000000
  -20.420  -20.420   -8.630   -8.630   -8.289   -8.289   -7.494   -7.494    2.740    2.740
    3.205    3.205    3.572    3.572    4.449    4.449
            0.132667  0.229785  0.000000
  -20.407  -20.407   -8.655   -8.655   -8.275   -8.275   -7.514   -7.514    2.757    2.757
    3.222    3.222    3.589    3.589    4.466    4.466
            0.133333  0.230940  0.000000
  -20.395  -20.395   -8.680   -8.680   -8.260   -8.260   -7.534   -7.534    2.774    2.774
    3.240    3.240    3.606    3.606    4.483    4.483
            0.134000  0.232095  0.000000
  -20.382  -20.382   -8.705   -8.705   -8.246   -8.246   -7.554   -7.554    2.791    2.791
    3.257    3.257    3.623    3.623    4.500    4.500
            0.134667  0.233250  0.000000
  -20.370  -20.370   -8.730   -8.730   -8.231   -8.231   -7.574   -7.574    2.809    2.809
    3.275    3.275    3.641    3.641    4.518    4.518
            0.135333  0.234404  0.000000
  -20.357  -20.357   -8.754   -8.754   -8.217   -8.217   -7.593   -7.593    2.826    2.826
    3.292    3.292    3.658    3.658    4.535    4.535
            0.136000  0.235559  0.000000
  -20.345  -20.345   -8.779   -8.779   -8.202   -8.202   -7.613   -7.613    2.843    2.843
    3.310    3.310    3.676    3.676    4.553    4.553
            0.136667  0.236714  0.000000
  -20.332  -20.332   -8.804   -8.804   -8.187   -8.187   -7.633   -7.633    2.861    2.861
    3.328    3.328    3.693    3.693    4.570    4.570
            0.137333  0.237868  0.000000
  -20.319  -20.319   -8.829   -8.829   -8.172   -8.172   -7.653   -7.653    2.878    2.879
    3.346    3.346    3.711    3.711    4.588    4.588
            0.138000  0.239023  0.000000
  -20.307  -20.307   -8.854   -8.854   -8.157   -8.157   -7.673   -7.673    2.896    2.896
    3.364    3.364    3.729    3.729    4.606    4.606
            0.138667  0.240178  0.000000
  -20.294  -20.294   -8.878   -8.878   -8.142   -8.142   -7.693   -7.693    2.914    2.914
    3.382    3.382    3.747    3.747    4.624    4.624
            0.139333  0.241332  0.000000
  -20.281  -20.281   -8.903   -8.903   -8.127   -8.127   -7.713   -7.713    2.932    2.932
    3.400    3.400    3.765    3.765    4.642    4.642
            0.140000  0.242487  0.000000
  -20.268  -20.268   -8.928   -8.928   -8.112   -8.112   -7.733   -7.733    2.950    2.950
    3.419    3.419    3.783    3.783    4.660    4.660
            0.140667  0.243642  0.000000
  -20.255  -20.255   -8.953   -8.953   -8.097   -8.097   -7.753   -7.753    2.968    2.968
    3.437    3.437    3.801    3.801    4.678    4.678
            0.141333  0.244797  0.000000
  -20.242  -20.242   -8.978   -8.978   -8.082   -8.082   -7.774   -7.774    2.986    2.986
    3.456    3.456    3.819    3.819    4.696    4.696
            0.142000  0.245951  0.000000
  -20.229  -20.229   -9.002   -9.002   -8.066   -8.066   -7.794   -7.794    3.004    3.004
    3.474    3.474    3.837    3.837    4.714    4.714
            0.142667  0.247106  0.000000
  -20.215  -20.215   -9.027   -9.027   -8.051   -8.051   -7.814   -7.814    3.022    3.022
    3.493    3.493    3.856    3.856    4.733    4.733
            0.143333  0.248261  0.000000
  -20.202  -20.202   -9.052   -9.052   -8.035   -8.035   -7.834   -7.834    3.041    3.041
    3.512    3.512    3.874    3.874    4.751    4.751
            0.144000  0.249415  0.000000
  -20.189  -20.189   -9.077   -9.077   -8.020   -8.020   -7.855   -7.855    3.059    3.059
    3.530    3.530    3.893    3.893    4.770    4.770
            0.144667  0.250570  0.000000
  -20.176  -20.176   -9.101   -9.101   -8.004   -8.004   -7.875   -7.875    3.078    3.078
    3.549    3.549    3.911    3.911    4.788    4.788
            0.145333  0.251725  0.000000
  -20.162  -20.162   -9.126   -9.126   -7.989   -7.989   -7.895   -7.895    3.096    3.096
    3.568    3.568    3.930    3.930    4.807    4.807
            0.146000  0.252879  0.000000
  -20.149  -20.149   -9.151   -9.151   -7.973   -7.973   -7.916   -7.916    3.115    3.115
    3.588    3.588    3.949    3.949    4.826    4.826
            0.146667  0.254034  0.000000
  -20.135  -20.135   -9.175   -9.175   -7.957   -7.957   -7.936   -7.936    3.134    3.134
    3.607    3.607    3.968    3.968    4.844    4.844
            0.147333  0.255189  0.000000
  -20.121  -20.121   -9.200   -9.200   -7.957   -7.956   -7.941   -7.941    3.153    3.153
    3.626    3.626    3.987    3.987    4.863    4.863
            0.148000  0.256344  0.000000
  -20.108  -20.108   -9.225   -9.225   -7.977   -7.977   -7.925   -7.925    3.172    3.172
    3.645    3.645    4.006    4.006    4.882    4.882
            0.148667  0.257498  0.000000
  -20.094  -20.094   -9.250   -9.250   -7.997   -7.997   -7.909   -7.909    3.191    3.191
    3.665    3.665    4.025    4.025    4.902    4.902
            0.149333  0.258653  0.000000
  -20.080  -20.080   -9.274   -9.274   -8.018   -8.018   -7.893   -7.893    3.210    3.210
    3.684    3.684    4.044    4.044    4.921    4.921
            0.150000  0.259808  0.000000
  -20.066  -20.066   -9.299   -9.299   -8.038   -8.038   -7.877   -7.877    3.229    3.229
    3.704    3.704    4.063    4.064    4.940    4.940
            0.150667  0.260962  0.000000
  -20.052  -20.052   -9.323   -9.323   -8.059   -8.059   -7.861   -7.861    3.248    3.249
    3.724    3.724    4.083    4.083    4.948    4.948
            0.151333  0.262117  0.000000
  -20.039  -20.039   -9.348   -9.348   -8.079   -8.079   -7.845   -7.845    3.268    3.268
    3.743    3.743    4.102    4.102    4.918    4.918
            0.152000  0.263272  0.000000
  -20.024  -20.024   -9.373   -9.373   -8.100   -8.100   -7.829   -7.829    3.287    3.287
    3.763    3.763    4.122    4.122    4.889    4.889
            0.152667  0.264426  0.000000
  -20.010  -20.010   -9.397   -9.397   -8.120   -8.120   -7.812   -7.812    3.307    3.307
    3.783    3.783    4.142    4.142    4.859    4.859
            0.153333  0.265581  0.000000
  -19.996  -19.996   -9.422   -9.422   -8.141   -8.141   -7.796   -7.796    3.327    3.327
    3.803    3.803    4.161    4.161    4.829    4.829
            0.154000  0.266736  0.000000
  -19.982  -19.982   -9.446   -9.446   -8.162   -8.162   -7.779   -7.779    3.346    3.346
    3.824    3.824    4.181    4.181    4.800    4.800
            0.154667  0.267891  0.000000
  -19.968  -19.968   -9.471   -9.471   -8.182   -8.182   -7.763   -7.763    3.366    3.366
    3.844    3.844    4.201    4.201    4.770    4.770
            0.155333  0.269045  0.000000
  -19.953  -19.953   -9.495   -9.495   -8.203   -8.203   -7.746   -7.746    3.386    3.386
    3.864    3.864    4.221    4.221    4.740    4.740
            0.156000  0.270200  0.000000
  -19.939  -19.939   -9.520   -9.520   -8.224   -8.224   -7.729   -7.729    3.406    3.406
    3.885    3.885    4.241    4.241    4.711    4.711
            0.156667  0.271355  0.000000
  -19.925  -19.925   -9.544   -9.544   -8.244   -8.244   -7.713   -7.713    3.426    3.426
    3.905    3.905    4.261    4.261    4.681    4.681
            0.157333  0.272509  0.000000
  -19.910  -19.910   -9.569   -9.569   -8.265   -8.265   -7.696   -7.696    3.446    3.446
    3.926    3.926    4.281    4.281    4.651    4.651
            0.158000  0.273664  0.000000
  -19.896  -19.896   -9.593   -9.593   -8.286   -8.286   -7.679   -7.679    3.466    3.466
    3.946    3.946    4.302    4.302    4.622    4.622
            0.158667  0.274819  0.000000
  -19.881  -19.881   -9.618   -9.618   -8.307   -8.307   -7.662   -7.662    3.487    3.487
    3.967    3.967    4.322    4.322    4.592    4.592
            0.159333  0.275973  0.000000
  -19.866  -19.866   -9.642   -9.642   -8.327   -8.327   -7.645   -7.645    3.507    3.507
    3.988    3.988    4.343    4.343    4.562    4.562
            0.160000  0.277128  0.000000
  -19.852  -19.852   -9.667   -9.667   -8.348   -8.348   -7.628   -7.628    3.528    3.528
    4.009    4.009    4.363    4.363    4.533    4.533
            0.160667  0.278283  0.000000
  -19.837  -19.837   -9.691   -9.691   -8.369   -8.369   -7.611   -7.611    3.548    3.548
    4.030    4.030    4.384    4.384    4.503    4.503
            0.161333  0.279438  0.000000
  -19.822  -19.822   -9.715   -9.715   -8.390   -8.390   -7.594   -7.594    3.569    3.569
    4.051    4.051    4.404    4.405    4.473    4.473
            0.162000  0.280592  0.000000
  -19.807  -19.807   -9.740   -9.740   -8.411   -8.411   -7.577   -7.577    3.590    3.590
    4.072    4.072    4.425    4.425    4.443    4.443
            0.162667  0.281747  0.000000
  -19.792  -19.792   -9.764   -9.764   -8.431   -8.431   -7.559   -7.559    3.610    3.610
    4.093    4.093    4.414    4.414    4.446    4.446
            0.163333  0.282902  0.000000
  -19.777  -19.777   -9.788   -9.788   -8.452   -8.452   -7.542   -7.542    3.631    3.631
    4.115    4.115    4.384    4.384    4.467    4.467
            0.164000  0.284056  0.000000
  -19.762  -19.762   -9.813   -9.813   -8.473   -8.473   -7.525   -7.525    3.652    3.652
    4.136    4.136    4.354    4.354    4.488    4.488
            0.164667  0.285211  0.000000
  -19.747  -19.747   -9.837   -9.837   -8.494   -8.494   -7.507   -7.507    3.673    3.673
    4.158    4.158    4.324    4.324    4.509    4.509
            0.165333  0.286366  0.000000
  -19.732  -19.732   -9.861   -9.861   -8.515   -8.515   -7.490   -7.490    3.694    3.695
    4.179    4.179    4.295    4.295    4.531    4.531
            0.166000  0.287520  0.000000
  -19.716  -19.716   -9.885   -9.885   -8.536   -8.536   -7.472   -7.472    3.716    3.716
    4.201    4.201    4.265    4.265    4.552    4.552
            0.166667  0.288675  0.000000
  -19.701  -19.701   -9.909   -9.909   -8.557   -8.557   -7.455   -7.455    3.737    3.737
    4.223    4.223    4.235    4.235    4.573    4.573
            0.167333  0.289830  0.000000
  -19.686  -19.686   -9.934   -9.934   -8.578   -8.578   -7.437   -7.437    3.758    3.758
    4.205    4.205    4.245    4.245    4.595    4.595
            0.168000  0.290985  0.000000
  -19.670  -19.670   -9.958   -9.958   -8.598   -8.598   -7.419   -7.419    3.780    3.780
    4.176    4.176    4.267    4.267    4.616    4.616
            0.168667  0.292139  0.000000
  -19.655  -19.655   -9.982   -9.982   -8.619   -8.619   -7.401   -7.401    3.801    3.802
    4.146    4.146    4.289    4.289    4.638    4.638
            0.169333  0.293294  0.000000
  -19.639  -19.639  -10.006  -10.006   -8.640   -8.640   -7.383   -7.383    3.823    3.823
    4.116    4.116    4.311    4.311    4.660    4.660
            0.170000  0.294449  0.000000
  -19.624  -19.624  -10.030  -10.030   -8.661   -8.661   -7.366   -7.366    3.845    3.845
    4.086    4.086    4.333    4.333    4.681    4.681
            0.170667  0.295603  0.000000
  -19.608  -19.608  -10.054  -10.054   -8.682   -8.682   -7.348   -7.348    3.867    3.867
    4.057    4.057    4.356    4.356    4.703    4.703
            0.171333  0.296758  0.000000
  -19.592  -19.592  -10.078  -10.078   -8.703   -8.703   -7.330   -7.330    3.889    3.889
    4.027    4.027    4.378    4.378    4.725    4.725
            0.172000  0.297913  0.000000
  -19.577  -19.577  -10.102  -10.102   -8.724   -8.724   -7.311   -7.311    3.911    3.911
    3.997    3.997    4.401    4.401    4.747    4.747
            0.172667  0.299067  0.000000
  -19.561  -19.561  -10.126  -10.126   -8.745   -8.745   -7.293   -7.293    3.933    3.933
    3.967    3.967    4.423    4.423    4.769    4.769
            0.173333  0.300222  0.000000
  -19.545  -19.545  -10.150  -10.150   -8.766   -8.766   -7.275   -7.275    3.938    3.938
    3.955    3.955    4.446    4.446    4.791    4.792
            0.174000  0.301377  0.000000
  -19.529  -19.529  -10.174  -10.174   -8.787   -8.787   -7.257   -7.257    3.908    3.908
    3.977    3.977    4.469    4.469    4.814    4.814
            0.174667  0.302532  0.000000
  -19.513  -19.513  -10.198  -10.198   -8.808   -8.808   -7.238   -7.238    3.878    3.878
    3.999    3.999    4.492    4.492    4.836    4.836
            0.175333  0.303686  0.000000
  -19.497  -19.497  -10.222  -10.222   -8.829   -8.829   -7.220   -7.220    3.849    3.849
    4.022    4.022    4.514    4.514    4.858    4.859
            0.176000  0.304841  0.000000
  -19.481  -19.481  -10.245  -10.245   -8.850   -8.850   -7.202   -7.202    3.819    3.819
    4.044    4.044    4.538    4.538    4.881    4.881
            0.176667  0.305996  0.000000
  -19.465  -19.465  -10.269  -10.269   -8.871   -8.871   -7.183   -7.183    3.789    3.789
    4.067    4.067    4.561    4.561    4.904    4.904
            0.177333  0.307150  0.000000
  -19.449  -19.449  -10.293  -10.293   -8.892   -8.892   -7.165   -7.165    3.760    3.760
    4.089    4.090    4.584    4.584    4.926    4.926
            0.178000  0.308305  0.000000
  -19.432  -19.432  -10.317  -10.317   -8.913   -8.913   -7.146   -7.146    3.730    3.730
    4.112    4.112    4.607    4.607    4.949    4.949
            0.178667  0.309460  0.000000
  -19.416  -19.416  -10.340  -10.340   -8.934   -8.934   -7.127   -7.127    3.700    3.700
    4.135    4.135    4.631    4.631    4.972    4.972
            0.179333  0.310614  0.000000
  -19.400  -19.400  -10.364  -10.364   -8.955   -8.955   -7.109   -7.109    3.671    3.671
    4.158    4.158    4.654    4.654    4.995    4.995
            0.180000  0.311769  0.000000
  -19.383  -19.383  -10.388  -10.388   -8.976   -8.976   -7.090   -7.090    3.641    3.641
    4.181    4.181    4.678    4.678    5.018    5.018
            0.180667  0.312924  0.000000
  -19.367  -19.367  -10.411  -10.411   -8.997   -8.997   -7.071   -7.071    3.611    3.611
    4.204    4.204    4.701    4.701    5.041    5.041
            0.181333  0.314079  0.000000
  -19.350  -19.350  -10.435  -10.435   -9.018   -9.018   -7.052   -7.052    3.582    3.582
    4.227    4.227    4.725    4.725    5.064    5.064
            0.182000  0.315233  0.000000
  -19.334  -19.334  -10.459  -10.459   -9.039   -9.039   -7.033   -7.033    3.552    3.552
    4.250    4.250    4.749    4.749    5.087    5.087
            0.182667  0.316388  0.000000
  -19.317  -19.317  -10.482  -10.482   -9.060   -9.060   -7.014   -7.014    3.522    3.523
    4.274    4.274    4.773    4.773    5.110    5.111
            0.183333  0.317543  0.000000
  -19.300  -19.300  -10.506  -10.506   -9.081   -9.081   -6.995   -6.995    3.493    3.493
    4.297    4.297    4.797    4.797    5.134    5.134
            0.184000  0.318697  0.000000
  -19.283  -19.283  -10.529  -10.529   -9.102   -9.102   -6.976   -6.976    3.463    3.463
    4.321    4.321    4.821    4.821    5.157    5.157
            0.184667  0.319852  0.000000
  -19.267  -19.267  -10.553  -10.553   -9.123   -9.123   -6.957   -6.957    3.434    3.434
    4.344    4.344    4.845    4.845    5.181    5.181
            0.185333  0.321007  0.000000
  -19.250  -19.250  -10.576  -10.576   -9.144   -9.144   -6.938   -6.938    3.404    3.404
    4.368    4.368    4.869    4.869    5.204    5.205
            0.186000  0.322161  0.000000
  -19.233  -19.233  -10.599  -10.599   -9.165   -9.165   -6.918   -6.918    3.375    3.375
    4.392    4.392    4.893    4.893    5.228    5.228
            0.186667  0.323316  0.000000
  -19.216  -19.216  -10.623  -10.623   -9.185   -9.185   -6.899   -6.899    3.345    3.345
    4.415    4.415    4.918    4.918    5.252    5.252
            0.187333  0.324471  0.000000
  -19.199  -19.199  -10.646  -10.646   -9.206   -9.206   -6.880   -6.880    3.316    3.316
    4.439    4.439    4.942    4.942    5.276    5.276
            0.188000  0.325626  0.000000
  -19.182  -19.182  -10.669  -10.669   -9.227   -9.227   -6.860   -6.860    3.286    3.286
    4.463    4.463    4.967    4.967    5.300    5.300
            0.188667  0.326780  0.000000
  -19.164  -19.164  -10.693  -10.693   -9.248   -9.248   -6.841   -6.841    3.257    3.257
    4.487    4.487    4.992    4.992    5.324    5.324
            0.189333  0.327935  0.000000
  -19.147  -19.147  -10.716  -10.716   -9.269   -9.269   -6.821   -6.821    3.228    3.228
    4.511    4.511    5.016    5.017    5.348    5.348
            0.190000  0.329090  0.000000
  -19.130  -19.130  -10.739  -10.739   -9.290   -9.290   -6.802   -6.802    3.198    3.198
    4.536    4.536    5.041    5.041    5.372    5.372
            0.190667  0.330244  0.000000
  -19.113  -19.113  -10.762  -10.762   -9.311   -9.311   -6.782   -6.782    3.169    3.169
    4.560    4.560    5.066    5.066    5.396    5.396
            0.191333  0.331399  0.000000
  -19.095  -19.095  -10.785  -10.785   -9.332   -9.332   -6.762   -6.762    3.139    3.139
    4.584    4.584    5.091    5.091    5.420    5.421
            0.192000  0.332554  0.000000
  -19.078  -19.078  -10.809  -10.809   -9.353   -9.353   -6.742   -6.742    3.110    3.110
    4.609    4.609    5.116    5.116    5.445    5.445
            0.192667  0.333708  0.000000
  -19.060  -19.060  -10.832  -10.832   -9.374   -9.374   -6.723   -6.723    3.081    3.081
    4.633    4.633    5.142    5.142    5.469    5.469
            0.193333  0.334863  0.000000
  -19.043  -19.043  -10.855  -10.855   -9.395   -9.395   -6.703   -6.703    3.051    3.051
    4.658    4.658    5.167    5.167    5.494    5.494
            0.194000  0.336018  0.000000
  -19.025  -19.025  -10.878  -10.878   -9.415   -9.415   -6.683   -6.683    3.022    3.022
    4.683    4.683    5.192    5.192    5.518    5.519
            0.194667  0.337173  0.000000
  -19.008  -19.008  -10.901  -10.901   -9.436   -9.436   -6.663   -6.663    2.993    2.993
    4.707    4.708    5.218    5.218    5.543    5.543
            0.195333  0.338327  0.000000
  -18.990  -18.990  -10.924  -10.923   -9.457   -9.457   -6.643   -6.643    2.964    2.964
    4.732    4.732    5.243    5.243    5.568    5.568
            0.196000  0.339482  0.000000
  -18.972  -18.972  -10.946  -10.946   -9.478   -9.478   -6.623   -6.623    2.934    2.934
    4.757    4.757    5.269    5.269    5.593    5.593
            0.196667  0.340637  0.000000
  -18.954  -18.954  -10.969  -10.969   -9.499   -9.499   -6.603   -6.603    2.905    2.905
    4.782    4.782    5.295    5.295    5.618    5.618
            0.197333  0.341791  0.000000
  -18.936  -18.936  -10.992  -10.992   -9.520   -9.520   -6.583   -6.583    2.876    2.876
    4.807    4.808    5.321    5.321    5.643    5.643
            0.198000  0.342946  0.000000
  -18.919  -18.919  -11.015  -11.015   -9.540   -9.540   -6.563   -6.563    2.847    2.847
    4.833    4.833    5.347    5.347    5.668    5.668
            0.198667  0.344101  0.000000
  -18.901  -18.901  -11.038  -11.038   -9.561   -9.561   -6.542   -6.542    2.818    2.818
    4.858    4.858    5.373    5.373    5.693    5.693
            0.199333  0.345255  0.000000
  -18.883  -18.883  -11.060  -11.060   -9.582   -9.582   -6.522   -6.522    2.789    2.789
    4.883    4.883    5.399    5.399    5.718    5.718
            0.200000  0.346410  0.000000
  -18.864  -18.864  -11.083  -11.083   -9.603   -9.603   -6.502   -6.502    2.760    2.760
    4.909    4.909    5.425    5.425    5.743    5.743
            0.200667  0.347565  0.000000
  -18.846  -18.846  -11.106  -11.106   -9.624   -9.624   -6.481   -6.481    2.731    2.731
    4.934    4.934    5.451    5.451    5.768    5.769
            0.201333  0.348720  0.000000
  -18.828  -18.828  -11.128  -11.128   -9.644   -9.644   -6.461   -6.461    2.702    2.702
    4.960    4.960    5.477    5.477    5.794    5.794
            0.202000  0.349874  0.000000
  -18.810  -18.810  -11.151  -11.151   -9.665   -9.665   -6.440   -6.440    2.673    2.673
    4.986    4.986    5.504    5.504    5.819    5.819
            0.202667  0.351029  0.000000
  -18.792  -18.792  -11.173  -11.173   -9.686   -9.686   -6.420   -6.420    2.644    2.644
    5.011    5.011    5.530    5.530    5.845    5.845
            0.203333  0.352184  0.000000
  -18.773  -18.773  -11.196  -11.196   -9.706   -9.706   -6.399   -6.399    2.615    2.615
    5.037    5.037    5.557    5.557    5.870    5.871
            0.204000  0.353338  0.000000
  -18.755  -18.755  -11.218  -11.218   -9.727   -9.727   -6.379   -6.379    2.586    2.586
    5.063    5.063    5.584    5.584    5.896    5.896
            0.204667  0.354493  0.000000
  -18.736  -18.736  -11.241  -11.241   -9.748   -9.748   -6.358   -6.358    2.557    2.557
    5.089    5.089    5.610    5.610    5.922    5.922
            0.205333  0.355648  0.000000
  -18.718  -18.718  -11.263  -11.263   -9.768   -9.768   -6.337   -6.337    2.528    2.528
    5.115    5.115    5.637    5.637    5.948    5.948
            0.206000  0.356802  0.000000
  -18.699  -18.699  -11.286  -11.286   -9.789   -9.789   -6.317   -6.317    2.499    2.499
    5.141    5.141    5.664    5.664    5.974    5.974
            0.206667  0.357957  0.000000
  -18.681  -18.681  -11.308  -11.308   -9.809   -9.809   -6.296   -6.296    2.471    2.471
    5.168    5.168    5.691    5.691    6.000    6.000
            0.207333  0.359112  0.000000
  -18.662  -18.662  -11.330  -11.330   -9.830   -9.830   -6.275   -6.275    2.442    2.442
    5.194    5.194    5.718    5.718    6.026    6.026
            0.208000  0.360267  0.000000
  -18.643  -18.643  -11.352  -11.352   -9.851   -9.851   -6.254   -6.254    2.413    2.413
    5.220    5.220    5.746    5.746    6.052    6.052
            0.208667  0.361421  0.000000
  -18.625  -18.625  -11.375  -11.375   -9.871   -9.871   -6.233   -6.233    2.384    2.384
    5.247    5.247    5.773    5.773    6.078    6.078
            0.209333  0.362576  0.000000
  -18.606  -18.606  -11.397  -11.397   -9.892   -9.892   -6.212   -6.212    2.356    2.356
    5.273    5.274    5.800    5.800    6.104    6.104
            0.210000  0.363731  0.000000
  -18.587  -18.587  -11.419  -11.419   -9.912   -9.912   -6.191   -6.191    2.327    2.327
    5.300    5.300    5.828    5.828    6.130    6.130
            0.210667  0.364885  0.000000
  -18.568  -18.568  -11.441  -11.441   -9.933   -9.933   -6.170   -6.170    2.299    2.299
    5.327    5.327    5.855    5.855    6.157    6.157
            0.211333  0.366040  0.000000
  -18.549  -18.549  -11.463  -11.463   -9.953   -9.953   -6.149   -6.149    2.270    2.270
    5.354    5.354    5.883    5.883    6.183    6.183
            0.212000  0.367195  0.000000
  -18.530  -18.530  -11.485  -11.485   -9.974   -9.974   -6.128   -6.128    2.242    2.242
    5.380    5.381    5.911    5.911    6.209    6.210
            0.212667  0.368349  0.000000
  -18.511  -18.511  -11.507  -11.507   -9.994   -9.994   -6.107   -6.107    2.213    2.213
    5.407    5.408    5.939    5.939    6.236    6.236
            0.213333  0.369504  0.000000
  -18.492  -18.492  -11.529  -11.529  -10.014  -10.014   -6.085   -6.085    2.185    2.185
    5.434    5.435    5.966    5.966    6.263    6.263
            0.214000  0.370659  0.000000
  -18.473  -18.473  -11.551  -11.551  -10.035  -10.035   -6.064   -6.064    2.156    2.156
    5.462    5.462    5.994    5.994    6.289    6.289
            0.214667  0.371814  0.000000
  -18.454  -18.454  -11.573  -11.573  -10.055  -10.055   -6.043   -6.043    2.128    2.128
    5.489    5.489    6.023    6.023    6.316    6.316
            0.215333  0.372968  0.000000
  -18.434  -18.434  -11.594  -11.594  -10.075  -10.075   -6.021   -6.021    2.099    2.099
    5.516    5.516    6.051    6.051    6.343    6.343
            0.216000  0.374123  0.000000
  -18.415  -18.415  -11.616  -11.616  -10.096  -10.096   -6.000   -6.000    2.071    2.071
    5.543    5.544    6.079    6.079    6.369    6.370
            0.216667  0.375278  0.000000
  -18.396  -18.396  -11.638  -11.638  -10.116  -10.116   -5.979   -5.979    2.043    2.043
    5.571    5.571    6.107    6.107    6.396    6.396
            0.217333  0.376432  0.000000
  -18.376  -18.376  -11.660  -11.660  -10.136  -10.136   -5.957   -5.957    2.015    2.015
    5.598    5.598    6.136    6.136    6.423    6.423
            0.218000  0.377587  0.000000
  -18.357  -18.357  -11.681  -11.681  -10.156  -10.156   -5.936   -5.936    1.986    1.986
    5.626    5.626    6.164    6.164    6.450    6.450
            0.218667  0.378742  0.000000
  -18.337  -18.337  -11.703  -11.703  -10.177  -10.177   -5.914   -5.914    1.958    1.958
    5.654    5.654    6.193    6.193    6.477    6.477
            0.219333  0.379896  0.000000
  -18.318  -18.318  -11.724  -11.724  -10.197  -10.197   -5.893   -5.893    1.930    1.930
    5.681    5.681    6.222    6.222    6.504    6.504
            0.220000  0.381051  0.000000
  -18.298  -18.298  -11.746  -11.746  -10.217  -10.217   -5.871   -5.871    1.902    1.902
    5.709    5.709    6.250    6.250    6.531    6.532
            0.220667  0.382206  0.000000
  -18.278  -18.278  -11.767  -11.767  -10.237  -10.237   -5.849   -5.849    1.874    1.874
    5.737    5.737    6.279    6.279    6.559    6.559
            0.221333  0.383361  0.000000
  -18.259  -18.259  -11.789  -11.789  -10.257  -10.257   -5.828   -5.828    1.846    1.846
    5.765    5.765    6.308    6.308    6.586    6.586
            0.222000  0.384515  0.000000
  -18.239  -18.239  -11.810  -11.810  -10.277  -10.277   -5.806   -5.806    1.818    1.818
    5.793    5.793    6.337    6.337    6.613    6.613
            0.222667  0.385670  0.000000
  -18.219  -18.219  -11.832  -11.832  -10.297  -10.297   -5.784   -5.784    1.790    1.790
    5.821    5.821    6.366    6.366    6.640    6.640
            0.223333  0.386825  0.000000
  -18.199  -18.199  -11.853  -11.853  -10.317  -10.317   -5.762   -5.762    1.762    1.762
    5.849    5.850    6.395    6.396    6.668    6.668
            0.224000  0.387979  0.000000
  -18.179  -18.179  -11.874  -11.874  -10.337  -10.337   -5.740   -5.740    1.734    1.734
    5.878    5.878    6.425    6.425    6.695    6.695
            0.224667  0.389134  0.000000
  -18.160  -18.160  -11.895  -11.895  -10.357  -10.357   -5.719   -5.718    1.706    1.706
    5.906    5.906    6.454    6.454    6.723    6.723
            0.225333  0.390289  0.000000
  -18.140  -18.140  -11.917  -11.917  -10.377  -10.377   -5.697   -5.697    1.679    1.679
    5.935    5.935    6.484    6.484    6.750    6.750
            0.226000  0.391443  0.000000
  -18.119  -18.119  -11.938  -11.938  -10.397  -10.397   -5.675   -5.675    1.651    1.651
    5.963    5.963    6.513    6.513    6.778    6.778
            0.226667  0.392598  0.000000
  -18.099  -18.099  -11.959  -11.959  -10.417  -10.417   -5.653   -5.653    1.623    1.623
    5.992    5.992    6.543    6.543    6.805    6.805
            0.227333  0.393753  0.000000
  -18.079  -18.079  -11.980  -11.980  -10.437  -10.437   -5.631   -5.631    1.595    1.595
    6.020    6.020    6.573    6.573    6.833    6.833
            0.228000  0.394908  0.000000
  -18.059  -18.059  -12.001  -12.001  -10.457  -10.457   -5.609   -5.609    1.568    1.568
    6.049    6.049    6.602    6.602    6.860    6.860
            0.228667  0.396062  0.000000
  -18.039  -18.039  -12.022  -12.022  -10.476  -10.476   -5.587   -5.587    1.540    1.540
    6.078    6.078    6.632    6.632    6.888    6.888
            0.229333  0.397217  0.000000
  -18.019  -18.019  -12.043  -12.043  -10.496  -10.496   -5.564   -5.564    1.513    1.513
    6.107    6.107    6.662    6.662    6.916    6.916
            0.230000  0.398372  0.000000
  -17.998  -17.998  -12.064  -12.064  -10.516  -10.516   -5.542   -5.542    1.485    1.485
    6.136    6.136    6.692    6.692    6.943    6.943
            0.230667  0.399526  0.000000
  -17.978  -17.978  -12.085  -12.085  -10.536  -10.536   -5.520   -5.520    1.458    1.458
    6.165    6.165    6.722    6.722    6.971    6.971
            0.231333  0.400681  0.000000
  -17.957  -17.957  -12.106  -12.106  -10.555  -10.555   -5.498   -5.498    1.430    1.430
    6.194    6.194    6.753    6.753    6.999    6.999
            0.232000  0.401836  0.000000
  -17.937  -17.937  -12.126  -12.126  -10.575  -10.575   -5.476   -5.476    1.403    1.403
    6.223    6.223    6.783    6.783    7.027    7.027
            0.232667  0.402990  0.000000
  -17.917  -17.917  -12.147  -12.147  -10.594  -10.594   -5.453   -5.453    1.376    1.376
    6.252    6.252    6.813    6.813    7.054    7.054
            0.233333  0.404145  0.000000
  -17.896  -17.896  -12.168  -12.168  -10.614  -10.614   -5.431   -5.431    1.348    1.348
    6.282    6.282    6.844    6.844    7.082    7.082
            0.234000  0.405300  0.000000
  -17.875  -17.875  -12.188  -12.188  -10.634  -10.634   -5.409   -5.409    1.321    1.321
    6.311    6.311    6.874    6.874    7.110    7.110
            0.234667  0.406455  0.000000
  -17.855  -17.855  -12.209  -12.209  -10.653  -10.653   -5.386   -5.386    1.294    1.294
    6.340    6.341    6.905    6.905    7.138    7.138
            0.235333  0.407609  0.000000
  -17.834  -17.834  -12.230  -12.230  -10.672  -10.672   -5.364   -5.364    1.267    1.267
    6.370    6.370    6.936    6.936    7.166    7.166
            0.236000  0.408764  0.000000
  -17.813  -17.813  -12.250  -12.250  -10.692  -10.692   -5.342   -5.342    1.240    1.240
    6.400    6.400    6.967    6.967    7.193    7.193
            0.236667  0.409919  0.000000
  -17.793  -17.793  -12.270  -12.270  -10.711  -10.711   -5.319   -5.319    1.212    1.212
    6.429    6.429    6.998    6.998    7.221    7.221
            0.237333  0.411073  0.000000
  -17.772  -17.772  -12.291  -12.291  -10.731  -10.731   -5.297   -5.297    1.185    1.185
    6.459    6.459    7.029    7.029    7.249    7.249
            0.238000  0.412228  0.000000
  -17.751  -17.751  -12.311  -12.311  -10.750  -10.750   -5.274   -5.274    1.158    1.158
    6.489    6.489    7.060    7.060    7.277    7.277
            0.238667  0.413383  0.000000
  -17.730  -17.730  -12.332  -12.332  -10.769  -10.769   -5.252   -5.252    1.132    1.132
    6.519    6.519    7.091    7.091    7.305    7.305
            0.239333  0.414537  0.000000
  -17.709  -17.709  -12.352  -12.352  -10.788  -10.788   -5.229   -5.229    1.105    1.105
    6.549    6.549    7.122    7.122    7.332    7.332
            0.240000  0.415692  0.000000
  -17.688  -17.688  -12.372  -12.372  -10.808  -10.808   -5.207   -5.207    1.078    1.078
    6.579    6.579    7.153    7.153    7.360    7.360
            0.240667  0.416847  0.000000
  -17.667  -17.667  -12.392  -12.392  -10.827  -10.827   -5.184   -5.184    1.051    1.051
    6.609    6.609    7.185    7.185    7.388    7.388
            0.241333  0.418002  0.000000
  -17.646  -17.646  -12.413  -12.413  -10.846  -10.846   -5.161   -5.161    1.024    1.024
    6.639    6.639    7.216    7.216    7.415    7.416
            0.242000  0.419156  0.000000
  -17.625  -17.625  -12.433  -12.433  -10.865  -10.865   -5.139   -5.139    0.998    0.998
    6.669    6.669    7.248    7.248    7.443    7.443
            0.242667  0.420311  0.000000
  -17.604  -17.604  -12.453  -12.453  -10.884  -10.884   -5.116   -5.116    0.971    0.971
    6.700    6.700    7.279    7.279    7.471    7.471
            0.243333  0.421466  0.000000
  -17.583  -17.583  -12.473  -12.473  -10.903  -10.903   -5.093   -5.093    0.944    0.944
    6.730    6.730    7.311    7.311    7.498    7.498
            0.244000  0.422620  0.000000
  -17.561  -17.561  -12.493  -12.493  -10.922  -10.922   -5.071   -5.071    0.918    0.918
    6.760    6.761    7.343    7.343    7.526    7.526
            0.244667  0.423775  0.000000
  -17.540  -17.540  -12.513  -12.513  -10.941  -10.941   -5.048   -5.048    0.891    0.891
    6.791    6.791    7.375    7.375    7.553    7.553
            0.245333  0.424930  0.000000
  -17.519  -17.519  -12.533  -12.533  -10.960  -10.960   -5.025   -5.025    0.865    0.865
    6.821    6.822    7.407    7.407    7.581    7.581
            0.246000  0.426084  0.000000
  -17.497  -17.497  -12.552  -12.552  -10.978  -10.978   -5.002   -5.002    0.838    0.838
    6.852    6.852    7.439    7.439    7.608    7.608
            0.246667  0.427239  0.000000
  -17.476  -17.476  -12.572  -12.572  -10.997  -10.997   -4.980   -4.980    0.812    0.812
    6.883    6.883    7.471    7.471    7.635    7.635
            0.247333  0.428394  0.000000
  -17.455  -17.455  -12.592  -12.592  -11.016  -11.016   -4.957   -4.957    0.786    0.786
    6.914    6.914    7.503    7.503    7.662    7.663
            0.248000  0.429549  0.000000
  -17.433  -17.433  -12.612  -12.612  -11.035  -11.035   -4.934   -4.934    0.759    0.759
    6.944    6.945    7.535    7.535    7.689    7.690
            0.248667  0.430703  0.000000
  -17.412  -17.412  -12.631  -12.631  -11.053  -11.053   -4.911   -4.911    0.733    0.733
    6.975    6.976    7.568    7.568    7.716    7.717
            0.249333  0.431858  0.000000
  -17.390  -17.390  -12.651  -12.651  -11.072  -11.072   -4.888   -4.888    0.707    0.707
    7.006    7.006    7.600    7.600    7.743    7.744
            0.250000  0.433013  0.000000
  -17.368  -17.368  -12.670  -12.670  -11.090  -11.090   -4.865   -4.865    0.681    0.681
    7.037    7.038    7.632    7.632    7.770    7.770
            0.250667  0.434167  0.000000
  -17.347  -17.347  -12.690  -12.690  -11.109  -11.109   -4.843   -4.843    0.655    0.655
    7.068    7.069    7.665    7.665    7.797    7.797
            0.251333  0.435322  0.000000
  -17.325  -17.325  -12.709  -12.709  -11.127  -11.127   -4.820   -4.820    0.629    0.629
    7.100    7.100    7.697    7.697    7.823    7.824
            0.252000  0.436477  0.000000
  -17.303  -17.303  -12.729  -12.729  -11.146  -11.146   -4.797   -4.797    0.603    0.603
    7.131    7.131    7.730    7.730    7.850    7.850
            0.252667  0.437632  0.000000
  -17.282  -17.282  -12.748  -12.748  -11.164  -11.164   -4.774   -4.774    0.577    0.577
    7.162    7.162    7.762    7.762    7.876    7.876
            0.253333  0.438786  0.000000
  -17.260  -17.260  -12.768  -12.768  -11.183  -11.183   -4.751   -4.751    0.551    0.551
    7.193    7.194    7.795    7.795    7.903    7.903
            0.254000  0.439941  0.000000
  -17.238  -17.238  -12.787  -12.787  -11.201  -11.201   -4.728   -4.728    0.525    0.525
    7.225    7.225    7.827    7.828    7.929    7.929
            0.254667  0.441096  0.000000
  -17.216  -17.216  -12.806  -12.806  -11.219  -11.219   -4.705   -4.705    0.500    0.500
    7.256    7.256    7.860    7.860    7.955    7.955
            0.255333  0.442250  0.000000
  -17.194  -17.194  -12.825  -12.825  -11.237  -11.237   -4.682   -4.682    0.474    0.474
    7.288    7.288    7.892    7.893    7.981    7.981
            0.256000  0.443405  0.000000
  -17.173  -17.173  -12.845  -12.845  -11.255  -11.255   -4.659   -4.659    0.448    0.448
    7.319    7.319    7.925    7.925    8.007    8.007
            0.256667  0.444560  0.000000
  -17.151  -17.151  -12.864  -12.864  -11.273  -11.273   -4.636   -4.636    0.423    0.423
    7.351    7.351    7.957    7.957    8.033    8.033
            0.257333  0.445714  0.000000
  -17.129  -17.129  -12.883  -12.883  -11.292  -11.292   -4.613   -4.613    0.397    0.397
    7.382    7.383    7.988    7.989    8.059    8.059
            0.258000  0.446869  0.000000
  -17.107  -17.107  -12.902  -12.902  -11.310  -11.310   -4.590   -4.590    0.372    0.372
    7.414    7.414    8.020    8.020    8.086    8.086
            0.258667  0.448024  0.000000
  -17.085  -17.085  -12.921  -12.921  -11.327  -11.327   -4.567   -4.567    0.346    0.346
    7.446    7.446    8.050    8.051    8.113    8.113
            0.259333  0.449179  0.000000
  -17.063  -17.063  -12.940  -12.940  -11.345  -11.345   -4.544   -4.544    0.321    0.321
    7.478    7.478    8.080    8.081    8.140    8.140
            0.260000  0.450333  0.000000
  -17.041  -17.041  -12.958  -12.958  -11.363  -11.363   -4.521   -4.521    0.295    0.295
    7.509    7.510    8.109    8.109    8.168    8.168
            0.260667  0.451488  0.000000
  -17.018  -17.018  -12.977  -12.977  -11.381  -11.381   -4.498   -4.498    0.270    0.270
    7.541    7.541    8.137    8.137    8.197    8.197
            0.261333  0.452643  0.000000
  -16.996  -16.996  -12.996  -12.996  -11.399  -11.399   -4.475   -4.475    0.245    0.245
    7.573    7.573    8.163    8.164    8.227    8.227
            0.262000  0.453797  0.000000
  -16.974  -16.974  -13.015  -13.015  -11.416  -11.416   -4.452   -4.452    0.220    0.220
    7.605    7.605    8.189    8.189    8.258    8.258
            0.262667  0.454952  0.000000
  -16.952  -16.952  -13.033  -13.033  -11.434  -11.434   -4.429   -4.429    0.194    0.194
    7.637    7.637    8.213    8.213    8.290    8.290
            0.263333  0.456107  0.000000
  -16.930  -16.930  -13.052  -13.052  -11.451  -11.451   -4.406   -4.406    0.169    0.169
    7.669    7.669    8.236    8.236    8.323    8.323
            0.264000  0.457261  0.000000
  -16.907  -16.907  -13.071  -13.071  -11.469  -11.469   -4.382   -4.382    0.144    0.144
    7.701    7.701    8.258    8.259    8.355    8.355
            0.264667  0.458416  0.000000
  -16.885  -16.885  -13.089  -13.089  -11.486  -11.486   -4.359   -4.359    0.119    0.119
    7.733    7.733    8.280    8.280    8.389    8.389
            0.265333  0.459571  0.000000
  -16.863  -16.863  -13.108  -13.108  -11.504  -11.504   -4.336   -4.336    0.095    0.095
    7.765    7.765    8.301    8.301    8.422    8.422
            0.266000  0.460726  0.000000
  -16.840  -16.840  -13.126  -13.126  -11.521  -11.521   -4.313   -4.313    0.070    0.070
    7.797    7.797    8.321    8.322    8.456    8.456
            0.266667  0.461880  0.000000
  -16.818  -16.818  -13.145  -13.145  -11.538  -11.538   -4.290   -4.290    0.045    0.045
    7.829    7.829    8.341    8.342    8.490    8.490
            0.267333  0.463035  0.000000
  -16.796  -16.796  -13.163  -13.163  -11.556  -11.556   -4.267   -4.267    0.020    0.020
    7.861    7.861    8.360    8.361    8.525    8.525
            0.268000  0.464190  0.000000
  -16.773  -16.773  -13.181  -13.181  -11.573  -11.573   -4.244   -4.244   -0.005   -0.005
    7.893    7.893    8.379    8.379    8.559    8.559
            0.268667  0.465344  0.000000
  -16.751  -16.751  -13.199  -13.199  -11.590  -11.590   -4.221   -4.221   -0.029   -0.029
    7.925    7.925    8.397    8.397    8.594    8.594
            0.269333  0.466499  0.000000
  -16.728  -16.728  -13.218  -13.218  -11.607  -11.607   -4.198   -4.198   -0.054   -0.054
    7.957    7.957    8.414    8.415    8.629    8.629
            0.270000  0.467654  0.000000
  -16.706  -16.706  -13.236  -13.236  -11.624  -11.624   -4.175   -4.175   -0.078   -0.078
    7.989    7.989    8.431    8.432    8.664    8.664
            0.270667  0.468808  0.000000
  -16.683  -16.683  -13.254  -13.254  -11.641  -11.641   -4.152   -4.152   -0.103   -0.103
    8.021    8.021    8.448    8.448    8.699    8.699
            0.271333  0.469963  0.000000
  -16.661  -16.661  -13.272  -13.272  -11.657  -11.657   -4.129   -4.129   -0.127   -0.127
    8.053    8.053    8.464    8.464    8.734    8.734
            0.272000  0.471118  0.000000
  -16.638  -16.638  -13.290  -13.290  -11.674  -11.674   -4.106   -4.106   -0.152   -0.152
    8.085    8.085    8.479    8.479    8.769    8.769
            0.272667  0.472273  0.000000
  -16.616  -16.616  -13.308  -13.308  -11.691  -11.691   -4.083   -4.083   -0.176   -0.176
    8.116    8.116    8.494    8.494    8.804    8.805
            0.273333  0.473427  0.000000
  -16.593  -16.593  -13.326  -13.326  -11.707  -11.707   -4.060   -4.060   -0.200   -0.200
    8.148    8.148    8.508    8.509    8.840    8.840
            0.274000  0.474582  0.000000
  -16.570  -16.570  -13.344  -13.344  -11.724  -11.724   -4.037   -4.037   -0.224   -0.224
    8.179    8.179    8.523    8.523    8.876    8.876
            0.274667  0.475737  0.000000
  -16.548  -16.548  -13.362  -13.362  -11.740  -11.740   -4.014   -4.014   -0.248   -0.248
    8.210    8.210    8.536    8.537    8.911    8.911
            0.275333  0.476891  0.000000
  -16.525  -16.525  -13.379  -13.379  -11.757  -11.757   -3.991   -3.991   -0.272   -0.272
    8.240    8.241    8.550    8.550    8.947    8.947
            0.276000  0.478046  0.000000
  -16.503  -16.503  -13.397  -13.397  -11.773  -11.773   -3.968   -3.968   -0.297   -0.296
    8.271    8.271    8.563    8.564    8.983    8.983
            0.276667  0.479201  0.000000
  -16.480  -16.480  -13.415  -13.415  -11.790  -11.790   -3.945   -3.945   -0.320   -0.320
    8.300    8.301    8.576    8.577    9.019    9.019
            0.277333  0.480355  0.000000
  -16.457  -16.457  -13.432  -13.432  -11.806  -11.806   -3.922   -3.922   -0.344   -0.344
    8.330    8.330    8.590    8.590    9.055    9.055
            0.278000  0.481510  0.000000
  -16.435  -16.435  -13.450  -13.450  -11.822  -11.822   -3.899   -3.899   -0.368   -0.368
    8.358    8.359    8.603    8.604    9.091    9.091
            0.278667  0.482665  0.000000
  -16.412  -16.412  -13.468  -13.468  -11.838  -11.838   -3.876   -3.876   -0.392   -0.392
    8.385    8.386    8.617    8.617    9.128    9.128
            0.279333  0.483820  0.000000
  -16.389  -16.389  -13.485  -13.485  -11.854  -11.854   -3.853   -3.853   -0.416   -0.416
    8.412    8.412    8.631    8.632    9.164    9.164
            0.280000  0.484974  0.000000
  -16.366  -16.366  -13.502  -13.502  -11.870  -11.870   -3.830   -3.830   -0.439   -0.439
    8.436    8.437    8.647    8.647    9.200    9.200
            0.280667  0.486129  0.000000
  -16.344  -16.344  -13.520  -13.520  -11.886  -11.886   -3.807   -3.807   -0.463   -0.463
    8.459    8.460    8.664    8.664    9.237    9.237
            0.281333  0.487284  0.000000
  -16.321  -16.321  -13.537  -13.537  -11.901  -11.901   -3.784   -3.784   -0.487   -0.486
    8.480    8.481    8.682    8.682    9.274    9.274
            0.282000  0.488438  0.000000
  -16.298  -16.298  -13.554  -13.554  -11.917  -11.917   -3.761   -3.761   -0.510   -0.510
    8.499    8.500    8.702    8.702    9.310    9.310
            0.282667  0.489593  0.000000
  -16.276  -16.276  -13.572  -13.572  -11.933  -11.933   -3.738   -3.738   -0.533   -0.533
    8.516    8.516    8.723    8.724    9.347    9.347
            0.283333  0.490748  0.000000
  -16.253  -16.253  -13.589  -13.589  -11.948  -11.948   -3.716   -3.716   -0.557   -0.557
    8.530    8.531    8.747    8.747    9.384    9.384
            0.284000  0.491902  0.000000
  -16.230  -16.230  -13.606  -13.606  -11.963  -11.963   -3.693   -3.693   -0.580   -0.580
    8.543    8.543    8.772    8.772    9.421    9.421
            0.284667  0.493057  0.000000
  -16.207  -16.207  -13.623  -13.623  -11.979  -11.979   -3.670   -3.670   -0.603   -0.603
    8.553    8.554    8.798    8.798    9.458    9.458
            0.285333  0.494212  0.000000
  -16.185  -16.185  -13.640  -13.640  -11.994  -11.994   -3.647   -3.647   -0.627   -0.627
    8.562    8.562    8.826    8.826    9.495    9.495
            0.286000  0.495367  0.000000
  -16.162  -16.162  -13.657  -13.657  -12.009  -12.009   -3.624   -3.624   -0.650   -0.650
    8.569    8.570    8.854    8.854    9.533    9.533
            0.286667  0.496521  0.000000
  -16.139  -16.139  -13.674  -13.674  -12.024  -12.024   -3.602   -3.602   -0.673   -0.673
    8.576    8.576    8.883    8.884    9.570    9.570
            0.287333  0.497676  0.000000
  -16.117  -16.117  -13.691  -13.691  -12.039  -12.039   -3.579   -3.579   -0.696   -0.696
    8.581    8.581    8.913    8.914    9.607    9.607
            0.288000  0.498831  0.000000
  -16.094  -16.094  -13.708  -13.708  -12.054  -12.054   -3.556   -3.556   -0.719   -0.719
    8.585    8.585    8.944    8.944    9.645    9.645
            0.288667  0.499985  0.000000
  -16.071  -16.071  -13.725  -13.725  -12.069  -12.069   -3.534   -3.534   -0.742   -0.742
    8.589    8.589    8.975    8.975    9.682    9.682
            0.289333  0.501140  0.000000
  -16.048  -16.048  -13.741  -13.741  -12.084  -12.084   -3.511   -3.511   -0.764   -0.764
    8.591    8.592    9.006    9.007    9.720    9.720
            0.290000  0.502295  0.000000
  -16.026  -16.026  -13.758  -13.758  -12.098  -12.098   -3.489   -3.489   -0.787   -0.787
    8.594    8.594    9.038    9.038    9.758    9.758
            0.290667  0.503449  0.000000
  -16.003  -16.003  -13.775  -13.775  -12.113  -12.113   -3.466   -3.466   -0.810   -0.810
    8.595    8.595    9.070    9.070    9.796    9.796
            0.291333  0.504604  0.000000
  -15.980  -15.980  -13.791  -13.791  -12.127  -12.127   -3.444   -3.444   -0.833   -0.833
    8.596    8.597    9.102    9.102    9.834    9.834
            0.292000  0.505759  0.000000
  -15.958  -15.958  -13.808  -13.808  -12.141  -12.141   -3.421   -3.421   -0.855   -0.855
    8.597    8.597    9.134    9.134    9.872    9.872
            0.292667  0.506914  0.000000
  -15.935  -15.935  -13.824  -13.824  -12.155  -12.155   -3.399   -3.399   -0.878   -0.878
    8.598    8.598    9.166    9.166    9.910    9.910
            0.293333  0.508068  0.000000
  -15.913  -15.913  -13.841  -13.841  -12.170  -12.170   -3.376   -3.376   -0.900   -0.900
    8.597    8.598    9.199    9.199    9.948    9.948
            0.294000  0.509223  0.000000
  -15.890  -15.890  -13.857  -13.857  -12.184  -12.184   -3.354   -3.354   -0.923   -0.923
    8.597    8.597    9.231    9.231    9.986    9.986
            0.294667  0.510378  0.000000
  -15.868  -15.868  -13.873  -13.873  -12.197  -12.197   -3.331   -3.331   -0.945   -0.945
    8.596    8.596    9.264    9.264   10.024   10.024
            0.295333  0.511532  0.000000
  -15.845  -15.845  -13.890  -13.890  -12.211  -12.211   -3.309   -3.309   -0.967   -0.967
    8.595    8.596    9.296    9.296   10.063   10.063
            0.296000  0.512687  0.000000
  -15.823  -15.823  -13.906  -13.906  -12.225  -12.225   -3.287   -3.287   -0.989   -0.989
    8.594    8.594    9.329    9.329   10.101   10.101
            0.296667  0.513842  0.000000
  -15.800  -15.800  -13.922  -13.922  -12.238  -12.238   -3.265   -3.265   -1.011   -1.011
    8.593    8.593    9.361    9.361   10.140   10.140
            0.297333  0.514996  0.000000
  -15.778  -15.778  -13.938  -13.938  -12.252  -12.252   -3.242   -3.242   -1.034   -1.034
    8.591    8.591    9.394    9.394   10.178   10.178
            0.298000  0.516151  0.000000
  -15.755  -15.755  -13.954  -13.954  -12.265  -12.265   -3.220   -3.220   -1.056   -1.056
    8.589    8.589    9.426    9.426   10.217   10.217
            0.298667  0.517306  0.000000
  -15.733  -15.733  -13.970  -13.970  -12.278  -12.278   -3.198   -3.198   -1.078   -1.078
    8.587    8.587    9.459    9.459   10.256   10.256
            0.299333  0.518461  0.000000
  -15.711  -15.711  -13.986  -13.986  -12.291  -12.291   -3.176   -3.176   -1.099   -1.099
    8.585    8.585    9.491    9.491   10.295   10.295
            0.300000  0.519615  0.000000
  -15.689  -15.689  -14.002  -14.002  -12.304  -12.304   -3.154   -3.154   -1.121   -1.121
    8.583    8.583    9.524    9.524   10.334   10.334
            0.300667  0.520770  0.000000
  -15.666  -15.666  -14.018  -14.018  -12.317  -12.317   -3.132   -3.132   -1.143   -1.143
    8.580    8.580    9.556    9.556   10.373   10.373
            0.301333  0.521925  0.000000
  -15.644  -15.644  -14.034  -14.034  -12.329  -12.329   -3.110   -3.110   -1.165   -1.165
    8.578    8.578    9.589    9.589   10.412   10.412
            0.302000  0.523079  0.000000
  -15.622  -15.622  -14.050  -14.050  -12.342  -12.342   -3.088   -3.088   -1.186   -1.186
    8.575    8.575    9.621    9.621   10.451   10.451
            0.302667  0.524234  0.000000
  -15.600  -15.600  -14.066  -14.066  -12.354  -12.354   -3.067   -3.067   -1.208   -1.208
    8.572    8.572    9.653    9.653   10.490   10.490
            0.303333  0.525389  0.000000
  -15.578  -15.578  -14.081  -14.081  -12.366  -12.366   -3.045   -3.045   -1.230   -1.230
    8.569    8.569    9.685    9.685   10.529   10.529
            0.304000  0.526543  0.000000
  -15.556  -15.556  -14.097  -14.097  -12.378  -12.378   -3.023   -3.023   -1.251   -1.251
    8.566    8.567    9.717    9.717   10.569   10.569
            0.304667  0.527698  0.000000
  -15.535  -15.535  -14.113  -14.113  -12.390  -12.390   -3.001   -3.001   -1.272   -1.272
    8.563    8.564    9.748    9.748   10.608   10.608
            0.305333  0.528853  0.000000
  -15.513  -15.513  -14.128  -14.128  -12.402  -12.402   -2.980   -2.980   -1.294   -1.294
    8.560    8.560    9.780    9.780   10.648   10.648
            0.306000  0.530008  0.000000
  -15.491  -15.491  -14.144  -14.144  -12.414  -12.414   -2.958   -2.958   -1.315   -1.315
    8.557    8.557    9.811    9.812   10.687   10.687
            0.306667  0.531162  0.000000
  -15.470  -15.470  -14.159  -14.159  -12.425  -12.425   -2.937   -2.937   -1.336   -1.336
    8.554    8.554    9.843    9.843   10.727   10.727
            0.307333  0.532317  0.000000
  -15.448  -15.448  -14.174  -14.174  -12.436  -12.436   -2.915   -2.915   -1.357   -1.357
    8.551    8.551    9.874    9.874   10.766   10.766
            0.308000  0.533472  0.000000
  -15.427  -15.427  -14.190  -14.190  -12.447  -12.447   -2.894   -2.894   -1.378   -1.378
    8.548    8.548    9.905    9.905   10.806   10.806
            0.308667  0.534626  0.000000
  -15.405  -15.405  -14.205  -14.205  -12.458  -12.458   -2.872   -2.872   -1.399   -1.399
    8.545    8.545    9.936    9.936   10.845   10.845
            0.309333  0.535781  0.000000
  -15.384  -15.384  -14.220  -14.220  -12.469  -12.469   -2.851   -2.851   -1.420   -1.420
    8.542    8.542    9.966    9.966   10.859   10.859
            0.310000  0.536936  0.000000
  -15.363  -15.363  -14.235  -14.235  -12.480  -12.480   -2.830   -2.830   -1.441   -1.441
    8.539    8.539    9.996    9.996   10.858   10.858
            0.310667  0.538090  0.000000
  -15.342  -15.342  -14.251  -14.251  -12.490  -12.490   -2.809   -2.808   -1.462   -1.462
    8.535    8.535   10.026   10.026   10.857   10.857
            0.311333  0.539245  0.000000
  -15.321  -15.321  -14.266  -14.266  -12.500  -12.500   -2.787   -2.787   -1.483   -1.483
    8.532    8.532   10.056   10.056   10.856   10.856
            0.312000  0.540400  0.000000
  -15.300  -15.300  -14.281  -14.281  -12.510  -12.510   -2.766   -2.766   -1.504   -1.504
    8.529    8.529   10.085   10.086   10.855   10.855
            0.312667  0.541555  0.000000
  -15.280  -15.280  -14.296  -14.296  -12.520  -12.520   -2.745   -2.745   -1.524   -1.524
    8.526    8.526   10.115   10.115   10.853   10.853
            0.313333  0.542709  0.000000
  -15.259  -15.259  -14.311  -14.311  -12.529  -12.529   -2.724   -2.724   -1.545   -1.545
    8.523    8.523   10.143   10.144   10.852   10.852
            0.314000  0.543864  0.000000
  -15.239  -15.239  -14.325  -14.325  -12.539  -12.539   -2.703   -2.703   -1.565   -1.565
    8.520    8.520   10.172   10.172   10.850   10.850
            0.314667  0.545019  0.000000
  -15.218  -15.218  -14.340  -14.340  -12.548  -12.548   -2.683   -2.683   -1.586   -1.586
    8.517    8.517   10.200   10.200   10.848   10.848
            0.315333  0.546173  0.000000
  -15.198  -15.198  -14.355  -14.355  -12.557  -12.557   -2.662   -2.662   -1.606   -1.606
    8.514    8.514   10.228   10.228   10.846   10.846
            0.316000  0.547328  0.000000
  -15.178  -15.178  -14.370  -14.370  -12.565  -12.565   -2.641   -2.641   -1.626   -1.626
    8.511    8.511   10.255   10.255   10.844   10.844
            0.316667  0.548483  0.000000
  -15.158  -15.158  -14.384  -14.384  -12.574  -12.574   -2.621   -2.621   -1.647   -1.647
    8.509    8.509   10.282   10.282   10.841   10.841
            0.317333  0.549637  0.000000
  -15.139  -15.139  -14.399  -14.399  -12.582  -12.582   -2.600   -2.600   -1.667   -1.667
    8.506    8.506   10.308   10.308   10.839   10.839
            0.318000  0.550792  0.000000
  -15.119  -15.119  -14.414  -14.414  -12.590  -12.590   -2.580   -2.580   -1.687   -1.687
    8.503    8.503   10.334   10.334   10.836   10.836
            0.318667  0.551947  0.000000
  -15.100  -15.100  -14.428  -14.428  -12.598  -12.598   -2.559   -2.559   -1.707   -1.707
    8.501    8.501   10.359   10.360   10.833   10.833
            0.319333  0.553102  0.000000
  -15.081  -15.081  -14.443  -14.443  -12.605  -12.605   -2.539   -2.539   -1.727   -1.727
    8.498    8.498   10.384   10.384   10.830   10.830
            0.320000  0.554256  0.000000
  -15.062  -15.062  -14.457  -14.457  -12.612  -12.612   -2.519   -2.519   -1.747   -1.747
    8.496    8.496   10.408   10.409   10.827   10.827
            0.320667  0.555411  0.000000
  -15.043  -15.043  -14.471  -14.471  -12.619  -12.619   -2.498   -2.498   -1.767   -1.767
    8.494    8.494   10.432   10.432   10.823   10.823
            0.321333  0.556566  0.000000
  -15.025  -15.025  -14.486  -14.486  -12.626  -12.626   -2.478   -2.478   -1.786   -1.786
    8.492    8.492   10.455   10.455   10.820   10.820
            0.322000  0.557720  0.000000
  -15.006  -15.006  -14.500  -14.500  -12.632  -12.632   -2.458   -2.458   -1.806   -1.806
    8.489    8.489   10.477   10.477   10.816   10.816
            0.322667  0.558875  0.000000
  -14.988  -14.988  -14.514  -14.514  -12.638  -12.638   -2.438   -2.438   -1.826   -1.826
    8.487    8.487   10.499   10.499   10.812   10.812
            0.323333  0.560030  0.000000
  -14.970  -14.970  -14.528  -14.528  -12.644  -12.644   -2.419   -2.419   -1.845   -1.845
    8.485    8.485   10.520   10.520   10.808   10.808
            0.324000  0.561184  0.000000
  -14.953  -14.953  -14.542  -14.542  -12.649  -12.649   -2.399   -2.399   -1.865   -1.865
    8.484    8.484   10.540   10.540   10.803   10.804
            0.324667  0.562339  0.000000
  -14.935  -14.935  -14.556  -14.556  -12.654  -12.654   -2.379   -2.379   -1.884   -1.884
    8.482    8.482   10.559   10.559   10.799   10.799
            0.325333  0.563494  0.000000
  -14.918  -14.918  -14.570  -14.570  -12.659  -12.659   -2.359   -2.359   -1.904   -1.904
    8.480    8.480   10.578   10.578   10.794   10.794
            0.326000  0.564649  0.000000
  -14.901  -14.901  -14.584  -14.584  -12.663  -12.663   -2.340   -2.340   -1.923   -1.923
    8.479    8.479   10.595   10.595   10.790   10.790
            0.326667  0.565803  0.000000
  -14.884  -14.884  -14.598  -14.598  -12.668  -12.668   -2.320   -2.320   -1.942   -1.942
    8.478    8.478   10.612   10.612   10.785   10.785
            0.327333  0.566958  0.000000
  -14.868  -14.868  -14.612  -14.612  -12.671  -12.671   -2.301   -2.301   -1.961   -1.961
    8.476    8.476   10.628   10.628   10.780   10.780
            0.328000  0.568113  0.000000
  -14.852  -14.852  -14.626  -14.626  -12.675  -12.675   -2.282   -2.282   -1.980   -1.980
    8.475    8.475   10.643   10.643   10.774   10.774
            0.328667  0.569267  0.000000
  -14.836  -14.836  -14.640  -14.640  -12.678  -12.678   -2.263   -2.263   -1.999   -1.999
    8.474    8.474   10.657   10.657   10.769   10.769
            0.329333  0.570422  0.000000
  -14.821  -14.821  -14.653  -14.653  -12.680  -12.680   -2.243   -2.243   -2.018   -2.018
    8.473    8.473   10.670   10.670   10.763   10.763
            0.330000  0.571577  0.000000
  -14.805  -14.805  -14.667  -14.667  -12.683  -12.683   -2.224   -2.224   -2.037   -2.037
    8.473    8.473   10.682   10.682   10.758   10.758
            0.330667  0.572731  0.000000
  -14.791  -14.791  -14.681  -14.681  -12.684  -12.684   -2.205   -2.205   -2.056   -2.056
    8.472    8.472   10.693   10.693   10.752   10.752
            0.331333  0.573886  0.000000
  -14.776  -14.776  -14.694  -14.694  -12.686  -12.686   -2.187   -2.187   -2.075   -2.075
    8.472    8.472   10.703   10.703   10.746   10.746
            0.332000  0.575041  0.000000
  -14.762  -14.762  -14.708  -14.708  -12.687  -12.687   -2.168   -2.168   -2.093   -2.093
    8.471    8.471   10.711   10.712   10.740   10.740
            0.332667  0.576196  0.000000
  -14.748  -14.748  -14.721  -14.721  -12.688  -12.688   -2.149   -2.149   -2.112   -2.112
    8.471    8.471   10.719   10.719   10.733   10.734
            0.333333  0.577350  0.000000
  -14.736  -14.735  -14.733  -14.733  -12.688  -12.688   -2.131   -2.131   -2.131   -2.131
    8.471    8.471   10.725   10.725   10.729   10.729
            0.333667  0.576773  0.000000
  -14.741  -14.741  -14.728  -14.728  -12.688  -12.688   -2.140   -2.140   -2.121   -2.121
    8.471    8.471   10.723   10.723   10.730   10.731
            0.334000  0.576196  0.000000
  -14.748  -14.748  -14.721  -14.721  -12.688  -12.688   -2.149   -2.149   -2.112   -2.112
    8.471    8.471   10.720   10.720   10.733   10.733
            0.334333  0.575618  0.000000
  -14.754  -14.754  -14.715  -14.715  -12.687  -12.687   -2.158   -2.158   -2.103   -2.103
    8.471    8.471   10.716   10.717   10.736   10.736
            0.334667  0.575041  0.000000
  -14.761  -14.761  -14.708  -14.708  -12.687  -12.687   -2.168   -2.168   -2.094   -2.094
    8.471    8.471   10.713   10.713   10.738   10.738
            0.335000  0.574464  0.000000
  -14.768  -14.768  -14.702  -14.702  -12.686  -12.686   -2.177   -2.177   -2.085   -2.085
    8.471    8.471   10.710   10.710   10.740   10.740
            0.335333  0.573886  0.000000
  -14.774  -14.774  -14.696  -14.696  -12.686  -12.686   -2.186   -2.186   -2.076   -2.076
    8.472    8.472   10.706   10.706   10.742   10.742
            0.335667  0.573309  0.000000
  -14.781  -14.781  -14.690  -14.690  -12.685  -12.685   -2.195   -2.195   -2.066   -2.066
    8.472    8.472   10.703   10.703   10.744   10.744
            0.336000  0.572731  0.000000
  -14.787  -14.787  -14.684  -14.684  -12.684  -12.684   -2.204   -2.204   -2.057   -2.057
    8.472    8.472   10.699   10.699   10.745   10.746
            0.336333  0.572154  0.000000
  -14.794  -14.794  -14.678  -14.678  -12.683  -12.683   -2.213   -2.213   -2.048   -2.048
    8.472    8.472   10.696   10.696   10.747   10.747
            0.336667  0.571577  0.000000
  -14.801  -14.801  -14.672  -14.672  -12.682  -12.682   -2.222   -2.222   -2.039   -2.039
    8.473    8.473   10.692   10.692   10.748   10.748
            0.337000  0.570999  0.000000
  -14.807  -14.807  -14.667  -14.667  -12.681  -12.681   -2.232   -2.231   -2.030   -2.030
    8.473    8.473   10.689   10.689   10.749   10.749
            0.337333  0.570422  0.000000
  -14.814  -14.814  -14.661  -14.661  -12.680  -12.680   -2.241   -2.241   -2.021   -2.021
    8.473    8.474   10.685   10.685   10.749   10.749
            0.337667  0.569845  0.000000
  -14.820  -14.820  -14.655  -14.655  -12.678  -12.678   -2.250   -2.250   -2.012   -2.012
    8.474    8.474   10.681   10.681   10.750   10.750
            0.338000  0.569267  0.000000
  -14.827  -14.827  -14.650  -14.650  -12.677  -12.677   -2.259   -2.259   -2.003   -2.003
    8.474    8.474   10.677   10.678   10.750   10.750
            0.338333  0.568690  0.000000
  -14.833  -14.833  -14.645  -14.645  -12.675  -12.675   -2.268   -2.268   -1.994   -1.994
    8.475    8.475   10.674   10.674   10.750   10.750
            0.338667  0.568113  0.000000
  -14.840  -14.840  -14.639  -14.639  -12.674  -12.674   -2.277   -2.277   -1.986   -1.986
    8.476    8.476   10.670   10.670   10.750   10.750
            0.339000  0.567535  0.000000
  -14.846  -14.846  -14.634  -14.634  -12.672  -12.672   -2.286   -2.286   -1.977   -1.977
    8.476    8.476   10.666   10.666   10.750   10.750
            0.339333  0.566958  0.000000
  -14.853  -14.853  -14.629  -14.629  -12.670  -12.670   -2.295   -2.295   -1.968   -1.968
    8.477    8.477   10.662   10.662   10.749   10.749
            0.339667  0.566381  0.000000
  -14.859  -14.859  -14.624  -14.624  -12.668  -12.668   -2.304   -2.304   -1.959   -1.959
    8.477    8.477   10.658   10.658   10.748   10.748
            0.340000  0.565803  0.000000
  -14.865  -14.865  -14.620  -14.620  -12.665  -12.665   -2.312   -2.312   -1.950   -1.950
    8.478    8.478   10.654   10.654   10.747   10.748
            0.340333  0.565226  0.000000
  -14.872  -14.872  -14.615  -14.615  -12.663  -12.663   -2.321   -2.321   -1.942   -1.942
    8.479    8.479   10.650   10.651   10.746   10.746
            0.340667  0.564649  0.000000
  -14.878  -14.878  -14.610  -14.610  -12.661  -12.661   -2.330   -2.330   -1.933   -1.933
    8.480    8.480   10.646   10.647   10.745   10.745
            0.341000  0.564071  0.000000
  -14.885  -14.885  -14.606  -14.606  -12.658  -12.658   -2.339   -2.339   -1.924   -1.924
    8.481    8.481   10.642   10.643   10.744   10.744
            0.341333  0.563494  0.000000
  -14.891  -14.891  -14.601  -14.601  -12.655  -12.655   -2.348   -2.348   -1.915   -1.915
    8.481    8.481   10.638   10.638   10.742   10.742
            0.341667  0.562917  0.000000
  -14.897  -14.897  -14.597  -14.597  -12.652  -12.652   -2.357   -2.357   -1.907   -1.907
    8.482    8.482   10.634   10.634   10.740   10.741
            0.342000  0.562339  0.000000
  -14.904  -14.904  -14.593  -14.593  -12.650  -12.650   -2.366   -2.366   -1.898   -1.898
    8.483    8.483   10.630   10.630   10.739   10.739
            0.342333  0.561762  0.000000
  -14.910  -14.910  -14.589  -14.589  -12.647  -12.647   -2.374   -2.374   -1.890   -1.890
    8.484    8.484   10.626   10.626   10.737   10.737
            0.342667  0.561184  0.000000
  -14.916  -14.916  -14.585  -14.585  -12.643  -12.643   -2.383   -2.383   -1.881   -1.881
    8.485    8.485   10.622   10.622   10.734   10.734
            0.343000  0.560607  0.000000
  -14.923  -14.923  -14.581  -14.581  -12.640  -12.640   -2.392   -2.392   -1.872   -1.872
    8.486    8.486   10.618   10.618   10.732   10.732
            0.343333  0.560030  0.000000
  -14.929  -14.929  -14.577  -14.577  -12.637  -12.637   -2.401   -2.401   -1.864   -1.864
    8.487    8.487   10.614   10.614   10.729   10.730
            0.343667  0.559452  0.000000
  -14.935  -14.935  -14.573  -14.573  -12.633  -12.633   -2.410   -2.410   -1.855   -1.855
    8.489    8.489   10.609   10.609   10.727   10.727
            0.344000  0.558875  0.000000
  -14.941  -14.941  -14.570  -14.570  -12.629  -12.629   -2.418   -2.418   -1.847   -1.847
    8.490    8.490   10.605   10.605   10.724   10.724
            0.344333  0.558298  0.000000
  -14.948  -14.948  -14.566  -14.566  -12.626  -12.626   -2.427   -2.427   -1.838   -1.838
    8.491    8.491   10.601   10.601   10.721   10.721
            0.344667  0.557720  0.000000
  -14.954  -14.954  -14.563  -14.563  -12.622  -12.622   -2.436   -2.436   -1.830   -1.830
    8.492    8.492   10.596   10.597   10.718   10.718
            0.345000  0.557143  0.000000
  -14.960  -14.960  -14.560  -14.560  -12.618  -12.618   -2.444   -2.444   -1.822   -1.822
    8.493    8.493   10.592   10.592   10.715   10.715
            0.345333  0.556566  0.000000
  -14.966  -14.966  -14.556  -14.556  -12.614  -12.614   -2.453   -2.453   -1.813   -1.813
    8.495    8.495   10.588   10.588   10.712   10.712
            0.345667  0.555988  0.000000
  -14.973  -14.973  -14.553  -14.553  -12.609  -12.609   -2.462   -2.462   -1.805   -1.805
    8.496    8.496   10.583   10.583   10.708   10.708
            0.346000  0.555411  0.000000
  -14.979  -14.979  -14.550  -14.550  -12.605  -12.605   -2.470   -2.470   -1.797   -1.797
    8.498    8.498   10.579   10.579   10.705   10.705
            0.346333  0.554834  0.000000
  -14.985  -14.985  -14.548  -14.548  -12.601  -12.601   -2.479   -2.479   -1.788   -1.788
    8.499    8.499   10.574   10.575   10.701   10.701
            0.346667  0.554256  0.000000
  -14.991  -14.991  -14.545  -14.545  -12.596  -12.596   -2.487   -2.487   -1.780   -1.780
    8.501    8.501   10.570   10.570   10.697   10.697
            0.347000  0.553679  0.000000
  -14.997  -14.997  -14.542  -14.542  -12.591  -12.591   -2.496   -2.496   -1.772   -1.772
    8.502    8.502   10.566   10.566   10.693   10.693
            0.347333  0.553102  0.000000
  -15.003  -15.003  -14.540  -14.540  -12.586  -12.586   -2.504   -2.504   -1.764   -1.764
    8.504    8.504   10.561   10.561   10.689   10.689
            0.347667  0.552524  0.000000
  -15.009  -15.009  -14.537  -14.537  -12.581  -12.581   -2.513   -2.513   -1.755   -1.755
    8.505    8.505   10.556   10.557   10.685   10.685
            0.348000  0.551947  0.000000
  -15.016  -15.016  -14.535  -14.535  -12.576  -12.576   -2.522   -2.522   -1.747   -1.747
    8.507    8.507   10.552   10.552   10.681   10.681
            0.348333  0.551370  0.000000
  -15.022  -15.022  -14.532  -14.532  -12.571  -12.571   -2.530   -2.530   -1.739   -1.739
    8.509    8.509   10.547   10.547   10.677   10.677
            0.348667  0.550792  0.000000
  -15.028  -15.028  -14.530  -14.530  -12.566  -12.566   -2.538   -2.538   -1.731   -1.731
    8.510    8.510   10.543   10.543   10.672   10.672
            0.349000  0.550215  0.000000
  -15.034  -15.034  -14.528  -14.528  -12.561  -12.561   -2.547   -2.547   -1.723   -1.723
    8.512    8.512   10.538   10.538   10.667   10.668
            0.349333  0.549637  0.000000
  -15.040  -15.040  -14.526  -14.526  -12.555  -12.555   -2.555   -2.555   -1.715   -1.715
    8.514    8.514   10.533   10.534   10.663   10.663
            0.349667  0.549060  0.000000
  -15.046  -15.046  -14.524  -14.524  -12.549  -12.549   -2.564   -2.564   -1.707   -1.707
    8.516    8.516   10.529   10.529   10.658   10.658
            0.350000  0.548483  0.000000
  -15.052  -15.052  -14.522  -14.522  -12.544  -12.544   -2.572   -2.572   -1.699   -1.699
    8.518    8.518   10.524   10.524   10.653   10.653
            0.350333  0.547905  0.000000
  -15.058  -15.058  -14.521  -14.521  -12.538  -12.538   -2.581   -2.581   -1.691   -1.691
    8.520    8.520   10.519   10.520   10.648   10.648
            0.350667  0.547328  0.000000
  -15.064  -15.064  -14.519  -14.519  -12.532  -12.532   -2.589   -2.589   -1.683   -1.683
    8.522    8.522   10.515   10.515   10.643   10.643
            0.351000  0.546751  0.000000
  -15.070  -15.070  -14.518  -14.518  -12.526  -12.526   -2.597   -2.597   -1.675   -1.675
    8.524    8.524   10.510   10.510   10.638   10.638
            0.351333  0.546173  0.000000
  -15.076  -15.076  -14.516  -14.516  -12.520  -12.520   -2.606   -2.606   -1.667   -1.667
    8.526    8.526   10.505   10.505   10.633   10.633
            0.351667  0.545596  0.000000
  -15.082  -15.082  -14.515  -14.515  -12.513  -12.513   -2.614   -2.614   -1.660   -1.660
    8.528    8.528   10.500   10.500   10.627   10.627
            0.352000  0.545019  0.000000
  -15.088  -15.088  -14.514  -14.514  -12.507  -12.507   -2.622   -2.622   -1.652   -1.652
    8.530    8.530   10.496   10.496   10.622   10.622
            0.352333  0.544441  0.000000
  -15.094  -15.094  -14.512  -14.512  -12.501  -12.501   -2.631   -2.631   -1.644   -1.644
    8.532    8.532   10.491   10.491   10.616   10.616
            0.352667  0.543864  0.000000
  -15.100  -15.100  -14.511  -14.511  -12.494  -12.494   -2.639   -2.639   -1.636   -1.636
    8.534    8.534   10.486   10.486   10.610   10.610
            0.353000  0.543287  0.000000
  -15.106  -15.106  -14.510  -14.510  -12.487  -12.487   -2.647   -2.647   -1.628   -1.628
    8.537    8.537   10.481   10.481   10.605   10.605
            0.353333  0.542709  0.000000
  -15.112  -15.112  -14.509  -14.509  -12.480  -12.480   -2.655   -2.655   -1.621   -1.621
    8.539    8.539   10.476   10.476   10.599   10.599
            0.353667  0.542132  0.000000
  -15.117  -15.117  -14.509  -14.509  -12.474  -12.474   -2.664   -2.664   -1.613   -1.613
    8.541    8.541   10.471   10.471   10.593   10.593
            0.354000  0.541555  0.000000
  -15.123  -15.123  -14.508  -14.508  -12.467  -12.467   -2.672   -2.672   -1.605   -1.605
    8.544    8.544   10.466   10.466   10.587   10.587
            0.354333  0.540977  0.000000
  -15.129  -15.129  -14.507  -14.507  -12.459  -12.459   -2.680   -2.680   -1.598   -1.598
    8.546    8.546   10.461   10.462   10.580   10.580
            0.354667  0.540400  0.000000
  -15.135  -15.135  -14.507  -14.507  -12.452  -12.452   -2.688   -2.688   -1.590   -1.590
    8.548    8.548   10.456   10.457   10.574   10.574
            0.355000  0.539823  0.000000
  -15.141  -15.141  -14.506  -14.506  -12.445  -12.445   -2.696   -2.696   -1.583   -1.583
    8.551    8.551   10.452   10.452   10.568   10.568
            0.355333  0.539245  0.000000
  -15.147  -15.147  -14.506  -14.506  -12.438  -12.438   -2.704   -2.704   -1.575   -1.575
    8.554    8.554   10.447   10.447   10.561   10.561
            0.355667  0.538668  0.000000
  -15.153  -15.153  -14.505  -14.505  -12.430  -12.430   -2.712   -2.712   -1.568   -1.568
    8.556    8.556   10.442   10.442   10.555   10.555
            0.356000  0.538090  0.000000
  -15.158  -15.158  -14.505  -14.505  -12.423  -12.423   -2.721   -2.721   -1.560   -1.560
    8.559    8.559   10.437   10.437   10.548   10.548
            0.356333  0.537513  0.000000
  -15.164  -15.164  -14.505  -14.505  -12.415  -12.415   -2.729   -2.729   -1.553   -1.553
    8.561    8.561   10.432   10.432   10.541   10.541
            0.356667  0.536936  0.000000
  -15.170  -15.170  -14.505  -14.505  -12.407  -12.407   -2.737   -2.737   -1.545   -1.545
    8.564    8.564   10.426   10.427   10.534   10.534
            0.357000  0.536358  0.000000
  -15.176  -15.176  -14.505  -14.505  -12.399  -12.399   -2.745   -2.745   -1.538   -1.538
    8.567    8.567   10.421   10.422   10.527   10.527
            0.357333  0.535781  0.000000
  -15.181  -15.181  -14.505  -14.505  -12.391  -12.391   -2.753   -2.753   -1.531   -1.531
    8.570    8.570   10.416   10.416   10.520   10.520
            0.357667  0.535204  0.000000
  -15.187  -15.187  -14.505  -14.505  -12.383  -12.383   -2.761   -2.761   -1.523   -1.523
    8.572    8.572   10.411   10.411   10.513   10.513
            0.358000  0.534626  0.000000
  -15.193  -15.193  -14.505  -14.505  -12.375  -12.375   -2.769   -2.769   -1.516   -1.516
    8.575    8.575   10.406   10.406   10.505   10.505
            0.358333  0.534049  0.000000
  -15.198  -15.198  -14.506  -14.506  -12.367  -12.367   -2.777   -2.777   -1.509   -1.509
    8.578    8.578   10.401   10.401   10.498   10.498
            0.358667  0.533472  0.000000
  -15.204  -15.204  -14.506  -14.506  -12.359  -12.359   -2.785   -2.785   -1.502   -1.502
    8.581    8.581   10.396   10.396   10.490   10.490
            0.359000  0.532894  0.000000
  -15.210  -15.210  -14.506  -14.506  -12.350  -12.350   -2.793   -2.793   -1.494   -1.494
    8.584    8.584   10.391   10.391   10.483   10.483
            0.359333  0.532317  0.000000
  -15.216  -15.216  -14.507  -14.507  -12.342  -12.342   -2.800   -2.800   -1.487   -1.487
    8.587    8.587   10.386   10.386   10.475   10.475
            0.359667  0.531740  0.000000
  -15.221  -15.221  -14.507  -14.507  -12.333  -12.333   -2.808   -2.808   -1.480   -1.480
    8.590    8.590   10.381   10.381   10.467   10.467
            0.360000  0.531162  0.000000
  -15.227  -15.227  -14.508  -14.508  -12.325  -12.325   -2.816   -2.816   -1.473   -1.473
    8.593    8.593   10.375   10.376   10.459   10.459
            0.360333  0.530585  0.000000
  -15.232  -15.232  -14.509  -14.509  -12.316  -12.316   -2.824   -2.824   -1.466   -1.466
    8.596    8.596   10.370   10.370   10.451   10.451
            0.360667  0.530008  0.000000
  -15.238  -15.238  -14.509  -14.509  -12.307  -12.307   -2.832   -2.832   -1.459   -1.459
    8.599    8.599   10.365   10.365   10.442   10.442
            0.361000  0.529430  0.000000
  -15.244  -15.244  -14.510  -14.510  -12.299  -12.299   -2.840   -2.840   -1.452   -1.452
    8.603    8.603   10.360   10.360   10.434   10.434
            0.361333  0.528853  0.000000
  -15.249  -15.249  -14.511  -14.511  -12.290  -12.290   -2.848   -2.848   -1.445   -1.445
    8.606    8.606   10.355   10.355   10.425   10.425
            0.361667  0.528275  0.000000
  -15.255  -15.255  -14.512  -14.512  -12.281  -12.281   -2.855   -2.855   -1.438   -1.438
    8.609    8.609   10.349   10.350   10.417   10.417
            0.362000  0.527698  0.000000
  -15.260  -15.260  -14.513  -14.513  -12.272  -12.272   -2.863   -2.863   -1.431   -1.431
    8.612    8.613   10.344   10.344   10.408   10.408
            0.362333  0.527121  0.000000
  -15.266  -15.266  -14.514  -14.514  -12.263  -12.263   -2.871   -2.871   -1.424   -1.424
    8.616    8.616   10.339   10.339   10.399   10.399
            0.362667  0.526543  0.000000
  -15.271  -15.271  -14.515  -14.515  -12.253  -12.253   -2.879   -2.879   -1.417   -1.417
    8.619    8.619   10.334   10.334   10.390   10.390
            0.363000  0.525966  0.000000
  -15.277  -15.277  -14.516  -14.516  -12.244  -12.244   -2.886   -2.886   -1.410   -1.410
    8.623    8.623   10.328   10.329   10.380   10.380
            0.363333  0.525389  0.000000
  -15.282  -15.282  -14.517  -14.517  -12.235  -12.235   -2.894   -2.894   -1.403   -1.403
    8.626    8.626   10.323   10.323   10.371   10.371
            0.363667  0.524811  0.000000
  -15.288  -15.288  -14.518  -14.518  -12.225  -12.225   -2.902   -2.902   -1.397   -1.397
    8.630    8.630   10.318   10.318   10.361   10.361
            0.364000  0.524234  0.000000
  -15.293  -15.293  -14.520  -14.520  -12.216  -12.216   -2.909   -2.909   -1.390   -1.390
    8.633    8.633   10.313   10.313   10.352   10.352
            0.364333  0.523657  0.000000
  -15.299  -15.299  -14.521  -14.521  -12.206  -12.206   -2.917   -2.917   -1.383   -1.383
    8.637    8.637   10.307   10.307   10.342   10.342
            0.364667  0.523079  0.000000
  -15.304  -15.304  -14.523  -14.523  -12.197  -12.197   -2.925   -2.925   -1.376   -1.376
    8.640    8.640   10.302   10.302   10.332   10.332
            0.365000  0.522502  0.000000
  -15.310  -15.310  -14.524  -14.524  -12.187  -12.187   -2.932   -2.932   -1.370   -1.370
    8.644    8.644   10.297   10.297   10.322   10.322
            0.365333  0.521925  0.000000
  -15.315  -15.315  -14.526  -14.526  -12.177  -12.177   -2.940   -2.940   -1.363   -1.363
    8.648    8.648   10.291   10.292   10.311   10.311
            0.365667  0.521347  0.000000
  -15.321  -15.321  -14.527  -14.527  -12.168  -12.168   -2.947   -2.947   -1.357   -1.357
    8.651    8.651   10.286   10.286   10.301   10.301
            0.366000  0.520770  0.000000
  -15.326  -15.326  -14.529  -14.529  -12.158  -12.158   -2.955   -2.955   -1.350   -1.350
    8.655    8.655   10.281   10.281   10.290   10.290
            0.366333  0.520193  0.000000
  -15.331  -15.331  -14.530  -14.530  -12.148  -12.148   -2.962   -2.962   -1.343   -1.343
    8.659    8.659   10.275   10.275   10.280   10.280
            0.366667  0.519615  0.000000
  -15.337  -15.337  -14.532  -14.532  -12.138  -12.138   -2.970   -2.970   -1.337   -1.337
    8.663    8.663   10.267   10.267   10.271   10.271
            0.367000  0.519038  0.000000
  -15.342  -15.342  -14.534  -14.534  -12.128  -12.128   -2.977   -2.977   -1.330   -1.330
    8.667    8.667   10.257   10.257   10.265   10.265
            0.367333  0.518461  0.000000
  -15.347  -15.347  -14.535  -14.535  -12.118  -12.118   -2.985   -2.985   -1.324   -1.324
    8.671    8.671   10.246   10.246   10.260   10.260
            0.367667  0.517883  0.000000
  -15.353  -15.353  -14.537  -14.537  -12.108  -12.108   -2.992   -2.992   -1.318   -1.318
    8.675    8.675   10.234   10.234   10.254   10.254
            0.368000  0.517306  0.000000
  -15.358  -15.358  -14.539  -14.539  -12.098  -12.098   -3.000   -3.000   -1.311   -1.311
    8.679    8.679   10.223   10.223   10.249   10.249
            0.368333  0.516728  0.000000
  -15.363  -15.363  -14.541  -14.541  -12.087  -12.087   -3.007   -3.007   -1.305   -1.305
    8.683    8.683   10.211   10.211   10.244   10.244
            0.368667  0.516151  0.000000
  -15.369  -15.369  -14.543  -14.543  -12.077  -12.077   -3.015   -3.015   -1.298   -1.298
    8.687    8.687   10.199   10.199   10.238   10.238
            0.369000  0.515574  0.000000
  -15.374  -15.374  -14.545  -14.545  -12.067  -12.067   -3.022   -3.022   -1.292   -1.292
    8.691    8.691   10.187   10.187   10.233   10.233
            0.369333  0.514996  0.000000
  -15.379  -15.379  -14.547  -14.547  -12.056  -12.056   -3.029   -3.029   -1.286   -1.286
    8.695    8.695   10.175   10.175   10.227   10.228
            0.369667  0.514419  0.000000
  -15.385  -15.385  -14.549  -14.549  -12.046  -12.046   -3.037   -3.037   -1.280   -1.280
    8.699    8.699   10.162   10.162   10.222   10.222
            0.370000  0.513842  0.000000
  -15.390  -15.390  -14.551  -14.551  -12.035  -12.035   -3.044   -3.044   -1.273   -1.273
    8.703    8.703   10.150   10.150   10.217   10.217
            0.370333  0.513264  0.000000
  -15.395  -15.395  -14.553  -14.553  -12.025  -12.025   -3.052   -3.051   -1.267   -1.267
    8.707    8.707   10.137   10.137   10.211   10.211
            0.370667  0.512687  0.000000
  -15.400  -15.400  -14.555  -14.555  -12.014  -12.014   -3.059   -3.059   -1.261   -1.261
    8.712    8.712   10.124   10.124   10.206   10.206
            0.371000  0.512110  0.000000
  -15.405  -15.405  -14.558  -14.558  -12.004  -12.004   -3.066   -3.066   -1.255   -1.255
    8.716    8.716   10.111   10.111   10.201   10.201
            0.371333  0.511532  0.000000
  -15.411  -15.411  -14.560  -14.560  -11.993  -11.993   -3.073   -3.073   -1.249   -1.249
    8.720    8.720   10.098   10.098   10.195   10.195
            0.371667  0.510955  0.000000
  -15.416  -15.416  -14.562  -14.562  -11.982  -11.982   -3.081   -3.081   -1.243   -1.243
    8.725    8.725   10.084   10.084   10.190   10.190
            0.372000  0.510378  0.000000
  -15.421  -15.421  -14.564  -14.564  -11.972  -11.972   -3.088   -3.088   -1.237   -1.237
    8.729    8.729   10.071   10.071   10.184   10.184
            0.372333  0.509800  0.000000
  -15.426  -15.426  -14.567  -14.567  -11.961  -11.961   -3.095   -3.095   -1.231   -1.231
    8.733    8.733   10.057   10.057   10.179   10.179
            0.372667  0.509223  0.000000
  -15.431  -15.431  -14.569  -14.569  -11.950  -11.950   -3.102   -3.102   -1.225   -1.225
    8.738    8.738   10.043   10.043   10.174   10.174
            0.373000  0.508646  0.000000
  -15.436  -15.436  -14.571  -14.571  -11.939  -11.939   -3.109   -3.109   -1.219   -1.219
    8.742    8.742   10.029   10.029   10.168   10.168
            0.373333  0.508068  0.000000
  -15.441  -15.441  -14.574  -14.574  -11.928  -11.928   -3.117   -3.117   -1.213   -1.213
    8.747    8.747   10.015   10.015   10.163   10.163
            0.373667  0.507491  0.000000
  -15.447  -15.447  -14.576  -14.576  -11.917  -11.917   -3.124   -3.124   -1.207   -1.207
    8.751    8.751   10.001   10.001   10.157   10.157
            0.374000  0.506914  0.000000
  -15.452  -15.452  -14.579  -14.579  -11.906  -11.906   -3.131   -3.131   -1.201   -1.201
    8.756    8.756    9.987    9.987   10.152   10.152
            0.374333  0.506336  0.000000
  -15.457  -15.457  -14.581  -14.581  -11.895  -11.895   -3.138   -3.138   -1.195   -1.195
    8.761    8.761    9.972    9.972   10.147   10.147
            0.374667  0.505759  0.000000
  -15.462  -15.462  -14.584  -14.584  -11.884  -11.884   -3.145   -3.145   -1.190   -1.190
    8.765    8.765    9.958    9.958   10.141   10.141
            0.375000  0.505181  0.000000
  -15.467  -15.467  -14.586  -14.586  -11.873  -11.873   -3.152   -3.152   -1.184   -1.184
    8.770    8.770    9.943    9.943   10.136   10.136
            0.375333  0.504604  0.000000
  -15.472  -15.472  -14.589  -14.589  -11.862  -11.862   -3.159   -3.159   -1.178   -1.178
    8.774    8.775    9.928    9.928   10.130   10.130
            0.375667  0.504027  0.000000
  -15.477  -15.477  -14.592  -14.592  -11.851  -11.851   -3.166   -3.166   -1.172   -1.172
    8.779    8.779    9.913    9.913   10.125   10.125
            0.376000  0.503449  0.000000
  -15.482  -15.482  -14.594  -14.594  -11.839  -11.839   -3.173   -3.173   -1.167   -1.167
    8.784    8.784    9.898    9.898   10.119   10.120
            0.376333  0.502872  0.000000
  -15.487  -15.487  -14.597  -14.597  -11.828  -11.828   -3.180   -3.180   -1.161   -1.161
    8.789    8.789    9.883    9.883   10.114   10.114
            0.376667  0.502295  0.000000
  -15.492  -15.492  -14.599  -14.599  -11.817  -11.817   -3.187   -3.187   -1.155   -1.155
    8.794    8.794    9.868    9.868   10.109   10.109
            0.377000  0.501717  0.000000
  -15.497  -15.497  -14.602  -14.602  -11.806  -11.806   -3.194   -3.194   -1.150   -1.150
    8.798    8.798    9.852    9.852   10.103   10.103
            0.377333  0.501140  0.000000
  -15.502  -15.502  -14.605  -14.605  -11.794  -11.794   -3.201   -3.201   -1.144   -1.144
    8.803    8.803    9.837    9.837   10.098   10.098
            0.377667  0.500563  0.000000
  -15.507  -15.507  -14.608  -14.608  -11.783  -11.783   -3.208   -3.208   -1.139   -1.139
    8.808    8.808    9.821    9.821   10.092   10.093
            0.378000  0.499985  0.000000
  -15.512  -15.512  -14.610  -14.610  -11.771  -11.771   -3.215   -3.215   -1.133   -1.133
    8.813    8.813    9.806    9.806   10.087   10.087
            0.378333  0.499408  0.000000
  -15.516  -15.516  -14.613  -14.613  -11.760  -11.760   -3.222   -3.222   -1.128   -1.128
    8.818    8.818    9.790    9.790   10.082   10.082
            0.378667  0.498831  0.000000
  -15.521  -15.521  -14.616  -14.616  -11.749  -11.749   -3.229   -3.229   -1.122   -1.122
    8.823    8.823    9.774    9.774   10.076   10.076
            0.379000  0.498253  0.000000
  -15.526  -15.526  -14.619  -14.619  -11.737  -11.737   -3.236   -3.236   -1.117   -1.117
    8.828    8.828    9.758    9.758   10.071   10.071
            0.379333  0.497676  0.000000
  -15.531  -15.531  -14.622  -14.622  -11.726  -11.726   -3.242   -3.242   -1.112   -1.112
    8.833    8.833    9.742    9.742   10.065   10.066
            0.379667  0.497099  0.000000
  -15.536  -15.536  -14.624  -14.624  -11.714  -11.714   -3.249   -3.249   -1.106   -1.106
    8.838    8.838    9.726    9.726   10.060   10.060
            0.380000  0.496521  0.000000
  -15.541  -15.541  -14.627  -14.627  -11.702  -11.702   -3.256   -3.256   -1.101   -1.101
    8.843    8.843    9.710    9.710   10.055   10.055
            0.380333  0.495944  0.000000
  -15.546  -15.546  -14.630  -14.630  -11.691  -11.691   -3.263   -3.263   -1.096   -1.096
    8.848    8.848    9.693    9.693   10.049   10.049
            0.380667  0.495367  0.000000
  -15.550  -15.550  -14.633  -14.633  -11.679  -11.679   -3.270   -3.270   -1.090   -1.090
    8.853    8.853    9.677    9.677   10.044   10.044
            0.381000  0.494789  0.000000
  -15.555  -15.555  -14.636  -14.636  -11.668  -11.668   -3.276   -3.276   -1.085   -1.085
    8.858    8.859    9.660    9.660   10.039   10.039
            0.381333  0.494212  0.000000
  -15.560  -15.560  -14.639  -14.639  -11.656  -11.656   -3.283   -3.283   -1.080   -1.080
    8.864    8.864    9.644    9.644   10.033   10.033
            0.381667  0.493634  0.000000
  -15.565  -15.565  -14.642  -14.642  -11.644  -11.644   -3.290   -3.290   -1.075   -1.075
    8.869    8.869    9.627    9.627   10.028   10.028
            0.382000  0.493057  0.000000
  -15.570  -15.570  -14.645  -14.645  -11.633  -11.633   -3.296   -3.296   -1.070   -1.070
    8.874    8.874    9.611    9.611   10.022   10.023
            0.382333  0.492480  0.000000
  -15.574  -15.574  -14.648  -14.648  -11.621  -11.621   -3.303   -3.303   -1.064   -1.064
    8.879    8.879    9.594    9.594   10.017   10.017
            0.382667  0.491902  0.000000
  -15.579  -15.579  -14.651  -14.651  -11.609  -11.609   -3.310   -3.310   -1.059   -1.059
    8.885    8.885    9.577    9.577   10.012   10.012
            0.383000  0.491325  0.000000
  -15.584  -15.584  -14.654  -14.654  -11.597  -11.597   -3.316   -3.316   -1.054   -1.054
    8.890    8.890    9.560    9.560   10.006   10.006
            0.383333  0.490748  0.000000
  -15.588  -15.588  -14.657  -14.657  -11.585  -11.585   -3.323   -3.323   -1.049   -1.049
    8.895    8.895    9.543    9.543   10.001   10.001
            0.383667  0.490170  0.000000
  -15.593  -15.593  -14.660  -14.660  -11.574  -11.574   -3.330   -3.330   -1.044   -1.044
    8.900    8.900    9.526    9.526    9.996    9.996
            0.384000  0.489593  0.000000
  -15.598  -15.598  -14.663  -14.663  -11.562  -11.562   -3.336   -3.336   -1.039   -1.039
    8.906    8.906    9.509    9.509    9.990    9.990
            0.384333  0.489016  0.000000
  -15.603  -15.603  -14.666  -14.666  -11.550  -11.550   -3.343   -3.343   -1.034   -1.034
    8.911    8.911    9.492    9.492    9.985    9.985
            0.384667  0.488438  0.000000
  -15.607  -15.607  -14.669  -14.669  -11.538  -11.538   -3.349   -3.349   -1.029   -1.029
    8.917    8.917    9.475    9.475    9.980    9.980
            0.385000  0.487861  0.000000
  -15.612  -15.612  -14.672  -14.672  -11.526  -11.526   -3.356   -3.356   -1.025   -1.025
    8.922    8.922    9.458    9.458    9.974    9.974
            0.385333  0.487284  0.000000
  -15.616  -15.616  -14.675  -14.675  -11.514  -11.514   -3.362   -3.362   -1.020   -1.020
    8.927    8.927    9.441    9.441    9.969    9.969
            0.385667  0.486706  0.000000
  -15.621  -15.621  -14.678  -14.678  -11.502  -11.502   -3.369   -3.369   -1.015   -1.015
    8.933    8.933    9.424    9.424    9.964    9.964
            0.386000  0.486129  0.000000
  -15.626  -15.626  -14.681  -14.681  -11.490  -11.490   -3.375   -3.375   -1.010   -1.010
    8.938    8.938    9.406    9.406    9.958    9.958
            0.386333  0.485552  0.000000
  -15.630  -15.630  -14.684  -14.684  -11.478  -11.478   -3.382   -3.382   -1.005   -1.005
    8.944    8.944    9.389    9.389    9.953    9.953
            0.386667  0.484974  0.000000
  -15.635  -15.635  -14.687  -14.687  -11.466  -11.466   -3.388   -3.388   -1.001   -1.001
    8.949    8.949    9.372    9.372    9.948    9.948
            0.387000  0.484397  0.000000
  -15.639  -15.639  -14.690  -14.690  -11.454  -11.454   -3.395   -3.395   -0.996   -0.996
    8.955    8.955    9.354    9.354    9.942    9.943
            0.387333  0.483820  0.000000
  -15.644  -15.644  -14.694  -14.694  -11.442  -11.442   -3.401   -3.401   -0.991   -0.991
    8.960    8.960    9.337    9.337    9.937    9.937
            0.387667  0.483242  0.000000
  -15.648  -15.648  -14.697  -14.697  -11.430  -11.430   -3.407   -3.407   -0.987   -0.986
    8.966    8.966    9.319    9.319    9.932    9.932
            0.388000  0.482665  0.000000
  -15.653  -15.653  -14.700  -14.700  -11.418  -11.418   -3.414   -3.414   -0.982   -0.982
    8.971    8.971    9.302    9.302    9.927    9.927
            0.388333  0.482087  0.000000
  -15.658  -15.658  -14.703  -14.703  -11.406  -11.406   -3.420   -3.420   -0.977   -0.977
    8.977    8.977    9.284    9.284    9.921    9.921
            0.388667  0.481510  0.000000
  -15.662  -15.662  -14.706  -14.706  -11.394  -11.394   -3.426   -3.426   -0.973   -0.973
    8.982    8.982    9.267    9.267    9.916    9.916
            0.389000  0.480933  0.000000
  -15.667  -15.667  -14.709  -14.709  -11.382  -11.382   -3.433   -3.433   -0.968   -0.968
    8.988    8.988    9.249    9.249    9.911    9.911
            0.389333  0.480355  0.000000
  -15.671  -15.671  -14.712  -14.712  -11.370  -11.370   -3.439   -3.439   -0.964   -0.964
    8.994    8.994    9.231    9.231    9.906    9.906
            0.389667  0.479778  0.000000
  -15.675  -15.675  -14.716  -14.716  -11.358  -11.358   -3.445   -3.445   -0.959   -0.959
    8.999    8.999    9.214    9.214    9.900    9.900
            0.390000  0.479201  0.000000
  -15.680  -15.680  -14.719  -14.719  -11.346  -11.346   -3.451   -3.451   -0.955   -0.955
    9.005    9.005    9.196    9.196    9.895    9.895
            0.390333  0.478623  0.000000
  -15.684  -15.684  -14.722  -14.722  -11.334  -11.334   -3.458   -3.458   -0.950   -0.950
    9.010    9.011    9.178    9.178    9.890    9.890
            0.390667  0.478046  0.000000
  -15.689  -15.689  -14.725  -14.725  -11.322  -11.322   -3.464   -3.464   -0.946   -0.946
    9.016    9.016    9.160    9.160    9.885    9.885
            0.391000  0.477469  0.000000
  -15.693  -15.693  -14.728  -14.728  -11.309  -11.309   -3.470   -3.470   -0.941   -0.941
    9.022    9.022    9.142    9.143    9.879    9.880
            0.391333  0.476891  0.000000
  -15.698  -15.698  -14.731  -14.731  -11.297  -11.297   -3.476   -3.476   -0.937   -0.937
    9.027    9.027    9.125    9.125    9.874    9.874
            0.391667  0.476314  0.000000
  -15.702  -15.702  -14.735  -14.735  -11.285  -11.285   -3.482   -3.482   -0.933   -0.933
    9.033    9.033    9.107    9.107    9.869    9.869
            0.392000  0.475737  0.000000
  -15.706  -15.706  -14.738  -14.738  -11.273  -11.273   -3.489   -3.489   -0.929   -0.929
    9.039    9.039    9.089    9.089    9.864    9.864
            0.392333  0.475159  0.000000
  -15.711  -15.711  -14.741  -14.741  -11.261  -11.261   -3.495   -3.495   -0.924   -0.924
    9.044    9.045    9.071    9.071    9.859    9.859
            0.392667  0.474582  0.000000
  -15.715  -15.715  -14.744  -14.744  -11.248  -11.248   -3.501   -3.501   -0.920   -0.920
    9.049    9.050    9.053    9.055    9.853    9.854
            0.393000  0.474005  0.000000
  -15.719  -15.719  -14.748  -14.748  -11.236  -11.236   -3.507   -3.507   -0.916   -0.916
    9.035    9.035    9.056    9.056    9.848    9.848
            0.393333  0.473427  0.000000
  -15.724  -15.724  -14.751  -14.751  -11.224  -11.224   -3.513   -3.513   -0.912   -0.912
    9.017    9.017    9.062    9.062    9.843    9.843
            0.393667  0.472850  0.000000
  -15.728  -15.728  -14.754  -14.754  -11.212  -11.212   -3.519   -3.519   -0.907   -0.907
    8.999    8.999    9.067    9.067    9.838    9.838
            0.394000  0.472273  0.000000
  -15.732  -15.732  -14.757  -14.757  -11.200  -11.200   -3.525   -3.525   -0.903   -0.903
    8.981    8.981    9.073    9.073    9.833    9.833
            0.394333  0.471695  0.000000
  -15.736  -15.736  -14.760  -14.760  -11.187  -11.187   -3.531   -3.531   -0.899   -0.899
    8.963    8.963    9.079    9.079    9.828    9.828
            0.394667  0.471118  0.000000
  -15.741  -15.741  -14.764  -14.764  -11.175  -11.175   -3.537   -3.537   -0.895   -0.895
    8.945    8.945    9.085    9.085    9.823    9.823
            0.395000  0.470540  0.000000
  -15.745  -15.745  -14.767  -14.767  -11.163  -11.163   -3.543   -3.543   -0.891   -0.891
    8.927    8.927    9.090    9.090    9.817    9.818
            0.395333  0.469963  0.000000
  -15.749  -15.749  -14.770  -14.770  -11.151  -11.151   -3.549   -3.549   -0.887   -0.887
    8.909    8.909    9.096    9.096    9.812    9.812
            0.395667  0.469386  0.000000
  -15.753  -15.753  -14.773  -14.773  -11.138  -11.138   -3.555   -3.555   -0.883   -0.883
    8.891    8.891    9.102    9.102    9.807    9.807
            0.396000  0.468808  0.000000
  -15.758  -15.758  -14.777  -14.777  -11.126  -11.126   -3.561   -3.561   -0.879   -0.879
    8.873    8.873    9.107    9.107    9.802    9.802
            0.396333  0.468231  0.000000
  -15.762  -15.762  -14.780  -14.780  -11.114  -11.114   -3.567   -3.567   -0.875   -0.875
    8.855    8.855    9.113    9.113    9.797    9.797
            0.396667  0.467654  0.000000
  -15.766  -15.766  -14.783  -14.783  -11.102  -11.102   -3.573   -3.573   -0.871   -0.871
    8.837    8.837    9.119    9.119    9.792    9.792
            0.397000  0.467076  0.000000
  -15.770  -15.770  -14.786  -14.786  -11.089  -11.089   -3.578   -3.578   -0.867   -0.867
    8.819    8.819    9.125    9.125    9.787    9.787
            0.397333  0.466499  0.000000
  -15.774  -15.774  -14.789  -14.789  -11.077  -11.077   -3.584   -3.584   -0.864   -0.863
    8.801    8.801    9.130    9.130    9.782    9.782
            0.397667  0.465922  0.000000
  -15.778  -15.778  -14.793  -14.793  -11.065  -11.065   -3.590   -3.590   -0.860   -0.860
    8.783    8.783    9.136    9.136    9.777    9.777
            0.398000  0.465344  0.000000
  -15.783  -15.783  -14.796  -14.796  -11.053  -11.053   -3.596   -3.596   -0.856   -0.856
    8.765    8.765    9.142    9.142    9.772    9.772
            0.398333  0.464767  0.000000
  -15.787  -15.787  -14.799  -14.799  -11.040  -11.040   -3.602   -3.602   -0.852   -0.852
    8.747    8.747    9.147    9.147    9.767    9.767
            0.398667  0.464190  0.000000
  -15.791  -15.791  -14.802  -14.802  -11.028  -11.028   -3.607   -3.607   -0.848   -0.848
    8.729    8.729    9.153    9.153    9.762    9.762
            0.399000  0.463612  0.000000
  -15.795  -15.795  -14.806  -14.806  -11.016  -11.016   -3.613   -3.613   -0.845   -0.845
    8.711    8.711    9.159    9.159    9.757    9.757
            0.399333  0.463035  0.000000
  -15.799  -15.799  -14.809  -14.809  -11.004  -11.003   -3.619   -3.619   -0.841   -0.841
    8.693    8.693    9.165    9.165    9.752    9.752
            0.399667  0.462458  0.000000
  -15.803  -15.803  -14.812  -14.812  -10.991  -10.991   -3.625   -3.625   -0.837   -0.837
    8.675    8.675    9.170    9.170    9.747    9.747
            0.400000  0.461880  0.000000
  -15.807  -15.807  -14.815  -14.815  -10.979  -10.979   -3.630   -3.630   -0.834   -0.834
    8.657    8.657    9.176    9.176    9.742    9.742
            0.400333  0.461303  0.000000
  -15.811  -15.811  -14.818  -14.818  -10.967  -10.967   -3.636   -3.636   -0.830   -0.830
    8.639    8.639    9.182    9.182    9.737    9.737
            0.400667  0.460726  0.000000
  -15.815  -15.815  -14.822  -14.822  -10.954  -10.954   -3.642   -3.642   -0.826   -0.826
    8.620    8.620    9.187    9.187    9.732    9.732
            0.401000  0.460148  0.000000
  -15.819  -15.819  -14.825  -14.825  -10.942  -10.942   -3.647   -3.647   -0.823   -0.823
    8.602    8.602    9.193    9.193    9.727    9.727
            0.401333  0.459571  0.000000
  -15.823  -15.823  -14.828  -14.828  -10.930  -10.930   -3.653   -3.653   -0.819   -0.819
    8.584    8.584    9.198    9.199    9.722    9.722
            0.401667  0.458993  0.000000
  -15.827  -15.827  -14.831  -14.831  -10.918  -10.918   -3.659   -3.659   -0.816   -0.816
    8.566    8.566    9.204    9.204    9.717    9.717
            0.402000  0.458416  0.000000
  -15.831  -15.831  -14.835  -14.835  -10.905  -10.905   -3.664   -3.664   -0.812   -0.812
    8.548    8.548    9.210    9.210    9.712    9.712
            0.402333  0.457839  0.000000
  -15.835  -15.835  -14.838  -14.838  -10.893  -10.893   -3.670   -3.670   -0.809   -0.809
    8.530    8.530    9.215    9.215    9.707    9.707
            0.402667  0.457261  0.000000
  -15.839  -15.839  -14.841  -14.841  -10.881  -10.881   -3.675   -3.675   -0.805   -0.805
    8.512    8.512    9.221    9.221    9.702    9.702
            0.403000  0.456684  0.000000
  -15.843  -15.843  -14.844  -14.844  -10.868  -10.868   -3.681   -3.681   -0.802   -0.802
    8.494    8.494    9.226    9.226    9.698    9.698
            0.403333  0.456107  0.000000
  -15.847  -15.847  -14.847  -14.847  -10.856  -10.856   -3.686   -3.686   -0.798   -0.798
    8.476    8.476    9.232    9.232    9.693    9.693
            0.403667  0.455529  0.000000
  -15.851  -15.851  -14.851  -14.851  -10.844  -10.844   -3.692   -3.692   -0.795   -0.795
    8.458    8.458    9.237    9.238    9.688    9.688
            0.404000  0.454952  0.000000
  -15.854  -15.854  -14.854  -14.854  -10.832  -10.832   -3.697   -3.697   -0.792   -0.792
    8.440    8.440    9.243    9.243    9.683    9.683
            0.404333  0.454375  0.000000
  -15.858  -15.858  -14.857  -14.857  -10.819  -10.819   -3.703   -3.703   -0.788   -0.788
    8.422    8.422    9.248    9.249    9.678    9.678
            0.404667  0.453797  0.000000
  -15.862  -15.862  -14.860  -14.860  -10.807  -10.807   -3.708   -3.708   -0.785   -0.785
    8.404    8.404    9.254    9.254    9.673    9.673
            0.405000  0.453220  0.000000
  -15.866  -15.866  -14.863  -14.863  -10.795  -10.795   -3.714   -3.714   -0.782   -0.782
    8.386    8.386    9.259    9.259    9.668    9.669
            0.405333  0.452643  0.000000
  -15.870  -15.870  -14.866  -14.866  -10.783  -10.783   -3.719   -3.719   -0.778   -0.778
    8.368    8.368    9.265    9.265    9.664    9.664
            0.405667  0.452065  0.000000
  -15.874  -15.874  -14.870  -14.870  -10.770  -10.770   -3.724   -3.724   -0.775   -0.775
    8.350    8.350    9.270    9.270    9.659    9.659
            0.406000  0.451488  0.000000
  -15.877  -15.877  -14.873  -14.873  -10.758  -10.758   -3.730   -3.730   -0.772   -0.772
    8.332    8.332    9.276    9.276    9.654    9.654
            0.406333  0.450911  0.000000
  -15.881  -15.881  -14.876  -14.876  -10.746  -10.746   -3.735   -3.735   -0.769   -0.769
    8.314    8.314    9.281    9.281    9.649    9.649
            0.406667  0.450333  0.000000
  -15.885  -15.885  -14.879  -14.879  -10.734  -10.734   -3.740   -3.740   -0.766   -0.766
    8.296    8.296    9.286    9.286    9.645    9.645
            0.407000  0.449756  0.000000
  -15.889  -15.889  -14.882  -14.882  -10.722  -10.722   -3.746   -3.746   -0.762   -0.762
    8.278    8.278    9.291    9.292    9.640    9.640
            0.407333  0.449179  0.000000
  -15.893  -15.893  -14.885  -14.885  -10.709  -10.709   -3.751   -3.751   -0.759   -0.759
    8.260    8.260    9.297    9.297    9.635    9.635
            0.407667  0.448601  0.000000
  -15.896  -15.896  -14.889  -14.889  -10.697  -10.697   -3.756   -3.756   -0.756   -0.756
    8.242    8.242    9.302    9.302    9.630    9.631
            0.408000  0.448024  0.000000
  -15.900  -15.900  -14.892  -14.892  -10.685  -10.685   -3.761   -3.761   -0.753   -0.753
    8.224    8.224    9.307    9.307    9.626    9.626
            0.408333  0.447446  0.000000
  -15.904  -15.904  -14.895  -14.895  -10.673  -10.673   -3.767   -3.767   -0.750   -0.750
    8.207    8.207    9.312    9.312    9.621    9.621
            0.408667  0.446869  0.000000
  -15.907  -15.907  -14.898  -14.898  -10.661  -10.661   -3.772   -3.772   -0.747   -0.747
    8.189    8.189    9.317    9.317    9.616    9.616
            0.409000  0.446292  0.000000
  -15.911  -15.911  -14.901  -14.901  -10.648  -10.648   -3.777   -3.777   -0.744   -0.744
    8.171    8.171    9.322    9.323    9.612    9.612
            0.409333  0.445714  0.000000
  -15.915  -15.915  -14.904  -14.904  -10.636  -10.636   -3.782   -3.782   -0.741   -0.741
    8.153    8.153    9.328    9.328    9.607    9.607
            0.409667  0.445137  0.000000
  -15.918  -15.918  -14.907  -14.907  -10.624  -10.624   -3.787   -3.787   -0.738   -0.738
    8.135    8.135    9.333    9.333    9.602    9.603
            0.410000  0.444560  0.000000
  -15.922  -15.922  -14.910  -14.910  -10.612  -10.612   -3.793   -3.793   -0.735   -0.735
    8.117    8.117    9.337    9.338    9.598    9.598
            0.410333  0.443982  0.000000
  -15.926  -15.926  -14.914  -14.914  -10.600  -10.600   -3.798   -3.798   -0.732   -0.732
    8.100    8.100    9.342    9.342    9.593    9.593
            0.410667  0.443405  0.000000
  -15.929  -15.929  -14.917  -14.917  -10.588  -10.588   -3.803   -3.803   -0.729   -0.729
    8.082    8.082    9.347    9.347    9.589    9.589
            0.411000  0.442828  0.000000
  -15.933  -15.933  -14.920  -14.920  -10.575  -10.575   -3.808   -3.808   -0.726   -0.726
    8.064    8.064    9.352    9.352    9.584    9.584
            0.411333  0.442250  0.000000
  -15.936  -15.936  -14.923  -14.923  -10.563  -10.563   -3.813   -3.813   -0.724   -0.724
    8.046    8.046    9.357    9.357    9.579    9.580
            0.411667  0.441673  0.000000
  -15.940  -15.940  -14.926  -14.926  -10.551  -10.551   -3.818   -3.818   -0.721   -0.721
    8.029    8.029    9.362    9.362    9.575    9.575
            0.412000  0.441096  0.000000
  -15.944  -15.944  -14.929  -14.929  -10.539  -10.539   -3.823   -3.823   -0.718   -0.718
    8.011    8.011    9.366    9.366    9.570    9.570
            0.412333  0.440518  0.000000
  -15.947  -15.947  -14.932  -14.932  -10.527  -10.527   -3.828   -3.828   -0.715   -0.715
    7.993    7.993    9.371    9.371    9.566    9.566
            0.412667  0.439941  0.000000
  -15.951  -15.951  -14.935  -14.935  -10.515  -10.515   -3.833   -3.833   -0.712   -0.712
    7.976    7.976    9.375    9.375    9.561    9.561
            0.413000  0.439364  0.000000
  -15.954  -15.954  -14.938  -14.938  -10.503  -10.503   -3.838   -3.838   -0.710   -0.710
    7.958    7.958    9.380    9.380    9.557    9.557
            0.413333  0.438786  0.000000
  -15.958  -15.958  -14.941  -14.941  -10.491  -10.491   -3.843   -3.843   -0.707   -0.707
    7.941    7.941    9.384    9.384    9.552    9.552
            0.413667  0.438209  0.000000
  -15.961  -15.961  -14.944  -14.944  -10.479  -10.479   -3.848   -3.848   -0.704   -0.704
    7.923    7.923    9.389    9.389    9.548    9.548
            0.414000  0.437632  0.000000
  -15.965  -15.965  -14.947  -14.947  -10.467  -10.467   -3.853   -3.853   -0.702   -0.702
    7.905    7.905    9.393    9.393    9.543    9.543
            0.414333  0.437054  0.000000
  -15.968  -15.968  -14.950  -14.950  -10.455  -10.455   -3.858   -3.858   -0.699   -0.699
    7.888    7.888    9.397    9.397    9.539    9.539
            0.414667  0.436477  0.000000
  -15.972  -15.972  -14.953  -14.953  -10.443  -10.443   -3.863   -3.863   -0.696   -0.696
    7.870    7.870    9.401    9.401    9.534    9.535
            0.415000  0.435899  0.000000
  -15.975  -15.975  -14.956  -14.956  -10.431  -10.431   -3.867   -3.867   -0.694   -0.694
    7.853    7.853    9.405    9.405    9.530    9.530
            0.415333  0.435322  0.000000
  -15.978  -15.978  -14.959  -14.959  -10.419  -10.419   -3.872   -3.872   -0.691   -0.691
    7.836    7.836    9.409    9.409    9.526    9.526
            0.415667  0.434745  0.000000
  -15.982  -15.982  -14.962  -14.962  -10.407  -10.407   -3.877   -3.877   -0.689   -0.689
    7.818    7.818    9.413    9.413    9.521    9.521
            0.416000  0.434167  0.000000
  -15.985  -15.985  -14.965  -14.965  -10.395  -10.395   -3.882   -3.882   -0.686   -0.686
    7.801    7.801    9.417    9.417    9.517    9.517
            0.416333  0.433590  0.000000
  -15.989  -15.989  -14.968  -14.968  -10.383  -10.383   -3.887   -3.887   -0.683   -0.683
    7.783    7.783    9.421    9.421    9.512    9.513
            0.416667  0.433013  0.000000
  -15.992  -15.992  -14.971  -14.971  -10.371  -10.371   -3.891   -3.891   -0.681   -0.681
    7.766    7.766    9.424    9.424    9.508    9.508
            0.417000  0.432435  0.000000
  -15.995  -15.995  -14.974  -14.974  -10.359  -10.359   -3.896   -3.896   -0.678   -0.678
    7.749    7.749    9.428    9.428    9.504    9.504
            0.417333  0.431858  0.000000
  -15.999  -15.999  -14.977  -14.977  -10.347  -10.347   -3.901   -3.901   -0.676   -0.676
    7.731    7.731    9.431    9.431    9.499    9.499
            0.417667  0.431281  0.000000
  -16.002  -16.002  -14.980  -14.980  -10.335  -10.335   -3.906   -3.906   -0.674   -0.674
    7.714    7.714    9.435    9.435    9.495    9.495
            0.418000  0.430703  0.000000
  -16.005  -16.005  -14.983  -14.983  -10.324  -10.324   -3.910   -3.910   -0.671   -0.671
    7.697    7.697    9.438    9.438    9.491    9.491
            0.418333  0.430126  0.000000
  -16.009  -16.009  -14.986  -14.986  -10.312  -10.312   -3.915   -3.915   -0.669   -0.669
    7.680    7.680    9.441    9.441    9.486    9.487
            0.418667  0.429549  0.000000
  -16.012  -16.012  -14.989  -14.989  -10.300  -10.300   -3.920   -3.920   -0.666   -0.666
    7.663    7.663    9.444    9.444    9.482    9.482
            0.419000  0.428971  0.000000
  -16.015  -16.015  -14.992  -14.992  -10.288  -10.288   -3.924   -3.924   -0.664   -0.664
    7.645    7.645    9.447    9.447    9.478    9.478
            0.419333  0.428394  0.000000
  -16.019  -16.019  -14.995  -14.995  -10.276  -10.276   -3.929   -3.929   -0.662   -0.662
    7.628    7.628    9.449    9.450    9.474    9.474
            0.419667  0.427817  0.000000
  -16.022  -16.022  -14.998  -14.998  -10.264  -10.264   -3.933   -3.933   -0.659   -0.659
    7.611    7.611    9.452    9.452    9.469    9.470
            0.420000  0.427239  0.000000
  -16.025  -16.025  -15.001  -15.001  -10.253  -10.253   -3.938   -3.938   -0.657   -0.657
    7.594    7.594    9.454    9.455    9.465    9.465
            0.420333  0.426662  0.000000
  -16.028  -16.028  -15.003  -15.003  -10.241  -10.241   -3.943   -3.943   -0.655   -0.655
    7.577    7.577    9.457    9.457    9.461    9.461
            0.420667  0.426084  0.000000
  -16.031  -16.031  -15.006  -15.006  -10.229  -10.229   -3.947   -3.947   -0.652   -0.652
    7.560    7.560    9.457    9.457    9.459    9.459
            0.421000  0.425507  0.000000
  -16.035  -16.035  -15.009  -15.009  -10.218  -10.218   -3.952   -3.952   -0.650   -0.650
    7.543    7.543    9.453    9.453    9.461    9.461
            0.421333  0.424930  0.000000
  -16.038  -16.038  -15.012  -15.012  -10.206  -10.206   -3.956   -3.956   -0.648   -0.648
    7.526    7.526    9.449    9.449    9.463    9.463
            0.421667  0.424352  0.000000
  -16.041  -16.041  -15.015  -15.015  -10.194  -10.194   -3.961   -3.961   -0.646   -0.646
    7.509    7.509    9.444    9.444    9.465    9.465
            0.422000  0.423775  0.000000
  -16.044  -16.044  -15.018  -15.018  -10.182  -10.182   -3.965   -3.965   -0.644   -0.644
    7.493    7.493    9.440    9.440    9.466    9.466
            0.422333  0.423198  0.000000
  -16.047  -16.047  -15.021  -15.021  -10.171  -10.171   -3.970   -3.970   -0.641   -0.641
    7.476    7.476    9.436    9.436    9.467    9.468
            0.422667  0.422620  0.000000
  -16.050  -16.050  -15.023  -15.023  -10.159  -10.159   -3.974   -3.974   -0.639   -0.639
    7.459    7.459    9.432    9.432    9.469    9.469
            0.423000  0.422043  0.000000
  -16.054  -16.054  -15.026  -15.026  -10.148  -10.148   -3.978   -3.978   -0.637   -0.637
    7.442    7.442    9.428    9.428    9.470    9.470
            0.423333  0.421466  0.000000
  -16.057  -16.057  -15.029  -15.029  -10.136  -10.136   -3.983   -3.983   -0.635   -0.635
    7.426    7.426    9.424    9.424    9.471    9.471
            0.423667  0.420888  0.000000
  -16.060  -16.060  -15.032  -15.032  -10.124  -10.124   -3.987   -3.987   -0.633   -0.633
    7.409    7.409    9.420    9.420    9.471    9.471
            0.424000  0.420311  0.000000
  -16.063  -16.063  -15.035  -15.035  -10.113  -10.113   -3.991   -3.991   -0.631   -0.631
    7.392    7.392    9.416    9.416    9.472    9.472
            0.424333  0.419734  0.000000
  -16.066  -16.066  -15.037  -15.037  -10.101  -10.101   -3.996   -3.996   -0.629   -0.629
    7.376    7.376    9.412    9.412    9.472    9.472
            0.424667  0.419156  0.000000
  -16.069  -16.069  -15.040  -15.040  -10.090  -10.090   -4.000   -4.000   -0.627   -0.627
    7.359    7.359    9.408    9.408    9.472    9.472
            0.425000  0.418579  0.000000
  -16.072  -16.072  -15.043  -15.043  -10.078  -10.078   -4.004   -4.004   -0.625   -0.625
    7.342    7.342    9.404    9.404    9.472    9.472
            0.425333  0.418002  0.000000
  -16.075  -16.075  -15.046  -15.046  -10.067  -10.067   -4.009   -4.009   -0.623   -0.623
    7.326    7.326    9.400    9.400    9.472    9.472
            0.425667  0.417424  0.000000
  -16.078  -16.078  -15.048  -15.048  -10.056  -10.056   -4.013   -4.013   -0.621   -0.621
    7.310    7.310    9.396    9.396    9.472    9.472
            0.426000  0.416847  0.000000
  -16.081  -16.081  -15.051  -15.051  -10.044  -10.044   -4.017   -4.017   -0.619   -0.619
    7.293    7.293    9.392    9.392    9.471    9.472
            0.426333  0.416270  0.000000
  -16.084  -16.084  -15.054  -15.054  -10.033  -10.033   -4.021   -4.021   -0.617   -0.617
    7.277    7.277    9.388    9.388    9.471    9.471
            0.426667  0.415692  0.000000
  -16.087  -16.087  -15.057  -15.057  -10.021  -10.021   -4.026   -4.026   -0.615   -0.615
    7.260    7.260    9.384    9.384    9.470    9.470
            0.427000  0.415115  0.000000
  -16.090  -16.090  -15.059  -15.059  -10.010  -10.010   -4.030   -4.030   -0.613   -0.613
    7.244    7.244    9.380    9.380    9.469    9.469
            0.427333  0.414537  0.000000
  -16.093  -16.093  -15.062  -15.062   -9.999   -9.999   -4.034   -4.034   -0.611   -0.611
    7.228    7.228    9.376    9.376    9.468    9.468
            0.427667  0.413960  0.000000
  -16.096  -16.096  -15.065  -15.065   -9.987   -9.987   -4.038   -4.038   -0.609   -0.609
    7.212    7.212    9.372    9.373    9.467    9.467
            0.428000  0.413383  0.000000
  -16.099  -16.099  -15.067  -15.067   -9.976   -9.976   -4.042   -4.042   -0.607   -0.607
    7.195    7.195    9.369    9.369    9.466    9.466
            0.428333  0.412805  0.000000
  -16.102  -16.102  -15.070  -15.070   -9.965   -9.965   -4.046   -4.046   -0.605   -0.605
    7.179    7.179    9.365    9.365    9.464    9.465
            0.428667  0.412228  0.000000
  -16.105  -16.105  -15.073  -15.073   -9.954   -9.954   -4.050   -4.050   -0.603   -0.603
    7.163    7.163    9.361    9.361    9.463    9.463
            0.429000  0.411651  0.000000
  -16.107  -16.107  -15.075  -15.075   -9.942   -9.942   -4.055   -4.055   -0.602   -0.602
    7.147    7.147    9.357    9.357    9.461    9.461
            0.429333  0.411073  0.000000
  -16.110  -16.110  -15.078  -15.078   -9.931   -9.931   -4.059   -4.059   -0.600   -0.600
    7.131    7.131    9.353    9.353    9.460    9.460
            0.429667  0.410496  0.000000
  -16.113  -16.113  -15.081  -15.081   -9.920   -9.920   -4.063   -4.063   -0.598   -0.598
    7.115    7.115    9.350    9.350    9.458    9.458
            0.430000  0.409919  0.000000
  -16.116  -16.116  -15.083  -15.083   -9.909   -9.909   -4.067   -4.067   -0.596   -0.596
    7.099    7.099    9.346    9.346    9.456    9.456
            0.430333  0.409341  0.000000
  -16.119  -16.119  -15.086  -15.086   -9.898   -9.898   -4.071   -4.071   -0.594   -0.594
    7.083    7.083    9.342    9.342    9.454    9.454
            0.430667  0.408764  0.000000
  -16.122  -16.122  -15.089  -15.089   -9.887   -9.887   -4.075   -4.075   -0.593   -0.593
    7.067    7.067    9.338    9.338    9.452    9.452
            0.431000  0.408187  0.000000
  -16.124  -16.124  -15.091  -15.091   -9.876   -9.876   -4.079   -4.079   -0.591   -0.591
    7.052    7.052    9.335    9.335    9.450    9.450
            0.431333  0.407609  0.000000
  -16.127  -16.127  -15.094  -15.094   -9.865   -9.865   -4.082   -4.082   -0.589   -0.589
    7.036    7.036    9.331    9.331    9.447    9.447
            0.431667  0.407032  0.000000
  -16.130  -16.130  -15.096  -15.096   -9.854   -9.854   -4.086   -4.086   -0.588   -0.588
    7.020    7.020    9.327    9.327    9.445    9.445
            0.432000  0.406455  0.000000
  -16.133  -16.133  -15.099  -15.099   -9.843   -9.843   -4.090   -4.090   -0.586   -0.586
    7.004    7.004    9.324    9.324    9.443    9.443
            0.432333  0.405877  0.000000
  -16.135  -16.135  -15.101  -15.101   -9.832   -9.832   -4.094   -4.094   -0.584   -0.584
    6.989    6.989    9.320    9.320    9.440    9.440
            0.432667  0.405300  0.000000
  -16.138  -16.138  -15.104  -15.104   -9.821   -9.821   -4.098   -4.098   -0.583   -0.583
    6.973    6.973    9.316    9.316    9.438    9.438
            0.433000  0.404723  0.000000
  -16.141  -16.141  -15.106  -15.106   -9.810   -9.810   -4.102   -4.102   -0.581   -0.581
    6.958    6.958    9.313    9.313    9.435    9.436
            0.433333  0.404145  0.000000
  -16.144  -16.144  -15.109  -15.109   -9.799   -9.799   -4.106   -4.106   -0.579   -0.579
    6.942    6.942    9.309    9.309    9.433    9.433
            0.433667  0.403568  0.000000
  -16.146  -16.146  -15.111  -15.111   -9.788   -9.788   -4.110   -4.110   -0.578   -0.578
    6.927    6.927    9.305    9.306    9.430    9.430
            0.434000  0.402990  0.000000
  -16.149  -16.149  -15.114  -15.114   -9.777   -9.777   -4.113   -4.113   -0.576   -0.576
    6.911    6.911    9.302    9.302    9.428    9.428
            0.434333  0.402413  0.000000
  -16.152  -16.152  -15.116  -15.116   -9.767   -9.767   -4.117   -4.117   -0.575   -0.575
    6.896    6.896    9.298    9.298    9.425    9.425
            0.434667  0.401836  0.000000
  -16.154  -16.154  -15.119  -15.119   -9.756   -9.756   -4.121   -4.121   -0.573   -0.573
    6.881    6.881    9.295    9.295    9.422    9.422
            0.435000  0.401258  0.000000
  -16.157  -16.157  -15.121  -15.121   -9.745   -9.745   -4.125   -4.125   -0.571   -0.571
    6.866    6.866    9.291    9.291    9.420    9.420
            0.435333  0.400681  0.000000
  -16.160  -16.160  -15.124  -15.124   -9.735   -9.735   -4.128   -4.128   -0.570   -0.570
    6.850    6.850    9.288    9.288    9.417    9.417
            0.435667  0.400104  0.000000
  -16.162  -16.162  -15.126  -15.126   -9.724   -9.724   -4.132   -4.132   -0.568   -0.568
    6.835    6.835    9.284    9.284    9.414    9.414
            0.436000  0.399526  0.000000
  -16.165  -16.165  -15.129  -15.129   -9.713   -9.713   -4.136   -4.136   -0.567   -0.567
    6.820    6.820    9.281    9.281    9.411    9.411
            0.436333  0.398949  0.000000
  -16.167  -16.167  -15.131  -15.131   -9.703   -9.703   -4.139   -4.139   -0.565   -0.565
    6.805    6.805    9.277    9.277    9.408    9.409
            0.436667  0.398372  0.000000
  -16.170  -16.170  -15.133  -15.133   -9.692   -9.692   -4.143   -4.143   -0.564   -0.564
    6.790    6.790    9.274    9.274    9.406    9.406
            0.437000  0.397794  0.000000
  -16.172  -16.172  -15.136  -15.136   -9.682   -9.682   -4.147   -4.147   -0.562   -0.562
    6.775    6.775    9.271    9.271    9.403    9.403
            0.437333  0.397217  0.000000
  -16.175  -16.175  -15.138  -15.138   -9.671   -9.671   -4.150   -4.150   -0.561   -0.561
    6.760    6.760    9.267    9.267    9.400    9.400
            0.437667  0.396640  0.000000
  -16.178  -16.178  -15.141  -15.141   -9.661   -9.661   -4.154   -4.154   -0.560   -0.560
    6.745    6.745    9.264    9.264    9.397    9.397
            0.438000  0.396062  0.000000
  -16.180  -16.180  -15.143  -15.143   -9.650   -9.650   -4.157   -4.157   -0.558   -0.558
    6.731    6.731    9.260    9.260    9.394    9.394
            0.438333  0.395485  0.000000
  -16.183  -16.183  -15.145  -15.145   -9.640   -9.640   -4.161   -4.161   -0.557   -0.557
    6.716    6.716    9.257    9.257    9.391    9.391
            0.438667  0.394908  0.000000
  -16.185  -16.185  -15.148  -15.148   -9.629   -9.629   -4.164   -4.164   -0.555   -0.555
    6.701    6.701    9.254    9.254    9.388    9.388
            0.439000  0.394330  0.000000
  -16.188  -16.188  -15.150  -15.150   -9.619   -9.619   -4.168   -4.168   -0.554   -0.554
    6.686    6.686    9.250    9.250    9.385    9.386
            0.439333  0.393753  0.000000
  -16.190  -16.190  -15.152  -15.152   -9.609   -9.609   -4.171   -4.171   -0.553   -0.553
    6.672    6.672    9.247    9.247    9.383    9.383
            0.439667  0.393176  0.000000
  -16.192  -16.192  -15.155  -15.155   -9.598   -9.598   -4.175   -4.175   -0.551   -0.551
    6.657    6.657    9.244    9.244    9.380    9.380
            0.440000  0.392598  0.000000
  -16.195  -16.195  -15.157  -15.157   -9.588   -9.588   -4.178   -4.178   -0.550   -0.550
    6.643    6.643    9.241    9.241    9.377    9.377
            0.440333  0.392021  0.000000
  -16.197  -16.197  -15.159  -15.159   -9.578   -9.578   -4.182   -4.182   -0.549   -0.549
    6.628    6.628    9.237    9.237    9.374    9.374
            0.440667  0.391443  0.000000
  -16.200  -16.200  -15.162  -15.162   -9.568   -9.568   -4.185   -4.185   -0.547   -0.547
    6.614    6.614    9.234    9.234    9.371    9.371
            0.441000  0.390866  0.000000
  -16.202  -16.202  -15.164  -15.164   -9.558   -9.558   -4.188   -4.188   -0.546   -0.546
    6.600    6.600    9.231    9.231    9.368    9.368
            0.441333  0.390289  0.000000
  -16.204  -16.204  -15.166  -15.166   -9.547   -9.547   -4.192   -4.192   -0.545   -0.545
    6.585    6.585    9.228    9.228    9.365    9.365
            0.441667  0.389711  0.000000
  -16.207  -16.207  -15.168  -15.168   -9.537   -9.537   -4.195   -4.195   -0.543   -0.543
    6.571    6.571    9.224    9.224    9.362    9.362
            0.442000  0.389134  0.000000
  -16.209  -16.209  -15.171  -15.171   -9.527   -9.527   -4.199   -4.199   -0.542   -0.542
    6.557    6.557    9.221    9.221    9.359    9.359
            0.442333  0.388557  0.000000
  -16.212  -16.212  -15.173  -15.173   -9.517   -9.517   -4.202   -4.202   -0.541   -0.541
    6.543    6.543    9.218    9.218    9.356    9.356
            0.442667  0.387979  0.000000
  -16.214  -16.214  -15.175  -15.175   -9.507   -9.507   -4.205   -4.205   -0.540   -0.540
    6.529    6.529    9.215    9.215    9.353    9.353
            0.443000  0.387402  0.000000
  -16.216  -16.216  -15.177  -15.177   -9.497   -9.497   -4.208   -4.208   -0.539   -0.539
    6.515    6.515    9.212    9.212    9.350    9.350
            0.443333  0.386825  0.000000
  -16.218  -16.218  -15.179  -15.179   -9.488   -9.488   -4.212   -4.212   -0.537   -0.537
    6.501    6.501    9.209    9.209    9.348    9.348
            0.443667  0.386247  0.000000
  -16.221  -16.221  -15.181  -15.181   -9.478   -9.478   -4.215   -4.215   -0.536   -0.536
    6.487    6.487    9.206    9.206    9.345    9.345
            0.444000  0.385670  0.000000
  -16.223  -16.223  -15.184  -15.184   -9.468   -9.468   -4.218   -4.218   -0.535   -0.535
    6.473    6.473    9.203    9.203    9.342    9.342
            0.444333  0.385093  0.000000
  -16.225  -16.225  -15.186  -15.186   -9.458   -9.458   -4.221   -4.221   -0.534   -0.534
    6.460    6.460    9.200    9.200    9.339    9.339
            0.444667  0.384515  0.000000
  -16.227  -16.227  -15.188  -15.188   -9.448   -9.448   -4.224   -4.224   -0.533   -0.533
    6.446    6.446    9.196    9.197    9.336    9.336
            0.445000  0.383938  0.000000
  -16.230  -16.230  -15.190  -15.190   -9.439   -9.439   -4.228   -4.228   -0.531   -0.531
    6.432    6.432    9.193    9.194    9.333    9.333
            0.445333  0.383361  0.000000
  -16.232  -16.232  -15.192  -15.192   -9.429   -9.429   -4.231   -4.231   -0.530   -0.530
    6.419    6.419    9.190    9.191    9.330    9.330
            0.445667  0.382783  0.000000
  -16.234  -16.234  -15.194  -15.194   -9.419   -9.419   -4.234   -4.234   -0.529   -0.529
    6.405    6.405    9.188    9.188    9.327    9.327
            0.446000  0.382206  0.000000
  -16.236  -16.236  -15.196  -15.196   -9.410   -9.410   -4.237   -4.237   -0.528   -0.528
    6.392    6.392    9.185    9.185    9.325    9.325
            0.446333  0.381629  0.000000
  -16.239  -16.239  -15.198  -15.198   -9.400   -9.400   -4.240   -4.240   -0.527   -0.527
    6.378    6.378    9.182    9.182    9.322    9.322
            0.446667  0.381051  0.000000
  -16.241  -16.241  -15.201  -15.201   -9.391   -9.391   -4.243   -4.243   -0.526   -0.526
    6.365    6.365    9.179    9.179    9.319    9.319
            0.447000  0.380474  0.000000
  -16.243  -16.243  -15.203  -15.203   -9.381   -9.381   -4.246   -4.246   -0.525   -0.525
    6.352    6.352    9.176    9.176    9.316    9.316
            0.447333  0.379896  0.000000
  -16.245  -16.245  -15.205  -15.205   -9.372   -9.372   -4.249   -4.249   -0.524   -0.524
    6.338    6.338    9.173    9.173    9.313    9.313
            0.447667  0.379319  0.000000
  -16.247  -16.247  -15.207  -15.207   -9.362   -9.362   -4.252   -4.252   -0.523   -0.523
    6.325    6.325    9.170    9.170    9.310    9.310
            0.448000  0.378742  0.000000
  -16.249  -16.249  -15.209  -15.209   -9.353   -9.353   -4.255   -4.255   -0.522   -0.522
    6.312    6.312    9.167    9.167    9.308    9.308
            0.448333  0.378164  0.000000
  -16.251  -16.251  -15.211  -15.211   -9.344   -9.344   -4.258   -4.258   -0.521   -0.521
    6.299    6.299    9.164    9.164    9.305    9.305
            0.448667  0.377587  0.000000
  -16.253  -16.253  -15.213  -15.213   -9.334   -9.334   -4.261   -4.261   -0.520   -0.520
    6.286    6.286    9.161    9.161    9.302    9.302
            0.449000  0.377010  0.000000
  -16.255  -16.255  -15.215  -15.215   -9.325   -9.325   -4.264   -4.264   -0.519   -0.519
    6.273    6.273    9.159    9.159    9.299    9.299
            0.449333  0.376432  0.000000
  -16.258  -16.258  -15.217  -15.217   -9.316   -9.316   -4.267   -4.267   -0.518   -0.518
    6.260    6.260    9.156    9.156    9.297    9.297
            0.449667  0.375855  0.000000
  -16.260  -16.260  -15.219  -15.219   -9.307   -9.307   -4.270   -4.270   -0.517   -0.517
    6.248    6.248    9.153    9.153    9.294    9.294
            0.450000  0.375278  0.000000
  -16.262  -16.262  -15.221  -15.221   -9.298   -9.298   -4.273   -4.273   -0.516   -0.516
    6.235    6.235    9.150    9.150    9.291    9.291
            0.450333  0.374700  0.000000
  -16.264  -16.264  -15.222  -15.222   -9.289   -9.289   -4.276   -4.276   -0.515   -0.515
    6.222    6.222    9.148    9.148    9.289    9.289
            0.450667  0.374123  0.000000
  -16.266  -16.266  -15.224  -15.224   -9.280   -9.280   -4.278   -4.278   -0.514   -0.514
    6.210    6.210    9.145    9.145    9.286    9.286
            0.451000  0.373546  0.000000
  -16.268  -16.268  -15.226  -15.226   -9.271   -9.271   -4.281   -4.281   -0.513   -0.513
    6.197    6.197    9.142    9.142    9.283    9.283
            0.451333  0.372968  0.000000
  -16.270  -16.270  -15.228  -15.228   -9.262   -9.262   -4.284   -4.284   -0.512   -0.512
    6.185    6.185    9.139    9.139    9.281    9.281
            0.451667  0.372391  0.000000
  -16.272  -16.272  -15.230  -15.230   -9.253   -9.253   -4.287   -4.287   -0.511   -0.511
    6.172    6.172    9.137    9.137    9.278    9.278
            0.452000  0.371814  0.000000
  -16.273  -16.273  -15.232  -15.232   -9.244   -9.244   -4.290   -4.290   -0.510   -0.510
    6.160    6.160    9.134    9.134    9.275    9.275
            0.452333  0.371236  0.000000
  -16.275  -16.275  -15.234  -15.234   -9.235   -9.235   -4.292   -4.292   -0.509   -0.509
    6.148    6.148    9.131    9.132    9.273    9.273
            0.452667  0.370659  0.000000
  -16.277  -16.277  -15.236  -15.236   -9.226   -9.226   -4.295   -4.295   -0.508   -0.508
    6.136    6.136    9.129    9.129    9.270    9.270
            0.453000  0.370082  0.000000
  -16.279  -16.279  -15.238  -15.238   -9.218   -9.218   -4.298   -4.298   -0.507   -0.507
    6.124    6.124    9.126    9.126    9.267    9.267
            0.453333  0.369504  0.000000
  -16.281  -16.281  -15.239  -15.239   -9.209   -9.209   -4.301   -4.301   -0.506   -0.506
    6.111    6.111    9.124    9.124    9.265    9.265
            0.453667  0.368927  0.000000
  -16.283  -16.283  -15.241  -15.241   -9.200   -9.200   -4.303   -4.303   -0.506   -0.506
    6.099    6.099    9.121    9.121    9.262    9.262
            0.454000  0.368349  0.000000
  -16.285  -16.285  -15.243  -15.243   -9.192   -9.192   -4.306   -4.306   -0.505   -0.505
    6.088    6.088    9.119    9.119    9.260    9.260
            0.454333  0.367772  0.000000
  -16.287  -16.287  -15.245  -15.245   -9.183   -9.183   -4.308   -4.308   -0.504   -0.504
    6.076    6.076    9.116    9.116    9.257    9.257
            0.454667  0.367195  0.000000
  -16.289  -16.289  -15.247  -15.247   -9.175   -9.175   -4.311   -4.311   -0.503   -0.503
    6.064    6.064    9.114    9.114    9.255    9.255
            0.455000  0.366617  0.000000
  -16.290  -16.290  -15.248  -15.248   -9.166   -9.166   -4.314   -4.314   -0.502   -0.502
    6.052    6.052    9.111    9.111    9.252    9.252
            0.455333  0.366040  0.000000
  -16.292  -16.292  -15.250  -15.250   -9.158   -9.158   -4.316   -4.316   -0.501   -0.501
    6.041    6.041    9.109    9.109    9.250    9.250
            0.455667  0.365463  0.000000
  -16.294  -16.294  -15.252  -15.252   -9.150   -9.150   -4.319   -4.319   -0.501   -0.501
    6.029    6.029    9.106    9.106    9.247    9.247
            0.456000  0.364885  0.000000
  -16.296  -16.296  -15.254  -15.254   -9.141   -9.141   -4.321   -4.321   -0.500   -0.500
    6.017    6.017    9.104    9.104    9.245    9.245
            0.456333  0.364308  0.000000
  -16.298  -16.298  -15.255  -15.255   -9.133   -9.133   -4.324   -4.324   -0.499   -0.499
    6.006    6.006    9.101    9.101    9.242    9.242
            0.456667  0.363731  0.000000
  -16.299  -16.299  -15.257  -15.257   -9.125   -9.125   -4.326   -4.326   -0.498   -0.498
    5.995    5.995    9.099    9.099    9.240    9.240
            0.457000  0.363153  0.000000
  -16.301  -16.301  -15.259  -15.259   -9.117   -9.117   -4.329   -4.329   -0.497   -0.497
    5.983    5.983    9.096    9.097    9.238    9.238
            0.457333  0.362576  0.000000
  -16.303  -16.303  -15.260  -15.260   -9.109   -9.109   -4.331   -4.331   -0.497   -0.497
    5.972    5.972    9.094    9.094    9.235    9.235
            0.457667  0.361999  0.000000
  -16.305  -16.305  -15.262  -15.262   -9.100   -9.100   -4.334   -4.334   -0.496   -0.496
    5.961    5.961    9.092    9.092    9.233    9.233
            0.458000  0.361421  0.000000
  -16.306  -16.306  -15.264  -15.264   -9.092   -9.092   -4.336   -4.336   -0.495   -0.495
    5.950    5.950    9.089    9.089    9.231    9.231
            0.458333  0.360844  0.000000
  -16.308  -16.308  -15.265  -15.265   -9.084   -9.084   -4.339   -4.339   -0.494   -0.494
    5.939    5.939    9.087    9.087    9.228    9.228
            0.458667  0.360267  0.000000
  -16.310  -16.310  -15.267  -15.267   -9.077   -9.077   -4.341   -4.341   -0.494   -0.494
    5.928    5.928    9.085    9.085    9.226    9.226
            0.459000  0.359689  0.000000
  -16.311  -16.311  -15.269  -15.269   -9.069   -9.069   -4.343   -4.343   -0.493   -0.493
    5.917    5.917    9.083    9.083    9.224    9.224
            0.459333  0.359112  0.000000
  -16.313  -16.313  -15.270  -15.270   -9.061   -9.061   -4.346   -4.346   -0.492   -0.492
    5.906    5.906    9.080    9.080    9.221    9.221
            0.459667  0.358535  0.000000
  -16.315  -16.315  -15.272  -15.272   -9.053   -9.053   -4.348   -4.348   -0.492   -0.492
    5.896    5.896    9.078    9.078    9.219    9.219
            0.460000  0.357957  0.000000
  -16.316  -16.316  -15.273  -15.273   -9.045   -9.045   -4.350   -4.350   -0.491   -0.491
    5.885    5.885    9.076    9.076    9.217    9.217
            0.460333  0.357380  0.000000
  -16.318  -16.318  -15.275  -15.275   -9.038   -9.038   -4.353   -4.353   -0.490   -0.490
    5.874    5.874    9.074    9.074    9.215    9.215
            0.460667  0.356802  0.000000
  -16.319  -16.319  -15.276  -15.276   -9.030   -9.030   -4.355   -4.355   -0.490   -0.490
    5.864    5.864    9.071    9.071    9.212    9.212
            0.461000  0.356225  0.000000
  -16.321  -16.321  -15.278  -15.278   -9.023   -9.023   -4.357   -4.357   -0.489   -0.489
    5.853    5.853    9.069    9.069    9.210    9.210
            0.461333  0.355648  0.000000
  -16.323  -16.323  -15.280  -15.280   -9.015   -9.015   -4.359   -4.359   -0.488   -0.488
    5.843    5.843    9.067    9.067    9.208    9.208
            0.461667  0.355070  0.000000
  -16.324  -16.324  -15.281  -15.281   -9.008   -9.008   -4.361   -4.361   -0.488   -0.488
    5.833    5.833    9.065    9.065    9.206    9.206
            0.462000  0.354493  0.000000
  -16.326  -16.326  -15.283  -15.283   -9.000   -9.000   -4.364   -4.364   -0.487   -0.487
    5.823    5.823    9.063    9.063    9.204    9.204
            0.462333  0.353916  0.000000
  -16.327  -16.327  -15.284  -15.284   -8.993   -8.993   -4.366   -4.366   -0.486   -0.486
    5.813    5.813    9.061    9.061    9.201    9.202
            0.462667  0.353338  0.000000
  -16.329  -16.329  -15.286  -15.286   -8.986   -8.986   -4.368   -4.368   -0.486   -0.486
    5.803    5.803    9.059    9.059    9.199    9.199
            0.463000  0.352761  0.000000
  -16.330  -16.330  -15.287  -15.287   -8.978   -8.978   -4.370   -4.370   -0.485   -0.485
    5.793    5.793    9.057    9.057    9.197    9.197
            0.463333  0.352184  0.000000
  -16.332  -16.332  -15.288  -15.288   -8.971   -8.971   -4.372   -4.372   -0.484   -0.484
    5.783    5.783    9.055    9.055    9.195    9.195
            0.463667  0.351606  0.000000
  -16.333  -16.333  -15.290  -15.290   -8.964   -8.964   -4.374   -4.374   -0.484   -0.484
    5.773    5.773    9.052    9.053    9.193    9.193
            0.464000  0.351029  0.000000
  -16.335  -16.335  -15.291  -15.291   -8.957   -8.957   -4.376   -4.376   -0.483   -0.483
    5.763    5.763    9.050    9.051    9.191    9.191
            0.464333  0.350452  0.000000
  -16.336  -16.336  -15.293  -15.293   -8.950   -8.950   -4.378   -4.378   -0.483   -0.483
    5.753    5.753    9.048    9.049    9.189    9.189
            0.464667  0.349874  0.000000
  -16.338  -16.338  -15.294  -15.294   -8.943   -8.943   -4.381   -4.381   -0.482   -0.482
    5.744    5.744    9.047    9.047    9.187    9.187
            0.465000  0.349297  0.000000
  -16.339  -16.339  -15.296  -15.296   -8.936   -8.936   -4.383   -4.383   -0.481   -0.481
    5.734    5.734    9.045    9.045    9.185    9.185
            0.465333  0.348720  0.000000
  -16.340  -16.340  -15.297  -15.297   -8.929   -8.929   -4.385   -4.385   -0.481   -0.481
    5.725    5.725    9.043    9.043    9.183    9.183
            0.465667  0.348142  0.000000
  -16.342  -16.342  -15.298  -15.298   -8.922   -8.922   -4.387   -4.387   -0.480   -0.480
    5.716    5.716    9.041    9.041    9.181    9.181
            0.466000  0.347565  0.000000
  -16.343  -16.343  -15.300  -15.300   -8.916   -8.916   -4.388   -4.388   -0.480   -0.480
    5.706    5.706    9.039    9.039    9.179    9.179
            0.466333  0.346988  0.000000
  -16.345  -16.345  -15.301  -15.301   -8.909   -8.909   -4.390   -4.390   -0.479   -0.479
    5.697    5.697    9.037    9.037    9.177    9.177
            0.466667  0.346410  0.000000
  -16.346  -16.346  -15.302  -15.302   -8.902   -8.902   -4.392   -4.392   -0.479   -0.479
    5.688    5.688    9.035    9.035    9.175    9.175
            0.467000  0.345833  0.000000
  -16.347  -16.347  -15.304  -15.304   -8.896   -8.896   -4.394   -4.394   -0.478   -0.478
    5.679    5.679    9.033    9.033    9.173    9.173
            0.467333  0.345255  0.000000
  -16.349  -16.349  -15.305  -15.305   -8.889   -8.889   -4.396   -4.396   -0.478   -0.478
    5.670    5.670    9.031    9.031    9.172    9.172
            0.467667  0.344678  0.000000
  -16.350  -16.350  -15.306  -15.306   -8.883   -8.883   -4.398   -4.398   -0.477   -0.477
    5.661    5.661    9.030    9.030    9.170    9.170
            0.468000  0.344101  0.000000
  -16.351  -16.351  -15.307  -15.307   -8.876   -8.876   -4.400   -4.400   -0.477   -0.477
    5.652    5.652    9.028    9.028    9.168    9.168
            0.468333  0.343523  0.000000
  -16.352  -16.352  -15.309  -15.309   -8.870   -8.870   -4.402   -4.402   -0.476   -0.476
    5.644    5.644    9.026    9.026    9.166    9.166
            0.468667  0.342946  0.000000
  -16.354  -16.354  -15.310  -15.310   -8.864   -8.864   -4.403   -4.403   -0.476   -0.476
    5.635    5.635    9.024    9.024    9.164    9.164
            0.469000  0.342369  0.000000
  -16.355  -16.355  -15.311  -15.311   -8.857   -8.857   -4.405   -4.405   -0.475   -0.475
    5.627    5.627    9.023    9.023    9.163    9.163
            0.469333  0.341791  0.000000
  -16.356  -16.356  -15.312  -15.312   -8.851   -8.851   -4.407   -4.407   -0.475   -0.475
    5.618    5.618    9.021    9.021    9.161    9.161
            0.469667  0.341214  0.000000
  -16.357  -16.357  -15.314  -15.314   -8.845   -8.845   -4.409   -4.409   -0.474   -0.474
    5.610    5.610    9.019    9.019    9.159    9.159
            0.470000  0.340637  0.000000
  -16.359  -16.359  -15.315  -15.315   -8.839   -8.839   -4.411   -4.411   -0.474   -0.474
    5.602    5.602    9.017    9.017    9.157    9.157
            0.470333  0.340059  0.000000
  -16.360  -16.360  -15.316  -15.316   -8.833   -8.833   -4.412   -4.412   -0.473   -0.473
    5.593    5.593    9.016    9.016    9.156    9.156
            0.470667  0.339482  0.000000
  -16.361  -16.361  -15.317  -15.317   -8.827   -8.827   -4.414   -4.414   -0.473   -0.473
    5.585    5.585    9.014    9.014    9.154    9.154
            0.471000  0.338905  0.000000
  -16.362  -16.362  -15.318  -15.318   -8.821   -8.821   -4.416   -4.416   -0.472   -0.472
    5.577    5.577    9.012    9.012    9.152    9.152
            0.471333  0.338327  0.000000
  -16.363  -16.363  -15.319  -15.319   -8.815   -8.815   -4.417   -4.417   -0.472   -0.472
    5.569    5.569    9.011    9.011    9.151    9.151
            0.471667  0.337750  0.000000
  -16.365  -16.365  -15.321  -15.321   -8.810   -8.810   -4.419   -4.419   -0.471   -0.471
    5.561    5.561    9.009    9.009    9.149    9.149
            0.472000  0.337173  0.000000
  -16.366  -16.366  -15.322  -15.322   -8.804   -8.804   -4.421   -4.421   -0.471   -0.471
    5.554    5.554    9.008    9.008    9.147    9.147
            0.472333  0.336595  0.000000
  -16.367  -16.367  -15.323  -15.323   -8.798   -8.798   -4.422   -4.422   -0.471   -0.471
    5.546    5.546    9.006    9.006    9.146    9.146
            0.472667  0.336018  0.000000
  -16.368  -16.368  -15.324  -15.324   -8.793   -8.793   -4.424   -4.424   -0.470   -0.470
    5.538    5.538    9.005    9.005    9.144    9.144
            0.473000  0.335441  0.000000
  -16.369  -16.369  -15.325  -15.325   -8.787   -8.787   -4.425   -4.425   -0.470   -0.470
    5.531    5.531    9.003    9.003    9.143    9.143
            0.473333  0.334863  0.000000
  -16.370  -16.370  -15.326  -15.326   -8.782   -8.782   -4.427   -4.427   -0.469   -0.469
    5.523    5.523    9.002    9.002    9.141    9.141
            0.473667  0.334286  0.000000
  -16.371  -16.371  -15.327  -15.327   -8.776   -8.776   -4.428   -4.428   -0.469   -0.469
    5.516    5.516    9.000    9.000    9.140    9.140
            0.474000  0.333708  0.000000
  -16.372  -16.372  -15.328  -15.328   -8.771   -8.771   -4.430   -4.430   -0.469   -0.469
    5.509    5.509    8.999    8.999    9.138    9.138
            0.474333  0.333131  0.000000
  -16.373  -16.373  -15.329  -15.329   -8.766   -8.766   -4.431   -4.431   -0.468   -0.468
    5.501    5.501    8.997    8.997    9.137    9.137
            0.474667  0.332554  0.000000
  -16.374  -16.374  -15.330  -15.330   -8.761   -8.761   -4.433   -4.433   -0.468   -0.468
    5.494    5.494    8.996    8.996    9.135    9.135
            0.475000  0.331976  0.000000
  -16.375  -16.375  -15.331  -15.331   -8.755   -8.755   -4.434   -4.434   -0.467   -0.467
    5.487    5.487    8.994    8.994    9.134    9.134
            0.475333  0.331399  0.000000
  -16.376  -16.376  -15.332  -15.332   -8.750   -8.750   -4.436   -4.436   -0.467   -0.467
    5.480    5.480    8.993    8.993    9.132    9.132
            0.475667  0.330822  0.000000
  -16.377  -16.377  -15.333  -15.333   -8.745   -8.745   -4.437   -4.437   -0.467   -0.467
    5.473    5.473    8.992    8.992    9.131    9.131
            0.476000  0.330244  0.000000
  -16.378  -16.378  -15.334  -15.334   -8.740   -8.740   -4.438   -4.438   -0.466   -0.466
    5.467    5.467    8.990    8.990    9.129    9.130
            0.476333  0.329667  0.000000
  -16.379  -16.379  -15.335  -15.335   -8.735   -8.735   -4.440   -4.440   -0.466   -0.466
    5.460    5.460    8.989    8.989    9.128    9.128
            0.476667  0.329090  0.000000
  -16.380  -16.380  -15.336  -15.336   -8.731   -8.731   -4.441   -4.441   -0.466   -0.466
    5.453    5.453    8.988    8.988    9.127    9.127
            0.477000  0.328512  0.000000
  -16.381  -16.381  -15.337  -15.337   -8.726   -8.726   -4.443   -4.443   -0.465   -0.465
    5.447    5.447    8.986    8.986    9.125    9.125
            0.477333  0.327935  0.000000
  -16.382  -16.382  -15.338  -15.338   -8.721   -8.721   -4.444   -4.444   -0.465   -0.465
    5.441    5.441    8.985    8.985    9.124    9.124
            0.477667  0.327358  0.000000
  -16.383  -16.383  -15.339  -15.339   -8.716   -8.716   -4.445   -4.445   -0.465   -0.465
    5.434    5.434    8.984    8.984    9.123    9.123
            0.478000  0.326780  0.000000
  -16.384  -16.384  -15.340  -15.340   -8.712   -8.712   -4.446   -4.446   -0.464   -0.464
    5.428    5.428    8.983    8.983    9.122    9.122
            0.478333  0.326203  0.000000
  -16.385  -16.385  -15.341  -15.341   -8.707   -8.707   -4.448   -4.448   -0.464   -0.464
    5.422    5.422    8.981    8.981    9.120    9.120
            0.478667  0.325626  0.000000
  -16.386  -16.386  -15.341  -15.341   -8.703   -8.703   -4.449   -4.449   -0.464   -0.464
    5.416    5.416    8.980    8.980    9.119    9.119
            0.479000  0.325048  0.000000
  -16.387  -16.387  -15.342  -15.342   -8.699   -8.699   -4.450   -4.450   -0.463   -0.463
    5.410    5.410    8.979    8.979    9.118    9.118
            0.479333  0.324471  0.000000
  -16.387  -16.387  -15.343  -15.343   -8.694   -8.694   -4.451   -4.451   -0.463   -0.463
    5.404    5.404    8.978    8.978    9.117    9.117
            0.479667  0.323894  0.000000
  -16.388  -16.388  -15.344  -15.344   -8.690   -8.690   -4.452   -4.452   -0.463   -0.463
    5.398    5.398    8.977    8.977    9.115    9.115
            0.480000  0.323316  0.000000
  -16.389  -16.389  -15.345  -15.345   -8.686   -8.686   -4.454   -4.454   -0.463   -0.463
    5.393    5.393    8.975    8.976    9.114    9.114
            0.480333  0.322739  0.000000
  -16.390  -16.390  -15.345  -15.345   -8.682   -8.682   -4.455   -4.455   -0.462   -0.462
    5.387    5.387    8.974    8.974    9.113    9.113
            0.480667  0.322161  0.000000
  -16.391  -16.391  -15.346  -15.346   -8.678   -8.678   -4.456   -4.456   -0.462   -0.462
    5.381    5.381    8.973    8.973    9.112    9.112
            0.481000  0.321584  0.000000
  -16.391  -16.391  -15.347  -15.347   -8.674   -8.674   -4.457   -4.457   -0.462   -0.462
    5.376    5.376    8.972    8.972    9.111    9.111
            0.481333  0.321007  0.000000
  -16.392  -16.392  -15.348  -15.348   -8.670   -8.670   -4.458   -4.458   -0.461   -0.461
    5.371    5.371    8.971    8.971    9.110    9.110
            0.481667  0.320429  0.000000
  -16.393  -16.393  -15.348  -15.348   -8.666   -8.666   -4.459   -4.459   -0.461   -0.461
    5.365    5.365    8.970    8.970    9.109    9.109
            0.482000  0.319852  0.000000
  -16.394  -16.394  -15.349  -15.349   -8.662   -8.662   -4.460   -4.460   -0.461   -0.461
    5.360    5.360    8.969    8.969    9.108    9.108
            0.482333  0.319275  0.000000
  -16.394  -16.394  -15.350  -15.350   -8.658   -8.658   -4.461   -4.461   -0.461   -0.461
    5.355    5.355    8.968    8.968    9.107    9.107
            0.482667  0.318697  0.000000
  -16.395  -16.395  -15.351  -15.351   -8.655   -8.655   -4.462   -4.462   -0.460   -0.460
    5.350    5.350    8.967    8.967    9.106    9.106
            0.483000  0.318120  0.000000
  -16.396  -16.396  -15.351  -15.351   -8.651   -8.651   -4.463   -4.463   -0.460   -0.460
    5.345    5.345    8.966    8.966    9.105    9.105
            0.483333  0.317543  0.000000
  -16.396  -16.396  -15.352  -15.352   -8.647   -8.647   -4.464   -4.464   -0.460   -0.460
    5.341    5.341    8.965    8.965    9.104    9.104
            0.483667  0.316965  0.000000
  -16.397  -16.397  -15.353  -15.353   -8.644   -8.644   -4.465   -4.465   -0.460   -0.460
    5.336    5.336    8.964    8.964    9.103    9.103
            0.484000  0.316388  0.000000
  -16.398  -16.398  -15.353  -15.353   -8.641   -8.641   -4.466   -4.466   -0.460   -0.460
    5.331    5.331    8.963    8.963    9.102    9.102
            0.484333  0.315811  0.000000
  -16.398  -16.398  -15.354  -15.354   -8.637   -8.637   -4.467   -4.467   -0.459   -0.459
    5.327    5.327    8.963    8.963    9.101    9.101
            0.484667  0.315233  0.000000
  -16.399  -16.399  -15.355  -15.355   -8.634   -8.634   -4.468   -4.468   -0.459   -0.459
    5.322    5.322    8.962    8.962    9.100    9.100
            0.485000  0.314656  0.000000
  -16.400  -16.400  -15.355  -15.355   -8.631   -8.631   -4.469   -4.469   -0.459   -0.459
    5.318    5.318    8.961    8.961    9.099    9.099
            0.485333  0.314079  0.000000
  -16.400  -16.400  -15.356  -15.356   -8.628   -8.628   -4.470   -4.470   -0.459   -0.459
    5.314    5.314    8.960    8.960    9.098    9.098
            0.485667  0.313501  0.000000
  -16.401  -16.401  -15.356  -15.356   -8.625   -8.625   -4.470   -4.470   -0.458   -0.458
    5.310    5.310    8.959    8.959    9.097    9.097
            0.486000  0.312924  0.000000
  -16.401  -16.401  -15.357  -15.357   -8.622   -8.622   -4.471   -4.471   -0.458   -0.458
    5.306    5.306    8.958    8.958    9.097    9.097
            0.486333  0.312346  0.000000
  -16.402  -16.402  -15.357  -15.357   -8.619   -8.619   -4.472   -4.472   -0.458   -0.458
    5.302    5.302    8.958    8.958    9.096    9.096
            0.486667  0.311769  0.000000
  -16.403  -16.403  -15.358  -15.358   -8.616   -8.616   -4.473   -4.473   -0.458   -0.458
    5.298    5.298    8.957    8.957    9.095    9.095
            0.487000  0.311192  0.000000
  -16.403  -16.403  -15.359  -15.359   -8.613   -8.613   -4.474   -4.474   -0.458   -0.458
    5.294    5.294    8.956    8.956    9.094    9.094
            0.487333  0.310614  0.000000
  -16.404  -16.404  -15.359  -15.359   -8.610   -8.610   -4.474   -4.474   -0.458   -0.458
    5.290    5.290    8.955    8.955    9.094    9.094
            0.487667  0.310037  0.000000
  -16.404  -16.404  -15.360  -15.360   -8.608   -8.608   -4.475   -4.475   -0.457   -0.457
    5.287    5.287    8.955    8.955    9.093    9.093
            0.488000  0.309460  0.000000
  -16.405  -16.405  -15.360  -15.360   -8.605   -8.605   -4.476   -4.476   -0.457   -0.457
    5.283    5.283    8.954    8.954    9.092    9.092
            0.488333  0.308882  0.000000
  -16.405  -16.405  -15.360  -15.360   -8.603   -8.603   -4.476   -4.476   -0.457   -0.457
    5.280    5.280    8.953    8.953    9.091    9.091
            0.488667  0.308305  0.000000
  -16.406  -16.406  -15.361  -15.361   -8.600   -8.600   -4.477   -4.477   -0.457   -0.457
    5.277    5.277    8.953    8.953    9.091    9.091
            0.489000  0.307728  0.000000
  -16.406  -16.406  -15.361  -15.361   -8.598   -8.598   -4.478   -4.478   -0.457   -0.457
    5.273    5.273    8.952    8.952    9.090    9.090
            0.489333  0.307150  0.000000
  -16.406  -16.406  -15.362  -15.362   -8.596   -8.596   -4.478   -4.478   -0.457   -0.457
    5.270    5.270    8.951    8.951    9.090    9.090
            0.489667  0.306573  0.000000
  -16.407  -16.407  -15.362  -15.362   -8.593   -8.593   -4.479   -4.479   -0.456   -0.456
    5.267    5.267    8.951    8.951    9.089    9.089
            0.490000  0.305996  0.000000
  -16.407  -16.407  -15.363  -15.363   -8.591   -8.591   -4.480   -4.480   -0.456   -0.456
    5.264    5.264    8.950    8.950    9.088    9.088
            0.490333  0.305418  0.000000
  -16.408  -16.408  -15.363  -15.363   -8.589   -8.589   -4.480   -4.480   -0.456   -0.456
    5.262    5.262    8.950    8.950    9.088    9.088
            0.490667  0.304841  0.000000
  -16.408  -16.408  -15.363  -15.363   -8.587   -8.587   -4.481   -4.481   -0.456   -0.456
    5.259    5.259    8.949    8.949    9.087    9.087
            0.491000  0.304264  0.000000
  -16.408  -16.408  -15.364  -15.364   -8.585   -8.585   -4.481   -4.481   -0.456   -0.456
    5.256    5.256    8.949    8.949    9.087    9.087
            0.491333  0.303686  0.000000
  -16.409  -16.409  -15.364  -15.364   -8.583   -8.583   -4.482   -4.482   -0.456   -0.456
    5.254    5.254    8.948    8.948    9.086    9.086
            0.491667  0.303109  0.000000
  -16.409  -16.409  -15.364  -15.364   -8.581   -8.581   -4.482   -4.482   -0.456   -0.456
    5.251    5.251    8.948    8.948    9.086    9.086
            0.492000  0.302532  0.000000
  -16.409  -16.409  -15.365  -15.365   -8.580   -8.580   -4.483   -4.483   -0.456   -0.456
    5.249    5.249    8.947    8.947    9.085    9.085
            0.492333  0.301954  0.000000
  -16.410  -16.410  -15.365  -15.365   -8.578   -8.578   -4.483   -4.483   -0.455   -0.455
    5.247    5.247    8.947    8.947    9.085    9.085
            0.492667  0.301377  0.000000
  -16.410  -16.410  -15.365  -15.365   -8.576   -8.576   -4.483   -4.483   -0.455   -0.455
    5.244    5.244    8.946    8.946    9.084    9.084
            0.493000  0.300799  0.000000
  -16.410  -16.410  -15.366  -15.366   -8.575   -8.575   -4.484   -4.484   -0.455   -0.455
    5.242    5.242    8.946    8.946    9.084    9.084
            0.493333  0.300222  0.000000
  -16.411  -16.411  -15.366  -15.366   -8.573   -8.573   -4.484   -4.484   -0.455   -0.455
    5.240    5.240    8.946    8.946    9.083    9.084
            0.493667  0.299645  0.000000
  -16.411  -16.411  -15.366  -15.366   -8.572   -8.572   -4.485   -4.485   -0.455   -0.455
    5.239    5.239    8.945    8.945    9.083    9.083
            0.494000  0.299067  0.000000
  -16.411  -16.411  -15.366  -15.366   -8.571   -8.571   -4.485   -4.485   -0.455   -0.455
    5.237    5.237    8.945    8.945    9.083    9.083
            0.494333  0.298490  0.000000
  -16.411  -16.411  -15.367  -15.367   -8.569   -8.569   -4.485   -4.485   -0.455   -0.455
    5.235    5.235    8.945    8.945    9.082    9.082
            0.494667  0.297913  0.000000
  -16.412  -16.412  -15.367  -15.367   -8.568   -8.568   -4.486   -4.486   -0.455   -0.455
    5.233    5.233    8.944    8.944    9.082    9.082
            0.495000  0.297335  0.000000
  -16.412  -16.412  -15.367  -15.367   -8.567   -8.567   -4.486   -4.486   -0.455   -0.455
    5.232    5.232    8.944    8.944    9.082    9.082
            0.495333  0.296758  0.000000
  -16.412  -16.412  -15.367  -15.367   -8.566   -8.566   -4.486   -4.486   -0.455   -0.455
    5.231    5.231    8.944    8.944    9.082    9.082
            0.495667  0.296181  0.000000
  -16.412  -16.412  -15.368  -15.368   -8.565   -8.565   -4.487   -4.487   -0.455   -0.455
    5.229    5.229    8.943    8.943    9.081    9.081
            0.496000  0.295603  0.000000
  -16.412  -16.412  -15.368  -15.368   -8.564   -8.564   -4.487   -4.487   -0.455   -0.455
    5.228    5.228    8.943    8.943    9.081    9.081
            0.496333  0.295026  0.000000
  -16.413  -16.413  -15.368  -15.368   -8.563   -8.563   -4.487   -4.487   -0.455   -0.455
    5.227    5.227    8.943    8.943    9.081    9.081
            0.496667  0.294449  0.000000
  -16.413  -16.413  -15.368  -15.368   -8.563   -8.563   -4.487   -4.487   -0.455   -0.455
    5.226    5.226    8.943    8.943    9.081    9.081
            0.497000  0.293871  0.000000
  -16.413  -16.413  -15.368  -15.368   -8.562   -8.562   -4.487   -4.487   -0.454   -0.454
    5.225    5.225    8.943    8.943    9.080    9.080
            0.497333  0.293294  0.000000
  -16.413  -16.413  -15.368  -15.368   -8.561   -8.561   -4.488   -4.488   -0.454   -0.454
    5.224    5.224    8.942    8.942    9.080    9.080
            0.497667  0.292717  0.000000
  -16.413  -16.413  -15.368  -15.368   -8.561   -8.561   -4.488   -4.488   -0.454   -0.454
    5.224    5.224    8.942    8.942    9.080    9.080
            0.498000  0.292139  0.000000
  -16.413  -16.413  -15.368  -15.368   -8.560   -8.560   -4.488   -4.488   -0.454   -0.454
    5.223    5.223    8.942    8.942    9.080    9.080
            0.498333  0.291562  0.000000
  -16.413  -16.413  -15.368  -15.368   -8.560   -8.560   -4.488   -4.488   -0.454   -0.454
    5.222    5.222    8.942    8.942    9.080    9.080
            0.498667  0.290985  0.000000
  -16.413  -16.413  -15.369  -15.369   -8.560   -8.560   -4.488   -4.488   -0.454   -0.454
    5.222    5.222    8.942    8.942    9.080    9.080
            0.499000  0.290407  0.000000
  -16.413  -16.413  -15.369  -15.369   -8.559   -8.559   -4.488   -4.488   -0.454   -0.454
    5.222    5.222    8.942    8.942    9.080    9.080
            0.499333  0.289830  0.000000
  -16.413  -16.413  -15.369  -15.369   -8.559   -8.559   -4.488   -4.488   -0.454   -0.454
    5.221    5.221    8.942    8.942    9.080    9.080
            0.499667  0.289252  0.000000
  -16.413  -16.413  -15.369  -15.369   -8.559   -8.559   -4.488   -4.488   -0.454   -0.454
    5.221    5.221    8.942    8.942    9.080    9.080
            0.500000  0.288675  0.000000
  -16.413  -16.413  -15.369  -15.369   -8.559   -8.559   -4.488   -4.488   -0.454   -0.454
    5.221    5.221    8.942    8.942    9.080    9.080
            0.499000  0.288098  0.000000
  -16.414  -16.414  -15.368  -15.368   -8.559   -8.559   -4.488   -4.488   -0.454   -0.454
    5.221    5.221    8.935    8.935    9.086    9.086
            0.498000  0.287520  0.000000
  -16.415  -16.415  -15.367  -15.367   -8.559   -8.559   -4.489   -4.489   -0.454   -0.454
    5.221    5.221    8.919    8.919    9.103    9.103
            0.497000  0.286943  0.000000
  -16.417  -16.417  -15.364  -15.364   -8.559   -8.559   -4.490   -4.490   -0.453   -0.453
    5.221    5.221    8.896    8.896    9.126    9.126
            0.496000  0.286366  0.000000
  -16.420  -16.420  -15.361  -15.361   -8.559   -8.559   -4.491   -4.491   -0.451   -0.451
    5.221    5.221    8.870    8.871    9.151    9.151
            0.495000  0.285788  0.000000
  -16.424  -16.424  -15.357  -15.357   -8.559   -8.559   -4.492   -4.492   -0.449   -0.449
    5.221    5.221    8.843    8.843    9.179    9.179
            0.494000  0.285211  0.000000
  -16.429  -16.429  -15.352  -15.352   -8.558   -8.558   -4.494   -4.494   -0.447   -0.447
    5.222    5.222    8.815    8.815    9.207    9.207
            0.493000  0.284634  0.000000
  -16.435  -16.435  -15.346  -15.346   -8.558   -8.558   -4.496   -4.496   -0.445   -0.445
    5.222    5.222    8.786    8.786    9.236    9.236
            0.492000  0.284056  0.000000
  -16.441  -16.441  -15.339  -15.339   -8.558   -8.558   -4.498   -4.498   -0.442   -0.442
    5.222    5.222    8.757    8.757    9.264    9.264
            0.491000  0.283479  0.000000
  -16.448  -16.448  -15.331  -15.331   -8.557   -8.557   -4.501   -4.501   -0.439   -0.439
    5.222    5.222    8.728    8.728    9.292    9.292
            0.490000  0.282902  0.000000
  -16.456  -16.456  -15.322  -15.322   -8.557   -8.557   -4.504   -4.504   -0.435   -0.435
    5.222    5.222    8.698    8.699    9.315    9.316
            0.489000  0.282324  0.000000
  -16.465  -16.465  -15.313  -15.313   -8.556   -8.556   -4.507   -4.507   -0.431   -0.431
    5.223    5.223    8.669    8.669    9.316    9.316
            0.488000  0.281747  0.000000
  -16.474  -16.474  -15.303  -15.303   -8.556   -8.556   -4.511   -4.511   -0.427   -0.427
    5.223    5.223    8.639    8.639    9.291    9.291
            0.487000  0.281170  0.000000
  -16.484  -16.484  -15.292  -15.292   -8.555   -8.555   -4.514   -4.514   -0.422   -0.422
    5.223    5.223    8.610    8.610    9.261    9.261
            0.486000  0.280592  0.000000
  -16.494  -16.494  -15.281  -15.281   -8.555   -8.555   -4.519   -4.519   -0.417   -0.417
    5.223    5.223    8.580    8.580    9.230    9.230
            0.485000  0.280015  0.000000
  -16.505  -16.505  -15.269  -15.269   -8.554   -8.554   -4.523   -4.523   -0.411   -0.411
    5.224    5.224    8.550    8.550    9.199    9.199
            0.484000  0.279438  0.000000
  -16.517  -16.517  -15.256  -15.256   -8.553   -8.553   -4.528   -4.528   -0.405   -0.405
    5.224    5.224    8.521    8.521    9.167    9.167
            0.483000  0.278860  0.000000
  -16.529  -16.529  -15.243  -15.243   -8.552   -8.552   -4.533   -4.533   -0.399   -0.399
    5.225    5.225    8.491    8.491    9.136    9.136
            0.482000  0.278283  0.000000
  -16.541  -16.541  -15.230  -15.230   -8.552   -8.552   -4.538   -4.538   -0.392   -0.392
    5.225    5.225    8.461    8.461    9.105    9.105
            0.481000  0.277705  0.000000
  -16.554  -16.554  -15.215  -15.215   -8.551   -8.551   -4.544   -4.544   -0.385   -0.385
    5.225    5.225    8.432    8.432    9.073    9.073
            0.480000  0.277128  0.000000
  -16.567  -16.567  -15.201  -15.201   -8.550   -8.550   -4.550   -4.550   -0.378   -0.378
    5.226    5.226    8.402    8.402    9.042    9.042
            0.479000  0.276551  0.000000
  -16.581  -16.581  -15.186  -15.186   -8.549   -8.549   -4.556   -4.556   -0.370   -0.370
    5.226    5.226    8.372    8.373    9.011    9.011
            0.478000  0.275973  0.000000
  -16.595  -16.595  -15.170  -15.170   -8.548   -8.548   -4.562   -4.562   -0.362   -0.362
    5.227    5.227    8.343    8.343    8.979    8.979
            0.477000  0.275396  0.000000
  -16.609  -16.609  -15.154  -15.154   -8.547   -8.547   -4.569   -4.569   -0.354   -0.354
    5.227    5.227    8.313    8.313    8.948    8.948
            0.476000  0.274819  0.000000
  -16.624  -16.624  -15.138  -15.138   -8.546   -8.546   -4.576   -4.576   -0.345   -0.345
    5.228    5.228    8.284    8.284    8.917    8.917
            0.475000  0.274241  0.000000
  -16.639  -16.639  -15.121  -15.121   -8.544   -8.544   -4.583   -4.583   -0.336   -0.336
    5.229    5.229    8.254    8.255    8.886    8.886
            0.474000  0.273664  0.000000
  -16.654  -16.654  -15.104  -15.104   -8.543   -8.543   -4.591   -4.591   -0.327   -0.327
    5.229    5.229    8.225    8.225    8.855    8.855
            0.473000  0.273087  0.000000
  -16.670  -16.670  -15.087  -15.087   -8.542   -8.542   -4.598   -4.598   -0.317   -0.317
    5.230    5.230    8.196    8.196    8.824    8.824
            0.472000  0.272509  0.000000
  -16.685  -16.685  -15.069  -15.069   -8.541   -8.541   -4.606   -4.606   -0.307   -0.307
    5.230    5.230    8.166    8.166    8.793    8.793
            0.471000  0.271932  0.000000
  -16.701  -16.701  -15.051  -15.051   -8.539   -8.539   -4.615   -4.615   -0.297   -0.297
    5.231    5.231    8.137    8.137    8.762    8.762
            0.470000  0.271355  0.000000
  -16.717  -16.717  -15.033  -15.033   -8.538   -8.538   -4.623   -4.623   -0.286   -0.286
    5.232    5.232    8.108    8.108    8.732    8.732
            0.469000  0.270777  0.000000
  -16.734  -16.734  -15.015  -15.015   -8.537   -8.537   -4.632   -4.632   -0.275   -0.275
    5.233    5.233    8.079    8.079    8.701    8.701
            0.468000  0.270200  0.000000
  -16.750  -16.750  -14.996  -14.996   -8.535   -8.535   -4.641   -4.641   -0.264   -0.264
    5.233    5.233    8.050    8.050    8.670    8.670
            0.467000  0.269623  0.000000
  -16.767  -16.767  -14.977  -14.977   -8.534   -8.534   -4.650   -4.650   -0.252   -0.252
    5.234    5.234    8.020    8.021    8.640    8.640
            0.466000  0.269045  0.000000
  -16.783  -16.783  -14.958  -14.958   -8.532   -8.532   -4.660   -4.660   -0.240   -0.240
    5.235    5.235    7.991    7.992    8.609    8.609
            0.465000  0.268468  0.000000
  -16.800  -16.800  -14.939  -14.939   -8.530   -8.530   -4.669   -4.669   -0.228   -0.228
    5.236    5.236    7.962    7.963    8.579    8.579
            0.464000  0.267891  0.000000
  -16.817  -16.817  -14.919  -14.919   -8.529   -8.529   -4.679   -4.679   -0.215   -0.215
    5.237    5.237    7.934    7.934    8.548    8.548
            0.463000  0.267313  0.000000
  -16.834  -16.834  -14.899  -14.899   -8.527   -8.527   -4.689   -4.689   -0.203   -0.203
    5.237    5.237    7.905    7.905    8.518    8.518
            0.462000  0.266736  0.000000
  -16.852  -16.852  -14.880  -14.880   -8.525   -8.525   -4.700   -4.700   -0.189   -0.189
    5.238    5.238    7.876    7.876    8.488    8.488
            0.461000  0.266158  0.000000
  -16.869  -16.869  -14.860  -14.860   -8.524   -8.524   -4.710   -4.710   -0.176   -0.176
    5.239    5.239    7.847    7.847    8.458    8.458
            0.460000  0.265581  0.000000
  -16.887  -16.887  -14.839  -14.839   -8.522   -8.522   -4.721   -4.721   -0.162   -0.162
    5.240    5.240    7.818    7.818    8.427    8.427
            0.459000  0.265004  0.000000
  -16.904  -16.904  -14.819  -14.819   -8.520   -8.520   -4.732   -4.732   -0.149   -0.149
    5.241    5.241    7.790    7.790    8.397    8.397
            0.458000  0.264426  0.000000
  -16.922  -16.922  -14.798  -14.798   -8.518   -8.518   -4.743   -4.743   -0.134   -0.134
    5.242    5.242    7.761    7.761    8.367    8.367
            0.457000  0.263849  0.000000
  -16.939  -16.939  -14.778  -14.778   -8.516   -8.516   -4.755   -4.755   -0.120   -0.120
    5.243    5.243    7.732    7.733    8.337    8.337
            0.456000  0.263272  0.000000
  -16.957  -16.957  -14.757  -14.757   -8.514   -8.514   -4.766   -4.766   -0.105   -0.105
    5.244    5.244    7.704    7.704    8.307    8.308
            0.455000  0.262694  0.000000
  -16.975  -16.975  -14.736  -14.736   -8.512   -8.512   -4.778   -4.778   -0.090   -0.090
    5.245    5.245    7.676    7.676    8.278    8.278
            0.454000  0.262117  0.000000
  -16.993  -16.993  -14.715  -14.715   -8.510   -8.510   -4.790   -4.790   -0.075   -0.075
    5.246    5.246    7.647    7.647    8.248    8.248
            0.453000  0.261540  0.000000
  -17.011  -17.011  -14.694  -14.694   -8.507   -8.507   -4.802   -4.802   -0.059   -0.059
    5.247    5.247    7.619    7.619    8.218    8.218
            0.452000  0.260962  0.000000
  -17.029  -17.029  -14.673  -14.673   -8.505   -8.505   -4.814   -4.814   -0.044   -0.044
    5.248    5.248    7.590    7.591    8.189    8.189
            0.451000  0.260385  0.000000
  -17.047  -17.047  -14.651  -14.651   -8.503   -8.503   -4.827   -4.827   -0.028   -0.028
    5.249    5.249    7.562    7.562    8.159    8.159
            0.450000  0.259808  0.000000
  -17.065  -17.065  -14.630  -14.630   -8.501   -8.501   -4.839   -4.839   -0.011   -0.011
    5.251    5.251    7.534    7.534    8.130    8.130
            0.449000  0.259230  0.000000
  -17.083  -17.083  -14.608  -14.608   -8.498   -8.498   -4.852   -4.852    0.005    0.005
    5.252    5.252    7.506    7.506    8.100    8.100
            0.448000  0.258653  0.000000
  -17.101  -17.101  -14.586  -14.586   -8.496   -8.496   -4.865   -4.865    0.022    0.022
    5.253    5.253    7.478    7.478    8.071    8.071
            0.447000  0.258076  0.000000
  -17.119  -17.119  -14.565  -14.565   -8.493   -8.493   -4.878   -4.878    0.039    0.039
    5.254    5.254    7.450    7.450    8.041    8.042
            0.446000  0.257498  0.000000
  -17.137  -17.137  -14.543  -14.543   -8.491   -8.491   -4.891   -4.891    0.056    0.056
    5.255    5.255    7.422    7.422    8.012    8.012
            0.445000  0.256921  0.000000
  -17.155  -17.155  -14.521  -14.521   -8.488   -8.488   -4.905   -4.904    0.073    0.073
    5.257    5.257    7.394    7.394    7.983    7.983
            0.444000  0.256344  0.000000
  -17.174  -17.174  -14.499  -14.499   -8.486   -8.486   -4.918   -4.918    0.091    0.091
    5.258    5.258    7.366    7.366    7.954    7.954
            0.443000  0.255766  0.000000
  -17.192  -17.192  -14.476  -14.476   -8.483   -8.483   -4.932   -4.932    0.108    0.108
    5.259    5.259    7.338    7.338    7.925    7.925
            0.442000  0.255189  0.000000
  -17.210  -17.210  -14.454  -14.454   -8.480   -8.480   -4.945   -4.945    0.126    0.126
    5.261    5.261    7.311    7.311    7.896    7.896
            0.441000  0.254611  0.000000
  -17.228  -17.228  -14.432  -14.432   -8.478   -8.478   -4.959   -4.959    0.144    0.144
    5.262    5.262    7.283    7.283    7.867    7.867
            0.440000  0.254034  0.000000
  -17.247  -17.247  -14.409  -14.409   -8.475   -8.475   -4.973   -4.973    0.163    0.163
    5.263    5.263    7.255    7.255    7.838    7.838
            0.439000  0.253457  0.000000
  -17.265  -17.265  -14.387  -14.387   -8.472   -8.472   -4.988   -4.988    0.181    0.181
    5.265    5.265    7.228    7.228    7.809    7.809
            0.438000  0.252879  0.000000
  -17.283  -17.283  -14.364  -14.364   -8.469   -8.469   -5.002   -5.002    0.200    0.200
    5.266    5.266    7.200    7.200    7.781    7.781
            0.437000  0.252302  0.000000
  -17.301  -17.301  -14.342  -14.342   -8.466   -8.466   -5.016   -5.016    0.219    0.219
    5.268    5.268    7.173    7.173    7.752    7.752
            0.436000  0.251725  0.000000
  -17.320  -17.320  -14.319  -14.319   -8.463   -8.463   -5.031   -5.031    0.238    0.238
    5.269    5.269    7.145    7.145    7.723    7.724
            0.435000  0.251147  0.000000
  -17.338  -17.338  -14.296  -14.296   -8.460   -8.460   -5.045   -5.045    0.258    0.258
    5.270    5.270    7.118    7.118    7.695    7.695
            0.434000  0.250570  0.000000
  -17.356  -17.356  -14.273  -14.273   -8.457   -8.457   -5.060   -5.060    0.277    0.277
    5.272    5.272    7.091    7.091    7.667    7.667
            0.433000  0.249993  0.000000
  -17.374  -17.374  -14.251  -14.251   -8.454   -8.454   -5.075   -5.075    0.297    0.297
    5.273    5.273    7.064    7.064    7.638    7.638
            0.432000  0.249415  0.000000
  -17.393  -17.393  -14.228  -14.228   -8.451   -8.451   -5.090   -5.090    0.317    0.317
    5.275    5.275    7.036    7.037    7.610    7.610
            0.431000  0.248838  0.000000
  -17.411  -17.411  -14.205  -14.205   -8.448   -8.448   -5.105   -5.105    0.337    0.337
    5.277    5.277    7.009    7.009    7.582    7.582
            0.430000  0.248261  0.000000
  -17.429  -17.429  -14.181  -14.181   -8.445   -8.445   -5.120   -5.120    0.357    0.357
    5.278    5.278    6.982    6.982    7.553    7.553
            0.429000  0.247683  0.000000
  -17.447  -17.447  -14.158  -14.158   -8.441   -8.441   -5.136   -5.136    0.377    0.377
    5.280    5.280    6.955    6.955    7.525    7.525
            0.428000  0.247106  0.000000
  -17.466  -17.466  -14.135  -14.135   -8.438   -8.438   -5.151   -5.151    0.398    0.398
    5.281    5.281    6.928    6.929    7.497    7.497
            0.427000  0.246529  0.000000
  -17.484  -17.484  -14.112  -14.112   -8.435   -8.435   -5.166   -5.166    0.418    0.418
    5.283    5.283    6.902    6.902    7.469    7.469
            0.426000  0.245951  0.000000
  -17.502  -17.502  -14.089  -14.089   -8.431   -8.431   -5.182   -5.182    0.439    0.439
    5.285    5.285    6.875    6.875    7.441    7.441
            0.425000  0.245374  0.000000
  -17.520  -17.520  -14.065  -14.065   -8.428   -8.428   -5.197   -5.197    0.460    0.460
    5.286    5.286    6.848    6.848    7.413    7.413
            0.424000  0.244797  0.000000
  -17.538  -17.538  -14.042  -14.042   -8.424   -8.424   -5.213   -5.213    0.481    0.481
    5.288    5.288    6.821    6.822    7.386    7.386
            0.423000  0.244219  0.000000
  -17.557  -17.557  -14.018  -14.018   -8.421   -8.421   -5.229   -5.229    0.503    0.503
    5.290    5.290    6.795    6.795    7.358    7.358
            0.422000  0.243642  0.000000
  -17.575  -17.575  -13.995  -13.995   -8.417   -8.417   -5.245   -5.245    0.524    0.524
    5.291    5.291    6.768    6.768    7.330    7.330
            0.421000  0.243064  0.000000
  -17.593  -17.593  -13.971  -13.971   -8.414   -8.414   -5.261   -5.261    0.546    0.546
    5.293    5.293    6.742    6.742    7.303    7.303
            0.420000  0.242487  0.000000
  -17.611  -17.611  -13.948  -13.948   -8.410   -8.410   -5.277   -5.277    0.567    0.567
    5.295    5.295    6.715    6.716    7.275    7.275
            0.419000  0.241910  0.000000
  -17.629  -17.629  -13.924  -13.924   -8.406   -8.406   -5.293   -5.293    0.589    0.589
    5.296    5.296    6.689    6.689    7.248    7.248
            0.418000  0.241332  0.000000
  -17.647  -17.647  -13.900  -13.900   -8.402   -8.402   -5.309   -5.309    0.611    0.611
    5.298    5.298    6.663    6.663    7.220    7.220
            0.417000  0.240755  0.000000
  -17.665  -17.665  -13.876  -13.876   -8.399   -8.399   -5.325   -5.325    0.633    0.633
    5.300    5.300    6.637    6.637    7.193    7.193
            0.416000  0.240178  0.000000
  -17.683  -17.683  -13.853  -13.853   -8.395   -8.395   -5.341   -5.341    0.655    0.655
    5.302    5.302    6.610    6.611    7.166    7.166
            0.415000  0.239600  0.000000
  -17.701  -17.701  -13.829  -13.829   -8.391   -8.391   -5.357   -5.357    0.678    0.678
    5.304    5.304    6.584    6.584    7.138    7.138
            0.414000  0.239023  0.000000
  -17.719  -17.719  -13.805  -13.805   -8.387   -8.387   -5.374   -5.374    0.700    0.700
    5.305    5.305    6.558    6.558    7.111    7.111
            0.413000  0.238446  0.000000
  -17.737  -17.737  -13.781  -13.781   -8.383   -8.383   -5.390   -5.390    0.723    0.723
    5.307    5.307    6.532    6.532    7.084    7.084
            0.412000  0.237868  0.000000
  -17.755  -17.755  -13.757  -13.757   -8.379   -8.379   -5.407   -5.407    0.746    0.746
    5.309    5.309    6.507    6.507    7.057    7.057
            0.411000  0.237291  0.000000
  -17.773  -17.773  -13.733  -13.733   -8.375   -8.375   -5.423   -5.423    0.768    0.768
    5.311    5.311    6.481    6.481    7.030    7.030
            0.410000  0.236714  0.000000
  -17.791  -17.791  -13.709  -13.709   -8.371   -8.371   -5.440   -5.440    0.791    0.791
    5.313    5.313    6.455    6.455    7.003    7.003
            0.409000  0.236136  0.000000
  -17.809  -17.809  -13.685  -13.685   -8.366   -8.366   -5.456   -5.456    0.814    0.814
    5.315    5.315    6.429    6.429    6.977    6.977
            0.408000  0.235559  0.000000
  -17.827  -17.827  -13.660  -13.660   -8.362   -8.362   -5.473   -5.473    0.838    0.838
    5.317    5.317    6.404    6.404    6.950    6.950
            0.407000  0.234982  0.000000
  -17.844  -17.844  -13.636  -13.636   -8.358   -8.358   -5.490   -5.490    0.861    0.861
    5.318    5.318    6.378    6.378    6.923    6.923
            0.406000  0.234404  0.000000
  -17.862  -17.862  -13.612  -13.612   -8.354   -8.354   -5.507   -5.507    0.884    0.884
    5.320    5.320    6.353    6.353    6.896    6.896
            0.405000  0.233827  0.000000
  -17.880  -17.880  -13.588  -13.588   -8.349   -8.349   -5.523   -5.523    0.908    0.908
    5.322    5.322    6.327    6.327    6.870    6.870
            0.404000  0.233250  0.000000
  -17.898  -17.898  -13.563  -13.563   -8.345   -8.345   -5.540   -5.540    0.931    0.931
    5.324    5.324    6.302    6.302    6.843    6.843
            0.403000  0.232672  0.000000
  -17.915  -17.915  -13.539  -13.539   -8.340   -8.340   -5.557   -5.557    0.955    0.955
    5.326    5.326    6.277    6.277    6.817    6.817
            0.402000  0.232095  0.000000
  -17.933  -17.933  -13.515  -13.515   -8.336   -8.336   -5.574   -5.574    0.979    0.979
    5.328    5.328    6.252    6.252    6.791    6.791
            0.401000  0.231517  0.000000
  -17.951  -17.951  -13.490  -13.490   -8.331   -8.331   -5.591   -5.591    1.003    1.003
    5.330    5.330    6.227    6.227    6.764    6.764
            0.400000  0.230940  0.000000
  -17.968  -17.968  -13.466  -13.466   -8.327   -8.327   -5.608   -5.608    1.027    1.027
    5.332    5.332    6.202    6.202    6.738    6.738
            0.399000  0.230363  0.000000
  -17.986  -17.986  -13.441  -13.441   -8.322   -8.322   -5.625   -5.625    1.051    1.051
    5.333    5.333    6.177    6.177    6.712    6.712
            0.398000  0.229785  0.000000
  -18.003  -18.003  -13.417  -13.417   -8.317   -8.317   -5.642   -5.642    1.075    1.075
    5.335    5.335    6.152    6.152    6.686    6.686
            0.397000  0.229208  0.000000
  -18.021  -18.021  -13.392  -13.392   -8.313   -8.313   -5.659   -5.659    1.099    1.099
    5.337    5.337    6.127    6.127    6.660    6.660
            0.396000  0.228631  0.000000
  -18.039  -18.039  -13.368  -13.368   -8.308   -8.308   -5.676   -5.676    1.124    1.124
    5.339    5.339    6.103    6.103    6.634    6.634
            0.395000  0.228053  0.000000
  -18.056  -18.056  -13.343  -13.343   -8.303   -8.303   -5.693   -5.693    1.148    1.148
    5.341    5.341    6.078    6.078    6.608    6.608
            0.394000  0.227476  0.000000
  -18.073  -18.073  -13.318  -13.318   -8.298   -8.298   -5.710   -5.710    1.173    1.173
    5.343    5.343    6.054    6.054    6.582    6.582
            0.393000  0.226899  0.000000
  -18.091  -18.091  -13.294  -13.294   -8.293   -8.293   -5.727   -5.727    1.197    1.197
    5.344    5.344    6.030    6.030    6.557    6.557
            0.392000  0.226321  0.000000
  -18.108  -18.108  -13.269  -13.269   -8.289   -8.289   -5.744   -5.744    1.222    1.222
    5.346    5.346    6.005    6.005    6.531    6.531
            0.391000  0.225744  0.000000
  -18.126  -18.126  -13.244  -13.244   -8.284   -8.284   -5.762   -5.762    1.247    1.247
    5.348    5.348    5.981    5.981    6.505    6.505
            0.390000  0.225167  0.000000
  -18.143  -18.143  -13.219  -13.219   -8.279   -8.279   -5.779   -5.779    1.272    1.272
    5.349    5.349    5.957    5.958    6.480    6.480
            0.389000  0.224589  0.000000
  -18.160  -18.160  -13.194  -13.194   -8.273   -8.273   -5.796   -5.796    1.297    1.297
    5.351    5.351    5.934    5.934    6.454    6.454
            0.388000  0.224012  0.000000
  -18.177  -18.177  -13.170  -13.170   -8.268   -8.268   -5.813   -5.813    1.322    1.322
    5.352    5.352    5.910    5.910    6.429    6.429
            0.387000  0.223435  0.000000
  -18.195  -18.195  -13.145  -13.145   -8.263   -8.263   -5.830   -5.830    1.347    1.347
    5.354    5.354    5.887    5.887    6.404    6.404
            0.386000  0.222857  0.000000
  -18.212  -18.212  -13.120  -13.120   -8.258   -8.258   -5.848   -5.848    1.372    1.372
    5.355    5.355    5.863    5.863    6.378    6.378
            0.385000  0.222280  0.000000
  -18.229  -18.229  -13.095  -13.095   -8.253   -8.253   -5.865   -5.865    1.397    1.397
    5.356    5.356    5.840    5.840    6.353    6.353
            0.384000  0.221703  0.000000
  -18.246  -18.246  -13.070  -13.070   -8.248   -8.248   -5.882   -5.882    1.422    1.422
    5.357    5.357    5.817    5.817    6.328    6.328
            0.383000  0.221125  0.000000
  -18.263  -18.263  -13.045  -13.045   -8.242   -8.242   -5.899   -5.899    1.448    1.448
    5.358    5.358    5.795    5.795    6.303    6.303
            0.382000  0.220548  0.000000
  -18.280  -18.280  -13.020  -13.020   -8.237   -8.237   -5.917   -5.917    1.473    1.473
    5.359    5.359    5.772    5.772    6.278    6.278
            0.381000  0.219970  0.000000
  -18.297  -18.297  -12.995  -12.995   -8.231   -8.231   -5.934   -5.934    1.499    1.499
    5.359    5.359    5.750    5.750    6.253    6.253
            0.380000  0.219393  0.000000
  -18.314  -18.314  -12.970  -12.970   -8.226   -8.226   -5.951   -5.951    1.524    1.524
    5.359    5.359    5.728    5.728    6.228    6.228
            0.379000  0.218816  0.000000
  -18.331  -18.331  -12.944  -12.944   -8.220   -8.220   -5.969   -5.969    1.550    1.550
    5.359    5.359    5.707    5.707    6.203    6.203
            0.378000  0.218238  0.000000
  -18.348  -18.348  -12.919  -12.919   -8.215   -8.215   -5.986   -5.986    1.576    1.576
    5.359    5.359    5.686    5.686    6.179    6.179
            0.377000  0.217661  0.000000
  -18.365  -18.365  -12.894  -12.894   -8.209   -8.209   -6.003   -6.003    1.601    1.601
    5.358    5.358    5.666    5.666    6.154    6.154
            0.376000  0.217084  0.000000
  -18.382  -18.382  -12.869  -12.869   -8.204   -8.204   -6.021   -6.021    1.627    1.627
    5.356    5.356    5.646    5.646    6.129    6.129
            0.375000  0.216506  0.000000
  -18.398  -18.398  -12.844  -12.844   -8.198   -8.198   -6.038   -6.038    1.653    1.653
    5.354    5.354    5.627    5.627    6.105    6.105
            0.374000  0.215929  0.000000
  -18.415  -18.415  -12.818  -12.818   -8.192   -8.192   -6.055   -6.055    1.679    1.679
    5.351    5.351    5.609    5.609    6.081    6.081
            0.373000  0.215352  0.000000
  -18.432  -18.432  -12.793  -12.793   -8.187   -8.187   -6.072   -6.072    1.705    1.705
    5.346    5.347    5.592    5.592    6.056    6.056
            0.372000  0.214774  0.000000
  -18.449  -18.449  -12.768  -12.768   -8.181   -8.181   -6.090   -6.090    1.731    1.731
    5.341    5.341    5.576    5.577    6.032    6.032
            0.371000  0.214197  0.000000
  -18.465  -18.465  -12.742  -12.742   -8.175   -8.175   -6.107   -6.107    1.757    1.757
    5.335    5.335    5.562    5.562    6.008    6.008
            0.370000  0.213620  0.000000
  -18.482  -18.482  -12.717  -12.717   -8.169   -8.169   -6.124   -6.124    1.783    1.783
    5.327    5.327    5.549    5.549    5.984    5.984
            0.369000  0.213042  0.000000
  -18.498  -18.498  -12.692  -12.692   -8.163   -8.163   -6.142   -6.142    1.810    1.810
    5.318    5.318    5.537    5.537    5.960    5.960
            0.368000  0.212465  0.000000
  -18.515  -18.515  -12.666  -12.666   -8.157   -8.157   -6.159   -6.159    1.836    1.836
    5.307    5.307    5.527    5.528    5.936    5.936
            0.367000  0.211888  0.000000
  -18.532  -18.532  -12.641  -12.641   -8.151   -8.151   -6.176   -6.176    1.862    1.862
    5.294    5.295    5.519    5.519    5.912    5.912
            0.366000  0.211310  0.000000
  -18.548  -18.548  -12.615  -12.615   -8.145   -8.145   -6.193   -6.193    1.889    1.889
    5.281    5.281    5.512    5.512    5.888    5.888
            0.365000  0.210733  0.000000
  -18.564  -18.564  -12.590  -12.590   -8.139   -8.139   -6.211   -6.211    1.915    1.915
    5.266    5.266    5.506    5.507    5.865    5.865
            0.364000  0.210155  0.000000
  -18.581  -18.581  -12.564  -12.564   -8.133   -8.133   -6.228   -6.228    1.941    1.942
    5.249    5.250    5.502    5.502    5.841    5.841
            0.363000  0.209578  0.000000
  -18.597  -18.597  -12.539  -12.539   -8.127   -8.127   -6.245   -6.245    1.968    1.968
    5.232    5.233    5.498    5.499    5.818    5.818
            0.362000  0.209001  0.000000
  -18.613  -18.613  -12.513  -12.513   -8.121   -8.121   -6.262   -6.262    1.995    1.995
    5.214    5.215    5.496    5.496    5.795    5.795
            0.361000  0.208423  0.000000
  -18.630  -18.630  -12.487  -12.487   -8.114   -8.114   -6.280   -6.280    2.021    2.021
    5.196    5.196    5.494    5.494    5.772    5.772
            0.360000  0.207846  0.000000
  -18.646  -18.646  -12.462  -12.462   -8.108   -8.108   -6.297   -6.297    2.048    2.048
    5.177    5.177    5.492    5.492    5.749    5.749
            0.359000  0.207269  0.000000
  -18.662  -18.662  -12.436  -12.436   -8.102   -8.102   -6.314   -6.314    2.074    2.074
    5.157    5.157    5.491    5.491    5.726    5.726
            0.358000  0.206691  0.000000
  -18.678  -18.678  -12.411  -12.411   -8.095   -8.095   -6.331   -6.331    2.101    2.101
    5.137    5.137    5.490    5.490    5.704    5.704
            0.357000  0.206114  0.000000
  -18.694  -18.694  -12.385  -12.385   -8.089   -8.089   -6.348   -6.348    2.128    2.128
    5.117    5.117    5.489    5.489    5.681    5.681
            0.356000  0.205537  0.000000
  -18.711  -18.711  -12.359  -12.359   -8.083   -8.083   -6.366   -6.366    2.155    2.155
    5.096    5.097    5.488    5.488    5.660    5.660
            0.355000  0.204959  0.000000
  -18.727  -18.727  -12.333  -12.333   -8.076   -8.076   -6.383   -6.383    2.182    2.182
    5.076    5.076    5.487    5.487    5.639    5.639
            0.354000  0.204382  0.000000
  -18.743  -18.743  -12.308  -12.308   -8.070   -8.070   -6.400   -6.400    2.208    2.208
    5.055    5.055    5.485    5.485    5.618    5.618
            0.353000  0.203805  0.000000
  -18.759  -18.759  -12.282  -12.282   -8.063   -8.063   -6.417   -6.417    2.235    2.235
    5.034    5.034    5.483    5.483    5.599    5.599
            0.352000  0.203227  0.000000
  -18.775  -18.775  -12.256  -12.256   -8.056   -8.056   -6.434   -6.434    2.262    2.262
    5.013    5.013    5.478    5.479    5.582    5.582
            0.351000  0.202650  0.000000
  -18.790  -18.790  -12.230  -12.230   -8.050   -8.050   -6.451   -6.451    2.289    2.289
    4.992    4.992    5.472    5.472    5.567    5.567
            0.350000  0.202073  0.000000
  -18.806  -18.806  -12.205  -12.205   -8.043   -8.043   -6.468   -6.468    2.316    2.316
    4.971    4.971    5.463    5.463    5.556    5.556
            0.349000  0.201495  0.000000
  -18.822  -18.822  -12.179  -12.179   -8.036   -8.036   -6.485   -6.485    2.343    2.343
    4.949    4.950    5.450    5.450    5.547    5.547
            0.348000  0.200918  0.000000
  -18.838  -18.838  -12.153  -12.153   -8.030   -8.030   -6.502   -6.502    2.370    2.370
    4.928    4.928    5.435    5.435    5.542    5.542
            0.347000  0.200341  0.000000
  -18.854  -18.854  -12.127  -12.127   -8.023   -8.023   -6.519   -6.519    2.398    2.398
    4.907    4.907    5.417    5.417    5.538    5.538
            0.346000  0.199763  0.000000
  -18.869  -18.869  -12.101  -12.101   -8.016   -8.016   -6.536   -6.536    2.425    2.425
    4.886    4.886    5.398    5.398    5.537    5.537
            0.345000  0.199186  0.000000
  -18.885  -18.885  -12.075  -12.075   -8.009   -8.009   -6.553   -6.553    2.452    2.452
    4.864    4.864    5.378    5.378    5.536    5.536
            0.344000  0.198608  0.000000
  -18.901  -18.901  -12.049  -12.049   -8.002   -8.002   -6.570   -6.570    2.479    2.479
    4.843    4.843    5.358    5.358    5.536    5.536
            0.343000  0.198031  0.000000
  -18.916  -18.916  -12.023  -12.023   -7.995   -7.995   -6.587   -6.587    2.506    2.506
    4.822    4.822    5.337    5.337    5.536    5.536
            0.342000  0.197454  0.000000
  -18.932  -18.932  -11.997  -11.997   -7.988   -7.988   -6.604   -6.604    2.533    2.533
    4.801    4.801    5.316    5.316    5.536    5.536
            0.341000  0.196876  0.000000
  -18.947  -18.947  -11.971  -11.971   -7.981   -7.981   -6.621   -6.621    2.561    2.561
    4.779    4.779    5.294    5.294    5.536    5.537
            0.340000  0.196299  0.000000
  -18.963  -18.963  -11.945  -11.945   -7.974   -7.974   -6.638   -6.638    2.588    2.588
    4.758    4.758    5.273    5.273    5.536    5.537
            0.339000  0.195722  0.000000
  -18.978  -18.978  -11.919  -11.919   -7.967   -7.967   -6.654   -6.654    2.615    2.615
    4.737    4.737    5.251    5.251    5.535    5.536
            0.338000  0.195144  0.000000
  -18.993  -18.993  -11.893  -11.893   -7.960   -7.960   -6.671   -6.671    2.643    2.643
    4.716    4.716    5.230    5.230    5.532    5.533
            0.337000  0.194567  0.000000
  -19.009  -19.009  -11.867  -11.867   -7.952   -7.952   -6.688   -6.688    2.670    2.670
    4.695    4.695    5.208    5.208    5.527    5.528
            0.336000  0.193990  0.000000
  -19.024  -19.024  -11.841  -11.841   -7.945   -7.945   -6.705   -6.705    2.697    2.697
    4.674    4.674    5.187    5.187    5.518    5.519
            0.335000  0.193412  0.000000
  -19.039  -19.039  -11.815  -11.815   -7.938   -7.938   -6.721   -6.721    2.725    2.725
    4.653    4.653    5.165    5.165    5.506    5.506
            0.334000  0.192835  0.000000
  -19.055  -19.055  -11.789  -11.789   -7.931   -7.931   -6.738   -6.738    2.752    2.752
    4.632    4.632    5.143    5.143    5.490    5.491
            0.333000  0.192258  0.000000
  -19.070  -19.070  -11.763  -11.763   -7.923   -7.923   -6.755   -6.755    2.779    2.779
    4.611    4.611    5.122    5.122    5.472    5.473
            0.332000  0.191680  0.000000
  -19.085  -19.085  -11.737  -11.737   -7.916   -7.916   -6.771   -6.771    2.807    2.807
    4.590    4.590    5.100    5.100    5.453    5.454
            0.331000  0.191103  0.000000
  -19.100  -19.100  -11.710  -11.710   -7.908   -7.908   -6.788   -6.788    2.834    2.834
    4.569    4.569    5.079    5.079    5.434    5.434
            0.330000  0.190526  0.000000
  -19.115  -19.115  -11.684  -11.684   -7.901   -7.901   -6.805   -6.805    2.862    2.862
    4.548    4.548    5.057    5.057    5.414    5.414
            0.329000  0.189948  0.000000
  -19.130  -19.130  -11.658  -11.658   -7.893   -7.893   -6.821   -6.821    2.889    2.889
    4.527    4.527    5.036    5.036    5.394    5.394
            0.328000  0.189371  0.000000
  -19.145  -19.145  -11.632  -11.632   -7.886   -7.886   -6.838   -6.838    2.917    2.917
    4.507    4.507    5.015    5.015    5.373    5.374
            0.327000  0.188794  0.000000
  -19.160  -19.160  -11.606  -11.606   -7.878   -7.878   -6.854   -6.854    2.944    2.944
    4.486    4.486    4.993    4.993    5.353    5.353
            0.326000  0.188216  0.000000
  -19.175  -19.175  -11.579  -11.579   -7.871   -7.871   -6.871   -6.871    2.972    2.972
    4.465    4.465    4.972    4.972    5.333    5.333
            0.325000  0.187639  0.000000
  -19.190  -19.190  -11.553  -11.553   -7.863   -7.863   -6.887   -6.887    2.999    2.999
    4.445    4.445    4.951    4.951    5.312    5.312
            0.324000  0.187061  0.000000
  -19.204  -19.204  -11.527  -11.527   -7.855   -7.855   -6.904   -6.904    3.027    3.027
    4.424    4.424    4.930    4.930    5.292    5.292
            0.323000  0.186484  0.000000
  -19.219  -19.219  -11.501  -11.501   -7.848   -7.848   -6.920   -6.920    3.054    3.054
    4.404    4.404    4.909    4.909    5.271    5.272
            0.322000  0.185907  0.000000
  -19.234  -19.234  -11.474  -11.474   -7.840   -7.840   -6.936   -6.936    3.082    3.082
    4.383    4.384    4.888    4.888    5.251    5.251
            0.321000  0.185329  0.000000
  -19.249  -19.249  -11.448  -11.448   -7.832   -7.832   -6.953   -6.953    3.109    3.109
    4.363    4.363    4.867    4.867    5.230    5.231
            0.320000  0.184752  0.000000
  -19.263  -19.263  -11.422  -11.422   -7.824   -7.824   -6.969   -6.969    3.137    3.137
    4.343    4.343    4.846    4.846    5.210    5.210
            0.319000  0.184175  0.000000
  -19.278  -19.278  -11.396  -11.396   -7.816   -7.816   -6.985   -6.985    3.164    3.164
    4.323    4.323    4.825    4.825    5.190    5.190
            0.318000  0.183597  0.000000
  -19.292  -19.292  -11.369  -11.369   -7.808   -7.808   -7.001   -7.001    3.192    3.192
    4.302    4.303    4.804    4.804    5.170    5.170
            0.317000  0.183020  0.000000
  -19.307  -19.307  -11.343  -11.343   -7.800   -7.800   -7.018   -7.018    3.219    3.219
    4.282    4.282    4.783    4.783    5.150    5.150
            0.316000  0.182443  0.000000
  -19.321  -19.321  -11.317  -11.317   -7.792   -7.792   -7.034   -7.034    3.246    3.246
    4.262    4.262    4.763    4.763    5.129    5.130
            0.315000  0.181865  0.000000
  -19.336  -19.336  -11.290  -11.290   -7.784   -7.784   -7.050   -7.050    3.274    3.274
    4.242    4.242    4.742    4.742    5.109    5.110
            0.314000  0.181288  0.000000
  -19.350  -19.350  -11.264  -11.264   -7.776   -7.776   -7.066   -7.066    3.301    3.301
    4.222    4.223    4.721    4.721    5.089    5.090
            0.313000  0.180711  0.000000
  -19.365  -19.365  -11.237  -11.237   -7.768   -7.768   -7.082   -7.082    3.329    3.329
    4.203    4.203    4.701    4.701    5.070    5.070
            0.312000  0.180133  0.000000
  -19.379  -19.379  -11.211  -11.211   -7.760   -7.760   -7.098   -7.098    3.356    3.356
    4.183    4.183    4.680    4.681    5.050    5.050
            0.311000  0.179556  0.000000
  -19.393  -19.393  -11.185  -11.185   -7.752   -7.752   -7.114   -7.114    3.383    3.383
    4.163    4.163    4.660    4.660    5.030    5.030
            0.310000  0.178979  0.000000
  -19.407  -19.407  -11.158  -11.158   -7.744   -7.744   -7.130   -7.130    3.411    3.411
    4.143    4.144    4.640    4.640    5.010    5.011
            0.309000  0.178401  0.000000
  -19.422  -19.422  -11.132  -11.132   -7.735   -7.735   -7.146   -7.146    3.438    3.438
    4.124    4.124    4.620    4.620    4.991    4.991
            0.308000  0.177824  0.000000
  -19.436  -19.436  -11.105  -11.105   -7.727   -7.727   -7.162   -7.162    3.465    3.465
    4.104    4.105    4.599    4.599    4.971    4.971
            0.307000  0.177247  0.000000
  -19.450  -19.450  -11.079  -11.079   -7.719   -7.719   -7.178   -7.178    3.493    3.493
    4.085    4.085    4.579    4.579    4.952    4.952
            0.306000  0.176669  0.000000
  -19.464  -19.464  -11.053  -11.053   -7.711   -7.711   -7.193   -7.193    3.520    3.520
    4.066    4.066    4.559    4.559    4.933    4.933
            0.305000  0.176092  0.000000
  -19.478  -19.478  -11.026  -11.026   -7.702   -7.702   -7.209   -7.209    3.547    3.547
    4.046    4.047    4.539    4.539    4.913    4.913
            0.304000  0.175514  0.000000
  -19.492  -19.492  -11.000  -11.000   -7.694   -7.694   -7.225   -7.225    3.574    3.574
    4.027    4.027    4.519    4.519    4.894    4.894
            0.303000  0.174937  0.000000
  -19.506  -19.506  -10.973  -10.973   -7.685   -7.685   -7.241   -7.241    3.601    3.601
    4.008    4.008    4.499    4.499    4.875    4.875
            0.302000  0.174360  0.000000
  -19.520  -19.520  -10.947  -10.947   -7.677   -7.677   -7.256   -7.256    3.627    3.627
    3.990    3.990    4.480    4.480    4.856    4.856
            0.301000  0.173782  0.000000
  -19.533  -19.533  -10.920  -10.920   -7.668   -7.668   -7.272   -7.272    3.654    3.654
    3.971    3.971    4.460    4.460    4.837    4.837
            0.300000  0.173205  0.000000
  -19.547  -19.547  -10.894  -10.894   -7.660   -7.660   -7.287   -7.287    3.680    3.680
    3.953    3.953    4.440    4.440    4.819    4.819
            0.299000  0.172628  0.000000
  -19.561  -19.561  -10.867  -10.867   -7.651   -7.651   -7.303   -7.303    3.706    3.706
    3.934    3.935    4.421    4.421    4.800    4.800
            0.298000  0.172050  0.000000
  -19.575  -19.575  -10.841  -10.841   -7.643   -7.643   -7.319   -7.319    3.731    3.731
    3.917    3.917    4.401    4.401    4.781    4.782
            0.297000  0.171473  0.000000
  -19.588  -19.588  -10.814  -10.814   -7.634   -7.634   -7.334   -7.334    3.756    3.756
    3.901    3.901    4.382    4.382    4.763    4.763
            0.296000  0.170896  0.000000
  -19.602  -19.602  -10.788  -10.788   -7.625   -7.625   -7.349   -7.349    3.778    3.778
    3.886    3.886    4.362    4.362    4.745    4.745
            0.295000  0.170318  0.000000
  -19.616  -19.616  -10.762  -10.761   -7.617   -7.617   -7.365   -7.365    3.795    3.795
    3.877    3.877    4.343    4.343    4.727    4.727
            0.294000  0.169741  0.000000
  -19.629  -19.629  -10.735  -10.735   -7.608   -7.608   -7.380   -7.380    3.802    3.802
    3.878    3.878    4.324    4.324    4.709    4.709
            0.293000  0.169164  0.000000
  -19.643  -19.643  -10.709  -10.709   -7.599   -7.599   -7.395   -7.395    3.796    3.796
    3.891    3.891    4.304    4.304    4.691    4.691
            0.292000  0.168586  0.000000
  -19.656  -19.656  -10.682  -10.682   -7.590   -7.590   -7.411   -7.411    3.784    3.784
    3.911    3.911    4.285    4.285    4.674    4.674
            0.291000  0.168009  0.000000
  -19.670  -19.670  -10.656  -10.656   -7.581   -7.581   -7.426   -7.426    3.768    3.768
    3.933    3.934    4.266    4.266    4.657    4.657
            0.290000  0.167432  0.000000
  -19.683  -19.683  -10.629  -10.629   -7.573   -7.573   -7.441   -7.441    3.752    3.752
    3.957    3.957    4.247    4.247    4.640    4.640
            0.289000  0.166854  0.000000
  -19.696  -19.696  -10.602  -10.602   -7.564   -7.564   -7.456   -7.456    3.735    3.735
    3.981    3.982    4.228    4.228    4.623    4.623
            0.288000  0.166277  0.000000
  -19.709  -19.709  -10.576  -10.576   -7.555   -7.555   -7.471   -7.471    3.717    3.717
    4.006    4.006    4.209    4.209    4.607    4.607
            0.287000  0.165700  0.000000
  -19.723  -19.723  -10.549  -10.549   -7.546   -7.546   -7.487   -7.487    3.699    3.699
    4.030    4.030    4.191    4.191    4.591    4.591
            0.286000  0.165122  0.000000
  -19.736  -19.736  -10.523  -10.523   -7.537   -7.537   -7.502   -7.502    3.682    3.682
    4.053    4.053    4.172    4.172    4.576    4.576
            0.285000  0.164545  0.000000
  -19.749  -19.749  -10.496  -10.496   -7.528   -7.528   -7.516   -7.516    3.664    3.664
    4.077    4.077    4.153    4.153    4.561    4.561
            0.284000  0.163967  0.000000
  -19.762  -19.762  -10.470  -10.470   -7.532   -7.532   -7.519   -7.519    3.646    3.646
    4.099    4.099    4.135    4.135    4.547    4.547
            0.283000  0.163390  0.000000
  -19.775  -19.775  -10.443  -10.443   -7.547   -7.546   -7.510   -7.510    3.628    3.628
    4.113    4.113    4.124    4.124    4.534    4.534
            0.282000  0.162813  0.000000
  -19.788  -19.788  -10.417  -10.417   -7.561   -7.561   -7.501   -7.501    3.610    3.610
    4.097    4.097    4.142    4.142    4.522    4.522
            0.281000  0.162235  0.000000
  -19.801  -19.801  -10.390  -10.390   -7.576   -7.576   -7.491   -7.491    3.592    3.592
    4.079    4.079    4.161    4.161    4.512    4.512
            0.280000  0.161658  0.000000
  -19.814  -19.814  -10.364  -10.364   -7.591   -7.591   -7.482   -7.482    3.575    3.575
    4.060    4.060    4.178    4.178    4.503    4.503
            0.279000  0.161081  0.000000
  -19.827  -19.827  -10.337  -10.337   -7.606   -7.606   -7.473   -7.473    3.557    3.557
    4.042    4.042    4.193    4.193    4.497    4.497
            0.278000  0.160503  0.000000
  -19.840  -19.840  -10.311  -10.311   -7.620   -7.620   -7.464   -7.464    3.539    3.539
    4.024    4.024    4.206    4.206    4.494    4.494
            0.277000  0.159926  0.000000
  -19.853  -19.853  -10.284  -10.284   -7.635   -7.635   -7.455   -7.455    3.521    3.522
    4.006    4.006    4.215    4.215    4.493    4.493
            0.276000  0.159349  0.000000
  -19.865  -19.865  -10.258  -10.258   -7.650   -7.650   -7.445   -7.445    3.504    3.504
    3.988    3.988    4.220    4.220    4.497    4.497
            0.275000  0.158771  0.000000
  -19.878  -19.878  -10.231  -10.231   -7.664   -7.664   -7.436   -7.436    3.486    3.486
    3.970    3.970    4.222    4.222    4.503    4.504
            0.274000  0.158194  0.000000
  -19.891  -19.891  -10.205  -10.205   -7.679   -7.679   -7.427   -7.427    3.469    3.469
    3.952    3.952    4.221    4.221    4.514    4.514
            0.273000  0.157617  0.000000
  -19.904  -19.904  -10.178  -10.178   -7.693   -7.693   -7.417   -7.417    3.451    3.451
    3.934    3.934    4.216    4.216    4.527    4.527
            0.272000  0.157039  0.000000
  -19.916  -19.916  -10.152  -10.152   -7.708   -7.708   -7.408   -7.408    3.434    3.434
    3.916    3.916    4.209    4.209    4.542    4.542
            0.271000  0.156462  0.000000
  -19.929  -19.929  -10.125  -10.125   -7.722   -7.722   -7.398   -7.398    3.417    3.417
    3.898    3.898    4.201    4.201    4.559    4.559
            0.270000  0.155885  0.000000
  -19.941  -19.941  -10.099  -10.099   -7.737   -7.737   -7.389   -7.389    3.399    3.399
    3.880    3.880    4.190    4.190    4.577    4.577
            0.269000  0.155307  0.000000
  -19.954  -19.954  -10.072  -10.072   -7.751   -7.751   -7.379   -7.379    3.382    3.382
    3.863    3.863    4.179    4.179    4.597    4.597
            0.268000  0.154730  0.000000
  -19.966  -19.966  -10.046  -10.046   -7.765   -7.765   -7.370   -7.370    3.365    3.365
    3.845    3.845    4.166    4.166    4.617    4.617
            0.267000  0.154153  0.000000
  -19.978  -19.978  -10.020  -10.020   -7.779   -7.779   -7.360   -7.360    3.348    3.348
    3.828    3.828    4.153    4.153    4.638    4.638
            0.266000  0.153575  0.000000
  -19.991  -19.991   -9.993   -9.993   -7.794   -7.794   -7.351   -7.351    3.331    3.331
    3.810    3.810    4.139    4.139    4.658    4.658
            0.265000  0.152998  0.000000
  -20.003  -20.003   -9.967   -9.967   -7.808   -7.808   -7.341   -7.341    3.314    3.314
    3.793    3.793    4.125    4.125    4.678    4.678
            0.264000  0.152420  0.000000
  -20.015  -20.015   -9.940   -9.940   -7.822   -7.822   -7.332   -7.332    3.297    3.297
    3.775    3.775    4.110    4.110    4.698    4.698
            0.263000  0.151843  0.000000
  -20.027  -20.027   -9.914   -9.914   -7.836   -7.836   -7.322   -7.322    3.280    3.280
    3.758    3.758    4.095    4.096    4.717    4.717
            0.262000  0.151266  0.000000
  -20.040  -20.040   -9.887   -9.887   -7.850   -7.850   -7.312   -7.312    3.263    3.263
    3.741    3.741    4.080    4.080    4.735    4.735
            0.261000  0.150688  0.000000
  -20.052  -20.052   -9.861   -9.861   -7.864   -7.864   -7.303   -7.303    3.247    3.247
    3.724    3.724    4.065    4.065    4.751    4.751
            0.260000  0.150111  0.000000
  -20.064  -20.064   -9.834   -9.834   -7.878   -7.878   -7.293   -7.293    3.230    3.230
    3.707    3.707    4.050    4.050    4.765    4.765
            0.259000  0.149534  0.000000
  -20.076  -20.076   -9.808   -9.808   -7.892   -7.892   -7.283   -7.283    3.213    3.213
    3.690    3.690    4.034    4.034    4.776    4.776
            0.258000  0.148956  0.000000
  -20.088  -20.088   -9.782   -9.782   -7.905   -7.905   -7.273   -7.273    3.197    3.197
    3.673    3.673    4.019    4.019    4.784    4.784
            0.257000  0.148379  0.000000
  -20.100  -20.100   -9.755   -9.755   -7.919   -7.919   -7.264   -7.264    3.180    3.180
    3.656    3.656    4.003    4.003    4.789    4.789
            0.256000  0.147802  0.000000
  -20.112  -20.111   -9.729   -9.729   -7.933   -7.933   -7.254   -7.254    3.164    3.164
    3.639    3.639    3.988    3.988    4.790    4.790
            0.255000  0.147224  0.000000
  -20.123  -20.123   -9.703   -9.703   -7.947   -7.947   -7.244   -7.244    3.148    3.148
    3.622    3.622    3.972    3.972    4.788    4.788
            0.254000  0.146647  0.000000
  -20.135  -20.135   -9.676   -9.676   -7.960   -7.960   -7.234   -7.234    3.131    3.131
    3.606    3.606    3.956    3.956    4.783    4.783
            0.253000  0.146070  0.000000
  -20.147  -20.147   -9.650   -9.650   -7.974   -7.974   -7.224   -7.224    3.115    3.115
    3.589    3.589    3.941    3.941    4.775    4.775
            0.252000  0.145492  0.000000
  -20.159  -20.159   -9.624   -9.624   -7.987   -7.987   -7.214   -7.214    3.099    3.099
    3.572    3.572    3.925    3.925    4.766    4.766
            0.251000  0.144915  0.000000
  -20.170  -20.170   -9.597   -9.597   -8.001   -8.001   -7.204   -7.204    3.083    3.083
    3.556    3.556    3.909    3.909    4.756    4.756
            0.250000  0.144338  0.000000
  -20.182  -20.182   -9.571   -9.571   -8.014   -8.014   -7.194   -7.194    3.067    3.067
    3.540    3.540    3.894    3.894    4.745    4.745
            0.249000  0.143760  0.000000
  -20.193  -20.193   -9.545   -9.545   -8.028   -8.028   -7.184   -7.184    3.051    3.051
    3.523    3.523    3.878    3.878    4.733    4.733
            0.248000  0.143183  0.000000
  -20.205  -20.205   -9.518   -9.518   -8.041   -8.041   -7.174   -7.174    3.035    3.035
    3.507    3.507    3.863    3.863    4.720    4.720
            0.247000  0.142606  0.000000
  -20.216  -20.216   -9.492   -9.492   -8.054   -8.054   -7.164   -7.164    3.019    3.019
    3.491    3.491    3.847    3.847    4.707    4.707
            0.246000  0.142028  0.000000
  -20.228  -20.228   -9.466   -9.466   -8.068   -8.068   -7.154   -7.154    3.003    3.003
    3.475    3.475    3.831    3.832    4.693    4.693
            0.245000  0.141451  0.000000
  -20.239  -20.239   -9.440   -9.440   -8.081   -8.081   -7.144   -7.144    2.987    2.988
    3.458    3.458    3.816    3.816    4.680    4.680
            0.244000  0.140873  0.000000
  -20.251  -20.251   -9.413   -9.413   -8.094   -8.094   -7.134   -7.134    2.972    2.972
    3.442    3.442    3.801    3.801    4.666    4.666
            0.243000  0.140296  0.000000
  -20.262  -20.262   -9.387   -9.387   -8.107   -8.107   -7.124   -7.124    2.956    2.956
    3.427    3.427    3.785    3.785    4.651    4.651
            0.242000  0.139719  0.000000
  -20.273  -20.273   -9.361   -9.361   -8.120   -8.120   -7.114   -7.114    2.941    2.941
    3.411    3.411    3.770    3.770    4.637    4.637
            0.241000  0.139141  0.000000
  -20.284  -20.284   -9.335   -9.335   -8.133   -8.133   -7.104   -7.104    2.925    2.925
    3.395    3.395    3.754    3.754    4.623    4.623
            0.240000  0.138564  0.000000
  -20.296  -20.296   -9.309   -9.309   -8.146   -8.146   -7.094   -7.094    2.910    2.910
    3.379    3.379    3.739    3.739    4.608    4.608
            0.239000  0.137987  0.000000
  -20.307  -20.307   -9.283   -9.283   -8.159   -8.159   -7.083   -7.083    2.894    2.894
    3.363    3.363    3.724    3.724    4.594    4.594
            0.238000  0.137409  0.000000
  -20.318  -20.318   -9.256   -9.256   -8.172   -8.172   -7.073   -7.073    2.879    2.879
    3.348    3.348    3.709    3.709    4.579    4.579
            0.237000  0.136832  0.000000
  -20.329  -20.329   -9.230   -9.230   -8.185   -8.185   -7.063   -7.063    2.864    2.864
    3.332    3.332    3.694    3.694    4.565    4.565
            0.236000  0.136255  0.000000
  -20.340  -20.340   -9.204   -9.204   -8.198   -8.198   -7.053   -7.053    2.849    2.849
    3.317    3.317    3.678    3.679    4.550    4.550
            0.235000  0.135677  0.000000
  -20.351  -20.351   -9.178   -9.178   -8.211   -8.211   -7.042   -7.042    2.834    2.834
    3.301    3.301    3.663    3.663    4.536    4.536
            0.234000  0.135100  0.000000
  -20.362  -20.362   -9.152   -9.152   -8.223   -8.223   -7.032   -7.032    2.818    2.819
    3.286    3.286    3.648    3.648    4.521    4.521
            0.233000  0.134523  0.000000
  -20.372  -20.372   -9.126   -9.126   -8.236   -8.236   -7.022   -7.022    2.804    2.804
    3.271    3.271    3.633    3.634    4.506    4.506
            0.232000  0.133945  0.000000
  -20.383  -20.383   -9.100   -9.100   -8.248   -8.248   -7.011   -7.011    2.789    2.789
    3.255    3.255    3.619    3.619    4.492    4.492
            0.231000  0.133368  0.000000
  -20.394  -20.394   -9.074   -9.074   -8.261   -8.261   -7.001   -7.001    2.774    2.774
    3.240    3.240    3.604    3.604    4.477    4.477
            0.230000  0.132791  0.000000
  -20.405  -20.405   -9.048   -9.048   -8.274   -8.274   -6.991   -6.991    2.759    2.759
    3.225    3.225    3.589    3.589    4.463    4.463
            0.229000  0.132213  0.000000
  -20.415  -20.415   -9.022   -9.022   -8.286   -8.286   -6.980   -6.980    2.744    2.744
    3.210    3.210    3.574    3.574    4.448    4.448
            0.228000  0.131636  0.000000
  -20.426  -20.426   -8.996   -8.996   -8.298   -8.298   -6.970   -6.970    2.730    2.730
    3.195    3.195    3.560    3.560    4.434    4.434
            0.227000  0.131059  0.000000
  -20.437  -20.437   -8.971   -8.971   -8.311   -8.311   -6.960   -6.960    2.715    2.715
    3.180    3.180    3.545    3.545    4.420    4.420
            0.226000  0.130481  0.000000
  -20.447  -20.447   -8.945   -8.945   -8.323   -8.323   -6.949   -6.949    2.700    2.700
    3.165    3.165    3.530    3.531    4.405    4.405
            0.225000  0.129904  0.000000
  -20.458  -20.458   -8.919   -8.919   -8.335   -8.335   -6.939   -6.939    2.686    2.686
    3.150    3.150    3.516    3.516    4.391    4.391
            0.224000  0.129326  0.000000
  -20.468  -20.468   -8.893   -8.893   -8.348   -8.348   -6.928   -6.928    2.672    2.672
    3.136    3.136    3.502    3.502    4.377    4.377
            0.223000  0.128749  0.000000
  -20.479  -20.479   -8.867   -8.867   -8.360   -8.360   -6.918   -6.918    2.657    2.657
    3.121    3.121    3.487    3.487    4.363    4.363
            0.222000  0.128172  0.000000
  -20.489  -20.489   -8.841   -8.841   -8.372   -8.372   -6.907   -6.907    2.643    2.643
    3.107    3.107    3.473    3.473    4.348    4.348
            0.221000  0.127594  0.000000
  -20.499  -20.499   -8.816   -8.816   -8.384   -8.384   -6.897   -6.897    2.629    2.629
    3.092    3.092    3.459    3.459    4.334    4.334
            0.220000  0.127017  0.000000
  -20.510  -20.510   -8.790   -8.790   -8.396   -8.396   -6.886   -6.886    2.615    2.615
    3.078    3.078    3.444    3.445    4.320    4.320
            0.219000  0.126440  0.000000
  -20.520  -20.520   -8.764   -8.764   -8.408   -8.408   -6.876   -6.876    2.600    2.600
    3.063    3.063    3.430    3.430    4.306    4.306
            0.218000  0.125862  0.000000
  -20.530  -20.530   -8.739   -8.739   -8.420   -8.420   -6.865   -6.865    2.586    2.586
    3.049    3.049    3.416    3.416    4.292    4.292
            0.217000  0.125285  0.000000
  -20.540  -20.540   -8.713   -8.713   -8.432   -8.432   -6.855   -6.855    2.572    2.572
    3.035    3.035    3.402    3.402    4.278    4.278
            0.216000  0.124708  0.000000
  -20.550  -20.550   -8.688   -8.688   -8.443   -8.443   -6.844   -6.844    2.559    2.559
    3.020    3.020    3.388    3.388    4.265    4.265
            0.215000  0.124130  0.000000
  -20.560  -20.560   -8.662   -8.662   -8.455   -8.455   -6.834   -6.834    2.545    2.545
    3.006    3.006    3.374    3.374    4.251    4.251
            0.214000  0.123553  0.000000
  -20.570  -20.570   -8.636   -8.636   -8.467   -8.467   -6.823   -6.823    2.531    2.531
    2.992    2.992    3.361    3.361    4.237    4.237
            0.213000  0.122976  0.000000
  -20.580  -20.580   -8.611   -8.611   -8.479   -8.479   -6.812   -6.812    2.517    2.517
    2.978    2.978    3.347    3.347    4.223    4.223
            0.212000  0.122398  0.000000
  -20.590  -20.590   -8.586   -8.585   -8.490   -8.490   -6.802   -6.802    2.504    2.504
    2.964    2.964    3.333    3.333    4.210    4.210
            0.211000  0.121821  0.000000
  -20.600  -20.600   -8.560   -8.560   -8.502   -8.502   -6.791   -6.791    2.490    2.490
    2.950    2.950    3.319    3.320    4.196    4.196
            0.210000  0.121244  0.000000
  -20.610  -20.610   -8.535   -8.535   -8.513   -8.513   -6.781   -6.781    2.476    2.476
    2.937    2.937    3.306    3.306    4.183    4.183
            0.209000  0.120666  0.000000
  -20.620  -20.620   -8.525   -8.525   -8.509   -8.509   -6.770   -6.770    2.463    2.463
    2.923    2.923    3.292    3.292    4.169    4.169
            0.208000  0.120089  0.000000
  -20.629  -20.629   -8.536   -8.536   -8.484   -8.484   -6.759   -6.759    2.450    2.450
    2.909    2.909    3.279    3.279    4.156    4.156
            0.207000  0.119512  0.000000
  -20.639  -20.639   -8.548   -8.548   -8.459   -8.459   -6.749   -6.749    2.436    2.436
    2.896    2.896    3.265    3.266    4.142    4.142
            0.206000  0.118934  0.000000
  -20.649  -20.649   -8.559   -8.559   -8.433   -8.433   -6.738   -6.738    2.423    2.423
    2.882    2.882    3.252    3.252    4.129    4.129
            0.205000  0.118357  0.000000
  -20.658  -20.658   -8.570   -8.570   -8.408   -8.408   -6.727   -6.727    2.410    2.410
    2.869    2.869    3.239    3.239    4.116    4.116
            0.204000  0.117779  0.000000
  -20.668  -20.668   -8.581   -8.581   -8.383   -8.383   -6.717   -6.717    2.397    2.397
    2.855    2.855    3.226    3.226    4.103    4.103
            0.203000  0.117202  0.000000
  -20.677  -20.677   -8.592   -8.592   -8.358   -8.358   -6.706   -6.706    2.384    2.384
    2.842    2.842    3.213    3.213    4.090    4.090
            0.202000  0.116625  0.000000
  -20.687  -20.687   -8.604   -8.604   -8.333   -8.333   -6.695   -6.695    2.371    2.371
    2.829    2.829    3.199    3.200    4.077    4.077
            0.201000  0.116047  0.000000
  -20.696  -20.696   -8.615   -8.615   -8.308   -8.308   -6.685   -6.685    2.358    2.358
    2.815    2.815    3.186    3.186    4.064    4.064
            0.200000  0.115470  0.000000
  -20.705  -20.705   -8.626   -8.626   -8.283   -8.283   -6.674   -6.674    2.345    2.345
    2.802    2.802    3.173    3.174    4.051    4.051
            0.199000  0.114893  0.000000
  -20.715  -20.715   -8.637   -8.637   -8.258   -8.258   -6.663   -6.663    2.332    2.332
    2.789    2.789    3.161    3.161    4.038    4.038
            0.198000  0.114315  0.000000
  -20.724  -20.724   -8.647   -8.647   -8.233   -8.233   -6.653   -6.653    2.319    2.319
    2.776    2.776    3.148    3.148    4.025    4.025
            0.197000  0.113738  0.000000
  -20.733  -20.733   -8.658   -8.658   -8.208   -8.208   -6.642   -6.642    2.306    2.306
    2.763    2.763    3.135    3.135    4.012    4.012
            0.196000  0.113161  0.000000
  -20.742  -20.742   -8.669   -8.669   -8.183   -8.183   -6.631   -6.631    2.294    2.294
    2.750    2.750    3.122    3.122    4.000    4.000
            0.195000  0.112583  0.000000
  -20.752  -20.752   -8.680   -8.680   -8.158   -8.158   -6.620   -6.620    2.281    2.281
    2.738    2.738    3.110    3.110    3.987    3.987
            0.194000  0.112006  0.000000
  -20.761  -20.761   -8.691   -8.691   -8.133   -8.133   -6.610   -6.610    2.269    2.269
    2.725    2.725    3.097    3.097    3.975    3.975
            0.193000  0.111429  0.000000
  -20.770  -20.770   -8.701   -8.701   -8.109   -8.109   -6.599   -6.599    2.256    2.256
    2.712    2.712    3.084    3.085    3.962    3.962
            0.192000  0.110851  0.000000
  -20.779  -20.779   -8.712   -8.712   -8.084   -8.084   -6.588   -6.588    2.244    2.244
    2.699    2.699    3.072    3.072    3.950    3.950
            0.191000  0.110274  0.000000
  -20.788  -20.788   -8.722   -8.722   -8.059   -8.059   -6.578   -6.578    2.232    2.232
    2.687    2.687    3.060    3.060    3.937    3.937
            0.190000  0.109697  0.000000
  -20.797  -20.797   -8.733   -8.733   -8.035   -8.035   -6.567   -6.567    2.219    2.219
    2.674    2.674    3.047    3.047    3.925    3.925
            0.189000  0.109119  0.000000
  -20.805  -20.805   -8.743   -8.743   -8.010   -8.010   -6.556   -6.556    2.207    2.207
    2.662    2.662    3.035    3.035    3.913    3.913
            0.188000  0.108542  0.000000
  -20.814  -20.814   -8.754   -8.754   -7.986   -7.986   -6.545   -6.545    2.195    2.195
    2.650    2.650    3.023    3.023    3.901    3.901
            0.187000  0.107965  0.000000
  -20.823  -20.823   -8.764   -8.764   -7.961   -7.961   -6.535   -6.535    2.183    2.183
    2.637    2.637    3.011    3.011    3.888    3.888
            0.186000  0.107387  0.000000
  -20.832  -20.832   -8.774   -8.774   -7.937   -7.937   -6.524   -6.524    2.171    2.171
    2.625    2.625    2.999    2.999    3.876    3.876
            0.185000  0.106810  0.000000
  -20.840  -20.840   -8.785   -8.785   -7.912   -7.912   -6.513   -6.513    2.159    2.159
    2.613    2.613    2.987    2.987    3.864    3.864
            0.184000  0.106232  0.000000
  -20.849  -20.849   -8.795   -8.795   -7.888   -7.888   -6.502   -6.502    2.147    2.147
    2.601    2.601    2.975    2.975    3.853    3.853
            0.183000  0.105655  0.000000
  -20.858  -20.858   -8.805   -8.805   -7.864   -7.864   -6.492   -6.492    2.135    2.135
    2.589    2.589    2.963    2.963    3.841    3.841
            0.182000  0.105078  0.000000
  -20.866  -20.866   -8.815   -8.815   -7.840   -7.840   -6.481   -6.481    2.124    2.124
    2.577    2.577    2.951    2.951    3.829    3.829
            0.181000  0.104500  0.000000
  -20.875  -20.875   -8.825   -8.825   -7.815   -7.815   -6.470   -6.470    2.112    2.112
    2.565    2.565    2.939    2.939    3.817    3.817
            0.180000  0.103923  0.000000
  -20.883  -20.883   -8.835   -8.835   -7.791   -7.791   -6.459   -6.459    2.100    2.100
    2.553    2.553    2.928    2.928    3.805    3.805
            0.179000  0.103346  0.000000
  -20.891  -20.891   -8.845   -8.845   -7.767   -7.767   -6.449   -6.449    2.089    2.089
    2.541    2.541    2.916    2.916    3.794    3.794
            0.178000  0.102768  0.000000
  -20.900  -20.900   -8.855   -8.855   -7.743   -7.743   -6.438   -6.438    2.077    2.077
    2.530    2.530    2.904    2.904    3.782    3.782
            0.177000  0.102191  0.000000
  -20.908  -20.908   -8.864   -8.864   -7.719   -7.719   -6.427   -6.427    2.066    2.066
    2.518    2.518    2.893    2.893    3.771    3.771
            0.176000  0.101614  0.000000
  -20.916  -20.916   -8.874   -8.874   -7.695   -7.695   -6.417   -6.417    2.055    2.055
    2.507    2.507    2.881    2.881    3.759    3.759
            0.175000  0.101036  0.000000
  -20.925  -20.925   -8.884   -8.884   -7.672   -7.672   -6.406   -6.406    2.043    2.043
    2.495    2.495    2.870    2.870    3.748    3.748
            0.174000  0.100459  0.000000
  -20.933  -20.933   -8.894   -8.894   -7.648   -7.648   -6.395   -6.395    2.032    2.032
    2.484    2.484    2.859    2.859    3.737    3.737
            0.173000  0.099882  0.000000
  -20.941  -20.941   -8.903   -8.903   -7.624   -7.624   -6.385   -6.385    2.021    2.021
    2.472    2.472    2.847    2.847    3.726    3.726
            0.172000  0.099304  0.000000
  -20.949  -20.949   -8.913   -8.913   -7.600   -7.600   -6.374   -6.374    2.010    2.010
    2.461    2.461    2.836    2.836    3.714    3.714
            0.171000  0.098727  0.000000
  -20.957  -20.957   -8.922   -8.922   -7.577   -7.577   -6.363   -6.363    1.999    1.999
    2.450    2.450    2.825    2.825    3.703    3.703
            0.170000  0.098150  0.000000
  -20.965  -20.965   -8.932   -8.932   -7.553   -7.553   -6.353   -6.353    1.988    1.988
    2.438    2.438    2.814    2.814    3.692    3.692
            0.169000  0.097572  0.000000
  -20.973  -20.973   -8.941   -8.941   -7.530   -7.530   -6.342   -6.342    1.977    1.977
    2.427    2.427    2.803    2.803    3.681    3.681
            0.168000  0.096995  0.000000
  -20.981  -20.981   -8.950   -8.950   -7.506   -7.506   -6.331   -6.331    1.966    1.966
    2.416    2.416    2.792    2.792    3.670    3.670
            0.167000  0.096417  0.000000
  -20.989  -20.989   -8.960   -8.960   -7.483   -7.483   -6.321   -6.321    1.955    1.955
    2.405    2.405    2.781    2.781    3.659    3.660
            0.166000  0.095840  0.000000
  -20.996  -20.996   -8.969   -8.969   -7.460   -7.460   -6.310   -6.310    1.945    1.945
    2.394    2.394    2.770    2.771    3.649    3.649
            0.165000  0.095263  0.000000
  -21.004  -21.004   -8.978   -8.978   -7.436   -7.436   -6.299   -6.299    1.934    1.934
    2.384    2.384    2.760    2.760    3.638    3.638
            0.164000  0.094685  0.000000
  -21.012  -21.012   -8.987   -8.987   -7.413   -7.413   -6.289   -6.289    1.923    1.923
    2.373    2.373    2.749    2.749    3.627    3.627
            0.163000  0.094108  0.000000
  -21.020  -21.020   -8.996   -8.996   -7.390   -7.390   -6.278   -6.278    1.913    1.913
    2.362    2.362    2.738    2.739    3.617    3.617
            0.162000  0.093531  0.000000
  -21.027  -21.027   -9.005   -9.005   -7.367   -7.367   -6.268   -6.268    1.902    1.902
    2.351    2.351    2.728    2.728    3.606    3.606
            0.161000  0.092953  0.000000
  -21.035  -21.035   -9.014   -9.014   -7.344   -7.344   -6.257   -6.257    1.892    1.892
    2.341    2.341    2.717    2.718    3.596    3.596
            0.160000  0.092376  0.000000
  -21.042  -21.042   -9.023   -9.023   -7.321   -7.321   -6.246   -6.246    1.882    1.882
    2.330    2.330    2.707    2.707    3.585    3.585
            0.159000  0.091799  0.000000
  -21.050  -21.050   -9.032   -9.032   -7.298   -7.298   -6.236   -6.236    1.871    1.871
    2.320    2.320    2.697    2.697    3.575    3.575
            0.158000  0.091221  0.000000
  -21.057  -21.057   -9.041   -9.041   -7.276   -7.276   -6.225   -6.225    1.861    1.861
    2.309    2.309    2.686    2.686    3.565    3.565
            0.157000  0.090644  0.000000
  -21.065  -21.065   -9.050   -9.050   -7.253   -7.253   -6.215   -6.215    1.851    1.851
    2.299    2.299    2.676    2.676    3.555    3.555
            0.156000  0.090067  0.000000
  -21.072  -21.072   -9.058   -9.058   -7.230   -7.230   -6.204   -6.204    1.841    1.841
    2.289    2.289    2.666    2.666    3.544    3.544
            0.155000  0.089489  0.000000
  -21.079  -21.079   -9.067   -9.067   -7.208   -7.208   -6.194   -6.194    1.831    1.831
    2.279    2.279    2.656    2.656    3.534    3.534
            0.154000  0.088912  0.000000
  -21.086  -21.086   -9.075   -9.075   -7.185   -7.185   -6.183   -6.183    1.821    1.821
    2.269    2.269    2.646    2.646    3.524    3.524
            0.153000  0.088335  0.000000
  -21.094  -21.094   -9.084   -9.084   -7.163   -7.163   -6.173   -6.173    1.811    1.811
    2.259    2.259    2.636    2.636    3.514    3.514
            0.152000  0.087757  0.000000
  -21.101  -21.101   -9.092   -9.092   -7.141   -7.141   -6.163   -6.163    1.801    1.801
    2.249    2.249    2.626    2.626    3.504    3.504
            0.151000  0.087180  0.000000
  -21.108  -21.108   -9.101   -9.101   -7.118   -7.118   -6.152   -6.152    1.792    1.792
    2.239    2.239    2.616    2.616    3.495    3.495
            0.150000  0.086603  0.000000
  -21.115  -21.115   -9.109   -9.109   -7.096   -7.096   -6.142   -6.142    1.782    1.782
    2.229    2.229    2.606    2.607    3.485    3.485
            0.149000  0.086025  0.000000
  -21.122  -21.122   -9.118   -9.118   -7.074   -7.074   -6.131   -6.131    1.772    1.772
    2.219    2.219    2.597    2.597    3.475    3.475
            0.148000  0.085448  0.000000
  -21.129  -21.129   -9.126   -9.126   -7.052   -7.052   -6.121   -6.121    1.763    1.763
    2.209    2.209    2.587    2.587    3.466    3.466
            0.147000  0.084870  0.000000
  -21.136  -21.136   -9.134   -9.134   -7.030   -7.030   -6.111   -6.111    1.753    1.753
    2.200    2.200    2.578    2.578    3.456    3.456
            0.146000  0.084293  0.000000
  -21.143  -21.143   -9.142   -9.142   -7.008   -7.008   -6.100   -6.100    1.744    1.744
    2.190    2.190    2.568    2.568    3.447    3.447
            0.145000  0.083716  0.000000
  -21.150  -21.150   -9.150   -9.150   -6.987   -6.987   -6.090   -6.090    1.734    1.734
    2.180    2.180    2.559    2.559    3.437    3.437
            0.144000  0.083138  0.000000
  -21.156  -21.156   -9.158   -9.158   -6.965   -6.965   -6.080   -6.080    1.725    1.725
    2.171    2.171    2.549    2.549    3.428    3.428
            0.143000  0.082561  0.000000
  -21.163  -21.163   -9.166   -9.166   -6.943   -6.943   -6.070   -6.070    1.716    1.716
    2.162    2.162    2.540    2.540    3.418    3.418
            0.142000  0.081984  0.000000
  -21.170  -21.170   -9.174   -9.174   -6.922   -6.922   -6.059   -6.059    1.707    1.707
    2.152    2.152    2.531    2.531    3.409    3.409
            0.141000  0.081406  0.000000
  -21.176  -21.176   -9.182   -9.182   -6.900   -6.900   -6.049   -6.049    1.698    1.698
    2.143    2.143    2.521    2.522    3.400    3.400
            0.140000  0.080829  0.000000
  -21.183  -21.183   -9.190   -9.190   -6.879   -6.879   -6.039   -6.039    1.688    1.689
    2.134    2.134    2.512    2.512    3.391    3.391
            0.139000  0.080252  0.000000
  -21.190  -21.190   -9.198   -9.198   -6.858   -6.858   -6.029   -6.029    1.679    1.680
    2.125    2.125    2.503    2.503    3.382    3.382
            0.138000  0.079674  0.000000
  -21.196  -21.196   -9.206   -9.206   -6.836   -6.836   -6.019   -6.019    1.671    1.671
    2.115    2.115    2.494    2.494    3.373    3.373
            0.137000  0.079097  0.000000
  -21.203  -21.203   -9.213   -9.213   -6.815   -6.815   -6.009   -6.009    1.662    1.662
    2.106    2.106    2.485    2.485    3.364    3.364
            0.136000  0.078520  0.000000
  -21.209  -21.209   -9.221   -9.221   -6.794   -6.794   -5.999   -5.999    1.653    1.653
    2.098    2.098    2.476    2.477    3.355    3.355
            0.135000  0.077942  0.000000
  -21.215  -21.215   -9.228   -9.228   -6.773   -6.773   -5.989   -5.989    1.644    1.644
    2.089    2.089    2.468    2.468    3.346    3.346
            0.134000  0.077365  0.000000
  -21.222  -21.222   -9.236   -9.236   -6.753   -6.753   -5.979   -5.979    1.636    1.636
    2.080    2.080    2.459    2.459    3.338    3.338
            0.133000  0.076788  0.000000
  -21.228  -21.228   -9.243   -9.243   -6.732   -6.732   -5.969   -5.969    1.627    1.627
    2.071    2.071    2.450    2.450    3.329    3.329
            0.132000  0.076210  0.000000
  -21.234  -21.234   -9.251   -9.251   -6.711   -6.711   -5.959   -5.959    1.618    1.618
    2.062    2.062    2.442    2.442    3.320    3.320
            0.131000  0.075633  0.000000
  -21.240  -21.240   -9.258   -9.258   -6.691   -6.691   -5.949   -5.949    1.610    1.610
    2.054    2.054    2.433    2.433    3.312    3.312
            0.130000  0.075056  0.000000
  -21.246  -21.246   -9.265   -9.265   -6.670   -6.670   -5.939   -5.939    1.602    1.602
    2.045    2.045    2.425    2.425    3.303    3.303
            0.129000  0.074478  0.000000
  -21.253  -21.253   -9.273   -9.273   -6.650   -6.650   -5.929   -5.929    1.593    1.593
    2.037    2.037    2.416    2.416    3.295    3.295
            0.128000  0.073901  0.000000
  -21.259  -21.259   -9.280   -9.280   -6.630   -6.630   -5.919   -5.919    1.585    1.585
    2.028    2.028    2.408    2.408    3.287    3.287
            0.127000  0.073323  0.000000
  -21.265  -21.265   -9.287   -9.287   -6.609   -6.609   -5.910   -5.910    1.577    1.577
    2.020    2.020    2.400    2.400    3.278    3.278
            0.126000  0.072746  0.000000
  -21.271  -21.271   -9.294   -9.294   -6.589   -6.589   -5.900   -5.900    1.569    1.569
    2.012    2.012    2.391    2.391    3.270    3.270
            0.125000  0.072169  0.000000
  -21.276  -21.276   -9.301   -9.301   -6.569   -6.569   -5.890   -5.890    1.561    1.561
    2.003    2.003    2.383    2.383    3.262    3.262
            0.124000  0.071591  0.000000
  -21.282  -21.282   -9.308   -9.308   -6.550   -6.550   -5.881   -5.881    1.552    1.553
    1.995    1.995    2.375    2.375    3.254    3.254
            0.123000  0.071014  0.000000
  -21.288  -21.288   -9.315   -9.315   -6.530   -6.530   -5.871   -5.871    1.545    1.545
    1.987    1.987    2.367    2.367    3.246    3.246
            0.122000  0.070437  0.000000
  -21.294  -21.294   -9.322   -9.322   -6.510   -6.510   -5.861   -5.861    1.537    1.537
    1.979    1.979    2.359    2.359    3.238    3.238
            0.121000  0.069859  0.000000
  -21.300  -21.300   -9.329   -9.329   -6.491   -6.491   -5.852   -5.852    1.529    1.529
    1.971    1.971    2.351    2.351    3.230    3.230
            0.120000  0.069282  0.000000
  -21.305  -21.305   -9.335   -9.335   -6.471   -6.471   -5.842   -5.842    1.521    1.521
    1.963    1.963    2.343    2.343    3.222    3.222
            0.119000  0.068705  0.000000
  -21.311  -21.311   -9.342   -9.342   -6.452   -6.452   -5.833   -5.833    1.513    1.513
    1.955    1.955    2.336    2.336    3.214    3.214
            0.118000  0.068127  0.000000
  -21.316  -21.316   -9.349   -9.349   -6.433   -6.433   -5.823   -5.823    1.506    1.506
    1.948    1.948    2.328    2.328    3.207    3.207
            0.117000  0.067550  0.000000
  -21.322  -21.322   -9.355   -9.355   -6.413   -6.413   -5.814   -5.814    1.498    1.498
    1.940    1.940    2.320    2.320    3.199    3.199
            0.116000  0.066973  0.000000
  -21.327  -21.327   -9.362   -9.362   -6.394   -6.394   -5.805   -5.805    1.491    1.491
    1.932    1.932    2.313    2.313    3.192    3.192
            0.115000  0.066395  0.000000
  -21.333  -21.333   -9.368   -9.368   -6.376   -6.376   -5.795   -5.795    1.483    1.483
    1.925    1.925    2.305    2.305    3.184    3.184
            0.114000  0.065818  0.000000
  -21.338  -21.338   -9.375   -9.375   -6.357   -6.357   -5.786   -5.786    1.476    1.476
    1.917    1.917    2.298    2.298    3.177    3.177
            0.113000  0.065241  0.000000
  -21.344  -21.344   -9.381   -9.381   -6.338   -6.338   -5.777   -5.777    1.469    1.469
    1.910    1.910    2.290    2.291    3.169    3.169
            0.112000  0.064663  0.000000
  -21.349  -21.349   -9.387   -9.387   -6.319   -6.319   -5.768   -5.768    1.461    1.461
    1.902    1.902    2.283    2.283    3.162    3.162
            0.111000  0.064086  0.000000
  -21.354  -21.354   -9.393   -9.393   -6.301   -6.301   -5.759   -5.759    1.454    1.454
    1.895    1.895    2.276    2.276    3.155    3.155
            0.110000  0.063509  0.000000
  -21.359  -21.359   -9.400   -9.400   -6.283   -6.283   -5.750   -5.750    1.447    1.447
    1.888    1.888    2.269    2.269    3.147    3.147
            0.109000  0.062931  0.000000
  -21.365  -21.365   -9.406   -9.406   -6.264   -6.264   -5.741   -5.741    1.440    1.440
    1.881    1.881    2.262    2.262    3.140    3.140
            0.108000  0.062354  0.000000
  -21.370  -21.370   -9.412   -9.412   -6.246   -6.246   -5.732   -5.732    1.433    1.433
    1.874    1.874    2.255    2.255    3.133    3.133
            0.107000  0.061776  0.000000
  -21.375  -21.375   -9.418   -9.418   -6.228   -6.228   -5.723   -5.723    1.426    1.426
    1.867    1.867    2.248    2.248    3.126    3.126
            0.106000  0.061199  0.000000
  -21.380  -21.380   -9.424   -9.424   -6.210   -6.210   -5.714   -5.714    1.419    1.419
    1.860    1.860    2.241    2.241    3.119    3.119
            0.105000  0.060622  0.000000
  -21.385  -21.385   -9.430   -9.430   -6.193   -6.193   -5.705   -5.705    1.412    1.412
    1.853    1.853    2.234    2.234    3.113    3.113
            0.104000  0.060044  0.000000
  -21.390  -21.390   -9.436   -9.436   -6.175   -6.175   -5.696   -5.696    1.406    1.406
    1.846    1.846    2.227    2.227    3.106    3.106
            0.103000  0.059467  0.000000
  -21.394  -21.394   -9.441   -9.441   -6.158   -6.158   -5.687   -5.687    1.399    1.399
    1.839    1.839    2.220    2.220    3.099    3.099
            0.102000  0.058890  0.000000
  -21.399  -21.399   -9.447   -9.447   -6.140   -6.140   -5.679   -5.679    1.392    1.392
    1.832    1.832    2.214    2.214    3.092    3.092
            0.101000  0.058312  0.000000
  -21.404  -21.404   -9.453   -9.453   -6.123   -6.123   -5.670   -5.670    1.386    1.386
    1.826    1.826    2.207    2.207    3.086    3.086
            0.100000  0.057735  0.000000
  -21.409  -21.409   -9.459   -9.459   -6.106   -6.106   -5.661   -5.661    1.379    1.379
    1.819    1.819    2.200    2.201    3.079    3.079
            0.099000  0.057158  0.000000
  -21.413  -21.413   -9.464   -9.464   -6.089   -6.089   -5.653   -5.653    1.373    1.373
    1.813    1.813    2.194    2.194    3.073    3.073
            0.098000  0.056580  0.000000
  -21.418  -21.418   -9.470   -9.470   -6.072   -6.072   -5.644   -5.644    1.367    1.367
    1.806    1.806    2.188    2.188    3.066    3.066
            0.097000  0.056003  0.000000
  -21.423  -21.423   -9.475   -9.475   -6.055   -6.055   -5.636   -5.636    1.360    1.360
    1.800    1.800    2.181    2.181    3.060    3.060
            0.096000  0.055426  0.000000
  -21.427  -21.427   -9.481   -9.481   -6.039   -6.039   -5.628   -5.628    1.354    1.354
    1.793    1.793    2.175    2.175    3.054    3.054
            0.095000  0.054848  0.000000
  -21.432  -21.432   -9.486   -9.486   -6.022   -6.022   -5.619   -5.619    1.348    1.348
    1.787    1.787    2.169    2.169    3.048    3.048
            0.094000  0.054271  0.000000
  -21.436  -21.436   -9.491   -9.491   -6.006   -6.006   -5.611   -5.611    1.342    1.342
    1.781    1.781    2.163    2.163    3.041    3.042
            0.093000  0.053694  0.000000
  -21.441  -21.441   -9.496   -9.496   -5.989   -5.989   -5.603   -5.603    1.336    1.336
    1.775    1.775    2.157    2.157    3.035    3.035
            0.092000  0.053116  0.000000
  -21.445  -21.445   -9.502   -9.502   -5.973   -5.973   -5.595   -5.595    1.330    1.330
    1.769    1.769    2.151    2.151    3.029    3.029
            0.091000  0.052539  0.000000
  -21.449  -21.449   -9.507   -9.507   -5.957   -5.957   -5.587   -5.587    1.324    1.324
    1.763    1.763    2.145    2.145    3.023    3.023
            0.090000  0.051962  0.000000
  -21.454  -21.454   -9.512   -9.512   -5.942   -5.942   -5.579   -5.579    1.318    1.318
    1.757    1.757    2.139    2.139    3.018    3.018
            0.089000  0.051384  0.000000
  -21.458  -21.458   -9.517   -9.517   -5.926   -5.926   -5.571   -5.571    1.312    1.312
    1.751    1.751    2.133    2.133    3.012    3.012
            0.088000  0.050807  0.000000
  -21.462  -21.462   -9.522   -9.522   -5.910   -5.910   -5.563   -5.563    1.307    1.307
    1.745    1.745    2.127    2.127    3.006    3.006
            0.087000  0.050229  0.000000
  -21.466  -21.466   -9.527   -9.527   -5.895   -5.895   -5.555   -5.555    1.301    1.301
    1.739    1.739    2.121    2.121    3.000    3.000
            0.086000  0.049652  0.000000
  -21.470  -21.470   -9.532   -9.532   -5.880   -5.880   -5.547   -5.547    1.296    1.296
    1.734    1.734    2.116    2.116    2.995    2.995
            0.085000  0.049075  0.000000
  -21.474  -21.474   -9.536   -9.536   -5.865   -5.865   -5.540   -5.540    1.290    1.290
    1.728    1.728    2.110    2.110    2.989    2.989
            0.084000  0.048497  0.000000
  -21.478  -21.478   -9.541   -9.541   -5.850   -5.850   -5.532   -5.532    1.285    1.285
    1.723    1.723    2.105    2.105    2.984    2.984
            0.083000  0.047920  0.000000
  -21.482  -21.482   -9.546   -9.546   -5.835   -5.835   -5.524   -5.524    1.279    1.279
    1.717    1.717    2.099    2.099    2.978    2.978
            0.082000  0.047343  0.000000
  -21.486  -21.486   -9.551   -9.551   -5.820   -5.820   -5.517   -5.517    1.274    1.274
    1.712    1.712    2.094    2.094    2.973    2.973
            0.081000  0.046765  0.000000
  -21.490  -21.490   -9.555   -9.555   -5.805   -5.805   -5.510   -5.510    1.269    1.269
    1.706    1.706    2.089    2.089    2.968    2.968
            0.080000  0.046188  0.000000
  -21.494  -21.494   -9.560   -9.560   -5.791   -5.791   -5.502   -5.502    1.263    1.263
    1.701    1.701    2.083    2.083    2.962    2.962
            0.079000  0.045611  0.000000
  -21.497  -21.497   -9.564   -9.564   -5.777   -5.777   -5.495   -5.495    1.258    1.258
    1.696    1.696    2.078    2.078    2.957    2.957
            0.078000  0.045033  0.000000
  -21.501  -21.501   -9.569   -9.569   -5.763   -5.763   -5.488   -5.488    1.253    1.253
    1.691    1.691    2.073    2.073    2.952    2.952
            0.077000  0.044456  0.000000
  -21.505  -21.505   -9.573   -9.573   -5.749   -5.749   -5.481   -5.481    1.248    1.248
    1.686    1.686    2.068    2.068    2.947    2.947
            0.076000  0.043879  0.000000
  -21.508  -21.508   -9.577   -9.577   -5.735   -5.735   -5.473   -5.473    1.243    1.243
    1.681    1.681    2.063    2.063    2.942    2.942
            0.075000  0.043301  0.000000
  -21.512  -21.512   -9.581   -9.581   -5.721   -5.721   -5.466   -5.466    1.238    1.238
    1.676    1.676    2.058    2.058    2.937    2.937
            0.074000  0.042724  0.000000
  -21.515  -21.515   -9.586   -9.586   -5.708   -5.708   -5.460   -5.460    1.234    1.234
    1.671    1.671    2.053    2.053    2.932    2.932
            0.073000  0.042147  0.000000
  -21.519  -21.519   -9.590   -9.590   -5.694   -5.694   -5.453   -5.453    1.229    1.229
    1.666    1.666    2.049    2.049    2.928    2.928
            0.072000  0.041569  0.000000
  -21.522  -21.522   -9.594   -9.594   -5.681   -5.681   -5.446   -5.446    1.224    1.224
    1.661    1.661    2.044    2.044    2.923    2.923
            0.071000  0.040992  0.000000
  -21.526  -21.526   -9.598   -9.598   -5.668   -5.668   -5.439   -5.439    1.220    1.220
    1.657    1.657    2.039    2.039    2.918    2.918
            0.070000  0.040415  0.000000
  -21.529  -21.529   -9.602   -9.602   -5.655   -5.655   -5.433   -5.433    1.215    1.215
    1.652    1.652    2.035    2.035    2.914    2.914
            0.069000  0.039837  0.000000
  -21.532  -21.532   -9.606   -9.606   -5.642   -5.642   -5.426   -5.426    1.211    1.211
    1.647    1.647    2.030    2.030    2.909    2.909
            0.068000  0.039260  0.000000
  -21.535  -21.535   -9.610   -9.610   -5.630   -5.630   -5.419   -5.419    1.206    1.206
    1.643    1.643    2.026    2.026    2.905    2.905
            0.067000  0.038682  0.000000
  -21.539  -21.539   -9.613   -9.613   -5.617   -5.617   -5.413   -5.413    1.202    1.202
    1.639    1.639    2.021    2.021    2.900    2.900
            0.066000  0.038105  0.000000
  -21.542  -21.542   -9.617   -9.617   -5.605   -5.605   -5.407   -5.407    1.198    1.198
    1.634    1.634    2.017    2.017    2.896    2.896
            0.065000  0.037528  0.000000
  -21.545  -21.545   -9.621   -9.621   -5.593   -5.593   -5.400   -5.400    1.193    1.193
    1.630    1.630    2.013    2.013    2.892    2.892
            0.064000  0.036950  0.000000
  -21.548  -21.548   -9.624   -9.624   -5.581   -5.581   -5.394   -5.394    1.189    1.189
    1.626    1.626    2.009    2.009    2.888    2.888
            0.063000  0.036373  0.000000
  -21.551  -21.551   -9.628   -9.628   -5.569   -5.569   -5.388   -5.388    1.185    1.185
    1.622    1.622    2.004    2.004    2.883    2.883
            0.062000  0.035796  0.000000
  -21.554  -21.554   -9.632   -9.632   -5.558   -5.558   -5.382   -5.382    1.181    1.181
    1.617    1.617    2.000    2.000    2.879    2.879
            0.061000  0.035218  0.000000
  -21.557  -21.557   -9.635   -9.635   -5.546   -5.546   -5.376   -5.376    1.177    1.177
    1.613    1.613    1.996    1.996    2.875    2.875
            0.060000  0.034641  0.000000
  -21.560  -21.560   -9.638   -9.638   -5.535   -5.535   -5.370   -5.370    1.173    1.173
    1.609    1.609    1.992    1.992    2.871    2.871
            0.059000  0.034064  0.000000
  -21.562  -21.562   -9.642   -9.642   -5.524   -5.524   -5.365   -5.365    1.169    1.169
    1.606    1.606    1.989    1.989    2.868    2.868
            0.058000  0.033486  0.000000
  -21.565  -21.565   -9.645   -9.645   -5.513   -5.513   -5.359   -5.359    1.166    1.166
    1.602    1.602    1.985    1.985    2.864    2.864
            0.057000  0.032909  0.000000
  -21.568  -21.568   -9.648   -9.648   -5.502   -5.502   -5.353   -5.353    1.162    1.162
    1.598    1.598    1.981    1.981    2.860    2.860
            0.056000  0.032332  0.000000
  -21.571  -21.570   -9.652   -9.652   -5.492   -5.492   -5.348   -5.348    1.158    1.158
    1.594    1.594    1.977    1.977    2.856    2.856
            0.055000  0.031754  0.000000
  -21.573  -21.573   -9.655   -9.655   -5.481   -5.481   -5.342   -5.342    1.155    1.155
    1.591    1.591    1.974    1.974    2.853    2.853
            0.054000  0.031177  0.000000
  -21.576  -21.576   -9.658   -9.658   -5.471   -5.471   -5.337   -5.337    1.151    1.151
    1.587    1.587    1.970    1.970    2.849    2.849
            0.053000  0.030600  0.000000
  -21.578  -21.578   -9.661   -9.661   -5.461   -5.461   -5.332   -5.332    1.148    1.148
    1.583    1.583    1.967    1.967    2.846    2.846
            0.052000  0.030022  0.000000
  -21.581  -21.581   -9.664   -9.664   -5.451   -5.451   -5.327   -5.327    1.144    1.144
    1.580    1.580    1.963    1.963    2.842    2.842
            0.051000  0.029445  0.000000
  -21.583  -21.583   -9.667   -9.667   -5.441   -5.441   -5.322   -5.322    1.141    1.141
    1.577    1.577    1.960    1.960    2.839    2.839
            0.050000  0.028868  0.000000
  -21.585  -21.585   -9.669   -9.669   -5.432   -5.432   -5.317   -5.317    1.138    1.138
    1.573    1.573    1.957    1.957    2.836    2.836
            0.049000  0.028290  0.000000
  -21.588  -21.588   -9.672   -9.672   -5.422   -5.422   -5.312   -5.312    1.135    1.135
    1.570    1.570    1.953    1.953    2.832    2.832
            0.048000  0.027713  0.000000
  -21.590  -21.590   -9.675   -9.675   -5.413   -5.413   -5.307   -5.307    1.132    1.132
    1.567    1.567    1.950    1.950    2.829    2.829
            0.047000  0.027135  0.000000
  -21.592  -21.592   -9.678   -9.678   -5.404   -5.404   -5.302   -5.302    1.128    1.128
    1.564    1.564    1.947    1.947    2.826    2.826
            0.046000  0.026558  0.000000
  -21.595  -21.595   -9.680   -9.680   -5.395   -5.395   -5.297   -5.297    1.125    1.125
    1.561    1.561    1.944    1.944    2.823    2.823
            0.045000  0.025981  0.000000
  -21.597  -21.597   -9.683   -9.683   -5.387   -5.387   -5.293   -5.293    1.123    1.123
    1.558    1.558    1.941    1.941    2.820    2.820
            0.044000  0.025403  0.000000
  -21.599  -21.599   -9.685   -9.685   -5.378   -5.378   -5.288   -5.288    1.120    1.120
    1.555    1.555    1.938    1.938    2.817    2.817
            0.043000  0.024826  0.000000
  -21.601  -21.601   -9.688   -9.688   -5.370   -5.370   -5.284   -5.284    1.117    1.117
    1.552    1.552    1.935    1.935    2.814    2.814
            0.042000  0.024249  0.000000
  -21.603  -21.603   -9.690   -9.690   -5.362   -5.362   -5.280   -5.280    1.114    1.114
    1.549    1.549    1.933    1.933    2.812    2.812
            0.041000  0.023671  0.000000
  -21.605  -21.605   -9.693   -9.693   -5.354   -5.354   -5.276   -5.276    1.111    1.111
    1.547    1.547    1.930    1.930    2.809    2.809
            0.040000  0.023094  0.000000
  -21.607  -21.607   -9.695   -9.695   -5.346   -5.346   -5.272   -5.272    1.109    1.109
    1.544    1.544    1.927    1.927    2.806    2.806
            0.039000  0.022517  0.000000
  -21.609  -21.609   -9.697   -9.697   -5.338   -5.338   -5.268   -5.268    1.106    1.106
    1.541    1.541    1.925    1.925    2.804    2.804
            0.038000  0.021939  0.000000
  -21.610  -21.610   -9.699   -9.699   -5.331   -5.331   -5.264   -5.264    1.104    1.104
    1.539    1.539    1.922    1.922    2.801    2.801
            0.037000  0.021362  0.000000
  -21.612  -21.612   -9.701   -9.701   -5.324   -5.324   -5.260   -5.260    1.101    1.101
    1.536    1.536    1.920    1.920    2.799    2.799
            0.036000  0.020785  0.000000
  -21.614  -21.614   -9.703   -9.703   -5.317   -5.317   -5.256   -5.256    1.099    1.099
    1.534    1.534    1.917    1.918    2.797    2.797
            0.035000  0.020207  0.000000
  -21.616  -21.616   -9.705   -9.705   -5.310   -5.310   -5.252   -5.252    1.097    1.097
    1.532    1.532    1.915    1.915    2.794    2.794
            0.034000  0.019630  0.000000
  -21.617  -21.617   -9.707   -9.707   -5.303   -5.303   -5.249   -5.249    1.095    1.095
    1.529    1.529    1.913    1.913    2.792    2.792
            0.033000  0.019053  0.000000
  -21.619  -21.619   -9.709   -9.709   -5.297   -5.297   -5.245   -5.245    1.092    1.092
    1.527    1.527    1.911    1.911    2.790    2.790
            0.032000  0.018475  0.000000
  -21.620  -21.620   -9.711   -9.711   -5.290   -5.290   -5.242   -5.242    1.090    1.090
    1.525    1.525    1.909    1.909    2.788    2.788
            0.031000  0.017898  0.000000
  -21.622  -21.622   -9.713   -9.713   -5.284   -5.284   -5.239   -5.239    1.088    1.088
    1.523    1.523    1.907    1.907    2.786    2.786
            0.030000  0.017321  0.000000
  -21.623  -21.623   -9.715   -9.715   -5.278   -5.278   -5.236   -5.236    1.086    1.086
    1.521    1.521    1.905    1.905    2.784    2.784
            0.029000  0.016743  0.000000
  -21.625  -21.625   -9.716   -9.716   -5.273   -5.273   -5.233   -5.233    1.084    1.084
    1.519    1.519    1.903    1.903    2.782    2.782
            0.028000  0.016166  0.000000
  -21.626  -21.626   -9.718   -9.718   -5.267   -5.267   -5.230   -5.230    1.083    1.083
    1.517    1.517    1.901    1.901    2.780    2.780
            0.027000  0.015588  0.000000
  -21.627  -21.627   -9.719   -9.719   -5.262   -5.262   -5.227   -5.227    1.081    1.081
    1.515    1.515    1.899    1.899    2.778    2.778
            0.026000  0.015011  0.000000
  -21.629  -21.629   -9.721   -9.721   -5.257   -5.257   -5.224   -5.224    1.079    1.079
    1.514    1.514    1.897    1.897    2.776    2.776
            0.025000  0.014434  0.000000
  -21.630  -21.630   -9.722   -9.722   -5.252   -5.252   -5.221   -5.221    1.077    1.077
    1.512    1.512    1.896    1.896    2.775    2.775
            0.024000  0.013856  0.000000
  -21.631  -21.631   -9.724   -9.724   -5.247   -5.247   -5.219   -5.219    1.076    1.076
    1.510    1.510    1.894    1.894    2.773    2.773
            0.023000  0.013279  0.000000
  -21.632  -21.632   -9.725   -9.725   -5.243   -5.243   -5.216   -5.216    1.074    1.074
    1.509    1.509    1.893    1.893    2.772    2.772
            0.022000  0.012702  0.000000
  -21.633  -21.633   -9.726   -9.726   -5.238   -5.238   -5.214   -5.214    1.073    1.073
    1.507    1.507    1.891    1.891    2.770    2.770
            0.021000  0.012124  0.000000
  -21.634  -21.634   -9.728   -9.728   -5.234   -5.234   -5.212   -5.212    1.072    1.072
    1.506    1.506    1.890    1.890    2.769    2.769
            0.020000  0.011547  0.000000
  -21.635  -21.635   -9.729   -9.729   -5.230   -5.230   -5.209   -5.209    1.070    1.070
    1.505    1.505    1.888    1.888    2.767    2.767
            0.019000  0.010970  0.000000
  -21.636  -21.636   -9.730   -9.730   -5.226   -5.226   -5.207   -5.207    1.069    1.069
    1.503    1.503    1.887    1.887    2.766    2.766
            0.018000  0.010392  0.000000
  -21.637  -21.637   -9.731   -9.731   -5.223   -5.223   -5.205   -5.205    1.068    1.068
    1.502    1.502    1.886    1.886    2.765    2.765
            0.017000  0.009815  0.000000
  -21.638  -21.638   -9.732   -9.732   -5.220   -5.220   -5.203   -5.203    1.067    1.067
    1.501    1.501    1.885    1.885    2.764    2.764
            0.016000  0.009238  0.000000
  -21.638  -21.638   -9.733   -9.733   -5.217   -5.217   -5.201   -5.201    1.066    1.066
    1.500    1.500    1.884    1.884    2.763    2.763
            0.015000  0.008660  0.000000
  -21.639  -21.639   -9.734   -9.734   -5.214   -5.214   -5.200   -5.200    1.065    1.065
    1.499    1.499    1.883    1.883    2.762    2.762
            0.014000  0.008083  0.000000
  -21.640  -21.640   -9.734   -9.734   -5.211   -5.211   -5.198   -5.198    1.064    1.064
    1.498    1.498    1.882    1.882    2.761    2.761
            0.013000  0.007506  0.000000
  -21.640  -21.640   -9.735   -9.735   -5.209   -5.209   -5.196   -5.196    1.063    1.063
    1.497    1.497    1.881    1.881    2.760    2.760
            0.012000  0.006928  0.000000
  -21.641  -21.641   -9.736   -9.736   -5.206   -5.206   -5.195   -5.195    1.062    1.062
    1.496    1.496    1.880    1.880    2.759    2.759
            0.011000  0.006351  0.000000
  -21.642  -21.642   -9.737   -9.737   -5.204   -5.204   -5.193   -5.193    1.061    1.061
    1.495    1.495    1.879    1.879    2.758    2.758
            0.010000  0.005774  0.000000
  -21.642  -21.642   -9.737   -9.737   -5.202   -5.202   -5.192   -5.192    1.061    1.061
    1.495    1.495    1.879    1.879    2.758    2.758
            0.009000  0.005196  0.000000
  -21.643  -21.643   -9.738   -9.738   -5.201   -5.201   -5.191   -5.191    1.060    1.060
    1.494    1.494    1.878    1.878    2.757    2.757
            0.008000  0.004619  0.000000
  -21.643  -21.643   -9.738   -9.738   -5.199   -5.199   -5.190   -5.190    1.059    1.059
    1.494    1.494    1.877    1.877    2.756    2.756
            0.007000  0.004041  0.000000
  -21.643  -21.643   -9.739   -9.739   -5.198   -5.198   -5.189   -5.189    1.059    1.059
    1.493    1.493    1.877    1.877    2.756    2.756
            0.006000  0.003464  0.000000
  -21.644  -21.644   -9.739   -9.739   -5.197   -5.197   -5.188   -5.188    1.058    1.058
    1.493    1.493    1.877    1.877    2.756    2.756
            0.005000  0.002887  0.000000
  -21.644  -21.644   -9.739   -9.739   -5.196   -5.196   -5.187   -5.187    1.058    1.058
    1.492    1.492    1.876    1.876    2.755    2.755
            0.004000  0.002309  0.000000
  -21.644  -21.644   -9.740   -9.740   -5.196   -5.196   -5.186   -5.186    1.058    1.058
    1.492    1.492    1.876    1.876    2.755    2.755
            0.003000  0.001732  0.000000
  -21.644  -21.644   -9.740   -9.740   -5.195   -5.195   -5.186   -5.186    1.058    1.058
    1.492    1.492    1.876    1.876    2.755    2.755
            0.002000  0.001155  0.000000
  -21.644  -21.644   -9.740   -9.740   -5.195   -5.195   -5.185   -5.185    1.057    1.057
    1.492    1.492    1.875    1.875    2.755    2.755
            0.001000  0.000577  0.000000
  -21.644  -21.644   -9.740   -9.740   -5.194   -5.194   -5.185   -5.185    1.057    1.057
    1.491    1.491    1.875    1.875    2.754    2.754
            0.000000  0.000000  0.000000
  -21.644  -21.644   -9.740   -9.740   -5.194   -5.194   -5.185   -5.185    1.057    1.057
    1.491    1.491    1.875    1.875    2.754    2.754
