#  E (eV)   dos(E)     Int dos(E) EFermi =   -1.917 eV
   -24.00000000    0.1311686215E-84    0.2623372430E-86
   -23.98000000    0.1311686215E-84    0.5246744860E-86
   -23.96000000    0.1311686215E-84    0.7870117291E-86
   -23.94000000    0.1311686215E-84    0.1049348972E-85
   -23.92000000    0.1311686215E-84    0.1311686215E-85
   -23.90000000    0.1311686215E-84    0.1574023458E-85
   -23.88000000    0.1311686215E-84    0.1836360701E-85
   -23.86000000    0.1311686215E-84    0.2098697944E-85
   -23.84000000    0.1311686215E-84    0.2361035187E-85
   -23.82000000    0.1311686215E-84    0.2623372430E-85
   -23.80000000    0.1311686215E-84    0.2885709673E-85
   -23.78000000    0.1311686215E-84    0.3148046916E-85
   -23.76000000    0.1311686215E-84    0.3410384159E-85
   -23.74000000    0.1311686215E-84    0.3672721402E-85
   -23.72000000    0.1311686215E-84    0.3935058645E-85
   -23.70000000    0.1311686215E-84    0.4197395888E-85
   -23.68000000    0.1311686215E-84    0.4459733131E-85
   -23.66000000    0.1311686215E-84    0.4722070374E-85
   -23.64000000    0.1311686215E-84    0.4984407617E-85
   -23.62000000    0.1311686215E-84    0.5246744860E-85
   -23.60000000    0.1311686215E-84    0.5509082103E-85
   -23.58000000    0.1311686215E-84    0.5771419346E-85
   -23.56000000    0.1311686215E-84    0.6033756589E-85
   -23.54000000    0.1311686215E-84    0.6296093832E-85
   -23.52000000    0.1311686215E-84    0.6558431076E-85
   -23.50000000    0.1311686215E-84    0.6820768319E-85
   -23.48000000    0.1311686215E-84    0.7083105562E-85
   -23.46000000    0.1311686215E-84    0.7345442805E-85
   -23.44000000    0.1311686215E-84    0.7607780048E-85
   -23.42000000    0.1311686215E-84    0.7870117291E-85
   -23.40000000    0.1311686215E-84    0.8132454534E-85
   -23.38000000    0.1311686215E-84    0.8394791777E-85
   -23.36000000    0.1311686215E-84    0.8657129020E-85
   -23.34000000    0.1311686215E-84    0.8919466263E-85
   -23.32000000    0.1311686215E-84    0.9181803506E-85
   -23.30000000    0.1311686215E-84    0.9444140749E-85
   -23.28000000    0.1311686215E-84    0.9706477992E-85
   -23.26000000    0.1311686215E-84    0.9968815235E-85
   -23.24000000    0.1311686215E-84    0.1023115248E-84
   -23.22000000    0.1311686215E-84    0.1049348972E-84
   -23.20000000    0.1311686215E-84    0.1075582696E-84
   -23.18000000    0.1311686215E-84    0.1101816421E-84
   -23.16000000    0.1311686215E-84    0.1128050145E-84
   -23.14000000    0.1311686215E-84    0.1154283869E-84
   -23.12000000    0.1311686215E-84    0.1180517594E-84
   -23.10000000    0.1311686215E-84    0.1206751318E-84
   -23.08000000    0.1311686215E-84    0.1232985042E-84
   -23.06000000    0.1311686215E-84    0.1259218766E-84
   -23.04000000    0.1311686215E-84    0.1285452491E-84
   -23.02000000    0.1311686215E-84    0.1311686215E-84
   -23.00000000    0.1311686215E-84    0.1337919939E-84
   -22.98000000    0.1311686215E-84    0.1364153664E-84
   -22.96000000    0.1311686215E-84    0.1390387388E-84
   -22.94000000    0.1311686215E-84    0.1416621112E-84
   -22.92000000    0.1311686215E-84    0.1442854837E-84
   -22.90000000    0.1311686215E-84    0.1469088561E-84
   -22.88000000    0.1311686215E-84    0.1495322285E-84
   -22.86000000    0.1311686215E-84    0.1521556010E-84
   -22.84000000    0.1311686215E-84    0.1547789734E-84
   -22.82000000    0.1311686215E-84    0.1574023458E-84
   -22.80000000    0.1311686215E-84    0.1600257182E-84
   -22.78000000    0.1311686215E-84    0.1626490907E-84
   -22.76000000    0.1311686215E-84    0.1652724631E-84
   -22.74000000    0.1327705155E-84    0.1679278734E-84
   -22.72000000    0.6950742820E-84    0.1818293591E-84
   -22.70000000    0.1762451238E-81    0.3706731836E-83
   -22.68000000    0.5036205320E-79    0.1010947796E-80
   -22.66000000    0.1318904048E-76    0.2647917574E-78
   -22.64000000    0.3163225909E-74    0.6352930994E-76
   -22.62000000    0.6947952892E-72    0.1395943509E-73
   -22.60000000    0.1397644977E-69    0.2809249389E-71
   -22.58000000    0.2574862867E-67    0.5177818228E-69
   -22.56000000    0.4344428526E-65    0.8740635234E-67
   -22.54000000    0.6713311788E-63    0.1351402993E-64
   -22.52000000    0.9501039064E-61    0.1913721843E-62
   -22.50000000    0.1231516602E-58    0.2482170422E-60
   -22.48000000    0.1462006596E-56    0.2948834895E-58
   -22.46000000    0.1589657544E-54    0.3208803436E-56
   -22.44000000    0.1583100863E-52    0.3198289761E-54
   -22.42000000    0.1444010216E-50    0.2920003329E-52
   -22.40000000    0.1206409812E-48    0.2442019656E-50
   -22.38000000    0.9231855232E-47    0.1870791243E-48
   -22.36000000    0.6470824995E-45    0.1312872912E-46
   -22.34000000    0.4154457425E-43    0.8440202140E-45
   -22.32000000    0.2443210425E-41    0.4970822870E-43
   -22.30000000    0.1316157170E-39    0.2682022569E-41
   -22.28000000    0.6494772246E-38    0.1325774675E-39
   -22.26000000    0.2935884443E-36    0.6004346354E-38
   -22.24000000    0.1215746618E-34    0.2491536700E-36
   -22.22000000    0.4611977689E-33    0.9473109047E-35
   -22.20000000    0.1602813731E-31    0.3300358552E-33
   -22.18000000    0.5103207277E-30    0.1053645041E-31
   -22.16000000    0.1488610808E-28    0.3082586120E-30
   -22.14000000    0.3978427728E-27    0.8265114068E-29
   -22.12000000    0.9742037663E-26    0.2031058673E-27
   -22.10000000    0.2185813488E-24    0.4574732843E-26
   -22.08000000    0.4493861681E-23    0.9445196647E-25
   -22.06000000    0.8466218835E-22    0.1787695733E-23
   -22.04000000    0.1461652330E-20    0.3102074234E-22
   -22.02000000    0.2312634633E-19    0.4935476689E-21
   -22.00000000    0.3353544093E-18    0.7200635855E-20
   -21.98000000    0.4457211100E-17    0.9634485785E-19
   -21.96000000    0.5430195192E-16    0.1182383896E-17
   -21.94000000    0.6064495728E-15    0.1331137535E-16
   -21.92000000    0.6209239810E-14    0.1374961716E-15
   -21.90000000    0.5828920346E-13    0.1303280241E-14
   -21.88000000    0.5017527755E-12    0.1133833575E-13
   -21.86000000    0.3960907363E-11    0.9055648302E-13
   -21.84000000    0.2867874358E-10    0.6641313546E-12
   -21.82000000    0.1904804301E-09    0.4473739957E-11
   -21.80000000    0.1160747600E-08    0.2768869196E-10
   -21.78000000    0.6490890260E-08    0.1575064971E-09
   -21.76000000    0.3331522438E-07    0.8238109847E-09
   -21.74000000    0.1569854092E-06    0.3963519169E-08
   -21.72000000    0.6793217381E-06    0.1754995393E-07
   -21.70000000    0.2700421393E-05    0.7155838179E-07
   -21.68000000    0.9864832397E-05    0.2688550297E-06
   -21.66000000    0.3313135092E-04    0.9314820481E-06
   -21.64000000    0.1023532030E-03    0.2978546109E-05
   -21.62000000    0.2910300308E-03    0.8799146725E-05
   -21.60000000    0.7621808766E-03    0.2404276426E-04
   -21.58000000    0.1840059498E-02    0.6084395422E-04
   -21.56000000    0.4099237990E-02    0.1428287140E-03
   -21.54000000    0.8437385450E-02    0.3115764230E-03
   -21.52000000    0.1606929877E-01    0.6329623985E-03
   -21.50000000    0.2837029432E-01    0.1200368285E-02
   -21.48000000    0.4653495915E-01    0.2131067468E-02
   -21.46000000    0.7111020377E-01    0.3553271543E-02
   -21.44000000    0.1015720014E+00    0.5584711571E-02
   -21.42000000    0.1361664044E+00    0.8308039659E-02
   -21.40000000    0.1721626291E+00    0.1175129224E-01
   -21.38000000    0.2064806386E+00    0.1588090501E-01
   -21.36000000    0.2364601074E+00    0.2061010716E-01
   -21.34000000    0.2604596847E+00    0.2581930085E-01
   -21.32000000    0.2780688797E+00    0.3138067845E-01
   -21.30000000    0.2899153593E+00    0.3717898563E-01
   -21.28000000    0.2972282243E+00    0.4312355012E-01
   -21.26000000    0.3013776163E+00    0.4915110245E-01
   -21.24000000    0.3035505945E+00    0.5522211434E-01
   -21.22000000    0.3046115311E+00    0.6131434496E-01
   -21.20000000    0.3051068530E+00    0.6741648202E-01
   -21.18000000    0.3053415352E+00    0.7352331272E-01
   -21.16000000    0.3054673439E+00    0.7963265960E-01
   -21.14000000    0.3055520197E+00    0.8574370000E-01
   -21.12000000    0.3056227585E+00    0.9185615516E-01
   -21.10000000    0.3056893685E+00    0.9796994253E-01
   -21.08000000    0.3057550065E+00    0.1040850427E+00
   -21.06000000    0.3058205765E+00    0.1102014542E+00
   -21.04000000    0.3058863298E+00    0.1163191808E+00
   -21.02000000    0.3059523686E+00    0.1224382282E+00
   -21.00000000    0.3060187672E+00    0.1285586035E+00
   -20.98000000    0.3060855763E+00    0.1346803150E+00
   -20.96000000    0.3061528078E+00    0.1408033712E+00
   -20.94000000    0.3062204292E+00    0.1469277798E+00
   -20.92000000    0.3062883738E+00    0.1530535472E+00
   -20.90000000    0.3063565608E+00    0.1591806785E+00
   -20.88000000    0.3064249162E+00    0.1653091768E+00
   -20.86000000    0.3064933861E+00    0.1714390445E+00
   -20.84000000    0.3065619410E+00    0.1775702833E+00
   -20.82000000    0.3066305726E+00    0.1837028948E+00
   -20.80000000    0.3066992892E+00    0.1898368806E+00
   -20.78000000    0.3067681145E+00    0.1959722429E+00
   -20.76000000    0.3068370891E+00    0.2021089846E+00
   -20.74000000    0.3069062711E+00    0.2082471101E+00
   -20.72000000    0.3069757326E+00    0.2143866247E+00
   -20.70000000    0.3070455482E+00    0.2205275357E+00
   -20.68000000    0.3071157805E+00    0.2266698513E+00
   -20.66000000    0.3071864653E+00    0.2328135806E+00
   -20.64000000    0.3072576040E+00    0.2389587327E+00
   -20.62000000    0.3073291654E+00    0.2451053160E+00
   -20.60000000    0.3074010970E+00    0.2512533379E+00
   -20.58000000    0.3074733400E+00    0.2574028047E+00
   -20.56000000    0.3075458434E+00    0.2635537216E+00
   -20.54000000    0.3076185716E+00    0.2697060930E+00
   -20.52000000    0.3076915062E+00    0.2758599231E+00
   -20.50000000    0.3077646420E+00    0.2820152160E+00
   -20.48000000    0.3078379827E+00    0.2881719756E+00
   -20.46000000    0.3079115377E+00    0.2943302064E+00
   -20.44000000    0.3079853214E+00    0.3004899128E+00
   -20.42000000    0.3080593526E+00    0.3066510999E+00
   -20.40000000    0.3081336538E+00    0.3128137729E+00
   -20.38000000    0.3082082493E+00    0.3189779379E+00
   -20.36000000    0.3082831630E+00    0.3251436012E+00
   -20.34000000    0.3083584164E+00    0.3313107695E+00
   -20.32000000    0.3084340269E+00    0.3374794501E+00
   -20.30000000    0.3085100059E+00    0.3436496502E+00
   -20.28000000    0.3085863582E+00    0.3498213773E+00
   -20.26000000    0.3086630808E+00    0.3559946390E+00
   -20.24000000    0.3087401645E+00    0.3621694422E+00
   -20.22000000    0.3088175957E+00    0.3683457942E+00
   -20.20000000    0.3088953572E+00    0.3745237013E+00
   -20.18000000    0.3089734285E+00    0.3807031699E+00
   -20.16000000    0.3090517855E+00    0.3868842056E+00
   -20.14000000    0.3091304027E+00    0.3930668136E+00
   -20.12000000    0.3092092604E+00    0.3992509988E+00
   -20.10000000    0.3092883550E+00    0.4054367659E+00
   -20.08000000    0.3093677099E+00    0.4116241201E+00
   -20.06000000    0.3094473793E+00    0.4178130677E+00
   -20.04000000    0.3095274393E+00    0.4240036165E+00
   -20.02000000    0.3096079703E+00    0.4301957759E+00
   -20.00000000    0.3096890372E+00    0.4363895567E+00
   -19.98000000    0.3097706723E+00    0.4425849701E+00
   -19.96000000    0.3098528698E+00    0.4487820275E+00
   -19.94000000    0.3099355946E+00    0.4549807394E+00
   -19.92000000    0.3100187964E+00    0.4611811153E+00
   -19.90000000    0.3101024211E+00    0.4673831638E+00
   -19.88000000    0.3101864247E+00    0.4735868922E+00
   -19.86000000    0.3102707858E+00    0.4797923080E+00
   -19.84000000    0.3103554996E+00    0.4859994180E+00
   -19.82000000    0.3104405673E+00    0.4922082293E+00
   -19.80000000    0.3105260000E+00    0.4984187493E+00
   -19.78000000    0.3106118177E+00    0.5046309857E+00
   -19.76000000    0.3106980350E+00    0.5108449464E+00
   -19.74000000    0.3107846642E+00    0.5170606396E+00
   -19.72000000    0.3108717362E+00    0.5232780744E+00
   -19.70000000    0.3109592853E+00    0.5294972601E+00
   -19.68000000    0.3110473147E+00    0.5357182064E+00
   -19.66000000    0.3111358153E+00    0.5419409227E+00
   -19.64000000    0.3112247969E+00    0.5481654186E+00
   -19.62000000    0.3113142575E+00    0.5543917038E+00
   -19.60000000    0.3114041602E+00    0.5606197870E+00
   -19.58000000    0.3114944960E+00    0.5668496769E+00
   -19.56000000    0.3115853123E+00    0.5730813831E+00
   -19.54000000    0.3116766282E+00    0.5793149157E+00
   -19.52000000    0.3117684052E+00    0.5855502838E+00
   -19.50000000    0.3118606548E+00    0.5917874969E+00
   -19.48000000    0.3119534531E+00    0.5980265660E+00
   -19.46000000    0.3120467961E+00    0.6042675019E+00
   -19.44000000    0.3121405958E+00    0.6105103138E+00
   -19.42000000    0.3122348659E+00    0.6167550111E+00
   -19.40000000    0.3123297125E+00    0.6230016054E+00
   -19.38000000    0.3124251019E+00    0.6292501074E+00
   -19.36000000    0.3125208819E+00    0.6355005250E+00
   -19.34000000    0.3126170752E+00    0.6417528665E+00
   -19.32000000    0.3127138549E+00    0.6480071436E+00
   -19.30000000    0.3128111923E+00    0.6542633675E+00
   -19.28000000    0.3129088951E+00    0.6605215454E+00
   -19.26000000    0.3130070531E+00    0.6667816864E+00
   -19.24000000    0.3131060118E+00    0.6730438067E+00
   -19.22000000    0.3132058136E+00    0.6793079230E+00
   -19.20000000    0.3133061619E+00    0.6855740462E+00
   -19.18000000    0.3134070635E+00    0.6918421875E+00
   -19.16000000    0.3135089133E+00    0.6981123657E+00
   -19.14000000    0.3136117308E+00    0.7043846003E+00
   -19.12000000    0.3137149798E+00    0.7106588999E+00
   -19.10000000    0.3138184832E+00    0.7169352696E+00
   -19.08000000    0.3139227996E+00    0.7232137256E+00
   -19.06000000    0.3140282142E+00    0.7294942899E+00
   -19.04000000    0.3141341151E+00    0.7357769722E+00
   -19.02000000    0.3142400532E+00    0.7420617732E+00
   -19.00000000    0.3143466756E+00    0.7483487068E+00
   -18.98000000    0.3144546809E+00    0.7546378004E+00
   -18.96000000    0.3145635056E+00    0.7609290705E+00
   -18.94000000    0.3146722396E+00    0.7672225153E+00
   -18.92000000    0.3147813702E+00    0.7735181427E+00
   -18.90000000    0.3148921550E+00    0.7798159858E+00
   -18.88000000    0.3150044313E+00    0.7861160744E+00
   -18.86000000    0.3151167249E+00    0.7924184089E+00
   -18.84000000    0.3152287959E+00    0.7987229848E+00
   -18.82000000    0.3153422775E+00    0.8050298304E+00
   -18.80000000    0.3154579738E+00    0.8113389899E+00
   -18.78000000    0.3155742829E+00    0.8176504755E+00
   -18.76000000    0.3156897532E+00    0.8239642706E+00
   -18.74000000    0.3158057258E+00    0.8302803851E+00
   -18.72000000    0.3159243541E+00    0.8365988722E+00
   -18.70000000    0.3160449208E+00    0.8429197706E+00
   -18.68000000    0.3161647299E+00    0.8492430652E+00
   -18.66000000    0.3162835812E+00    0.8555687368E+00
   -18.64000000    0.3164044755E+00    0.8618968263E+00
   -18.62000000    0.3165288736E+00    0.8682274038E+00
   -18.60000000    0.3166540122E+00    0.8745604840E+00
   -18.58000000    0.3167771005E+00    0.8808960261E+00
   -18.56000000    0.3169000688E+00    0.8872340274E+00
   -18.54000000    0.3170269294E+00    0.8935745660E+00
   -18.52000000    0.3171573565E+00    0.8999177131E+00
   -18.50000000    0.3172867601E+00    0.9062634483E+00
   -18.48000000    0.3174134130E+00    0.9126117166E+00
   -18.46000000    0.3175416387E+00    0.9189625494E+00
   -18.44000000    0.3176754493E+00    0.9253160584E+00
   -18.42000000    0.3178120221E+00    0.9316722988E+00
   -18.40000000    0.3179455490E+00    0.9380312098E+00
   -18.38000000    0.3180762789E+00    0.9443927354E+00
   -18.36000000    0.3182108003E+00    0.9507569514E+00
   -18.34000000    0.3183522871E+00    0.9571239971E+00
   -18.32000000    0.3184951913E+00    0.9634939009E+00
   -18.30000000    0.3186331266E+00    0.9698665635E+00
   -18.28000000    0.3187688119E+00    0.9762419397E+00
   -18.26000000    0.3189108091E+00    0.9826201559E+00
   -18.24000000    0.3190609482E+00    0.9890013749E+00
   -18.22000000    0.3192109613E+00    0.9953855941E+00
   -18.20000000    0.3193542261E+00    0.1001772679E+01
   -18.18000000    0.3194960018E+00    0.1008162599E+01
   -18.16000000    0.3196465604E+00    0.1014555530E+01
   -18.14000000    0.3198062003E+00    0.1020951654E+01
   -18.12000000    0.3199639497E+00    0.1027350933E+01
   -18.10000000    0.3201129542E+00    0.1033753192E+01
   -18.08000000    0.3202610185E+00    0.1040158412E+01
   -18.06000000    0.3204203999E+00    0.1046566820E+01
   -18.04000000    0.3205902904E+00    0.1052978626E+01
   -18.02000000    0.3207570131E+00    0.1059393766E+01
   -18.00000000    0.3209129025E+00    0.1065812024E+01
   -17.98000000    0.3210678946E+00    0.1072233382E+01
   -17.96000000    0.3212366628E+00    0.1078658116E+01
   -17.94000000    0.3214180545E+00    0.1085086477E+01
   -17.92000000    0.3215956053E+00    0.1091518389E+01
   -17.90000000    0.3217597922E+00    0.1097953585E+01
   -17.88000000    0.3219220428E+00    0.1104392025E+01
   -17.86000000    0.3221003032E+00    0.1110834032E+01
   -17.84000000    0.3222945463E+00    0.1117279922E+01
   -17.82000000    0.3224856658E+00    0.1123729636E+01
   -17.80000000    0.3226607062E+00    0.1130182850E+01
   -17.78000000    0.3228312213E+00    0.1136639474E+01
   -17.76000000    0.3230191632E+00    0.1143099858E+01
   -17.74000000    0.3232277003E+00    0.1149564412E+01
   -17.72000000    0.3234358004E+00    0.1156033128E+01
   -17.70000000    0.3236252532E+00    0.1162505633E+01
   -17.68000000    0.3238054876E+00    0.1168981742E+01
   -17.66000000    0.3240027399E+00    0.1175461797E+01
   -17.64000000    0.3242261410E+00    0.1181946320E+01
   -17.62000000    0.3244546517E+00    0.1188435413E+01
   -17.60000000    0.3246632587E+00    0.1194928678E+01
   -17.58000000    0.3248558606E+00    0.1201425795E+01
   -17.56000000    0.3250619433E+00    0.1207927034E+01
   -17.54000000    0.3252995941E+00    0.1214433026E+01
   -17.52000000    0.3255514427E+00    0.1220944055E+01
   -17.50000000    0.3257854074E+00    0.1227459763E+01
   -17.48000000    0.3259955362E+00    0.1233979674E+01
   -17.46000000    0.3262112486E+00    0.1240503899E+01
   -17.44000000    0.3264616487E+00    0.1247033132E+01
   -17.42000000    0.3267384986E+00    0.1253567902E+01
   -17.40000000    0.3270049643E+00    0.1260108001E+01
   -17.38000000    0.3272410727E+00    0.1266652823E+01
   -17.36000000    0.3274700233E+00    0.1273202223E+01
   -17.34000000    0.3277313993E+00    0.1279756851E+01
   -17.32000000    0.3280326418E+00    0.1286317504E+01
   -17.30000000    0.3283385368E+00    0.1292884275E+01
   -17.28000000    0.3286133566E+00    0.1299456542E+01
   -17.26000000    0.3288654694E+00    0.1306033851E+01
   -17.24000000    0.3291393415E+00    0.1312616638E+01
   -17.22000000    0.3294627221E+00    0.1319205892E+01
   -17.20000000    0.3298121406E+00    0.1325802135E+01
   -17.18000000    0.3301396486E+00    0.1332404928E+01
   -17.16000000    0.3304305073E+00    0.1339013538E+01
   -17.14000000    0.3307228711E+00    0.1345627996E+01
   -17.12000000    0.3310642551E+00    0.1352249281E+01
   -17.10000000    0.3314550769E+00    0.1358878382E+01
   -17.08000000    0.3318467425E+00    0.1365515317E+01
   -17.06000000    0.3321984603E+00    0.1372159286E+01
   -17.04000000    0.3325268711E+00    0.1378809824E+01
   -17.02000000    0.3328891109E+00    0.1385467606E+01
   -17.00000000    0.3333172136E+00    0.1392133950E+01
   -16.98000000    0.3337799378E+00    0.1398809549E+01
   -16.96000000    0.3342179705E+00    0.1405493909E+01
   -16.94000000    0.3346134217E+00    0.1412186177E+01
   -16.92000000    0.3350131637E+00    0.1418886440E+01
   -16.90000000    0.3354773006E+00    0.1425595986E+01
   -16.88000000    0.3360105967E+00    0.1432316198E+01
   -16.86000000    0.3365560922E+00    0.1439047320E+01
   -16.84000000    0.3370601421E+00    0.1445788523E+01
   -16.82000000    0.3375357712E+00    0.1452539238E+01
   -16.80000000    0.3380512740E+00    0.1459300264E+01
   -16.78000000    0.3386550831E+00    0.1466073365E+01
   -16.76000000    0.3393212873E+00    0.1472859791E+01
   -16.74000000    0.3399786656E+00    0.1479659364E+01
   -16.72000000    0.3405923899E+00    0.1486471212E+01
   -16.70000000    0.3412069076E+00    0.1493295350E+01
   -16.68000000    0.3419003946E+00    0.1500133358E+01
   -16.66000000    0.3427000827E+00    0.1506987360E+01
   -16.64000000    0.3435530520E+00    0.1513858421E+01
   -16.62000000    0.3443867629E+00    0.1520746156E+01
   -16.60000000    0.3451935966E+00    0.1527650028E+01
   -16.58000000    0.3460453580E+00    0.1534570935E+01
   -16.56000000    0.3470199845E+00    0.1541511335E+01
   -16.54000000    0.3481202371E+00    0.1548473740E+01
   -16.52000000    0.3492747362E+00    0.1555459235E+01
   -16.50000000    0.3504221692E+00    0.1562467678E+01
   -16.48000000    0.3515874497E+00    0.1569499427E+01
   -16.46000000    0.3528657600E+00    0.1576556742E+01
   -16.44000000    0.3543304287E+00    0.1583643351E+01
   -16.42000000    0.3559647939E+00    0.1590762647E+01
   -16.40000000    0.3576938670E+00    0.1597916524E+01
   -16.38000000    0.3594838451E+00    0.1605106201E+01
   -16.36000000    0.3614030612E+00    0.1612334262E+01
   -16.34000000    0.3635786829E+00    0.1619605836E+01
   -16.32000000    0.3660967274E+00    0.1626927770E+01
   -16.30000000    0.3689567124E+00    0.1634306904E+01
   -16.28000000    0.3721366625E+00    0.1641749638E+01
   -16.26000000    0.3757075605E+00    0.1649263789E+01
   -16.24000000    0.3798827255E+00    0.1656861443E+01
   -16.22000000    0.3849528126E+00    0.1664560500E+01
   -16.20000000    0.3911679339E+00    0.1672383858E+01
   -16.18000000    0.3986622027E+00    0.1680357102E+01
   -16.16000000    0.4074365074E+00    0.1688505833E+01
   -16.14000000    0.4173172812E+00    0.1696852178E+01
   -16.12000000    0.4278185804E+00    0.1705408550E+01
   -16.10000000    0.4379668118E+00    0.1714167886E+01
   -16.08000000    0.4462729323E+00    0.1723093345E+01
   -16.06000000    0.4510052462E+00    0.1732113450E+01
   -16.04000000    0.4507150222E+00    0.1741127750E+01
   -16.02000000    0.4447558331E+00    0.1750022867E+01
   -16.00000000    0.4335053220E+00    0.1758692973E+01
   -15.98000000    0.4181839477E+00    0.1767056652E+01
   -15.96000000    0.4004157883E+00    0.1775064968E+01
   -15.94000000    0.3817896659E+00    0.1782700761E+01
   -15.92000000    0.3635908023E+00    0.1789972577E+01
   -15.90000000    0.3467024108E+00    0.1796906625E+01
   -15.88000000    0.3315889435E+00    0.1803538404E+01
   -15.86000000    0.3183153471E+00    0.1809904711E+01
   -15.84000000    0.3066321601E+00    0.1816037354E+01
   -15.82000000    0.2961502681E+00    0.1821960360E+01
   -15.80000000    0.2865426153E+00    0.1827691212E+01
   -15.78000000    0.2776524654E+00    0.1833244261E+01
   -15.76000000    0.2694454378E+00    0.1838633170E+01
   -15.74000000    0.2618739189E+00    0.1843870649E+01
   -15.72000000    0.2547961143E+00    0.1848966571E+01
   -15.70000000    0.2480277256E+00    0.1853927125E+01
   -15.68000000    0.2414637259E+00    0.1858756400E+01
   -15.66000000    0.2351346563E+00    0.1863459093E+01
   -15.64000000    0.2291319826E+00    0.1868041733E+01
   -15.62000000    0.2234767294E+00    0.1872511267E+01
   -15.60000000    0.2180676282E+00    0.1876872620E+01
   -15.58000000    0.2127631295E+00    0.1881127882E+01
   -15.56000000    0.2075109439E+00    0.1885278101E+01
   -15.54000000    0.2023873150E+00    0.1889325848E+01
   -15.52000000    0.1975020330E+00    0.1893275888E+01
   -15.50000000    0.1928683148E+00    0.1897133255E+01
   -15.48000000    0.1883784345E+00    0.1900900823E+01
   -15.46000000    0.1839183835E+00    0.1904579191E+01
   -15.44000000    0.1795089310E+00    0.1908169370E+01
   -15.42000000    0.1753357946E+00    0.1911676085E+01
   -15.40000000    0.1716624553E+00    0.1915109335E+01
   -15.38000000    0.1687633624E+00    0.1918484602E+01
   -15.36000000    0.1670004782E+00    0.1921824611E+01
   -15.34000000    0.1669888195E+00    0.1925164388E+01
   -15.32000000    0.1696451133E+00    0.1928557290E+01
   -15.30000000    0.1759673189E+00    0.1932076636E+01
   -15.28000000    0.1866164848E+00    0.1935808966E+01
   -15.26000000    0.2015480145E+00    0.1939839926E+01
   -15.24000000    0.2199034356E+00    0.1944237995E+01
   -15.22000000    0.2401855457E+00    0.1949041706E+01
   -15.20000000    0.2605921724E+00    0.1954253549E+01
   -15.18000000    0.2793797752E+00    0.1959841145E+01
   -15.16000000    0.2951940287E+00    0.1965745026E+01
   -15.14000000    0.3073211325E+00    0.1971891448E+01
   -15.12000000    0.3157780039E+00    0.1978207008E+01
   -15.10000000    0.3211731162E+00    0.1984630471E+01
   -15.08000000    0.3243831751E+00    0.1991118134E+01
   -15.06000000    0.3262156835E+00    0.1997642448E+01
   -15.04000000    0.3272308598E+00    0.2004187065E+01
   -15.02000000    0.3277613126E+00    0.2010742291E+01
   -15.00000000    0.3280216401E+00    0.2017302724E+01
   -14.98000000    0.3281762778E+00    0.2023866250E+01
   -14.96000000    0.3283310326E+00    0.2030432870E+01
   -14.94000000    0.3285106991E+00    0.2037003084E+01
   -14.92000000    0.3286841224E+00    0.2043576767E+01
   -14.90000000    0.3288241719E+00    0.2050153250E+01
   -14.88000000    0.3289429958E+00    0.2056732110E+01
   -14.86000000    0.3290736197E+00    0.2063313582E+01
   -14.84000000    0.3292303395E+00    0.2069898189E+01
   -14.82000000    0.3293968876E+00    0.2076486127E+01
   -14.80000000    0.3295506812E+00    0.2083077141E+01
   -14.78000000    0.3296890629E+00    0.2089670922E+01
   -14.76000000    0.3298277713E+00    0.2096267477E+01
   -14.74000000    0.3299792716E+00    0.2102867063E+01
   -14.72000000    0.3301397698E+00    0.2109469858E+01
   -14.70000000    0.3302975403E+00    0.2116075809E+01
   -14.68000000    0.3304480522E+00    0.2122684770E+01
   -14.66000000    0.3305970810E+00    0.2129296712E+01
   -14.64000000    0.3307514557E+00    0.2135911741E+01
   -14.62000000    0.3309114977E+00    0.2142529971E+01
   -14.60000000    0.3310737288E+00    0.2149151445E+01
   -14.58000000    0.3312387118E+00    0.2155776219E+01
   -14.56000000    0.3314156440E+00    0.2162404532E+01
   -14.54000000    0.3316237386E+00    0.2169037007E+01
   -14.52000000    0.3318970340E+00    0.2175674948E+01
   -14.50000000    0.3322962668E+00    0.2182320873E+01
   -14.48000000    0.3329245008E+00    0.2188979363E+01
   -14.46000000    0.3339402580E+00    0.2195658168E+01
   -14.44000000    0.3355632234E+00    0.2202369433E+01
   -14.42000000    0.3380694259E+00    0.2209130821E+01
   -14.40000000    0.3417741304E+00    0.2215966304E+01
   -14.38000000    0.3470021272E+00    0.2222906346E+01
   -14.36000000    0.3540451407E+00    0.2229987249E+01
   -14.34000000    0.3631031794E+00    0.2237249313E+01
   -14.32000000    0.3742045719E+00    0.2244733404E+01
   -14.30000000    0.3871067820E+00    0.2252475540E+01
   -14.28000000    0.4012020576E+00    0.2260499581E+01
   -14.26000000    0.4154799353E+00    0.2268809180E+01
   -14.24000000    0.4286084952E+00    0.2277381350E+01
   -14.22000000    0.4391638429E+00    0.2286164627E+01
   -14.20000000    0.4459642347E+00    0.2295083911E+01
   -14.18000000    0.4483908848E+00    0.2304051729E+01
   -14.16000000    0.4465567791E+00    0.2312982864E+01
   -14.14000000    0.4412440668E+00    0.2321807746E+01
   -14.12000000    0.4336398288E+00    0.2330480542E+01
   -14.10000000    0.4249912353E+00    0.2338980367E+01
   -14.08000000    0.4163198962E+00    0.2347306765E+01
   -14.06000000    0.4082805151E+00    0.2355472375E+01
   -14.04000000    0.4011666650E+00    0.2363495709E+01
   -14.02000000    0.3950080681E+00    0.2371395870E+01
   -14.00000000    0.3896908412E+00    0.2379189687E+01
   -13.98000000    0.3850535224E+00    0.2386890757E+01
   -13.96000000    0.3809428635E+00    0.2394509615E+01
   -13.94000000    0.3772357129E+00    0.2402054329E+01
   -13.92000000    0.3738410752E+00    0.2409531150E+01
   -13.90000000    0.3706940555E+00    0.2416945031E+01
   -13.88000000    0.3677482991E+00    0.2424299997E+01
   -13.86000000    0.3649698502E+00    0.2431599394E+01
   -13.84000000    0.3623331469E+00    0.2438846057E+01
   -13.82000000    0.3598185261E+00    0.2446042428E+01
   -13.80000000    0.3574104203E+00    0.2453190636E+01
   -13.78000000    0.3550961007E+00    0.2460292558E+01
   -13.76000000    0.3528650659E+00    0.2467349860E+01
   -13.74000000    0.3507087012E+00    0.2474364034E+01
   -13.72000000    0.3486197691E+00    0.2481336429E+01
   -13.70000000    0.3465919308E+00    0.2488268268E+01
   -13.68000000    0.3446196720E+00    0.2495160661E+01
   -13.66000000    0.3426983785E+00    0.2502014629E+01
   -13.64000000    0.3408241021E+00    0.2508831111E+01
   -13.62000000    0.3389932236E+00    0.2515610975E+01
   -13.60000000    0.3372024862E+00    0.2522355025E+01
   -13.58000000    0.3354491921E+00    0.2529064009E+01
   -13.56000000    0.3337310361E+00    0.2535738629E+01
   -13.54000000    0.3320457556E+00    0.2542379545E+01
   -13.52000000    0.3303911789E+00    0.2548987368E+01
   -13.50000000    0.3287655417E+00    0.2555562679E+01
   -13.48000000    0.3271674301E+00    0.2562106028E+01
   -13.46000000    0.3255954071E+00    0.2568617936E+01
   -13.44000000    0.3240479845E+00    0.2575098895E+01
   -13.42000000    0.3225239522E+00    0.2581549374E+01
   -13.40000000    0.3210223850E+00    0.2587969822E+01
   -13.38000000    0.3195422527E+00    0.2594360667E+01
   -13.36000000    0.3180823393E+00    0.2600722314E+01
   -13.34000000    0.3166416376E+00    0.2607055147E+01
   -13.32000000    0.3152195067E+00    0.2613359537E+01
   -13.30000000    0.3138153044E+00    0.2619635843E+01
   -13.28000000    0.3124281665E+00    0.2625884406E+01
   -13.26000000    0.3110573267E+00    0.2632105553E+01
   -13.24000000    0.3097023713E+00    0.2638299600E+01
   -13.22000000    0.3083629475E+00    0.2644466859E+01
   -13.20000000    0.3070384333E+00    0.2650607628E+01
   -13.18000000    0.3057281318E+00    0.2656722190E+01
   -13.16000000    0.3044316157E+00    0.2662810823E+01
   -13.14000000    0.3031486290E+00    0.2668873795E+01
   -13.12000000    0.3018787578E+00    0.2674911371E+01
   -13.10000000    0.3006214379E+00    0.2680923799E+01
   -13.08000000    0.2993762400E+00    0.2686911324E+01
   -13.06000000    0.2981429498E+00    0.2692874183E+01
   -13.04000000    0.2969213639E+00    0.2698812610E+01
   -13.02000000    0.2957111343E+00    0.2704726833E+01
   -13.00000000    0.2945118567E+00    0.2710617070E+01
   -12.98000000    0.2933233485E+00    0.2716483537E+01
   -12.96000000    0.2921460628E+00    0.2722326458E+01
   -12.94000000    0.2909818025E+00    0.2728146094E+01
   -12.92000000    0.2898355454E+00    0.2733942805E+01
   -12.90000000    0.2887201952E+00    0.2739717209E+01
   -12.88000000    0.2876664524E+00    0.2745470538E+01
   -12.86000000    0.2867389256E+00    0.2751205317E+01
   -12.84000000    0.2860573523E+00    0.2756926464E+01
   -12.82000000    0.2858179005E+00    0.2762642822E+01
   -12.80000000    0.2863027067E+00    0.2768368876E+01
   -12.78000000    0.2878589258E+00    0.2774126055E+01
   -12.76000000    0.2908313100E+00    0.2779942681E+01
   -12.74000000    0.2954523663E+00    0.2785851728E+01
   -12.72000000    0.3017244121E+00    0.2791886216E+01
   -12.70000000    0.3093475729E+00    0.2798073168E+01
   -12.68000000    0.3177392987E+00    0.2804427954E+01
   -12.66000000    0.3261544686E+00    0.2810951043E+01
   -12.64000000    0.3338681451E+00    0.2817628406E+01
   -12.62000000    0.3403502425E+00    0.2824435411E+01
   -12.60000000    0.3453631695E+00    0.2831342674E+01
   -12.58000000    0.3489528845E+00    0.2838321732E+01
   -12.56000000    0.3513579780E+00    0.2845348891E+01
   -12.54000000    0.3528939364E+00    0.2852406770E+01
   -12.52000000    0.3538618153E+00    0.2859484007E+01
   -12.50000000    0.3544987645E+00    0.2866573982E+01
   -12.48000000    0.3549637821E+00    0.2873673257E+01
   -12.46000000    0.3553472645E+00    0.2880780203E+01
   -12.44000000    0.3556941724E+00    0.2887894086E+01
   -12.42000000    0.3560276726E+00    0.2895014640E+01
   -12.40000000    0.3563610718E+00    0.2902141861E+01
   -12.38000000    0.3566983908E+00    0.2909275829E+01
   -12.36000000    0.3570357523E+00    0.2916416544E+01
   -12.34000000    0.3573702589E+00    0.2923563949E+01
   -12.32000000    0.3577072085E+00    0.2930718093E+01
   -12.30000000    0.3580545321E+00    0.2937879184E+01
   -12.28000000    0.3584106361E+00    0.2945047397E+01
   -12.26000000    0.3587637218E+00    0.2952222671E+01
   -12.24000000    0.3591069048E+00    0.2959404809E+01
   -12.22000000    0.3594501922E+00    0.2966593813E+01
   -12.20000000    0.3598107192E+00    0.2973790027E+01
   -12.18000000    0.3601901918E+00    0.2980993831E+01
   -12.16000000    0.3605684985E+00    0.2988205201E+01
   -12.14000000    0.3609258736E+00    0.2995423719E+01
   -12.12000000    0.3612696232E+00    0.3002649111E+01
   -12.10000000    0.3616307597E+00    0.3009881726E+01
   -12.08000000    0.3620289843E+00    0.3017122306E+01
   -12.06000000    0.3624452103E+00    0.3024371210E+01
   -12.04000000    0.3628380298E+00    0.3031627971E+01
   -12.02000000    0.3631909999E+00    0.3038891791E+01
   -12.00000000    0.3635369947E+00    0.3046162531E+01
   -11.98000000    0.3639263934E+00    0.3053441059E+01
   -11.96000000    0.3643699904E+00    0.3060728458E+01
   -11.94000000    0.3648214614E+00    0.3068024888E+01
   -11.92000000    0.3652239149E+00    0.3075329366E+01
   -11.90000000    0.3655727734E+00    0.3082640821E+01
   -11.88000000    0.3659255689E+00    0.3089959333E+01
   -11.86000000    0.3663447173E+00    0.3097286227E+01
   -11.84000000    0.3668314843E+00    0.3104622857E+01
   -11.82000000    0.3673202955E+00    0.3111969263E+01
   -11.80000000    0.3677417641E+00    0.3119324098E+01
   -11.78000000    0.3680934229E+00    0.3126685966E+01
   -11.76000000    0.3684475566E+00    0.3134054918E+01
   -11.74000000    0.3688845115E+00    0.3141432608E+01
   -11.72000000    0.3694124611E+00    0.3148820857E+01
   -11.70000000    0.3699524935E+00    0.3156219907E+01
   -11.68000000    0.3704099145E+00    0.3163628105E+01
   -11.66000000    0.3707683170E+00    0.3171043472E+01
   -11.64000000    0.3711135869E+00    0.3178465743E+01
   -11.62000000    0.3715567983E+00    0.3185896879E+01
   -11.60000000    0.3721248147E+00    0.3193339376E+01
   -11.58000000    0.3727264230E+00    0.3200793904E+01
   -11.56000000    0.3732341679E+00    0.3208258587E+01
   -11.54000000    0.3736084195E+00    0.3215730756E+01
   -11.52000000    0.3739428525E+00    0.3223209613E+01
   -11.50000000    0.3743810768E+00    0.3230697234E+01
   -11.48000000    0.3749787354E+00    0.3238196809E+01
   -11.46000000    0.3756436313E+00    0.3245709682E+01
   -11.44000000    0.3762174575E+00    0.3253234031E+01
   -11.42000000    0.3766269727E+00    0.3260766570E+01
   -11.40000000    0.3769597338E+00    0.3268305765E+01
   -11.38000000    0.3773860129E+00    0.3275853485E+01
   -11.36000000    0.3779967923E+00    0.3283413421E+01
   -11.34000000    0.3787136614E+00    0.3290987694E+01
   -11.32000000    0.3793605129E+00    0.3298574905E+01
   -11.30000000    0.3798300875E+00    0.3306171506E+01
   -11.28000000    0.3801857236E+00    0.3313775221E+01
   -11.26000000    0.3806018646E+00    0.3321387258E+01
   -11.24000000    0.3812015952E+00    0.3329011290E+01
   -11.22000000    0.3819442284E+00    0.3336650175E+01
   -11.20000000    0.3826646012E+00    0.3344303467E+01
   -11.18000000    0.3832241474E+00    0.3351967950E+01
   -11.16000000    0.3836352231E+00    0.3359640654E+01
   -11.14000000    0.3840486768E+00    0.3367321628E+01
   -11.12000000    0.3846181912E+00    0.3375013991E+01
   -11.10000000    0.3853630704E+00    0.3382721253E+01
   -11.08000000    0.3861513689E+00    0.3390444280E+01
   -11.06000000    0.3868182195E+00    0.3398180645E+01
   -11.04000000    0.3873134212E+00    0.3405926913E+01
   -11.02000000    0.3877458523E+00    0.3413681830E+01
   -11.00000000    0.3882855567E+00    0.3421447541E+01
   -10.98000000    0.3890126330E+00    0.3429227794E+01
   -10.96000000    0.3898476851E+00    0.3437024747E+01
   -10.94000000    0.3906229122E+00    0.3444837206E+01
   -10.92000000    0.3912290528E+00    0.3452661787E+01
   -10.90000000    0.3917108476E+00    0.3460496004E+01
   -10.88000000    0.3922299094E+00    0.3468340602E+01
   -10.86000000    0.3929253061E+00    0.3476199108E+01
   -10.84000000    0.3937892159E+00    0.3484074892E+01
   -10.82000000    0.3946678953E+00    0.3491968250E+01
   -10.80000000    0.3953952662E+00    0.3499876156E+01
   -10.78000000    0.3959459746E+00    0.3507795075E+01
   -10.76000000    0.3964658739E+00    0.3515724393E+01
   -10.74000000    0.3971422854E+00    0.3523667238E+01
   -10.72000000    0.3980285878E+00    0.3531627810E+01
   -10.70000000    0.3989899234E+00    0.3539607608E+01
   -10.68000000    0.3998272483E+00    0.3547604153E+01
   -10.66000000    0.4004652180E+00    0.3555613458E+01
   -10.64000000    0.4010245288E+00    0.3563633948E+01
   -10.62000000    0.4017084093E+00    0.3571668117E+01
   -10.60000000    0.4026110057E+00    0.3579720337E+01
   -10.58000000    0.4036297025E+00    0.3587792931E+01
   -10.56000000    0.4045635377E+00    0.3595884201E+01
   -10.54000000    0.4053032005E+00    0.3603990266E+01
   -10.52000000    0.4059327656E+00    0.3612108921E+01
   -10.50000000    0.4066482262E+00    0.3620241885E+01
   -10.48000000    0.4075714022E+00    0.3628393313E+01
   -10.46000000    0.4086361948E+00    0.3636566037E+01
   -10.44000000    0.4096545663E+00    0.3644759129E+01
   -10.42000000    0.4104976358E+00    0.3652969081E+01
   -10.40000000    0.4112172981E+00    0.3661193427E+01
   -10.38000000    0.4119926101E+00    0.3669433279E+01
   -10.36000000    0.4129558417E+00    0.3677692396E+01
   -10.34000000    0.4140680885E+00    0.3685973758E+01
   -10.32000000    0.4151621968E+00    0.3694277002E+01
   -10.30000000    0.4161066025E+00    0.3702599134E+01
   -10.28000000    0.4169299229E+00    0.3710937733E+01
   -10.26000000    0.4177889997E+00    0.3719293513E+01
   -10.24000000    0.4188150895E+00    0.3727669814E+01
   -10.22000000    0.4199878010E+00    0.3736069570E+01
   -10.20000000    0.4211581328E+00    0.3744492733E+01
   -10.18000000    0.4221977047E+00    0.3752936687E+01
   -10.16000000    0.4231267283E+00    0.3761399222E+01
   -10.14000000    0.4240916898E+00    0.3769881055E+01
   -10.12000000    0.4252144706E+00    0.3778385345E+01
   -10.10000000    0.4264685685E+00    0.3786914716E+01
   -10.08000000    0.4277114073E+00    0.3795468944E+01
   -10.06000000    0.4288364502E+00    0.3804045673E+01
   -10.04000000    0.4298820905E+00    0.3812643315E+01
   -10.02000000    0.4309849843E+00    0.3821263015E+01
   -10.00000000    0.4322351903E+00    0.3829907719E+01
    -9.98000000    0.4335915215E+00    0.3838579549E+01
    -9.96000000    0.4349453062E+00    0.3847278455E+01
    -9.94000000    0.4362676608E+00    0.3856003808E+01
    -9.92000000    0.4377057157E+00    0.3864757923E+01
    -9.90000000    0.4395693143E+00    0.3873549309E+01
    -9.88000000    0.4422783762E+00    0.3882394877E+01
    -9.86000000    0.4463811263E+00    0.3891322499E+01
    -9.84000000    0.4526554769E+00    0.3900375609E+01
    -9.82000000    0.4621607658E+00    0.3909618824E+01
    -9.80000000    0.4760677990E+00    0.3919140180E+01
    -9.78000000    0.4952330743E+00    0.3929044841E+01
    -9.76000000    0.5197019089E+00    0.3939438880E+01
    -9.74000000    0.5484328295E+00    0.3950407536E+01
    -9.72000000    0.5794266034E+00    0.3961996068E+01
    -9.70000000    0.6102064152E+00    0.3974200197E+01
    -9.68000000    0.6384221586E+00    0.3986968640E+01
    -9.66000000    0.6623467640E+00    0.4000215575E+01
    -9.64000000    0.6811407459E+00    0.4013838390E+01
    -9.62000000    0.6948674127E+00    0.4027735738E+01
    -9.60000000    0.7042971624E+00    0.4041821681E+01
    -9.58000000    0.7105731355E+00    0.4056033144E+01
    -9.56000000    0.7148470588E+00    0.4070330085E+01
    -9.54000000    0.7180099876E+00    0.4084690285E+01
    -9.52000000    0.7206014286E+00    0.4099102314E+01
    -9.50000000    0.7228873885E+00    0.4113560061E+01
    -9.48000000    0.7250094467E+00    0.4128060250E+01
    -9.46000000    0.7270878533E+00    0.4142602007E+01
    -9.44000000    0.7292280017E+00    0.4157186567E+01
    -9.42000000    0.7314747859E+00    0.4171816063E+01
    -9.40000000    0.7337973657E+00    0.4186492010E+01
    -9.38000000    0.7361369576E+00    0.4201214750E+01
    -9.36000000    0.7384728181E+00    0.4215984206E+01
    -9.34000000    0.7408421098E+00    0.4230801048E+01
    -9.32000000    0.7433014900E+00    0.4245667078E+01
    -9.30000000    0.7458756728E+00    0.4260584591E+01
    -9.28000000    0.7485411290E+00    0.4275555414E+01
    -9.26000000    0.7512525653E+00    0.4290580465E+01
    -9.24000000    0.7539850761E+00    0.4305660167E+01
    -9.22000000    0.7567589499E+00    0.4320795346E+01
    -9.20000000    0.7596276856E+00    0.4335987900E+01
    -9.18000000    0.7626344134E+00    0.4351240588E+01
    -9.16000000    0.7657713654E+00    0.4366556015E+01
    -9.14000000    0.7689852115E+00    0.4381935719E+01
    -9.12000000    0.7722328569E+00    0.4397380377E+01
    -9.10000000    0.7755347690E+00    0.4412891072E+01
    -9.08000000    0.7789648355E+00    0.4428470369E+01
    -9.06000000    0.7825807331E+00    0.4444121983E+01
    -9.04000000    0.7863683068E+00    0.4459849349E+01
    -9.02000000    0.7902625458E+00    0.4475654600E+01
    -9.00000000    0.7942240219E+00    0.4491539081E+01
    -8.98000000    0.7982888384E+00    0.4507504858E+01
    -8.96000000    0.8025403855E+00    0.4523555665E+01
    -8.94000000    0.8070350625E+00    0.4539696366E+01
    -8.92000000    0.8117592444E+00    0.4555931551E+01
    -8.90000000    0.8166587942E+00    0.4572264727E+01
    -8.88000000    0.8217088141E+00    0.4588698904E+01
    -8.86000000    0.8269541978E+00    0.4605237987E+01
    -8.84000000    0.8324830672E+00    0.4621887649E+01
    -8.82000000    0.8383618220E+00    0.4638654885E+01
    -8.80000000    0.8445973012E+00    0.4655546831E+01
    -8.78000000    0.8511628759E+00    0.4672570089E+01
    -8.76000000    0.8580607907E+00    0.4689731305E+01
    -8.74000000    0.8653593197E+00    0.4707038491E+01
    -8.72000000    0.8731733291E+00    0.4724501958E+01
    -8.70000000    0.8816151635E+00    0.4742134261E+01
    -8.68000000    0.8907684128E+00    0.4759949629E+01
    -8.66000000    0.9007111163E+00    0.4777963851E+01
    -8.64000000    0.9115718191E+00    0.4796195288E+01
    -8.62000000    0.9235818284E+00    0.4814666924E+01
    -8.60000000    0.9370968128E+00    0.4833408861E+01
    -8.58000000    0.9525810868E+00    0.4852460482E+01
    -8.56000000    0.9705584323E+00    0.4871871651E+01
    -8.54000000    0.9915246523E+00    0.4891702144E+01
    -8.52000000    0.1015795179E+01    0.4912018048E+01
    -8.50000000    0.1043255102E+01    0.4932883150E+01
    -8.48000000    0.1073028804E+01    0.4954343726E+01
    -8.46000000    0.1103195061E+01    0.4976407627E+01
    -8.44000000    0.1130768620E+01    0.4999022999E+01
    -8.42000000    0.1152137980E+01    0.5022065759E+01
    -8.40000000    0.1163943181E+01    0.5045344623E+01
    -8.38000000    0.1164093544E+01    0.5068626494E+01
    -8.36000000    0.1152464675E+01    0.5091675787E+01
    -8.34000000    0.1130926431E+01    0.5114294316E+01
    -8.32000000    0.1102695530E+01    0.5136348226E+01
    -8.30000000    0.1071351650E+01    0.5157775259E+01
    -8.28000000    0.1039970409E+01    0.5178574667E+01
    -8.26000000    0.1010661529E+01    0.5198787898E+01
    -8.24000000    0.9845205250E+00    0.5218478308E+01
    -8.22000000    0.9618235387E+00    0.5237714779E+01
    -8.20000000    0.9422962781E+00    0.5256560705E+01
    -8.18000000    0.9253788649E+00    0.5275068282E+01
    -8.16000000    0.9104625469E+00    0.5293277533E+01
    -8.14000000    0.8970626789E+00    0.5311218787E+01
    -8.12000000    0.8848807027E+00    0.5328916401E+01
    -8.10000000    0.8737507073E+00    0.5346391415E+01
    -8.08000000    0.8635366951E+00    0.5363662149E+01
    -8.06000000    0.8540722919E+00    0.5380743595E+01
    -8.04000000    0.8451833177E+00    0.5397647261E+01
    -8.02000000    0.8367518861E+00    0.5414382299E+01
    -8.00000000    0.8287461289E+00    0.5430957221E+01
    -7.98000000    0.8211816574E+00    0.5447380854E+01
    -7.96000000    0.8140522409E+00    0.5463661899E+01
    -7.94000000    0.8072952881E+00    0.5479807805E+01
    -7.92000000    0.8008193837E+00    0.5495824193E+01
    -7.90000000    0.7945609364E+00    0.5511715411E+01
    -7.88000000    0.7885146467E+00    0.5527485704E+01
    -7.86000000    0.7827128772E+00    0.5543139962E+01
    -7.84000000    0.7771766153E+00    0.5558683494E+01
    -7.82000000    0.7718822033E+00    0.5574121138E+01
    -7.80000000    0.7667703346E+00    0.5589456545E+01
    -7.78000000    0.7617869166E+00    0.5604692283E+01
    -7.76000000    0.7569198516E+00    0.5619830680E+01
    -7.74000000    0.7522000229E+00    0.5634874681E+01
    -7.72000000    0.7476646728E+00    0.5649827974E+01
    -7.70000000    0.7433139518E+00    0.5664694253E+01
    -7.68000000    0.7391000381E+00    0.5679476254E+01
    -7.66000000    0.7349622674E+00    0.5694175499E+01
    -7.64000000    0.7308790842E+00    0.5708793081E+01
    -7.62000000    0.7268865213E+00    0.5723330811E+01
    -7.60000000    0.7230398766E+00    0.5737791609E+01
    -7.58000000    0.7193520915E+00    0.5752178651E+01
    -7.56000000    0.7157721572E+00    0.5766494094E+01
    -7.54000000    0.7122305593E+00    0.5780738705E+01
    -7.52000000    0.7087073476E+00    0.5794912852E+01
    -7.50000000    0.7052500048E+00    0.5809017852E+01
    -7.48000000    0.7019200943E+00    0.5823056254E+01
    -7.46000000    0.6987253690E+00    0.5837030761E+01
    -7.44000000    0.6956099936E+00    0.5850942961E+01
    -7.42000000    0.6925116469E+00    0.5864793194E+01
    -7.40000000    0.6894230823E+00    0.5878581656E+01
    -7.38000000    0.6863945133E+00    0.5892309546E+01
    -7.36000000    0.6834779815E+00    0.5905979106E+01
    -7.34000000    0.6806730086E+00    0.5919592566E+01
    -7.32000000    0.6779270115E+00    0.5933151106E+01
    -7.30000000    0.6751867602E+00    0.5946654841E+01
    -7.28000000    0.6724481640E+00    0.5960103805E+01
    -7.26000000    0.6697560890E+00    0.5973498926E+01
    -7.24000000    0.6671562820E+00    0.5986842052E+01
    -7.22000000    0.6646483499E+00    0.6000135019E+01
    -7.20000000    0.6621866453E+00    0.6013378752E+01
    -7.18000000    0.6597268267E+00    0.6026573289E+01
    -7.16000000    0.6572694214E+00    0.6039718677E+01
    -7.14000000    0.6548560287E+00    0.6052815798E+01
    -7.12000000    0.6525240290E+00    0.6065866278E+01
    -7.10000000    0.6502681059E+00    0.6078871640E+01
    -7.08000000    0.6480472264E+00    0.6091832585E+01
    -7.06000000    0.6458268346E+00    0.6104749121E+01
    -7.04000000    0.6436113500E+00    0.6117621348E+01
    -7.02000000    0.6414358142E+00    0.6130450065E+01
    -7.00000000    0.6393286704E+00    0.6143236638E+01
    -6.98000000    0.6372841073E+00    0.6155982320E+01
    -6.96000000    0.6352691660E+00    0.6168687704E+01
    -6.94000000    0.6332560169E+00    0.6181352824E+01
    -6.92000000    0.6312477246E+00    0.6193977778E+01
    -6.90000000    0.6292738493E+00    0.6206563255E+01
    -6.88000000    0.6273605968E+00    0.6219110467E+01
    -6.86000000    0.6255039394E+00    0.6231620546E+01
    -6.84000000    0.6236722978E+00    0.6244093992E+01
    -6.82000000    0.6218376931E+00    0.6256530746E+01
    -6.80000000    0.6200048563E+00    0.6268930843E+01
    -6.78000000    0.6182070602E+00    0.6281294984E+01
    -6.76000000    0.6164706284E+00    0.6293624397E+01
    -6.74000000    0.6147850242E+00    0.6305920097E+01
    -6.72000000    0.6131124273E+00    0.6318182346E+01
    -6.70000000    0.6114285907E+00    0.6330410918E+01
    -6.68000000    0.6097503421E+00    0.6342605925E+01
    -6.66000000    0.6081174211E+00    0.6354768273E+01
    -6.64000000    0.6065471362E+00    0.6366899216E+01
    -6.62000000    0.6050130855E+00    0.6378999477E+01
    -6.60000000    0.6034740741E+00    0.6391068959E+01
    -6.58000000    0.6019217194E+00    0.6403107393E+01
    -6.56000000    0.6003911093E+00    0.6415115215E+01
    -6.54000000    0.5989198334E+00    0.6427093612E+01
    -6.52000000    0.5975023485E+00    0.6439043659E+01
    -6.50000000    0.5960951168E+00    0.6450965561E+01
    -6.48000000    0.5946685668E+00    0.6462858933E+01
    -6.46000000    0.5932436125E+00    0.6474723805E+01
    -6.44000000    0.5918666402E+00    0.6486561138E+01
    -6.42000000    0.5905519887E+00    0.6498372178E+01
    -6.40000000    0.5892631265E+00    0.6510157440E+01
    -6.38000000    0.5879574224E+00    0.6521916589E+01
    -6.36000000    0.5866395462E+00    0.6533649380E+01
    -6.34000000    0.5853559666E+00    0.6545356499E+01
    -6.32000000    0.5841363818E+00    0.6557039226E+01
    -6.30000000    0.5829557230E+00    0.6568698341E+01
    -6.28000000    0.5817653371E+00    0.6580333648E+01
    -6.26000000    0.5805543446E+00    0.6591944735E+01
    -6.24000000    0.5793634924E+00    0.6603532004E+01
    -6.22000000    0.5782338620E+00    0.6615096682E+01
    -6.20000000    0.5771551070E+00    0.6626639784E+01
    -6.18000000    0.5760781585E+00    0.6638161347E+01
    -6.16000000    0.5749762964E+00    0.6649660873E+01
    -6.14000000    0.5738785282E+00    0.6661138443E+01
    -6.12000000    0.5728340473E+00    0.6672595124E+01
    -6.10000000    0.5718515565E+00    0.6684032156E+01
    -6.08000000    0.5708879294E+00    0.6695449914E+01
    -6.06000000    0.5699004393E+00    0.6706847923E+01
    -6.04000000    0.5688992285E+00    0.6718225907E+01
    -6.02000000    0.5679358893E+00    0.6729584625E+01
    -6.00000000    0.5670412928E+00    0.6740925451E+01
    -5.98000000    0.5661877258E+00    0.6752249206E+01
    -5.96000000    0.5653215215E+00    0.6763555636E+01
    -5.94000000    0.5644274107E+00    0.6774844184E+01
    -5.92000000    0.5635475663E+00    0.6786115136E+01
    -5.90000000    0.5627324337E+00    0.6797369784E+01
    -5.88000000    0.5619813011E+00    0.6808609410E+01
    -5.86000000    0.5612424045E+00    0.6819834258E+01
    -5.84000000    0.5604727436E+00    0.6831043713E+01
    -5.82000000    0.5596886357E+00    0.6842237486E+01
    -5.80000000    0.5589484484E+00    0.6853416455E+01
    -5.78000000    0.5582862873E+00    0.6864582181E+01
    -5.76000000    0.5576719273E+00    0.6875735619E+01
    -5.74000000    0.5570438415E+00    0.6886876496E+01
    -5.72000000    0.5563796293E+00    0.6898004089E+01
    -5.70000000    0.5557239967E+00    0.6909118569E+01
    -5.68000000    0.5551403183E+00    0.6920221375E+01
    -5.66000000    0.5546385334E+00    0.6931314146E+01
    -5.64000000    0.5541616989E+00    0.6942397380E+01
    -5.62000000    0.5536493007E+00    0.6953470366E+01
    -5.60000000    0.5531074619E+00    0.6964532515E+01
    -5.58000000    0.5526052909E+00    0.6975584621E+01
    -5.56000000    0.5521986440E+00    0.6986628594E+01
    -5.54000000    0.5518662111E+00    0.6997665918E+01
    -5.52000000    0.5515315750E+00    0.7008696549E+01
    -5.50000000    0.5511488601E+00    0.7019719526E+01
    -5.48000000    0.5507565182E+00    0.7030734657E+01
    -5.46000000    0.5504374158E+00    0.7041743405E+01
    -5.44000000    0.5502276737E+00    0.7052747959E+01
    -5.42000000    0.5500754099E+00    0.7063749467E+01
    -5.40000000    0.5498970241E+00    0.7074747407E+01
    -5.38000000    0.5496707388E+00    0.7085740822E+01
    -5.36000000    0.5494640423E+00    0.7096730103E+01
    -5.34000000    0.5493626296E+00    0.7107717356E+01
    -5.32000000    0.5493770490E+00    0.7118704897E+01
    -5.30000000    0.5494299546E+00    0.7129693496E+01
    -5.28000000    0.5494402976E+00    0.7140682302E+01
    -5.26000000    0.5494141041E+00    0.7151670584E+01
    -5.24000000    0.5494418226E+00    0.7162659420E+01
    -5.22000000    0.5496021394E+00    0.7173651463E+01
    -5.20000000    0.5498738411E+00    0.7184648940E+01
    -5.18000000    0.5501486517E+00    0.7195651913E+01
    -5.16000000    0.5503250440E+00    0.7206658414E+01
    -5.14000000    0.5503657314E+00    0.7217665728E+01
    -5.12000000    0.5502261027E+00    0.7228670250E+01
    -5.10000000    0.5496861914E+00    0.7239663974E+01
    -5.08000000    0.5482191289E+00    0.7250628357E+01
    -5.06000000    0.5450076075E+00    0.7261528509E+01
    -5.04000000    0.5391080257E+00    0.7272310669E+01
    -5.02000000    0.5296773588E+00    0.7282904217E+01
    -5.00000000    0.5161908711E+00    0.7293228034E+01
    -4.98000000    0.4986389861E+00    0.7303200814E+01
    -4.96000000    0.4776967552E+00    0.7312754749E+01
    -4.94000000    0.4547879621E+00    0.7321850508E+01
    -4.92000000    0.4319161150E+00    0.7330488830E+01
    -4.90000000    0.4112153148E+00    0.7338713137E+01
    -4.88000000    0.3943649877E+00    0.7346600436E+01
    -4.86000000    0.3821550260E+00    0.7354243537E+01
    -4.84000000    0.3744321350E+00    0.7361732180E+01
    -4.82000000    0.3704209389E+00    0.7369140598E+01
    -4.80000000    0.3691801256E+00    0.7376524201E+01
    -4.78000000    0.3699138219E+00    0.7383922477E+01
    -4.76000000    0.3720302062E+00    0.7391363081E+01
    -4.74000000    0.3750571443E+00    0.7398864224E+01
    -4.72000000    0.3785966833E+00    0.7406436158E+01
    -4.70000000    0.3823870114E+00    0.7414083898E+01
    -4.68000000    0.3863806270E+00    0.7421811511E+01
    -4.66000000    0.3907112370E+00    0.7429625736E+01
    -4.64000000    0.3955403554E+00    0.7437536543E+01
    -4.62000000    0.4009143267E+00    0.7445554829E+01
    -4.60000000    0.4067687494E+00    0.7453690204E+01
    -4.58000000    0.4130769245E+00    0.7461951743E+01
    -4.56000000    0.4199955794E+00    0.7470351654E+01
    -4.54000000    0.4278654558E+00    0.7478908963E+01
    -4.52000000    0.4370743193E+00    0.7487650450E+01
    -4.50000000    0.4479279074E+00    0.7496609008E+01
    -4.48000000    0.4606487740E+00    0.7505821983E+01
    -4.46000000    0.4754512566E+00    0.7515331008E+01
    -4.44000000    0.4925027956E+00    0.7525181064E+01
    -4.42000000    0.5116432164E+00    0.7535413929E+01
    -4.40000000    0.5319708324E+00    0.7546053345E+01
    -4.38000000    0.5516084188E+00    0.7557085514E+01
    -4.36000000    0.5679270739E+00    0.7568444055E+01
    -4.34000000    0.5782261875E+00    0.7580008579E+01
    -4.32000000    0.5805567609E+00    0.7591619714E+01
    -4.30000000    0.5742814357E+00    0.7603105343E+01
    -4.28000000    0.5601511288E+00    0.7614308365E+01
    -4.26000000    0.5399733005E+00    0.7625107832E+01
    -4.24000000    0.5161107203E+00    0.7635430046E+01
    -4.22000000    0.4909975557E+00    0.7645249997E+01
    -4.20000000    0.4667220215E+00    0.7654584437E+01
    -4.18000000    0.4446841483E+00    0.7663478120E+01
    -4.16000000    0.4254168536E+00    0.7671986457E+01
    -4.14000000    0.4086994129E+00    0.7680160446E+01
    -4.12000000    0.3939564766E+00    0.7688039575E+01
    -4.10000000    0.3807075985E+00    0.7695653727E+01
    -4.08000000    0.3687622179E+00    0.7703028972E+01
    -4.06000000    0.3580710264E+00    0.7710190392E+01
    -4.04000000    0.3484615368E+00    0.7717159623E+01
    -4.02000000    0.3395735275E+00    0.7723951093E+01
    -4.00000000    0.3310655589E+00    0.7730572405E+01
    -3.98000000    0.3228509460E+00    0.7737029424E+01
    -3.96000000    0.3150873576E+00    0.7743331171E+01
    -3.94000000    0.3079230435E+00    0.7749489632E+01
    -3.92000000    0.3012754442E+00    0.7755515140E+01
    -3.90000000    0.2948784002E+00    0.7761412708E+01
    -3.88000000    0.2885346913E+00    0.7767183402E+01
    -3.86000000    0.2822909897E+00    0.7772829222E+01
    -3.84000000    0.2763493828E+00    0.7778356210E+01
    -3.82000000    0.2708219805E+00    0.7783772649E+01
    -3.80000000    0.2655969043E+00    0.7789084587E+01
    -3.78000000    0.2604503468E+00    0.7794293594E+01
    -3.76000000    0.2552716811E+00    0.7799399028E+01
    -3.74000000    0.2501585048E+00    0.7804402198E+01
    -3.72000000    0.2452904508E+00    0.7809308007E+01
    -3.70000000    0.2407270818E+00    0.7814122549E+01
    -3.68000000    0.2363441709E+00    0.7818849432E+01
    -3.66000000    0.2319649284E+00    0.7823488731E+01
    -3.64000000    0.2275377047E+00    0.7828039485E+01
    -3.62000000    0.2231739811E+00    0.7832502964E+01
    -3.60000000    0.2190168045E+00    0.7836883301E+01
    -3.58000000    0.2150859644E+00    0.7841185020E+01
    -3.56000000    0.2112602510E+00    0.7845410225E+01
    -3.54000000    0.2074059109E+00    0.7849558343E+01
    -3.52000000    0.2035100081E+00    0.7853628543E+01
    -3.50000000    0.1996816437E+00    0.7857622176E+01
    -3.48000000    0.1960282960E+00    0.7861542742E+01
    -3.46000000    0.1925420622E+00    0.7865393583E+01
    -3.44000000    0.1891118181E+00    0.7869175820E+01
    -3.42000000    0.1856407784E+00    0.7872888635E+01
    -3.40000000    0.1821420305E+00    0.7876531476E+01
    -3.38000000    0.1787152214E+00    0.7880105780E+01
    -3.36000000    0.1754358373E+00    0.7883614497E+01
    -3.34000000    0.1722765690E+00    0.7887060028E+01
    -3.32000000    0.1691398195E+00    0.7890442825E+01
    -3.30000000    0.1659608440E+00    0.7893762042E+01
    -3.28000000    0.1627704835E+00    0.7897017451E+01
    -3.26000000    0.1596550628E+00    0.7900210553E+01
    -3.24000000    0.1566614401E+00    0.7903343781E+01
    -3.22000000    0.1537492219E+00    0.7906418766E+01
    -3.20000000    0.1508368824E+00    0.7909435503E+01
    -3.18000000    0.1478878288E+00    0.7912393260E+01
    -3.16000000    0.1449440632E+00    0.7915292141E+01
    -3.14000000    0.1420755578E+00    0.7918133652E+01
    -3.12000000    0.1393037340E+00    0.7920919727E+01
    -3.10000000    0.1365810133E+00    0.7923651347E+01
    -3.08000000    0.1338443309E+00    0.7926328234E+01
    -3.06000000    0.1310814128E+00    0.7928949862E+01
    -3.04000000    0.1283389787E+00    0.7931516642E+01
    -3.02000000    0.1256680139E+00    0.7934030002E+01
    -3.00000000    0.1230683561E+00    0.7936491369E+01
    -2.98000000    0.1204915576E+00    0.7938901200E+01
    -2.96000000    0.1178950151E+00    0.7941259101E+01
    -2.94000000    0.1152860305E+00    0.7943564821E+01
    -2.92000000    0.1127093179E+00    0.7945819008E+01
    -2.90000000    0.1101953195E+00    0.7948022914E+01
    -2.88000000    0.1077277331E+00    0.7950177469E+01
    -2.86000000    0.1052639254E+00    0.7952282747E+01
    -2.84000000    0.1027823009E+00    0.7954338393E+01
    -2.82000000    0.1003032150E+00    0.7956344457E+01
    -2.80000000    0.9786264526E-01    0.7958301710E+01
    -2.78000000    0.9547095199E-01    0.7960211129E+01
    -2.76000000    0.9310300372E-01    0.7962073190E+01
    -2.74000000    0.9072801750E-01    0.7963887750E+01
    -2.72000000    0.8834312531E-01    0.7965654612E+01
    -2.70000000    0.8597336469E-01    0.7967374080E+01
    -2.68000000    0.8364085622E-01    0.7969046897E+01
    -2.66000000    0.8133990819E-01    0.7970673695E+01
    -2.64000000    0.7904528019E-01    0.7972254601E+01
    -2.62000000    0.7674157321E-01    0.7973789432E+01
    -2.60000000    0.7443892446E-01    0.7975278211E+01
    -2.58000000    0.7215848574E-01    0.7976721380E+01
    -2.56000000    0.6990683603E-01    0.7978119517E+01
    -2.54000000    0.6766944911E-01    0.7979472906E+01
    -2.52000000    0.6542884515E-01    0.7980781483E+01
    -2.50000000    0.6318421266E-01    0.7982045167E+01
    -2.48000000    0.6094987363E-01    0.7983264165E+01
    -2.46000000    0.5873662968E-01    0.7984438897E+01
    -2.44000000    0.5653929615E-01    0.7985569683E+01
    -2.42000000    0.5434402343E-01    0.7986656564E+01
    -2.40000000    0.5214468447E-01    0.7987699457E+01
    -2.38000000    0.4994841382E-01    0.7988698426E+01
    -2.36000000    0.4776519619E-01    0.7989653729E+01
    -2.34000000    0.4559540257E-01    0.7990565637E+01
    -2.32000000    0.4342997232E-01    0.7991434237E+01
    -2.30000000    0.4126160113E-01    0.7992259469E+01
    -2.28000000    0.3909258159E-01    0.7993041321E+01
    -2.26000000    0.3693037526E-01    0.7993779928E+01
    -2.24000000    0.3477749760E-01    0.7994475478E+01
    -2.22000000    0.3262849930E-01    0.7995128048E+01
    -2.20000000    0.3047699415E-01    0.7995737588E+01
    -2.18000000    0.2832309099E-01    0.7996304050E+01
    -2.16000000    0.2617205023E-01    0.7996827491E+01
    -2.14000000    0.2402697259E-01    0.7997308030E+01
    -2.12000000    0.2188586136E-01    0.7997745747E+01
    -2.10000000    0.1974731888E-01    0.7998140694E+01
    -2.08000000    0.1761848722E-01    0.7998493064E+01
    -2.06000000    0.1551780807E-01    0.7998803420E+01
    -2.04000000    0.1347396757E-01    0.7999072899E+01
    -2.02000000    0.1152790594E-01    0.7999303457E+01
    -2.00000000    0.9739110548E-02    0.7999498239E+01
    -1.98000000    0.8188382234E-02    0.7999662007E+01
    -1.96000000    0.6969253921E-02    0.7999801392E+01
    -1.94000000    0.6169678071E-02    0.7999924786E+01
    -1.92000000    0.5853237694E-02    0.8000041850E+01
    -1.90000000    0.6047296238E-02    0.8000162796E+01
    -1.88000000    0.6738948212E-02    0.8000297575E+01
    -1.86000000    0.7877243522E-02    0.8000455120E+01
    -1.84000000    0.9382419504E-02    0.8000642769E+01
    -1.82000000    0.1116261963E-01    0.8000866021E+01
    -1.80000000    0.1313296461E-01    0.8001128680E+01
    -1.78000000    0.1522777741E-01    0.8001433236E+01
    -1.76000000    0.1740141165E-01    0.8001781264E+01
    -1.74000000    0.1962266538E-01    0.8002173717E+01
    -1.72000000    0.2187106715E-01    0.8002611139E+01
    -1.70000000    0.2413680669E-01    0.8003093875E+01
    -1.68000000    0.2641908444E-01    0.8003622257E+01
    -1.66000000    0.2871987510E-01    0.8004196654E+01
    -1.64000000    0.3103797244E-01    0.8004817413E+01
    -1.62000000    0.3336969950E-01    0.8005484807E+01
    -1.60000000    0.3571460916E-01    0.8006199100E+01
    -1.58000000    0.3807770791E-01    0.8006960654E+01
    -1.56000000    0.4046425433E-01    0.8007769939E+01
    -1.54000000    0.4287364374E-01    0.8008627412E+01
    -1.52000000    0.4530100019E-01    0.8009533432E+01
    -1.50000000    0.4774515254E-01    0.8010488335E+01
    -1.48000000    0.5021250791E-01    0.8011492585E+01
    -1.46000000    0.5271083884E-01    0.8012546802E+01
    -1.44000000    0.5524036744E-01    0.8013651609E+01
    -1.42000000    0.5779424873E-01    0.8014807494E+01
    -1.40000000    0.6036908623E-01    0.8016014876E+01
    -1.38000000    0.6297228080E-01    0.8017274321E+01
    -1.36000000    0.6561559062E-01    0.8018586633E+01
    -1.34000000    0.6830186013E-01    0.8019952670E+01
    -1.32000000    0.7102224335E-01    0.8021373115E+01
    -1.30000000    0.7376920834E-01    0.8022848499E+01
    -1.28000000    0.7654974466E-01    0.8024379494E+01
    -1.26000000    0.7938085639E-01    0.8025967111E+01
    -1.24000000    0.8227108642E-01    0.8027612533E+01
    -1.22000000    0.8521111484E-01    0.8029316755E+01
    -1.20000000    0.8818721145E-01    0.8031080500E+01
    -1.18000000    0.9120257919E-01    0.8032904551E+01
    -1.16000000    0.9427934036E-01    0.8034790138E+01
    -1.14000000    0.9743613658E-01    0.8036738861E+01
    -1.12000000    0.1006677045E+00    0.8038752215E+01
    -1.10000000    0.1039533769E+00    0.8040831282E+01
    -1.08000000    0.1072870797E+00    0.8042977024E+01
    -1.06000000    0.1106926846E+00    0.8045190878E+01
    -1.04000000    0.1142031608E+00    0.8047474941E+01
    -1.02000000    0.1178259086E+00    0.8049831459E+01
    -1.00000000    0.1215370034E+00    0.8052262199E+01
    -0.98000000    0.1253153133E+00    0.8054768505E+01
    -0.96000000    0.1291781157E+00    0.8057352068E+01
    -0.94000000    0.1331733853E+00    0.8060015536E+01
    -0.92000000    0.1373332767E+00    0.8062762201E+01
    -0.90000000    0.1416427143E+00    0.8065595055E+01
    -0.88000000    0.1460645341E+00    0.8068516346E+01
    -0.86000000    0.1505968367E+00    0.8071528283E+01
    -0.84000000    0.1552950701E+00    0.8074634184E+01
    -0.82000000    0.1602272271E+00    0.8077838729E+01
    -0.80000000    0.1654100300E+00    0.8081146929E+01
    -0.78000000    0.1708034826E+00    0.8084562999E+01
    -0.76000000    0.1763781284E+00    0.8088090562E+01
    -0.74000000    0.1821809978E+00    0.8091734181E+01
    -0.72000000    0.1883191879E+00    0.8095500565E+01
    -0.70000000    0.1948727252E+00    0.8099398020E+01
    -0.68000000    0.2018375046E+00    0.8103434770E+01
    -0.66000000    0.2091736123E+00    0.8107618242E+01
    -0.64000000    0.2169129711E+00    0.8111956501E+01
    -0.62000000    0.2252033557E+00    0.8116460569E+01
    -0.60000000    0.2342336139E+00    0.8121145241E+01
    -0.58000000    0.2441278528E+00    0.8126027798E+01
    -0.56000000    0.2549451959E+00    0.8131126702E+01
    -0.54000000    0.2668098194E+00    0.8136462898E+01
    -0.52000000    0.2800499311E+00    0.8142063897E+01
    -0.50000000    0.2952187693E+00    0.8147968272E+01
    -0.48000000    0.3130133504E+00    0.8154228539E+01
    -0.46000000    0.3342198378E+00    0.8160912936E+01
    -0.44000000    0.3597451694E+00    0.8168107839E+01
    -0.42000000    0.3906050405E+00    0.8175919940E+01
    -0.40000000    0.4276483742E+00    0.8184472908E+01
    -0.38000000    0.4709480602E+00    0.8193891869E+01
    -0.36000000    0.5190848347E+00    0.8204273566E+01
    -0.34000000    0.5687545580E+00    0.8215648657E+01
    -0.32000000    0.6150612470E+00    0.8227949882E+01
    -0.30000000    0.6525410365E+00    0.8241000702E+01
    -0.28000000    0.6765852784E+00    0.8254532408E+01
    -0.26000000    0.6847131336E+00    0.8268226671E+01
    -0.24000000    0.6772000854E+00    0.8281770672E+01
    -0.22000000    0.6568543097E+00    0.8294907759E+01
    -0.20000000    0.6280857238E+00    0.8307469473E+01
    -0.18000000    0.5956595725E+00    0.8319382664E+01
    -0.16000000    0.5635800182E+00    0.8330654265E+01
    -0.14000000    0.5344298686E+00    0.8341342862E+01
    -0.12000000    0.5092805671E+00    0.8351528474E+01
    -0.10000000    0.4880671488E+00    0.8361289817E+01
    -0.08000000    0.4701688177E+00    0.8370693193E+01
    -0.06000000    0.4549050702E+00    0.8379791294E+01
    -0.04000000    0.4417665256E+00    0.8388626625E+01
    -0.02000000    0.4303894130E+00    0.8397234413E+01
    -0.00000000    0.4204326435E+00    0.8405643066E+01
     0.02000000    0.4115276894E+00    0.8413873620E+01
     0.04000000    0.4033512725E+00    0.8421940645E+01
     0.06000000    0.3957320519E+00    0.8429855286E+01
     0.08000000    0.3886670168E+00    0.8437628627E+01
     0.10000000    0.3822141568E+00    0.8445272910E+01
     0.12000000    0.3763516416E+00    0.8452799943E+01
     0.14000000    0.3709299659E+00    0.8460218542E+01
     0.16000000    0.3657581200E+00    0.8467533704E+01
     0.18000000    0.3607396507E+00    0.8474748497E+01
     0.20000000    0.3559281713E+00    0.8481867061E+01
     0.22000000    0.3514479260E+00    0.8488896019E+01
     0.24000000    0.3473518067E+00    0.8495843055E+01
     0.26000000    0.3435482321E+00    0.8502714020E+01
     0.28000000    0.3398648726E+00    0.8509511317E+01
     0.30000000    0.3361905826E+00    0.8516235129E+01
     0.32000000    0.3325643901E+00    0.8522886417E+01
     0.34000000    0.3291287039E+00    0.8529468991E+01
     0.36000000    0.3259883872E+00    0.8535988759E+01
     0.38000000    0.3231038399E+00    0.8542450835E+01
     0.40000000    0.3203158583E+00    0.8548857153E+01
     0.42000000    0.3174806147E+00    0.8555206765E+01
     0.44000000    0.3145930899E+00    0.8561498627E+01
     0.46000000    0.3117871066E+00    0.8567734369E+01
     0.48000000    0.3092107902E+00    0.8573918585E+01
     0.50000000    0.3068882377E+00    0.8580056349E+01
     0.52000000    0.3046911445E+00    0.8586150172E+01
     0.54000000    0.3024466414E+00    0.8592199105E+01
     0.56000000    0.3000864834E+00    0.8598200835E+01
     0.58000000    0.2977054708E+00    0.8604154944E+01
     0.60000000    0.2954765579E+00    0.8610064475E+01
     0.62000000    0.2934962751E+00    0.8615934401E+01
     0.64000000    0.2916957947E+00    0.8621768317E+01
     0.66000000    0.2898961414E+00    0.8627566240E+01
     0.68000000    0.2879605163E+00    0.8633325450E+01
     0.70000000    0.2859118456E+00    0.8639043687E+01
     0.72000000    0.2839130759E+00    0.8644721948E+01
     0.74000000    0.2821260235E+00    0.8650364469E+01
     0.76000000    0.2805696895E+00    0.8655975863E+01
     0.78000000    0.2791001580E+00    0.8661557866E+01
     0.80000000    0.2775303267E+00    0.8667108472E+01
     0.82000000    0.2757880062E+00    0.8672624232E+01
     0.84000000    0.2739777623E+00    0.8678103788E+01
     0.86000000    0.2722931274E+00    0.8683549650E+01
     0.88000000    0.2708523500E+00    0.8688966697E+01
     0.90000000    0.2695959977E+00    0.8694358617E+01
     0.92000000    0.2683335420E+00    0.8699725288E+01
     0.94000000    0.2669010642E+00    0.8705063309E+01
     0.96000000    0.2652983568E+00    0.8710369276E+01
     0.98000000    0.2636902775E+00    0.8715643082E+01
     1.00000000    0.2622703750E+00    0.8720888490E+01
     1.02000000    0.2610994382E+00    0.8726110478E+01
     1.04000000    0.2600525757E+00    0.8731311530E+01
     1.06000000    0.2589193226E+00    0.8736489916E+01
     1.08000000    0.2575756563E+00    0.8741641429E+01
     1.10000000    0.2560871135E+00    0.8746763172E+01
     1.12000000    0.2546577492E+00    0.8751856327E+01
     1.14000000    0.2534665333E+00    0.8756925657E+01
     1.16000000    0.2525276783E+00    0.8761976211E+01
     1.18000000    0.2516963864E+00    0.8767010139E+01
     1.20000000    0.2508298388E+00    0.8772026735E+01
     1.22000000    0.2499971047E+00    0.8777026677E+01
     1.24000000    0.2496021418E+00    0.8782018720E+01
     1.26000000    0.2503561922E+00    0.8787025844E+01
     1.28000000    0.2531415940E+00    0.8792088676E+01
     1.30000000    0.2588583943E+00    0.8797265844E+01
     1.32000000    0.2683029042E+00    0.8802631902E+01
     1.34000000    0.2820446935E+00    0.8808272796E+01
     1.36000000    0.3002401940E+00    0.8814277600E+01
     1.38000000    0.3223948586E+00    0.8820725497E+01
     1.40000000    0.3472045715E+00    0.8827669588E+01
     1.42000000    0.3726500041E+00    0.8835122588E+01
     1.44000000    0.3964141873E+00    0.8843050872E+01
     1.46000000    0.4164986778E+00    0.8851380846E+01
     1.48000000    0.4317677239E+00    0.8860016200E+01
     1.50000000    0.4421631744E+00    0.8868859464E+01
     1.52000000    0.4485026775E+00    0.8877829517E+01
     1.54000000    0.4519931593E+00    0.8886869380E+01
     1.56000000    0.4537265314E+00    0.8895943911E+01
     1.58000000    0.4543981317E+00    0.8905031874E+01
     1.60000000    0.4543265202E+00    0.8914118404E+01
     1.62000000    0.4536666362E+00    0.8923191737E+01
     1.64000000    0.4526169692E+00    0.8932244076E+01
     1.66000000    0.4514721053E+00    0.8941273518E+01
     1.68000000    0.4505122665E+00    0.8950283764E+01
     1.70000000    0.4498462916E+00    0.8959280689E+01
     1.72000000    0.4493517502E+00    0.8968267724E+01
     1.74000000    0.4487749312E+00    0.8977243223E+01
     1.76000000    0.4479262312E+00    0.8986201748E+01
     1.78000000    0.4468272229E+00    0.8995138292E+01
     1.80000000    0.4456969978E+00    0.9004052232E+01
     1.82000000    0.4447869324E+00    0.9012947971E+01
     1.84000000    0.4441901510E+00    0.9021831774E+01
     1.86000000    0.4437708018E+00    0.9030707190E+01
     1.88000000    0.4432652570E+00    0.9039572495E+01
     1.90000000    0.4424779807E+00    0.9048422055E+01
     1.92000000    0.4414269390E+00    0.9057250593E+01
     1.94000000    0.4403322109E+00    0.9066057238E+01
     1.96000000    0.4394551780E+00    0.9074846341E+01
     1.98000000    0.4389044641E+00    0.9083624430E+01
     2.00000000    0.4385521133E+00    0.9092395473E+01
     2.02000000    0.4381254815E+00    0.9101157982E+01
     2.04000000    0.4374091640E+00    0.9109906166E+01
     2.06000000    0.4364058961E+00    0.9118634284E+01
     2.08000000    0.4353351824E+00    0.9127340987E+01
     2.10000000    0.4344715827E+00    0.9136030419E+01
     2.12000000    0.4339438519E+00    0.9144709296E+01
     2.14000000    0.4336415319E+00    0.9153382127E+01
     2.16000000    0.4332947272E+00    0.9162048021E+01
     2.18000000    0.4326697933E+00    0.9170701417E+01
     2.20000000    0.4317442773E+00    0.9179336302E+01
     2.22000000    0.4307407638E+00    0.9187951118E+01
     2.24000000    0.4300024920E+00    0.9196551168E+01
     2.26000000    0.4298162901E+00    0.9205147493E+01
     2.28000000    0.4303400724E+00    0.9213754295E+01
     2.30000000    0.4317226919E+00    0.9222388749E+01
     2.32000000    0.4343520254E+00    0.9231075789E+01
     2.34000000    0.4390416568E+00    0.9239856622E+01
     2.36000000    0.4469650332E+00    0.9248795923E+01
     2.38000000    0.4592807098E+00    0.9257981537E+01
     2.40000000    0.4765844063E+00    0.9267513225E+01
     2.42000000    0.4984578998E+00    0.9277482383E+01
     2.44000000    0.5233749693E+00    0.9287949883E+01
     2.46000000    0.5490589872E+00    0.9298931062E+01
     2.48000000    0.5731463843E+00    0.9310393990E+01
     2.50000000    0.5938398691E+00    0.9322270787E+01
     2.52000000    0.6102536406E+00    0.9334475860E+01
     2.54000000    0.6223531291E+00    0.9346922923E+01
     2.56000000    0.6306307859E+00    0.9359535539E+01
     2.58000000    0.6357687481E+00    0.9372250914E+01
     2.60000000    0.6384637173E+00    0.9385020188E+01
     2.62000000    0.6394206708E+00    0.9397808601E+01
     2.64000000    0.6394026621E+00    0.9410596655E+01
     2.66000000    0.6392273456E+00    0.9423381201E+01
     2.68000000    0.6396928835E+00    0.9436175059E+01
     2.70000000    0.6415051160E+00    0.9449005161E+01
     2.72000000    0.6452885633E+00    0.9461910933E+01
     2.74000000    0.6516831919E+00    0.9474944597E+01
     2.76000000    0.6614177930E+00    0.9488172952E+01
     2.78000000    0.6752108105E+00    0.9501677169E+01
     2.80000000    0.6934453785E+00    0.9515546076E+01
     2.82000000    0.7157524715E+00    0.9529861126E+01
     2.84000000    0.7407714723E+00    0.9544676555E+01
     2.86000000    0.7663124948E+00    0.9560002805E+01
     2.88000000    0.7899246607E+00    0.9575801298E+01
     2.90000000    0.8096262088E+00    0.9591993822E+01
     2.92000000    0.8244481529E+00    0.9608482785E+01
     2.94000000    0.8345481162E+00    0.9625173748E+01
     2.96000000    0.8408867373E+00    0.9641991483E+01
     2.98000000    0.8446769378E+00    0.9658885021E+01
     3.00000000    0.8468991440E+00    0.9675823004E+01
     3.02000000    0.8480948764E+00    0.9692784902E+01
     3.04000000    0.8484667862E+00    0.9709754237E+01
     3.06000000    0.8481364989E+00    0.9726716967E+01
     3.08000000    0.8473464750E+00    0.9743663897E+01
     3.10000000    0.8464709388E+00    0.9760593316E+01
     3.12000000    0.8458579985E+00    0.9777510476E+01
     3.14000000    0.8456441015E+00    0.9794423358E+01
     3.16000000    0.8456871319E+00    0.9811337100E+01
     3.18000000    0.8456710189E+00    0.9828250521E+01
     3.20000000    0.8453179880E+00    0.9845156880E+01
     3.22000000    0.8445754492E+00    0.9862048389E+01
     3.24000000    0.8436564659E+00    0.9878921519E+01
     3.26000000    0.8429010281E+00    0.9895779539E+01
     3.28000000    0.8425449990E+00    0.9912630439E+01
     3.30000000    0.8425555875E+00    0.9929481551E+01
     3.32000000    0.8426526139E+00    0.9946334603E+01
     3.34000000    0.8425017356E+00    0.9963184638E+01
     3.36000000    0.8419412476E+00    0.9980023463E+01
     3.38000000    0.8410862116E+00    0.9996845187E+01
     3.40000000    0.8402474958E+00    0.1001365014E+02
     3.42000000    0.8397274247E+00    0.1003044469E+02
     3.44000000    0.8396240629E+00    0.1004723717E+02
     3.46000000    0.8397647037E+00    0.1006403246E+02
     3.48000000    0.8398132792E+00    0.1008082873E+02
     3.50000000    0.8394912506E+00    0.1009761855E+02
     3.52000000    0.8387698782E+00    0.1011439395E+02
     3.54000000    0.8378963784E+00    0.1013115188E+02
     3.56000000    0.8372264416E+00    0.1014789641E+02
     3.58000000    0.8369794140E+00    0.1016463599E+02
     3.60000000    0.8370919467E+00    0.1018137783E+02
     3.62000000    0.8372686922E+00    0.1019812321E+02
     3.64000000    0.8371831892E+00    0.1021486687E+02
     3.66000000    0.8366873236E+00    0.1023160062E+02
     3.68000000    0.8359002267E+00    0.1024831862E+02
     3.70000000    0.8351321364E+00    0.1026502126E+02
     3.72000000    0.8346914251E+00    0.1028171509E+02
     3.74000000    0.8346857602E+00    0.1029840881E+02
     3.76000000    0.8349412994E+00    0.1031510763E+02
     3.78000000    0.8351063634E+00    0.1033180976E+02
     3.80000000    0.8348868435E+00    0.1034850750E+02
     3.82000000    0.8342539479E+00    0.1036519258E+02
     3.84000000    0.8334686940E+00    0.1038186195E+02
     3.86000000    0.8328998577E+00    0.1039851995E+02
     3.88000000    0.8327698520E+00    0.1041517534E+02
     3.90000000    0.8330122132E+00    0.1043183559E+02
     3.92000000    0.8333302706E+00    0.1044850219E+02
     3.94000000    0.8333991116E+00    0.1046517018E+02
     3.96000000    0.8330691265E+00    0.1048183156E+02
     3.98000000    0.8324504453E+00    0.1049848057E+02
     4.00000000    0.8318413399E+00    0.1051511740E+02
     4.02000000    0.8315485270E+00    0.1053174837E+02
     4.04000000    0.8316994050E+00    0.1054838235E+02
     4.06000000    0.8321542323E+00    0.1056502544E+02
     4.08000000    0.8325817799E+00    0.1058167707E+02
     4.10000000    0.8326693592E+00    0.1059833046E+02
     4.12000000    0.8323403828E+00    0.1061497727E+02
     4.14000000    0.8318244940E+00    0.1063161376E+02
     4.16000000    0.8315128710E+00    0.1064824402E+02
     4.18000000    0.8316890632E+00    0.1066487780E+02
     4.20000000    0.8323306585E+00    0.1068152441E+02
     4.22000000    0.8331318379E+00    0.1069818705E+02
     4.24000000    0.8337287395E+00    0.1071486162E+02
     4.26000000    0.8339565372E+00    0.1073154075E+02
     4.28000000    0.8339540506E+00    0.1074821983E+02
     4.30000000    0.8340587810E+00    0.1076490101E+02
     4.32000000    0.8345880771E+00    0.1078159277E+02
     4.34000000    0.8356627293E+00    0.1079830603E+02
     4.36000000    0.8371732620E+00    0.1081504949E+02
     4.38000000    0.8388847462E+00    0.1083182719E+02
     4.40000000    0.8406056264E+00    0.1084863930E+02
     4.42000000    0.8423368720E+00    0.1086548604E+02
     4.44000000    0.8443414261E+00    0.1088237286E+02
     4.46000000    0.8471005050E+00    0.1089931487E+02
     4.48000000    0.8511576573E+00    0.1091633803E+02
     4.50000000    0.8569069447E+00    0.1093347617E+02
     4.52000000    0.8644300222E+00    0.1095076477E+02
     4.54000000    0.8734672792E+00    0.1096823411E+02
     4.56000000    0.8835064803E+00    0.1098590424E+02
     4.58000000    0.8938737251E+00    0.1100378172E+02
     4.60000000    0.9037303062E+00    0.1102185632E+02
     4.62000000    0.9120194790E+00    0.1104009671E+02
     4.64000000    0.9175251405E+00    0.1105844722E+02
     4.66000000    0.9191482903E+00    0.1107683018E+02
     4.68000000    0.9162978556E+00    0.1109515614E+02
     4.70000000    0.9091291706E+00    0.1111333872E+02
     4.72000000    0.8984264446E+00    0.1113130725E+02
     4.74000000    0.8851842856E+00    0.1114901094E+02
     4.76000000    0.8701781383E+00    0.1116641450E+02
     4.78000000    0.8538259955E+00    0.1118349102E+02
     4.80000000    0.8364344232E+00    0.1120021971E+02
     4.82000000    0.8186681228E+00    0.1121659307E+02
     4.84000000    0.8019653550E+00    0.1123263238E+02
     4.86000000    0.7886830971E+00    0.1124840604E+02
     4.88000000    0.7818997553E+00    0.1126404403E+02
     4.90000000    0.7849108652E+00    0.1127974225E+02
     4.92000000    0.8004912717E+00    0.1129575208E+02
     4.94000000    0.8300280823E+00    0.1131235264E+02
     4.96000000    0.8727206028E+00    0.1132980705E+02
     4.98000000    0.9251670361E+00    0.1134831039E+02
     5.00000000    0.9816751441E+00    0.1136794389E+02
     5.02000000    0.1035417976E+01    0.1138865225E+02
     5.04000000    0.1080145043E+01    0.1141025515E+02
     5.06000000    0.1111793961E+01    0.1143249103E+02
     5.08000000    0.1129311247E+01    0.1145507726E+02
     5.10000000    0.1134371152E+01    0.1147776468E+02
     5.12000000    0.1130258990E+01    0.1150036986E+02
     5.14000000    0.1120575804E+01    0.1152278138E+02
     5.16000000    0.1108368784E+01    0.1154494875E+02
     5.18000000    0.1095875301E+01    0.1156686626E+02
     5.20000000    0.1084634109E+01    0.1158855894E+02
     5.22000000    0.1075591759E+01    0.1161007078E+02
     5.24000000    0.1069054339E+01    0.1163145186E+02
     5.26000000    0.1064642449E+01    0.1165274471E+02
     5.28000000    0.1061489060E+01    0.1167397449E+02
     5.30000000    0.1058703990E+01    0.1169514857E+02
     5.32000000    0.1055841123E+01    0.1171626540E+02
     5.34000000    0.1053041606E+01    0.1173732623E+02
     5.36000000    0.1050763128E+01    0.1175834149E+02
     5.38000000    0.1049328228E+01    0.1177932805E+02
     5.40000000    0.1048644616E+01    0.1180030095E+02
     5.42000000    0.1048278427E+01    0.1182126652E+02
     5.44000000    0.1047770943E+01    0.1184222193E+02
     5.46000000    0.1046931242E+01    0.1186316056E+02
     5.48000000    0.1045909235E+01    0.1188407874E+02
     5.50000000    0.1045048156E+01    0.1190497971E+02
     5.52000000    0.1044659326E+01    0.1192587289E+02
     5.54000000    0.1044877033E+01    0.1194677043E+02
     5.56000000    0.1045682379E+01    0.1196768408E+02
     5.58000000    0.1047106560E+01    0.1198862621E+02
     5.60000000    0.1049558892E+01    0.1200961739E+02
     5.62000000    0.1054160254E+01    0.1203070060E+02
     5.64000000    0.1062913350E+01    0.1205195886E+02
     5.66000000    0.1078556851E+01    0.1207353000E+02
     5.68000000    0.1104052605E+01    0.1209561105E+02
     5.70000000    0.1141794894E+01    0.1211844695E+02
     5.72000000    0.1192733054E+01    0.1214230161E+02
     5.74000000    0.1255637146E+01    0.1216741435E+02
     5.76000000    0.1326738625E+01    0.1219394913E+02
     5.78000000    0.1399956723E+01    0.1222194826E+02
     5.80000000    0.1467830106E+01    0.1225130486E+02
     5.82000000    0.1523061247E+01    0.1228176609E+02
     5.84000000    0.1560291189E+01    0.1231297191E+02
     5.86000000    0.1577515701E+01    0.1234452223E+02
     5.88000000    0.1576604831E+01    0.1237605432E+02
     5.90000000    0.1562728175E+01    0.1240730889E+02
     5.92000000    0.1542940268E+01    0.1243816769E+02
     5.94000000    0.1524467135E+01    0.1246865703E+02
     5.96000000    0.1513199589E+01    0.1249892103E+02
     5.98000000    0.1512642593E+01    0.1252917388E+02
     6.00000000    0.1523353679E+01    0.1255964095E+02
     6.02000000    0.1542886607E+01    0.1259049868E+02
     6.04000000    0.1566336416E+01    0.1262182541E+02
     6.06000000    0.1587519047E+01    0.1265357579E+02
     6.08000000    0.1600529411E+01    0.1268558638E+02
     6.10000000    0.1601117932E+01    0.1271760874E+02
     6.12000000    0.1587327085E+01    0.1274935528E+02
     6.14000000    0.1559229218E+01    0.1278053987E+02
     6.16000000    0.1518138179E+01    0.1281090263E+02
     6.18000000    0.1465919493E+01    0.1284022102E+02
     6.20000000    0.1404803813E+01    0.1286831710E+02
     6.22000000    0.1337609539E+01    0.1289506929E+02
     6.24000000    0.1267914893E+01    0.1292042758E+02
     6.26000000    0.1199772349E+01    0.1294442303E+02
     6.28000000    0.1136959109E+01    0.1296716221E+02
     6.30000000    0.1082156257E+01    0.1298880534E+02
     6.32000000    0.1036520283E+01    0.1300953574E+02
     6.34000000    0.9998235911E+00    0.1302953222E+02
     6.36000000    0.9709649836E+00    0.1304895152E+02
     6.38000000    0.9484965027E+00    0.1306792145E+02
     6.40000000    0.9309536666E+00    0.1308654052E+02
     6.42000000    0.9170153080E+00    0.1310488082E+02
     6.44000000    0.9056133648E+00    0.1312299309E+02
     6.46000000    0.8960172198E+00    0.1314091344E+02
     6.48000000    0.8878048499E+00    0.1315866953E+02
     6.50000000    0.8806791338E+00    0.1317628312E+02
     6.52000000    0.8742579300E+00    0.1319376827E+02
     6.54000000    0.8680490560E+00    0.1321112926E+02
     6.56000000    0.8616737842E+00    0.1322836273E+02
     6.58000000    0.8551399048E+00    0.1324546553E+02
     6.60000000    0.8488635461E+00    0.1326244280E+02
     6.62000000    0.8433398997E+00    0.1327930960E+02
     6.64000000    0.8387006201E+00    0.1329608361E+02
     6.66000000    0.8345422292E+00    0.1331277446E+02
     6.68000000    0.8302029510E+00    0.1332937851E+02
     6.70000000    0.8252786071E+00    0.1334588409E+02
     6.72000000    0.8199508495E+00    0.1336228310E+02
     6.74000000    0.8148499735E+00    0.1337858010E+02
     6.76000000    0.8105588016E+00    0.1339479128E+02
     6.78000000    0.8071546929E+00    0.1341093437E+02
     6.80000000    0.8041490765E+00    0.1342701735E+02
     6.82000000    0.8008630171E+00    0.1344303461E+02
     6.84000000    0.7969381359E+00    0.1345897338E+02
     6.86000000    0.7925874975E+00    0.1347482513E+02
     6.88000000    0.7884041533E+00    0.1349059321E+02
     6.90000000    0.7848927174E+00    0.1350629107E+02
     6.92000000    0.7820980600E+00    0.1352193303E+02
     6.94000000    0.7796122444E+00    0.1353752527E+02
     6.96000000    0.7769262670E+00    0.1355306380E+02
     6.98000000    0.7738195264E+00    0.1356854019E+02
     7.00000000    0.7704734911E+00    0.1358394966E+02
     7.02000000    0.7672512982E+00    0.1359929468E+02
     7.04000000    0.7643708243E+00    0.1361458210E+02
     7.06000000    0.7617657620E+00    0.1362981741E+02
     7.08000000    0.7592307990E+00    0.1364500203E+02
     7.10000000    0.7566748774E+00    0.1366013553E+02
     7.12000000    0.7542135077E+00    0.1367521980E+02
     7.14000000    0.7520019659E+00    0.1369025984E+02
     7.16000000    0.7499838735E+00    0.1370525952E+02
     7.18000000    0.7478395069E+00    0.1372021631E+02
     7.20000000    0.7452435193E+00    0.1373512118E+02
     7.22000000    0.7422297594E+00    0.1374996577E+02
     7.24000000    0.7393061267E+00    0.1376475189E+02
     7.26000000    0.7371362736E+00    0.1377949462E+02
     7.28000000    0.7359839357E+00    0.1379421430E+02
     7.30000000    0.7353740995E+00    0.1380892178E+02
     7.32000000    0.7343150298E+00    0.1382360808E+02
     7.34000000    0.7319983803E+00    0.1383824805E+02
     7.36000000    0.7284786891E+00    0.1385281762E+02
     7.38000000    0.7247773510E+00    0.1386731317E+02
     7.40000000    0.7222452056E+00    0.1388175807E+02
     7.42000000    0.7215847356E+00    0.1389618977E+02
     7.44000000    0.7222438949E+00    0.1391063465E+02
     7.46000000    0.7226811415E+00    0.1392508827E+02
     7.48000000    0.7213867068E+00    0.1393951600E+02
     7.50000000    0.7179698280E+00    0.1395387540E+02
     7.52000000    0.7135241302E+00    0.1396814588E+02
     7.54000000    0.7099625071E+00    0.1398234513E+02
     7.56000000    0.7087393149E+00    0.1399651992E+02
     7.58000000    0.7098294803E+00    0.1401071651E+02
     7.60000000    0.7116807663E+00    0.1402495012E+02
     7.62000000    0.7121986380E+00    0.1403919410E+02
     7.64000000    0.7101190420E+00    0.1405339648E+02
     7.66000000    0.7058569441E+00    0.1406751362E+02
     7.68000000    0.7012657701E+00    0.1408153893E+02
     7.70000000    0.6984638651E+00    0.1409550821E+02
     7.72000000    0.6984915956E+00    0.1410947804E+02
     7.74000000    0.7006581905E+00    0.1412349120E+02
     7.76000000    0.7029761941E+00    0.1413755073E+02
     7.78000000    0.7033869429E+00    0.1415161847E+02
     7.80000000    0.7010063897E+00    0.1416563859E+02
     7.82000000    0.6966436149E+00    0.1417957147E+02
     7.84000000    0.6923090081E+00    0.1419341765E+02
     7.86000000    0.6900267121E+00    0.1420721818E+02
     7.88000000    0.6906507729E+00    0.1422103120E+02
     7.90000000    0.6933637891E+00    0.1423489847E+02
     7.92000000    0.6961430655E+00    0.1424882133E+02
     7.94000000    0.6969308719E+00    0.1426275995E+02
     7.96000000    0.6948390494E+00    0.1427665673E+02
     7.98000000    0.6906852952E+00    0.1429047044E+02
     8.00000000    0.6865340734E+00    0.1430420112E+02
     8.02000000    0.6844961693E+00    0.1431789104E+02
     8.04000000    0.6854873760E+00    0.1433160079E+02
     8.06000000    0.6886840380E+00    0.1434537447E+02
     8.08000000    0.6920068547E+00    0.1435921461E+02
     8.10000000    0.6933501085E+00    0.1437308161E+02
     8.12000000    0.6918212577E+00    0.1438691804E+02
     8.14000000    0.6882482075E+00    0.1440068300E+02
     8.16000000    0.6846619631E+00    0.1441437624E+02
     8.18000000    0.6830897303E+00    0.1442803803E+02
     8.20000000    0.6843965179E+00    0.1444172596E+02
     8.22000000    0.6878457385E+00    0.1445548288E+02
     8.24000000    0.6915881373E+00    0.1446931464E+02
     8.26000000    0.6937525901E+00    0.1448318969E+02
     8.28000000    0.6935156604E+00    0.1449706001E+02
     8.30000000    0.6915897336E+00    0.1451089180E+02
     8.32000000    0.6899113223E+00    0.1452469003E+02
     8.34000000    0.6907437382E+00    0.1453850490E+02
     8.36000000    0.6957171688E+00    0.1455241925E+02
     8.38000000    0.7053431439E+00    0.1456652611E+02
     8.40000000    0.7192315837E+00    0.1458091074E+02
     8.42000000    0.7367858501E+00    0.1459564646E+02
     8.44000000    0.7578524081E+00    0.1461080351E+02
     8.46000000    0.7828607247E+00    0.1462646072E+02
     8.48000000    0.8123586409E+00    0.1464270789E+02
     8.50000000    0.8462707930E+00    0.1465963331E+02
     8.52000000    0.8834051069E+00    0.1467730141E+02
     8.54000000    0.9215872357E+00    0.1469573316E+02
     8.56000000    0.9584121643E+00    0.1471490140E+02
     8.58000000    0.9922039148E+00    0.1473474548E+02
     8.60000000    0.1022605584E+01    0.1475519759E+02
     8.62000000    0.1050390056E+01    0.1477620539E+02
     8.64000000    0.1076509883E+01    0.1479773559E+02
     8.66000000    0.1100871273E+01    0.1481975301E+02
     8.68000000    0.1121557870E+01    0.1484218417E+02
     8.70000000    0.1135069015E+01    0.1486488555E+02
     8.72000000    0.1137606607E+01    0.1488763768E+02
     8.74000000    0.1126821828E+01    0.1491017412E+02
     8.76000000    0.1103107590E+01    0.1493223627E+02
     8.78000000    0.1069729246E+01    0.1495363086E+02
     8.80000000    0.1031710252E+01    0.1497426506E+02
     8.82000000    0.9940414166E+00    0.1499414589E+02
     8.84000000    0.9600854459E+00    0.1501334760E+02
     8.86000000    0.9308791001E+00    0.1503196518E+02
     8.88000000    0.9055388410E+00    0.1505007596E+02
     8.90000000    0.8824274135E+00    0.1506772451E+02
     8.92000000    0.8604008079E+00    0.1508493252E+02
     8.94000000    0.8394821715E+00    0.1510172216E+02
     8.96000000    0.8206772644E+00    0.1511813571E+02
     8.98000000    0.8051436143E+00    0.1513423858E+02
     9.00000000    0.7932672395E+00    0.1515010393E+02
     9.02000000    0.7842077671E+00    0.1516578808E+02
     9.04000000    0.7761739890E+00    0.1518131156E+02
     9.06000000    0.7672754700E+00    0.1519665707E+02
     9.08000000    0.7564819224E+00    0.1521178671E+02
     9.10000000    0.7441602200E+00    0.1522666991E+02
     9.12000000    0.7318772916E+00    0.1524130746E+02
     9.14000000    0.7215496608E+00    0.1525573845E+02
     9.16000000    0.7143828141E+00    0.1527002611E+02
     9.18000000    0.7101723876E+00    0.1528422956E+02
     9.20000000    0.7073519555E+00    0.1529837660E+02
     9.22000000    0.7037670455E+00    0.1531245194E+02
     9.24000000    0.6977596634E+00    0.1532640713E+02
     9.26000000    0.6889855403E+00    0.1534018684E+02
     9.28000000    0.6785425686E+00    0.1535375769E+02
     9.30000000    0.6683629574E+00    0.1536712495E+02
     9.32000000    0.6601997197E+00    0.1538032895E+02
     9.34000000    0.6547285229E+00    0.1539342352E+02
     9.36000000    0.6512151097E+00    0.1540644782E+02
     9.38000000    0.6479165924E+00    0.1541940615E+02
     9.40000000    0.6430212913E+00    0.1543226658E+02
     9.42000000    0.6356514197E+00    0.1544497961E+02
     9.44000000    0.6264030257E+00    0.1545750767E+02
     9.46000000    0.6171243534E+00    0.1546985015E+02
     9.48000000    0.6100262517E+00    0.1548205068E+02
     9.50000000    0.6065620741E+00    0.1549418192E+02
     9.52000000    0.6066314969E+00    0.1550631455E+02
     9.54000000    0.6085112504E+00    0.1551848477E+02
     9.56000000    0.6095802422E+00    0.1553067638E+02
     9.58000000    0.6075310370E+00    0.1554282700E+02
     9.60000000    0.6015018036E+00    0.1555485704E+02
     9.62000000    0.5925562384E+00    0.1556670816E+02
     9.64000000    0.5832246579E+00    0.1557837265E+02
     9.66000000    0.5762843139E+00    0.1558989834E+02
     9.68000000    0.5733638916E+00    0.1560136562E+02
     9.70000000    0.5740772462E+00    0.1561284716E+02
     9.72000000    0.5761447636E+00    0.1562437006E+02
     9.74000000    0.5764648687E+00    0.1563589936E+02
     9.76000000    0.5726041180E+00    0.1564735144E+02
     9.78000000    0.5639388917E+00    0.1565863022E+02
     9.80000000    0.5518394241E+00    0.1566966700E+02
     9.82000000    0.5387736628E+00    0.1568044248E+02
     9.84000000    0.5267800529E+00    0.1569097808E+02
     9.86000000    0.5161124940E+00    0.1570130033E+02
     9.88000000    0.5048034918E+00    0.1571139640E+02
     9.90000000    0.4894443512E+00    0.1572118529E+02
     9.92000000    0.4668636460E+00    0.1573052256E+02
     9.94000000    0.4359000119E+00    0.1573924056E+02
     9.96000000    0.3983604568E+00    0.1574720777E+02
     9.98000000    0.3586117949E+00    0.1575438000E+02
    10.00000000    0.3219259574E+00    0.1576081852E+02
    10.02000000    0.2923568286E+00    0.1576666566E+02
    10.04000000    0.2712032320E+00    0.1577208972E+02
    10.06000000    0.2568291665E+00    0.1577722631E+02
    10.08000000    0.2458994369E+00    0.1578214430E+02
    10.10000000    0.2353322237E+00    0.1578685094E+02
    10.12000000    0.2238956707E+00    0.1579132885E+02
    10.14000000    0.2126024026E+00    0.1579558090E+02
    10.16000000    0.2037592186E+00    0.1579965609E+02
    10.18000000    0.1992997782E+00    0.1580364208E+02
    10.20000000    0.1994121276E+00    0.1580763032E+02
    10.22000000    0.2022528806E+00    0.1581167538E+02
    10.24000000    0.2048683490E+00    0.1581577275E+02
    10.26000000    0.2047372361E+00    0.1581986749E+02
    10.28000000    0.2010252590E+00    0.1582388800E+02
    10.30000000    0.1948645449E+00    0.1582778529E+02
    10.32000000    0.1885719861E+00    0.1583155673E+02
    10.34000000    0.1843210441E+00    0.1583524315E+02
    10.36000000    0.1830328987E+00    0.1583890381E+02
    10.38000000    0.1840488031E+00    0.1584258478E+02
    10.40000000    0.1856583729E+00    0.1584629795E+02
    10.42000000    0.1860966416E+00    0.1585001988E+02
    10.44000000    0.1844306883E+00    0.1585370850E+02
    10.46000000    0.1808960993E+00    0.1585732642E+02
    10.48000000    0.1765953279E+00    0.1586085833E+02
    10.50000000    0.1728192885E+00    0.1586431471E+02
    10.52000000    0.1704078979E+00    0.1586772287E+02
    10.54000000    0.1694622601E+00    0.1587111212E+02
    10.56000000    0.1694632833E+00    0.1587450138E+02
    10.58000000    0.1696276091E+00    0.1587789393E+02
    10.60000000    0.1692719097E+00    0.1588127937E+02
    10.62000000    0.1680431851E+00    0.1588464024E+02
    10.64000000    0.1659877876E+00    0.1588795999E+02
    10.66000000    0.1634857881E+00    0.1589122971E+02
    10.68000000    0.1610812007E+00    0.1589445133E+02
    10.70000000    0.1592544117E+00    0.1589763642E+02
    10.72000000    0.1582250780E+00    0.1590080092E+02
    10.74000000    0.1578858119E+00    0.1590395864E+02
    10.76000000    0.1579009103E+00    0.1590711666E+02
    10.78000000    0.1578964638E+00    0.1591027458E+02
    10.80000000    0.1576146706E+00    0.1591342688E+02
    10.82000000    0.1569589468E+00    0.1591656606E+02
    10.84000000    0.1559627170E+00    0.1591968531E+02
    10.86000000    0.1547638529E+00    0.1592278059E+02
    10.88000000    0.1536117198E+00    0.1592585282E+02
    10.90000000    0.1528457844E+00    0.1592890974E+02
    10.92000000    0.1527784320E+00    0.1593196531E+02
    10.94000000    0.1535173307E+00    0.1593503565E+02
    10.96000000    0.1548708700E+00    0.1593813307E+02
    10.98000000    0.1564619373E+00    0.1594126231E+02
    11.00000000    0.1580161397E+00    0.1594442263E+02
    11.02000000    0.1596241444E+00    0.1594761512E+02
    11.04000000    0.1617619172E+00    0.1595085035E+02
    11.06000000    0.1650164577E+00    0.1595415068E+02
    11.08000000    0.1696792703E+00    0.1595754427E+02
    11.10000000    0.1754644179E+00    0.1596105356E+02
    11.12000000    0.1815150709E+00    0.1596468386E+02
    11.14000000    0.1866643561E+00    0.1596841715E+02
    11.16000000    0.1897666116E+00    0.1597221248E+02
    11.18000000    0.1899135185E+00    0.1597601075E+02
    11.20000000    0.1864741043E+00    0.1597974023E+02
    11.22000000    0.1790384624E+00    0.1598332100E+02
    11.24000000    0.1673983331E+00    0.1598666897E+02
    11.26000000    0.1516383986E+00    0.1598970173E+02
    11.28000000    0.1322970909E+00    0.1599234768E+02
    11.30000000    0.1104717214E+00    0.1599455711E+02
    11.32000000    0.8774738548E-01    0.1599631206E+02
    11.34000000    0.6591958602E-01    0.1599763045E+02
    11.36000000    0.4659939623E-01    0.1599856244E+02
    11.38000000    0.3086173773E-01    0.1599917967E+02
    11.40000000    0.1907726995E-01    0.1599956122E+02
    11.42000000    0.1097276051E-01    0.1599978067E+02
    11.44000000    0.5857338107E-02    0.1599989782E+02
    11.46000000    0.2895664514E-02    0.1599995573E+02
    11.48000000    0.1323438800E-02    0.1599998220E+02
    11.50000000    0.5584027462E-03    0.1599999337E+02
    11.52000000    0.2172556668E-03    0.1599999771E+02
    11.54000000    0.7786763380E-04    0.1599999927E+02
    11.56000000    0.2568981386E-04    0.1599999979E+02
    11.58000000    0.7796474497E-05    0.1599999994E+02
    11.60000000    0.2175365114E-05    0.1599999999E+02
    11.62000000    0.5577824559E-06    0.1600000000E+02
    11.64000000    0.1313802728E-06    0.1600000000E+02
    11.66000000    0.2841761843E-07    0.1600000000E+02
    11.68000000    0.5643104341E-08    0.1600000000E+02
    11.70000000    0.1028535676E-08    0.1600000000E+02
    11.72000000    0.1720298531E-09    0.1600000000E+02
    11.74000000    0.2639949564E-10    0.1600000000E+02
    11.76000000    0.3716454957E-11    0.1600000000E+02
    11.78000000    0.4798946808E-12    0.1600000000E+02
    11.80000000    0.5683242715E-13    0.1600000000E+02
    11.82000000    0.6172128946E-14    0.1600000000E+02
    11.84000000    0.6146425928E-15    0.1600000000E+02
    11.86000000    0.5612079973E-16    0.1600000000E+02
    11.88000000    0.4697934340E-17    0.1600000000E+02
    11.90000000    0.3605317020E-18    0.1600000000E+02
    11.92000000    0.2536341187E-19    0.1600000000E+02
    11.94000000    0.1635596742E-20    0.1600000000E+02
    11.96000000    0.9667804385E-22    0.1600000000E+02
    11.98000000    0.5237729008E-23    0.1600000000E+02
    12.00000000    0.2600781136E-24    0.1600000000E+02
    12.02000000    0.1183569100E-25    0.1600000000E+02
    12.04000000    0.4936249120E-27    0.1600000000E+02
    12.06000000    0.1886686794E-28    0.1600000000E+02
    12.08000000    0.6608279468E-30    0.1600000000E+02
    12.10000000    0.2121046583E-31    0.1600000000E+02
    12.12000000    0.6238401058E-33    0.1600000000E+02
    12.14000000    0.1681304363E-34    0.1600000000E+02
    12.16000000    0.4152011821E-36    0.1600000000E+02
    12.18000000    0.9395063650E-38    0.1600000000E+02
    12.20000000    0.1947869752E-39    0.1600000000E+02
    12.22000000    0.3700237991E-41    0.1600000000E+02
    12.24000000    0.6440206797E-43    0.1600000000E+02
    12.26000000    0.1026978932E-44    0.1600000000E+02
    12.28000000    0.1500397216E-46    0.1600000000E+02
    12.30000000    0.2008286328E-48    0.1600000000E+02
    12.32000000    0.2462700382E-50    0.1600000000E+02
    12.34000000    0.2766662544E-52    0.1600000000E+02
    12.36000000    0.2847421517E-54    0.1600000000E+02
    12.38000000    0.2684669098E-56    0.1600000000E+02
    12.40000000    0.2318813558E-58    0.1600000000E+02
    12.42000000    0.1834719846E-60    0.1600000000E+02
    12.44000000    0.1329828063E-62    0.1600000000E+02
    12.46000000    0.8829500319E-65    0.1600000000E+02
    12.48000000    0.5370131148E-67    0.1600000000E+02
    12.50000000    0.2991817939E-69    0.1600000000E+02
    12.52000000    0.1526793999E-71    0.1600000000E+02
    12.54000000    0.7136978401E-74    0.1600000000E+02
    12.56000000    0.3055841004E-76    0.1600000000E+02
    12.58000000    0.1198461088E-78    0.1600000000E+02
    12.60000000    0.4306443557E-81    0.1600000000E+02
    12.62000000    0.1547597775E-83    0.1600000000E+02
    12.64000000    0.1354022527E-84    0.1600000000E+02
    12.66000000    0.1311739069E-84    0.1600000000E+02
    12.68000000    0.1311686215E-84    0.1600000000E+02
    12.70000000    0.1311686215E-84    0.1600000000E+02
    12.72000000    0.1311686215E-84    0.1600000000E+02
    12.74000000    0.1311686215E-84    0.1600000000E+02
    12.76000000    0.1311686215E-84    0.1600000000E+02
    12.78000000    0.1311686215E-84    0.1600000000E+02
    12.80000000    0.1311686215E-84    0.1600000000E+02
    12.82000000    0.1311686215E-84    0.1600000000E+02
    12.84000000    0.1311686215E-84    0.1600000000E+02
    12.86000000    0.1311686215E-84    0.1600000000E+02
    12.88000000    0.1311686215E-84    0.1600000000E+02
    12.90000000    0.1311686215E-84    0.1600000000E+02
    12.92000000    0.1311686215E-84    0.1600000000E+02
    12.94000000    0.1311686215E-84    0.1600000000E+02
    12.96000000    0.1311686215E-84    0.1600000000E+02
    12.98000000    0.1311686215E-84    0.1600000000E+02
    13.00000000    0.1311686215E-84    0.1600000000E+02
    13.02000000    0.1311686215E-84    0.1600000000E+02
    13.04000000    0.1311686215E-84    0.1600000000E+02
    13.06000000    0.1311686215E-84    0.1600000000E+02
    13.08000000    0.1311686215E-84    0.1600000000E+02
    13.10000000    0.1311686215E-84    0.1600000000E+02
    13.12000000    0.1311686215E-84    0.1600000000E+02
    13.14000000    0.1311686215E-84    0.1600000000E+02
    13.16000000    0.1311686215E-84    0.1600000000E+02
    13.18000000    0.1311686215E-84    0.1600000000E+02
    13.20000000    0.1311686215E-84    0.1600000000E+02
    13.22000000    0.1311686215E-84    0.1600000000E+02
    13.24000000    0.1311686215E-84    0.1600000000E+02
    13.26000000    0.1311686215E-84    0.1600000000E+02
    13.28000000    0.1311686215E-84    0.1600000000E+02
    13.30000000    0.1311686215E-84    0.1600000000E+02
    13.32000000    0.1311686215E-84    0.1600000000E+02
    13.34000000    0.1311686215E-84    0.1600000000E+02
    13.36000000    0.1311686215E-84    0.1600000000E+02
    13.38000000    0.1311686215E-84    0.1600000000E+02
    13.40000000    0.1311686215E-84    0.1600000000E+02
    13.42000000    0.1311686215E-84    0.1600000000E+02
    13.44000000    0.1311686215E-84    0.1600000000E+02
    13.46000000    0.1311686215E-84    0.1600000000E+02
    13.48000000    0.1311686215E-84    0.1600000000E+02
    13.50000000    0.1311686215E-84    0.1600000000E+02
    13.52000000    0.1311686215E-84    0.1600000000E+02
    13.54000000    0.1311686215E-84    0.1600000000E+02
    13.56000000    0.1311686215E-84    0.1600000000E+02
    13.58000000    0.1311686215E-84    0.1600000000E+02
    13.60000000    0.1311686215E-84    0.1600000000E+02
    13.62000000    0.1311686215E-84    0.1600000000E+02
    13.64000000    0.1311686215E-84    0.1600000000E+02
    13.66000000    0.1311686215E-84    0.1600000000E+02
    13.68000000    0.1311686215E-84    0.1600000000E+02
    13.70000000    0.1311686215E-84    0.1600000000E+02
    13.72000000    0.1311686215E-84    0.1600000000E+02
    13.74000000    0.1311686215E-84    0.1600000000E+02
    13.76000000    0.1311686215E-84    0.1600000000E+02
    13.78000000    0.1311686215E-84    0.1600000000E+02
    13.80000000    0.1311686215E-84    0.1600000000E+02
    13.82000000    0.1311686215E-84    0.1600000000E+02
    13.84000000    0.1311686215E-84    0.1600000000E+02
    13.86000000    0.1311686215E-84    0.1600000000E+02
    13.88000000    0.1311686215E-84    0.1600000000E+02
    13.90000000    0.1311686215E-84    0.1600000000E+02
    13.92000000    0.1311686215E-84    0.1600000000E+02
    13.94000000    0.1311686215E-84    0.1600000000E+02
    13.96000000    0.1311686215E-84    0.1600000000E+02
    13.98000000    0.1311686215E-84    0.1600000000E+02
    14.00000000    0.1311686215E-84    0.1600000000E+02
    14.02000000    0.1311686215E-84    0.1600000000E+02
    14.04000000    0.1311686215E-84    0.1600000000E+02
    14.06000000    0.1311686215E-84    0.1600000000E+02
    14.08000000    0.1311686215E-84    0.1600000000E+02
    14.10000000    0.1311686215E-84    0.1600000000E+02
    14.12000000    0.1311686215E-84    0.1600000000E+02
    14.14000000    0.1311686215E-84    0.1600000000E+02
    14.16000000    0.1311686215E-84    0.1600000000E+02
    14.18000000    0.1311686215E-84    0.1600000000E+02
    14.20000000    0.1311686215E-84    0.1600000000E+02
    14.22000000    0.1311686215E-84    0.1600000000E+02
    14.24000000    0.1311686215E-84    0.1600000000E+02
    14.26000000    0.1311686215E-84    0.1600000000E+02
    14.28000000    0.1311686215E-84    0.1600000000E+02
    14.30000000    0.1311686215E-84    0.1600000000E+02
    14.32000000    0.1311686215E-84    0.1600000000E+02
    14.34000000    0.1311686215E-84    0.1600000000E+02
    14.36000000    0.1311686215E-84    0.1600000000E+02
    14.38000000    0.1311686215E-84    0.1600000000E+02
    14.40000000    0.1311686215E-84    0.1600000000E+02
    14.42000000    0.1311686215E-84    0.1600000000E+02
    14.44000000    0.1311686215E-84    0.1600000000E+02
    14.46000000    0.1311686215E-84    0.1600000000E+02
    14.48000000    0.1311686215E-84    0.1600000000E+02
    14.50000000    0.1311686215E-84    0.1600000000E+02
    14.52000000    0.1311686215E-84    0.1600000000E+02
    14.54000000    0.1311686215E-84    0.1600000000E+02
    14.56000000    0.1311686215E-84    0.1600000000E+02
    14.58000000    0.1311686215E-84    0.1600000000E+02
    14.60000000    0.1311686215E-84    0.1600000000E+02
    14.62000000    0.1311686215E-84    0.1600000000E+02
    14.64000000    0.1311686215E-84    0.1600000000E+02
    14.66000000    0.1311686215E-84    0.1600000000E+02
    14.68000000    0.1311686215E-84    0.1600000000E+02
    14.70000000    0.1311686215E-84    0.1600000000E+02
    14.72000000    0.1311686215E-84    0.1600000000E+02
    14.74000000    0.1311686215E-84    0.1600000000E+02
    14.76000000    0.1311686215E-84    0.1600000000E+02
    14.78000000    0.1311686215E-84    0.1600000000E+02
    14.80000000    0.1311686215E-84    0.1600000000E+02
    14.82000000    0.1311686215E-84    0.1600000000E+02
    14.84000000    0.1311686215E-84    0.1600000000E+02
    14.86000000    0.1311686215E-84    0.1600000000E+02
    14.88000000    0.1311686215E-84    0.1600000000E+02
    14.90000000    0.1311686215E-84    0.1600000000E+02
    14.92000000    0.1311686215E-84    0.1600000000E+02
    14.94000000    0.1311686215E-84    0.1600000000E+02
    14.96000000    0.1311686215E-84    0.1600000000E+02
    14.98000000    0.1311686215E-84    0.1600000000E+02
    15.00000000    0.1311686215E-84    0.1600000000E+02
