 &plot nbnd=  16, nks=  3001 /
            0.333333  0.577350  0.000000
  -14.378  -14.378  -12.686   -1.918   -1.918    8.494   11.111   11.111   11.542   13.380
   13.380   13.646   13.646   13.797   14.261   14.640
            0.333000  0.576773  0.000000
  -14.384  -14.371  -12.685   -1.927   -1.908    8.494   11.108   11.115   11.542   13.369
   13.391   13.636   13.654   13.798   14.261   14.637
            0.332667  0.576196  0.000000
  -14.391  -14.365  -12.685   -1.937   -1.899    8.494   11.103   11.119   11.542   13.358
   13.402   13.625   13.663   13.800   14.261   14.631
            0.332333  0.575618  0.000000
  -14.398  -14.358  -12.685   -1.946   -1.889    8.494   11.099   11.122   11.542   13.346
   13.413   13.613   13.671   13.804   14.262   14.634
            0.332000  0.575041  0.000000
  -14.405  -14.351  -12.685   -1.956   -1.880    8.494   11.094   11.126   11.542   13.334
   13.424   13.600   13.680   13.808   14.263   14.623
            0.331667  0.574464  0.000000
  -14.412  -14.345  -12.684   -1.965   -1.870    8.494   11.090   11.130   11.542   13.321
   13.435   13.585   13.688   13.813   14.265   14.620
            0.331333  0.573886  0.000000
  -14.419  -14.338  -12.683   -1.975   -1.861    8.494   11.084   11.133   11.542   13.308
   13.446   13.570   13.696   13.819   14.266   14.616
            0.331000  0.573309  0.000000
  -14.427  -14.331  -12.682   -1.984   -1.851    8.495   11.079   11.137   11.542   13.295
   13.457   13.555   13.705   13.825   14.268   14.613
            0.330667  0.572731  0.000000
  -14.434  -14.325  -12.682   -1.994   -1.842    8.495   11.073   11.140   11.542   13.282
   13.468   13.539   13.713   13.832   14.270   14.620
            0.330333  0.572154  0.000000
  -14.441  -14.318  -12.680   -2.004   -1.832    8.495   11.067   11.143   11.543   13.268
   13.479   13.523   13.722   13.839   14.273   14.608
            0.330000  0.571577  0.000000
  -14.449  -14.311  -12.679   -2.013   -1.823    8.496   11.061   11.147   11.543   13.254
   13.490   13.506   13.730   13.846   14.275   14.606
            0.329667  0.570999  0.000000
  -14.457  -14.304  -12.678   -2.023   -1.813    8.496   11.054   11.150   11.543   13.240
   13.489   13.501   13.738   13.853   14.278   14.605
            0.329333  0.570422  0.000000
  -14.464  -14.298  -12.677   -2.033   -1.803    8.496   11.048   11.154   11.543   13.226
   13.472   13.512   13.747   13.860   14.281   14.601
            0.329000  0.569845  0.000000
  -14.472  -14.291  -12.675   -2.043   -1.794    8.497   11.041   11.157   11.544   13.211
   13.455   13.523   13.755   13.867   14.284   14.599
            0.328667  0.569267  0.000000
  -14.480  -14.284  -12.674   -2.052   -1.784    8.497   11.033   11.160   11.544   13.197
   13.437   13.535   13.764   13.875   14.287   14.598
            0.328333  0.568690  0.000000
  -14.488  -14.277  -12.672   -2.062   -1.774    8.498   11.026   11.164   11.544   13.182
   13.420   13.546   13.772   13.882   14.290   14.596
            0.328000  0.568113  0.000000
  -14.496  -14.271  -12.670   -2.072   -1.765    8.499   11.018   11.167   11.544   13.167
   13.402   13.557   13.780   13.889   14.294   14.595
            0.327667  0.567535  0.000000
  -14.505  -14.264  -12.668   -2.082   -1.755    8.499   11.010   11.170   11.545   13.151
   13.384   13.568   13.789   13.897   14.297   14.594
            0.327333  0.566958  0.000000
  -14.513  -14.257  -12.666   -2.092   -1.745    8.500   11.002   11.173   11.545   13.136
   13.366   13.579   13.797   13.904   14.301   14.593
            0.327000  0.566381  0.000000
  -14.521  -14.250  -12.664   -2.101   -1.736    8.501   10.993   11.176   11.545   13.120
   13.348   13.591   13.805   13.912   14.304   14.592
            0.326667  0.565803  0.000000
  -14.530  -14.243  -12.662   -2.111   -1.726    8.501   10.985   11.179   11.546   13.105
   13.330   13.602   13.814   13.919   14.308   14.591
            0.326333  0.565226  0.000000
  -14.538  -14.236  -12.659   -2.121   -1.716    8.502   10.976   11.182   11.546   13.089
   13.311   13.613   13.822   13.927   14.311   14.590
            0.326000  0.564649  0.000000
  -14.547  -14.230  -12.657   -2.131   -1.706    8.503   10.967   11.185   11.546   13.073
   13.293   13.625   13.830   13.934   14.315   14.590
            0.325667  0.564071  0.000000
  -14.556  -14.223  -12.654   -2.141   -1.696    8.504   10.957   11.188   11.547   13.056
   13.275   13.636   13.839   13.941   14.319   14.590
            0.325333  0.563494  0.000000
  -14.565  -14.216  -12.652   -2.151   -1.687    8.505   10.948   11.191   11.547   13.040
   13.256   13.647   13.847   13.949   14.322   14.589
            0.325000  0.562917  0.000000
  -14.573  -14.209  -12.649   -2.161   -1.677    8.505   10.938   11.194   11.548   13.024
   13.237   13.659   13.855   13.956   14.326   14.589
            0.324667  0.562339  0.000000
  -14.582  -14.202  -12.646   -2.171   -1.667    8.506   10.928   11.197   11.548   13.007
   13.219   13.670   13.864   13.963   14.329   14.589
            0.324333  0.561762  0.000000
  -14.591  -14.195  -12.643   -2.181   -1.657    8.507   10.918   11.200   11.548   12.991
   13.200   13.682   13.872   13.971   14.333   14.589
            0.324000  0.561184  0.000000
  -14.600  -14.188  -12.640   -2.191   -1.647    8.508   10.908   11.203   11.549   12.974
   13.181   13.693   13.880   13.978   14.336   14.589
            0.323667  0.560607  0.000000
  -14.610  -14.181  -12.637   -2.201   -1.637    8.509   10.897   11.206   11.549   12.958
   13.162   13.705   13.889   13.985   14.339   14.589
            0.323333  0.560030  0.000000
  -14.619  -14.174  -12.634   -2.212   -1.627    8.511   10.886   11.209   11.549   12.941
   13.143   13.716   13.897   13.992   14.342   14.590
            0.323000  0.559452  0.000000
  -14.628  -14.167  -12.631   -2.222   -1.617    8.512   10.875   11.211   11.550   12.924
   13.124   13.728   13.905   14.000   14.345   14.590
            0.322667  0.558875  0.000000
  -14.637  -14.160  -12.627   -2.232   -1.607    8.513   10.864   11.214   11.550   12.907
   13.105   13.739   13.914   14.007   14.348   14.590
            0.322333  0.558298  0.000000
  -14.647  -14.153  -12.624   -2.242   -1.597    8.514   10.853   11.217   11.550   12.890
   13.086   13.751   13.922   14.014   14.351   14.591
            0.322000  0.557720  0.000000
  -14.656  -14.146  -12.620   -2.252   -1.587    8.515   10.842   11.219   11.550   12.873
   13.067   13.762   13.930   14.021   14.353   14.591
            0.321667  0.557143  0.000000
  -14.666  -14.139  -12.617   -2.262   -1.577    8.516   10.830   11.222   11.551   12.856
   13.048   13.774   13.939   14.028   14.355   14.592
            0.321333  0.556566  0.000000
  -14.676  -14.132  -12.613   -2.273   -1.567    8.518   10.819   11.224   11.551   12.839
   13.029   13.786   13.947   14.035   14.357   14.592
            0.321000  0.555988  0.000000
  -14.685  -14.125  -12.609   -2.283   -1.557    8.519   10.807   11.227   11.551   12.822
   13.010   13.797   13.955   14.042   14.359   14.593
            0.320667  0.555411  0.000000
  -14.695  -14.118  -12.605   -2.293   -1.547    8.520   10.795   11.230   11.551   12.804
   12.991   13.809   13.963   14.048   14.361   14.593
            0.320333  0.554834  0.000000
  -14.705  -14.111  -12.602   -2.304   -1.537    8.522   10.783   11.232   11.551   12.787
   12.972   13.821   13.972   14.055   14.362   14.594
            0.320000  0.554256  0.000000
  -14.714  -14.104  -12.598   -2.314   -1.527    8.523   10.770   11.234   11.551   12.770
   12.952   13.832   13.980   14.062   14.363   14.594
            0.319667  0.553679  0.000000
  -14.724  -14.097  -12.593   -2.324   -1.517    8.525   10.758   11.237   11.551   12.752
   12.933   13.844   13.988   14.068   14.363   14.594
            0.319333  0.553102  0.000000
  -14.734  -14.089  -12.589   -2.335   -1.507    8.526   10.745   11.239   11.551   12.735
   12.914   13.856   13.997   14.075   14.363   14.595
            0.319000  0.552524  0.000000
  -14.744  -14.082  -12.585   -2.345   -1.496    8.527   10.733   11.242   11.551   12.718
   12.894   13.868   14.005   14.081   14.363   14.595
            0.318667  0.551947  0.000000
  -14.754  -14.075  -12.581   -2.355   -1.486    8.529   10.720   11.244   11.551   12.700
   12.875   13.880   14.013   14.088   14.363   14.596
            0.318333  0.551370  0.000000
  -14.764  -14.068  -12.577   -2.366   -1.476    8.531   10.707   11.246   11.551   12.683
   12.856   13.891   14.021   14.094   14.362   14.596
            0.318000  0.550792  0.000000
  -14.775  -14.061  -12.572   -2.376   -1.466    8.532   10.694   11.248   11.551   12.665
   12.836   13.903   14.030   14.100   14.361   14.596
            0.317667  0.550215  0.000000
  -14.785  -14.054  -12.568   -2.387   -1.456    8.534   10.681   11.250   11.551   12.648
   12.817   13.915   14.038   14.106   14.359   14.596
            0.317333  0.549637  0.000000
  -14.795  -14.046  -12.563   -2.397   -1.445    8.535   10.667   11.253   11.550   12.630
   12.797   13.927   14.046   14.112   14.357   14.596
            0.317000  0.549060  0.000000
  -14.805  -14.039  -12.559   -2.408   -1.435    8.537   10.654   11.255   11.550   12.613
   12.778   13.939   14.055   14.118   14.354   14.596
            0.316667  0.548483  0.000000
  -14.815  -14.032  -12.554   -2.418   -1.425    8.539   10.641   11.257   11.550   12.595
   12.758   13.951   14.063   14.124   14.351   14.596
            0.316333  0.547905  0.000000
  -14.826  -14.025  -12.549   -2.429   -1.414    8.540   10.627   11.259   11.549   12.578
   12.739   13.963   14.071   14.129   14.348   14.596
            0.316000  0.547328  0.000000
  -14.836  -14.017  -12.544   -2.439   -1.404    8.542   10.613   11.261   11.549   12.560
   12.720   13.975   14.080   14.135   14.344   14.595
            0.315667  0.546751  0.000000
  -14.847  -14.010  -12.539   -2.450   -1.394    8.544   10.600   11.263   11.548   12.543
   12.700   13.987   14.088   14.140   14.340   14.595
            0.315333  0.546173  0.000000
  -14.857  -14.003  -12.535   -2.461   -1.383    8.546   10.586   11.265   11.548   12.525
   12.681   13.999   14.096   14.145   14.335   14.594
            0.315000  0.545596  0.000000
  -14.868  -13.996  -12.530   -2.471   -1.373    8.547   10.572   11.267   11.547   12.507
   12.661   14.011   14.105   14.151   14.329   14.594
            0.314667  0.545019  0.000000
  -14.878  -13.988  -12.525   -2.482   -1.363    8.549   10.558   11.268   11.547   12.490
   12.642   14.023   14.113   14.155   14.324   14.593
            0.314333  0.544441  0.000000
  -14.889  -13.981  -12.519   -2.492   -1.352    8.551   10.543   11.270   11.546   12.472
   12.622   14.035   14.121   14.160   14.318   14.592
            0.314000  0.543864  0.000000
  -14.899  -13.974  -12.514   -2.503   -1.342    8.553   10.529   11.272   11.545   12.455
   12.603   14.047   14.130   14.165   14.311   14.591
            0.313667  0.543287  0.000000
  -14.910  -13.966  -12.509   -2.514   -1.332    8.555   10.515   11.274   11.544   12.437
   12.583   14.059   14.138   14.169   14.304   14.591
            0.313333  0.542709  0.000000
  -14.921  -13.959  -12.504   -2.524   -1.321    8.557   10.500   11.276   11.543   12.420
   12.564   14.071   14.146   14.173   14.296   14.590
            0.313000  0.542132  0.000000
  -14.931  -13.952  -12.499   -2.535   -1.311    8.558   10.486   11.277   11.542   12.402
   12.544   14.083   14.155   14.177   14.288   14.588
            0.312667  0.541555  0.000000
  -14.942  -13.944  -12.493   -2.546   -1.300    8.560   10.471   11.279   11.541   12.385
   12.525   14.096   14.163   14.181   14.280   14.587
            0.312333  0.540977  0.000000
  -14.953  -13.937  -12.488   -2.557   -1.290    8.562   10.457   11.281   11.540   12.367
   12.505   14.108   14.172   14.184   14.271   14.586
            0.312000  0.540400  0.000000
  -14.964  -13.929  -12.482   -2.567   -1.279    8.564   10.442   11.282   11.539   12.349
   12.486   14.120   14.180   14.187   14.262   14.585
            0.311667  0.539823  0.000000
  -14.975  -13.922  -12.477   -2.578   -1.269    8.566   10.427   11.284   11.538   12.332
   12.466   14.132   14.188   14.190   14.252   14.584
            0.311333  0.539245  0.000000
  -14.986  -13.915  -12.471   -2.589   -1.258    8.568   10.412   11.285   11.536   12.314
   12.447   14.145   14.193   14.197   14.243   14.583
            0.311000  0.538668  0.000000
  -14.996  -13.907  -12.466   -2.600   -1.248    8.570   10.398   11.287   11.535   12.297
   12.427   14.157   14.195   14.205   14.232   14.582
            0.310667  0.538090  0.000000
  -15.007  -13.900  -12.460   -2.611   -1.237    8.572   10.383   11.288   11.534   12.279
   12.408   14.169   14.197   14.214   14.222   14.581
            0.310333  0.537513  0.000000
  -15.018  -13.892  -12.454   -2.622   -1.226    8.575   10.368   11.289   11.532   12.262
   12.388   14.182   14.198   14.211   14.222   14.580
            0.310000  0.536936  0.000000
  -15.029  -13.885  -12.449   -2.632   -1.216    8.577   10.352   11.291   11.530   12.245
   12.369   14.194   14.199   14.200   14.230   14.579
            0.309667  0.536358  0.000000
  -15.040  -13.877  -12.443   -2.643   -1.205    8.579   10.337   11.292   11.529   12.227
   12.349   14.188   14.200   14.206   14.239   14.578
            0.309333  0.535781  0.000000
  -15.051  -13.870  -12.437   -2.654   -1.194    8.581   10.322   11.293   11.527   12.210
   12.330   14.177   14.200   14.219   14.247   14.577
            0.309000  0.535204  0.000000
  -15.062  -13.862  -12.431   -2.665   -1.184    8.583   10.307   11.295   11.525   12.192
   12.311   14.165   14.200   14.231   14.256   14.577
            0.308667  0.534626  0.000000
  -15.074  -13.855  -12.425   -2.676   -1.173    8.585   10.292   11.296   11.523   12.175
   12.291   14.152   14.199   14.243   14.264   14.577
            0.308333  0.534049  0.000000
  -15.085  -13.847  -12.419   -2.687   -1.162    8.587   10.276   11.297   11.521   12.158
   12.272   14.140   14.198   14.256   14.273   14.577
            0.308000  0.533472  0.000000
  -15.096  -13.840  -12.413   -2.698   -1.152    8.589   10.261   11.298   11.519   12.140
   12.252   14.127   14.197   14.268   14.281   14.577
            0.307667  0.532894  0.000000
  -15.107  -13.832  -12.407   -2.709   -1.141    8.592   10.245   11.299   11.517   12.123
   12.233   14.114   14.194   14.281   14.290   14.578
            0.307333  0.532317  0.000000
  -15.118  -13.824  -12.401   -2.720   -1.130    8.594   10.230   11.300   11.515   12.106
   12.214   14.101   14.192   14.293   14.299   14.578
            0.307000  0.531740  0.000000
  -15.129  -13.817  -12.395   -2.731   -1.119    8.596   10.214   11.301   11.513   12.088
   12.194   14.088   14.189   14.306   14.307   14.579
            0.306667  0.531162  0.000000
  -15.141  -13.809  -12.389   -2.742   -1.109    8.598   10.199   11.302   11.511   12.071
   12.175   14.074   14.185   14.316   14.319   14.581
            0.306333  0.530585  0.000000
  -15.152  -13.802  -12.382   -2.753   -1.098    8.600   10.183   11.303   11.508   12.054
   12.156   14.061   14.181   14.324   14.331   14.582
            0.306000  0.530008  0.000000
  -15.163  -13.794  -12.376   -2.764   -1.087    8.603   10.167   11.304   11.506   12.037
   12.136   14.047   14.176   14.333   14.344   14.584
            0.305667  0.529430  0.000000
  -15.174  -13.786  -12.370   -2.775   -1.076    8.605   10.151   11.305   11.503   12.020
   12.117   14.033   14.171   14.342   14.356   14.586
            0.305333  0.528853  0.000000
  -15.186  -13.779  -12.364   -2.786   -1.065    8.607   10.136   11.306   11.500   12.002
   12.098   14.019   14.165   14.350   14.369   14.589
            0.305000  0.528275  0.000000
  -15.197  -13.771  -12.357   -2.797   -1.055    8.609   10.120   11.307   11.498   11.985
   12.079   14.005   14.159   14.359   14.382   14.592
            0.304667  0.527698  0.000000
  -15.208  -13.763  -12.351   -2.808   -1.044    8.612   10.104   11.307   11.495   11.968
   12.059   13.990   14.152   14.368   14.394   14.595
            0.304333  0.527121  0.000000
  -15.220  -13.756  -12.344   -2.819   -1.033    8.614   10.088   11.308   11.492   11.951
   12.040   13.976   14.145   14.376   14.407   14.598
            0.304000  0.526543  0.000000
  -15.231  -13.748  -12.338   -2.831   -1.022    8.616   10.072   11.309   11.489   11.934
   12.021   13.961   14.137   14.385   14.420   14.601
            0.303667  0.525966  0.000000
  -15.242  -13.740  -12.331   -2.842   -1.011    8.618   10.056   11.310   11.486   11.917
   12.002   13.947   14.129   14.394   14.433   14.605
            0.303333  0.525389  0.000000
  -15.254  -13.732  -12.325   -2.853   -1.000    8.621   10.040   11.310   11.483   11.900
   11.983   13.932   14.121   14.402   14.445   14.609
            0.303000  0.524811  0.000000
  -15.265  -13.725  -12.318   -2.864   -0.989    8.623   10.024   11.311   11.479   11.883
   11.964   13.917   14.112   14.411   14.458   14.614
            0.302667  0.524234  0.000000
  -15.276  -13.717  -12.312   -2.875   -0.978    8.625   10.008   11.311   11.476   11.867
   11.945   13.902   14.103   14.420   14.471   14.618
            0.302333  0.523657  0.000000
  -15.288  -13.709  -12.305   -2.886   -0.967    8.627    9.992   11.312   11.472   11.850
   11.926   13.887   14.093   14.429   14.484   14.623
            0.302000  0.523079  0.000000
  -15.299  -13.701  -12.298   -2.898   -0.956    8.630    9.976   11.312   11.469   11.833
   11.907   13.872   14.083   14.438   14.497   14.628
            0.301667  0.522502  0.000000
  -15.311  -13.694  -12.291   -2.909   -0.945    8.632    9.960   11.313   11.465   11.816
   11.888   13.857   14.073   14.447   14.509   14.633
            0.301333  0.521925  0.000000
  -15.322  -13.686  -12.285   -2.920   -0.934    8.634    9.943   11.313   11.461   11.799
   11.869   13.842   14.062   14.455   14.522   14.638
            0.301000  0.521347  0.000000
  -15.334  -13.678  -12.278   -2.931   -0.923    8.637    9.927   11.314   11.457   11.783
   11.851   13.827   14.052   14.464   14.535   14.644
            0.300667  0.520770  0.000000
  -15.345  -13.670  -12.271   -2.943   -0.912    8.639    9.911   11.314   11.453   11.766
   11.832   13.811   14.041   14.473   14.548   14.650
            0.300333  0.520193  0.000000
  -15.357  -13.662  -12.264   -2.954   -0.901    8.641    9.895   11.314   11.449   11.749
   11.813   13.796   14.029   14.482   14.561   14.656
            0.300000  0.519615  0.000000
  -15.368  -13.654  -12.257   -2.965   -0.890    8.643    9.878   11.315   11.445   11.733
   11.795   13.781   14.018   14.491   14.574   14.662
            0.299667  0.519038  0.000000
  -15.380  -13.647  -12.250   -2.976   -0.879    8.646    9.862   11.315   11.441   11.716
   11.776   13.765   14.006   14.500   14.587   14.668
            0.299333  0.518461  0.000000
  -15.391  -13.639  -12.243   -2.988   -0.868    8.648    9.846   11.315   11.436   11.700
   11.758   13.750   13.994   14.509   14.600   14.674
            0.299000  0.517883  0.000000
  -15.403  -13.631  -12.236   -2.999   -0.856    8.650    9.829   11.315   11.431   11.684
   11.740   13.734   13.981   14.518   14.613   14.680
            0.298667  0.517306  0.000000
  -15.414  -13.623  -12.229   -3.010   -0.845    8.652    9.813   11.315   11.426   11.667
   11.722   13.719   13.969   14.527   14.626   14.687
            0.298333  0.516728  0.000000
  -15.426  -13.615  -12.222   -3.022   -0.834    8.654    9.797   11.316   11.421   11.651
   11.704   13.703   13.956   14.536   14.639   14.694
            0.298000  0.516151  0.000000
  -15.437  -13.607  -12.215   -3.033   -0.823    8.657    9.780   11.316   11.416   11.635
   11.686   13.688   13.943   14.545   14.652   14.701
            0.297667  0.515574  0.000000
  -15.449  -13.599  -12.208   -3.044   -0.812    8.659    9.764   11.316   11.411   11.618
   11.668   13.672   13.930   14.555   14.665   14.707
            0.297333  0.514996  0.000000
  -15.461  -13.591  -12.201   -3.056   -0.800    8.661    9.747   11.316   11.405   11.602
   11.650   13.656   13.917   14.564   14.679   14.715
            0.297000  0.514419  0.000000
  -15.472  -13.583  -12.194   -3.067   -0.789    8.663    9.731   11.316   11.399   11.586
   11.633   13.641   13.904   14.573   14.692   14.722
            0.296667  0.513842  0.000000
  -15.484  -13.575  -12.187   -3.079   -0.778    8.665    9.714   11.316   11.393   11.570
   11.616   13.625   13.890   14.582   14.705   14.729
            0.296333  0.513264  0.000000
  -15.495  -13.567  -12.180   -3.090   -0.767    8.667    9.698   11.316   11.386   11.554
   11.599   13.609   13.876   14.591   14.718   14.736
            0.296000  0.512687  0.000000
  -15.507  -13.559  -12.172   -3.101   -0.755    8.669    9.681   11.315   11.379   11.538
   11.582   13.593   13.863   14.601   14.731   14.744
            0.295667  0.512110  0.000000
  -15.519  -13.551  -12.165   -3.113   -0.744    8.671    9.665   11.315   11.372   11.522
   11.566   13.578   13.849   14.610   14.745   14.751
            0.295333  0.511532  0.000000
  -15.530  -13.543  -12.158   -3.124   -0.733    8.673    9.648   11.315   11.364   11.506
   11.550   13.562   13.835   14.619   14.758   14.759
            0.295000  0.510955  0.000000
  -15.542  -13.535  -12.150   -3.136   -0.721    8.676    9.632   11.315   11.356   11.490
   11.535   13.546   13.820   14.629   14.767   14.771
            0.294667  0.510378  0.000000
  -15.553  -13.527  -12.143   -3.147   -0.710    8.678    9.615   11.315   11.347   11.474
   11.520   13.531   13.806   14.638   14.774   14.784
            0.294333  0.509800  0.000000
  -15.565  -13.519  -12.136   -3.159   -0.699    8.680    9.599   11.314   11.338   11.459
   11.505   13.515   13.792   14.647   14.782   14.798
            0.294000  0.509223  0.000000
  -15.577  -13.511  -12.128   -3.170   -0.687    8.681    9.582   11.314   11.328   11.443
   11.491   13.499   13.777   14.657   14.790   14.811
            0.293667  0.508646  0.000000
  -15.588  -13.503  -12.121   -3.182   -0.676    8.683    9.566   11.314   11.318   11.428
   11.478   13.483   13.763   14.666   14.798   14.824
            0.293333  0.508068  0.000000
  -15.600  -13.495  -12.113   -3.193   -0.665    8.685    9.549   11.307   11.313   11.412
   11.465   13.468   13.748   14.676   14.806   14.838
            0.293000  0.507491  0.000000
  -15.612  -13.486  -12.106   -3.205   -0.653    8.687    9.532   11.295   11.313   11.396
   11.453   13.452   13.733   14.685   14.814   14.851
            0.292667  0.506914  0.000000
  -15.623  -13.478  -12.098   -3.216   -0.642    8.689    9.516   11.283   11.313   11.381
   11.442   13.436   13.718   14.695   14.823   14.865
            0.292333  0.506336  0.000000
  -15.635  -13.470  -12.091   -3.228   -0.630    8.691    9.499   11.270   11.312   11.366
   11.431   13.420   13.703   14.704   14.831   14.878
            0.292000  0.505759  0.000000
  -15.647  -13.462  -12.083   -3.239   -0.619    8.693    9.482   11.256   11.312   11.350
   11.420   13.405   13.688   14.714   14.839   14.892
            0.291667  0.505181  0.000000
  -15.658  -13.454  -12.076   -3.251   -0.607    8.694    9.466   11.242   11.311   11.335
   11.410   13.389   13.673   14.723   14.848   14.905
            0.291333  0.504604  0.000000
  -15.670  -13.446  -12.068   -3.262   -0.596    8.696    9.449   11.227   11.311   11.320
   11.401   13.373   13.658   14.733   14.856   14.919
            0.291000  0.504027  0.000000
  -15.682  -13.438  -12.061   -3.274   -0.584    8.698    9.432   11.212   11.305   11.310
   11.392   13.358   13.643   14.743   14.865   14.932
            0.290667  0.503449  0.000000
  -15.693  -13.429  -12.053   -3.285   -0.573    8.699    9.416   11.196   11.290   11.309
   11.383   13.342   13.628   14.752   14.874   14.946
            0.290333  0.502872  0.000000
  -15.705  -13.421  -12.045   -3.297   -0.561    8.701    9.399   11.180   11.275   11.309
   11.375   13.326   13.612   14.762   14.882   14.959
            0.290000  0.502295  0.000000
  -15.717  -13.413  -12.038   -3.309   -0.550    8.703    9.382   11.164   11.260   11.308
   11.367   13.311   13.597   14.772   14.891   14.973
            0.289667  0.501717  0.000000
  -15.728  -13.405  -12.030   -3.320   -0.538    8.704    9.366   11.147   11.245   11.307
   11.359   13.295   13.581   14.781   14.900   14.986
            0.289333  0.501140  0.000000
  -15.740  -13.396  -12.022   -3.332   -0.526    8.705    9.349   11.131   11.231   11.307
   11.352   13.279   13.566   14.791   14.909   15.000
            0.289000  0.500563  0.000000
  -15.752  -13.388  -12.014   -3.343   -0.515    8.707    9.332   11.114   11.216   11.306
   11.344   13.264   13.550   14.801   14.918   15.014
            0.288667  0.499985  0.000000
  -15.763  -13.380  -12.007   -3.355   -0.503    8.708    9.316   11.097   11.201   11.305
   11.337   13.248   13.535   14.811   14.927   15.027
            0.288333  0.499408  0.000000
  -15.775  -13.372  -11.999   -3.367   -0.491    8.710    9.299   11.079   11.187   11.304
   11.330   13.233   13.519   14.821   14.936   15.041
            0.288000  0.498831  0.000000
  -15.787  -13.363  -11.991   -3.378   -0.480    8.711    9.282   11.062   11.172   11.303
   11.322   13.217   13.503   14.831   14.945   15.055
            0.287667  0.498253  0.000000
  -15.798  -13.355  -11.983   -3.390   -0.468    8.712    9.265   11.044   11.158   11.303
   11.315   13.202   13.488   14.841   14.954   15.069
            0.287333  0.497676  0.000000
  -15.810  -13.347  -11.975   -3.401   -0.456    8.713    9.249   11.027   11.144   11.302
   11.308   13.186   13.472   14.850   14.963   15.082
            0.287000  0.497099  0.000000
  -15.822  -13.338  -11.967   -3.413   -0.445    8.714    9.232   11.009   11.129   11.301
   11.301   13.171   13.456   14.860   14.973   15.096
            0.286667  0.496521  0.000000
  -15.833  -13.330  -11.959   -3.425   -0.433    8.715    9.215   10.991   11.115   11.294
   11.300   13.155   13.440   14.870   14.982   15.110
            0.286333  0.495944  0.000000
  -15.845  -13.322  -11.952   -3.436   -0.421    8.716    9.199   10.973   11.101   11.288
   11.299   13.140   13.424   14.881   14.991   15.124
            0.286000  0.495367  0.000000
  -15.857  -13.313  -11.944   -3.448   -0.409    8.717    9.182   10.956   11.087   11.281
   11.298   13.125   13.408   14.891   15.001   15.137
            0.285667  0.494789  0.000000
  -15.868  -13.305  -11.936   -3.460   -0.398    8.718    9.165   10.938   11.073   11.274
   11.297   13.109   13.392   14.901   15.010   15.151
            0.285333  0.494212  0.000000
  -15.880  -13.296  -11.928   -3.471   -0.386    8.719    9.148   10.920   11.059   11.267
   11.296   13.094   13.376   14.911   15.020   15.165
            0.285000  0.493634  0.000000
  -15.892  -13.288  -11.920   -3.483   -0.374    8.720    9.132   10.902   11.046   11.260
   11.294   13.079   13.360   14.921   15.029   15.179
            0.284667  0.493057  0.000000
  -15.903  -13.279  -11.912   -3.495   -0.362    8.720    9.115   10.884   11.032   11.253
   11.293   13.064   13.344   14.931   15.039   15.193
            0.284333  0.492480  0.000000
  -15.915  -13.271  -11.904   -3.507   -0.350    8.721    9.098   10.866   11.019   11.246
   11.292   13.048   13.328   14.941   15.049   15.207
            0.284000  0.491902  0.000000
  -15.927  -13.263  -11.895   -3.518   -0.339    8.722    9.082   10.848   11.005   11.239
   11.291   13.033   13.312   14.952   15.059   15.221
            0.283667  0.491325  0.000000
  -15.939  -13.254  -11.887   -3.530   -0.327    8.722    9.065   10.829   10.992   11.232
   11.290   13.018   13.296   14.962   15.068   15.235
            0.283333  0.490748  0.000000
  -15.950  -13.246  -11.879   -3.542   -0.315    8.722    9.048   10.811   10.978   11.226
   11.289   13.003   13.280   14.972   15.078   15.249
            0.283000  0.490170  0.000000
  -15.962  -13.237  -11.871   -3.553   -0.303    8.723    9.031   10.793   10.965   11.219
   11.287   12.988   13.264   14.982   15.088   15.263
            0.282667  0.489593  0.000000
  -15.974  -13.229  -11.863   -3.565   -0.291    8.723    9.015   10.775   10.952   11.212
   11.286   12.973   13.247   14.993   15.098   15.277
            0.282333  0.489016  0.000000
  -15.985  -13.220  -11.855   -3.577   -0.279    8.723    8.998   10.757   10.939   11.205
   11.285   12.958   13.231   15.003   15.108   15.291
            0.282000  0.488438  0.000000
  -15.997  -13.212  -11.847   -3.589   -0.267    8.723    8.981   10.739   10.926   11.198
   11.283   12.943   13.215   15.014   15.118   15.305
            0.281667  0.487861  0.000000
  -16.008  -13.203  -11.838   -3.600   -0.255    8.723    8.965   10.721   10.913   11.190
   11.282   12.928   13.199   15.024   15.128   15.319
            0.281333  0.487284  0.000000
  -16.020  -13.195  -11.830   -3.612   -0.243    8.723    8.948   10.703   10.901   11.183
   11.281   12.914   13.182   15.034   15.138   15.333
            0.281000  0.486706  0.000000
  -16.032  -13.186  -11.822   -3.624   -0.231    8.723    8.931   10.685   10.888   11.176
   11.279   12.899   13.166   15.045   15.149   15.347
            0.280667  0.486129  0.000000
  -16.043  -13.177  -11.814   -3.636   -0.219    8.723    8.915   10.666   10.875   11.169
   11.278   12.884   13.150   15.055   15.159   15.362
            0.280333  0.485552  0.000000
  -16.055  -13.169  -11.805   -3.647   -0.207    8.722    8.898   10.648   10.863   11.162
   11.276   12.869   13.134   15.066   15.169   15.376
            0.280000  0.484974  0.000000
  -16.067  -13.160  -11.797   -3.659   -0.195    8.722    8.881   10.630   10.851   11.155
   11.275   12.855   13.117   15.076   15.179   15.390
            0.279667  0.484397  0.000000
  -16.078  -13.152  -11.789   -3.671   -0.183    8.721    8.865   10.612   10.838   11.148
   11.273   12.840   13.101   15.087   15.190   15.404
            0.279333  0.483820  0.000000
  -16.090  -13.143  -11.780   -3.683   -0.171    8.721    8.848   10.594   10.826   11.140
   11.272   12.826   13.085   15.098   15.200   15.418
            0.279000  0.483242  0.000000
  -16.102  -13.134  -11.772   -3.694   -0.159    8.720    8.831   10.576   10.814   11.133
   11.270   12.811   13.068   15.108   15.211   15.433
            0.278667  0.482665  0.000000
  -16.113  -13.126  -11.764   -3.706   -0.147    8.719    8.815   10.558   10.802   11.126
   11.269   12.797   13.052   15.119   15.221   15.447
            0.278333  0.482087  0.000000
  -16.125  -13.117  -11.755   -3.718   -0.135    8.718    8.798   10.540   10.791   11.118
   11.267   12.782   13.036   15.130   15.232   15.461
            0.278000  0.481510  0.000000
  -16.137  -13.108  -11.747   -3.730   -0.123    8.717    8.781   10.522   10.779   11.111
   11.265   12.768   13.019   15.140   15.242   15.475
            0.277667  0.480933  0.000000
  -16.148  -13.100  -11.738   -3.742   -0.111    8.716    8.765   10.504   10.767   11.103
   11.264   12.754   13.003   15.151   15.253   15.490
            0.277333  0.480355  0.000000
  -16.160  -13.091  -11.730   -3.753   -0.098    8.715    8.748   10.486   10.756   11.096
   11.262   12.740   12.987   15.162   15.263   15.504
            0.277000  0.479778  0.000000
  -16.171  -13.082  -11.722   -3.765   -0.086    8.713    8.731   10.468   10.744   11.088
   11.260   12.726   12.970   15.173   15.274   15.519
            0.276667  0.479201  0.000000
  -16.183  -13.074  -11.713   -3.777   -0.074    8.712    8.715   10.450   10.733   11.081
   11.258   12.711   12.954   15.184   15.285   15.533
            0.276333  0.478623  0.000000
  -16.195  -13.065  -11.705   -3.789   -0.062    8.698    8.710   10.432   10.722   11.073
   11.257   12.697   12.937   15.194   15.295   15.547
            0.276000  0.478046  0.000000
  -16.206  -13.056  -11.696   -3.801   -0.050    8.682    8.709   10.414   10.711   11.066
   11.255   12.683   12.921   15.205   15.306   15.562
            0.275667  0.477469  0.000000
  -16.218  -13.047  -11.688   -3.812   -0.038    8.665    8.707   10.396   10.700   11.058
   11.253   12.670   12.905   15.216   15.317   15.576
            0.275333  0.476891  0.000000
  -16.229  -13.039  -11.679   -3.824   -0.025    8.648    8.705   10.378   10.689   11.050
   11.251   12.656   12.888   15.227   15.328   15.591
            0.275000  0.476314  0.000000
  -16.241  -13.030  -11.670   -3.836   -0.013    8.632    8.703   10.360   10.678   11.043
   11.250   12.642   12.872   15.238   15.339   15.605
            0.274667  0.475737  0.000000
  -16.253  -13.021  -11.662   -3.848   -0.001    8.615    8.701   10.342   10.667   11.035
   11.248   12.628   12.855   15.249   15.350   15.620
            0.274333  0.475159  0.000000
  -16.264  -13.012  -11.653   -3.860    0.012    8.599    8.698   10.324   10.657   11.027
   11.246   12.615   12.839   15.260   15.361   15.634
            0.274000  0.474582  0.000000
  -16.276  -13.003  -11.645   -3.872    0.024    8.582    8.696   10.306   10.647   11.020
   11.244   12.601   12.823   15.271   15.372   15.649
            0.273667  0.474005  0.000000
  -16.287  -12.995  -11.636   -3.883    0.036    8.566    8.694   10.288   10.636   11.012
   11.242   12.588   12.806   15.282   15.382   15.663
            0.273333  0.473427  0.000000
  -16.299  -12.986  -11.627   -3.895    0.048    8.549    8.691   10.270   10.626   11.004
   11.240   12.574   12.790   15.293   15.394   15.678
            0.273000  0.472850  0.000000
  -16.310  -12.977  -11.619   -3.907    0.061    8.532    8.688   10.252   10.616   10.996
   11.238   12.561   12.773   15.304   15.405   15.693
            0.272667  0.472273  0.000000
  -16.322  -12.968  -11.610   -3.919    0.073    8.516    8.685   10.235   10.606   10.988
   11.236   12.548   12.757   15.316   15.416   15.707
            0.272333  0.471695  0.000000
  -16.333  -12.959  -11.601   -3.931    0.085    8.499    8.682   10.217   10.596   10.980
   11.234   12.534   12.741   15.327   15.427   15.722
            0.272000  0.471118  0.000000
  -16.345  -12.950  -11.593   -3.943    0.098    8.483    8.679   10.199   10.586   10.972
   11.232   12.521   12.724   15.338   15.438   15.737
            0.271667  0.470540  0.000000
  -16.356  -12.941  -11.584   -3.954    0.110    8.466    8.676   10.181   10.577   10.964
   11.230   12.508   12.708   15.349   15.449   15.751
            0.271333  0.469963  0.000000
  -16.368  -12.932  -11.575   -3.966    0.123    8.450    8.672   10.163   10.567   10.956
   11.228   12.495   12.691   15.360   15.460   15.766
            0.271000  0.469386  0.000000
  -16.379  -12.924  -11.567   -3.978    0.135    8.433    8.669   10.146   10.558   10.948
   11.226   12.482   12.675   15.372   15.471   15.781
            0.270667  0.468808  0.000000
  -16.391  -12.915  -11.558   -3.990    0.148    8.417    8.665   10.128   10.548   10.940
   11.224   12.470   12.659   15.383   15.482   15.795
            0.270333  0.468231  0.000000
  -16.402  -12.906  -11.549   -4.002    0.160    8.401    8.661   10.110   10.539   10.932
   11.221   12.457   12.642   15.394   15.494   15.810
            0.270000  0.467654  0.000000
  -16.414  -12.897  -11.540   -4.014    0.172    8.384    8.658   10.093   10.530   10.924
   11.219   12.444   12.626   15.406   15.505   15.818
            0.269667  0.467076  0.000000
  -16.425  -12.888  -11.531   -4.025    0.185    8.368    8.654   10.075   10.521   10.916
   11.217   12.432   12.610   15.417   15.516   15.810
            0.269333  0.466499  0.000000
  -16.437  -12.879  -11.523   -4.037    0.197    8.351    8.649   10.057   10.512   10.907
   11.215   12.419   12.593   15.428   15.527   15.802
            0.269000  0.465922  0.000000
  -16.448  -12.870  -11.514   -4.049    0.210    8.335    8.645   10.040   10.503   10.899
   11.213   12.407   12.577   15.440   15.538   15.793
            0.268667  0.465344  0.000000
  -16.460  -12.861  -11.505   -4.061    0.222    8.318    8.641   10.022   10.494   10.891
   11.211   12.395   12.560   15.451   15.550   15.784
            0.268333  0.464767  0.000000
  -16.471  -12.852  -11.496   -4.073    0.235    8.302    8.636   10.004   10.486   10.883
   11.208   12.383   12.544   15.462   15.561   15.775
            0.268000  0.464190  0.000000
  -16.483  -12.843  -11.487   -4.085    0.248    8.286    8.631    9.987   10.477   10.874
   11.206   12.370   12.528   15.474   15.572   15.766
            0.267667  0.463612  0.000000
  -16.494  -12.834  -11.478   -4.097    0.260    8.269    8.626    9.969   10.469   10.866
   11.204   12.358   12.511   15.485   15.583   15.757
            0.267333  0.463035  0.000000
  -16.506  -12.825  -11.469   -4.108    0.273    8.253    8.621    9.952   10.460   10.858
   11.201   12.347   12.495   15.497   15.594   15.747
            0.267000  0.462458  0.000000
  -16.517  -12.816  -11.460   -4.120    0.285    8.237    8.616    9.934   10.452   10.849
   11.199   12.335   12.479   15.508   15.605   15.738
            0.266667  0.461880  0.000000
  -16.529  -12.806  -11.451   -4.132    0.298    8.220    8.611    9.917   10.444   10.841
   11.197   12.323   12.462   15.520   15.616   15.728
            0.266333  0.461303  0.000000
  -16.540  -12.797  -11.443   -4.144    0.311    8.204    8.606    9.899   10.436   10.832
   11.194   12.312   12.446   15.532   15.627   15.718
            0.266000  0.460726  0.000000
  -16.551  -12.788  -11.434   -4.156    0.323    8.188    8.600    9.882   10.428   10.824
   11.192   12.300   12.430   15.543   15.638   15.707
            0.265667  0.460148  0.000000
  -16.563  -12.779  -11.425   -4.168    0.336    8.171    8.594    9.864   10.420   10.815
   11.190   12.289   12.414   15.555   15.649   15.697
            0.265333  0.459571  0.000000
  -16.574  -12.770  -11.416   -4.180    0.348    8.155    8.589    9.847   10.412   10.807
   11.187   12.277   12.397   15.566   15.660   15.686
            0.265000  0.458993  0.000000
  -16.586  -12.761  -11.407   -4.191    0.361    8.139    8.583    9.829   10.405   10.798
   11.185   12.266   12.381   15.578   15.671   15.676
            0.264667  0.458416  0.000000
  -16.597  -12.752  -11.398   -4.203    0.374    8.122    8.577    9.812   10.397   10.790
   11.182   12.255   12.365   15.590   15.665   15.682
            0.264333  0.457839  0.000000
  -16.608  -12.743  -11.389   -4.215    0.387    8.106    8.570    9.795   10.389   10.781
   11.180   12.244   12.349   15.601   15.654   15.692
            0.264000  0.457261  0.000000
  -16.620  -12.733  -11.379   -4.227    0.399    8.090    8.564    9.777   10.382   10.773
   11.177   12.233   12.332   15.613   15.643   15.703
            0.263667  0.456684  0.000000
  -16.631  -12.724  -11.370   -4.239    0.412    8.074    8.558    9.760   10.375   10.764
   11.175   12.223   12.316   15.625   15.632   15.713
            0.263333  0.456107  0.000000
  -16.642  -12.715  -11.361   -4.251    0.425    8.058    8.551    9.742   10.367   10.755
   11.172   12.212   12.300   15.621   15.636   15.723
            0.263000  0.455529  0.000000
  -16.654  -12.706  -11.352   -4.263    0.438    8.041    8.544    9.725   10.360   10.747
   11.170   12.201   12.284   15.609   15.648   15.733
            0.262667  0.454952  0.000000
  -16.665  -12.697  -11.343   -4.274    0.450    8.025    8.537    9.708   10.353   10.738
   11.167   12.191   12.267   15.598   15.660   15.743
            0.262333  0.454375  0.000000
  -16.676  -12.687  -11.334   -4.286    0.463    8.009    8.530    9.691   10.346   10.729
   11.165   12.181   12.251   15.587   15.672   15.753
            0.262000  0.453797  0.000000
  -16.688  -12.678  -11.325   -4.298    0.476    7.993    8.523    9.673   10.339   10.721
   11.162   12.171   12.235   15.575   15.684   15.762
            0.261667  0.453220  0.000000
  -16.699  -12.669  -11.316   -4.310    0.489    7.977    8.516    9.656   10.331   10.712
   11.160   12.161   12.219   15.564   15.695   15.771
            0.261333  0.452643  0.000000
  -16.710  -12.660  -11.307   -4.322    0.502    7.961    8.509    9.639   10.325   10.703
   11.157   12.151   12.203   15.552   15.707   15.780
            0.261000  0.452065  0.000000
  -16.722  -12.650  -11.297   -4.334    0.514    7.944    8.501    9.622   10.318   10.694
   11.154   12.141   12.187   15.540   15.719   15.788
            0.260667  0.451488  0.000000
  -16.733  -12.641  -11.288   -4.346    0.527    7.928    8.494    9.605   10.311   10.685
   11.152   12.131   12.170   15.528   15.731   15.796
            0.260333  0.450911  0.000000
  -16.744  -12.632  -11.279   -4.357    0.540    7.912    8.486    9.587   10.304   10.677
   11.149   12.122   12.154   15.517   15.743   15.803
            0.260000  0.450333  0.000000
  -16.755  -12.622  -11.270   -4.369    0.553    7.896    8.478    9.570   10.297   10.668
   11.146   12.113   12.138   15.505   15.755   15.810
            0.259667  0.449756  0.000000
  -16.767  -12.613  -11.261   -4.381    0.566    7.880    8.470    9.553   10.290   10.659
   11.144   12.103   12.122   15.493   15.767   15.817
            0.259333  0.449179  0.000000
  -16.778  -12.604  -11.251   -4.393    0.579    7.864    8.462    9.536   10.284   10.650
   11.141   12.094   12.106   15.481   15.779   15.822
            0.259000  0.448601  0.000000
  -16.789  -12.594  -11.242   -4.405    0.592    7.848    8.454    9.519   10.277   10.641
   11.138   12.085   12.090   15.469   15.790   15.827
            0.258667  0.448024  0.000000
  -16.800  -12.585  -11.233   -4.417    0.605    7.832    8.445    9.502   10.270   10.632
   11.135   12.074   12.076   15.457   15.802   15.831
            0.258333  0.447446  0.000000
  -16.812  -12.576  -11.224   -4.428    0.618    7.816    8.437    9.485   10.264   10.623
   11.133   12.058   12.068   15.445   15.814   15.835
            0.258000  0.446869  0.000000
  -16.823  -12.566  -11.214   -4.440    0.631    7.800    8.429    9.468   10.257   10.614
   11.130   12.042   12.059   15.432   15.826   15.837
            0.257667  0.446292  0.000000
  -16.834  -12.557  -11.205   -4.452    0.644    7.784    8.420    9.451   10.250   10.605
   11.127   12.026   12.051   15.420   15.838   15.838
            0.257333  0.445714  0.000000
  -16.845  -12.547  -11.196   -4.464    0.657    7.768    8.411    9.434   10.244   10.596
   11.124   12.010   12.042   15.408   15.839   15.850
            0.257000  0.445137  0.000000
  -16.856  -12.538  -11.187   -4.476    0.670    7.752    8.402    9.417   10.237   10.587
   11.122   11.994   12.034   15.396   15.838   15.862
            0.256667  0.444560  0.000000
  -16.868  -12.529  -11.177   -4.488    0.683    7.736    8.393    9.400   10.231   10.578
   11.119   11.978   12.026   15.384   15.836   15.874
            0.256333  0.443982  0.000000
  -16.879  -12.519  -11.168   -4.499    0.696    7.720    8.384    9.383   10.224   10.569
   11.116   11.962   12.018   15.372   15.834   15.886
            0.256000  0.443405  0.000000
  -16.890  -12.510  -11.159   -4.511    0.709    7.704    8.375    9.366   10.218   10.560
   11.113   11.946   12.011   15.359   15.830   15.898
            0.255667  0.442828  0.000000
  -16.901  -12.500  -11.149   -4.523    0.722    7.688    8.366    9.349   10.211   10.551
   11.110   11.930   12.003   15.347   15.826   15.910
            0.255333  0.442250  0.000000
  -16.912  -12.491  -11.140   -4.535    0.735    7.672    8.356    9.333   10.205   10.542
   11.107   11.914   11.996   15.335   15.821   15.922
            0.255000  0.441673  0.000000
  -16.923  -12.481  -11.130   -4.547    0.748    7.657    8.347    9.316   10.198   10.533
   11.104   11.898   11.989   15.323   15.815   15.935
            0.254667  0.441096  0.000000
  -16.934  -12.472  -11.121   -4.559    0.761    7.641    8.337    9.299   10.192   10.524
   11.102   11.882   11.981   15.310   15.808   15.947
            0.254333  0.440518  0.000000
  -16.946  -12.462  -11.112   -4.570    0.774    7.625    8.328    9.282   10.185   10.515
   11.099   11.866   11.974   15.298   15.801   15.959
            0.254000  0.439941  0.000000
  -16.957  -12.453  -11.102   -4.582    0.787    7.609    8.318    9.265   10.179   10.506
   11.096   11.851   11.968   15.286   15.793   15.971
            0.253667  0.439364  0.000000
  -16.968  -12.443  -11.093   -4.594    0.800    7.593    8.308    9.249   10.172   10.496
   11.093   11.835   11.961   15.274   15.784   15.983
            0.253333  0.438786  0.000000
  -16.979  -12.434  -11.083   -4.606    0.814    7.578    8.298    9.232   10.165   10.487
   11.090   11.819   11.955   15.261   15.775   15.995
            0.253000  0.438209  0.000000
  -16.990  -12.424  -11.074   -4.617    0.827    7.562    8.288    9.215   10.159   10.478
   11.087   11.803   11.948   15.249   15.766   16.007
            0.252667  0.437632  0.000000
  -17.001  -12.415  -11.064   -4.629    0.840    7.546    8.278    9.199   10.152   10.469
   11.084   11.787   11.942   15.237   15.756   16.019
            0.252333  0.437054  0.000000
  -17.012  -12.405  -11.055   -4.641    0.853    7.530    8.268    9.182   10.145   10.460
   11.081   11.771   11.936   15.224   15.746   16.031
            0.252000  0.436477  0.000000
  -17.023  -12.395  -11.045   -4.653    0.866    7.515    8.257    9.165   10.139   10.450
   11.078   11.756   11.930   15.212   15.735   16.043
            0.251667  0.435899  0.000000
  -17.034  -12.386  -11.036   -4.665    0.880    7.499    8.247    9.149   10.132   10.441
   11.075   11.740   11.924   15.200   15.724   16.055
            0.251333  0.435322  0.000000
  -17.045  -12.376  -11.026   -4.676    0.893    7.483    8.237    9.132   10.125   10.432
   11.072   11.724   11.919   15.188   15.713   16.068
            0.251000  0.434745  0.000000
  -17.056  -12.367  -11.017   -4.688    0.906    7.467    8.226    9.115   10.118   10.423
   11.069   11.708   11.913   15.175   15.702   16.080
            0.250667  0.434167  0.000000
  -17.067  -12.357  -11.007   -4.700    0.919    7.452    8.216    9.099   10.112   10.413
   11.066   11.693   11.908   15.163   15.691   16.092
            0.250333  0.433590  0.000000
  -17.078  -12.347  -10.998   -4.712    0.933    7.436    8.205    9.082   10.105   10.404
   11.063   11.677   11.903   15.151   15.679   16.104
            0.250000  0.433013  0.000000
  -17.089  -12.338  -10.988   -4.723    0.946    7.421    8.194    9.066   10.098   10.395
   11.060   11.661   11.898   15.139   15.667   16.116
            0.249667  0.432435  0.000000
  -17.100  -12.328  -10.979   -4.735    0.959    7.405    8.183    9.049   10.091   10.386
   11.056   11.646   11.893   15.127   15.655   16.128
            0.249333  0.431858  0.000000
  -17.111  -12.318  -10.969   -4.747    0.972    7.389    8.172    9.033   10.084   10.376
   11.053   11.630   11.889   15.115   15.643   16.140
            0.249000  0.431281  0.000000
  -17.122  -12.309  -10.960   -4.759    0.986    7.374    8.161    9.016   10.077   10.367
   11.050   11.614   11.884   15.103   15.631   16.152
            0.248667  0.430703  0.000000
  -17.133  -12.299  -10.950   -4.770    0.999    7.358    8.150    9.000   10.069   10.358
   11.047   11.599   11.880   15.090   15.618   16.164
            0.248333  0.430126  0.000000
  -17.144  -12.289  -10.940   -4.782    1.012    7.343    8.139    8.984   10.062   10.348
   11.044   11.583   11.876   15.078   15.606   16.177
            0.248000  0.429549  0.000000
  -17.155  -12.279  -10.931   -4.794    1.026    7.327    8.128    8.967   10.055   10.339
   11.041   11.568   11.872   15.066   15.593   16.189
            0.247667  0.428971  0.000000
  -17.166  -12.270  -10.921   -4.806    1.039    7.312    8.117    8.951   10.048   10.330
   11.038   11.552   11.868   15.054   15.580   16.201
            0.247333  0.428394  0.000000
  -17.177  -12.260  -10.912   -4.817    1.053    7.296    8.106    8.934   10.040   10.320
   11.034   11.536   11.864   15.042   15.568   16.213
            0.247000  0.427817  0.000000
  -17.188  -12.250  -10.902   -4.829    1.066    7.281    8.094    8.918   10.033   10.311
   11.031   11.521   11.861   15.030   15.555   16.225
            0.246667  0.427239  0.000000
  -17.198  -12.240  -10.892   -4.841    1.079    7.265    8.083    8.902   10.026   10.302
   11.028   11.505   11.858   15.018   15.542   16.237
            0.246333  0.426662  0.000000
  -17.209  -12.231  -10.883   -4.853    1.093    7.250    8.072    8.885   10.018   10.292
   11.025   11.490   11.854   15.007   15.529   16.249
            0.246000  0.426084  0.000000
  -17.220  -12.221  -10.873   -4.864    1.106    7.234    8.060    8.869   10.010   10.283
   11.022   11.474   11.851   14.995   15.516   16.261
            0.245667  0.425507  0.000000
  -17.231  -12.211  -10.863   -4.876    1.120    7.219    8.049    8.853   10.003   10.273
   11.018   11.459   11.848   14.983   15.503   16.273
            0.245333  0.424930  0.000000
  -17.242  -12.201  -10.854   -4.888    1.133    7.203    8.037    8.837    9.995   10.264
   11.015   11.443   11.846   14.971   15.490   16.285
            0.245000  0.424352  0.000000
  -17.253  -12.191  -10.844   -4.899    1.147    7.188    8.025    8.821    9.987   10.255
   11.012   11.428   11.843   14.959   15.476   16.297
            0.244667  0.423775  0.000000
  -17.263  -12.182  -10.834   -4.911    1.160    7.173    8.014    8.804    9.979   10.245
   11.009   11.413   11.841   14.948   15.463   16.309
            0.244333  0.423198  0.000000
  -17.274  -12.172  -10.824   -4.923    1.174    7.157    8.002    8.788    9.971   10.236
   11.005   11.397   11.838   14.936   15.450   16.321
            0.244000  0.422620  0.000000
  -17.285  -12.162  -10.815   -4.934    1.187    7.142    7.990    8.772    9.963   10.226
   11.002   11.382   11.836   14.924   15.437   16.333
            0.243667  0.422043  0.000000
  -17.296  -12.152  -10.805   -4.946    1.201    7.127    7.978    8.756    9.955   10.217
   10.999   11.366   11.834   14.913   15.423   16.345
            0.243333  0.421466  0.000000
  -17.307  -12.142  -10.795   -4.958    1.214    7.111    7.966    8.740    9.947   10.207
   10.996   11.351   11.832   14.901   15.410   16.357
            0.243000  0.420888  0.000000
  -17.317  -12.132  -10.785   -4.969    1.228    7.096    7.954    8.724    9.939   10.198
   10.992   11.336   11.830   14.889   15.396   16.369
            0.242667  0.420311  0.000000
  -17.328  -12.122  -10.776   -4.981    1.241    7.081    7.942    8.708    9.931   10.188
   10.989   11.321   11.829   14.878   15.383   16.381
            0.242333  0.419734  0.000000
  -17.339  -12.112  -10.766   -4.993    1.255    7.066    7.930    8.692    9.923   10.179
   10.986   11.305   11.827   14.867   15.370   16.393
            0.242000  0.419156  0.000000
  -17.350  -12.102  -10.756   -5.004    1.268    7.050    7.918    8.676    9.914   10.170
   10.982   11.290   11.826   14.855   15.356   16.405
            0.241667  0.418579  0.000000
  -17.360  -12.092  -10.746   -5.016    1.282    7.035    7.906    8.660    9.906   10.160
   10.979   11.275   11.825   14.844   15.343   16.417
            0.241333  0.418002  0.000000
  -17.371  -12.083  -10.736   -5.028    1.295    7.020    7.894    8.644    9.897   10.151
   10.975   11.259   11.824   14.832   15.329   16.428
            0.241000  0.417424  0.000000
  -17.382  -12.073  -10.727   -5.039    1.309    7.005    7.882    8.628    9.889   10.141
   10.972   11.244   11.823   14.821   15.316   16.440
            0.240667  0.416847  0.000000
  -17.392  -12.063  -10.717   -5.051    1.323    6.990    7.870    8.612    9.880   10.132
   10.969   11.229   11.822   14.810   15.302   16.452
            0.240333  0.416270  0.000000
  -17.403  -12.053  -10.707   -5.062    1.336    6.974    7.858    8.596    9.871   10.122
   10.965   11.214   11.821   14.799   15.288   16.464
            0.240000  0.415692  0.000000
  -17.414  -12.043  -10.697   -5.074    1.350    6.959    7.845    8.580    9.862   10.113
   10.962   11.199   11.820   14.788   15.275   16.475
            0.239667  0.415115  0.000000
  -17.424  -12.033  -10.687   -5.086    1.364    6.944    7.833    8.564    9.853   10.103
   10.959   11.184   11.820   14.777   15.261   16.487
            0.239333  0.414537  0.000000
  -17.435  -12.023  -10.677   -5.097    1.377    6.929    7.821    8.548    9.845   10.094
   10.955   11.168   11.820   14.766   15.248   16.499
            0.239000  0.413960  0.000000
  -17.446  -12.013  -10.667   -5.109    1.391    6.914    7.808    8.532    9.836   10.084
   10.952   11.153   11.819   14.755   15.234   16.510
            0.238667  0.413383  0.000000
  -17.456  -12.003  -10.658   -5.120    1.405    6.899    7.796    8.517    9.826   10.075
   10.948   11.138   11.819   14.744   15.220   16.522
            0.238333  0.412805  0.000000
  -17.467  -11.992  -10.648   -5.132    1.418    6.884    7.784    8.501    9.817   10.065
   10.945   11.123   11.819   14.733   15.207   16.533
            0.238000  0.412228  0.000000
  -17.478  -11.982  -10.638   -5.143    1.432    6.869    7.771    8.485    9.808   10.055
   10.941   11.108   11.819   14.722   15.193   16.545
            0.237667  0.411651  0.000000
  -17.488  -11.972  -10.628   -5.155    1.446    6.854    7.759    8.469    9.799   10.046
   10.938   11.093   11.820   14.712   15.179   16.556
            0.237333  0.411073  0.000000
  -17.499  -11.962  -10.618   -5.167    1.460    6.839    7.746    8.454    9.789   10.036
   10.934   11.078   11.820   14.701   15.166   16.568
            0.237000  0.410496  0.000000
  -17.509  -11.952  -10.608   -5.178    1.473    6.824    7.734    8.438    9.780   10.027
   10.931   11.063   11.820   14.690   15.152   16.579
            0.236667  0.409919  0.000000
  -17.520  -11.942  -10.598   -5.190    1.487    6.809    7.721    8.422    9.771   10.017
   10.927   11.048   11.821   14.680   15.138   16.591
            0.236333  0.409341  0.000000
  -17.530  -11.932  -10.588   -5.201    1.501    6.794    7.708    8.407    9.761   10.008
   10.924   11.033   11.821   14.669   15.125   16.602
            0.236000  0.408764  0.000000
  -17.541  -11.922  -10.578   -5.213    1.515    6.779    7.696    8.391    9.752    9.998
   10.920   11.018   11.822   14.659   15.111   16.613
            0.235667  0.408187  0.000000
  -17.551  -11.912  -10.568   -5.224    1.529    6.764    7.683    8.375    9.742    9.989
   10.917   11.003   11.823   14.649   15.097   16.624
            0.235333  0.407609  0.000000
  -17.562  -11.902  -10.558   -5.236    1.542    6.749    7.671    8.360    9.732    9.979
   10.913   10.988   11.824   14.638   15.084   16.636
            0.235000  0.407032  0.000000
  -17.572  -11.891  -10.548   -5.247    1.556    6.735    7.658    8.344    9.722    9.970
   10.910   10.973   11.825   14.628   15.070   16.647
            0.234667  0.406455  0.000000
  -17.583  -11.881  -10.538   -5.259    1.570    6.720    7.645    8.329    9.713    9.960
   10.906   10.959   11.826   14.618   15.056   16.658
            0.234333  0.405877  0.000000
  -17.593  -11.871  -10.528   -5.270    1.584    6.705    7.633    8.313    9.703    9.951
   10.903   10.944   11.827   14.608   15.043   16.669
            0.234000  0.405300  0.000000
  -17.604  -11.861  -10.518   -5.282    1.598    6.690    7.620    8.298    9.693    9.941
   10.899   10.929   11.828   14.598   15.029   16.680
            0.233667  0.404723  0.000000
  -17.614  -11.851  -10.508   -5.293    1.612    6.675    7.607    8.282    9.683    9.931
   10.896   10.914   11.829   14.588   15.015   16.691
            0.233333  0.404145  0.000000
  -17.625  -11.840  -10.498   -5.305    1.625    6.661    7.594    8.267    9.673    9.922
   10.892   10.899   11.831   14.579   15.002   16.702
            0.233000  0.403568  0.000000
  -17.635  -11.830  -10.488   -5.316    1.639    6.646    7.582    8.251    9.663    9.912
   10.885   10.888   11.832   14.569   14.988   16.712
            0.232667  0.402990  0.000000
  -17.646  -11.820  -10.478   -5.327    1.653    6.631    7.569    8.236    9.652    9.903
   10.870   10.885   11.833   14.559   14.974   16.723
            0.232333  0.402413  0.000000
  -17.656  -11.810  -10.468   -5.339    1.667    6.616    7.556    8.220    9.642    9.893
   10.855   10.881   11.835   14.550   14.961   16.734
            0.232000  0.401836  0.000000
  -17.666  -11.799  -10.458   -5.350    1.681    6.602    7.543    8.205    9.632    9.884
   10.840   10.878   11.837   14.540   14.947   16.744
            0.231667  0.401258  0.000000
  -17.677  -11.789  -10.448   -5.362    1.695    6.587    7.530    8.190    9.622    9.874
   10.826   10.874   11.838   14.531   14.933   16.755
            0.231333  0.400681  0.000000
  -17.687  -11.779  -10.438   -5.373    1.709    6.572    7.518    8.174    9.611    9.865
   10.811   10.870   11.840   14.521   14.920   16.765
            0.231000  0.400104  0.000000
  -17.697  -11.769  -10.428   -5.385    1.723    6.558    7.505    8.159    9.601    9.855
   10.796   10.867   11.842   14.512   14.906   16.776
            0.230667  0.399526  0.000000
  -17.708  -11.758  -10.418   -5.396    1.737    6.543    7.492    8.144    9.590    9.845
   10.782   10.863   11.843   14.503   14.892   16.786
            0.230333  0.398949  0.000000
  -17.718  -11.748  -10.408   -5.407    1.751    6.528    7.479    8.129    9.580    9.836
   10.767   10.859   11.845   14.494   14.879   16.796
            0.230000  0.398372  0.000000
  -17.728  -11.738  -10.397   -5.419    1.765    6.514    7.466    8.113    9.569    9.826
   10.753   10.856   11.847   14.485   14.865   16.806
            0.229667  0.397794  0.000000
  -17.739  -11.727  -10.387   -5.430    1.779    6.499    7.453    8.098    9.559    9.817
   10.738   10.852   11.849   14.476   14.851   16.816
            0.229333  0.397217  0.000000
  -17.749  -11.717  -10.377   -5.442    1.793    6.485    7.440    8.083    9.548    9.807
   10.724   10.848   11.851   14.467   14.838   16.826
            0.229000  0.396640  0.000000
  -17.759  -11.707  -10.367   -5.453    1.807    6.470    7.428    8.068    9.538    9.798
   10.709   10.845   11.853   14.459   14.824   16.836
            0.228667  0.396062  0.000000
  -17.770  -11.696  -10.357   -5.464    1.821    6.456    7.415    8.053    9.527    9.788
   10.695   10.841   11.855   14.450   14.810   16.846
            0.228333  0.395485  0.000000
  -17.780  -11.686  -10.347   -5.476    1.835    6.441    7.402    8.037    9.516    9.778
   10.680   10.837   11.857   14.442   14.797   16.855
            0.228000  0.394908  0.000000
  -17.790  -11.676  -10.337   -5.487    1.849    6.427    7.389    8.022    9.505    9.769
   10.666   10.834   11.859   14.433   14.783   16.865
            0.227667  0.394330  0.000000
  -17.800  -11.665  -10.327   -5.498    1.863    6.412    7.376    8.007    9.494    9.759
   10.651   10.830   11.861   14.425   14.770   16.874
            0.227333  0.393753  0.000000
  -17.811  -11.655  -10.316   -5.510    1.877    6.398    7.363    7.992    9.484    9.750
   10.637   10.826   11.863   14.417   14.756   16.884
            0.227000  0.393176  0.000000
  -17.821  -11.644  -10.306   -5.521    1.891    6.383    7.350    7.977    9.473    9.740
   10.622   10.823   11.865   14.409   14.742   16.893
            0.226667  0.392598  0.000000
  -17.831  -11.634  -10.296   -5.532    1.905    6.369    7.337    7.962    9.462    9.731
   10.608   10.819   11.868   14.401   14.729   16.902
            0.226333  0.392021  0.000000
  -17.841  -11.623  -10.286   -5.544    1.919    6.355    7.324    7.947    9.451    9.721
   10.594   10.815   11.870   14.393   14.715   16.911
            0.226000  0.391443  0.000000
  -17.851  -11.613  -10.276   -5.555    1.934    6.340    7.311    7.932    9.440    9.712
   10.579   10.811   11.872   14.385   14.702   16.920
            0.225667  0.390866  0.000000
  -17.861  -11.603  -10.265   -5.566    1.948    6.326    7.298    7.917    9.429    9.702
   10.565   10.808   11.874   14.378   14.688   16.929
            0.225333  0.390289  0.000000
  -17.872  -11.592  -10.255   -5.577    1.962    6.312    7.285    7.902    9.418    9.693
   10.551   10.804   11.876   14.370   14.675   16.938
            0.225000  0.389711  0.000000
  -17.882  -11.582  -10.245   -5.589    1.976    6.297    7.272    7.887    9.406    9.683
   10.536   10.800   11.878   14.363   14.661   16.946
            0.224667  0.389134  0.000000
  -17.892  -11.571  -10.235   -5.600    1.990    6.283    7.259    7.872    9.395    9.673
   10.522   10.796   11.880   14.355   14.648   16.955
            0.224333  0.388557  0.000000
  -17.902  -11.561  -10.225   -5.611    2.004    6.269    7.246    7.857    9.384    9.664
   10.508   10.792   11.883   14.348   14.634   16.963
            0.224000  0.387979  0.000000
  -17.912  -11.550  -10.214   -5.622    2.018    6.255    7.233    7.843    9.373    9.654
   10.494   10.789   11.885   14.341   14.621   16.971
            0.223667  0.387402  0.000000
  -17.922  -11.540  -10.204   -5.634    2.033    6.240    7.220    7.828    9.362    9.645
   10.479   10.785   11.887   14.334   14.607   16.979
            0.223333  0.386825  0.000000
  -17.932  -11.529  -10.194   -5.645    2.047    6.226    7.208    7.813    9.350    9.635
   10.465   10.781   11.889   14.327   14.594   16.987
            0.223000  0.386247  0.000000
  -17.942  -11.518  -10.184   -5.656    2.061    6.212    7.195    7.798    9.339    9.626
   10.451   10.777   11.891   14.321   14.580   16.995
            0.222667  0.385670  0.000000
  -17.952  -11.508  -10.173   -5.667    2.075    6.198    7.182    7.783    9.328    9.616
   10.437   10.773   11.893   14.314   14.567   17.003
            0.222333  0.385093  0.000000
  -17.962  -11.497  -10.163   -5.678    2.089    6.184    7.169    7.769    9.316    9.607
   10.423   10.770   11.895   14.308   14.553   17.010
            0.222000  0.384515  0.000000
  -17.972  -11.487  -10.153   -5.690    2.104    6.169    7.156    7.754    9.305    9.597
   10.409   10.766   11.897   14.301   14.540   17.017
            0.221667  0.383938  0.000000
  -17.982  -11.476  -10.142   -5.701    2.118    6.155    7.143    7.739    9.294    9.588
   10.395   10.762   11.899   14.295   14.526   17.024
            0.221333  0.383361  0.000000
  -17.992  -11.466  -10.132   -5.712    2.132    6.141    7.130    7.725    9.282    9.578
   10.381   10.758   11.901   14.289   14.513   17.031
            0.221000  0.382783  0.000000
  -18.002  -11.455  -10.122   -5.723    2.146    6.127    7.117    7.710    9.271    9.569
   10.367   10.754   11.903   14.283   14.500   17.038
            0.220667  0.382206  0.000000
  -18.012  -11.444  -10.112   -5.734    2.161    6.113    7.104    7.695    9.259    9.559
   10.353   10.750   11.905   14.278   14.486   17.045
            0.220333  0.381629  0.000000
  -18.022  -11.434  -10.101   -5.745    2.175    6.099    7.091    7.681    9.248    9.550
   10.339   10.747   11.906   14.272   14.473   17.051
            0.220000  0.381051  0.000000
  -18.032  -11.423  -10.091   -5.756    2.189    6.085    7.078    7.666    9.236    9.540
   10.325   10.743   11.908   14.266   14.459   17.058
            0.219667  0.380474  0.000000
  -18.042  -11.413  -10.081   -5.767    2.204    6.071    7.065    7.651    9.225    9.531
   10.311   10.739   11.910   14.261   14.446   17.064
            0.219333  0.379896  0.000000
  -18.052  -11.402  -10.070   -5.779    2.218    6.057    7.052    7.637    9.213    9.521
   10.297   10.735   11.911   14.256   14.433   17.070
            0.219000  0.379319  0.000000
  -18.062  -11.391  -10.060   -5.790    2.232    6.043    7.039    7.622    9.202    9.512
   10.283   10.731   11.913   14.251   14.419   17.076
            0.218667  0.378742  0.000000
  -18.072  -11.381  -10.050   -5.801    2.247    6.029    7.026    7.608    9.190    9.502
   10.269   10.727   11.915   14.246   14.406   17.081
            0.218333  0.378164  0.000000
  -18.082  -11.370  -10.039   -5.812    2.261    6.015    7.013    7.593    9.179    9.493
   10.255   10.723   11.916   14.241   14.393   17.087
            0.218000  0.377587  0.000000
  -18.092  -11.359  -10.029   -5.823    2.275    6.001    7.000    7.579    9.167    9.483
   10.241   10.719   11.918   14.236   14.379   17.092
            0.217667  0.377010  0.000000
  -18.102  -11.348  -10.018   -5.834    2.290    5.988    6.987    7.564    9.155    9.474
   10.228   10.715   11.919   14.232   14.366   17.097
            0.217333  0.376432  0.000000
  -18.111  -11.338  -10.008   -5.845    2.304    5.974    6.974    7.550    9.144    9.464
   10.214   10.711   11.920   14.228   14.353   17.102
            0.217000  0.375855  0.000000
  -18.121  -11.327   -9.998   -5.856    2.318    5.960    6.961    7.536    9.132    9.455
   10.200   10.707   11.921   14.223   14.340   17.106
            0.216667  0.375278  0.000000
  -18.131  -11.316   -9.987   -5.867    2.333    5.946    6.949    7.521    9.120    9.445
   10.186   10.703   11.923   14.219   14.326   17.111
            0.216333  0.374700  0.000000
  -18.141  -11.306   -9.977   -5.878    2.347    5.932    6.936    7.507    9.109    9.436
   10.173   10.700   11.924   14.216   14.313   17.115
            0.216000  0.374123  0.000000
  -18.151  -11.295   -9.967   -5.889    2.362    5.918    6.923    7.493    9.097    9.426
   10.159   10.696   11.925   14.212   14.300   17.119
            0.215667  0.373546  0.000000
  -18.160  -11.284   -9.956   -5.900    2.376    5.905    6.910    7.478    9.085    9.417
   10.145   10.692   11.926   14.208   14.287   17.123
            0.215333  0.372968  0.000000
  -18.170  -11.273   -9.946   -5.911    2.390    5.891    6.897    7.464    9.074    9.407
   10.132   10.688   11.927   14.205   14.274   17.126
            0.215000  0.372391  0.000000
  -18.180  -11.262   -9.935   -5.922    2.405    5.877    6.884    7.450    9.062    9.398
   10.118   10.684   11.927   14.202   14.260   17.130
            0.214667  0.371814  0.000000
  -18.190  -11.252   -9.925   -5.933    2.419    5.863    6.871    7.435    9.050    9.389
   10.104   10.680   11.928   14.199   14.247   17.133
            0.214333  0.371236  0.000000
  -18.199  -11.241   -9.915   -5.944    2.434    5.850    6.858    7.421    9.039    9.379
   10.091   10.676   11.929   14.196   14.234   17.136
            0.214000  0.370659  0.000000
  -18.209  -11.230   -9.904   -5.955    2.448    5.836    6.846    7.407    9.027    9.370
   10.077   10.672   11.929   14.193   14.221   17.139
            0.213667  0.370082  0.000000
  -18.219  -11.219   -9.894   -5.966    2.463    5.822    6.833    7.393    9.015    9.360
   10.064   10.668   11.930   14.190   14.208   17.141
            0.213333  0.369504  0.000000
  -18.229  -11.208   -9.883   -5.977    2.477    5.809    6.820    7.379    9.003    9.351
   10.050   10.664   11.930   14.188   14.195   17.143
            0.213000  0.368927  0.000000
  -18.238  -11.198   -9.873   -5.987    2.492    5.795    6.807    7.365    8.991    9.341
   10.037   10.660   11.930   14.182   14.186   17.145
            0.212667  0.368349  0.000000
  -18.248  -11.187   -9.862   -5.998    2.506    5.782    6.794    7.350    8.980    9.332
   10.023   10.656   11.931   14.168   14.183   17.147
            0.212333  0.367772  0.000000
  -18.258  -11.176   -9.852   -6.009    2.521    5.768    6.781    7.336    8.968    9.323
   10.010   10.652   11.931   14.155   14.182   17.149
            0.212000  0.367195  0.000000
  -18.267  -11.165   -9.841   -6.020    2.535    5.755    6.769    7.322    8.956    9.313
    9.996   10.648   11.931   14.142   14.180   17.150
            0.211667  0.366617  0.000000
  -18.277  -11.154   -9.831   -6.031    2.550    5.741    6.756    7.308    8.944    9.304
    9.983   10.644   11.931   14.129   14.178   17.151
            0.211333  0.366040  0.000000
  -18.286  -11.143   -9.820   -6.042    2.564    5.727    6.743    7.294    8.932    9.294
    9.970   10.639   11.930   14.116   14.177   17.152
            0.211000  0.365463  0.000000
  -18.296  -11.132   -9.810   -6.053    2.579    5.714    6.730    7.280    8.921    9.285
    9.956   10.635   11.930   14.103   14.175   17.152
            0.210667  0.364885  0.000000
  -18.306  -11.121   -9.800   -6.064    2.593    5.701    6.717    7.266    8.909    9.276
    9.943   10.631   11.930   14.090   14.174   17.153
            0.210333  0.364308  0.000000
  -18.315  -11.110   -9.789   -6.074    2.608    5.687    6.705    7.252    8.897    9.266
    9.930   10.627   11.929   14.077   14.173   17.153
            0.210000  0.363731  0.000000
  -18.325  -11.100   -9.779   -6.085    2.622    5.674    6.692    7.238    8.885    9.257
    9.916   10.623   11.928   14.064   14.173   17.153
            0.209667  0.363153  0.000000
  -18.334  -11.089   -9.768   -6.096    2.637    5.660    6.679    7.224    8.873    9.248
    9.903   10.619   11.928   14.051   14.172   17.152
            0.209333  0.362576  0.000000
  -18.344  -11.078   -9.758   -6.107    2.652    5.647    6.666    7.210    8.862    9.238
    9.890   10.615   11.927   14.039   14.172   17.152
            0.209000  0.361999  0.000000
  -18.353  -11.067   -9.747   -6.117    2.666    5.633    6.654    7.197    8.850    9.229
    9.877   10.611   11.926   14.026   14.171   17.151
            0.208667  0.361421  0.000000
  -18.363  -11.056   -9.737   -6.128    2.681    5.620    6.641    7.183    8.838    9.220
    9.863   10.607   11.925   14.013   14.171   17.150
            0.208333  0.360844  0.000000
  -18.372  -11.045   -9.726   -6.139    2.695    5.607    6.628    7.169    8.826    9.210
    9.850   10.603   11.924   14.000   14.171   17.148
            0.208000  0.360267  0.000000
  -18.382  -11.034   -9.716   -6.150    2.710    5.593    6.616    7.155    8.814    9.201
    9.837   10.599   11.923   13.987   14.172   17.147
            0.207667  0.359689  0.000000
  -18.391  -11.023   -9.705   -6.160    2.725    5.580    6.603    7.141    8.802    9.192
    9.824   10.595   11.921   13.974   14.172   17.145
            0.207333  0.359112  0.000000
  -18.401  -11.012   -9.694   -6.171    2.739    5.567    6.590    7.127    8.791    9.182
    9.811   10.590   11.920   13.961   14.173   17.143
            0.207000  0.358535  0.000000
  -18.410  -11.001   -9.684   -6.182    2.754    5.554    6.578    7.114    8.779    9.173
    9.798   10.586   11.918   13.948   14.173   17.140
            0.206667  0.357957  0.000000
  -18.420  -10.990   -9.673   -6.193    2.768    5.540    6.565    7.100    8.767    9.164
    9.785   10.582   11.917   13.936   14.174   17.138
            0.206333  0.357380  0.000000
  -18.429  -10.979   -9.663   -6.203    2.783    5.527    6.552    7.086    8.755    9.154
    9.772   10.578   11.915   13.923   14.175   17.135
            0.206000  0.356802  0.000000
  -18.438  -10.968   -9.652   -6.214    2.798    5.514    6.540    7.073    8.743    9.145
    9.759   10.574   11.913   13.910   14.177   17.132
            0.205667  0.356225  0.000000
  -18.448  -10.957   -9.642   -6.225    2.812    5.501    6.527    7.059    8.731    9.136
    9.746   10.570   11.911   13.897   14.178   17.129
            0.205333  0.355648  0.000000
  -18.457  -10.945   -9.631   -6.235    2.827    5.488    6.514    7.045    8.720    9.126
    9.733   10.565   11.909   13.885   14.180   17.125
            0.205000  0.355070  0.000000
  -18.467  -10.934   -9.621   -6.246    2.842    5.475    6.502    7.032    8.708    9.117
    9.720   10.561   11.906   13.872   14.182   17.121
            0.204667  0.354493  0.000000
  -18.476  -10.923   -9.610   -6.256    2.856    5.461    6.489    7.018    8.696    9.108
    9.707   10.557   11.904   13.859   14.183   17.117
            0.204333  0.353916  0.000000
  -18.485  -10.912   -9.600   -6.267    2.871    5.448    6.477    7.005    8.684    9.099
    9.694   10.553   11.902   13.847   14.186   17.113
            0.204000  0.353338  0.000000
  -18.495  -10.901   -9.589   -6.278    2.886    5.435    6.464    6.991    8.672    9.089
    9.681   10.549   11.899   13.834   14.188   17.109
            0.203667  0.352761  0.000000
  -18.504  -10.890   -9.578   -6.288    2.901    5.422    6.452    6.977    8.660    9.080
    9.668   10.545   11.896   13.821   14.190   17.104
            0.203333  0.352184  0.000000
  -18.513  -10.879   -9.568   -6.299    2.915    5.409    6.439    6.964    8.649    9.071
    9.655   10.540   11.894   13.809   14.193   17.099
            0.203000  0.351606  0.000000
  -18.522  -10.868   -9.557   -6.309    2.930    5.396    6.427    6.950    8.637    9.061
    9.643   10.536   11.891   13.796   14.196   17.094
            0.202667  0.351029  0.000000
  -18.532  -10.857   -9.547   -6.320    2.945    5.383    6.414    6.937    8.625    9.052
    9.630   10.532   11.888   13.783   14.198   17.088
            0.202333  0.350452  0.000000
  -18.541  -10.846   -9.536   -6.330    2.960    5.370    6.402    6.924    8.613    9.043
    9.617   10.528   11.885   13.771   14.201   17.083
            0.202000  0.349874  0.000000
  -18.550  -10.834   -9.525   -6.341    2.974    5.357    6.389    6.910    8.601    9.034
    9.604   10.523   11.881   13.758   14.205   17.077
            0.201667  0.349297  0.000000
  -18.559  -10.823   -9.515   -6.352    2.989    5.344    6.377    6.897    8.590    9.025
    9.592   10.519   11.878   13.746   14.208   17.071
            0.201333  0.348720  0.000000
  -18.569  -10.812   -9.504   -6.362    3.004    5.331    6.364    6.883    8.578    9.015
    9.579   10.515   11.875   13.733   14.212   17.065
            0.201000  0.348142  0.000000
  -18.578  -10.801   -9.494   -6.372    3.019    5.319    6.352    6.870    8.566    9.006
    9.566   10.511   11.871   13.721   14.215   17.058
            0.200667  0.347565  0.000000
  -18.587  -10.790   -9.483   -6.383    3.033    5.306    6.339    6.857    8.554    8.997
    9.554   10.506   11.867   13.708   14.219   17.052
            0.200333  0.346988  0.000000
  -18.596  -10.778   -9.472   -6.393    3.048    5.293    6.327    6.843    8.542    8.988
    9.541   10.502   11.864   13.696   14.223   17.045
            0.200000  0.346410  0.000000
  -18.605  -10.767   -9.462   -6.404    3.063    5.280    6.314    6.830    8.531    8.979
    9.529   10.498   11.860   13.683   14.227   17.038
            0.199667  0.345833  0.000000
  -18.615  -10.756   -9.451   -6.414    3.078    5.267    6.302    6.817    8.519    8.969
    9.516   10.494   11.856   13.671   14.231   17.030
            0.199333  0.345255  0.000000
  -18.624  -10.745   -9.441   -6.425    3.092    5.254    6.290    6.804    8.507    8.960
    9.504   10.489   11.852   13.658   14.236   17.023
            0.199000  0.344678  0.000000
  -18.633  -10.734   -9.430   -6.435    3.107    5.242    6.277    6.790    8.495    8.951
    9.491   10.485   11.848   13.646   14.240   17.015
            0.198667  0.344101  0.000000
  -18.642  -10.722   -9.419   -6.446    3.122    5.229    6.265    6.777    8.484    8.942
    9.479   10.481   11.843   13.633   14.245   17.007
            0.198333  0.343523  0.000000
  -18.651  -10.711   -9.409   -6.456    3.137    5.216    6.253    6.764    8.472    8.933
    9.466   10.476   11.839   13.621   14.250   16.999
            0.198000  0.342946  0.000000
  -18.660  -10.700   -9.398   -6.466    3.152    5.203    6.240    6.751    8.460    8.923
    9.454   10.472   11.835   13.609   14.255   16.991
            0.197667  0.342369  0.000000
  -18.669  -10.689   -9.387   -6.477    3.167    5.191    6.228    6.738    8.448    8.914
    9.441   10.468   11.830   13.596   14.260   16.983
            0.197333  0.341791  0.000000
  -18.678  -10.677   -9.377   -6.487    3.181    5.178    6.216    6.725    8.437    8.905
    9.429   10.463   11.825   13.584   14.265   16.974
            0.197000  0.341214  0.000000
  -18.687  -10.666   -9.366   -6.497    3.196    5.165    6.204    6.711    8.425    8.896
    9.417   10.459   11.821   13.572   14.270   16.965
            0.196667  0.340637  0.000000
  -18.696  -10.655   -9.355   -6.508    3.211    5.153    6.191    6.698    8.413    8.887
    9.404   10.455   11.816   13.559   14.276   16.956
            0.196333  0.340059  0.000000
  -18.705  -10.643   -9.345   -6.518    3.226    5.140    6.179    6.685    8.402    8.878
    9.392   10.450   11.811   13.547   14.282   16.947
            0.196000  0.339482  0.000000
  -18.714  -10.632   -9.334   -6.528    3.241    5.128    6.167    6.672    8.390    8.869
    9.380   10.446   11.806   13.535   14.287   16.938
            0.195667  0.338905  0.000000
  -18.723  -10.621   -9.323   -6.539    3.256    5.115    6.155    6.659    8.378    8.860
    9.368   10.442   11.801   13.523   14.293   16.928
            0.195333  0.338327  0.000000
  -18.732  -10.609   -9.313   -6.549    3.271    5.103    6.142    6.646    8.367    8.850
    9.355   10.437   11.796   13.510   14.299   16.919
            0.195000  0.337750  0.000000
  -18.741  -10.598   -9.302   -6.559    3.285    5.090    6.130    6.633    8.355    8.841
    9.343   10.433   11.790   13.498   14.305   16.909
            0.194667  0.337173  0.000000
  -18.750  -10.587   -9.291   -6.569    3.300    5.077    6.118    6.620    8.343    8.832
    9.331   10.429   11.785   13.486   14.311   16.899
            0.194333  0.336595  0.000000
  -18.759  -10.575   -9.281   -6.580    3.315    5.065    6.106    6.608    8.332    8.823
    9.319   10.424   11.780   13.474   14.318   16.889
            0.194000  0.336018  0.000000
  -18.768  -10.564   -9.270   -6.590    3.330    5.053    6.094    6.595    8.320    8.814
    9.307   10.420   11.774   13.462   14.324   16.878
            0.193667  0.335441  0.000000
  -18.777  -10.553   -9.259   -6.600    3.345    5.040    6.082    6.582    8.308    8.805
    9.295   10.415   11.768   13.449   14.331   16.868
            0.193333  0.334863  0.000000
  -18.786  -10.541   -9.249   -6.610    3.360    5.028    6.070    6.569    8.297    8.796
    9.283   10.411   11.763   13.437   14.337   16.857
            0.193000  0.334286  0.000000
  -18.795  -10.530   -9.238   -6.620    3.375    5.015    6.058    6.556    8.285    8.787
    9.271   10.407   11.757   13.425   14.344   16.847
            0.192667  0.333708  0.000000
  -18.804  -10.518   -9.227   -6.631    3.390    5.003    6.045    6.543    8.274    8.778
    9.259   10.402   11.751   13.413   14.351   16.836
            0.192333  0.333131  0.000000
  -18.812  -10.507   -9.217   -6.641    3.405    4.991    6.033    6.531    8.262    8.769
    9.247   10.398   11.745   13.401   14.358   16.825
            0.192000  0.332554  0.000000
  -18.821  -10.496   -9.206   -6.651    3.420    4.978    6.021    6.518    8.251    8.760
    9.235   10.393   11.739   13.389   14.365   16.814
            0.191667  0.331976  0.000000
  -18.830  -10.484   -9.195   -6.661    3.435    4.966    6.009    6.505    8.239    8.751
    9.223   10.389   11.733   13.377   14.372   16.802
            0.191333  0.331399  0.000000
  -18.839  -10.473   -9.185   -6.671    3.450    4.954    5.997    6.492    8.227    8.742
    9.211   10.384   11.727   13.365   14.380   16.791
            0.191000  0.330822  0.000000
  -18.848  -10.461   -9.174   -6.681    3.464    4.941    5.985    6.480    8.216    8.733
    9.199   10.380   11.721   13.353   14.387   16.780
            0.190667  0.330244  0.000000
  -18.856  -10.450   -9.163   -6.691    3.479    4.929    5.973    6.467    8.204    8.724
    9.187   10.375   11.715   13.341   14.394   16.768
            0.190333  0.329667  0.000000
  -18.865  -10.438   -9.153   -6.702    3.494    4.917    5.961    6.454    8.193    8.715
    9.176   10.371   11.708   13.329   14.402   16.756
            0.190000  0.329090  0.000000
  -18.874  -10.427   -9.142   -6.712    3.509    4.905    5.949    6.442    8.181    8.705
    9.164   10.366   11.702   13.317   14.409   16.744
            0.189667  0.328512  0.000000
  -18.883  -10.415   -9.131   -6.722    3.524    4.892    5.938    6.429    8.170    8.696
    9.152   10.362   11.695   13.305   14.417   16.732
            0.189333  0.327935  0.000000
  -18.891  -10.404   -9.121   -6.732    3.539    4.880    5.926    6.416    8.158    8.687
    9.140   10.357   11.689   13.293   14.425   16.720
            0.189000  0.327358  0.000000
  -18.900  -10.392   -9.110   -6.742    3.554    4.868    5.914    6.404    8.147    8.678
    9.129   10.353   11.682   13.281   14.433   16.708
            0.188667  0.326780  0.000000
  -18.909  -10.381   -9.099   -6.752    3.569    4.856    5.902    6.391    8.135    8.669
    9.117   10.348   11.676   13.270   14.441   16.695
            0.188333  0.326203  0.000000
  -18.917  -10.369   -9.088   -6.762    3.584    4.844    5.890    6.379    8.124    8.660
    9.105   10.344   11.669   13.258   14.449   16.683
            0.188000  0.325626  0.000000
  -18.926  -10.358   -9.078   -6.772    3.599    4.832    5.878    6.366    8.113    8.652
    9.094   10.339   11.662   13.246   14.457   16.670
            0.187667  0.325048  0.000000
  -18.935  -10.346   -9.067   -6.782    3.614    4.820    5.866    6.354    8.101    8.643
    9.082   10.335   11.655   13.234   14.465   16.658
            0.187333  0.324471  0.000000
  -18.943  -10.335   -9.056   -6.792    3.629    4.808    5.855    6.341    8.090    8.634
    9.071   10.330   11.648   13.222   14.473   16.645
            0.187000  0.323894  0.000000
  -18.952  -10.323   -9.046   -6.802    3.644    4.796    5.843    6.329    8.078    8.625
    9.059   10.326   11.642   13.210   14.482   16.632
            0.186667  0.323316  0.000000
  -18.961  -10.312   -9.035   -6.811    3.659    4.783    5.831    6.317    8.067    8.616
    9.048   10.321   11.635   13.199   14.490   16.619
            0.186333  0.322739  0.000000
  -18.969  -10.300   -9.024   -6.821    3.674    4.771    5.819    6.304    8.056    8.607
    9.036   10.317   11.627   13.187   14.498   16.606
            0.186000  0.322161  0.000000
  -18.978  -10.289   -9.013   -6.831    3.689    4.760    5.807    6.292    8.044    8.598
    9.025   10.312   11.620   13.175   14.507   16.593
            0.185667  0.321584  0.000000
  -18.986  -10.277   -9.003   -6.841    3.704    4.748    5.796    6.280    8.033    8.589
    9.013   10.307   11.613   13.164   14.516   16.579
            0.185333  0.321007  0.000000
  -18.995  -10.266   -8.992   -6.851    3.719    4.736    5.784    6.267    8.022    8.580
    9.002   10.303   11.606   13.152   14.524   16.566
            0.185000  0.320429  0.000000
  -19.003  -10.254   -8.981   -6.861    3.734    4.724    5.772    6.255    8.010    8.571
    8.990   10.298   11.599   13.140   14.533   16.553
            0.184667  0.319852  0.000000
  -19.012  -10.242   -8.971   -6.871    3.749    4.712    5.761    6.243    7.999    8.562
    8.979   10.294   11.591   13.129   14.542   16.539
            0.184333  0.319275  0.000000
  -19.020  -10.231   -8.960   -6.881    3.764    4.700    5.749    6.230    7.988    8.553
    8.968   10.289   11.584   13.117   14.550   16.525
            0.184000  0.318697  0.000000
  -19.029  -10.219   -8.949   -6.890    3.779    4.688    5.737    6.218    7.976    8.544
    8.957   10.284   11.577   13.105   14.559   16.512
            0.183667  0.318120  0.000000
  -19.037  -10.208   -8.938   -6.900    3.794    4.676    5.726    6.206    7.965    8.535
    8.945   10.280   11.569   13.094   14.568   16.498
            0.183333  0.317543  0.000000
  -19.046  -10.196   -8.928   -6.910    3.810    4.664    5.714    6.194    7.954    8.526
    8.934   10.275   11.562   13.082   14.577   16.484
            0.183000  0.316965  0.000000
  -19.054  -10.184   -8.917   -6.920    3.825    4.653    5.703    6.182    7.943    8.517
    8.923   10.270   11.554   13.071   14.586   16.470
            0.182667  0.316388  0.000000
  -19.063  -10.173   -8.906   -6.930    3.840    4.641    5.691    6.169    7.931    8.508
    8.912   10.266   11.547   13.059   14.595   16.456
            0.182333  0.315811  0.000000
  -19.071  -10.161   -8.895   -6.939    3.855    4.629    5.680    6.157    7.920    8.500
    8.901   10.261   11.539   13.048   14.604   16.442
            0.182000  0.315233  0.000000
  -19.080  -10.149   -8.885   -6.949    3.870    4.617    5.668    6.145    7.909    8.491
    8.890   10.256   11.532   13.036   14.613   16.428
            0.181667  0.314656  0.000000
  -19.088  -10.138   -8.874   -6.959    3.885    4.606    5.656    6.133    7.898    8.482
    8.879   10.252   11.524   13.025   14.622   16.414
            0.181333  0.314079  0.000000
  -19.096  -10.126   -8.863   -6.969    3.900    4.594    5.645    6.121    7.887    8.473
    8.868   10.247   11.516   13.013   14.631   16.399
            0.181000  0.313501  0.000000
  -19.105  -10.114   -8.853   -6.978    3.915    4.582    5.633    6.109    7.876    8.464
    8.857   10.242   11.508   13.002   14.640   16.385
            0.180667  0.312924  0.000000
  -19.113  -10.103   -8.842   -6.988    3.930    4.571    5.622    6.097    7.864    8.455
    8.846   10.238   11.501   12.990   14.649   16.370
            0.180333  0.312346  0.000000
  -19.122  -10.091   -8.831   -6.998    3.945    4.559    5.611    6.085    7.853    8.446
    8.835   10.233   11.493   12.979   14.659   16.356
            0.180000  0.311769  0.000000
  -19.130  -10.079   -8.820   -7.007    3.960    4.548    5.599    6.073    7.842    8.437
    8.824   10.228   11.485   12.968   14.668   16.341
            0.179667  0.311192  0.000000
  -19.138  -10.068   -8.810   -7.017    3.975    4.536    5.588    6.061    7.831    8.428
    8.813   10.223   11.477   12.956   14.677   16.327
            0.179333  0.310614  0.000000
  -19.146  -10.056   -8.799   -7.026    3.990    4.524    5.576    6.049    7.820    8.420
    8.802   10.219   11.469   12.945   14.686   16.312
            0.179000  0.310037  0.000000
  -19.155  -10.044   -8.788   -7.036    4.005    4.513    5.565    6.037    7.809    8.411
    8.791   10.214   11.461   12.934   14.695   16.297
            0.178667  0.309460  0.000000
  -19.163  -10.032   -8.777   -7.046    4.021    4.501    5.554    6.025    7.798    8.402
    8.781   10.209   11.453   12.922   14.705   16.282
            0.178333  0.308882  0.000000
  -19.171  -10.021   -8.767   -7.055    4.036    4.490    5.542    6.014    7.787    8.393
    8.770   10.204   11.445   12.911   14.714   16.268
            0.178000  0.308305  0.000000
  -19.179  -10.009   -8.756   -7.065    4.051    4.478    5.531    6.002    7.776    8.384
    8.759   10.199   11.437   12.900   14.723   16.253
            0.177667  0.307728  0.000000
  -19.188   -9.997   -8.745   -7.074    4.066    4.467    5.520    5.990    7.765    8.375
    8.748   10.195   11.429   12.888   14.733   16.238
            0.177333  0.307150  0.000000
  -19.196   -9.985   -8.735   -7.084    4.081    4.456    5.508    5.978    7.754    8.366
    8.738   10.190   11.421   12.877   14.742   16.223
            0.177000  0.306573  0.000000
  -19.204   -9.974   -8.724   -7.093    4.096    4.444    5.497    5.966    7.743    8.358
    8.727   10.185   11.413   12.866   14.751   16.208
            0.176667  0.305996  0.000000
  -19.212   -9.962   -8.713   -7.103    4.111    4.433    5.486    5.955    7.732    8.349
    8.717   10.180   11.405   12.855   14.760   16.192
            0.176333  0.305418  0.000000
  -19.220   -9.950   -8.702   -7.112    4.126    4.421    5.475    5.943    7.721    8.340
    8.706   10.175   11.397   12.844   14.770   16.177
            0.176000  0.304841  0.000000
  -19.229   -9.938   -8.692   -7.122    4.141    4.410    5.463    5.931    7.710    8.331
    8.695   10.171   11.389   12.833   14.779   16.162
            0.175667  0.304264  0.000000
  -19.237   -9.927   -8.681   -7.131    4.157    4.399    5.452    5.919    7.699    8.322
    8.685   10.166   11.380   12.821   14.788   16.147
            0.175333  0.303686  0.000000
  -19.245   -9.915   -8.670   -7.141    4.172    4.387    5.441    5.908    7.688    8.313
    8.675   10.161   11.372   12.810   14.798   16.131
            0.175000  0.303109  0.000000
  -19.253   -9.903   -8.659   -7.150    4.187    4.376    5.430    5.896    7.678    8.305
    8.664   10.156   11.364   12.799   14.807   16.116
            0.174667  0.302532  0.000000
  -19.261   -9.891   -8.649   -7.160    4.202    4.365    5.419    5.885    7.667    8.296
    8.654   10.151   11.356   12.788   14.816   16.101
            0.174333  0.301954  0.000000
  -19.269   -9.879   -8.638   -7.169    4.217    4.354    5.408    5.873    7.656    8.287
    8.643   10.146   11.347   12.777   14.825   16.085
            0.174000  0.301377  0.000000
  -19.277   -9.868   -8.627   -7.179    4.232    4.342    5.397    5.861    7.645    8.278
    8.633   10.141   11.339   12.766   14.834   16.070
            0.173667  0.300799  0.000000
  -19.285   -9.856   -8.617   -7.188    4.247    4.331    5.386    5.850    7.634    8.269
    8.623   10.136   11.331   12.755   14.844   16.054
            0.173333  0.300222  0.000000
  -19.293   -9.844   -8.606   -7.197    4.262    4.320    5.375    5.838    7.623    8.261
    8.613   10.131   11.322   12.744   14.853   16.039
            0.173000  0.299645  0.000000
  -19.301   -9.832   -8.595   -7.207    4.278    4.309    5.363    5.827    7.613    8.252
    8.602   10.126   11.314   12.733   14.862   16.023
            0.172667  0.299067  0.000000
  -19.309   -9.820   -8.584   -7.216    4.293    4.298    5.352    5.815    7.602    8.243
    8.592   10.122   11.306   12.722   14.871   16.008
            0.172333  0.298490  0.000000
  -19.317   -9.808   -8.574   -7.225    4.287    4.308    5.341    5.804    7.591    8.234
    8.582   10.117   11.297   12.711   14.880   15.992
            0.172000  0.297913  0.000000
  -19.325   -9.796   -8.563   -7.235    4.275    4.323    5.330    5.792    7.580    8.225
    8.572   10.112   11.289   12.700   14.889   15.976
            0.171667  0.297335  0.000000
  -19.333   -9.785   -8.552   -7.244    4.264    4.338    5.320    5.781    7.570    8.217
    8.562   10.107   11.281   12.689   14.898   15.960
            0.171333  0.296758  0.000000
  -19.341   -9.773   -8.542   -7.253    4.253    4.353    5.309    5.770    7.559    8.208
    8.552   10.102   11.272   12.679   14.907   15.945
            0.171000  0.296181  0.000000
  -19.349   -9.761   -8.531   -7.262    4.242    4.368    5.298    5.758    7.548    8.199
    8.542   10.097   11.264   12.668   14.916   15.929
            0.170667  0.295603  0.000000
  -19.357   -9.749   -8.520   -7.272    4.231    4.383    5.287    5.747    7.538    8.190
    8.532   10.092   11.255   12.657   14.925   15.913
            0.170333  0.295026  0.000000
  -19.365   -9.737   -8.509   -7.281    4.220    4.399    5.276    5.736    7.527    8.181
    8.522   10.087   11.247   12.646   14.934   15.897
            0.170000  0.294449  0.000000
  -19.373   -9.725   -8.499   -7.290    4.209    4.414    5.265    5.724    7.516    8.173
    8.512   10.082   11.238   12.635   14.942   15.881
            0.169667  0.293871  0.000000
  -19.381   -9.713   -8.488   -7.299    4.198    4.429    5.254    5.713    7.506    8.164
    8.502   10.077   11.230   12.624   14.951   15.865
            0.169333  0.293294  0.000000
  -19.389   -9.701   -8.477   -7.308    4.187    4.444    5.243    5.702    7.495    8.155
    8.492   10.071   11.221   12.614   14.960   15.850
            0.169000  0.292717  0.000000
  -19.397   -9.689   -8.467   -7.318    4.176    4.459    5.232    5.690    7.485    8.146
    8.482   10.066   11.213   12.603   14.968   15.834
            0.168667  0.292139  0.000000
  -19.404   -9.678   -8.456   -7.327    4.166    4.474    5.222    5.679    7.474    8.137
    8.473   10.061   11.204   12.592   14.977   15.818
            0.168333  0.291562  0.000000
  -19.412   -9.666   -8.445   -7.336    4.155    4.489    5.211    5.668    7.464    8.129
    8.463   10.056   11.196   12.582   14.985   15.802
            0.168000  0.290985  0.000000
  -19.420   -9.654   -8.434   -7.345    4.144    4.505    5.200    5.657    7.453    8.120
    8.453   10.051   11.187   12.571   14.994   15.786
            0.167667  0.290407  0.000000
  -19.428   -9.642   -8.424   -7.354    4.133    4.520    5.189    5.646    7.443    8.111
    8.443   10.046   11.179   12.560   15.002   15.770
            0.167333  0.289830  0.000000
  -19.436   -9.630   -8.413   -7.363    4.122    4.535    5.179    5.635    7.432    8.102
    8.434   10.041   11.170   12.550   15.010   15.753
            0.167000  0.289252  0.000000
  -19.443   -9.618   -8.402   -7.372    4.111    4.550    5.168    5.623    7.422    8.093
    8.424   10.036   11.162   12.539   15.019   15.737
            0.166667  0.288675  0.000000
  -19.451   -9.606   -8.392   -7.381    4.101    4.565    5.157    5.612    7.411    8.085
    8.415   10.031   11.153   12.528   15.027   15.721
            0.166333  0.288098  0.000000
  -19.459   -9.594   -8.381   -7.390    4.090    4.580    5.147    5.601    7.401    8.076
    8.405   10.025   11.145   12.518   15.035   15.705
            0.166000  0.287520  0.000000
  -19.467   -9.582   -8.370   -7.399    4.079    4.595    5.136    5.590    7.390    8.067
    8.396   10.020   11.136   12.507   15.043   15.689
            0.165667  0.286943  0.000000
  -19.474   -9.570   -8.360   -7.408    4.069    4.611    5.125    5.579    7.380    8.058
    8.386   10.015   11.127   12.497   15.051   15.673
            0.165333  0.286366  0.000000
  -19.482   -9.558   -8.349   -7.417    4.058    4.626    5.115    5.568    7.370    8.050
    8.377   10.010   11.119   12.486   15.059   15.657
            0.165000  0.285788  0.000000
  -19.490   -9.546   -8.338   -7.426    4.047    4.641    5.104    5.557    7.359    8.041
    8.367   10.005   11.110   12.476   15.066   15.640
            0.164667  0.285211  0.000000
  -19.497   -9.534   -8.328   -7.435    4.037    4.656    5.094    5.546    7.349    8.032
    8.358    9.999   11.102   12.465   15.074   15.624
            0.164333  0.284634  0.000000
  -19.505   -9.522   -8.317   -7.444    4.026    4.671    5.083    5.535    7.338    8.023
    8.349    9.994   11.093   12.455   15.082   15.608
            0.164000  0.284056  0.000000
  -19.513   -9.510   -8.306   -7.453    4.015    4.686    5.073    5.524    7.328    8.015
    8.339    9.989   11.084   12.444   15.089   15.592
            0.163667  0.283479  0.000000
  -19.520   -9.498   -8.296   -7.462    4.005    4.701    5.062    5.514    7.318    8.006
    8.330    9.984   11.076   12.434   15.097   15.576
            0.163333  0.282902  0.000000
  -19.528   -9.486   -8.285   -7.471    3.994    4.717    5.052    5.503    7.308    7.997
    8.321    9.978   11.067   12.423   15.104   15.559
            0.163000  0.282324  0.000000
  -19.535   -9.474   -8.274   -7.480    3.984    4.732    5.041    5.492    7.297    7.988
    8.312    9.973   11.059   12.413   15.111   15.543
            0.162667  0.281747  0.000000
  -19.543   -9.462   -8.264   -7.489    3.973    4.747    5.031    5.481    7.287    7.980
    8.303    9.968   11.050   12.403   15.118   15.527
            0.162333  0.281170  0.000000
  -19.551   -9.450   -8.253   -7.498    3.963    4.762    5.020    5.470    7.277    7.971
    8.293    9.963   11.041   12.392   15.125   15.510
            0.162000  0.280592  0.000000
  -19.558   -9.438   -8.242   -7.507    3.952    4.777    5.010    5.459    7.267    7.962
    8.284    9.957   11.033   12.382   15.132   15.494
            0.161667  0.280015  0.000000
  -19.566   -9.426   -8.232   -7.515    3.942    4.792    5.000    5.449    7.256    7.953
    8.275    9.952   11.024   12.372   15.139   15.478
            0.161333  0.279438  0.000000
  -19.573   -9.414   -8.221   -7.524    3.931    4.807    4.989    5.438    7.246    7.945
    8.266    9.947   11.016   12.361   15.146   15.461
            0.161000  0.278860  0.000000
  -19.581   -9.402   -8.210   -7.533    3.921    4.823    4.979    5.427    7.236    7.936
    8.257    9.941   11.007   12.351   15.153   15.445
            0.160667  0.278283  0.000000
  -19.588   -9.390   -8.200   -7.542    3.911    4.838    4.968    5.417    7.226    7.927
    8.248    9.936   10.998   12.341   15.159   15.429
            0.160333  0.277705  0.000000
  -19.596   -9.378   -8.189   -7.551    3.900    4.853    4.958    5.406    7.216    7.918
    8.240    9.930   10.990   12.331   15.165   15.412
            0.160000  0.277128  0.000000
  -19.603   -9.366   -8.178   -7.559    3.890    4.868    4.948    5.395    7.206    7.910
    8.231    9.925   10.981   12.320   15.172   15.396
            0.159667  0.276551  0.000000
  -19.611   -9.353   -8.168   -7.568    3.880    4.883    4.938    5.385    7.196    7.901
    8.222    9.920   10.973   12.310   15.178   15.380
            0.159333  0.275973  0.000000
  -19.618   -9.341   -8.157   -7.577    3.869    4.898    4.927    5.374    7.186    7.892
    8.213    9.914   10.964   12.300   15.184   15.363
            0.159000  0.275396  0.000000
  -19.625   -9.329   -8.147   -7.586    3.859    4.913    4.917    5.363    7.176    7.883
    8.204    9.909   10.955   12.290   15.190   15.347
            0.158667  0.274819  0.000000
  -19.633   -9.317   -8.136   -7.594    3.849    4.907    4.928    5.353    7.166    7.875
    8.196    9.903   10.947   12.280   15.196   15.331
            0.158333  0.274241  0.000000
  -19.640   -9.305   -8.125   -7.603    3.838    4.897    4.944    5.342    7.156    7.866
    8.187    9.898   10.938   12.270   15.201   15.314
            0.158000  0.273664  0.000000
  -19.648   -9.293   -8.115   -7.612    3.828    4.887    4.959    5.332    7.146    7.857
    8.178    9.892   10.930   12.260   15.207   15.298
            0.157667  0.273087  0.000000
  -19.655   -9.281   -8.104   -7.620    3.818    4.876    4.974    5.321    7.136    7.849
    8.170    9.887   10.921   12.250   15.212   15.282
            0.157333  0.272509  0.000000
  -19.662   -9.269   -8.093   -7.629    3.808    4.866    4.989    5.311    7.126    7.840
    8.161    9.881   10.912   12.240   15.218   15.265
            0.157000  0.271932  0.000000
  -19.670   -9.257   -8.083   -7.637    3.798    4.856    5.004    5.300    7.116    7.831
    8.152    9.876   10.904   12.230   15.223   15.249
            0.156667  0.271355  0.000000
  -19.677   -9.245   -8.072   -7.646    3.788    4.846    5.019    5.290    7.106    7.822
    8.144    9.870   10.895   12.220   15.228   15.232
            0.156333  0.270777  0.000000
  -19.684   -9.232   -8.062   -7.655    3.777    4.836    5.034    5.280    7.096    7.814
    8.135    9.865   10.887   12.210   15.216   15.233
            0.156000  0.270200  0.000000
  -19.691   -9.220   -8.051   -7.663    3.767    4.826    5.049    5.269    7.086    7.805
    8.127    9.859   10.878   12.200   15.200   15.238
            0.155667  0.269623  0.000000
  -19.699   -9.208   -8.041   -7.672    3.757    4.816    5.064    5.259    7.076    7.796
    8.118    9.854   10.869   12.190   15.183   15.243
            0.155333  0.269045  0.000000
  -19.706   -9.196   -8.030   -7.680    3.747    4.806    5.080    5.249    7.066    7.788
    8.110    9.848   10.861   12.180   15.167   15.247
            0.155000  0.268468  0.000000
  -19.713   -9.184   -8.019   -7.689    3.737    4.796    5.095    5.238    7.057    7.779
    8.102    9.842   10.852   12.170   15.151   15.252
            0.154667  0.267891  0.000000
  -19.720   -9.172   -8.009   -7.697    3.727    4.786    5.110    5.228    7.047    7.770
    8.093    9.837   10.844   12.160   15.134   15.256
            0.154333  0.267313  0.000000
  -19.728   -9.160   -7.998   -7.706    3.717    4.776    5.125    5.218    7.037    7.762
    8.085    9.831   10.835   12.150   15.118   15.260
            0.154000  0.266736  0.000000
  -19.735   -9.148   -7.988   -7.714    3.707    4.766    5.140    5.207    7.027    7.753
    8.077    9.825   10.827   12.140   15.102   15.264
            0.153667  0.266158  0.000000
  -19.742   -9.135   -7.977   -7.723    3.697    4.756    5.155    5.197    7.017    7.744
    8.069    9.820   10.818   12.130   15.085   15.268
            0.153333  0.265581  0.000000
  -19.749   -9.123   -7.967   -7.731    3.687    4.746    5.170    5.187    7.008    7.736
    8.060    9.814   10.810   12.121   15.069   15.272
            0.153000  0.265004  0.000000
  -19.756   -9.111   -7.956   -7.740    3.678    4.736    5.177    5.185    6.998    7.727
    8.052    9.808   10.801   12.111   15.053   15.276
            0.152667  0.264426  0.000000
  -19.763   -9.099   -7.946   -7.748    3.668    4.727    5.167    5.200    6.988    7.718
    8.044    9.803   10.793   12.101   15.036   15.279
            0.152333  0.263849  0.000000
  -19.771   -9.087   -7.935   -7.756    3.658    4.717    5.157    5.215    6.979    7.710
    8.036    9.797   10.784   12.091   15.020   15.283
            0.152000  0.263272  0.000000
  -19.778   -9.075   -7.924   -7.765    3.648    4.707    5.146    5.230    6.969    7.701
    8.028    9.791   10.775   12.082   15.004   15.286
            0.151667  0.262694  0.000000
  -19.785   -9.062   -7.914   -7.773    3.638    4.697    5.136    5.245    6.959    7.692
    8.020    9.785   10.767   12.072   14.987   15.289
            0.151333  0.262117  0.000000
  -19.792   -9.050   -7.903   -7.781    3.628    4.687    5.126    5.260    6.950    7.684
    8.012    9.780   10.758   12.062   14.971   15.292
            0.151000  0.261540  0.000000
  -19.799   -9.038   -7.893   -7.790    3.619    4.678    5.116    5.276    6.940    7.675
    8.004    9.774   10.750   12.053   14.955   15.295
            0.150667  0.260962  0.000000
  -19.806   -9.026   -7.882   -7.798    3.609    4.668    5.106    5.291    6.931    7.666
    7.996    9.768   10.742   12.043   14.938   15.298
            0.150333  0.260385  0.000000
  -19.813   -9.014   -7.872   -7.806    3.599    4.658    5.096    5.306    6.921    7.658
    7.988    9.762   10.733   12.033   14.922   15.300
            0.150000  0.259808  0.000000
  -19.820   -9.002   -7.861   -7.815    3.589    4.649    5.086    5.321    6.912    7.649
    7.980    9.756   10.725   12.024   14.906   15.303
            0.149667  0.259230  0.000000
  -19.827   -8.989   -7.851   -7.823    3.580    4.639    5.076    5.336    6.902    7.641
    7.972    9.750   10.716   12.014   14.890   15.305
            0.149333  0.258653  0.000000
  -19.834   -8.977   -7.840   -7.831    3.570    4.629    5.066    5.351    6.893    7.632
    7.965    9.745   10.708   12.005   14.873   15.307
            0.149000  0.258076  0.000000
  -19.841   -8.965   -7.839   -7.830    3.560    4.620    5.056    5.366    6.883    7.623
    7.957    9.739   10.699   11.995   14.857   15.309
            0.148667  0.257498  0.000000
  -19.848   -8.953   -7.848   -7.819    3.551    4.610    5.047    5.381    6.874    7.615
    7.949    9.733   10.691   11.986   14.841   15.311
            0.148333  0.256921  0.000000
  -19.855   -8.941   -7.856   -7.809    3.541    4.600    5.037    5.396    6.864    7.606
    7.941    9.727   10.682   11.976   14.825   15.313
            0.148000  0.256344  0.000000
  -19.862   -8.928   -7.864   -7.799    3.532    4.591    5.027    5.411    6.855    7.598
    7.934    9.721   10.674   11.967   14.809   15.315
            0.147667  0.255766  0.000000
  -19.869   -8.916   -7.872   -7.788    3.522    4.581    5.017    5.426    6.845    7.589
    7.926    9.715   10.666   11.957   14.792   15.316
            0.147333  0.255189  0.000000
  -19.876   -8.904   -7.880   -7.778    3.512    4.572    5.007    5.441    6.836    7.581
    7.918    9.709   10.657   11.948   14.776   15.318
            0.147000  0.254611  0.000000
  -19.882   -8.892   -7.888   -7.767    3.503    4.562    4.997    5.456    6.827    7.572
    7.911    9.703   10.649   11.938   14.760   15.319
            0.146667  0.254034  0.000000
  -19.889   -8.879   -7.896   -7.757    3.493    4.553    4.988    5.471    6.817    7.564
    7.903    9.697   10.640   11.929   14.744   15.320
            0.146333  0.253457  0.000000
  -19.896   -8.867   -7.905   -7.746    3.484    4.543    4.978    5.486    6.808    7.555
    7.896    9.691   10.632   11.920   14.728   15.321
            0.146000  0.252879  0.000000
  -19.903   -8.855   -7.913   -7.736    3.475    4.534    4.968    5.501    6.799    7.547
    7.888    9.685   10.624   11.910   14.712   15.322
            0.145667  0.252302  0.000000
  -19.910   -8.843   -7.921   -7.725    3.465    4.524    4.958    5.516    6.789    7.538
    7.881    9.679   10.615   11.901   14.696   15.323
            0.145333  0.251725  0.000000
  -19.917   -8.831   -7.929   -7.715    3.456    4.515    4.949    5.531    6.780    7.530
    7.873    9.673   10.607   11.892   14.680   15.324
            0.145000  0.251147  0.000000
  -19.923   -8.818   -7.937   -7.705    3.446    4.506    4.939    5.546    6.771    7.521
    7.866    9.667   10.599   11.882   14.664   15.324
            0.144667  0.250570  0.000000
  -19.930   -8.806   -7.945   -7.694    3.437    4.496    4.930    5.561    6.762    7.513
    7.859    9.660   10.590   11.873   14.648   15.325
            0.144333  0.249993  0.000000
  -19.937   -8.794   -7.953   -7.684    3.428    4.487    4.920    5.576    6.752    7.504
    7.851    9.654   10.582   11.864   14.632   15.325
            0.144000  0.249415  0.000000
  -19.944   -8.782   -7.961   -7.673    3.418    4.478    4.910    5.591    6.743    7.496
    7.844    9.648   10.574   11.854   14.616   15.326
            0.143667  0.248838  0.000000
  -19.950   -8.769   -7.969   -7.663    3.409    4.468    4.901    5.605    6.734    7.487
    7.837    9.642   10.566   11.845   14.600   15.326
            0.143333  0.248261  0.000000
  -19.957   -8.757   -7.977   -7.653    3.400    4.459    4.891    5.620    6.725    7.479
    7.829    9.636   10.557   11.836   14.584   15.326
            0.143000  0.247683  0.000000
  -19.964   -8.745   -7.985   -7.642    3.390    4.450    4.882    5.635    6.716    7.470
    7.822    9.630   10.549   11.827   14.568   15.326
            0.142667  0.247106  0.000000
  -19.971   -8.733   -7.993   -7.632    3.381    4.441    4.872    5.650    6.707    7.462
    7.815    9.623   10.541   11.818   14.552   15.325
            0.142333  0.246529  0.000000
  -19.977   -8.720   -8.000   -7.622    3.372    4.431    4.863    5.665    6.698    7.454
    7.808    9.617   10.532   11.809   14.536   15.325
            0.142000  0.245951  0.000000
  -19.984   -8.708   -8.008   -7.611    3.363    4.422    4.853    5.680    6.689    7.445
    7.800    9.611   10.524   11.800   14.520   15.325
            0.141667  0.245374  0.000000
  -19.991   -8.696   -8.016   -7.601    3.354    4.413    4.844    5.695    6.679    7.437
    7.793    9.605   10.516   11.790   14.504   15.324
            0.141333  0.244797  0.000000
  -19.997   -8.684   -8.024   -7.591    3.344    4.404    4.834    5.710    6.670    7.428
    7.786    9.598   10.508   11.781   14.488   15.323
            0.141000  0.244219  0.000000
  -20.004   -8.671   -8.032   -7.580    3.335    4.395    4.825    5.725    6.661    7.420
    7.779    9.592   10.500   11.772   14.472   15.323
            0.140667  0.243642  0.000000
  -20.010   -8.659   -8.040   -7.570    3.326    4.386    4.816    5.740    6.652    7.412
    7.772    9.586   10.491   11.763   14.457   15.322
            0.140333  0.243064  0.000000
  -20.017   -8.647   -8.047   -7.560    3.317    4.377    4.806    5.754    6.643    7.403
    7.765    9.579   10.483   11.754   14.441   15.321
            0.140000  0.242487  0.000000
  -20.024   -8.635   -8.055   -7.549    3.308    4.367    4.797    5.769    6.635    7.395
    7.758    9.573   10.475   11.745   14.425   15.320
            0.139667  0.241910  0.000000
  -20.030   -8.622   -8.063   -7.539    3.299    4.358    4.788    5.784    6.626    7.387
    7.751    9.566   10.467   11.736   14.409   15.319
            0.139333  0.241332  0.000000
  -20.037   -8.610   -8.071   -7.529    3.290    4.349    4.779    5.799    6.617    7.378
    7.744    9.560   10.459   11.727   14.394   15.318
            0.139000  0.240755  0.000000
  -20.043   -8.598   -8.079   -7.519    3.281    4.340    4.769    5.814    6.608    7.370
    7.737    9.553   10.451   11.718   14.378   15.316
            0.138667  0.240178  0.000000
  -20.050   -8.586   -8.086   -7.508    3.272    4.331    4.760    5.829    6.599    7.362
    7.730    9.547   10.443   11.710   14.362   15.315
            0.138333  0.239600  0.000000
  -20.056   -8.573   -8.094   -7.498    3.263    4.322    4.751    5.843    6.590    7.353
    7.724    9.541   10.435   11.701   14.347   15.313
            0.138000  0.239023  0.000000
  -20.063   -8.561   -8.102   -7.488    3.254    4.313    4.742    5.858    6.581    7.345
    7.717    9.534   10.427   11.692   14.331   15.312
            0.137667  0.238446  0.000000
  -20.069   -8.549   -8.109   -7.478    3.245    4.305    4.732    5.873    6.572    7.337
    7.710    9.527   10.418   11.683   14.316   15.310
            0.137333  0.237868  0.000000
  -20.076   -8.536   -8.117   -7.467    3.236    4.296    4.723    5.888    6.564    7.329
    7.703    9.521   10.410   11.674   14.300   15.308
            0.137000  0.237291  0.000000
  -20.082   -8.524   -8.125   -7.457    3.227    4.287    4.714    5.903    6.555    7.320
    7.696    9.514   10.402   11.665   14.285   15.306
            0.136667  0.236714  0.000000
  -20.088   -8.512   -8.132   -7.447    3.219    4.278    4.705    5.917    6.546    7.312
    7.690    9.508   10.394   11.657   14.269   15.305
            0.136333  0.236136  0.000000
  -20.095   -8.500   -8.140   -7.437    3.210    4.269    4.696    5.932    6.537    7.304
    7.683    9.501   10.386   11.648   14.254   15.303
            0.136000  0.235559  0.000000
  -20.101   -8.487   -8.147   -7.427    3.201    4.260    4.687    5.947    6.529    7.296
    7.676    9.495   10.378   11.639   14.238   15.300
            0.135667  0.234982  0.000000
  -20.108   -8.475   -8.155   -7.416    3.192    4.251    4.678    5.962    6.520    7.288
    7.670    9.488   10.370   11.630   14.223   15.298
            0.135333  0.234404  0.000000
  -20.114   -8.463   -8.162   -7.406    3.183    4.243    4.669    5.977    6.511    7.280
    7.663    9.481   10.362   11.622   14.207   15.296
            0.135000  0.233827  0.000000
  -20.120   -8.451   -8.170   -7.396    3.175    4.234    4.660    5.991    6.503    7.271
    7.656    9.475   10.354   11.613   14.192   15.294
            0.134667  0.233250  0.000000
  -20.127   -8.438   -8.177   -7.386    3.166    4.225    4.651    6.006    6.494    7.263
    7.650    9.468   10.347   11.604   14.177   15.291
            0.134333  0.232672  0.000000
  -20.133   -8.426   -8.185   -7.376    3.157    4.216    4.642    6.021    6.485    7.255
    7.643    9.461   10.339   11.596   14.161   15.289
            0.134000  0.232095  0.000000
  -20.139   -8.414   -8.192   -7.366    3.148    4.208    4.633    6.035    6.477    7.247
    7.637    9.454   10.331   11.587   14.146   15.286
            0.133667  0.231517  0.000000
  -20.145   -8.401   -8.200   -7.355    3.140    4.199    4.624    6.050    6.468    7.239
    7.630    9.448   10.323   11.579   14.131   15.284
            0.133333  0.230940  0.000000
  -20.152   -8.389   -8.207   -7.345    3.131    4.190    4.615    6.065    6.460    7.231
    7.624    9.441   10.315   11.570   14.116   15.281
            0.133000  0.230363  0.000000
  -20.158   -8.377   -8.215   -7.335    3.123    4.182    4.607    6.079    6.451    7.223
    7.617    9.434   10.307   11.561   14.100   15.278
            0.132667  0.229785  0.000000
  -20.164   -8.365   -8.222   -7.325    3.114    4.173    4.598    6.094    6.443    7.215
    7.611    9.427   10.299   11.553   14.085   15.276
            0.132333  0.229208  0.000000
  -20.170   -8.352   -8.230   -7.315    3.105    4.165    4.589    6.109    6.434    7.207
    7.604    9.420   10.291   11.544   14.070   15.273
            0.132000  0.228631  0.000000
  -20.177   -8.340   -8.237   -7.305    3.097    4.156    4.580    6.123    6.426    7.199
    7.598    9.413   10.284   11.536   14.055   15.270
            0.131667  0.228053  0.000000
  -20.183   -8.328   -8.244   -7.295    3.088    4.147    4.571    6.138    6.417    7.191
    7.592    9.406   10.276   11.527   14.040   15.267
            0.131333  0.227476  0.000000
  -20.189   -8.316   -8.252   -7.285    3.080    4.139    4.563    6.153    6.409    7.183
    7.585    9.399   10.268   11.519   14.025   15.264
            0.131000  0.226899  0.000000
  -20.195   -8.303   -8.259   -7.275    3.071    4.130    4.554    6.167    6.400    7.175
    7.579    9.393   10.260   11.510   14.010   15.261
            0.130667  0.226321  0.000000
  -20.201   -8.291   -8.266   -7.265    3.063    4.122    4.545    6.182    6.392    7.167
    7.573    9.386   10.252   11.502   13.995   15.257
            0.130333  0.225744  0.000000
  -20.207   -8.279   -8.274   -7.255    3.054    4.113    4.537    6.197    6.384    7.159
    7.567    9.379   10.245   11.494   13.980   15.254
            0.130000  0.225167  0.000000
  -20.214   -8.281   -8.266   -7.245    3.046    4.105    4.528    6.211    6.375    7.151
    7.560    9.372   10.237   11.485   13.965   15.251
            0.129667  0.224589  0.000000
  -20.220   -8.288   -8.254   -7.235    3.038    4.097    4.519    6.226    6.367    7.143
    7.554    9.365   10.229   11.477   13.950   15.248
            0.129333  0.224012  0.000000
  -20.226   -8.295   -8.242   -7.225    3.029    4.088    4.511    6.240    6.359    7.135
    7.548    9.357   10.221   11.469   13.936   15.244
            0.129000  0.223435  0.000000
  -20.232   -8.303   -8.230   -7.215    3.021    4.080    4.502    6.255    6.350    7.127
    7.542    9.350   10.214   11.460   13.921   15.241
            0.128667  0.222857  0.000000
  -20.238   -8.310   -8.217   -7.205    3.012    4.071    4.493    6.269    6.342    7.119
    7.536    9.343   10.206   11.452   13.906   15.237
            0.128333  0.222280  0.000000
  -20.244   -8.317   -8.205   -7.195    3.004    4.063    4.485    6.284    6.334    7.111
    7.530    9.336   10.198   11.444   13.891   15.234
            0.128000  0.221703  0.000000
  -20.250   -8.324   -8.193   -7.185    2.996    4.055    4.476    6.298    6.326    7.104
    7.523    9.329   10.191   11.436   13.877   15.230
            0.127667  0.221125  0.000000
  -20.256   -8.331   -8.181   -7.175    2.988    4.046    4.468    6.313    6.318    7.096
    7.517    9.322   10.183   11.427   13.862   15.227
            0.127333  0.220548  0.000000
  -20.262   -8.338   -8.168   -7.165    2.979    4.038    4.459    6.309    6.327    7.088
    7.511    9.315   10.176   11.419   13.847   15.223
            0.127000  0.219970  0.000000
  -20.268   -8.345   -8.156   -7.155    2.971    4.030    4.451    6.301    6.342    7.080
    7.505    9.307   10.168   11.411   13.833   15.219
            0.126667  0.219393  0.000000
  -20.274   -8.353   -8.144   -7.145    2.963    4.022    4.443    6.293    6.356    7.072
    7.499    9.300   10.160   11.403   13.818   15.215
            0.126333  0.218816  0.000000
  -20.280   -8.360   -8.131   -7.135    2.955    4.013    4.434    6.285    6.371    7.065
    7.493    9.293   10.153   11.395   13.804   15.212
            0.126000  0.218238  0.000000
  -20.286   -8.367   -8.119   -7.125    2.946    4.005    4.426    6.277    6.385    7.057
    7.487    9.286   10.145   11.387   13.789   15.208
            0.125667  0.217661  0.000000
  -20.292   -8.374   -8.107   -7.115    2.938    3.997    4.417    6.269    6.400    7.049
    7.481    9.278   10.138   11.378   13.775   15.204
            0.125333  0.217084  0.000000
  -20.298   -8.381   -8.095   -7.105    2.930    3.989    4.409    6.261    6.414    7.042
    7.476    9.271   10.130   11.370   13.761   15.200
            0.125000  0.216506  0.000000
  -20.303   -8.388   -8.082   -7.096    2.922    3.981    4.401    6.253    6.428    7.034
    7.470    9.264   10.123   11.362   13.746   15.196
            0.124667  0.215929  0.000000
  -20.309   -8.395   -8.070   -7.086    2.914    3.973    4.392    6.245    6.443    7.026
    7.464    9.256   10.115   11.354   13.732   15.192
            0.124333  0.215352  0.000000
  -20.315   -8.402   -8.058   -7.076    2.906    3.965    4.384    6.237    6.457    7.018
    7.458    9.249   10.108   11.346   13.718   15.188
            0.124000  0.214774  0.000000
  -20.321   -8.409   -8.046   -7.066    2.898    3.956    4.376    6.229    6.472    7.011
    7.452    9.241   10.100   11.338   13.703   15.184
            0.123667  0.214197  0.000000
  -20.327   -8.416   -8.033   -7.056    2.890    3.948    4.368    6.221    6.486    7.003
    7.446    9.234   10.093   11.330   13.689   15.180
            0.123333  0.213620  0.000000
  -20.333   -8.423   -8.021   -7.046    2.882    3.940    4.359    6.213    6.500    6.996
    7.441    9.226   10.085   11.322   13.675   15.176
            0.123000  0.213042  0.000000
  -20.338   -8.430   -8.009   -7.037    2.874    3.932    4.351    6.205    6.515    6.988
    7.435    9.219   10.078   11.314   13.661   15.172
            0.122667  0.212465  0.000000
  -20.344   -8.436   -7.997   -7.027    2.866    3.924    4.343    6.197    6.529    6.980
    7.429    9.211   10.071   11.306   13.647   15.168
            0.122333  0.211888  0.000000
  -20.350   -8.443   -7.985   -7.017    2.858    3.916    4.335    6.189    6.543    6.973
    7.423    9.204   10.063   11.299   13.633   15.163
            0.122000  0.211310  0.000000
  -20.356   -8.450   -7.972   -7.007    2.850    3.908    4.327    6.181    6.558    6.965
    7.418    9.196   10.056   11.291   13.619   15.159
            0.121667  0.210733  0.000000
  -20.361   -8.457   -7.960   -6.998    2.842    3.901    4.319    6.173    6.572    6.958
    7.412    9.189   10.049   11.283   13.605   15.155
            0.121333  0.210155  0.000000
  -20.367   -8.464   -7.948   -6.988    2.834    3.893    4.311    6.166    6.586    6.950
    7.406    9.181   10.041   11.275   13.591   15.151
            0.121000  0.209578  0.000000
  -20.373   -8.471   -7.936   -6.978    2.826    3.885    4.303    6.158    6.600    6.943
    7.401    9.173   10.034   11.267   13.577   15.146
            0.120667  0.209001  0.000000
  -20.379   -8.477   -7.923   -6.968    2.819    3.877    4.295    6.150    6.615    6.935
    7.395    9.166   10.027   11.259   13.563   15.142
            0.120333  0.208423  0.000000
  -20.384   -8.484   -7.911   -6.959    2.811    3.869    4.287    6.142    6.629    6.928
    7.390    9.158   10.019   11.252   13.549   15.138
            0.120000  0.207846  0.000000
  -20.390   -8.491   -7.899   -6.949    2.803    3.861    4.279    6.134    6.643    6.920
    7.384    9.150   10.012   11.244   13.536   15.133
            0.119667  0.207269  0.000000
  -20.395   -8.498   -7.887   -6.939    2.795    3.853    4.271    6.127    6.657    6.913
    7.378    9.143   10.005   11.236   13.522   15.129
            0.119333  0.206691  0.000000
  -20.401   -8.504   -7.875   -6.930    2.788    3.846    4.263    6.119    6.671    6.906
    7.373    9.135    9.998   11.228   13.508   15.124
            0.119000  0.206114  0.000000
  -20.407   -8.511   -7.862   -6.920    2.780    3.838    4.255    6.111    6.686    6.898
    7.367    9.127    9.990   11.221   13.495   15.120
            0.118667  0.205537  0.000000
  -20.412   -8.518   -7.850   -6.910    2.772    3.830    4.247    6.104    6.700    6.891
    7.362    9.119    9.983   11.213   13.481   15.115
            0.118333  0.204959  0.000000
  -20.418   -8.524   -7.838   -6.901    2.764    3.823    4.239    6.096    6.714    6.884
    7.357    9.111    9.976   11.205   13.468   15.111
            0.118000  0.204382  0.000000
  -20.423   -8.531   -7.826   -6.891    2.757    3.815    4.231    6.089    6.728    6.876
    7.351    9.104    9.969   11.198   13.454   15.106
            0.117667  0.203805  0.000000
  -20.429   -8.538   -7.814   -6.882    2.749    3.807    4.223    6.081    6.742    6.869
    7.346    9.096    9.962   11.190   13.441   15.102
            0.117333  0.203227  0.000000
  -20.435   -8.544   -7.801   -6.872    2.742    3.800    4.215    6.073    6.756    6.862
    7.340    9.088    9.955   11.183   13.427   15.097
            0.117000  0.202650  0.000000
  -20.440   -8.551   -7.789   -6.863    2.734    3.792    4.208    6.066    6.770    6.854
    7.335    9.080    9.948   11.175   13.414   15.093
            0.116667  0.202073  0.000000
  -20.446   -8.557   -7.777   -6.853    2.726    3.784    4.200    6.058    6.784    6.847
    7.330    9.072    9.941   11.168   13.401   15.088
            0.116333  0.201495  0.000000
  -20.451   -8.564   -7.765   -6.843    2.719    3.777    4.192    6.051    6.798    6.840
    7.324    9.064    9.933   11.160   13.387   15.083
            0.116000  0.200918  0.000000
  -20.457   -8.571   -7.753   -6.834    2.711    3.769    4.184    6.043    6.812    6.833
    7.319    9.056    9.926   11.153   13.374   15.079
            0.115667  0.200341  0.000000
  -20.462   -8.577   -7.741   -6.824    2.704    3.762    4.177    6.036    6.825    6.826
    7.314    9.048    9.919   11.145   13.361   15.074
            0.115333  0.199763  0.000000
  -20.467   -8.584   -7.728   -6.815    2.696    3.754    4.169    6.028    6.818    6.840
    7.308    9.040    9.912   11.138   13.348   15.069
            0.115000  0.199186  0.000000
  -20.473   -8.590   -7.716   -6.805    2.689    3.747    4.161    6.021    6.811    6.854
    7.303    9.032    9.905   11.130   13.335   15.065
            0.114667  0.198608  0.000000
  -20.478   -8.597   -7.704   -6.796    2.681    3.739    4.154    6.014    6.804    6.868
    7.298    9.024    9.898   11.123   13.322   15.060
            0.114333  0.198031  0.000000
  -20.484   -8.603   -7.692   -6.787    2.674    3.732    4.146    6.006    6.797    6.882
    7.293    9.016    9.891   11.115   13.309   15.055
            0.114000  0.197454  0.000000
  -20.489   -8.609   -7.680   -6.777    2.667    3.724    4.139    5.999    6.790    6.896
    7.288    9.007    9.885   11.108   13.296   15.051
            0.113667  0.196876  0.000000
  -20.494   -8.616   -7.668   -6.768    2.659    3.717    4.131    5.992    6.783    6.910
    7.282    8.999    9.878   11.101   13.283   15.046
            0.113333  0.196299  0.000000
  -20.500   -8.622   -7.656   -6.758    2.652    3.709    4.123    5.984    6.776    6.924
    7.277    8.991    9.871   11.093   13.270   15.041
            0.113000  0.195722  0.000000
  -20.505   -8.629   -7.643   -6.749    2.645    3.702    4.116    5.977    6.769    6.938
    7.272    8.983    9.864   11.086   13.257   15.036
            0.112667  0.195144  0.000000
  -20.510   -8.635   -7.631   -6.739    2.637    3.695    4.108    5.970    6.762    6.951
    7.267    8.975    9.857   11.079   13.244   15.032
            0.112333  0.194567  0.000000
  -20.516   -8.641   -7.619   -6.730    2.630    3.687    4.101    5.962    6.754    6.965
    7.262    8.966    9.850   11.072   13.232   15.027
            0.112000  0.193990  0.000000
  -20.521   -8.648   -7.607   -6.721    2.623    3.680    4.093    5.955    6.747    6.979
    7.257    8.958    9.843   11.064   13.219   15.022
            0.111667  0.193412  0.000000
  -20.526   -8.654   -7.595   -6.711    2.615    3.673    4.086    5.948    6.741    6.993
    7.252    8.950    9.836   11.057   13.206   15.017
            0.111333  0.192835  0.000000
  -20.532   -8.660   -7.583   -6.702    2.608    3.665    4.079    5.941    6.734    7.007
    7.247    8.941    9.830   11.050   13.194   15.013
            0.111000  0.192258  0.000000
  -20.537   -8.667   -7.571   -6.693    2.601    3.658    4.071    5.934    6.727    7.020
    7.242    8.933    9.823   11.043   13.181   15.008
            0.110667  0.191680  0.000000
  -20.542   -8.673   -7.559   -6.683    2.594    3.651    4.064    5.926    6.720    7.034
    7.237    8.925    9.816   11.035   13.169   15.003
            0.110333  0.191103  0.000000
  -20.547   -8.679   -7.547   -6.674    2.587    3.644    4.057    5.919    6.713    7.048
    7.232    8.916    9.809   11.028   13.156   14.998
            0.110000  0.190526  0.000000
  -20.552   -8.685   -7.535   -6.665    2.580    3.637    4.049    5.912    6.706    7.062
    7.227    8.908    9.803   11.021   13.144   14.993
            0.109667  0.189948  0.000000
  -20.558   -8.691   -7.522   -6.656    2.572    3.629    4.042    5.905    6.699    7.075
    7.222    8.899    9.796   11.014   13.131   14.989
            0.109333  0.189371  0.000000
  -20.563   -8.698   -7.510   -6.646    2.565    3.622    4.035    5.898    6.692    7.089
    7.217    8.891    9.789   11.007   13.119   14.984
            0.109000  0.188794  0.000000
  -20.568   -8.704   -7.498   -6.637    2.558    3.615    4.027    5.891    6.685    7.103
    7.212    8.882    9.783   11.000   13.107   14.979
            0.108667  0.188216  0.000000
  -20.573   -8.710   -7.486   -6.628    2.551    3.608    4.020    5.884    6.679    7.116
    7.207    8.874    9.776   10.993   13.095   14.974
            0.108333  0.187639  0.000000
  -20.578   -8.716   -7.474   -6.619    2.544    3.601    4.013    5.877    6.672    7.130
    7.203    8.865    9.769   10.986   13.083   14.969
            0.108000  0.187061  0.000000
  -20.583   -8.722   -7.462   -6.610    2.537    3.594    4.006    5.870    6.665    7.143
    7.198    8.857    9.763   10.979   13.070   14.964
            0.107667  0.186484  0.000000
  -20.588   -8.728   -7.450   -6.601    2.530    3.587    3.999    5.863    6.658    7.157
    7.193    8.848    9.756   10.972   13.058   14.959
            0.107333  0.185907  0.000000
  -20.593   -8.734   -7.438   -6.591    2.523    3.580    3.991    5.856    6.652    7.171
    7.188    8.840    9.749   10.965   13.046   14.955
            0.107000  0.185329  0.000000
  -20.599   -8.740   -7.426   -6.582    2.516    3.573    3.984    5.849    6.645    7.184
    7.184    8.831    9.743   10.958   13.034   14.950
            0.106667  0.184752  0.000000
  -20.604   -8.746   -7.414   -6.573    2.509    3.566    3.977    5.842    6.638    7.179
    7.198    8.822    9.736   10.951   13.023   14.945
            0.106333  0.184175  0.000000
  -20.609   -8.753   -7.402   -6.564    2.502    3.559    3.970    5.835    6.631    7.174
    7.211    8.814    9.730   10.944   13.011   14.940
            0.106000  0.183597  0.000000
  -20.614   -8.759   -7.390   -6.555    2.496    3.552    3.963    5.829    6.625    7.169
    7.225    8.805    9.723   10.937   12.999   14.935
            0.105667  0.183020  0.000000
  -20.619   -8.764   -7.378   -6.546    2.489    3.545    3.956    5.822    6.618    7.165
    7.238    8.796    9.717   10.931   12.987   14.930
            0.105333  0.182443  0.000000
  -20.624   -8.770   -7.366   -6.537    2.482    3.538    3.949    5.815    6.612    7.160
    7.251    8.787    9.710   10.924   12.975   14.925
            0.105000  0.181865  0.000000
  -20.629   -8.776   -7.354   -6.528    2.475    3.532    3.942    5.808    6.605    7.155
    7.265    8.779    9.704   10.917   12.964   14.921
            0.104667  0.181288  0.000000
  -20.633   -8.782   -7.342   -6.519    2.468    3.525    3.935    5.801    6.598    7.151
    7.278    8.770    9.697   10.910   12.952   14.916
            0.104333  0.180711  0.000000
  -20.638   -8.788   -7.330   -6.510    2.461    3.518    3.928    5.795    6.592    7.146
    7.292    8.761    9.691   10.903   12.941   14.911
            0.104000  0.180133  0.000000
  -20.643   -8.794   -7.319   -6.501    2.455    3.511    3.921    5.788    6.585    7.142
    7.305    8.752    9.685   10.897   12.929   14.906
            0.103667  0.179556  0.000000
  -20.648   -8.800   -7.307   -6.492    2.448    3.504    3.914    5.781    6.579    7.137
    7.318    8.743    9.678   10.890   12.918   14.901
            0.103333  0.178979  0.000000
  -20.653   -8.806   -7.295   -6.483    2.441    3.498    3.907    5.774    6.572    7.133
    7.332    8.734    9.672   10.883   12.906   14.896
            0.103000  0.178401  0.000000
  -20.658   -8.812   -7.283   -6.474    2.435    3.491    3.901    5.768    6.566    7.128
    7.345    8.726    9.666   10.877   12.895   14.891
            0.102667  0.177824  0.000000
  -20.663   -8.818   -7.271   -6.465    2.428    3.484    3.894    5.761    6.559    7.123
    7.358    8.717    9.659   10.870   12.884   14.886
            0.102333  0.177247  0.000000
  -20.668   -8.823   -7.259   -6.456    2.421    3.477    3.887    5.754    6.553    7.119
    7.371    8.708    9.653   10.863   12.872   14.882
            0.102000  0.176669  0.000000
  -20.673   -8.829   -7.247   -6.447    2.415    3.471    3.880    5.748    6.547    7.115
    7.384    8.699    9.647   10.857   12.861   14.877
            0.101667  0.176092  0.000000
  -20.677   -8.835   -7.235   -6.439    2.408    3.464    3.873    5.741    6.540    7.110
    7.398    8.690    9.640   10.850   12.850   14.872
            0.101333  0.175514  0.000000
  -20.682   -8.841   -7.223   -6.430    2.401    3.457    3.867    5.735    6.534    7.106
    7.411    8.681    9.634   10.843   12.839   14.867
            0.101000  0.174937  0.000000
  -20.687   -8.846   -7.212   -6.421    2.395    3.451    3.860    5.728    6.527    7.101
    7.424    8.672    9.628   10.837   12.828   14.862
            0.100667  0.174360  0.000000
  -20.692   -8.852   -7.200   -6.412    2.388    3.444    3.853    5.722    6.521    7.097
    7.437    8.663    9.622   10.830   12.817   14.857
            0.100333  0.173782  0.000000
  -20.696   -8.858   -7.188   -6.403    2.382    3.438    3.846    5.715    6.515    7.093
    7.450    8.654    9.616   10.824   12.806   14.852
            0.100000  0.173205  0.000000
  -20.701   -8.864   -7.176   -6.395    2.375    3.431    3.840    5.709    6.509    7.088
    7.463    8.645    9.609   10.817   12.795   14.848
            0.099667  0.172628  0.000000
  -20.706   -8.869   -7.164   -6.386    2.369    3.425    3.833    5.702    6.502    7.084
    7.476    8.635    9.603   10.811   12.784   14.843
            0.099333  0.172050  0.000000
  -20.711   -8.875   -7.152   -6.377    2.362    3.418    3.827    5.696    6.496    7.080
    7.489    8.626    9.597   10.804   12.773   14.838
            0.099000  0.171473  0.000000
  -20.715   -8.880   -7.141   -6.368    2.356    3.412    3.820    5.689    6.490    7.075
    7.502    8.617    9.591   10.798   12.762   14.833
            0.098667  0.170896  0.000000
  -20.720   -8.886   -7.129   -6.360    2.350    3.405    3.813    5.683    6.484    7.071
    7.515    8.608    9.585   10.792   12.752   14.828
            0.098333  0.170318  0.000000
  -20.725   -8.892   -7.117   -6.351    2.343    3.399    3.807    5.677    6.477    7.067
    7.528    8.599    9.579   10.785   12.741   14.823
            0.098000  0.169741  0.000000
  -20.729   -8.897   -7.105   -6.342    2.337    3.392    3.800    5.670    6.471    7.062
    7.541    8.590    9.573   10.779   12.730   14.819
            0.097667  0.169164  0.000000
  -20.734   -8.903   -7.094   -6.334    2.331    3.386    3.794    5.664    6.465    7.058
    7.554    8.580    9.567   10.773   12.720   14.814
            0.097333  0.168586  0.000000
  -20.738   -8.908   -7.082   -6.325    2.324    3.380    3.787    5.658    6.459    7.054
    7.567    8.571    9.561   10.766   12.709   14.809
            0.097000  0.168009  0.000000
  -20.743   -8.914   -7.070   -6.317    2.318    3.373    3.781    5.651    6.453    7.050
    7.580    8.562    9.555   10.760   12.699   14.804
            0.096667  0.167432  0.000000
  -20.748   -8.919   -7.058   -6.308    2.312    3.367    3.774    5.645    6.447    7.046
    7.593    8.553    9.549   10.754   12.689   14.799
            0.096333  0.166854  0.000000
  -20.752   -8.925   -7.047   -6.299    2.305    3.361    3.768    5.639    6.441    7.042
    7.606    8.543    9.543   10.747   12.678   14.795
            0.096000  0.166277  0.000000
  -20.757   -8.930   -7.035   -6.291    2.299    3.354    3.762    5.633    6.435    7.037
    7.618    8.534    9.537   10.741   12.668   14.790
            0.095667  0.165700  0.000000
  -20.761   -8.936   -7.023   -6.282    2.293    3.348    3.755    5.626    6.428    7.033
    7.631    8.525    9.531   10.735   12.658   14.785
            0.095333  0.165122  0.000000
  -20.766   -8.941   -7.012   -6.274    2.287    3.342    3.749    5.620    6.422    7.029
    7.644    8.515    9.525   10.729   12.647   14.780
            0.095000  0.164545  0.000000
  -20.770   -8.947   -7.000   -6.265    2.281    3.336    3.743    5.614    6.416    7.025
    7.657    8.506    9.519   10.723   12.637   14.776
            0.094667  0.163967  0.000000
  -20.775   -8.952   -6.988   -6.257    2.274    3.330    3.736    5.608    6.411    7.021
    7.669    8.497    9.513   10.716   12.627   14.771
            0.094333  0.163390  0.000000
  -20.779   -8.957   -6.977   -6.248    2.268    3.323    3.730    5.602    6.405    7.017
    7.682    8.487    9.507   10.710   12.617   14.766
            0.094000  0.162813  0.000000
  -20.784   -8.963   -6.965   -6.240    2.262    3.317    3.724    5.596    6.399    7.013
    7.695    8.478    9.502   10.704   12.607   14.761
            0.093667  0.162235  0.000000
  -20.788   -8.968   -6.954   -6.232    2.256    3.311    3.718    5.590    6.393    7.009
    7.707    8.468    9.496   10.698   12.597   14.757
            0.093333  0.161658  0.000000
  -20.793   -8.973   -6.942   -6.223    2.250    3.305    3.711    5.584    6.387    7.005
    7.720    8.459    9.490   10.692   12.587   14.752
            0.093000  0.161081  0.000000
  -20.797   -8.979   -6.930   -6.215    2.244    3.299    3.705    5.578    6.381    7.001
    7.732    8.450    9.484   10.686   12.578   14.747
            0.092667  0.160503  0.000000
  -20.801   -8.984   -6.919   -6.207    2.238    3.293    3.699    5.572    6.375    6.997
    7.745    8.440    9.478   10.680   12.568   14.742
            0.092333  0.159926  0.000000
  -20.806   -8.989   -6.907   -6.198    2.232    3.287    3.693    5.566    6.369    6.993
    7.757    8.431    9.473   10.674   12.558   14.738
            0.092000  0.159349  0.000000
  -20.810   -8.994   -6.896   -6.190    2.226    3.281    3.687    5.560    6.363    6.989
    7.770    8.421    9.467   10.668   12.548   14.733
            0.091667  0.158771  0.000000
  -20.814   -9.000   -6.884   -6.182    2.220    3.275    3.681    5.554    6.358    6.986
    7.782    8.412    9.461   10.662   12.539   14.728
            0.091333  0.158194  0.000000
  -20.819   -9.005   -6.873   -6.173    2.214    3.269    3.675    5.548    6.352    6.982
    7.795    8.402    9.456   10.656   12.529   14.724
            0.091000  0.157617  0.000000
  -20.823   -9.010   -6.861   -6.165    2.208    3.263    3.668    5.542    6.346    6.978
    7.807    8.393    9.450   10.650   12.520   14.719
            0.090667  0.157039  0.000000
  -20.827   -9.015   -6.850   -6.157    2.202    3.257    3.662    5.536    6.340    6.974
    7.820    8.383    9.444   10.644   12.510   14.714
            0.090333  0.156462  0.000000
  -20.832   -9.020   -6.838   -6.149    2.196    3.251    3.656    5.530    6.335    6.970
    7.832    8.373    9.439   10.638   12.501   14.710
            0.090000  0.155885  0.000000
  -20.836   -9.025   -6.827   -6.141    2.191    3.245    3.650    5.524    6.329    6.966
    7.844    8.364    9.433   10.632   12.491   14.705
            0.089667  0.155307  0.000000
  -20.840   -9.031   -6.815   -6.132    2.185    3.239    3.644    5.518    6.323    6.963
    7.856    8.354    9.428   10.627   12.482   14.700
            0.089333  0.154730  0.000000
  -20.844   -9.036   -6.804   -6.124    2.179    3.233    3.638    5.513    6.318    6.959
    7.869    8.345    9.422   10.621   12.473   14.696
            0.089000  0.154153  0.000000
  -20.849   -9.041   -6.793   -6.116    2.173    3.228    3.633    5.507    6.312    6.955
    7.881    8.335    9.417   10.615   12.463   14.691
            0.088667  0.153575  0.000000
  -20.853   -9.046   -6.781   -6.108    2.167    3.222    3.627    5.501    6.306    6.951
    7.893    8.325    9.411   10.609   12.454   14.687
            0.088333  0.152998  0.000000
  -20.857   -9.051   -6.770   -6.100    2.162    3.216    3.621    5.495    6.301    6.948
    7.905    8.316    9.406   10.603   12.445   14.682
            0.088000  0.152420  0.000000
  -20.861   -9.056   -6.759   -6.092    2.156    3.210    3.615    5.490    6.295    6.944
    7.917    8.306    9.400   10.598   12.436   14.677
            0.087667  0.151843  0.000000
  -20.865   -9.061   -6.747   -6.084    2.150    3.204    3.609    5.484    6.290    6.940
    7.930    8.296    9.395   10.592   12.427   14.673
            0.087333  0.151266  0.000000
  -20.870   -9.066   -6.736   -6.076    2.145    3.199    3.603    5.478    6.284    6.937
    7.942    8.287    9.389   10.586   12.418   14.668
            0.087000  0.150688  0.000000
  -20.874   -9.071   -6.725   -6.068    2.139    3.193    3.597    5.473    6.279    6.933
    7.954    8.277    9.384   10.581   12.409   14.664
            0.086667  0.150111  0.000000
  -20.878   -9.076   -6.713   -6.060    2.133    3.187    3.592    5.467    6.273    6.930
    7.966    8.267    9.378   10.575   12.400   14.659
            0.086333  0.149534  0.000000
  -20.882   -9.081   -6.702   -6.052    2.128    3.182    3.586    5.461    6.268    6.926
    7.978    8.258    9.373   10.569   12.391   14.655
            0.086000  0.148956  0.000000
  -20.886   -9.086   -6.691   -6.044    2.122    3.176    3.580    5.456    6.262    6.922
    7.990    8.248    9.368   10.564   12.383   14.650
            0.085667  0.148379  0.000000
  -20.890   -9.091   -6.679   -6.036    2.117    3.170    3.575    5.450    6.257    6.919
    8.002    8.238    9.362   10.558   12.374   14.646
            0.085333  0.147802  0.000000
  -20.894   -9.095   -6.668   -6.028    2.111    3.165    3.569    5.445    6.252    6.915
    8.014    8.228    9.357   10.553   12.365   14.641
            0.085000  0.147224  0.000000
  -20.898   -9.100   -6.657   -6.020    2.106    3.159    3.563    5.439    6.246    6.912
    8.026    8.219    9.352   10.547   12.357   14.637
            0.084667  0.146647  0.000000
  -20.902   -9.105   -6.646   -6.012    2.100    3.154    3.558    5.434    6.241    6.908
    8.037    8.209    9.346   10.542   12.348   14.632
            0.084333  0.146070  0.000000
  -20.906   -9.110   -6.635   -6.005    2.095    3.148    3.552    5.428    6.235    6.905
    8.049    8.199    9.341   10.536   12.339   14.628
            0.084000  0.145492  0.000000
  -20.910   -9.115   -6.624   -5.997    2.089    3.143    3.546    5.423    6.230    6.901
    8.061    8.189    9.336   10.531   12.331   14.623
            0.083667  0.144915  0.000000
  -20.914   -9.119   -6.612   -5.989    2.084    3.137    3.541    5.417    6.225    6.898
    8.073    8.180    9.331   10.525   12.323   14.619
            0.083333  0.144338  0.000000
  -20.918   -9.124   -6.601   -5.981    2.078    3.132    3.535    5.412    6.220    6.894
    8.085    8.170    9.325   10.520   12.314   14.614
            0.083000  0.143760  0.000000
  -20.922   -9.129   -6.590   -5.974    2.073    3.126    3.530    5.406    6.214    6.891
    8.096    8.160    9.320   10.514   12.306   14.610
            0.082667  0.143183  0.000000
  -20.926   -9.134   -6.579   -5.966    2.068    3.121    3.524    5.401    6.209    6.888
    8.108    8.150    9.315   10.509   12.298   14.606
            0.082333  0.142606  0.000000
  -20.930   -9.138   -6.568   -5.958    2.062    3.116    3.519    5.396    6.204    6.884
    8.120    8.140    9.310   10.503   12.289   14.601
            0.082000  0.142028  0.000000
  -20.934   -9.143   -6.557   -5.950    2.057    3.110    3.513    5.390    6.199    6.881
    8.131    8.131    9.305   10.498   12.281   14.597
            0.081667  0.141451  0.000000
  -20.938   -9.148   -6.546   -5.943    2.052    3.105    3.508    5.385    6.193    6.878
    8.121    8.143    9.300   10.493   12.273   14.592
            0.081333  0.140873  0.000000
  -20.941   -9.152   -6.535   -5.935    2.046    3.099    3.502    5.380    6.188    6.874
    8.111    8.154    9.295   10.487   12.265   14.588
            0.081000  0.140296  0.000000
  -20.945   -9.157   -6.524   -5.928    2.041    3.094    3.497    5.375    6.183    6.871
    8.101    8.166    9.290   10.482   12.257   14.584
            0.080667  0.139719  0.000000
  -20.949   -9.162   -6.513   -5.920    2.036    3.089    3.492    5.369    6.178    6.868
    8.091    8.177    9.285   10.477   12.249   14.579
            0.080333  0.139141  0.000000
  -20.953   -9.166   -6.502   -5.912    2.031    3.084    3.486    5.364    6.173    6.864
    8.081    8.189    9.280   10.472   12.241   14.575
            0.080000  0.138564  0.000000
  -20.957   -9.171   -6.491   -5.905    2.025    3.078    3.481    5.359    6.168    6.861
    8.072    8.200    9.275   10.466   12.233   14.571
            0.079667  0.137987  0.000000
  -20.960   -9.175   -6.480   -5.897    2.020    3.073    3.476    5.354    6.163    6.858
    8.062    8.212    9.270   10.461   12.225   14.567
            0.079333  0.137409  0.000000
  -20.964   -9.180   -6.469   -5.890    2.015    3.068    3.470    5.349    6.158    6.855
    8.052    8.223    9.265   10.456   12.217   14.562
            0.079000  0.136832  0.000000
  -20.968   -9.184   -6.458   -5.883    2.010    3.063    3.465    5.343    6.153    6.851
    8.042    8.234    9.260   10.451   12.210   14.558
            0.078667  0.136255  0.000000
  -20.972   -9.189   -6.448   -5.875    2.005    3.058    3.460    5.338    6.148    6.848
    8.032    8.246    9.255   10.446   12.202   14.554
            0.078333  0.135677  0.000000
  -20.975   -9.193   -6.437   -5.868    2.000    3.052    3.455    5.333    6.143    6.845
    8.022    8.257    9.250   10.441   12.194   14.550
            0.078000  0.135100  0.000000
  -20.979   -9.198   -6.426   -5.860    1.995    3.047    3.449    5.328    6.138    6.842
    8.012    8.268    9.245   10.436   12.187   14.545
            0.077667  0.134523  0.000000
  -20.983   -9.202   -6.415   -5.853    1.990    3.042    3.444    5.323    6.133    6.839
    8.003    8.279    9.240   10.430   12.179   14.541
            0.077333  0.133945  0.000000
  -20.987   -9.207   -6.404   -5.846    1.985    3.037    3.439    5.318    6.128    6.836
    7.993    8.290    9.235   10.425   12.172   14.537
            0.077000  0.133368  0.000000
  -20.990   -9.211   -6.394   -5.838    1.980    3.032    3.434    5.313    6.123    6.833
    7.983    8.301    9.231   10.420   12.164   14.533
            0.076667  0.132791  0.000000
  -20.994   -9.216   -6.383   -5.831    1.975    3.027    3.429    5.308    6.118    6.829
    7.973    8.313    9.226   10.415   12.157   14.529
            0.076333  0.132213  0.000000
  -20.997   -9.220   -6.372   -5.824    1.970    3.022    3.424    5.303    6.114    6.826
    7.963    8.324    9.221   10.410   12.149   14.525
            0.076000  0.131636  0.000000
  -21.001   -9.224   -6.361   -5.816    1.965    3.017    3.419    5.298    6.109    6.823
    7.953    8.335    9.216   10.405   12.142   14.520
            0.075667  0.131059  0.000000
  -21.005   -9.229   -6.351   -5.809    1.960    3.012    3.414    5.293    6.104    6.820
    7.943    8.346    9.211   10.400   12.135   14.516
            0.075333  0.130481  0.000000
  -21.008   -9.233   -6.340   -5.802    1.955    3.007    3.409    5.288    6.099    6.817
    7.934    8.357    9.207   10.396   12.127   14.512
            0.075000  0.129904  0.000000
  -21.012   -9.237   -6.330   -5.795    1.950    3.002    3.404    5.283    6.094    6.814
    7.924    8.368    9.202   10.391   12.120   14.508
            0.074667  0.129326  0.000000
  -21.015   -9.242   -6.319   -5.788    1.945    2.997    3.399    5.279    6.090    6.811
    7.914    8.378    9.197   10.386   12.113   14.504
            0.074333  0.128749  0.000000
  -21.019   -9.246   -6.308   -5.781    1.940    2.993    3.394    5.274    6.085    6.808
    7.904    8.389    9.193   10.381   12.106   14.500
            0.074000  0.128172  0.000000
  -21.022   -9.250   -6.298   -5.774    1.936    2.988    3.389    5.269    6.080    6.805
    7.894    8.400    9.188   10.376   12.099   14.496
            0.073667  0.127594  0.000000
  -21.026   -9.254   -6.287   -5.766    1.931    2.983    3.384    5.264    6.076    6.802
    7.884    8.411    9.183   10.371   12.092   14.492
            0.073333  0.127017  0.000000
  -21.029   -9.259   -6.277   -5.759    1.926    2.978    3.379    5.259    6.071    6.800
    7.875    8.422    9.179   10.366   12.085   14.488
            0.073000  0.126440  0.000000
  -21.033   -9.263   -6.266   -5.752    1.921    2.973    3.374    5.255    6.066    6.797
    7.865    8.432    9.174   10.362   12.078   14.484
            0.072667  0.125862  0.000000
  -21.036   -9.267   -6.256   -5.745    1.917    2.968    3.369    5.250    6.062    6.794
    7.855    8.443    9.170   10.357   12.071   14.480
            0.072333  0.125285  0.000000
  -21.040   -9.271   -6.245   -5.738    1.912    2.964    3.365    5.245    6.057    6.791
    7.845    8.454    9.165   10.352   12.064   14.476
            0.072000  0.124708  0.000000
  -21.043   -9.275   -6.235   -5.731    1.907    2.959    3.360    5.240    6.053    6.788
    7.835    8.464    9.161   10.347   12.058   14.472
            0.071667  0.124130  0.000000
  -21.047   -9.279   -6.225   -5.725    1.902    2.954    3.355    5.236    6.048    6.785
    7.825    8.475    9.156   10.343   12.051   14.468
            0.071333  0.123553  0.000000
  -21.050   -9.283   -6.214   -5.718    1.898    2.950    3.350    5.231    6.043    6.782
    7.816    8.485    9.152   10.338   12.044   14.464
            0.071000  0.122976  0.000000
  -21.053   -9.287   -6.204   -5.711    1.893    2.945    3.345    5.227    6.039    6.780
    7.806    8.496    9.147   10.333   12.037   14.460
            0.070667  0.122398  0.000000
  -21.057   -9.292   -6.194   -5.704    1.889    2.940    3.341    5.222    6.034    6.777
    7.796    8.506    9.143   10.329   12.031   14.456
            0.070333  0.121821  0.000000
  -21.060   -9.296   -6.183   -5.697    1.884    2.936    3.336    5.217    6.030    6.774
    7.786    8.517    9.138   10.324   12.024   14.452
            0.070000  0.121244  0.000000
  -21.063   -9.300   -6.173   -5.690    1.880    2.931    3.331    5.213    6.026    6.771
    7.776    8.527    9.134   10.320   12.018   14.448
            0.069667  0.120666  0.000000
  -21.067   -9.304   -6.163   -5.684    1.875    2.927    3.327    5.208    6.021    6.769
    7.767    8.537    9.130   10.315   12.011   14.445
            0.069333  0.120089  0.000000
  -21.070   -9.308   -6.153   -5.677    1.870    2.922    3.322    5.204    6.017    6.766
    7.757    8.548    9.125   10.311   12.005   14.441
            0.069000  0.119512  0.000000
  -21.073   -9.312   -6.142   -5.670    1.866    2.917    3.318    5.199    6.012    6.763
    7.747    8.558    9.121   10.306   11.998   14.437
            0.068667  0.118934  0.000000
  -21.077   -9.315   -6.132   -5.663    1.862    2.913    3.313    5.195    6.008    6.760
    7.737    8.568    9.117   10.302   11.992   14.433
            0.068333  0.118357  0.000000
  -21.080   -9.319   -6.122   -5.657    1.857    2.908    3.308    5.190    6.004    6.758
    7.728    8.579    9.112   10.297   11.986   14.429
            0.068000  0.117779  0.000000
  -21.083   -9.323   -6.112   -5.650    1.853    2.904    3.304    5.186    5.999    6.755
    7.718    8.589    9.108   10.293   11.980   14.426
            0.067667  0.117202  0.000000
  -21.086   -9.327   -6.102   -5.644    1.848    2.900    3.299    5.181    5.995    6.752
    7.708    8.599    9.104   10.288   11.973   14.422
            0.067333  0.116625  0.000000
  -21.089   -9.331   -6.092   -5.637    1.844    2.895    3.295    5.177    5.991    6.750
    7.698    8.609    9.100   10.284   11.967   14.418
            0.067000  0.116047  0.000000
  -21.093   -9.335   -6.082   -5.630    1.840    2.891    3.290    5.173    5.986    6.747
    7.689    8.619    9.095   10.279   11.961   14.414
            0.066667  0.115470  0.000000
  -21.096   -9.339   -6.072   -5.624    1.835    2.886    3.286    5.168    5.982    6.745
    7.679    8.629    9.091   10.275   11.955   14.411
            0.066333  0.114893  0.000000
  -21.099   -9.343   -6.062   -5.617    1.831    2.882    3.282    5.164    5.978    6.742
    7.669    8.639    9.087   10.271   11.949   14.407
            0.066000  0.114315  0.000000
  -21.102   -9.346   -6.052   -5.611    1.827    2.878    3.277    5.160    5.974    6.739
    7.660    8.649    9.083   10.266   11.943   14.403
            0.065667  0.113738  0.000000
  -21.105   -9.350   -6.042   -5.604    1.822    2.873    3.273    5.155    5.970    6.737
    7.650    8.659    9.079   10.262   11.937   14.400
            0.065333  0.113161  0.000000
  -21.108   -9.354   -6.032   -5.598    1.818    2.869    3.268    5.151    5.966    6.734
    7.640    8.669    9.075   10.258   11.931   14.396
            0.065000  0.112583  0.000000
  -21.111   -9.358   -6.022   -5.592    1.814    2.865    3.264    5.147    5.961    6.732
    7.631    8.678    9.071   10.253   11.925   14.392
            0.064667  0.112006  0.000000
  -21.115   -9.361   -6.013   -5.585    1.810    2.861    3.260    5.143    5.957    6.729
    7.621    8.688    9.066   10.249   11.919   14.389
            0.064333  0.111429  0.000000
  -21.118   -9.365   -6.003   -5.579    1.806    2.856    3.256    5.139    5.953    6.727
    7.612    8.698    9.062   10.245   11.913   14.385
            0.064000  0.110851  0.000000
  -21.121   -9.369   -5.993   -5.573    1.801    2.852    3.251    5.134    5.949    6.724
    7.602    8.708    9.058   10.241   11.908   14.382
            0.063667  0.110274  0.000000
  -21.124   -9.372   -5.983   -5.566    1.797    2.848    3.247    5.130    5.945    6.722
    7.593    8.717    9.054   10.237   11.902   14.378
            0.063333  0.109697  0.000000
  -21.127   -9.376   -5.974   -5.560    1.793    2.844    3.243    5.126    5.941    6.720
    7.583    8.727    9.050   10.232   11.896   14.374
            0.063000  0.109119  0.000000
  -21.130   -9.380   -5.964   -5.554    1.789    2.840    3.239    5.122    5.937    6.717
    7.573    8.737    9.046   10.228   11.891   14.371
            0.062667  0.108542  0.000000
  -21.133   -9.383   -5.954   -5.548    1.785    2.836    3.234    5.118    5.933    6.715
    7.564    8.746    9.043   10.224   11.885   14.367
            0.062333  0.107965  0.000000
  -21.136   -9.387   -5.945   -5.541    1.781    2.831    3.230    5.114    5.929    6.712
    7.554    8.756    9.039   10.220   11.880   14.364
            0.062000  0.107387  0.000000
  -21.139   -9.390   -5.935   -5.535    1.777    2.827    3.226    5.110    5.925    6.710
    7.545    8.765    9.035   10.216   11.874   14.360
            0.061667  0.106810  0.000000
  -21.142   -9.394   -5.926   -5.529    1.773    2.823    3.222    5.106    5.921    6.708
    7.535    8.774    9.031   10.212   11.869   14.357
            0.061333  0.106232  0.000000
  -21.144   -9.397   -5.916   -5.523    1.769    2.819    3.218    5.102    5.917    6.705
    7.526    8.784    9.027   10.208   11.863   14.353
            0.061000  0.105655  0.000000
  -21.147   -9.401   -5.907   -5.517    1.765    2.815    3.214    5.098    5.913    6.703
    7.517    8.793    9.023   10.204   11.858   14.350
            0.060667  0.105078  0.000000
  -21.150   -9.404   -5.897   -5.511    1.761    2.811    3.210    5.094    5.910    6.701
    7.507    8.802    9.019   10.200   11.852   14.347
            0.060333  0.104500  0.000000
  -21.153   -9.408   -5.888   -5.505    1.757    2.807    3.206    5.090    5.906    6.698
    7.498    8.812    9.015   10.196   11.847   14.343
            0.060000  0.103923  0.000000
  -21.156   -9.411   -5.878   -5.499    1.753    2.803    3.202    5.086    5.902    6.696
    7.488    8.821    9.012   10.192   11.842   14.340
            0.059667  0.103346  0.000000
  -21.159   -9.415   -5.869   -5.493    1.749    2.799    3.198    5.082    5.898    6.694
    7.479    8.830    9.008   10.188   11.837   14.336
            0.059333  0.102768  0.000000
  -21.162   -9.418   -5.860   -5.487    1.745    2.796    3.194    5.078    5.894    6.692
    7.470    8.839    9.004   10.184   11.831   14.333
            0.059000  0.102191  0.000000
  -21.164   -9.422   -5.850   -5.481    1.742    2.792    3.190    5.074    5.891    6.689
    7.461    8.848    9.000   10.180   11.826   14.330
            0.058667  0.101614  0.000000
  -21.167   -9.425   -5.841   -5.475    1.738    2.788    3.186    5.071    5.887    6.687
    7.451    8.857    8.997   10.176   11.821   14.327
            0.058333  0.101036  0.000000
  -21.170   -9.428   -5.832   -5.469    1.734    2.784    3.182    5.067    5.883    6.685
    7.442    8.866    8.993   10.173   11.816   14.323
            0.058000  0.100459  0.000000
  -21.173   -9.432   -5.823   -5.464    1.730    2.780    3.178    5.063    5.880    6.683
    7.433    8.875    8.989   10.169   11.811   14.320
            0.057667  0.099882  0.000000
  -21.176   -9.435   -5.814   -5.458    1.726    2.776    3.174    5.059    5.876    6.681
    7.424    8.884    8.986   10.165   11.806   14.317
            0.057333  0.099304  0.000000
  -21.178   -9.438   -5.804   -5.452    1.723    2.773    3.171    5.055    5.872    6.678
    7.414    8.893    8.982   10.161   11.801   14.313
            0.057000  0.098727  0.000000
  -21.181   -9.442   -5.795   -5.446    1.719    2.769    3.167    5.052    5.869    6.676
    7.405    8.902    8.979   10.158   11.796   14.310
            0.056667  0.098150  0.000000
  -21.184   -9.445   -5.786   -5.441    1.715    2.765    3.163    5.048    5.865    6.674
    7.396    8.911    8.975   10.154   11.791   14.307
            0.056333  0.097572  0.000000
  -21.186   -9.448   -5.777   -5.435    1.712    2.761    3.159    5.044    5.861    6.672
    7.387    8.920    8.971   10.150   11.786   14.304
            0.056000  0.096995  0.000000
  -21.189   -9.451   -5.768   -5.429    1.708    2.758    3.156    5.041    5.858    6.670
    7.378    8.928    8.968   10.146   11.782   14.301
            0.055667  0.096417  0.000000
  -21.192   -9.455   -5.759   -5.424    1.704    2.754    3.152    5.037    5.854    6.668
    7.369    8.937    8.964   10.143   11.777   14.297
            0.055333  0.095840  0.000000
  -21.194   -9.458   -5.750   -5.418    1.701    2.750    3.148    5.034    5.851    6.666
    7.360    8.946    8.961   10.139   11.772   14.294
            0.055000  0.095263  0.000000
  -21.197   -9.461   -5.742   -5.413    1.697    2.747    3.145    5.030    5.847    6.664
    7.351    8.954    8.957   10.135   11.767   14.291
            0.054667  0.094685  0.000000
  -21.200   -9.464   -5.733   -5.407    1.694    2.743    3.141    5.026    5.844    6.662
    7.342    8.954    8.963   10.132   11.763   14.288
            0.054333  0.094108  0.000000
  -21.202   -9.467   -5.724   -5.402    1.690    2.740    3.137    5.023    5.840    6.660
    7.333    8.951    8.971   10.128   11.758   14.285
            0.054000  0.093531  0.000000
  -21.205   -9.470   -5.715   -5.396    1.687    2.736    3.134    5.019    5.837    6.658
    7.324    8.947    8.980   10.125   11.753   14.282
            0.053667  0.092953  0.000000
  -21.207   -9.473   -5.706   -5.391    1.683    2.733    3.130    5.016    5.834    6.656
    7.315    8.944    8.988   10.121   11.749   14.279
            0.053333  0.092376  0.000000
  -21.210   -9.477   -5.698   -5.385    1.680    2.729    3.127    5.012    5.830    6.654
    7.306    8.940    8.996   10.118   11.744   14.276
            0.053000  0.091799  0.000000
  -21.212   -9.480   -5.689   -5.380    1.676    2.726    3.123    5.009    5.827    6.652
    7.297    8.937    9.005   10.114   11.740   14.273
            0.052667  0.091221  0.000000
  -21.215   -9.483   -5.680   -5.375    1.673    2.722    3.119    5.005    5.823    6.650
    7.288    8.934    9.013   10.111   11.735   14.270
            0.052333  0.090644  0.000000
  -21.217   -9.486   -5.672   -5.369    1.669    2.719    3.116    5.002    5.820    6.648
    7.280    8.930    9.021   10.107   11.731   14.267
            0.052000  0.090067  0.000000
  -21.220   -9.489   -5.663   -5.364    1.666    2.715    3.113    4.999    5.817    6.646
    7.271    8.927    9.029   10.104   11.727   14.264
            0.051667  0.089489  0.000000
  -21.222   -9.492   -5.655   -5.359    1.663    2.712    3.109    4.995    5.813    6.644
    7.262    8.924    9.037   10.100   11.722   14.261
            0.051333  0.088912  0.000000
  -21.225   -9.495   -5.646   -5.354    1.659    2.709    3.106    4.992    5.810    6.642
    7.253    8.921    9.046   10.097   11.718   14.258
            0.051000  0.088335  0.000000
  -21.227   -9.498   -5.638   -5.348    1.656    2.705    3.102    4.989    5.807    6.640
    7.245    8.917    9.054   10.094   11.714   14.255
            0.050667  0.087757  0.000000
  -21.230   -9.500   -5.630   -5.343    1.653    2.702    3.099    4.985    5.804    6.638
    7.236    8.914    9.062   10.090   11.709   14.252
            0.050333  0.087180  0.000000
  -21.232   -9.503   -5.621   -5.338    1.649    2.699    3.096    4.982    5.801    6.637
    7.228    8.911    9.070   10.087   11.705   14.249
            0.050000  0.086603  0.000000
  -21.234   -9.506   -5.613   -5.333    1.646    2.695    3.092    4.979    5.797    6.635
    7.219    8.908    9.078   10.084   11.701   14.246
            0.049667  0.086025  0.000000
  -21.237   -9.509   -5.605   -5.328    1.643    2.692    3.089    4.975    5.794    6.633
    7.210    8.905    9.085   10.080   11.697   14.244
            0.049333  0.085448  0.000000
  -21.239   -9.512   -5.596   -5.323    1.640    2.689    3.086    4.972    5.791    6.631
    7.202    8.902    9.093   10.077   11.693   14.241
            0.049000  0.084870  0.000000
  -21.241   -9.515   -5.588   -5.318    1.637    2.685    3.082    4.969    5.788    6.629
    7.193    8.899    9.101   10.074   11.689   14.238
            0.048667  0.084293  0.000000
  -21.244   -9.518   -5.580   -5.313    1.633    2.682    3.079    4.966    5.785    6.628
    7.185    8.895    9.109   10.071   11.685   14.235
            0.048333  0.083716  0.000000
  -21.246   -9.520   -5.572   -5.308    1.630    2.679    3.076    4.963    5.782    6.626
    7.177    8.892    9.116   10.068   11.681   14.232
            0.048000  0.083138  0.000000
  -21.248   -9.523   -5.564   -5.303    1.627    2.676    3.073    4.960    5.779    6.624
    7.168    8.889    9.124   10.064   11.677   14.230
            0.047667  0.082561  0.000000
  -21.251   -9.526   -5.556   -5.298    1.624    2.673    3.070    4.956    5.776    6.622
    7.160    8.886    9.132   10.061   11.673   14.227
            0.047333  0.081984  0.000000
  -21.253   -9.529   -5.548   -5.293    1.621    2.670    3.066    4.953    5.773    6.621
    7.152    8.883    9.139   10.058   11.669   14.224
            0.047000  0.081406  0.000000
  -21.255   -9.531   -5.540   -5.288    1.618    2.667    3.063    4.950    5.770    6.619
    7.143    8.880    9.147   10.055   11.665   14.221
            0.046667  0.080829  0.000000
  -21.257   -9.534   -5.532   -5.284    1.615    2.664    3.060    4.947    5.767    6.617
    7.135    8.877    9.154   10.052   11.661   14.219
            0.046333  0.080252  0.000000
  -21.260   -9.537   -5.524   -5.279    1.612    2.660    3.057    4.944    5.764    6.616
    7.127    8.875    9.162   10.049   11.658   14.216
            0.046000  0.079674  0.000000
  -21.262   -9.539   -5.516   -5.274    1.609    2.657    3.054    4.941    5.761    6.614
    7.119    8.872    9.169   10.046   11.654   14.213
            0.045667  0.079097  0.000000
  -21.264   -9.542   -5.509   -5.269    1.606    2.654    3.051    4.938    5.758    6.612
    7.111    8.869    9.176   10.043   11.650   14.211
            0.045333  0.078520  0.000000
  -21.266   -9.545   -5.501   -5.265    1.603    2.651    3.048    4.935    5.755    6.611
    7.103    8.866    9.183   10.040   11.646   14.208
            0.045000  0.077942  0.000000
  -21.268   -9.547   -5.493   -5.260    1.600    2.649    3.045    4.932    5.752    6.609
    7.095    8.863    9.191   10.037   11.643   14.206
            0.044667  0.077365  0.000000
  -21.270   -9.550   -5.485   -5.255    1.597    2.646    3.042    4.929    5.749    6.607
    7.087    8.860    9.198   10.034   11.639   14.203
            0.044333  0.076788  0.000000
  -21.272   -9.552   -5.478   -5.251    1.594    2.643    3.039    4.926    5.747    6.606
    7.079    8.857    9.205   10.031   11.635   14.201
            0.044000  0.076210  0.000000
  -21.275   -9.555   -5.470   -5.246    1.591    2.640    3.036    4.924    5.744    6.604
    7.071    8.855    9.212   10.028   11.632   14.198
            0.043667  0.075633  0.000000
  -21.277   -9.557   -5.463   -5.242    1.589    2.637    3.033    4.921    5.741    6.603
    7.063    8.852    9.219   10.025   11.628   14.195
            0.043333  0.075056  0.000000
  -21.279   -9.560   -5.455   -5.237    1.586    2.634    3.030    4.918    5.738    6.601
    7.055    8.849    9.226   10.022   11.625   14.193
            0.043000  0.074478  0.000000
  -21.281   -9.562   -5.448   -5.233    1.583    2.631    3.027    4.915    5.735    6.600
    7.047    8.846    9.233   10.020   11.621   14.191
            0.042667  0.073901  0.000000
  -21.283   -9.565   -5.440   -5.228    1.580    2.628    3.024    4.912    5.733    6.598
    7.040    8.844    9.240   10.017   11.618   14.188
            0.042333  0.073323  0.000000
  -21.285   -9.567   -5.433   -5.224    1.577    2.626    3.022    4.910    5.730    6.597
    7.032    8.841    9.247   10.014   11.615   14.186
            0.042000  0.072746  0.000000
  -21.287   -9.570   -5.426   -5.220    1.575    2.623    3.019    4.907    5.727    6.595
    7.024    8.838    9.253   10.011   11.611   14.183
            0.041667  0.072169  0.000000
  -21.289   -9.572   -5.419   -5.215    1.572    2.620    3.016    4.904    5.725    6.594
    7.017    8.836    9.260   10.008   11.608   14.181
            0.041333  0.071591  0.000000
  -21.291   -9.575   -5.411   -5.211    1.569    2.617    3.013    4.901    5.722    6.592
    7.009    8.833    9.267   10.006   11.605   14.178
            0.041000  0.071014  0.000000
  -21.293   -9.577   -5.404   -5.207    1.567    2.615    3.011    4.899    5.719    6.591
    7.001    8.830    9.274   10.003   11.601   14.176
            0.040667  0.070437  0.000000
  -21.295   -9.579   -5.397   -5.203    1.564    2.612    3.008    4.896    5.717    6.589
    6.994    8.828    9.280   10.000   11.598   14.174
            0.040333  0.069859  0.000000
  -21.297   -9.582   -5.390   -5.198    1.561    2.609    3.005    4.893    5.714    6.588
    6.987    8.825    9.287    9.998   11.595   14.171
            0.040000  0.069282  0.000000
  -21.299   -9.584   -5.383   -5.194    1.559    2.607    3.003    4.891    5.712    6.586
    6.979    8.823    9.293    9.995   11.592   14.169
            0.039667  0.068705  0.000000
  -21.300   -9.586   -5.376   -5.190    1.556    2.604    3.000    4.888    5.709    6.585
    6.972    8.820    9.300    9.992   11.588   14.167
            0.039333  0.068127  0.000000
  -21.302   -9.589   -5.369   -5.186    1.554    2.601    2.997    4.886    5.707    6.584
    6.964    8.818    9.306    9.990   11.585   14.164
            0.039000  0.067550  0.000000
  -21.304   -9.591   -5.362   -5.182    1.551    2.599    2.995    4.883    5.704    6.582
    6.957    8.815    9.312    9.987   11.582   14.162
            0.038667  0.066973  0.000000
  -21.306   -9.593   -5.355   -5.178    1.549    2.596    2.992    4.881    5.702    6.581
    6.950    8.813    9.319    9.985   11.579   14.160
            0.038333  0.066395  0.000000
  -21.308   -9.595   -5.349   -5.174    1.546    2.594    2.990    4.878    5.699    6.579
    6.943    8.810    9.325    9.982   11.576   14.158
            0.038000  0.065818  0.000000
  -21.310   -9.597   -5.342   -5.170    1.544    2.591    2.987    4.876    5.697    6.578
    6.936    8.808    9.331    9.980   11.573   14.156
            0.037667  0.065241  0.000000
  -21.311   -9.600   -5.335   -5.166    1.541    2.589    2.984    4.873    5.695    6.577
    6.929    8.806    9.337    9.977   11.570   14.153
            0.037333  0.064663  0.000000
  -21.313   -9.602   -5.329   -5.162    1.539    2.586    2.982    4.871    5.692    6.575
    6.922    8.803    9.343    9.975   11.567   14.151
            0.037000  0.064086  0.000000
  -21.315   -9.604   -5.322   -5.158    1.536    2.584    2.980    4.868    5.690    6.574
    6.915    8.801    9.349    9.972   11.564   14.149
            0.036667  0.063509  0.000000
  -21.317   -9.606   -5.315   -5.154    1.534    2.582    2.977    4.866    5.687    6.573
    6.908    8.799    9.355    9.970   11.561   14.147
            0.036333  0.062931  0.000000
  -21.319   -9.608   -5.309   -5.151    1.532    2.579    2.975    4.863    5.685    6.572
    6.901    8.796    9.361    9.967   11.559   14.145
            0.036000  0.062354  0.000000
  -21.320   -9.610   -5.303   -5.147    1.529    2.577    2.972    4.861    5.683    6.570
    6.894    8.794    9.367    9.965   11.556   14.143
            0.035667  0.061776  0.000000
  -21.322   -9.612   -5.296   -5.143    1.527    2.574    2.970    4.859    5.681    6.569
    6.887    8.792    9.373    9.963   11.553   14.141
            0.035333  0.061199  0.000000
  -21.324   -9.614   -5.290   -5.139    1.525    2.572    2.968    4.856    5.678    6.568
    6.880    8.790    9.379    9.960   11.550   14.139
            0.035000  0.060622  0.000000
  -21.325   -9.616   -5.284   -5.136    1.522    2.570    2.965    4.854    5.676    6.567
    6.874    8.787    9.385    9.958   11.548   14.137
            0.034667  0.060044  0.000000
  -21.327   -9.618   -5.277   -5.132    1.520    2.568    2.963    4.852    5.674    6.565
    6.867    8.785    9.390    9.956   11.545   14.135
            0.034333  0.059467  0.000000
  -21.329   -9.620   -5.271   -5.128    1.518    2.565    2.961    4.850    5.672    6.564
    6.860    8.783    9.396    9.953   11.542   14.133
            0.034000  0.058890  0.000000
  -21.330   -9.622   -5.265   -5.125    1.516    2.563    2.958    4.847    5.670    6.563
    6.854    8.781    9.402    9.951   11.539   14.131
            0.033667  0.058312  0.000000
  -21.332   -9.624   -5.259   -5.121    1.513    2.561    2.956    4.845    5.667    6.562
    6.847    8.779    9.407    9.949   11.537   14.129
            0.033333  0.057735  0.000000
  -21.333   -9.626   -5.253   -5.118    1.511    2.559    2.954    4.843    5.665    6.561
    6.841    8.777    9.413    9.947   11.534   14.127
            0.033000  0.057158  0.000000
  -21.335   -9.628   -5.247   -5.114    1.509    2.556    2.952    4.841    5.663    6.560
    6.835    8.774    9.418    9.944   11.532   14.125
            0.032667  0.056580  0.000000
  -21.337   -9.630   -5.241   -5.111    1.507    2.554    2.949    4.839    5.661    6.558
    6.828    8.772    9.423    9.942   11.529   14.123
            0.032333  0.056003  0.000000
  -21.338   -9.632   -5.235   -5.107    1.505    2.552    2.947    4.837    5.659    6.557
    6.822    8.770    9.429    9.940   11.527   14.121
            0.032000  0.055426  0.000000
  -21.340   -9.634   -5.229   -5.104    1.503    2.550    2.945    4.834    5.657    6.556
    6.816    8.768    9.434    9.938   11.524   14.119
            0.031667  0.054848  0.000000
  -21.341   -9.636   -5.223   -5.101    1.501    2.548    2.943    4.832    5.655    6.555
    6.810    8.766    9.439    9.936   11.522   14.117
            0.031333  0.054271  0.000000
  -21.343   -9.637   -5.218   -5.097    1.499    2.546    2.941    4.830    5.653    6.554
    6.803    8.764    9.444    9.934   11.519   14.115
            0.031000  0.053694  0.000000
  -21.344   -9.639   -5.212   -5.094    1.497    2.544    2.939    4.828    5.651    6.553
    6.797    8.762    9.450    9.932   11.517   14.114
            0.030667  0.053116  0.000000
  -21.346   -9.641   -5.206   -5.091    1.495    2.542    2.937    4.826    5.649    6.552
    6.791    8.760    9.455    9.930   11.515   14.112
            0.030333  0.052539  0.000000
  -21.347   -9.643   -5.201   -5.088    1.493    2.540    2.935    4.824    5.647    6.551
    6.785    8.758    9.460    9.928   11.512   14.110
            0.030000  0.051962  0.000000
  -21.348   -9.644   -5.195   -5.085    1.491    2.538    2.933    4.822    5.645    6.550
    6.779    8.756    9.465    9.926   11.510   14.108
            0.029667  0.051384  0.000000
  -21.350   -9.646   -5.190   -5.081    1.489    2.536    2.931    4.820    5.643    6.549
    6.774    8.755    9.470    9.924   11.508   14.107
            0.029333  0.050807  0.000000
  -21.351   -9.648   -5.185   -5.078    1.487    2.534    2.929    4.819    5.641    6.548
    6.768    8.753    9.474    9.922   11.505   14.105
            0.029000  0.050229  0.000000
  -21.353   -9.650   -5.179   -5.075    1.485    2.532    2.927    4.817    5.640    6.547
    6.762    8.751    9.479    9.920   11.503   14.103
            0.028667  0.049652  0.000000
  -21.354   -9.651   -5.174   -5.072    1.483    2.530    2.925    4.815    5.638    6.546
    6.756    8.749    9.484    9.918   11.501   14.101
            0.028333  0.049075  0.000000
  -21.355   -9.653   -5.169   -5.069    1.481    2.528    2.923    4.813    5.636    6.545
    6.751    8.747    9.489    9.916   11.499   14.100
            0.028000  0.048497  0.000000
  -21.357   -9.655   -5.163   -5.066    1.480    2.526    2.921    4.811    5.634    6.544
    6.745    8.745    9.493    9.914   11.497   14.098
            0.027667  0.047920  0.000000
  -21.358   -9.656   -5.158   -5.063    1.478    2.525    2.919    4.809    5.632    6.543
    6.740    8.744    9.498    9.912   11.495   14.097
            0.027333  0.047343  0.000000
  -21.359   -9.658   -5.153   -5.060    1.476    2.523    2.918    4.807    5.631    6.542
    6.734    8.742    9.503    9.911   11.493   14.095
            0.027000  0.046765  0.000000
  -21.361   -9.659   -5.148   -5.058    1.474    2.521    2.916    4.806    5.629    6.541
    6.729    8.740    9.507    9.909   11.491   14.093
            0.026667  0.046188  0.000000
  -21.362   -9.661   -5.143   -5.055    1.472    2.519    2.914    4.804    5.627    6.540
    6.723    8.739    9.511    9.907   11.489   14.092
            0.026333  0.045611  0.000000
  -21.363   -9.662   -5.138   -5.052    1.471    2.517    2.912    4.802    5.626    6.539
    6.718    8.737    9.516    9.905   11.487   14.090
            0.026000  0.045033  0.000000
  -21.364   -9.664   -5.134   -5.049    1.469    2.516    2.910    4.800    5.624    6.538
    6.713    8.735    9.520    9.904   11.485   14.089
            0.025667  0.044456  0.000000
  -21.366   -9.665   -5.129   -5.046    1.467    2.514    2.909    4.799    5.622    6.537
    6.708    8.734    9.525    9.902   11.483   14.087
            0.025333  0.043879  0.000000
  -21.367   -9.667   -5.124   -5.044    1.466    2.512    2.907    4.797    5.621    6.537
    6.703    8.732    9.529    9.900   11.481   14.086
            0.025000  0.043301  0.000000
  -21.368   -9.668   -5.119   -5.041    1.464    2.511    2.905    4.795    5.619    6.536
    6.698    8.730    9.533    9.898   11.479   14.084
            0.024667  0.042724  0.000000
  -21.369   -9.670   -5.115   -5.038    1.462    2.509    2.904    4.794    5.617    6.535
    6.693    8.729    9.537    9.897   11.477   14.083
            0.024333  0.042147  0.000000
  -21.370   -9.671   -5.110   -5.036    1.461    2.508    2.902    4.792    5.616    6.534
    6.688    8.727    9.541    9.895   11.475   14.081
            0.024000  0.041569  0.000000
  -21.372   -9.673   -5.106   -5.033    1.459    2.506    2.901    4.791    5.614    6.533
    6.683    8.726    9.545    9.894   11.473   14.080
            0.023667  0.040992  0.000000
  -21.373   -9.674   -5.101   -5.031    1.458    2.504    2.899    4.789    5.613    6.532
    6.678    8.724    9.549    9.892   11.471   14.079
            0.023333  0.040415  0.000000
  -21.374   -9.675   -5.097   -5.028    1.456    2.503    2.897    4.788    5.611    6.532
    6.673    8.723    9.553    9.890   11.470   14.077
            0.023000  0.039837  0.000000
  -21.375   -9.677   -5.092   -5.026    1.455    2.501    2.896    4.786    5.610    6.531
    6.669    8.721    9.557    9.889   11.468   14.076
            0.022667  0.039260  0.000000
  -21.376   -9.678   -5.088   -5.023    1.453    2.500    2.894    4.785    5.608    6.530
    6.664    8.720    9.561    9.887   11.466   14.075
            0.022333  0.038682  0.000000
  -21.377   -9.679   -5.084   -5.021    1.452    2.498    2.893    4.783    5.607    6.529
    6.659    8.718    9.564    9.886   11.465   14.073
            0.022000  0.038105  0.000000
  -21.378   -9.681   -5.080   -5.019    1.450    2.497    2.891    4.782    5.606    6.529
    6.655    8.717    9.568    9.884   11.463   14.072
            0.021667  0.037528  0.000000
  -21.379   -9.682   -5.076   -5.016    1.449    2.495    2.890    4.780    5.604    6.528
    6.651    8.716    9.572    9.883   11.461   14.071
            0.021333  0.036950  0.000000
  -21.380   -9.683   -5.072   -5.014    1.448    2.494    2.888    4.779    5.603    6.527
    6.646    8.714    9.575    9.882   11.460   14.069
            0.021000  0.036373  0.000000
  -21.381   -9.684   -5.068   -5.012    1.446    2.493    2.887    4.777    5.602    6.526
    6.642    8.713    9.579    9.880   11.458   14.068
            0.020667  0.035796  0.000000
  -21.382   -9.685   -5.064   -5.010    1.445    2.491    2.886    4.776    5.600    6.526
    6.638    8.712    9.582    9.879   11.457   14.067
            0.020333  0.035218  0.000000
  -21.383   -9.687   -5.060   -5.007    1.444    2.490    2.884    4.775    5.599    6.525
    6.633    8.710    9.586    9.877   11.455   14.066
            0.020000  0.034641  0.000000
  -21.384   -9.688   -5.056   -5.005    1.442    2.489    2.883    4.773    5.598    6.524
    6.629    8.709    9.589    9.876   11.454   14.065
            0.019667  0.034064  0.000000
  -21.385   -9.689   -5.052   -5.003    1.441    2.487    2.882    4.772    5.596    6.524
    6.625    8.708    9.593    9.875   11.452   14.064
            0.019333  0.033486  0.000000
  -21.386   -9.690   -5.049   -5.001    1.440    2.486    2.880    4.771    5.595    6.523
    6.621    8.707    9.596    9.874   11.451   14.062
            0.019000  0.032909  0.000000
  -21.387   -9.691   -5.045   -4.999    1.438    2.485    2.879    4.770    5.594    6.522
    6.617    8.705    9.599    9.872   11.449   14.061
            0.018667  0.032332  0.000000
  -21.388   -9.692   -5.041   -4.997    1.437    2.484    2.878    4.768    5.593    6.522
    6.613    8.704    9.602    9.871   11.448   14.060
            0.018333  0.031754  0.000000
  -21.389   -9.693   -5.038   -4.995    1.436    2.482    2.877    4.767    5.592    6.521
    6.610    8.703    9.605    9.870   11.446   14.059
            0.018000  0.031177  0.000000
  -21.390   -9.694   -5.034   -4.993    1.435    2.481    2.875    4.766    5.590    6.521
    6.606    8.702    9.608    9.869   11.445   14.058
            0.017667  0.030600  0.000000
  -21.390   -9.695   -5.031   -4.991    1.434    2.480    2.874    4.765    5.589    6.520
    6.602    8.701    9.611    9.867   11.444   14.057
            0.017333  0.030022  0.000000
  -21.391   -9.696   -5.028   -4.989    1.433    2.479    2.873    4.764    5.588    6.519
    6.599    8.700    9.614    9.866   11.443   14.056
            0.017000  0.029445  0.000000
  -21.392   -9.697   -5.024   -4.987    1.431    2.478    2.872    4.763    5.587    6.519
    6.595    8.699    9.617    9.865   11.441   14.055
            0.016667  0.028868  0.000000
  -21.393   -9.698   -5.021   -4.986    1.430    2.477    2.871    4.762    5.586    6.518
    6.592    8.697    9.620    9.864   11.440   14.054
            0.016333  0.028290  0.000000
  -21.394   -9.699   -5.018   -4.984    1.429    2.475    2.870    4.760    5.585    6.518
    6.588    8.696    9.623    9.863   11.439   14.053
            0.016000  0.027713  0.000000
  -21.394   -9.700   -5.015   -4.982    1.428    2.474    2.869    4.759    5.584    6.517
    6.585    8.695    9.625    9.862   11.438   14.052
            0.015667  0.027135  0.000000
  -21.395   -9.701   -5.012   -4.980    1.427    2.473    2.868    4.758    5.583    6.517
    6.582    8.694    9.628    9.861   11.436   14.051
            0.015333  0.026558  0.000000
  -21.396   -9.702   -5.009   -4.979    1.426    2.472    2.867    4.757    5.582    6.516
    6.578    8.693    9.631    9.860   11.435   14.050
            0.015000  0.025981  0.000000
  -21.397   -9.703   -5.006   -4.977    1.425    2.471    2.866    4.756    5.581    6.516
    6.575    8.692    9.633    9.859   11.434   14.049
            0.014667  0.025403  0.000000
  -21.397   -9.704   -5.003   -4.976    1.424    2.470    2.865    4.755    5.580    6.515
    6.572    8.692    9.636    9.858   11.433   14.048
            0.014333  0.024826  0.000000
  -21.398   -9.705   -5.000   -4.974    1.423    2.469    2.864    4.754    5.579    6.515
    6.569    8.691    9.638    9.857   11.432   14.048
            0.014000  0.024249  0.000000
  -21.399   -9.705   -4.998   -4.973    1.422    2.469    2.863    4.754    5.578    6.514
    6.566    8.690    9.640    9.856   11.431   14.047
            0.013667  0.023671  0.000000
  -21.399   -9.706   -4.995   -4.971    1.422    2.468    2.862    4.753    5.577    6.514
    6.563    8.689    9.643    9.855   11.430   14.046
            0.013333  0.023094  0.000000
  -21.400   -9.707   -4.993   -4.970    1.421    2.467    2.861    4.752    5.576    6.513
    6.560    8.688    9.645    9.854   11.429   14.045
            0.013000  0.022517  0.000000
  -21.401   -9.708   -4.990   -4.968    1.420    2.466    2.860    4.751    5.576    6.513
    6.558    8.687    9.647    9.853   11.428   14.044
            0.012667  0.021939  0.000000
  -21.401   -9.709   -4.988   -4.967    1.419    2.465    2.859    4.750    5.575    6.512
    6.555    8.686    9.649    9.852   11.427   14.044
            0.012333  0.021362  0.000000
  -21.402   -9.709   -4.985   -4.966    1.418    2.464    2.858    4.749    5.574    6.512
    6.552    8.686    9.652    9.852   11.426   14.043
            0.012000  0.020785  0.000000
  -21.402   -9.710   -4.983   -4.964    1.417    2.463    2.857    4.748    5.573    6.512
    6.550    8.685    9.654    9.851   11.425   14.042
            0.011667  0.020207  0.000000
  -21.403   -9.711   -4.981   -4.963    1.417    2.463    2.857    4.748    5.573    6.511
    6.547    8.684    9.656    9.850   11.424   14.042
            0.011333  0.019630  0.000000
  -21.404   -9.711   -4.978   -4.962    1.416    2.462    2.856    4.747    5.572    6.511
    6.545    8.683    9.658    9.849   11.424   14.041
            0.011000  0.019053  0.000000
  -21.404   -9.712   -4.976   -4.961    1.415    2.461    2.855    4.746    5.571    6.510
    6.543    8.683    9.659    9.848   11.423   14.040
            0.010667  0.018475  0.000000
  -21.405   -9.713   -4.974   -4.959    1.414    2.460    2.854    4.745    5.570    6.510
    6.540    8.682    9.661    9.848   11.422   14.040
            0.010333  0.017898  0.000000
  -21.405   -9.713   -4.972   -4.958    1.414    2.460    2.854    4.745    5.570    6.510
    6.538    8.681    9.663    9.847   11.421   14.039
            0.010000  0.017321  0.000000
  -21.406   -9.714   -4.970   -4.957    1.413    2.459    2.853    4.744    5.569    6.509
    6.536    8.681    9.665    9.846   11.420   14.038
            0.009667  0.016743  0.000000
  -21.406   -9.714   -4.968   -4.956    1.412    2.458    2.852    4.744    5.568    6.509
    6.534    8.680    9.666    9.846   11.420   14.038
            0.009333  0.016166  0.000000
  -21.407   -9.715   -4.966   -4.955    1.412    2.458    2.852    4.743    5.568    6.509
    6.532    8.679    9.668    9.845   11.419   14.037
            0.009000  0.015588  0.000000
  -21.407   -9.715   -4.965   -4.954    1.411    2.457    2.851    4.742    5.567    6.508
    6.530    8.679    9.670    9.844   11.418   14.037
            0.008667  0.015011  0.000000
  -21.407   -9.716   -4.963   -4.953    1.411    2.457    2.851    4.742    5.567    6.508
    6.528    8.678    9.671    9.844   11.418   14.036
            0.008333  0.014434  0.000000
  -21.408   -9.716   -4.961   -4.952    1.410    2.456    2.850    4.741    5.566    6.508
    6.526    8.678    9.672    9.843   11.417   14.036
            0.008000  0.013856  0.000000
  -21.408   -9.717   -4.960   -4.951    1.410    2.456    2.850    4.741    5.566    6.508
    6.525    8.677    9.674    9.843   11.417   14.035
            0.007667  0.013279  0.000000
  -21.409   -9.717   -4.958   -4.951    1.409    2.455    2.849    4.740    5.565    6.507
    6.523    8.677    9.675    9.842   11.416   14.035
            0.007333  0.012702  0.000000
  -21.409   -9.718   -4.957   -4.950    1.409    2.455    2.849    4.740    5.565    6.507
    6.521    8.676    9.676    9.842   11.415   14.034
            0.007000  0.012124  0.000000
  -21.409   -9.718   -4.955   -4.949    1.408    2.454    2.848    4.739    5.564    6.507
    6.520    8.676    9.678    9.841   11.415   14.034
            0.006667  0.011547  0.000000
  -21.410   -9.719   -4.954   -4.948    1.408    2.454    2.848    4.739    5.564    6.507
    6.519    8.675    9.679    9.841   11.414   14.034
            0.006333  0.010970  0.000000
  -21.410   -9.719   -4.953   -4.948    1.407    2.453    2.847    4.738    5.563    6.506
    6.517    8.675    9.680    9.840   11.414   14.033
            0.006000  0.010392  0.000000
  -21.410   -9.719   -4.952   -4.947    1.407    2.453    2.847    4.738    5.563    6.506
    6.516    8.675    9.681    9.840   11.413   14.033
            0.005667  0.009815  0.000000
  -21.410   -9.720   -4.950   -4.946    1.406    2.452    2.846    4.738    5.563    6.506
    6.515    8.674    9.682    9.840   11.413   14.032
            0.005333  0.009238  0.000000
  -21.411   -9.720   -4.949   -4.946    1.406    2.452    2.846    4.737    5.562    6.506
    6.513    8.674    9.683    9.839   11.413   14.032
            0.005000  0.008660  0.000000
  -21.411   -9.720   -4.948   -4.945    1.406    2.452    2.846    4.737    5.562    6.506
    6.512    8.673    9.684    9.839   11.412   14.032
            0.004667  0.008083  0.000000
  -21.411   -9.721   -4.947   -4.945    1.405    2.451    2.845    4.737    5.562    6.506
    6.511    8.673    9.685    9.839   11.412   14.032
            0.004333  0.007506  0.000000
  -21.411   -9.721   -4.947   -4.944    1.405    2.451    2.845    4.736    5.561    6.505
    6.510    8.673    9.685    9.838   11.412   14.031
            0.004000  0.006928  0.000000
  -21.412   -9.721   -4.946   -4.944    1.405    2.451    2.845    4.736    5.561    6.505
    6.510    8.673    9.686    9.838   11.411   14.031
            0.003667  0.006351  0.000000
  -21.412   -9.721   -4.945   -4.943    1.405    2.451    2.844    4.736    5.561    6.505
    6.509    8.672    9.687    9.838   11.411   14.031
            0.003333  0.005774  0.000000
  -21.412   -9.721   -4.944   -4.943    1.404    2.450    2.844    4.735    5.561    6.505
    6.508    8.672    9.687    9.838   11.411   14.031
            0.003000  0.005196  0.000000
  -21.412   -9.722   -4.944   -4.943    1.404    2.450    2.844    4.735    5.560    6.505
    6.507    8.672    9.688    9.837   11.411   14.030
            0.002667  0.004619  0.000000
  -21.412   -9.722   -4.943   -4.942    1.404    2.450    2.844    4.735    5.560    6.505
    6.507    8.672    9.688    9.837   11.410   14.030
            0.002333  0.004041  0.000000
  -21.412   -9.722   -4.943   -4.942    1.404    2.450    2.844    4.735    5.560    6.505
    6.506    8.672    9.689    9.837   11.410   14.030
            0.002000  0.003464  0.000000
  -21.412   -9.722   -4.942   -4.942    1.404    2.450    2.844    4.735    5.560    6.505
    6.506    8.671    9.689    9.837   11.410   14.030
            0.001667  0.002887  0.000000
  -21.413   -9.722   -4.942   -4.942    1.404    2.450    2.843    4.735    5.560    6.505
    6.505    8.671    9.689    9.837   11.410   14.030
            0.001333  0.002309  0.000000
  -21.413   -9.722   -4.942   -4.941    1.404    2.449    2.843    4.735    5.560    6.505
    6.505    8.671    9.690    9.837   11.410   14.030
            0.001000  0.001732  0.000000
  -21.413   -9.722   -4.941   -4.941    1.403    2.449    2.843    4.734    5.560    6.504
    6.505    8.671    9.690    9.837   11.410   14.030
            0.000667  0.001155  0.000000
  -21.413   -9.722   -4.941   -4.941    1.403    2.449    2.843    4.734    5.560    6.504
    6.505    8.671    9.690    9.836   11.410   14.030
            0.000333  0.000577  0.000000
  -21.413   -9.722   -4.941   -4.941    1.403    2.449    2.843    4.734    5.560    6.504
    6.504    8.671    9.690    9.836   11.410   14.030
            0.000000  0.000000  0.000000
  -21.413   -9.722   -4.941   -4.941    1.403    2.449    2.843    4.734    5.560    6.504
    6.504    8.671    9.690    9.836   11.410   14.030
            0.000500  0.000289  0.000000
  -21.413   -9.722   -4.941   -4.941    1.403    2.449    2.843    4.734    5.560    6.504
    6.504    8.671    9.690    9.836   11.410   14.030
            0.001000  0.000577  0.000000
  -21.413   -9.722   -4.941   -4.941    1.403    2.449    2.843    4.734    5.560    6.504
    6.505    8.671    9.690    9.836   11.410   14.030
            0.001500  0.000866  0.000000
  -21.413   -9.722   -4.941   -4.941    1.403    2.449    2.843    4.734    5.560    6.504
    6.505    8.671    9.690    9.837   11.410   14.030
            0.002000  0.001155  0.000000
  -21.413   -9.722   -4.941   -4.941    1.403    2.449    2.843    4.735    5.560    6.505
    6.505    8.671    9.690    9.837   11.410   14.030
            0.002500  0.001443  0.000000
  -21.413   -9.722   -4.942   -4.941    1.404    2.449    2.843    4.735    5.560    6.505
    6.505    8.671    9.690    9.837   11.410   14.030
            0.003000  0.001732  0.000000
  -21.413   -9.722   -4.942   -4.942    1.404    2.450    2.843    4.735    5.560    6.505
    6.505    8.671    9.689    9.837   11.410   14.030
            0.003500  0.002021  0.000000
  -21.412   -9.722   -4.942   -4.942    1.404    2.450    2.844    4.735    5.560    6.505
    6.506    8.671    9.689    9.837   11.410   14.030
            0.004000  0.002309  0.000000
  -21.412   -9.722   -4.943   -4.942    1.404    2.450    2.844    4.735    5.560    6.505
    6.506    8.672    9.689    9.837   11.410   14.030
            0.004500  0.002598  0.000000
  -21.412   -9.722   -4.943   -4.942    1.404    2.450    2.844    4.735    5.560    6.505
    6.507    8.672    9.688    9.837   11.410   14.030
            0.005000  0.002887  0.000000
  -21.412   -9.722   -4.943   -4.942    1.404    2.450    2.844    4.735    5.560    6.505
    6.507    8.672    9.688    9.837   11.410   14.030
            0.005500  0.003175  0.000000
  -21.412   -9.722   -4.944   -4.943    1.404    2.450    2.844    4.735    5.561    6.505
    6.508    8.672    9.688    9.837   11.411   14.031
            0.006000  0.003464  0.000000
  -21.412   -9.721   -4.945   -4.943    1.405    2.450    2.844    4.736    5.561    6.505
    6.508    8.672    9.687    9.838   11.411   14.031
            0.006500  0.003753  0.000000
  -21.412   -9.721   -4.945   -4.943    1.405    2.451    2.845    4.736    5.561    6.505
    6.509    8.672    9.687    9.838   11.411   14.031
            0.007000  0.004041  0.000000
  -21.412   -9.721   -4.946   -4.944    1.405    2.451    2.845    4.736    5.561    6.505
    6.510    8.673    9.686    9.838   11.411   14.031
            0.007500  0.004330  0.000000
  -21.411   -9.721   -4.947   -4.944    1.405    2.451    2.845    4.736    5.561    6.505
    6.510    8.673    9.685    9.838   11.412   14.031
            0.008000  0.004619  0.000000
  -21.411   -9.721   -4.947   -4.945    1.405    2.451    2.845    4.736    5.562    6.505
    6.511    8.673    9.685    9.839   11.412   14.032
            0.008500  0.004907  0.000000
  -21.411   -9.720   -4.948   -4.945    1.406    2.452    2.846    4.737    5.562    6.506
    6.512    8.673    9.684    9.839   11.412   14.032
            0.009000  0.005196  0.000000
  -21.411   -9.720   -4.949   -4.945    1.406    2.452    2.846    4.737    5.562    6.506
    6.513    8.674    9.683    9.839   11.412   14.032
            0.009500  0.005485  0.000000
  -21.411   -9.720   -4.950   -4.946    1.406    2.452    2.846    4.737    5.562    6.506
    6.514    8.674    9.682    9.839   11.413   14.032
            0.010000  0.005774  0.000000
  -21.410   -9.720   -4.951   -4.946    1.407    2.453    2.846    4.738    5.563    6.506
    6.515    8.674    9.682    9.840   11.413   14.033
            0.010500  0.006062  0.000000
  -21.410   -9.719   -4.952   -4.947    1.407    2.453    2.847    4.738    5.563    6.506
    6.516    8.675    9.681    9.840   11.414   14.033
            0.011000  0.006351  0.000000
  -21.410   -9.719   -4.953   -4.948    1.407    2.453    2.847    4.738    5.563    6.506
    6.517    8.675    9.680    9.840   11.414   14.033
            0.011500  0.006640  0.000000
  -21.410   -9.719   -4.954   -4.948    1.408    2.454    2.848    4.739    5.564    6.507
    6.518    8.675    9.679    9.841   11.414   14.033
            0.012000  0.006928  0.000000
  -21.409   -9.718   -4.955   -4.949    1.408    2.454    2.848    4.739    5.564    6.507
    6.520    8.676    9.678    9.841   11.415   14.034
            0.012500  0.007217  0.000000
  -21.409   -9.718   -4.956   -4.949    1.408    2.454    2.848    4.739    5.565    6.507
    6.521    8.676    9.677    9.842   11.415   14.034
            0.013000  0.007506  0.000000
  -21.409   -9.718   -4.957   -4.950    1.409    2.455    2.849    4.740    5.565    6.507
    6.522    8.676    9.676    9.842   11.416   14.035
            0.013500  0.007794  0.000000
  -21.408   -9.717   -4.959   -4.951    1.409    2.455    2.849    4.740    5.565    6.507
    6.524    8.677    9.675    9.842   11.416   14.035
            0.014000  0.008083  0.000000
  -21.408   -9.717   -4.960   -4.952    1.410    2.456    2.850    4.741    5.566    6.508
    6.525    8.677    9.674    9.843   11.417   14.035
            0.014500  0.008372  0.000000
  -21.408   -9.716   -4.961   -4.952    1.410    2.456    2.850    4.741    5.566    6.508
    6.527    8.678    9.672    9.843   11.417   14.036
            0.015000  0.008660  0.000000
  -21.407   -9.716   -4.963   -4.953    1.411    2.457    2.851    4.742    5.567    6.508
    6.528    8.678    9.671    9.844   11.418   14.036
            0.015500  0.008949  0.000000
  -21.407   -9.715   -4.964   -4.954    1.411    2.457    2.851    4.742    5.567    6.508
    6.530    8.679    9.670    9.844   11.418   14.037
            0.016000  0.009238  0.000000
  -21.407   -9.715   -4.966   -4.955    1.412    2.458    2.852    4.743    5.568    6.509
    6.532    8.679    9.668    9.845   11.419   14.037
            0.016500  0.009526  0.000000
  -21.406   -9.715   -4.967   -4.956    1.412    2.458    2.852    4.743    5.568    6.509
    6.533    8.680    9.667    9.845   11.419   14.038
            0.017000  0.009815  0.000000
  -21.406   -9.714   -4.969   -4.957    1.413    2.459    2.853    4.744    5.569    6.509
    6.535    8.680    9.666    9.846   11.420   14.038
            0.017500  0.010104  0.000000
  -21.405   -9.714   -4.971   -4.957    1.413    2.459    2.853    4.744    5.569    6.509
    6.537    8.681    9.664    9.847   11.421   14.039
            0.018000  0.010392  0.000000
  -21.405   -9.713   -4.972   -4.958    1.414    2.460    2.854    4.745    5.570    6.510
    6.539    8.681    9.663    9.847   11.421   14.039
            0.018500  0.010681  0.000000
  -21.405   -9.713   -4.974   -4.959    1.414    2.460    2.855    4.746    5.570    6.510
    6.541    8.682    9.661    9.848   11.422   14.040
            0.019000  0.010970  0.000000
  -21.404   -9.712   -4.976   -4.960    1.415    2.461    2.855    4.746    5.571    6.510
    6.543    8.683    9.660    9.848   11.423   14.040
            0.019500  0.011258  0.000000
  -21.404   -9.711   -4.978   -4.961    1.416    2.462    2.856    4.747    5.572    6.511
    6.545    8.683    9.658    9.849   11.423   14.041
            0.020000  0.011547  0.000000
  -21.403   -9.711   -4.980   -4.962    1.416    2.462    2.856    4.747    5.572    6.511
    6.547    8.684    9.656    9.850   11.424   14.041
            0.020500  0.011836  0.000000
  -21.403   -9.710   -4.982   -4.964    1.417    2.463    2.857    4.748    5.573    6.511
    6.549    8.684    9.655    9.850   11.425   14.042
            0.021000  0.012124  0.000000
  -21.402   -9.710   -4.984   -4.965    1.418    2.464    2.858    4.749    5.574    6.512
    6.551    8.685    9.653    9.851   11.426   14.043
            0.021500  0.012413  0.000000
  -21.402   -9.709   -4.986   -4.966    1.418    2.464    2.858    4.749    5.574    6.512
    6.553    8.686    9.651    9.852   11.426   14.043
            0.022000  0.012702  0.000000
  -21.401   -9.708   -4.988   -4.967    1.419    2.465    2.859    4.750    5.575    6.512
    6.556    8.686    9.649    9.852   11.427   14.044
            0.022500  0.012990  0.000000
  -21.401   -9.708   -4.990   -4.968    1.420    2.466    2.860    4.751    5.576    6.513
    6.558    8.687    9.647    9.853   11.428   14.044
            0.023000  0.013279  0.000000
  -21.400   -9.707   -4.992   -4.969    1.420    2.467    2.861    4.752    5.576    6.513
    6.560    8.688    9.645    9.854   11.429   14.045
            0.023500  0.013568  0.000000
  -21.400   -9.706   -4.994   -4.971    1.421    2.467    2.861    4.752    5.577    6.513
    6.563    8.689    9.644    9.855   11.430   14.046
            0.024000  0.013856  0.000000
  -21.399   -9.706   -4.997   -4.972    1.422    2.468    2.862    4.753    5.578    6.514
    6.565    8.689    9.642    9.856   11.431   14.046
            0.024500  0.014145  0.000000
  -21.398   -9.705   -4.999   -4.973    1.423    2.469    2.863    4.754    5.579    6.514
    6.568    8.690    9.639    9.856   11.431   14.047
            0.025000  0.014434  0.000000
  -21.398   -9.704   -5.001   -4.974    1.424    2.470    2.864    4.755    5.579    6.514
    6.570    8.691    9.637    9.857   11.432   14.048
            0.025500  0.014722  0.000000
  -21.397   -9.704   -5.004   -4.976    1.424    2.471    2.865    4.756    5.580    6.515
    6.573    8.692    9.635    9.858   11.433   14.049
            0.026000  0.015011  0.000000
  -21.397   -9.703   -5.006   -4.977    1.425    2.471    2.866    4.756    5.581    6.515
    6.576    8.692    9.633    9.859   11.434   14.049
            0.026500  0.015300  0.000000
  -21.396   -9.702   -5.009   -4.978    1.426    2.472    2.866    4.757    5.582    6.516
    6.578    8.693    9.631    9.860   11.435   14.050
            0.027000  0.015588  0.000000
  -21.395   -9.701   -5.011   -4.980    1.427    2.473    2.867    4.758    5.583    6.516
    6.581    8.694    9.629    9.861   11.436   14.051
            0.027500  0.015877  0.000000
  -21.395   -9.701   -5.014   -4.981    1.428    2.474    2.868    4.759    5.584    6.516
    6.584    8.695    9.626    9.861   11.437   14.052
            0.028000  0.016166  0.000000
  -21.394   -9.700   -5.017   -4.983    1.429    2.475    2.869    4.760    5.584    6.517
    6.587    8.696    9.624    9.862   11.438   14.053
            0.028500  0.016454  0.000000
  -21.393   -9.699   -5.019   -4.984    1.430    2.476    2.870    4.761    5.585    6.517
    6.590    8.697    9.622    9.863   11.439   14.053
            0.029000  0.016743  0.000000
  -21.393   -9.698   -5.022   -4.986    1.431    2.477    2.871    4.762    5.586    6.518
    6.593    8.698    9.619    9.864   11.440   14.054
            0.029500  0.017032  0.000000
  -21.392   -9.697   -5.025   -4.987    1.432    2.478    2.872    4.763    5.587    6.518
    6.596    8.699    9.617    9.865   11.441   14.055
            0.030000  0.017321  0.000000
  -21.391   -9.696   -5.028   -4.989    1.432    2.479    2.873    4.764    5.588    6.519
    6.599    8.700    9.614    9.866   11.442   14.056
            0.030500  0.017609  0.000000
  -21.391   -9.696   -5.031   -4.990    1.433    2.480    2.874    4.765    5.589    6.519
    6.602    8.701    9.612    9.867   11.444   14.057
            0.031000  0.017898  0.000000
  -21.390   -9.695   -5.034   -4.992    1.434    2.481    2.875    4.766    5.590    6.520
    6.606    8.702    9.609    9.868   11.445   14.058
            0.031500  0.018187  0.000000
  -21.389   -9.694   -5.037   -4.994    1.435    2.482    2.876    4.767    5.591    6.520
    6.609    8.703    9.607    9.869   11.446   14.059
            0.032000  0.018475  0.000000
  -21.388   -9.693   -5.040   -4.995    1.437    2.483    2.877    4.768    5.592    6.520
    6.612    8.704    9.604    9.870   11.447   14.060
            0.032500  0.018764  0.000000
  -21.388   -9.692   -5.043   -4.997    1.438    2.484    2.878    4.769    5.593    6.521
    6.616    8.705    9.601    9.871   11.448   14.060
            0.033000  0.019053  0.000000
  -21.387   -9.691   -5.046   -4.999    1.439    2.485    2.879    4.770    5.594    6.521
    6.619    8.706    9.598    9.872   11.449   14.061
            0.033500  0.019341  0.000000
  -21.386   -9.690   -5.049   -5.001    1.440    2.486    2.880    4.771    5.595    6.522
    6.623    8.707    9.596    9.874   11.451   14.062
            0.034000  0.019630  0.000000
  -21.385   -9.689   -5.052   -5.002    1.441    2.487    2.882    4.772    5.596    6.522
    6.626    8.708    9.593    9.875   11.452   14.063
            0.034500  0.019919  0.000000
  -21.384   -9.688   -5.056   -5.004    1.442    2.488    2.883    4.773    5.597    6.523
    6.630    8.709    9.590    9.876   11.453   14.064
            0.035000  0.020207  0.000000
  -21.384   -9.687   -5.059   -5.006    1.443    2.489    2.884    4.774    5.598    6.523
    6.633    8.710    9.587    9.877   11.454   14.065
            0.035500  0.020496  0.000000
  -21.383   -9.686   -5.062   -5.008    1.444    2.491    2.885    4.775    5.600    6.524
    6.637    8.711    9.584    9.878   11.456   14.066
            0.036000  0.020785  0.000000
  -21.382   -9.685   -5.066   -5.010    1.445    2.492    2.886    4.777    5.601    6.524
    6.641    8.712    9.581    9.879   11.457   14.067
            0.036500  0.021073  0.000000
  -21.381   -9.684   -5.069   -5.012    1.446    2.493    2.887    4.778    5.602    6.525
    6.644    8.713    9.578    9.881   11.458   14.069
            0.037000  0.021362  0.000000
  -21.380   -9.683   -5.073   -5.013    1.448    2.494    2.889    4.779    5.603    6.525
    6.648    8.714    9.575    9.882   11.460   14.070
            0.037500  0.021651  0.000000
  -21.379   -9.682   -5.076   -5.015    1.449    2.495    2.890    4.780    5.604    6.526
    6.652    8.716    9.572    9.883   11.461   14.071
            0.038000  0.021939  0.000000
  -21.378   -9.681   -5.080   -5.017    1.450    2.497    2.891    4.781    5.605    6.527
    6.656    8.717    9.569    9.884   11.463   14.072
            0.038500  0.022228  0.000000
  -21.377   -9.680   -5.083   -5.019    1.451    2.498    2.892    4.783    5.607    6.527
    6.660    8.718    9.566    9.885   11.464   14.073
            0.039000  0.022517  0.000000
  -21.377   -9.679   -5.087   -5.021    1.453    2.499    2.894    4.784    5.608    6.528
    6.664    8.719    9.562    9.887   11.465   14.074
            0.039500  0.022805  0.000000
  -21.376   -9.677   -5.091   -5.023    1.454    2.500    2.895    4.785    5.609    6.528
    6.668    8.720    9.559    9.888   11.467   14.075
            0.040000  0.023094  0.000000
  -21.375   -9.676   -5.095   -5.025    1.455    2.502    2.896    4.787    5.610    6.529
    6.672    8.722    9.556    9.889   11.468   14.076
            0.040500  0.023383  0.000000
  -21.374   -9.675   -5.098   -5.028    1.456    2.503    2.898    4.788    5.612    6.529
    6.676    8.723    9.552    9.891   11.470   14.078
            0.041000  0.023671  0.000000
  -21.373   -9.674   -5.102   -5.030    1.458    2.504    2.899    4.789    5.613    6.530
    6.681    8.724    9.549    9.892   11.471   14.079
            0.041500  0.023960  0.000000
  -21.372   -9.673   -5.106   -5.032    1.459    2.506    2.900    4.791    5.614    6.530
    6.685    8.726    9.546    9.893   11.473   14.080
            0.042000  0.024249  0.000000
  -21.371   -9.672   -5.110   -5.034    1.460    2.507    2.902    4.792    5.615    6.531
    6.689    8.727    9.542    9.895   11.475   14.081
            0.042500  0.024537  0.000000
  -21.370   -9.670   -5.114   -5.036    1.462    2.508    2.903    4.793    5.617    6.532
    6.694    8.728    9.539    9.896   11.476   14.082
            0.043000  0.024826  0.000000
  -21.369   -9.669   -5.118   -5.038    1.463    2.510    2.905    4.795    5.618    6.532
    6.698    8.730    9.535    9.898   11.478   14.084
            0.043500  0.025115  0.000000
  -21.368   -9.668   -5.122   -5.041    1.465    2.511    2.906    4.796    5.620    6.533
    6.703    8.731    9.531    9.899   11.479   14.085
            0.044000  0.025403  0.000000
  -21.367   -9.667   -5.126   -5.043    1.466    2.513    2.907    4.797    5.621    6.533
    6.707    8.732    9.528    9.900   11.481   14.086
            0.044500  0.025692  0.000000
  -21.366   -9.665   -5.131   -5.045    1.467    2.514    2.909    4.799    5.622    6.534
    6.712    8.734    9.524    9.902   11.483   14.087
            0.045000  0.025981  0.000000
  -21.365   -9.664   -5.135   -5.047    1.469    2.516    2.910    4.800    5.624    6.535
    6.716    8.735    9.520    9.903   11.484   14.089
            0.045500  0.026269  0.000000
  -21.363   -9.663   -5.139   -5.050    1.470    2.517    2.912    4.802    5.625    6.535
    6.721    8.737    9.517    9.905   11.486   14.090
            0.046000  0.026558  0.000000
  -21.362   -9.661   -5.143   -5.052    1.472    2.519    2.913    4.803    5.627    6.536
    6.726    8.738    9.513    9.906   11.488   14.091
            0.046500  0.026847  0.000000
  -21.361   -9.660   -5.148   -5.054    1.473    2.520    2.915    4.805    5.628    6.536
    6.731    8.739    9.509    9.908   11.489   14.093
            0.047000  0.027135  0.000000
  -21.360   -9.659   -5.152   -5.057    1.475    2.522    2.916    4.806    5.630    6.537
    6.735    8.741    9.505    9.909   11.491   14.094
            0.047500  0.027424  0.000000
  -21.359   -9.657   -5.157   -5.059    1.476    2.523    2.918    4.808    5.631    6.538
    6.740    8.742    9.501    9.911   11.493   14.095
            0.048000  0.027713  0.000000
  -21.358   -9.656   -5.161   -5.062    1.478    2.525    2.920    4.809    5.633    6.538
    6.745    8.744    9.497    9.913   11.495   14.097
            0.048500  0.028001  0.000000
  -21.357   -9.655   -5.166   -5.064    1.480    2.526    2.921    4.811    5.634    6.539
    6.750    8.746    9.493    9.914   11.497   14.098
            0.049000  0.028290  0.000000
  -21.356   -9.653   -5.170   -5.067    1.481    2.528    2.923    4.813    5.636    6.540
    6.755    8.747    9.489    9.916   11.498   14.100
            0.049500  0.028579  0.000000
  -21.354   -9.652   -5.175   -5.069    1.483    2.530    2.925    4.814    5.637    6.540
    6.760    8.749    9.485    9.917   11.500   14.101
            0.050000  0.028868  0.000000
  -21.353   -9.650   -5.179   -5.072    1.484    2.531    2.926    4.816    5.639    6.541
    6.765    8.750    9.481    9.919   11.502   14.103
            0.050500  0.029156  0.000000
  -21.352   -9.649   -5.184   -5.074    1.486    2.533    2.928    4.817    5.640    6.542
    6.771    8.752    9.477    9.921   11.504   14.104
            0.051000  0.029445  0.000000
  -21.351   -9.647   -5.189   -5.077    1.488    2.535    2.930    4.819    5.642    6.542
    6.776    8.753    9.473    9.922   11.506   14.105
            0.051500  0.029734  0.000000
  -21.350   -9.646   -5.194   -5.079    1.489    2.536    2.931    4.821    5.644    6.543
    6.781    8.755    9.469    9.924   11.508   14.107
            0.052000  0.030022  0.000000
  -21.348   -9.644   -5.198   -5.082    1.491    2.538    2.933    4.822    5.645    6.543
    6.786    8.757    9.464    9.926   11.510   14.108
            0.052500  0.030311  0.000000
  -21.347   -9.643   -5.203   -5.085    1.493    2.540    2.935    4.824    5.647    6.544
    6.792    8.758    9.460    9.928   11.512   14.110
            0.053000  0.030600  0.000000
  -21.346   -9.641   -5.208   -5.087    1.494    2.541    2.936    4.826    5.649    6.545
    6.797    8.760    9.456    9.929   11.514   14.111
            0.053500  0.030888  0.000000
  -21.345   -9.640   -5.213   -5.090    1.496    2.543    2.938    4.828    5.650    6.545
    6.803    8.762    9.451    9.931   11.516   14.113
            0.054000  0.031177  0.000000
  -21.343   -9.638   -5.218   -5.093    1.498    2.545    2.940    4.829    5.652    6.546
    6.808    8.763    9.447    9.933   11.518   14.115
            0.054500  0.031466  0.000000
  -21.342   -9.637   -5.223   -5.095    1.500    2.547    2.942    4.831    5.654    6.547
    6.814    8.765    9.442    9.935   11.520   14.116
            0.055000  0.031754  0.000000
  -21.341   -9.635   -5.228   -5.098    1.501    2.548    2.944    4.833    5.655    6.547
    6.819    8.767    9.438    9.936   11.522   14.118
            0.055500  0.032043  0.000000
  -21.339   -9.634   -5.233   -5.101    1.503    2.550    2.945    4.835    5.657    6.548
    6.825    8.768    9.433    9.938   11.524   14.119
            0.056000  0.032332  0.000000
  -21.338   -9.632   -5.239   -5.104    1.505    2.552    2.947    4.837    5.659    6.549
    6.831    8.770    9.429    9.940   11.526   14.121
            0.056500  0.032620  0.000000
  -21.337   -9.630   -5.244   -5.107    1.507    2.554    2.949    4.838    5.661    6.549
    6.836    8.772    9.424    9.942   11.528   14.123
            0.057000  0.032909  0.000000
  -21.335   -9.629   -5.249   -5.109    1.509    2.556    2.951    4.840    5.663    6.550
    6.842    8.774    9.419    9.944   11.531   14.124
            0.057500  0.033198  0.000000
  -21.334   -9.627   -5.254   -5.112    1.510    2.558    2.953    4.842    5.664    6.551
    6.848    8.776    9.415    9.946   11.533   14.126
            0.058000  0.033486  0.000000
  -21.333   -9.625   -5.260   -5.115    1.512    2.560    2.955    4.844    5.666    6.551
    6.854    8.777    9.410    9.948   11.535   14.128
            0.058500  0.033775  0.000000
  -21.331   -9.624   -5.265   -5.118    1.514    2.562    2.957    4.846    5.668    6.552
    6.860    8.779    9.405    9.950   11.537   14.129
            0.059000  0.034064  0.000000
  -21.330   -9.622   -5.270   -5.121    1.516    2.563    2.959    4.848    5.670    6.553
    6.866    8.781    9.400    9.951   11.540   14.131
            0.059500  0.034352  0.000000
  -21.328   -9.620   -5.276   -5.124    1.518    2.565    2.961    4.850    5.672    6.554
    6.872    8.783    9.396    9.953   11.542   14.133
            0.060000  0.034641  0.000000
  -21.327   -9.619   -5.281   -5.127    1.520    2.567    2.963    4.852    5.674    6.554
    6.878    8.785    9.391    9.955   11.544   14.134
            0.060500  0.034930  0.000000
  -21.326   -9.617   -5.287   -5.130    1.522    2.569    2.965    4.854    5.676    6.555
    6.884    8.787    9.386    9.957   11.546   14.136
            0.061000  0.035218  0.000000
  -21.324   -9.615   -5.293   -5.133    1.524    2.571    2.967    4.856    5.678    6.556
    6.890    8.789    9.381    9.959   11.549   14.138
            0.061500  0.035507  0.000000
  -21.323   -9.613   -5.298   -5.136    1.526    2.573    2.969    4.858    5.679    6.556
    6.896    8.791    9.376    9.961   11.551   14.140
            0.062000  0.035796  0.000000
  -21.321   -9.612   -5.304   -5.139    1.528    2.575    2.971    4.860    5.681    6.557
    6.903    8.793    9.371    9.963   11.553   14.141
            0.062500  0.036084  0.000000
  -21.320   -9.610   -5.310   -5.142    1.530    2.577    2.973    4.862    5.683    6.558
    6.909    8.795    9.366    9.965   11.556   14.143
            0.063000  0.036373  0.000000
  -21.318   -9.608   -5.315   -5.145    1.532    2.579    2.975    4.864    5.685    6.558
    6.915    8.797    9.361    9.968   11.558   14.145
            0.063500  0.036662  0.000000
  -21.317   -9.606   -5.321   -5.148    1.534    2.582    2.977    4.866    5.687    6.559
    6.922    8.799    9.355    9.970   11.561   14.147
            0.064000  0.036950  0.000000
  -21.315   -9.604   -5.327   -5.151    1.536    2.584    2.979    4.868    5.689    6.560
    6.928    8.801    9.350    9.972   11.563   14.149
            0.064500  0.037239  0.000000
  -21.314   -9.602   -5.333   -5.155    1.538    2.586    2.981    4.870    5.691    6.560
    6.935    8.803    9.345    9.974   11.566   14.151
            0.065000  0.037528  0.000000
  -21.312   -9.601   -5.339   -5.158    1.540    2.588    2.983    4.872    5.693    6.561
    6.941    8.805    9.340    9.976   11.568   14.152
            0.065500  0.037816  0.000000
  -21.311   -9.599   -5.345   -5.161    1.542    2.590    2.986    4.874    5.696    6.562
    6.948    8.807    9.334    9.978   11.571   14.154
            0.066000  0.038105  0.000000
  -21.309   -9.597   -5.351   -5.164    1.544    2.592    2.988    4.876    5.698    6.562
    6.955    8.809    9.329    9.980   11.573   14.156
            0.066500  0.038394  0.000000
  -21.308   -9.595   -5.357   -5.167    1.547    2.594    2.990    4.878    5.700    6.563
    6.961    8.811    9.324    9.982   11.576   14.158
            0.067000  0.038682  0.000000
  -21.306   -9.593   -5.363   -5.171    1.549    2.596    2.992    4.881    5.702    6.564
    6.968    8.813    9.318    9.985   11.578   14.160
            0.067500  0.038971  0.000000
  -21.304   -9.591   -5.369   -5.174    1.551    2.599    2.994    4.883    5.704    6.565
    6.975    8.815    9.313    9.987   11.581   14.162
            0.068000  0.039260  0.000000
  -21.303   -9.589   -5.375   -5.177    1.553    2.601    2.997    4.885    5.706    6.565
    6.982    8.817    9.307    9.989   11.584   14.164
            0.068500  0.039548  0.000000
  -21.301   -9.587   -5.381   -5.181    1.555    2.603    2.999    4.887    5.708    6.566
    6.988    8.819    9.302    9.991   11.586   14.166
            0.069000  0.039837  0.000000
  -21.299   -9.585   -5.388   -5.184    1.558    2.605    3.001    4.889    5.710    6.567
    6.995    8.821    9.296    9.994   11.589   14.168
            0.069500  0.040126  0.000000
  -21.298   -9.583   -5.394   -5.187    1.560    2.608    3.004    4.892    5.713    6.567
    7.002    8.824    9.291    9.996   11.592   14.170
            0.070000  0.040415  0.000000
  -21.296   -9.581   -5.400   -5.191    1.562    2.610    3.006    4.894    5.715    6.568
    7.009    8.826    9.285    9.998   11.594   14.172
            0.070500  0.040703  0.000000
  -21.294   -9.579   -5.406   -5.194    1.564    2.612    3.008    4.896    5.717    6.569
    7.016    8.828    9.279   10.001   11.597   14.174
            0.071000  0.040992  0.000000
  -21.293   -9.577   -5.413   -5.198    1.567    2.615    3.011    4.899    5.719    6.569
    7.023    8.830    9.274   10.003   11.600   14.176
            0.071500  0.041281  0.000000
  -21.291   -9.575   -5.419   -5.201    1.569    2.617    3.013    4.901    5.722    6.570
    7.031    8.833    9.268   10.005   11.603   14.178
            0.072000  0.041569  0.000000
  -21.289   -9.573   -5.426   -5.204    1.571    2.619    3.015    4.903    5.724    6.571
    7.038    8.835    9.262   10.008   11.605   14.180
            0.072500  0.041858  0.000000
  -21.288   -9.571   -5.432   -5.208    1.574    2.622    3.018    4.906    5.726    6.572
    7.045    8.837    9.256   10.010   11.608   14.182
            0.073000  0.042147  0.000000
  -21.286   -9.569   -5.439   -5.211    1.576    2.624    3.020    4.908    5.728    6.572
    7.052    8.839    9.250   10.012   11.611   14.184
            0.073500  0.042435  0.000000
  -21.284   -9.567   -5.445   -5.215    1.578    2.626    3.023    4.910    5.731    6.573
    7.059    8.842    9.245   10.015   11.614   14.186
            0.074000  0.042724  0.000000
  -21.282   -9.564   -5.452   -5.218    1.581    2.629    3.025    4.913    5.733    6.574
    7.067    8.844    9.239   10.017   11.617   14.189
            0.074500  0.043013  0.000000
  -21.281   -9.562   -5.459   -5.222    1.583    2.631    3.027    4.915    5.735    6.574
    7.074    8.846    9.233   10.020   11.620   14.191
            0.075000  0.043301  0.000000
  -21.279   -9.560   -5.465   -5.226    1.585    2.634    3.030    4.918    5.738    6.575
    7.082    8.849    9.227   10.022   11.623   14.193
            0.075500  0.043590  0.000000
  -21.277   -9.558   -5.472   -5.229    1.588    2.636    3.032    4.920    5.740    6.576
    7.089    8.851    9.221   10.025   11.626   14.195
            0.076000  0.043879  0.000000
  -21.275   -9.556   -5.479   -5.233    1.590    2.639    3.035    4.923    5.743    6.576
    7.097    8.853    9.215   10.027   11.629   14.197
            0.076500  0.044167  0.000000
  -21.274   -9.554   -5.486   -5.236    1.593    2.641    3.037    4.925    5.745    6.577
    7.104    8.856    9.208   10.030   11.632   14.199
            0.077000  0.044456  0.000000
  -21.272   -9.551   -5.492   -5.240    1.595    2.644    3.040    4.928    5.747    6.578
    7.112    8.858    9.202   10.032   11.635   14.202
            0.077500  0.044745  0.000000
  -21.270   -9.549   -5.499   -5.244    1.598    2.646    3.043    4.930    5.750    6.578
    7.120    8.861    9.196   10.035   11.638   14.204
            0.078000  0.045033  0.000000
  -21.268   -9.547   -5.506   -5.247    1.600    2.649    3.045    4.933    5.752    6.579
    7.127    8.863    9.190   10.037   11.641   14.206
            0.078500  0.045322  0.000000
  -21.266   -9.545   -5.513   -5.251    1.603    2.651    3.048    4.935    5.755    6.580
    7.135    8.865    9.184   10.040   11.644   14.208
            0.079000  0.045611  0.000000
  -21.264   -9.542   -5.520   -5.255    1.605    2.654    3.050    4.938    5.757    6.580
    7.143    8.868    9.177   10.042   11.647   14.211
            0.079500  0.045899  0.000000
  -21.262   -9.540   -5.527   -5.259    1.608    2.657    3.053    4.940    5.760    6.581
    7.151    8.870    9.171   10.045   11.650   14.213
            0.080000  0.046188  0.000000
  -21.260   -9.538   -5.534   -5.262    1.611    2.659    3.056    4.943    5.762    6.582
    7.159    8.873    9.165   10.048   11.653   14.215
            0.080500  0.046477  0.000000
  -21.259   -9.536   -5.541   -5.266    1.613    2.662    3.058    4.945    5.765    6.582
    7.166    8.875    9.158   10.050   11.656   14.217
            0.081000  0.046765  0.000000
  -21.257   -9.533   -5.549   -5.270    1.616    2.664    3.061    4.948    5.767    6.583
    7.174    8.878    9.152   10.053   11.659   14.220
            0.081500  0.047054  0.000000
  -21.255   -9.531   -5.556   -5.274    1.618    2.667    3.064    4.951    5.770    6.584
    7.182    8.880    9.146   10.055   11.663   14.222
            0.082000  0.047343  0.000000
  -21.253   -9.529   -5.563   -5.277    1.621    2.670    3.066    4.953    5.772    6.584
    7.191    8.883    9.139   10.058   11.666   14.224
            0.082500  0.047631  0.000000
  -21.251   -9.526   -5.570   -5.281    1.624    2.672    3.069    4.956    5.775    6.585
    7.199    8.886    9.133   10.061   11.669   14.227
            0.083000  0.047920  0.000000
  -21.249   -9.524   -5.578   -5.285    1.626    2.675    3.072    4.959    5.778    6.586
    7.207    8.888    9.126   10.064   11.672   14.229
            0.083500  0.048209  0.000000
  -21.247   -9.521   -5.585   -5.289    1.629    2.678    3.075    4.961    5.780    6.586
    7.215    8.891    9.119   10.066   11.676   14.232
            0.084000  0.048497  0.000000
  -21.245   -9.519   -5.592   -5.293    1.632    2.681    3.077    4.964    5.783    6.587
    7.223    8.893    9.113   10.069   11.679   14.234
            0.084500  0.048786  0.000000
  -21.243   -9.517   -5.600   -5.297    1.635    2.683    3.080    4.967    5.786    6.588
    7.231    8.896    9.106   10.072   11.682   14.236
            0.085000  0.049075  0.000000
  -21.241   -9.514   -5.607   -5.301    1.637    2.686    3.083    4.970    5.788    6.588
    7.240    8.898    9.100   10.075   11.686   14.239
            0.085500  0.049363  0.000000
  -21.239   -9.512   -5.614   -5.305    1.640    2.689    3.086    4.972    5.791    6.589
    7.248    8.901    9.093   10.077   11.689   14.241
            0.086000  0.049652  0.000000
  -21.237   -9.509   -5.622   -5.309    1.643    2.692    3.089    4.975    5.794    6.590
    7.256    8.904    9.086   10.080   11.693   14.244
            0.086500  0.049941  0.000000
  -21.235   -9.507   -5.630   -5.313    1.646    2.695    3.092    4.978    5.796    6.590
    7.265    8.906    9.079   10.083   11.696   14.246
            0.087000  0.050229  0.000000
  -21.233   -9.504   -5.637   -5.317    1.648    2.697    3.094    4.981    5.799    6.591
    7.273    8.909    9.073   10.086   11.699   14.249
            0.087500  0.050518  0.000000
  -21.231   -9.502   -5.645   -5.321    1.651    2.700    3.097    4.984    5.802    6.592
    7.282    8.912    9.066   10.089   11.703   14.251
            0.088000  0.050807  0.000000
  -21.229   -9.499   -5.652   -5.325    1.654    2.703    3.100    4.987    5.805    6.592
    7.290    8.914    9.059   10.092   11.706   14.254
            0.088500  0.051095  0.000000
  -21.226   -9.497   -5.660   -5.329    1.657    2.706    3.103    4.989    5.807    6.593
    7.299    8.917    9.052   10.095   11.710   14.256
            0.089000  0.051384  0.000000
  -21.224   -9.494   -5.668   -5.333    1.660    2.709    3.106    4.992    5.810    6.593
    7.308    8.920    9.045   10.097   11.713   14.259
            0.089500  0.051673  0.000000
  -21.222   -9.492   -5.675   -5.337    1.663    2.712    3.109    4.995    5.813    6.594
    7.316    8.922    9.039   10.100   11.717   14.261
            0.090000  0.051962  0.000000
  -21.220   -9.489   -5.683   -5.341    1.666    2.715    3.112    4.998    5.816    6.595
    7.325    8.925    9.032   10.103   11.721   14.264
            0.090500  0.052250  0.000000
  -21.218   -9.486   -5.691   -5.345    1.669    2.718    3.115    5.001    5.819    6.595
    7.334    8.927    9.025   10.106   11.724   14.266
            0.091000  0.052539  0.000000
  -21.216   -9.484   -5.699   -5.349    1.672    2.721    3.118    5.004    5.822    6.596
    7.343    8.930    9.018   10.109   11.728   14.269
            0.091500  0.052828  0.000000
  -21.214   -9.481   -5.707   -5.353    1.674    2.724    3.121    5.007    5.824    6.596
    7.352    8.932    9.011   10.112   11.732   14.272
            0.092000  0.053116  0.000000
  -21.211   -9.479   -5.715   -5.357    1.677    2.727    3.124    5.010    5.827    6.597
    7.360    8.934    9.005   10.115   11.735   14.274
            0.092500  0.053405  0.000000
  -21.209   -9.476   -5.723   -5.362    1.680    2.730    3.127    5.013    5.830    6.598
    7.369    8.937    8.998   10.118   11.739   14.277
            0.093000  0.053694  0.000000
  -21.207   -9.473   -5.731   -5.366    1.683    2.733    3.130    5.016    5.833    6.598
    7.378    8.938    8.992   10.121   11.743   14.279
            0.093500  0.053982  0.000000
  -21.205   -9.471   -5.739   -5.370    1.686    2.736    3.133    5.019    5.836    6.599
    7.387    8.940    8.986   10.124   11.746   14.282
            0.094000  0.054271  0.000000
  -21.203   -9.468   -5.747   -5.374    1.689    2.739    3.137    5.022    5.839    6.599
    7.396    8.941    8.981   10.127   11.750   14.285
            0.094500  0.054560  0.000000
  -21.200   -9.465   -5.755   -5.378    1.693    2.742    3.140    5.025    5.842    6.600
    7.405    8.941    8.977   10.131   11.754   14.287
            0.095000  0.054848  0.000000
  -21.198   -9.462   -5.763   -5.383    1.696    2.745    3.143    5.028    5.845    6.601
    7.415    8.939    8.974   10.134   11.758   14.290
            0.095500  0.055137  0.000000
  -21.196   -9.460   -5.771   -5.387    1.699    2.748    3.146    5.031    5.848    6.601
    7.424    8.936    8.973   10.137   11.762   14.293
            0.096000  0.055426  0.000000
  -21.194   -9.457   -5.779   -5.391    1.702    2.751    3.149    5.034    5.851    6.602
    7.433    8.931    8.973   10.140   11.765   14.296
            0.096500  0.055714  0.000000
  -21.191   -9.454   -5.787   -5.395    1.705    2.755    3.152    5.038    5.854    6.602
    7.442    8.926    8.974   10.143   11.769   14.298
            0.097000  0.056003  0.000000
  -21.189   -9.451   -5.796   -5.400    1.708    2.758    3.156    5.041    5.857    6.603
    7.452    8.920    8.975   10.146   11.773   14.301
            0.097500  0.056292  0.000000
  -21.187   -9.449   -5.804   -5.404    1.711    2.761    3.159    5.044    5.860    6.603
    7.461    8.913    8.977   10.149   11.777   14.304
            0.098000  0.056580  0.000000
  -21.184   -9.446   -5.812   -5.408    1.714    2.764    3.162    5.047    5.863    6.604
    7.470    8.906    8.980   10.153   11.781   14.307
            0.098500  0.056869  0.000000
  -21.182   -9.443   -5.821   -5.413    1.718    2.767    3.165    5.050    5.866    6.605
    7.480    8.899    8.982   10.156   11.785   14.309
            0.099000  0.057158  0.000000
  -21.180   -9.440   -5.829   -5.417    1.721    2.771    3.169    5.054    5.869    6.605
    7.489    8.892    8.985   10.159   11.789   14.312
            0.099500  0.057446  0.000000
  -21.177   -9.437   -5.837   -5.421    1.724    2.774    3.172    5.057    5.872    6.606
    7.499    8.885    8.988   10.162   11.793   14.315
            0.100000  0.057735  0.000000
  -21.175   -9.434   -5.846   -5.426    1.727    2.777    3.175    5.060    5.876    6.606
    7.508    8.877    8.990   10.166   11.797   14.318
            0.100500  0.058024  0.000000
  -21.173   -9.431   -5.854   -5.430    1.730    2.780    3.179    5.063    5.879    6.607
    7.518    8.870    8.993   10.169   11.801   14.321
            0.101000  0.058312  0.000000
  -21.170   -9.429   -5.863   -5.435    1.734    2.784    3.182    5.067    5.882    6.607
    7.527    8.862    8.996   10.172   11.805   14.324
            0.101500  0.058601  0.000000
  -21.168   -9.426   -5.871   -5.439    1.737    2.787    3.185    5.070    5.885    6.608
    7.537    8.855    8.999   10.175   11.809   14.326
            0.102000  0.058890  0.000000
  -21.165   -9.423   -5.880   -5.443    1.740    2.790    3.189    5.073    5.888    6.608
    7.547    8.847    9.002   10.179   11.813   14.329
            0.102500  0.059178  0.000000
  -21.163   -9.420   -5.889   -5.448    1.744    2.794    3.192    5.076    5.891    6.609
    7.556    8.839    9.005   10.182   11.817   14.332
            0.103000  0.059467  0.000000
  -21.160   -9.417   -5.897   -5.452    1.747    2.797    3.195    5.080    5.895    6.609
    7.566    8.831    9.009   10.185   11.822   14.335
            0.103500  0.059756  0.000000
  -21.158   -9.414   -5.906   -5.457    1.750    2.800    3.199    5.083    5.898    6.610
    7.576    8.823    9.012   10.189   11.826   14.338
            0.104000  0.060044  0.000000
  -21.156   -9.411   -5.914   -5.461    1.754    2.804    3.202    5.087    5.901    6.610
    7.586    8.816    9.015   10.192   11.830   14.341
            0.104500  0.060333  0.000000
  -21.153   -9.408   -5.923   -5.466    1.757    2.807    3.206    5.090    5.904    6.611
    7.596    8.808    9.018   10.196   11.834   14.344
            0.105000  0.060622  0.000000
  -21.151   -9.405   -5.932   -5.470    1.760    2.811    3.209    5.093    5.908    6.611
    7.605    8.800    9.021   10.199   11.839   14.347
            0.105500  0.060910  0.000000
  -21.148   -9.402   -5.941   -5.475    1.764    2.814    3.213    5.097    5.911    6.612
    7.615    8.792    9.025   10.203   11.843   14.350
            0.106000  0.061199  0.000000
  -21.146   -9.399   -5.950   -5.479    1.767    2.818    3.216    5.100    5.914    6.612
    7.625    8.784    9.028   10.206   11.847   14.353
            0.106500  0.061488  0.000000
  -21.143   -9.396   -5.958   -5.484    1.771    2.821    3.220    5.104    5.917    6.613
    7.635    8.775    9.031   10.209   11.851   14.356
            0.107000  0.061776  0.000000
  -21.141   -9.393   -5.967   -5.489    1.774    2.825    3.223    5.107    5.921    6.613
    7.645    8.767    9.035   10.213   11.856   14.359
            0.107500  0.062065  0.000000
  -21.138   -9.390   -5.976   -5.493    1.778    2.828    3.227    5.111    5.924    6.614
    7.656    8.759    9.038   10.216   11.860   14.362
            0.108000  0.062354  0.000000
  -21.135   -9.387   -5.985   -5.498    1.781    2.832    3.231    5.114    5.928    6.614
    7.666    8.751    9.041   10.220   11.864   14.365
            0.108500  0.062643  0.000000
  -21.133   -9.384   -5.994   -5.502    1.785    2.835    3.234    5.118    5.931    6.615
    7.676    8.743    9.045   10.224   11.869   14.368
            0.109000  0.062931  0.000000
  -21.130   -9.380   -6.003   -5.507    1.788    2.839    3.238    5.121    5.934    6.615
    7.686    8.734    9.048   10.227   11.873   14.371
            0.109500  0.063220  0.000000
  -21.128   -9.377   -6.012   -5.512    1.792    2.842    3.241    5.125    5.938    6.615
    7.696    8.726    9.051   10.231   11.878   14.374
            0.110000  0.063509  0.000000
  -21.125   -9.374   -6.021   -5.516    1.795    2.846    3.245    5.128    5.941    6.616
    7.707    8.718    9.055   10.234   11.882   14.377
            0.110500  0.063797  0.000000
  -21.122   -9.371   -6.030   -5.521    1.799    2.850    3.249    5.132    5.945    6.616
    7.717    8.709    9.058   10.238   11.887   14.380
            0.111000  0.064086  0.000000
  -21.120   -9.368   -6.039   -5.525    1.802    2.853    3.252    5.135    5.948    6.617
    7.727    8.701    9.062   10.241   11.891   14.383
            0.111500  0.064375  0.000000
  -21.117   -9.365   -6.048   -5.530    1.806    2.857    3.256    5.139    5.951    6.617
    7.738    8.692    9.065   10.245   11.896   14.387
            0.112000  0.064663  0.000000
  -21.115   -9.361   -6.058   -5.535    1.810    2.860    3.260    5.143    5.955    6.618
    7.748    8.684    9.069   10.249   11.900   14.390
            0.112500  0.064952  0.000000
  -21.112   -9.358   -6.067   -5.540    1.813    2.864    3.263    5.146    5.958    6.618
    7.758    8.675    9.072   10.252   11.905   14.393
            0.113000  0.065241  0.000000
  -21.109   -9.355   -6.076   -5.544    1.817    2.868    3.267    5.150    5.962    6.618
    7.769    8.667    9.076   10.256   11.909   14.396
            0.113500  0.065529  0.000000
  -21.107   -9.352   -6.085   -5.549    1.821    2.872    3.271    5.154    5.965    6.619
    7.780    8.658    9.079   10.260   11.914   14.399
            0.114000  0.065818  0.000000
  -21.104   -9.348   -6.095   -5.554    1.824    2.875    3.275    5.157    5.969    6.619
    7.790    8.650    9.083   10.263   11.919   14.402
            0.114500  0.066107  0.000000
  -21.101   -9.345   -6.104   -5.558    1.828    2.879    3.279    5.161    5.972    6.620
    7.801    8.641    9.086   10.267   11.923   14.406
            0.115000  0.066395  0.000000
  -21.098   -9.342   -6.113   -5.563    1.832    2.883    3.282    5.165    5.976    6.620
    7.811    8.632    9.090   10.271   11.928   14.409
            0.115500  0.066684  0.000000
  -21.096   -9.339   -6.123   -5.568    1.835    2.887    3.286    5.169    5.980    6.620
    7.822    8.624    9.094   10.275   11.933   14.412
            0.116000  0.066973  0.000000
  -21.093   -9.335   -6.132   -5.573    1.839    2.890    3.290    5.172    5.983    6.621
    7.833    8.615    9.097   10.278   11.937   14.415
            0.116500  0.067261  0.000000
  -21.090   -9.332   -6.141   -5.578    1.843    2.894    3.294    5.176    5.987    6.621
    7.843    8.606    9.101   10.282   11.942   14.419
            0.117000  0.067550  0.000000
  -21.087   -9.329   -6.151   -5.582    1.847    2.898    3.298    5.180    5.990    6.622
    7.854    8.597    9.105   10.286   11.947   14.422
            0.117500  0.067839  0.000000
  -21.085   -9.325   -6.160   -5.587    1.850    2.902    3.302    5.184    5.994    6.622
    7.865    8.589    9.108   10.290   11.952   14.425
            0.118000  0.068127  0.000000
  -21.082   -9.322   -6.170   -5.592    1.854    2.906    3.306    5.187    5.998    6.622
    7.876    8.580    9.112   10.294   11.957   14.428
            0.118500  0.068416  0.000000
  -21.079   -9.318   -6.179   -5.597    1.858    2.910    3.310    5.191    6.001    6.623
    7.887    8.571    9.116   10.298   11.961   14.432
            0.119000  0.068705  0.000000
  -21.076   -9.315   -6.189   -5.602    1.862    2.913    3.313    5.195    6.005    6.623
    7.898    8.562    9.119   10.301   11.966   14.435
            0.119500  0.068993  0.000000
  -21.073   -9.312   -6.198   -5.606    1.866    2.917    3.317    5.199    6.009    6.623
    7.909    8.553    9.123   10.305   11.971   14.438
            0.120000  0.069282  0.000000
  -21.070   -9.308   -6.208   -5.611    1.870    2.921    3.321    5.203    6.012    6.624
    7.920    8.544    9.127   10.309   11.976   14.442
            0.120500  0.069571  0.000000
  -21.068   -9.305   -6.218   -5.616    1.874    2.925    3.325    5.207    6.016    6.624
    7.931    8.535    9.131   10.313   11.981   14.445
            0.121000  0.069859  0.000000
  -21.065   -9.301   -6.227   -5.621    1.878    2.929    3.329    5.211    6.020    6.624
    7.942    8.526    9.134   10.317   11.986   14.449
            0.121500  0.070148  0.000000
  -21.062   -9.298   -6.237   -5.626    1.881    2.933    3.333    5.215    6.023    6.625
    7.953    8.517    9.138   10.321   11.991   14.452
            0.122000  0.070437  0.000000
  -21.059   -9.294   -6.247   -5.631    1.885    2.937    3.337    5.219    6.027    6.625
    7.964    8.508    9.142   10.325   11.996   14.455
            0.122500  0.070725  0.000000
  -21.056   -9.291   -6.256   -5.636    1.889    2.941    3.342    5.223    6.031    6.625
    7.975    8.499    9.146   10.329   12.001   14.459
            0.123000  0.071014  0.000000
  -21.053   -9.287   -6.266   -5.641    1.893    2.945    3.346    5.227    6.035    6.626
    7.986    8.490    9.150   10.333   12.006   14.462
            0.123500  0.071303  0.000000
  -21.050   -9.284   -6.276   -5.646    1.897    2.949    3.350    5.231    6.038    6.626
    7.998    8.481    9.154   10.337   12.011   14.466
            0.124000  0.071591  0.000000
  -21.047   -9.280   -6.286   -5.651    1.901    2.953    3.354    5.235    6.042    6.626
    8.009    8.471    9.158   10.341   12.016   14.469
            0.124500  0.071880  0.000000
  -21.044   -9.277   -6.296   -5.656    1.905    2.957    3.358    5.239    6.046    6.627
    8.020    8.462    9.161   10.345   12.021   14.473
            0.125000  0.072169  0.000000
  -21.041   -9.273   -6.306   -5.661    1.909    2.961    3.362    5.243    6.050    6.627
    8.032    8.453    9.165   10.349   12.026   14.476
            0.125500  0.072457  0.000000
  -21.038   -9.270   -6.315   -5.665    1.913    2.965    3.366    5.247    6.054    6.627
    8.043    8.444    9.169   10.353   12.031   14.479
            0.126000  0.072746  0.000000
  -21.035   -9.266   -6.325   -5.670    1.918    2.970    3.370    5.251    6.057    6.627
    8.054    8.434    9.173   10.357   12.036   14.483
            0.126500  0.073035  0.000000
  -21.032   -9.262   -6.335   -5.675    1.922    2.974    3.375    5.255    6.061    6.628
    8.066    8.425    9.177   10.361   12.042   14.486
            0.127000  0.073323  0.000000
  -21.029   -9.259   -6.345   -5.680    1.926    2.978    3.379    5.259    6.065    6.628
    8.077    8.416    9.181   10.366   12.047   14.490
            0.127500  0.073612  0.000000
  -21.026   -9.255   -6.355   -5.685    1.930    2.982    3.383    5.263    6.069    6.628
    8.089    8.406    9.185   10.370   12.052   14.494
            0.128000  0.073901  0.000000
  -21.023   -9.251   -6.365   -5.690    1.934    2.986    3.387    5.267    6.073    6.629
    8.100    8.397    9.189   10.374   12.057   14.497
            0.128500  0.074190  0.000000
  -21.020   -9.248   -6.375   -5.695    1.938    2.990    3.392    5.271    6.077    6.629
    8.112    8.387    9.193   10.378   12.063   14.501
            0.129000  0.074478  0.000000
  -21.017   -9.244   -6.385   -5.701    1.942    2.995    3.396    5.276    6.081    6.629
    8.123    8.378    9.197   10.382   12.068   14.504
            0.129500  0.074767  0.000000
  -21.014   -9.240   -6.396   -5.706    1.946    2.999    3.400    5.280    6.085    6.629
    8.135    8.368    9.201   10.386   12.073   14.508
            0.130000  0.075056  0.000000
  -21.011   -9.237   -6.406   -5.711    1.951    3.003    3.404    5.284    6.089    6.630
    8.147    8.359    9.205   10.391   12.078   14.511
            0.130500  0.075344  0.000000
  -21.008   -9.233   -6.416   -5.716    1.955    3.007    3.409    5.288    6.093    6.630
    8.158    8.349    9.209   10.395   12.084   14.515
            0.131000  0.075633  0.000000
  -21.005   -9.229   -6.426   -5.721    1.959    3.012    3.413    5.293    6.096    6.630
    8.170    8.340    9.214   10.399   12.089   14.519
            0.131500  0.075922  0.000000
  -21.002   -9.225   -6.436   -5.726    1.963    3.016    3.417    5.297    6.100    6.630
    8.182    8.330    9.218   10.403   12.094   14.522
            0.132000  0.076210  0.000000
  -20.999   -9.222   -6.446   -5.731    1.968    3.020    3.422    5.301    6.104    6.631
    8.194    8.320    9.222   10.408   12.100   14.526
            0.132500  0.076499  0.000000
  -20.996   -9.218   -6.457   -5.736    1.972    3.025    3.426    5.305    6.108    6.631
    8.206    8.311    9.226   10.412   12.105   14.530
            0.133000  0.076788  0.000000
  -20.992   -9.214   -6.467   -5.741    1.976    3.029    3.431    5.310    6.112    6.631
    8.217    8.301    9.230   10.416   12.111   14.533
            0.133500  0.077076  0.000000
  -20.989   -9.210   -6.477   -5.746    1.981    3.033    3.435    5.314    6.116    6.631
    8.229    8.291    9.234   10.421   12.116   14.537
            0.134000  0.077365  0.000000
  -20.986   -9.206   -6.487   -5.751    1.985    3.038    3.440    5.318    6.120    6.632
    8.241    8.281    9.239   10.425   12.122   14.541
            0.134500  0.077654  0.000000
  -20.983   -9.203   -6.498   -5.756    1.989    3.042    3.444    5.323    6.124    6.632
    8.253    8.272    9.243   10.429   12.127   14.544
            0.135000  0.077942  0.000000
  -20.980   -9.199   -6.508   -5.761    1.994    3.046    3.448    5.327    6.128    6.632
    8.262    8.265    9.247   10.434   12.133   14.548
            0.135500  0.078231  0.000000
  -20.977   -9.195   -6.518   -5.767    1.998    3.051    3.453    5.331    6.132    6.632
    8.252    8.277    9.251   10.438   12.138   14.552
            0.136000  0.078520  0.000000
  -20.973   -9.191   -6.529   -5.772    2.002    3.055    3.457    5.336    6.136    6.633
    8.242    8.289    9.256   10.443   12.144   14.555
            0.136500  0.078808  0.000000
  -20.970   -9.187   -6.539   -5.777    2.007    3.060    3.462    5.340    6.140    6.633
    8.232    8.301    9.260   10.447   12.149   14.559
            0.137000  0.079097  0.000000
  -20.967   -9.183   -6.550   -5.782    2.011    3.064    3.467    5.345    6.144    6.633
    8.222    8.314    9.264   10.451   12.155   14.563
            0.137500  0.079386  0.000000
  -20.964   -9.179   -6.560   -5.787    2.016    3.069    3.471    5.349    6.149    6.633
    8.212    8.326    9.268   10.456   12.160   14.567
            0.138000  0.079674  0.000000
  -20.960   -9.175   -6.571   -5.792    2.020    3.073    3.476    5.354    6.153    6.634
    8.202    8.338    9.273   10.460   12.166   14.571
            0.138500  0.079963  0.000000
  -20.957   -9.171   -6.581   -5.798    2.025    3.078    3.480    5.358    6.157    6.634
    8.192    8.350    9.277   10.465   12.172   14.574
            0.139000  0.080252  0.000000
  -20.954   -9.167   -6.592   -5.803    2.029    3.082    3.485    5.362    6.161    6.634
    8.182    8.362    9.281   10.469   12.177   14.578
            0.139500  0.080540  0.000000
  -20.951   -9.163   -6.602   -5.808    2.034    3.087    3.489    5.367    6.165    6.634
    8.172    8.375    9.286   10.474   12.183   14.582
            0.140000  0.080829  0.000000
  -20.947   -9.160   -6.613   -5.813    2.038    3.091    3.494    5.372    6.169    6.635
    8.162    8.387    9.290   10.478   12.189   14.586
            0.140500  0.081118  0.000000
  -20.944   -9.156   -6.624   -5.818    2.043    3.096    3.499    5.376    6.173    6.635
    8.152    8.399    9.295   10.483   12.194   14.590
            0.141000  0.081406  0.000000
  -20.941   -9.151   -6.634   -5.824    2.047    3.101    3.503    5.381    6.177    6.635
    8.142    8.412    9.299   10.488   12.200   14.593
            0.141500  0.081695  0.000000
  -20.937   -9.147   -6.645   -5.829    2.052    3.105    3.508    5.385    6.181    6.635
    8.132    8.424    9.303   10.492   12.206   14.597
            0.142000  0.081984  0.000000
  -20.934   -9.143   -6.655   -5.834    2.056    3.110    3.513    5.390    6.185    6.636
    8.122    8.436    9.308   10.497   12.212   14.601
            0.142500  0.082272  0.000000
  -20.930   -9.139   -6.666   -5.839    2.061    3.114    3.518    5.394    6.189    6.636
    8.111    8.449    9.312   10.501   12.218   14.605
            0.143000  0.082561  0.000000
  -20.927   -9.135   -6.677   -5.844    2.066    3.119    3.522    5.399    6.194    6.636
    8.101    8.461    9.317   10.506   12.223   14.609
            0.143500  0.082850  0.000000
  -20.924   -9.131   -6.688   -5.850    2.070    3.124    3.527    5.404    6.198    6.636
    8.091    8.474    9.321   10.511   12.229   14.613
            0.144000  0.083138  0.000000
  -20.920   -9.127   -6.698   -5.855    2.075    3.128    3.532    5.408    6.202    6.637
    8.081    8.486    9.326   10.515   12.235   14.617
            0.144500  0.083427  0.000000
  -20.917   -9.123   -6.709   -5.860    2.080    3.133    3.537    5.413    6.206    6.637
    8.070    8.499    9.330   10.520   12.241   14.621
            0.145000  0.083716  0.000000
  -20.913   -9.119   -6.720   -5.865    2.084    3.138    3.541    5.418    6.210    6.637
    8.060    8.512    9.335   10.525   12.247   14.625
            0.145500  0.084004  0.000000
  -20.910   -9.115   -6.731   -5.871    2.089    3.143    3.546    5.422    6.214    6.637
    8.050    8.524    9.339   10.529   12.253   14.629
            0.146000  0.084293  0.000000
  -20.907   -9.111   -6.742   -5.876    2.094    3.147    3.551    5.427    6.218    6.638
    8.039    8.537    9.344   10.534   12.259   14.633
            0.146500  0.084582  0.000000
  -20.903   -9.106   -6.752   -5.881    2.098    3.152    3.556    5.432    6.222    6.638
    8.029    8.550    9.349   10.539   12.265   14.637
            0.147000  0.084870  0.000000
  -20.900   -9.102   -6.763   -5.887    2.103    3.157    3.561    5.437    6.227    6.638
    8.018    8.562    9.353   10.544   12.271   14.641
            0.147500  0.085159  0.000000
  -20.896   -9.098   -6.774   -5.892    2.108    3.162    3.566    5.441    6.231    6.639
    8.008    8.575    9.358   10.548   12.277   14.645
            0.148000  0.085448  0.000000
  -20.893   -9.094   -6.785   -5.897    2.113    3.167    3.571    5.446    6.235    6.639
    7.998    8.588    9.362   10.553   12.283   14.649
            0.148500  0.085737  0.000000
  -20.889   -9.090   -6.796   -5.902    2.118    3.171    3.576    5.451    6.239    6.639
    7.987    8.601    9.367   10.558   12.289   14.653
            0.149000  0.086025  0.000000
  -20.886   -9.085   -6.807   -5.908    2.122    3.176    3.581    5.456    6.243    6.640
    7.977    8.613    9.372   10.563   12.295   14.657
            0.149500  0.086314  0.000000
  -20.882   -9.081   -6.818   -5.913    2.127    3.181    3.585    5.461    6.247    6.640
    7.966    8.626    9.376   10.568   12.301   14.661
            0.150000  0.086603  0.000000
  -20.879   -9.077   -6.829   -5.918    2.132    3.186    3.590    5.465    6.251    6.640
    7.955    8.639    9.381   10.572   12.307   14.665
            0.150500  0.086891  0.000000
  -20.875   -9.073   -6.840   -5.924    2.137    3.191    3.595    5.470    6.255    6.641
    7.945    8.652    9.386   10.577   12.313   14.669
            0.151000  0.087180  0.000000
  -20.871   -9.068   -6.851   -5.929    2.142    3.196    3.600    5.475    6.260    6.641
    7.934    8.665    9.391   10.582   12.319   14.673
            0.151500  0.087469  0.000000
  -20.868   -9.064   -6.862   -5.934    2.147    3.201    3.605    5.480    6.264    6.642
    7.924    8.678    9.395   10.587   12.325   14.677
            0.152000  0.087757  0.000000
  -20.864   -9.060   -6.873   -5.940    2.152    3.206    3.610    5.485    6.268    6.642
    7.913    8.691    9.400   10.592   12.331   14.681
            0.152500  0.088046  0.000000
  -20.861   -9.055   -6.884   -5.945    2.157    3.211    3.616    5.490    6.272    6.642
    7.902    8.704    9.405   10.597   12.337   14.685
            0.153000  0.088335  0.000000
  -20.857   -9.051   -6.895   -5.950    2.161    3.216    3.621    5.495    6.276    6.643
    7.892    8.717    9.410   10.602   12.343   14.689
            0.153500  0.088623  0.000000
  -20.853   -9.047   -6.907   -5.956    2.166    3.221    3.626    5.500    6.280    6.643
    7.881    8.730    9.414   10.607   12.350   14.693
            0.154000  0.088912  0.000000
  -20.850   -9.042   -6.918   -5.961    2.171    3.226    3.631    5.505    6.284    6.644
    7.870    8.743    9.419   10.612   12.356   14.698
            0.154500  0.089201  0.000000
  -20.846   -9.038   -6.929   -5.966    2.176    3.231    3.636    5.510    6.288    6.644
    7.859    8.756    9.424   10.617   12.362   14.702
            0.155000  0.089489  0.000000
  -20.842   -9.033   -6.940   -5.972    2.181    3.236    3.641    5.515    6.292    6.645
    7.848    8.770    9.429   10.622   12.368   14.706
            0.155500  0.089778  0.000000
  -20.839   -9.029   -6.951   -5.977    2.186    3.241    3.646    5.520    6.296    6.646
    7.838    8.783    9.434   10.627   12.374   14.710
            0.156000  0.090067  0.000000
  -20.835   -9.025   -6.962   -5.983    2.191    3.246    3.651    5.525    6.300    6.646
    7.827    8.796    9.439   10.632   12.381   14.714
            0.156500  0.090355  0.000000
  -20.831   -9.020   -6.974   -5.988    2.197    3.251    3.657    5.530    6.304    6.647
    7.816    8.809    9.444   10.637   12.387   14.718
            0.157000  0.090644  0.000000
  -20.828   -9.016   -6.985   -5.993    2.202    3.256    3.662    5.535    6.308    6.647
    7.805    8.823    9.448   10.642   12.393   14.723
            0.157500  0.090933  0.000000
  -20.824   -9.011   -6.996   -5.999    2.207    3.261    3.667    5.540    6.312    6.648
    7.794    8.836    9.453   10.647   12.400   14.727
            0.158000  0.091221  0.000000
  -20.820   -9.007   -7.008   -6.004    2.212    3.267    3.672    5.545    6.316    6.649
    7.783    8.849    9.458   10.652   12.406   14.731
            0.158500  0.091510  0.000000
  -20.816   -9.002   -7.019   -6.009    2.217    3.272    3.678    5.550    6.320    6.649
    7.772    8.863    9.463   10.657   12.412   14.735
            0.159000  0.091799  0.000000
  -20.813   -8.998   -7.030   -6.015    2.222    3.277    3.683    5.555    6.324    6.650
    7.761    8.876    9.468   10.662   12.419   14.739
            0.159500  0.092087  0.000000
  -20.809   -8.993   -7.042   -6.020    2.227    3.282    3.688    5.560    6.328    6.651
    7.750    8.889    9.473   10.668   12.425   14.744
            0.160000  0.092376  0.000000
  -20.805   -8.989   -7.053   -6.026    2.232    3.287    3.693    5.565    6.331    6.652
    7.739    8.903    9.478   10.673   12.431   14.748
            0.160500  0.092665  0.000000
  -20.801   -8.984   -7.064   -6.031    2.238    3.293    3.699    5.571    6.335    6.652
    7.728    8.916    9.483   10.678   12.438   14.752
            0.161000  0.092953  0.000000
  -20.798   -8.979   -7.076   -6.036    2.243    3.298    3.704    5.576    6.339    6.653
    7.717    8.930    9.488   10.683   12.444   14.757
            0.161500  0.093242  0.000000
  -20.794   -8.975   -7.087   -6.042    2.248    3.303    3.709    5.581    6.343    6.654
    7.706    8.943    9.493   10.688   12.451   14.761
            0.162000  0.093531  0.000000
  -20.790   -8.970   -7.099   -6.047    2.253    3.308    3.715    5.586    6.346    6.655
    7.695    8.957    9.498   10.694   12.457   14.765
            0.162500  0.093819  0.000000
  -20.786   -8.966   -7.110   -6.053    2.259    3.314    3.720    5.591    6.350    6.656
    7.684    8.971    9.503   10.699   12.464   14.769
            0.163000  0.094108  0.000000
  -20.782   -8.961   -7.122   -6.058    2.264    3.319    3.726    5.597    6.354    6.657
    7.673    8.984    9.509   10.704   12.470   14.774
            0.163500  0.094397  0.000000
  -20.778   -8.956   -7.133   -6.064    2.269    3.324    3.731    5.602    6.357    6.658
    7.661    8.998    9.514   10.709   12.477   14.778
            0.164000  0.094685  0.000000
  -20.774   -8.952   -7.145   -6.069    2.274    3.330    3.736    5.607    6.361    6.659
    7.650    9.011    9.519   10.715   12.483   14.782
            0.164500  0.094974  0.000000
  -20.771   -8.947   -7.156   -6.074    2.280    3.335    3.742    5.612    6.364    6.661
    7.639    9.025    9.524   10.720   12.490   14.787
            0.165000  0.095263  0.000000
  -20.767   -8.942   -7.168   -6.080    2.285    3.340    3.747    5.618    6.368    6.662
    7.628    9.039    9.529   10.725   12.496   14.791
            0.165500  0.095551  0.000000
  -20.763   -8.938   -7.179   -6.085    2.290    3.346    3.753    5.623    6.371    6.663
    7.617    9.053    9.534   10.731   12.503   14.795
            0.166000  0.095840  0.000000
  -20.759   -8.933   -7.191   -6.091    2.296    3.351    3.758    5.628    6.375    6.665
    7.605    9.066    9.539   10.736   12.509   14.800
            0.166500  0.096129  0.000000
  -20.755   -8.928   -7.202   -6.096    2.301    3.357    3.764    5.634    6.378    6.666
    7.594    9.080    9.545   10.741   12.516   14.804
            0.167000  0.096417  0.000000
  -20.751   -8.924   -7.214   -6.102    2.307    3.362    3.769    5.639    6.381    6.667
    7.583    9.094    9.550   10.747   12.522   14.809
            0.167500  0.096706  0.000000
  -20.747   -8.919   -7.226   -6.107    2.312    3.367    3.775    5.644    6.385    6.669
    7.571    9.108    9.555   10.752   12.529   14.813
            0.168000  0.096995  0.000000
  -20.743   -8.914   -7.237   -6.112    2.317    3.373    3.781    5.650    6.388    6.670
    7.560    9.122    9.560   10.758   12.536   14.817
            0.168500  0.097284  0.000000
  -20.739   -8.909   -7.249   -6.118    2.323    3.378    3.786    5.655    6.391    6.672
    7.549    9.135    9.566   10.763   12.542   14.822
            0.169000  0.097572  0.000000
  -20.735   -8.905   -7.261   -6.123    2.328    3.384    3.792    5.661    6.394    6.674
    7.537    9.149    9.571   10.768   12.549   14.826
            0.169500  0.097861  0.000000
  -20.731   -8.900   -7.272   -6.129    2.334    3.389    3.797    5.666    6.397    6.676
    7.526    9.163    9.576   10.774   12.556   14.831
            0.170000  0.098150  0.000000
  -20.727   -8.895   -7.284   -6.134    2.339    3.395    3.803    5.671    6.400    6.677
    7.514    9.177    9.581   10.779   12.562   14.835
            0.170500  0.098438  0.000000
  -20.723   -8.890   -7.296   -6.140    2.345    3.400    3.809    5.677    6.403    6.679
    7.503    9.191    9.587   10.785   12.569   14.840
            0.171000  0.098727  0.000000
  -20.719   -8.885   -7.307   -6.145    2.350    3.406    3.814    5.682    6.406    6.681
    7.491    9.205    9.592   10.790   12.576   14.844
            0.171500  0.099016  0.000000
  -20.715   -8.880   -7.319   -6.151    2.356    3.412    3.820    5.688    6.408    6.683
    7.480    9.219    9.597   10.796   12.582   14.849
            0.172000  0.099304  0.000000
  -20.711   -8.876   -7.331   -6.156    2.361    3.417    3.826    5.693    6.411    6.686
    7.468    9.233    9.603   10.801   12.589   14.853
            0.172500  0.099593  0.000000
  -20.707   -8.871   -7.343   -6.162    2.367    3.423    3.831    5.699    6.414    6.688
    7.457    9.247    9.608   10.807   12.596   14.858
            0.173000  0.099882  0.000000
  -20.703   -8.866   -7.355   -6.167    2.373    3.428    3.837    5.704    6.416    6.690
    7.445    9.262    9.614   10.813   12.603   14.862
            0.173500  0.100170  0.000000
  -20.699   -8.861   -7.366   -6.173    2.378    3.434    3.843    5.710    6.419    6.692
    7.434    9.276    9.619   10.818   12.609   14.867
            0.174000  0.100459  0.000000
  -20.695   -8.856   -7.378   -6.178    2.384    3.440    3.849    5.716    6.421    6.695
    7.422    9.290    9.624   10.824   12.616   14.871
            0.174500  0.100748  0.000000
  -20.690   -8.851   -7.390   -6.184    2.389    3.445    3.854    5.721    6.423    6.697
    7.411    9.304    9.630   10.829   12.623   14.876
            0.175000  0.101036  0.000000
  -20.686   -8.846   -7.402   -6.189    2.395    3.451    3.860    5.727    6.426    6.700
    7.399    9.318    9.635   10.835   12.630   14.880
            0.175500  0.101325  0.000000
  -20.682   -8.841   -7.414   -6.194    2.401    3.457    3.866    5.732    6.428    6.703
    7.387    9.332    9.641   10.841   12.637   14.885
            0.176000  0.101614  0.000000
  -20.678   -8.836   -7.426   -6.200    2.406    3.463    3.872    5.738    6.430    6.706
    7.376    9.347    9.646   10.846   12.643   14.889
            0.176500  0.101902  0.000000
  -20.674   -8.831   -7.438   -6.205    2.412    3.468    3.878    5.744    6.432    6.708
    7.364    9.361    9.652   10.852   12.650   14.894
            0.177000  0.102191  0.000000
  -20.670   -8.826   -7.449   -6.211    2.418    3.474    3.884    5.749    6.434    6.711
    7.352    9.375    9.657   10.858   12.657   14.898
            0.177500  0.102480  0.000000
  -20.666   -8.821   -7.461   -6.216    2.424    3.480    3.890    5.755    6.436    6.714
    7.341    9.390    9.663   10.863   12.664   14.903
            0.178000  0.102768  0.000000
  -20.661   -8.816   -7.473   -6.222    2.429    3.486    3.895    5.761    6.438    6.717
    7.329    9.404    9.668   10.869   12.671   14.908
            0.178500  0.103057  0.000000
  -20.657   -8.811   -7.485   -6.227    2.435    3.491    3.901    5.766    6.439    6.721
    7.317    9.418    9.674   10.875   12.678   14.912
            0.179000  0.103346  0.000000
  -20.653   -8.806   -7.497   -6.233    2.441    3.497    3.907    5.772    6.441    6.724
    7.306    9.433    9.679   10.881   12.685   14.917
            0.179500  0.103634  0.000000
  -20.649   -8.801   -7.509   -6.238    2.447    3.503    3.913    5.778    6.443    6.727
    7.294    9.447    9.685   10.887   12.692   14.921
            0.180000  0.103923  0.000000
  -20.644   -8.796   -7.521   -6.244    2.453    3.509    3.919    5.783    6.444    6.731
    7.282    9.462    9.691   10.892   12.698   14.926
            0.180500  0.104212  0.000000
  -20.640   -8.791   -7.533   -6.249    2.458    3.515    3.925    5.789    6.445    6.734
    7.270    9.476    9.696   10.898   12.705   14.931
            0.181000  0.104500  0.000000
  -20.636   -8.786   -7.545   -6.255    2.464    3.521    3.931    5.795    6.447    6.738
    7.258    9.490    9.702   10.904   12.712   14.935
            0.181500  0.104789  0.000000
  -20.632   -8.780   -7.557   -6.260    2.470    3.527    3.937    5.801    6.448    6.742
    7.247    9.505    9.708   10.910   12.719   14.940
            0.182000  0.105078  0.000000
  -20.627   -8.775   -7.569   -6.266    2.476    3.532    3.943    5.806    6.449    6.745
    7.235    9.520    9.713   10.916   12.726   14.944
            0.182500  0.105366  0.000000
  -20.623   -8.770   -7.581   -6.271    2.482    3.538    3.949    5.812    6.451    6.749
    7.223    9.534    9.719   10.922   12.733   14.949
            0.183000  0.105655  0.000000
  -20.619   -8.765   -7.593   -6.277    2.488    3.544    3.955    5.818    6.452    6.753
    7.211    9.549    9.725   10.927   12.740   14.954
            0.183500  0.105944  0.000000
  -20.614   -8.760   -7.606   -6.282    2.494    3.550    3.961    5.824    6.453    6.757
    7.199    9.563    9.730   10.933   12.747   14.958
            0.184000  0.106232  0.000000
  -20.610   -8.755   -7.618   -6.288    2.500    3.556    3.968    5.830    6.454    6.761
    7.187    9.578    9.736   10.939   12.754   14.963
            0.184500  0.106521  0.000000
  -20.606   -8.749   -7.630   -6.293    2.506    3.562    3.974    5.835    6.455    6.765
    7.175    9.593    9.742   10.945   12.761   14.968
            0.185000  0.106810  0.000000
  -20.601   -8.744   -7.642   -6.299    2.512    3.568    3.980    5.841    6.455    6.769
    7.163    9.607    9.748   10.951   12.768   14.972
            0.185500  0.107098  0.000000
  -20.597   -8.739   -7.654   -6.304    2.518    3.574    3.986    5.847    6.456    6.774
    7.151    9.622    9.753   10.957   12.775   14.977
            0.186000  0.107387  0.000000
  -20.593   -8.734   -7.666   -6.310    2.524    3.580    3.992    5.853    6.457    6.778
    7.139    9.637    9.759   10.963   12.782   14.982
            0.186500  0.107676  0.000000
  -20.588   -8.728   -7.678   -6.315    2.530    3.586    3.998    5.859    6.458    6.782
    7.127    9.651    9.765   10.969   12.789   14.987
            0.187000  0.107965  0.000000
  -20.584   -8.723   -7.691   -6.321    2.536    3.592    4.005    5.865    6.458    6.787
    7.115    9.666    9.771   10.975   12.796   14.991
            0.187500  0.108253  0.000000
  -20.579   -8.718   -7.703   -6.326    2.542    3.598    4.011    5.871    6.459    6.791
    7.103    9.681    9.777   10.981   12.803   14.996
            0.188000  0.108542  0.000000
  -20.575   -8.713   -7.715   -6.332    2.548    3.605    4.017    5.877    6.459    6.796
    7.091    9.696    9.782   10.987   12.810   15.001
            0.188500  0.108831  0.000000
  -20.570   -8.707   -7.727   -6.337    2.554    3.611    4.023    5.883    6.460    6.801
    7.079    9.710    9.788   10.993   12.817   15.005
            0.189000  0.109119  0.000000
  -20.566   -8.702   -7.739   -6.343    2.560    3.617    4.030    5.888    6.460    6.805
    7.067    9.725    9.794   10.999   12.825   15.010
            0.189500  0.109408  0.000000
  -20.562   -8.697   -7.752   -6.348    2.566    3.623    4.036    5.894    6.460    6.810
    7.055    9.740    9.800   11.005   12.832   15.015
            0.190000  0.109697  0.000000
  -20.557   -8.691   -7.764   -6.354    2.572    3.629    4.042    5.900    6.461    6.815
    7.043    9.755    9.806   11.011   12.839   15.020
            0.190500  0.109985  0.000000
  -20.553   -8.686   -7.776   -6.359    2.578    3.635    4.048    5.906    6.461    6.820
    7.031    9.770    9.812   11.018   12.846   15.024
            0.191000  0.110274  0.000000
  -20.548   -8.681   -7.789   -6.365    2.585    3.641    4.055    5.912    6.461    6.825
    7.019    9.785    9.818   11.024   12.853   15.029
            0.191500  0.110563  0.000000
  -20.544   -8.675   -7.801   -6.370    2.591    3.648    4.061    5.918    6.461    6.830
    7.007    9.800    9.824   11.030   12.860   15.034
            0.192000  0.110851  0.000000
  -20.539   -8.670   -7.813   -6.376    2.597    3.654    4.067    5.924    6.461    6.835
    6.995    9.815    9.830   11.036   12.867   15.039
            0.192500  0.111140  0.000000
  -20.535   -8.664   -7.825   -6.381    2.603    3.660    4.074    5.930    6.461    6.840
    6.983    9.830    9.836   11.042   12.874   15.043
            0.193000  0.111429  0.000000
  -20.530   -8.659   -7.838   -6.387    2.609    3.666    4.080    5.936    6.461    6.845
    6.971    9.842    9.845   11.048   12.881   15.048
            0.193500  0.111717  0.000000
  -20.525   -8.653   -7.850   -6.392    2.616    3.673    4.087    5.942    6.461    6.850
    6.959    9.848    9.860   11.055   12.889   15.053
            0.194000  0.112006  0.000000
  -20.521   -8.648   -7.862   -6.398    2.622    3.679    4.093    5.948    6.461    6.856
    6.947    9.854    9.875   11.061   12.896   15.058
            0.194500  0.112295  0.000000
  -20.516   -8.643   -7.875   -6.403    2.628    3.685    4.100    5.954    6.461    6.861
    6.935    9.860    9.890   11.067   12.903   15.063
            0.195000  0.112583  0.000000
  -20.512   -8.637   -7.887   -6.409    2.634    3.692    4.106    5.960    6.461    6.866
    6.922    9.866    9.905   11.073   12.910   15.067
            0.195500  0.112872  0.000000
  -20.507   -8.632   -7.900   -6.414    2.641    3.698    4.113    5.966    6.461    6.872
    6.910    9.872    9.920   11.080   12.917   15.072
            0.196000  0.113161  0.000000
  -20.502   -8.626   -7.912   -6.420    2.647    3.704    4.119    5.972    6.461    6.877
    6.898    9.878    9.935   11.086   12.924   15.077
            0.196500  0.113449  0.000000
  -20.498   -8.620   -7.924   -6.425    2.653    3.711    4.126    5.978    6.461    6.883
    6.886    9.884    9.950   11.092   12.932   15.082
            0.197000  0.113738  0.000000
  -20.493   -8.615   -7.937   -6.431    2.660    3.717    4.132    5.984    6.460    6.874
    6.888    9.890    9.966   11.099   12.939   15.087
            0.197500  0.114027  0.000000
  -20.489   -8.609   -7.949   -6.436    2.666    3.723    4.139    5.990    6.460    6.862
    6.894    9.896    9.981   11.105   12.946   15.092
            0.198000  0.114315  0.000000
  -20.484   -8.604   -7.962   -6.442    2.673    3.730    4.145    5.996    6.460    6.850
    6.899    9.902    9.996   11.111   12.953   15.096
            0.198500  0.114604  0.000000
  -20.479   -8.598   -7.974   -6.447    2.679    3.736    4.152    6.002    6.459    6.838
    6.905    9.908   10.011   11.118   12.960   15.101
            0.199000  0.114893  0.000000
  -20.475   -8.593   -7.987   -6.452    2.685    3.743    4.158    6.008    6.459    6.825
    6.911    9.915   10.026   11.124   12.968   15.106
            0.199500  0.115181  0.000000
  -20.470   -8.587   -7.999   -6.458    2.692    3.749    4.165    6.014    6.459    6.813
    6.916    9.921   10.042   11.130   12.975   15.111
            0.200000  0.115470  0.000000
  -20.465   -8.581   -8.012   -6.463    2.698    3.756    4.172    6.020    6.458    6.801
    6.922    9.927   10.057   11.137   12.982   15.116
            0.200500  0.115759  0.000000
  -20.460   -8.576   -8.024   -6.469    2.705    3.762    4.178    6.026    6.458    6.789
    6.928    9.933   10.072   11.143   12.989   15.121
            0.201000  0.116047  0.000000
  -20.456   -8.570   -8.037   -6.474    2.711    3.769    4.185    6.032    6.457    6.777
    6.934    9.939   10.088   11.150   12.997   15.125
            0.201500  0.116336  0.000000
  -20.451   -8.565   -8.049   -6.480    2.718    3.775    4.192    6.038    6.457    6.765
    6.940    9.946   10.103   11.156   13.004   15.130
            0.202000  0.116625  0.000000
  -20.446   -8.559   -8.062   -6.485    2.724    3.782    4.198    6.044    6.456    6.753
    6.945    9.952   10.118   11.163   13.011   15.135
            0.202500  0.116913  0.000000
  -20.441   -8.553   -8.074   -6.491    2.731    3.788    4.205    6.050    6.456    6.741
    6.951    9.958   10.134   11.169   13.018   15.140
            0.203000  0.117202  0.000000
  -20.437   -8.547   -8.087   -6.496    2.737    3.795    4.212    6.056    6.455    6.729
    6.957    9.965   10.149   11.176   13.026   15.145
            0.203500  0.117491  0.000000
  -20.432   -8.542   -8.099   -6.502    2.744    3.801    4.218    6.062    6.455    6.717
    6.963    9.971   10.164   11.182   13.033   15.150
            0.204000  0.117779  0.000000
  -20.427   -8.536   -8.112   -6.507    2.751    3.808    4.225    6.068    6.454    6.705
    6.969    9.977   10.180   11.189   13.040   15.155
            0.204500  0.118068  0.000000
  -20.422   -8.530   -8.124   -6.513    2.757    3.814    4.232    6.074    6.453    6.693
    6.975    9.983   10.195   11.195   13.047   15.159
            0.205000  0.118357  0.000000
  -20.417   -8.525   -8.137   -6.518    2.764    3.821    4.239    6.079    6.453    6.681
    6.981    9.990   10.211   11.202   13.055   15.164
            0.205500  0.118645  0.000000
  -20.413   -8.519   -8.149   -6.524    2.770    3.828    4.246    6.085    6.452    6.669
    6.988    9.996   10.226   11.209   13.062   15.169
            0.206000  0.118934  0.000000
  -20.408   -8.513   -8.162   -6.529    2.777    3.834    4.252    6.091    6.451    6.658
    6.994   10.003   10.242   11.215   13.069   15.174
            0.206500  0.119223  0.000000
  -20.403   -8.507   -8.175   -6.534    2.784    3.841    4.259    6.096    6.450    6.646
    7.000   10.009   10.257   11.222   13.076   15.179
            0.207000  0.119512  0.000000
  -20.398   -8.501   -8.187   -6.540    2.790    3.848    4.266    6.102    6.450    6.634
    7.006   10.015   10.273   11.228   13.084   15.184
            0.207500  0.119800  0.000000
  -20.393   -8.496   -8.200   -6.545    2.797    3.854    4.273    6.108    6.449    6.623
    7.012   10.022   10.289   11.235   13.091   15.189
            0.208000  0.120089  0.000000
  -20.388   -8.490   -8.213   -6.551    2.804    3.861    4.280    6.113    6.448    6.611
    7.019   10.028   10.304   11.242   13.098   15.194
            0.208500  0.120378  0.000000
  -20.383   -8.484   -8.225   -6.556    2.811    3.868    4.287    6.118    6.447    6.600
    7.025   10.035   10.320   11.248   13.105   15.199
            0.209000  0.120666  0.000000
  -20.378   -8.478   -8.238   -6.562    2.817    3.875    4.294    6.124    6.447    6.588
    7.031   10.041   10.335   11.255   13.113   15.203
            0.209500  0.120955  0.000000
  -20.373   -8.472   -8.251   -6.567    2.824    3.881    4.301    6.129    6.446    6.577
    7.038   10.048   10.351   11.262   13.120   15.208
            0.210000  0.121244  0.000000
  -20.369   -8.466   -8.263   -6.573    2.831    3.888    4.308    6.134    6.445    6.566
    7.044   10.054   10.367   11.269   13.127   15.213
            0.210500  0.121532  0.000000
  -20.364   -8.460   -8.276   -6.578    2.838    3.895    4.315    6.139    6.444    6.555
    7.050   10.061   10.382   11.275   13.134   15.218
            0.211000  0.121821  0.000000
  -20.359   -8.455   -8.289   -6.583    2.845    3.902    4.322    6.144    6.443    6.544
    7.057   10.067   10.398   11.282   13.142   15.223
            0.211500  0.122110  0.000000
  -20.354   -8.449   -8.301   -6.589    2.851    3.908    4.329    6.148    6.442    6.534
    7.063   10.074   10.414   11.289   13.149   15.228
            0.212000  0.122398  0.000000
  -20.349   -8.443   -8.314   -6.594    2.858    3.915    4.336    6.153    6.441    6.523
    7.070   10.080   10.429   11.296   13.156   15.233
            0.212500  0.122687  0.000000
  -20.344   -8.437   -8.327   -6.600    2.865    3.922    4.343    6.157    6.440    6.513
    7.076   10.087   10.445   11.303   13.164   15.238
            0.213000  0.122976  0.000000
  -20.339   -8.431   -8.339   -6.605    2.872    3.929    4.350    6.161    6.440    6.503
    7.083   10.093   10.461   11.309   13.171   15.243
            0.213500  0.123264  0.000000
  -20.334   -8.425   -8.352   -6.611    2.879    3.936    4.357    6.164    6.439    6.493
    7.089   10.100   10.477   11.316   13.178   15.247
            0.214000  0.123553  0.000000
  -20.329   -8.419   -8.365   -6.616    2.886    3.943    4.364    6.167    6.438    6.484
    7.096   10.106   10.493   11.323   13.185   15.252
            0.214500  0.123842  0.000000
  -20.324   -8.413   -8.378   -6.621    2.893    3.950    4.371    6.170    6.437    6.475
    7.103   10.113   10.508   11.330   13.193   15.257
            0.215000  0.124130  0.000000
  -20.319   -8.407   -8.390   -6.627    2.900    3.956    4.378    6.173    6.436    6.467
    7.109   10.120   10.524   11.337   13.200   15.262
            0.215500  0.124419  0.000000
  -20.313   -8.403   -8.401   -6.632    2.907    3.963    4.385    6.175    6.435    6.459
    7.116   10.126   10.540   11.344   13.207   15.267
            0.216000  0.124708  0.000000
  -20.308   -8.416   -8.395   -6.638    2.914    3.970    4.393    6.176    6.434    6.451
    7.123   10.133   10.556   11.351   13.214   15.272
            0.216500  0.124996  0.000000
  -20.303   -8.429   -8.389   -6.643    2.921    3.977    4.400    6.177    6.433    6.445
    7.129   10.140   10.572   11.358   13.222   15.277
            0.217000  0.125285  0.000000
  -20.298   -8.442   -8.383   -6.648    2.928    3.984    4.407    6.177    6.432    6.438
    7.136   10.146   10.588   11.365   13.229   15.282
            0.217500  0.125574  0.000000
  -20.293   -8.454   -8.377   -6.654    2.935    3.991    4.414    6.176    6.430    6.433
    7.143   10.153   10.604   11.371   13.236   15.287
            0.218000  0.125862  0.000000
  -20.288   -8.467   -8.371   -6.659    2.942    3.998    4.421    6.175    6.428    6.429
    7.149   10.160   10.619   11.378   13.243   15.291
            0.218500  0.126151  0.000000
  -20.283   -8.480   -8.364   -6.665    2.949    4.005    4.429    6.173    6.424    6.428
    7.156   10.167   10.635   11.385   13.251   15.296
            0.219000  0.126440  0.000000
  -20.278   -8.493   -8.358   -6.670    2.956    4.012    4.436    6.170    6.421    6.427
    7.163   10.173   10.651   11.392   13.258   15.301
            0.219500  0.126728  0.000000
  -20.273   -8.506   -8.352   -6.675    2.963    4.019    4.443    6.166    6.419    6.426
    7.170   10.180   10.667   11.400   13.265   15.306
            0.220000  0.127017  0.000000
  -20.267   -8.518   -8.346   -6.681    2.970    4.026    4.450    6.162    6.418    6.425
    7.177   10.187   10.683   11.407   13.273   15.311
            0.220500  0.127306  0.000000
  -20.262   -8.531   -8.340   -6.686    2.977    4.033    4.458    6.157    6.417    6.424
    7.184   10.194   10.699   11.414   13.280   15.316
            0.221000  0.127594  0.000000
  -20.257   -8.544   -8.334   -6.692    2.984    4.040    4.465    6.151    6.417    6.423
    7.191   10.200   10.715   11.421   13.287   15.321
            0.221500  0.127883  0.000000
  -20.252   -8.557   -8.328   -6.697    2.991    4.048    4.472    6.144    6.418    6.422
    7.198   10.207   10.731   11.428   13.294   15.326
            0.222000  0.128172  0.000000
  -20.247   -8.570   -8.321   -6.702    2.998    4.055    4.480    6.137    6.419    6.421
    7.204   10.214   10.748   11.435   13.301   15.330
            0.222500  0.128460  0.000000
  -20.241   -8.583   -8.315   -6.708    3.006    4.062    4.487    6.129    6.419    6.421
    7.211   10.221   10.764   11.442   13.309   15.335
            0.223000  0.128749  0.000000
  -20.236   -8.596   -8.309   -6.713    3.013    4.069    4.495    6.120    6.418    6.423
    7.218   10.228   10.780   11.449   13.316   15.340
            0.223500  0.129038  0.000000
  -20.231   -8.608   -8.303   -6.718    3.020    4.076    4.502    6.111    6.417    6.426
    7.225   10.235   10.796   11.456   13.323   15.345
            0.224000  0.129326  0.000000
  -20.226   -8.621   -8.297   -6.724    3.027    4.083    4.509    6.102    6.416    6.430
    7.232   10.242   10.812   11.463   13.330   15.350
            0.224500  0.129615  0.000000
  -20.220   -8.634   -8.290   -6.729    3.035    4.090    4.517    6.092    6.415    6.434
    7.240   10.248   10.828   11.471   13.338   15.355
            0.225000  0.129904  0.000000
  -20.215   -8.647   -8.284   -6.734    3.042    4.097    4.524    6.082    6.413    6.438
    7.247   10.255   10.844   11.478   13.345   15.360
            0.225500  0.130192  0.000000
  -20.210   -8.660   -8.278   -6.740    3.049    4.105    4.532    6.072    6.412    6.442
    7.254   10.262   10.860   11.485   13.352   15.364
            0.226000  0.130481  0.000000
  -20.205   -8.673   -8.271   -6.745    3.056    4.112    4.539    6.061    6.411    6.447
    7.261   10.269   10.877   11.492   13.359   15.369
            0.226500  0.130770  0.000000
  -20.199   -8.686   -8.265   -6.750    3.064    4.119    4.547    6.051    6.410    6.452
    7.268   10.276   10.893   11.500   13.366   15.374
            0.227000  0.131059  0.000000
  -20.194   -8.699   -8.259   -6.756    3.071    4.126    4.554    6.039    6.409    6.457
    7.275   10.283   10.909   11.507   13.373   15.379
            0.227500  0.131347  0.000000
  -20.189   -8.712   -8.253   -6.761    3.078    4.133    4.562    6.028    6.407    6.463
    7.282   10.290   10.925   11.514   13.381   15.384
            0.228000  0.131636  0.000000
  -20.183   -8.725   -8.246   -6.766    3.086    4.141    4.569    6.017    6.406    6.468
    7.289   10.297   10.941   11.521   13.388   15.388
            0.228500  0.131925  0.000000
  -20.178   -8.738   -8.240   -6.772    3.093    4.148    4.577    6.005    6.405    6.474
    7.297   10.304   10.958   11.529   13.395   15.393
            0.229000  0.132213  0.000000
  -20.172   -8.751   -8.233   -6.777    3.100    4.155    4.584    5.994    6.404    6.480
    7.304   10.311   10.974   11.536   13.402   15.398
            0.229500  0.132502  0.000000
  -20.167   -8.764   -8.227   -6.782    3.108    4.162    4.592    5.982    6.402    6.486
    7.311   10.318   10.990   11.543   13.409   15.403
            0.230000  0.132791  0.000000
  -20.162   -8.777   -8.221   -6.788    3.115    4.170    4.600    5.970    6.401    6.492
    7.318   10.325   11.007   11.551   13.416   15.408
            0.230500  0.133079  0.000000
  -20.156   -8.790   -8.214   -6.793    3.123    4.177    4.607    5.958    6.400    6.498
    7.326   10.332   11.023   11.558   13.424   15.412
            0.231000  0.133368  0.000000
  -20.151   -8.803   -8.208   -6.798    3.130    4.184    4.615    5.946    6.398    6.504
    7.333   10.340   11.039   11.565   13.431   15.417
            0.231500  0.133657  0.000000
  -20.145   -8.816   -8.201   -6.803    3.138    4.192    4.623    5.933    6.397    6.511
    7.340   10.347   11.055   11.573   13.438   15.422
            0.232000  0.133945  0.000000
  -20.140   -8.829   -8.195   -6.809    3.145    4.199    4.630    5.921    6.396    6.517
    7.348   10.354   11.072   11.580   13.445   15.427
            0.232500  0.134234  0.000000
  -20.135   -8.842   -8.189   -6.814    3.153    4.206    4.638    5.909    6.395    6.524
    7.355   10.361   11.088   11.588   13.452   15.431
            0.233000  0.134523  0.000000
  -20.129   -8.855   -8.182   -6.819    3.160    4.214    4.646    5.896    6.393    6.531
    7.363   10.368   11.105   11.595   13.459   15.436
            0.233500  0.134811  0.000000
  -20.124   -8.868   -8.176   -6.825    3.168    4.221    4.654    5.884    6.392    6.537
    7.370   10.375   11.121   11.603   13.466   15.441
            0.234000  0.135100  0.000000
  -20.118   -8.881   -8.169   -6.830    3.175    4.228    4.661    5.871    6.391    6.544
    7.377   10.382   11.137   11.610   13.473   15.445
            0.234500  0.135389  0.000000
  -20.113   -8.894   -8.163   -6.835    3.183    4.236    4.669    5.859    6.389    6.551
    7.385   10.390   11.154   11.618   13.480   15.450
            0.235000  0.135677  0.000000
  -20.107   -8.907   -8.156   -6.840    3.190    4.243    4.677    5.846    6.388    6.558
    7.392   10.397   11.170   11.625   13.487   15.455
            0.235500  0.135966  0.000000
  -20.102   -8.920   -8.150   -6.846    3.198    4.250    4.685    5.834    6.387    6.565
    7.400   10.404   11.187   11.633   13.494   15.460
            0.236000  0.136255  0.000000
  -20.096   -8.933   -8.143   -6.851    3.206    4.258    4.692    5.821    6.385    6.572
    7.407   10.411   11.203   11.640   13.501   15.464
            0.236500  0.136543  0.000000
  -20.090   -8.946   -8.137   -6.856    3.213    4.265    4.700    5.808    6.384    6.579
    7.415   10.418   11.220   11.648   13.508   15.469
            0.237000  0.136832  0.000000
  -20.085   -8.959   -8.130   -6.861    3.221    4.273    4.708    5.795    6.382    6.586
    7.422   10.426   11.236   11.655   13.515   15.474
            0.237500  0.137121  0.000000
  -20.079   -8.972   -8.123   -6.867    3.228    4.280    4.716    5.783    6.381    6.593
    7.430   10.433   11.253   11.663   13.522   15.478
            0.238000  0.137409  0.000000
  -20.074   -8.985   -8.117   -6.872    3.236    4.287    4.724    5.770    6.380    6.600
    7.438   10.440   11.269   11.671   13.529   15.483
            0.238500  0.137698  0.000000
  -20.068   -8.998   -8.110   -6.877    3.244    4.295    4.732    5.757    6.378    6.608
    7.445   10.448   11.286   11.678   13.536   15.487
            0.239000  0.137987  0.000000
  -20.063   -9.011   -8.104   -6.882    3.252    4.302    4.740    5.744    6.377    6.615
    7.453   10.455   11.302   11.686   13.543   15.492
            0.239500  0.138275  0.000000
  -20.057   -9.024   -8.097   -6.887    3.259    4.310    4.748    5.731    6.376    6.622
    7.460   10.462   11.319   11.693   13.550   15.497
            0.240000  0.138564  0.000000
  -20.051   -9.037   -8.090   -6.893    3.267    4.317    4.756    5.718    6.374    6.630
    7.468   10.469   11.335   11.701   13.557   15.501
            0.240500  0.138853  0.000000
  -20.046   -9.050   -8.084   -6.898    3.275    4.325    4.764    5.705    6.373    6.637
    7.476   10.477   11.352   11.709   13.564   15.506
            0.241000  0.139141  0.000000
  -20.040   -9.063   -8.077   -6.903    3.282    4.332    4.772    5.693    6.371    6.644
    7.483   10.484   11.368   11.717   13.571   15.510
            0.241500  0.139430  0.000000
  -20.034   -9.076   -8.070   -6.908    3.290    4.340    4.780    5.680    6.370    6.652
    7.491   10.492   11.385   11.724   13.577   15.515
            0.242000  0.139719  0.000000
  -20.029   -9.090   -8.064   -6.913    3.298    4.347    4.788    5.667    6.369    6.659
    7.499   10.499   11.402   11.732   13.584   15.519
            0.242500  0.140007  0.000000
  -20.023   -9.103   -8.057   -6.919    3.306    4.354    4.796    5.654    6.367    6.667
    7.507   10.506   11.418   11.740   13.591   15.524
            0.243000  0.140296  0.000000
  -20.017   -9.116   -8.050   -6.924    3.314    4.362    4.804    5.641    6.366    6.674
    7.514   10.514   11.435   11.747   13.598   15.528
            0.243500  0.140585  0.000000
  -20.012   -9.129   -8.044   -6.929    3.322    4.369    4.812    5.628    6.364    6.682
    7.522   10.521   11.452   11.755   13.605   15.533
            0.244000  0.140873  0.000000
  -20.006   -9.142   -8.037   -6.934    3.329    4.377    4.820    5.615    6.363    6.689
    7.530   10.529   11.468   11.763   13.612   15.537
            0.244500  0.141162  0.000000
  -20.000   -9.155   -8.030   -6.939    3.337    4.384    4.828    5.602    6.361    6.697
    7.538   10.536   11.485   11.771   13.618   15.541
            0.245000  0.141451  0.000000
  -19.995   -9.168   -8.023   -6.944    3.345    4.392    4.836    5.589    6.360    6.705
    7.546   10.544   11.502   11.779   13.625   15.546
            0.245500  0.141739  0.000000
  -19.989   -9.181   -8.017   -6.950    3.353    4.399    4.844    5.576    6.358    6.712
    7.554   10.551   11.518   11.786   13.632   15.550
            0.246000  0.142028  0.000000
  -19.983   -9.195   -8.010   -6.955    3.361    4.406    4.852    5.563    6.357    6.720
    7.561   10.559   11.535   11.794   13.639   15.555
            0.246500  0.142317  0.000000
  -19.977   -9.208   -8.003   -6.960    3.369    4.414    4.860    5.550    6.356    6.728
    7.569   10.566   11.552   11.802   13.645   15.559
            0.247000  0.142606  0.000000
  -19.971   -9.221   -7.996   -6.965    3.377    4.421    4.869    5.537    6.354    6.736
    7.577   10.574   11.568   11.810   13.652   15.563
            0.247500  0.142894  0.000000
  -19.966   -9.234   -7.989   -6.970    3.385    4.429    4.877    5.524    6.353    6.743
    7.585   10.581   11.585   11.818   13.659   15.568
            0.248000  0.143183  0.000000
  -19.960   -9.247   -7.982   -6.975    3.393    4.436    4.885    5.511    6.351    6.751
    7.593   10.589   11.602   11.826   13.665   15.572
            0.248500  0.143472  0.000000
  -19.954   -9.260   -7.976   -6.980    3.401    4.443    4.893    5.498    6.350    6.759
    7.601   10.596   11.619   11.834   13.672   15.576
            0.249000  0.143760  0.000000
  -19.948   -9.273   -7.969   -6.986    3.409    4.451    4.901    5.485    6.348    6.767
    7.609   10.604   11.636   11.842   13.678   15.580
            0.249500  0.144049  0.000000
  -19.942   -9.287   -7.962   -6.991    3.417    4.458    4.910    5.473    6.347    6.775
    7.617   10.611   11.652   11.850   13.685   15.585
            0.250000  0.144338  0.000000
  -19.937   -9.300   -7.955   -6.996    3.425    4.465    4.918    5.460    6.345    6.782
    7.625   10.619   11.669   11.858   13.692   15.589
            0.250500  0.144626  0.000000
  -19.931   -9.313   -7.948   -7.001    3.433    4.473    4.926    5.447    6.344    6.790
    7.633   10.627   11.686   11.866   13.698   15.593
            0.251000  0.144915  0.000000
  -19.925   -9.326   -7.941   -7.006    3.441    4.480    4.935    5.434    6.342    6.798
    7.641   10.634   11.703   11.874   13.705   15.597
            0.251500  0.145204  0.000000
  -19.919   -9.339   -7.934   -7.011    3.449    4.487    4.943    5.421    6.341    6.806
    7.649   10.642   11.720   11.882   13.711   15.601
            0.252000  0.145492  0.000000
  -19.913   -9.352   -7.927   -7.016    3.457    4.495    4.951    5.409    6.339    6.814
    7.657   10.650   11.736   11.890   13.718   15.605
            0.252500  0.145781  0.000000
  -19.907   -9.366   -7.920   -7.021    3.466    4.502    4.960    5.396    6.338    6.822
    7.665   10.657   11.753   11.898   13.724   15.609
            0.253000  0.146070  0.000000
  -19.901   -9.379   -7.913   -7.026    3.474    4.509    4.968    5.383    6.336    6.830
    7.674   10.665   11.770   11.906   13.730   15.613
            0.253500  0.146358  0.000000
  -19.895   -9.392   -7.907   -7.031    3.482    4.516    4.976    5.371    6.335    6.838
    7.682   10.673   11.787   11.914   13.737   15.617
            0.254000  0.146647  0.000000
  -19.889   -9.405   -7.900   -7.036    3.490    4.523    4.985    5.358    6.333    6.846
    7.690   10.680   11.804   11.922   13.743   15.621
            0.254500  0.146936  0.000000
  -19.883   -9.418   -7.893   -7.041    3.498    4.530    4.993    5.345    6.332    6.854
    7.698   10.688   11.821   11.930   13.750   15.625
            0.255000  0.147224  0.000000
  -19.877   -9.432   -7.886   -7.046    3.506    4.537    5.002    5.333    6.330    6.862
    7.706   10.696   11.838   11.938   13.756   15.629
            0.255500  0.147513  0.000000
  -19.871   -9.445   -7.879   -7.051    3.515    4.544    5.010    5.321    6.329    6.871
    7.715   10.704   11.855   11.946   13.762   15.633
            0.256000  0.147802  0.000000
  -19.866   -9.458   -7.872   -7.057    3.523    4.551    5.018    5.308    6.327    6.879
    7.723   10.711   11.871   11.955   13.768   15.637
            0.256500  0.148090  0.000000
  -19.860   -9.471   -7.864   -7.062    3.531    4.558    5.027    5.296    6.326    6.887
    7.731   10.719   11.888   11.963   13.775   15.641
            0.257000  0.148379  0.000000
  -19.854   -9.484   -7.857   -7.067    3.539    4.564    5.035    5.284    6.324    6.895
    7.739   10.727   11.905   11.971   13.781   15.645
            0.257500  0.148668  0.000000
  -19.847   -9.498   -7.850   -7.072    3.548    4.571    5.044    5.272    6.323    6.903
    7.748   10.735   11.922   11.979   13.787   15.649
            0.258000  0.148956  0.000000
  -19.841   -9.511   -7.843   -7.077    3.556    4.577    5.053    5.260    6.321    6.911
    7.756   10.743   11.939   11.987   13.793   15.652
            0.258500  0.149245  0.000000
  -19.835   -9.524   -7.836   -7.082    3.564    4.584    5.061    5.248    6.320    6.920
    7.764   10.750   11.956   11.996   13.799   15.656
            0.259000  0.149534  0.000000
  -19.829   -9.537   -7.829   -7.087    3.573    4.590    5.070    5.236    6.318    6.928
    7.773   10.758   11.973   12.004   13.806   15.660
            0.259500  0.149822  0.000000
  -19.823   -9.551   -7.822   -7.092    3.581    4.596    5.078    5.224    6.317    6.936
    7.781   10.766   11.990   12.012   13.812   15.663
            0.260000  0.150111  0.000000
  -19.817   -9.564   -7.815   -7.097    3.589    4.602    5.087    5.213    6.315    6.944
    7.789   10.774   12.007   12.021   13.818   15.667
            0.260500  0.150400  0.000000
  -19.811   -9.577   -7.808   -7.102    3.598    4.608    5.095    5.202    6.314    6.953
    7.798   10.782   12.024   12.029   13.824   15.671
            0.261000  0.150688  0.000000
  -19.805   -9.590   -7.801   -7.106    3.606    4.614    5.104    5.190    6.312    6.961
    7.806   10.790   12.037   12.041   13.830   15.674
            0.261500  0.150977  0.000000
  -19.799   -9.603   -7.793   -7.111    3.615    4.620    5.113    5.179    6.310    6.969
    7.814   10.798   12.045   12.058   13.836   15.678
            0.262000  0.151266  0.000000
  -19.793   -9.617   -7.786   -7.116    3.623    4.625    5.121    5.169    6.309    6.978
    7.823   10.806   12.054   12.075   13.842   15.681
            0.262500  0.151554  0.000000
  -19.787   -9.630   -7.779   -7.121    3.632    4.630    5.130    5.158    6.307    6.986
    7.831   10.813   12.062   12.092   13.847   15.685
            0.263000  0.151843  0.000000
  -19.781   -9.643   -7.772   -7.126    3.640    4.635    5.139    5.148    6.306    6.995
    7.840   10.821   12.071   12.109   13.853   15.688
            0.263500  0.152132  0.000000
  -19.774   -9.656   -7.765   -7.131    3.648    4.639    5.138    5.147    6.304    7.003
    7.848   10.829   12.079   12.126   13.859   15.691
            0.264000  0.152420  0.000000
  -19.768   -9.670   -7.758   -7.136    3.657    4.644    5.128    5.156    6.303    7.011
    7.857   10.837   12.087   12.143   13.865   15.695
            0.264500  0.152709  0.000000
  -19.762   -9.683   -7.750   -7.141    3.665    4.648    5.119    5.165    6.301    7.020
    7.865   10.845   12.096   12.160   13.871   15.698
            0.265000  0.152998  0.000000
  -19.756   -9.696   -7.743   -7.146    3.674    4.651    5.110    5.174    6.300    7.028
    7.874   10.853   12.104   12.177   13.877   15.701
            0.265500  0.153286  0.000000
  -19.750   -9.709   -7.736   -7.151    3.683    4.655    5.101    5.182    6.298    7.037
    7.882   10.861   12.113   12.195   13.882   15.704
            0.266000  0.153575  0.000000
  -19.743   -9.723   -7.729   -7.156    3.691    4.657    5.093    5.191    6.297    7.045
    7.891   10.869   12.121   12.212   13.888   15.708
            0.266500  0.153864  0.000000
  -19.737   -9.736   -7.721   -7.161    3.700    4.660    5.085    5.200    6.295    7.054
    7.900   10.877   12.130   12.229   13.894   15.711
            0.267000  0.154153  0.000000
  -19.731   -9.749   -7.714   -7.166    3.708    4.662    5.078    5.209    6.294    7.062
    7.908   10.885   12.138   12.246   13.899   15.714
            0.267500  0.154441  0.000000
  -19.725   -9.762   -7.707   -7.170    3.717    4.663    5.071    5.218    6.292    7.071
    7.917   10.893   12.147   12.263   13.905   15.717
            0.268000  0.154730  0.000000
  -19.719   -9.776   -7.699   -7.175    3.725    4.664    5.065    5.226    6.290    7.079
    7.926   10.902   12.155   12.280   13.910   15.720
            0.268500  0.155019  0.000000
  -19.712   -9.789   -7.692   -7.180    3.734    4.664    5.060    5.235    6.289    7.088
    7.934   10.910   12.164   12.297   13.916   15.723
            0.269000  0.155307  0.000000
  -19.706   -9.802   -7.685   -7.185    3.743    4.664    5.055    5.244    6.287    7.097
    7.943   10.918   12.172   12.314   13.921   15.726
            0.269500  0.155596  0.000000
  -19.700   -9.816   -7.678   -7.190    3.751    4.663    5.051    5.253    6.286    7.105
    7.952   10.926   12.181   12.331   13.927   15.729
            0.270000  0.155885  0.000000
  -19.693   -9.829   -7.670   -7.195    3.760    4.661    5.047    5.262    6.284    7.114
    7.960   10.934   12.189   12.349   13.932   15.731
            0.270500  0.156173  0.000000
  -19.687   -9.842   -7.663   -7.200    3.769    4.658    5.044    5.271    6.283    7.122
    7.969   10.942   12.198   12.366   13.937   15.734
            0.271000  0.156462  0.000000
  -19.681   -9.855   -7.655   -7.204    3.778    4.655    5.042    5.280    6.281    7.131
    7.978   10.950   12.207   12.383   13.943   15.737
            0.271500  0.156751  0.000000
  -19.674   -9.869   -7.648   -7.209    3.786    4.652    5.040    5.289    6.280    7.140
    7.986   10.958   12.215   12.400   13.948   15.739
            0.272000  0.157039  0.000000
  -19.668   -9.882   -7.641   -7.214    3.795    4.647    5.040    5.298    6.278    7.149
    7.995   10.967   12.224   12.417   13.953   15.742
            0.272500  0.157328  0.000000
  -19.662   -9.895   -7.633   -7.219    3.804    4.642    5.039    5.307    6.276    7.157
    8.004   10.975   12.233   12.434   13.958   15.745
            0.273000  0.157617  0.000000
  -19.655   -9.908   -7.626   -7.224    3.813    4.637    5.040    5.316    6.275    7.166
    8.013   10.983   12.241   12.452   13.963   15.747
            0.273500  0.157905  0.000000
  -19.649   -9.922   -7.618   -7.228    3.821    4.630    5.041    5.325    6.273    7.175
    8.022   10.991   12.250   12.469   13.968   15.749
            0.274000  0.158194  0.000000
  -19.643   -9.935   -7.611   -7.233    3.830    4.623    5.042    5.334    6.272    7.183
    8.031   10.999   12.259   12.486   13.973   15.752
            0.274500  0.158483  0.000000
  -19.636   -9.948   -7.604   -7.238    3.839    4.616    5.045    5.343    6.270    7.192
    8.039   11.008   12.267   12.503   13.978   15.754
            0.275000  0.158771  0.000000
  -19.630   -9.962   -7.596   -7.243    3.848    4.608    5.047    5.352    6.269    7.201
    8.048   11.016   12.276   12.520   13.983   15.756
            0.275500  0.159060  0.000000
  -19.623   -9.975   -7.589   -7.248    3.857    4.600    5.051    5.361    6.267    7.210
    8.057   11.024   12.285   12.538   13.988   15.759
            0.276000  0.159349  0.000000
  -19.617   -9.988   -7.581   -7.252    3.866    4.591    5.054    5.370    6.266    7.219
    8.066   11.032   12.294   12.555   13.993   15.761
            0.276500  0.159637  0.000000
  -19.611  -10.001   -7.574   -7.257    3.874    4.582    5.058    5.379    6.264    7.228
    8.075   11.041   12.303   12.572   13.998   15.763
            0.277000  0.159926  0.000000
  -19.604  -10.015   -7.566   -7.262    3.883    4.572    5.063    5.388    6.263    7.236
    8.084   11.049   12.311   12.589   14.003   15.765
            0.277500  0.160215  0.000000
  -19.598  -10.028   -7.559   -7.267    3.892    4.562    5.067    5.397    6.261    7.245
    8.093   11.057   12.320   12.607   14.007   15.767
            0.278000  0.160503  0.000000
  -19.591  -10.041   -7.551   -7.271    3.901    4.552    5.072    5.407    6.260    7.254
    8.102   11.066   12.329   12.624   14.012   15.769
            0.278500  0.160792  0.000000
  -19.585  -10.055   -7.544   -7.276    3.910    4.542    5.078    5.416    6.258    7.263
    8.111   11.074   12.338   12.641   14.017   15.771
            0.279000  0.161081  0.000000
  -19.578  -10.068   -7.536   -7.281    3.919    4.531    5.084    5.425    6.256    7.272
    8.120   11.082   12.347   12.658   14.021   15.772
            0.279500  0.161369  0.000000
  -19.572  -10.081   -7.528   -7.285    3.928    4.520    5.089    5.434    6.255    7.281
    8.129   11.091   12.356   12.676   14.026   15.774
            0.280000  0.161658  0.000000
  -19.565  -10.095   -7.521   -7.290    3.937    4.509    5.096    5.443    6.253    7.290
    8.138   11.099   12.364   12.693   14.030   15.776
            0.280500  0.161947  0.000000
  -19.559  -10.108   -7.513   -7.295    3.946    4.497    5.102    5.452    6.252    7.299
    8.147   11.107   12.373   12.710   14.035   15.777
            0.281000  0.162235  0.000000
  -19.552  -10.121   -7.506   -7.300    3.955    4.486    5.108    5.462    6.250    7.308
    8.156   11.116   12.382   12.727   14.039   15.779
            0.281500  0.162524  0.000000
  -19.546  -10.134   -7.498   -7.304    3.964    4.474    5.115    5.471    6.249    7.317
    8.165   11.124   12.391   12.745   14.043   15.780
            0.282000  0.162813  0.000000
  -19.539  -10.148   -7.490   -7.309    3.973    4.462    5.122    5.480    6.247    7.326
    8.174   11.132   12.400   12.762   14.047   15.782
            0.282500  0.163101  0.000000
  -19.532  -10.161   -7.483   -7.314    3.982    4.450    5.129    5.489    6.246    7.335
    8.184   11.141   12.409   12.779   14.052   15.783
            0.283000  0.163390  0.000000
  -19.526  -10.174   -7.475   -7.318    3.991    4.438    5.136    5.499    6.244    7.344
    8.193   11.149   12.418   12.796   14.056   15.784
            0.283500  0.163679  0.000000
  -19.519  -10.188   -7.468   -7.323    4.000    4.425    5.144    5.508    6.243    7.353
    8.202   11.158   12.427   12.814   14.060   15.785
            0.284000  0.163967  0.000000
  -19.513  -10.201   -7.460   -7.327    4.010    4.413    5.151    5.517    6.241    7.362
    8.211   11.166   12.436   12.831   14.064   15.786
            0.284500  0.164256  0.000000
  -19.506  -10.214   -7.452   -7.332    4.019    4.400    5.159    5.527    6.240    7.371
    8.220   11.175   12.445   12.848   14.068   15.787
            0.285000  0.164545  0.000000
  -19.499  -10.228   -7.445   -7.337    4.028    4.388    5.166    5.536    6.238    7.381
    8.229   11.183   12.454   12.866   14.072   15.788
            0.285500  0.164834  0.000000
  -19.493  -10.241   -7.437   -7.341    4.037    4.375    5.174    5.545    6.237    7.390
    8.239   11.192   12.463   12.883   14.076   15.789
            0.286000  0.165122  0.000000
  -19.486  -10.254   -7.429   -7.346    4.046    4.362    5.182    5.555    6.235    7.399
    8.248   11.200   12.472   12.900   14.079   15.790
            0.286500  0.165411  0.000000
  -19.479  -10.267   -7.422   -7.351    4.055    4.349    5.190    5.564    6.234    7.408
    8.257   11.209   12.482   12.918   14.083   15.791
            0.287000  0.165700  0.000000
  -19.473  -10.281   -7.414   -7.355    4.065    4.336    5.198    5.573    6.232    7.417
    8.266   11.217   12.491   12.935   14.087   15.791
            0.287500  0.165988  0.000000
  -19.466  -10.294   -7.406   -7.360    4.074    4.323    5.206    5.583    6.231    7.426
    8.276   11.226   12.500   12.952   14.090   15.792
            0.288000  0.166277  0.000000
  -19.459  -10.307   -7.398   -7.364    4.083    4.310    5.215    5.592    6.229    7.436
    8.285   11.234   12.509   12.970   14.094   15.792
            0.288500  0.166566  0.000000
  -19.453  -10.321   -7.391   -7.369    4.092    4.297    5.223    5.602    6.228    7.445
    8.294   11.243   12.518   12.987   14.098   15.793
            0.289000  0.166854  0.000000
  -19.446  -10.334   -7.383   -7.373    4.102    4.284    5.231    5.611    6.226    7.454
    8.304   11.251   12.527   13.004   14.101   15.793
            0.289500  0.167143  0.000000
  -19.439  -10.347   -7.378   -7.375    4.111    4.270    5.240    5.621    6.225    7.463
    8.313   11.260   12.536   13.022   14.104   15.793
            0.290000  0.167432  0.000000
  -19.432  -10.361   -7.382   -7.367    4.120    4.257    5.248    5.630    6.224    7.473
    8.322   11.269   12.546   13.039   14.108   15.793
            0.290500  0.167720  0.000000
  -19.426  -10.374   -7.387   -7.359    4.129    4.244    5.257    5.639    6.222    7.482
    8.332   11.277   12.555   13.056   14.111   15.793
            0.291000  0.168009  0.000000
  -19.419  -10.387   -7.392   -7.352    4.139    4.230    5.265    5.649    6.221    7.491
    8.341   11.286   12.564   13.074   14.114   15.793
            0.291500  0.168298  0.000000
  -19.412  -10.400   -7.396   -7.344    4.148    4.217    5.274    5.658    6.219    7.501
    8.351   11.294   12.573   13.091   14.117   15.793
            0.292000  0.168586  0.000000
  -19.405  -10.414   -7.401   -7.336    4.157    4.203    5.283    5.668    6.218    7.510
    8.360   11.303   12.583   13.108   14.120   15.793
            0.292500  0.168875  0.000000
  -19.399  -10.427   -7.405   -7.328    4.167    4.190    5.291    5.677    6.217    7.519
    8.370   11.312   12.592   13.126   14.123   15.793
            0.293000  0.169164  0.000000
  -19.392  -10.440   -7.410   -7.320    4.176    4.176    5.300    5.687    6.215    7.529
    8.379   11.320   12.601   13.143   14.126   15.792
            0.293500  0.169452  0.000000
  -19.385  -10.454   -7.414   -7.312    4.163    4.186    5.309    5.696    6.214    7.538
    8.389   11.329   12.610   13.160   14.129   15.792
            0.294000  0.169741  0.000000
  -19.378  -10.467   -7.419   -7.305    4.149    4.195    5.318    5.706    6.212    7.548
    8.398   11.338   12.620   13.178   14.132   15.791
            0.294500  0.170030  0.000000
  -19.371  -10.480   -7.423   -7.297    4.135    4.205    5.327    5.715    6.211    7.557
    8.408   11.346   12.629   13.195   14.134   15.790
            0.295000  0.170318  0.000000
  -19.364  -10.494   -7.427   -7.289    4.122    4.214    5.336    5.725    6.210    7.567
    8.417   11.355   12.638   13.212   14.137   15.790
            0.295500  0.170607  0.000000
  -19.358  -10.507   -7.432   -7.281    4.108    4.223    5.345    5.734    6.208    7.576
    8.427   11.364   12.648   13.230   14.139   15.789
            0.296000  0.170896  0.000000
  -19.351  -10.520   -7.436   -7.273    4.094    4.233    5.354    5.744    6.207    7.585
    8.436   11.372   12.657   13.247   14.142   15.788
            0.296500  0.171184  0.000000
  -19.344  -10.533   -7.441   -7.265    4.081    4.242    5.363    5.753    6.206    7.595
    8.446   11.381   12.667   13.264   14.144   15.787
            0.297000  0.171473  0.000000
  -19.337  -10.547   -7.445   -7.257    4.067    4.252    5.372    5.763    6.205    7.604
    8.456   11.390   12.676   13.282   14.146   15.786
            0.297500  0.171762  0.000000
  -19.330  -10.560   -7.450   -7.249    4.053    4.261    5.381    5.772    6.203    7.614
    8.465   11.399   12.685   13.299   14.149   15.784
            0.298000  0.172050  0.000000
  -19.323  -10.573   -7.454   -7.241    4.039    4.271    5.390    5.782    6.202    7.624
    8.475   11.407   12.695   13.317   14.151   15.783
            0.298500  0.172339  0.000000
  -19.316  -10.587   -7.458   -7.233    4.026    4.281    5.399    5.791    6.201    7.633
    8.484   11.416   12.704   13.334   14.153   15.782
            0.299000  0.172628  0.000000
  -19.309  -10.600   -7.463   -7.225    4.012    4.290    5.409    5.801    6.200    7.643
    8.494   11.425   12.714   13.351   14.155   15.780
            0.299500  0.172916  0.000000
  -19.302  -10.613   -7.467   -7.217    3.998    4.300    5.418    5.810    6.199    7.652
    8.504   11.434   12.723   13.369   14.157   15.779
            0.300000  0.173205  0.000000
  -19.295  -10.626   -7.472   -7.209    3.984    4.309    5.427    5.820    6.197    7.662
    8.514   11.442   12.733   13.386   14.159   15.777
            0.300500  0.173494  0.000000
  -19.288  -10.640   -7.476   -7.201    3.970    4.319    5.437    5.829    6.196    7.671
    8.523   11.451   12.742   13.403   14.160   15.775
            0.301000  0.173782  0.000000
  -19.281  -10.653   -7.480   -7.193    3.956    4.329    5.446    5.839    6.195    7.681
    8.533   11.460   12.752   13.421   14.162   15.773
            0.301500  0.174071  0.000000
  -19.274  -10.666   -7.485   -7.185    3.942    4.338    5.455    5.848    6.194    7.691
    8.543   11.469   12.761   13.438   14.164   15.771
            0.302000  0.174360  0.000000
  -19.267  -10.680   -7.489   -7.177    3.928    4.348    5.465    5.858    6.193    7.700
    8.553   11.478   12.771   13.455   14.165   15.769
            0.302500  0.174648  0.000000
  -19.260  -10.693   -7.493   -7.169    3.914    4.358    5.474    5.867    6.192    7.710
    8.562   11.487   12.780   13.473   14.167   15.767
            0.303000  0.174937  0.000000
  -19.253  -10.706   -7.498   -7.161    3.901    4.367    5.484    5.876    6.191    7.720
    8.572   11.495   12.790   13.490   14.168   15.765
            0.303500  0.175226  0.000000
  -19.246  -10.719   -7.502   -7.153    3.887    4.377    5.493    5.886    6.191    7.730
    8.582   11.504   12.800   13.508   14.169   15.762
            0.304000  0.175514  0.000000
  -19.239  -10.733   -7.506   -7.145    3.873    4.387    5.503    5.895    6.190    7.739
    8.592   11.513   12.809   13.525   14.170   15.760
            0.304500  0.175803  0.000000
  -19.232  -10.746   -7.511   -7.137    3.859    4.396    5.512    5.904    6.189    7.749
    8.602   11.522   12.819   13.542   14.171   15.757
            0.305000  0.176092  0.000000
  -19.225  -10.759   -7.515   -7.129    3.845    4.406    5.522    5.913    6.188    7.759
    8.612   11.531   12.828   13.560   14.172   15.754
            0.305500  0.176381  0.000000
  -19.218  -10.773   -7.519   -7.121    3.831    4.416    5.532    5.923    6.188    7.769
    8.621   11.540   12.838   13.577   14.173   15.752
            0.306000  0.176669  0.000000
  -19.211  -10.786   -7.523   -7.113    3.817    4.426    5.541    5.932    6.187    7.778
    8.631   11.549   12.848   13.594   14.174   15.749
            0.306500  0.176958  0.000000
  -19.204  -10.799   -7.528   -7.105    3.803    4.436    5.551    5.941    6.187    7.788
    8.641   11.558   12.858   13.612   14.175   15.746
            0.307000  0.177247  0.000000
  -19.197  -10.812   -7.532   -7.097    3.789    4.445    5.561    5.950    6.187    7.798
    8.651   11.567   12.867   13.629   14.175   15.742
            0.307500  0.177535  0.000000
  -19.190  -10.826   -7.536   -7.089    3.775    4.455    5.570    5.958    6.187    7.808
    8.661   11.575   12.877   13.646   14.176   15.739
            0.308000  0.177824  0.000000
  -19.183  -10.839   -7.540   -7.080    3.761    4.465    5.580    5.967    6.187    7.818
    8.671   11.584   12.887   13.664   14.176   15.736
            0.308500  0.178113  0.000000
  -19.175  -10.852   -7.545   -7.072    3.747    4.475    5.590    5.975    6.187    7.828
    8.681   11.593   12.896   13.681   14.177   15.733
            0.309000  0.178401  0.000000
  -19.168  -10.865   -7.549   -7.064    3.733    4.485    5.599    5.984    6.187    7.837
    8.691   11.602   12.906   13.698   14.177   15.729
            0.309500  0.178690  0.000000
  -19.161  -10.879   -7.553   -7.056    3.718    4.495    5.609    5.992    6.188    7.847
    8.701   11.611   12.916   13.716   14.177   15.725
            0.310000  0.178979  0.000000
  -19.154  -10.892   -7.557   -7.048    3.704    4.505    5.619    6.000    6.188    7.857
    8.711   11.620   12.926   13.733   14.177   15.722
            0.310500  0.179267  0.000000
  -19.147  -10.905   -7.562   -7.040    3.690    4.514    5.629    6.008    6.189    7.867
    8.721   11.629   12.936   13.750   14.177   15.718
            0.311000  0.179556  0.000000
  -19.140  -10.919   -7.566   -7.031    3.676    4.524    5.639    6.015    6.191    7.877
    8.731   11.638   12.945   13.768   14.177   15.714
            0.311500  0.179845  0.000000
  -19.132  -10.932   -7.570   -7.023    3.662    4.534    5.649    6.022    6.192    7.887
    8.741   11.647   12.955   13.785   14.177   15.710
            0.312000  0.180133  0.000000
  -19.125  -10.945   -7.574   -7.015    3.648    4.544    5.659    6.029    6.194    7.897
    8.751   11.656   12.965   13.802   14.176   15.706
            0.312500  0.180422  0.000000
  -19.118  -10.958   -7.578   -7.007    3.634    4.554    5.668    6.036    6.196    7.907
    8.762   11.665   12.975   13.820   14.176   15.702
            0.313000  0.180711  0.000000
  -19.111  -10.972   -7.582   -6.999    3.620    4.564    5.678    6.042    6.199    7.917
    8.772   11.674   12.985   13.837   14.175   15.697
            0.313500  0.180999  0.000000
  -19.103  -10.985   -7.587   -6.990    3.606    4.574    5.688    6.048    6.202    7.927
    8.782   11.683   12.995   13.854   14.175   15.693
            0.314000  0.181288  0.000000
  -19.096  -10.998   -7.591   -6.982    3.592    4.584    5.698    6.053    6.206    7.937
    8.792   11.692   13.005   13.872   14.174   15.688
            0.314500  0.181577  0.000000
  -19.089  -11.011   -7.595   -6.974    3.578    4.594    5.708    6.058    6.210    7.947
    8.802   11.701   13.015   13.889   14.173   15.684
            0.315000  0.181865  0.000000
  -19.082  -11.025   -7.599   -6.966    3.564    4.604    5.718    6.062    6.214    7.957
    8.812   11.710   13.024   13.906   14.172   15.679
            0.315500  0.182154  0.000000
  -19.074  -11.038   -7.603   -6.957    3.550    4.614    5.728    6.066    6.219    7.967
    8.823   11.720   13.034   13.924   14.171   15.674
            0.316000  0.182443  0.000000
  -19.067  -11.051   -7.607   -6.949    3.535    4.624    5.738    6.070    6.225    7.977
    8.833   11.729   13.044   13.941   14.170   15.669
            0.316500  0.182731  0.000000
  -19.060  -11.064   -7.611   -6.941    3.521    4.635    5.749    6.073    6.231    7.988
    8.843   11.738   13.054   13.958   14.169   15.664
            0.317000  0.183020  0.000000
  -19.052  -11.077   -7.615   -6.932    3.507    4.645    5.759    6.075    6.237    7.998
    8.853   11.747   13.064   13.976   14.167   15.659
            0.317500  0.183309  0.000000
  -19.045  -11.091   -7.619   -6.924    3.493    4.655    5.769    6.077    6.244    8.008
    8.864   11.756   13.074   13.993   14.166   15.654
            0.318000  0.183597  0.000000
  -19.038  -11.104   -7.623   -6.916    3.479    4.665    5.779    6.079    6.251    8.018
    8.874   11.765   13.084   14.010   14.164   15.648
            0.318500  0.183886  0.000000
  -19.030  -11.117   -7.627   -6.907    3.465    4.675    5.789    6.081    6.259    8.028
    8.884   11.774   13.094   14.027   14.163   15.643
            0.319000  0.184175  0.000000
  -19.023  -11.130   -7.631   -6.899    3.451    4.685    5.799    6.082    6.267    8.038
    8.895   11.783   13.104   14.045   14.161   15.637
            0.319500  0.184463  0.000000
  -19.016  -11.144   -7.636   -6.891    3.437    4.695    5.809    6.083    6.275    8.049
    8.905   11.792   13.115   14.062   14.159   15.632
            0.320000  0.184752  0.000000
  -19.008  -11.157   -7.640   -6.882    3.423    4.706    5.820    6.084    6.283    8.059
    8.915   11.801   13.125   14.079   14.157   15.626
            0.320500  0.185041  0.000000
  -19.001  -11.170   -7.644   -6.874    3.409    4.716    5.830    6.084    6.292    8.069
    8.926   11.811   13.135   14.097   14.155   15.620
            0.321000  0.185329  0.000000
  -18.993  -11.183   -7.648   -6.866    3.394    4.726    5.840    6.085    6.300    8.079
    8.936   11.820   13.145   14.114   14.153   15.614
            0.321500  0.185618  0.000000
  -18.986  -11.197   -7.652   -6.857    3.380    4.736    5.850    6.085    6.309    8.089
    8.946   11.829   13.155   14.131   14.150   15.608
            0.322000  0.185907  0.000000
  -18.979  -11.210   -7.656   -6.849    3.366    4.746    5.861    6.085    6.319    8.100
    8.957   11.838   13.165   14.148   14.148   15.602
            0.322500  0.186195  0.000000
  -18.971  -11.223   -7.659   -6.841    3.352    4.757    5.871    6.085    6.328    8.110
    8.967   11.847   13.175   14.145   14.166   15.596
            0.323000  0.186484  0.000000
  -18.964  -11.236   -7.663   -6.832    3.338    4.767    5.881    6.085    6.337    8.120
    8.978   11.856   13.185   14.143   14.183   15.590
            0.323500  0.186773  0.000000
  -18.956  -11.249   -7.667   -6.824    3.324    4.777    5.892    6.084    6.347    8.131
    8.988   11.866   13.196   14.140   14.200   15.584
            0.324000  0.187061  0.000000
  -18.949  -11.263   -7.671   -6.815    3.310    4.787    5.902    6.084    6.357    8.141
    8.999   11.875   13.206   14.137   14.217   15.577
            0.324500  0.187350  0.000000
  -18.941  -11.276   -7.675   -6.807    3.296    4.798    5.912    6.084    6.366    8.151
    9.009   11.884   13.216   14.134   14.234   15.571
            0.325000  0.187639  0.000000
  -18.934  -11.289   -7.679   -6.798    3.282    4.808    5.923    6.083    6.376    8.162
    9.020   11.893   13.226   14.131   14.252   15.564
            0.325500  0.187928  0.000000
  -18.926  -11.302   -7.683   -6.790    3.267    4.818    5.933    6.082    6.386    8.172
    9.030   11.902   13.236   14.128   14.269   15.557
            0.326000  0.188216  0.000000
  -18.919  -11.315   -7.687   -6.782    3.253    4.829    5.944    6.082    6.396    8.183
    9.041   11.911   13.247   14.124   14.286   15.550
            0.326500  0.188505  0.000000
  -18.911  -11.328   -7.691   -6.773    3.239    4.839    5.954    6.081    6.406    8.193
    9.051   11.921   13.257   14.121   14.303   15.543
            0.327000  0.188794  0.000000
  -18.904  -11.342   -7.695   -6.765    3.225    4.849    5.965    6.080    6.416    8.203
    9.062   11.930   13.267   14.117   14.320   15.536
            0.327500  0.189082  0.000000
  -18.896  -11.355   -7.699   -6.756    3.211    4.860    5.975    6.080    6.427    8.214
    9.073   11.939   13.277   14.114   14.338   15.529
            0.328000  0.189371  0.000000
  -18.889  -11.368   -7.703   -6.748    3.197    4.870    5.986    6.079    6.437    8.224
    9.083   11.948   13.288   14.110   14.355   15.522
            0.328500  0.189660  0.000000
  -18.881  -11.381   -7.706   -6.739    3.183    4.881    5.996    6.078    6.447    8.235
    9.094   11.957   13.298   14.106   14.372   15.515
            0.329000  0.189948  0.000000
  -18.873  -11.394   -7.710   -6.731    3.169    4.891    6.007    6.077    6.458    8.245
    9.104   11.967   13.308   14.102   14.389   15.508
            0.329500  0.190237  0.000000
  -18.866  -11.408   -7.714   -6.722    3.155    4.901    6.017    6.076    6.468    8.256
    9.115   11.976   13.319   14.098   14.406   15.500
            0.330000  0.190526  0.000000
  -18.858  -11.421   -7.718   -6.714    3.141    4.912    6.028    6.075    6.479    8.266
    9.126   11.985   13.329   14.094   14.423   15.493
            0.330500  0.190814  0.000000
  -18.851  -11.434   -7.722   -6.705    3.126    4.922    6.038    6.074    6.489    8.277
    9.136   11.994   13.339   14.089   14.440   15.485
            0.331000  0.191103  0.000000
  -18.843  -11.447   -7.726   -6.697    3.112    4.933    6.049    6.073    6.500    8.287
    9.147   12.004   13.350   14.085   14.458   15.477
            0.331500  0.191392  0.000000
  -18.835  -11.460   -7.729   -6.688    3.098    4.943    6.060    6.072    6.510    8.298
    9.158   12.013   13.360   14.080   14.475   15.470
            0.332000  0.191680  0.000000
  -18.828  -11.473   -7.733   -6.680    3.084    4.954    6.070    6.071    6.521    8.309
    9.169   12.022   13.371   14.076   14.492   15.462
            0.332500  0.191969  0.000000
  -18.820  -11.487   -7.737   -6.671    3.070    4.964    6.070    6.081    6.532    8.319
    9.179   12.031   13.381   14.071   14.509   15.454
            0.333000  0.192258  0.000000
  -18.812  -11.500   -7.741   -6.663    3.056    4.975    6.069    6.092    6.542    8.330
    9.190   12.041   13.391   14.066   14.526   15.446
            0.333500  0.192546  0.000000
  -18.805  -11.513   -7.745   -6.654    3.042    4.985    6.068    6.102    6.553    8.340
    9.201   12.050   13.402   14.061   14.543   15.438
            0.334000  0.192835  0.000000
  -18.797  -11.526   -7.748   -6.645    3.028    4.996    6.067    6.113    6.564    8.351
    9.212   12.059   13.412   14.056   14.560   15.430
            0.334500  0.193124  0.000000
  -18.789  -11.539   -7.752   -6.637    3.014    5.006    6.066    6.124    6.575    8.362
    9.223   12.068   13.423   14.050   14.577   15.422
            0.335000  0.193412  0.000000
  -18.782  -11.552   -7.756   -6.628    3.000    5.017    6.065    6.135    6.586    8.372
    9.233   12.078   13.433   14.045   14.594   15.413
            0.335500  0.193701  0.000000
  -18.774  -11.565   -7.759   -6.620    2.986    5.028    6.064    6.145    6.596    8.383
    9.244   12.087   13.444   14.040   14.611   15.405
            0.336000  0.193990  0.000000
  -18.766  -11.578   -7.763   -6.611    2.972    5.038    6.063    6.156    6.607    8.394
    9.255   12.096   13.454   14.034   14.628   15.396
            0.336500  0.194278  0.000000
  -18.758  -11.592   -7.767   -6.602    2.958    5.049    6.062    6.167    6.618    8.404
    9.266   12.106   13.465   14.028   14.645   15.388
            0.337000  0.194567  0.000000
  -18.751  -11.605   -7.771   -6.594    2.944    5.059    6.061    6.178    6.629    8.415
    9.277   12.115   13.475   14.023   14.662   15.379
            0.337500  0.194856  0.000000
  -18.743  -11.618   -7.774   -6.585    2.930    5.070    6.060    6.189    6.640    8.426
    9.288   12.124   13.486   14.017   14.679   15.371
            0.338000  0.195144  0.000000
  -18.735  -11.631   -7.778   -6.577    2.916    5.081    6.058    6.199    6.651    8.437
    9.299   12.133   13.496   14.011   14.696   15.362
            0.338500  0.195433  0.000000
  -18.727  -11.644   -7.782   -6.568    2.902    5.091    6.057    6.210    6.662    8.447
    9.310   12.143   13.507   14.005   14.713   15.353
            0.339000  0.195722  0.000000
  -18.720  -11.657   -7.785   -6.559    2.888    5.102    6.056    6.221    6.673    8.458
    9.321   12.152   13.517   13.998   14.730   15.344
            0.339500  0.196010  0.000000
  -18.712  -11.670   -7.789   -6.551    2.874    5.112    6.055    6.232    6.684    8.469
    9.332   12.161   13.528   13.992   14.747   15.335
            0.340000  0.196299  0.000000
  -18.704  -11.683   -7.793   -6.542    2.860    5.123    6.054    6.243    6.695    8.480
    9.343   12.170   13.538   13.986   14.764   15.326
            0.340500  0.196588  0.000000
  -18.696  -11.696   -7.796   -6.533    2.846    5.134    6.053    6.254    6.707    8.491
    9.354   12.180   13.549   13.979   14.781   15.317
            0.341000  0.196876  0.000000
  -18.688  -11.710   -7.800   -6.525    2.832    5.144    6.052    6.265    6.718    8.502
    9.365   12.189   13.559   13.972   14.798   15.308
            0.341500  0.197165  0.000000
  -18.681  -11.723   -7.803   -6.516    2.818    5.155    6.051    6.276    6.729    8.512
    9.376   12.198   13.570   13.966   14.815   15.299
            0.342000  0.197454  0.000000
  -18.673  -11.736   -7.807   -6.507    2.804    5.166    6.050    6.287    6.740    8.523
    9.387   12.208   13.580   13.959   14.832   15.290
            0.342500  0.197742  0.000000
  -18.665  -11.749   -7.811   -6.499    2.790    5.176    6.049    6.298    6.751    8.534
    9.398   12.217   13.591   13.952   14.849   15.280
            0.343000  0.198031  0.000000
  -18.657  -11.762   -7.814   -6.490    2.776    5.187    6.048    6.309    6.763    8.545
    9.409   12.226   13.601   13.945   14.865   15.271
            0.343500  0.198320  0.000000
  -18.649  -11.775   -7.818   -6.481    2.762    5.198    6.047    6.320    6.774    8.556
    9.420   12.235   13.612   13.938   14.882   15.262
            0.344000  0.198608  0.000000
  -18.641  -11.788   -7.821   -6.473    2.748    5.209    6.046    6.331    6.785    8.567
    9.431   12.245   13.622   13.931   14.899   15.252
            0.344500  0.198897  0.000000
  -18.633  -11.801   -7.825   -6.464    2.734    5.219    6.045    6.342    6.796    8.578
    9.442   12.254   13.633   13.923   14.916   15.243
            0.345000  0.199186  0.000000
  -18.625  -11.814   -7.828   -6.455    2.720    5.230    6.044    6.353    6.808    8.589
    9.454   12.263   13.643   13.916   14.933   15.233
            0.345500  0.199475  0.000000
  -18.617  -11.827   -7.832   -6.447    2.706    5.241    6.043    6.364    6.819    8.600
    9.465   12.272   13.653   13.909   14.950   15.223
            0.346000  0.199763  0.000000
  -18.610  -11.840   -7.835   -6.438    2.692    5.251    6.042    6.375    6.830    8.611
    9.476   12.282   13.663   13.902   14.966   15.213
            0.346500  0.200052  0.000000
  -18.602  -11.853   -7.839   -6.429    2.678    5.262    6.041    6.386    6.842    8.622
    9.487   12.291   13.674   13.894   14.983   15.204
            0.347000  0.200341  0.000000
  -18.594  -11.866   -7.842   -6.420    2.664    5.273    6.040    6.397    6.853    8.633
    9.498   12.300   13.684   13.887   15.000   15.194
            0.347500  0.200629  0.000000
  -18.586  -11.879   -7.846   -6.412    2.650    5.284    6.039    6.409    6.865    8.644
    9.510   12.309   13.694   13.880   15.017   15.184
            0.348000  0.200918  0.000000
  -18.578  -11.892   -7.849   -6.403    2.636    5.294    6.038    6.420    6.876    8.655
    9.521   12.319   13.703   13.872   15.033   15.174
            0.348500  0.201207  0.000000
  -18.570  -11.905   -7.853   -6.394    2.622    5.305    6.037    6.431    6.887    8.666
    9.532   12.328   13.713   13.866   15.050   15.164
            0.349000  0.201495  0.000000
  -18.562  -11.918   -7.856   -6.385    2.608    5.316    6.036    6.442    6.899    8.677
    9.543   12.337   13.722   13.859   15.067   15.154
            0.349500  0.201784  0.000000
  -18.554  -11.931   -7.860   -6.377    2.595    5.327    6.035    6.453    6.910    8.688
    9.555   12.346   13.730   13.853   15.084   15.144
            0.350000  0.202073  0.000000
  -18.546  -11.944   -7.863   -6.368    2.581    5.337    6.034    6.465    6.922    8.699
    9.566   12.356   13.738   13.847   15.100   15.134
            0.350500  0.202361  0.000000
  -18.538  -11.957   -7.867   -6.359    2.567    5.348    6.033    6.476    6.934    8.710
    9.577   12.365   13.745   13.843   15.117   15.123
            0.351000  0.202650  0.000000
  -18.530  -11.970   -7.870   -6.350    2.553    5.359    6.032    6.487    6.945    8.721
    9.589   12.374   13.750   13.840   15.113   15.134
            0.351500  0.202939  0.000000
  -18.522  -11.983   -7.873   -6.342    2.539    5.370    6.032    6.498    6.957    8.733
    9.600   12.383   13.753   13.839   15.103   15.150
            0.352000  0.203227  0.000000
  -18.514  -11.996   -7.877   -6.333    2.525    5.380    6.031    6.510    6.968    8.744
    9.611   12.392   13.753   13.840   15.092   15.167
            0.352500  0.203516  0.000000
  -18.505  -12.009   -7.880   -6.324    2.511    5.391    6.030    6.521    6.980    8.755
    9.623   12.402   13.751   13.843   15.082   15.183
            0.353000  0.203805  0.000000
  -18.497  -12.022   -7.884   -6.315    2.498    5.402    6.029    6.532    6.991    8.766
    9.634   12.411   13.748   13.849   15.072   15.200
            0.353500  0.204093  0.000000
  -18.489  -12.035   -7.887   -6.306    2.484    5.412    6.029    6.544    7.003    8.777
    9.646   12.420   13.742   13.856   15.061   15.216
            0.354000  0.204382  0.000000
  -18.481  -12.048   -7.890   -6.298    2.470    5.423    6.028    6.555    7.015    8.789
    9.657   12.429   13.736   13.863   15.050   15.233
            0.354500  0.204671  0.000000
  -18.473  -12.061   -7.894   -6.289    2.456    5.434    6.027    6.566    7.026    8.800
    9.669   12.438   13.729   13.872   15.040   15.250
            0.355000  0.204959  0.000000
  -18.465  -12.074   -7.897   -6.280    2.442    5.444    6.027    6.578    7.038    8.811
    9.680   12.447   13.721   13.881   15.029   15.266
            0.355500  0.205248  0.000000
  -18.457  -12.087   -7.900   -6.271    2.429    5.455    6.026    6.589    7.050    8.822
    9.692   12.456   13.712   13.891   15.019   15.283
            0.356000  0.205537  0.000000
  -18.449  -12.100   -7.904   -6.262    2.415    5.466    6.025    6.601    7.062    8.834
    9.703   12.466   13.703   13.901   15.008   15.299
            0.356500  0.205825  0.000000
  -18.441  -12.113   -7.907   -6.254    2.401    5.476    6.025    6.612    7.073    8.845
    9.715   12.475   13.694   13.911   14.997   15.316
            0.357000  0.206114  0.000000
  -18.432  -12.126   -7.910   -6.245    2.387    5.487    6.024    6.624    7.085    8.856
    9.726   12.484   13.685   13.922   14.986   15.332
            0.357500  0.206403  0.000000
  -18.424  -12.139   -7.913   -6.236    2.373    5.497    6.024    6.635    7.097    8.867
    9.738   12.493   13.675   13.932   14.975   15.348
            0.358000  0.206691  0.000000
  -18.416  -12.152   -7.917   -6.227    2.360    5.508    6.024    6.647    7.109    8.879
    9.749   12.502   13.666   13.943   14.965   15.365
            0.358500  0.206980  0.000000
  -18.408  -12.165   -7.920   -6.218    2.346    5.519    6.023    6.658    7.121    8.890
    9.761   12.511   13.656   13.953   14.954   15.381
            0.359000  0.207269  0.000000
  -18.400  -12.178   -7.923   -6.209    2.332    5.529    6.023    6.670    7.133    8.902
    9.772   12.520   13.646   13.964   14.943   15.398
            0.359500  0.207557  0.000000
  -18.391  -12.191   -7.926   -6.201    2.319    5.539    6.023    6.681    7.144    8.913
    9.784   12.529   13.635   13.975   14.932   15.414
            0.360000  0.207846  0.000000
  -18.383  -12.204   -7.930   -6.192    2.305    5.550    6.022    6.693    7.156    8.924
    9.796   12.538   13.625   13.986   14.921   15.430
            0.360500  0.208135  0.000000
  -18.375  -12.217   -7.933   -6.183    2.291    5.560    6.022    6.704    7.168    8.936
    9.807   12.547   13.614   13.997   14.910   15.447
            0.361000  0.208423  0.000000
  -18.367  -12.230   -7.936   -6.174    2.277    5.570    6.022    6.716    7.180    8.947
    9.819   12.556   13.604   14.008   14.899   15.463
            0.361500  0.208712  0.000000
  -18.359  -12.242   -7.939   -6.165    2.264    5.581    6.022    6.727    7.192    8.959
    9.831   12.565   13.593   14.019   14.888   15.479
            0.362000  0.209001  0.000000
  -18.350  -12.255   -7.942   -6.156    2.250    5.591    6.022    6.739    7.204    8.970
    9.842   12.574   13.582   14.030   14.876   15.495
            0.362500  0.209289  0.000000
  -18.342  -12.268   -7.946   -6.147    2.236    5.601    6.022    6.751    7.216    8.981
    9.854   12.583   13.571   14.041   14.865   15.512
            0.363000  0.209578  0.000000
  -18.334  -12.281   -7.949   -6.138    2.223    5.611    6.023    6.762    7.228    8.993
    9.866   12.592   13.560   14.052   14.854   15.528
            0.363500  0.209867  0.000000
  -18.325  -12.294   -7.952   -6.130    2.209    5.621    6.023    6.774    7.240    9.004
    9.878   12.601   13.549   14.063   14.843   15.544
            0.364000  0.210155  0.000000
  -18.317  -12.307   -7.955   -6.121    2.196    5.631    6.023    6.786    7.252    9.016
    9.889   12.609   13.538   14.075   14.832   15.560
            0.364500  0.210444  0.000000
  -18.309  -12.320   -7.958   -6.112    2.182    5.641    6.024    6.797    7.264    9.027
    9.901   12.618   13.527   14.086   14.820   15.576
            0.365000  0.210733  0.000000
  -18.301  -12.333   -7.961   -6.103    2.168    5.651    6.024    6.809    7.276    9.039
    9.913   12.627   13.515   14.097   14.809   15.592
            0.365500  0.211022  0.000000
  -18.292  -12.346   -7.964   -6.094    2.155    5.660    6.025    6.821    7.288    9.050
    9.925   12.636   13.504   14.108   14.798   15.609
            0.366000  0.211310  0.000000
  -18.284  -12.358   -7.968   -6.085    2.141    5.670    6.026    6.833    7.300    9.062
    9.936   12.645   13.492   14.120   14.787   15.625
            0.366500  0.211599  0.000000
  -18.276  -12.371   -7.971   -6.076    2.128    5.679    6.027    6.844    7.312    9.074
    9.948   12.653   13.480   14.131   14.775   15.641
            0.367000  0.211888  0.000000
  -18.267  -12.384   -7.974   -6.067    2.114    5.688    6.028    6.856    7.325    9.085
    9.960   12.662   13.469   14.142   14.764   15.657
            0.367500  0.212176  0.000000
  -18.259  -12.397   -7.977   -6.059    2.101    5.697    6.030    6.868    7.337    9.097
    9.972   12.671   13.457   14.154   14.753   15.673
            0.368000  0.212465  0.000000
  -18.250  -12.410   -7.980   -6.050    2.087    5.706    6.031    6.880    7.349    9.108
    9.984   12.679   13.445   14.165   14.741   15.689
            0.368500  0.212754  0.000000
  -18.242  -12.423   -7.983   -6.041    2.074    5.715    6.033    6.891    7.361    9.120
    9.996   12.688   13.433   14.176   14.730   15.705
            0.369000  0.213042  0.000000
  -18.234  -12.435   -7.986   -6.032    2.060    5.724    6.035    6.903    7.373    9.132
   10.008   12.696   13.421   14.188   14.718   15.721
            0.369500  0.213331  0.000000
  -18.225  -12.448   -7.989   -6.023    2.047    5.732    6.037    6.915    7.385    9.143
   10.020   12.705   13.409   14.199   14.707   15.737
            0.370000  0.213620  0.000000
  -18.217  -12.461   -7.992   -6.014    2.033    5.740    6.039    6.927    7.398    9.155
   10.032   12.713   13.397   14.211   14.696   15.753
            0.370500  0.213908  0.000000
  -18.208  -12.474   -7.995   -6.005    2.020    5.748    6.042    6.939    7.410    9.167
   10.044   12.722   13.384   14.222   14.684   15.768
            0.371000  0.214197  0.000000
  -18.200  -12.487   -7.998   -5.996    2.006    5.756    6.045    6.951    7.422    9.178
   10.056   12.730   13.372   14.234   14.673   15.784
            0.371500  0.214486  0.000000
  -18.191  -12.499   -8.001   -5.987    1.993    5.764    6.048    6.963    7.434    9.190
   10.068   12.739   13.359   14.245   14.661   15.800
            0.372000  0.214774  0.000000
  -18.183  -12.512   -8.004   -5.978    1.979    5.771    6.051    6.975    7.447    9.202
   10.080   12.747   13.347   14.256   14.650   15.813
            0.372500  0.215063  0.000000
  -18.175  -12.525   -8.007   -5.970    1.966    5.778    6.055    6.987    7.459    9.213
   10.092   12.755   13.334   14.268   14.638   15.794
            0.373000  0.215352  0.000000
  -18.166  -12.538   -8.010   -5.961    1.953    5.784    6.059    6.999    7.471    9.225
   10.104   12.764   13.322   14.280   14.627   15.775
            0.373500  0.215640  0.000000
  -18.158  -12.551   -8.013   -5.952    1.939    5.791    6.064    7.010    7.484    9.237
   10.116   12.772   13.309   14.291   14.616   15.756
            0.374000  0.215929  0.000000
  -18.149  -12.563   -8.016   -5.943    1.926    5.797    6.068    7.022    7.496    9.249
   10.128   12.780   13.296   14.303   14.604   15.736
            0.374500  0.216218  0.000000
  -18.141  -12.576   -8.019   -5.934    1.913    5.802    6.073    7.034    7.509    9.261
   10.140   12.788   13.283   14.314   14.593   15.717
            0.375000  0.216506  0.000000
  -18.132  -12.589   -8.022   -5.925    1.899    5.808    6.079    7.046    7.521    9.272
   10.152   12.796   13.270   14.326   14.581   15.698
            0.375500  0.216795  0.000000
  -18.124  -12.602   -8.024   -5.916    1.886    5.813    6.084    7.058    7.533    9.284
   10.164   12.804   13.258   14.337   14.570   15.678
            0.376000  0.217084  0.000000
  -18.115  -12.614   -8.027   -5.907    1.873    5.818    6.090    7.071    7.546    9.296
   10.176   12.812   13.244   14.349   14.559   15.659
            0.376500  0.217372  0.000000
  -18.107  -12.627   -8.030   -5.898    1.859    5.822    6.096    7.083    7.558    9.308
   10.188   12.820   13.231   14.361   14.547   15.640
            0.377000  0.217661  0.000000
  -18.098  -12.640   -8.033   -5.889    1.846    5.826    6.103    7.095    7.571    9.320
   10.200   12.828   13.218   14.372   14.536   15.621
            0.377500  0.217950  0.000000
  -18.089  -12.653   -8.036   -5.880    1.833    5.830    6.110    7.107    7.583    9.332
   10.213   12.836   13.205   14.384   14.525   15.601
            0.378000  0.218238  0.000000
  -18.081  -12.665   -8.039   -5.871    1.819    5.834    6.117    7.119    7.596    9.343
   10.225   12.844   13.192   14.396   14.513   15.582
            0.378500  0.218527  0.000000
  -18.072  -12.678   -8.042   -5.863    1.806    5.837    6.125    7.131    7.608    9.355
   10.237   12.851   13.178   14.407   14.502   15.563
            0.379000  0.218816  0.000000
  -18.064  -12.691   -8.044   -5.854    1.793    5.840    6.133    7.143    7.621    9.367
   10.249   12.859   13.165   14.419   14.491   15.543
            0.379500  0.219104  0.000000
  -18.055  -12.703   -8.047   -5.845    1.780    5.843    6.141    7.155    7.633    9.379
   10.261   12.866   13.152   14.431   14.480   15.524
            0.380000  0.219393  0.000000
  -18.046  -12.716   -8.050   -5.836    1.767    5.846    6.149    7.167    7.646    9.391
   10.274   12.874   13.138   14.442   14.468   15.505
            0.380500  0.219682  0.000000
  -18.038  -12.729   -8.053   -5.827    1.753    5.848    6.158    7.180    7.659    9.403
   10.286   12.881   13.125   14.454   14.457   15.485
            0.381000  0.219970  0.000000
  -18.029  -12.741   -8.056   -5.818    1.740    5.850    6.167    7.192    7.671    9.415
   10.298   12.888   13.111   14.446   14.466   15.466
            0.381500  0.220259  0.000000
  -18.021  -12.754   -8.058   -5.809    1.727    5.852    6.176    7.204    7.684    9.427
   10.311   12.896   13.097   14.435   14.478   15.447
            0.382000  0.220548  0.000000
  -18.012  -12.767   -8.061   -5.800    1.714    5.854    6.185    7.216    7.696    9.439
   10.323   12.903   13.084   14.424   14.490   15.427
            0.382500  0.220836  0.000000
  -18.003  -12.779   -8.064   -5.791    1.701    5.855    6.194    7.228    7.709    9.451
   10.335   12.910   13.070   14.413   14.501   15.408
            0.383000  0.221125  0.000000
  -17.995  -12.792   -8.067   -5.782    1.688    5.857    6.204    7.241    7.722    9.463
   10.348   12.917   13.056   14.402   14.513   15.389
            0.383500  0.221414  0.000000
  -17.986  -12.805   -8.069   -5.773    1.675    5.858    6.214    7.253    7.734    9.475
   10.360   12.923   13.042   14.391   14.525   15.369
            0.384000  0.221703  0.000000
  -17.977  -12.817   -8.072   -5.765    1.662    5.859    6.224    7.265    7.747    9.487
   10.372   12.930   13.028   14.381   14.537   15.350
            0.384500  0.221991  0.000000
  -17.969  -12.830   -8.075   -5.756    1.649    5.860    6.234    7.278    7.760    9.499
   10.385   12.937   13.014   14.370   14.549   15.331
            0.385000  0.222280  0.000000
  -17.960  -12.843   -8.077   -5.747    1.636    5.861    6.244    7.290    7.773    9.511
   10.397   12.943   13.000   14.359   14.560   15.312
            0.385500  0.222569  0.000000
  -17.951  -12.855   -8.080   -5.738    1.623    5.862    6.255    7.302    7.785    9.523
   10.410   12.950   12.986   14.349   14.572   15.292
            0.386000  0.222857  0.000000
  -17.942  -12.868   -8.083   -5.729    1.610    5.862    6.265    7.315    7.798    9.535
   10.422   12.956   12.972   14.338   14.584   15.273
            0.386500  0.223146  0.000000
  -17.934  -12.881   -8.085   -5.720    1.597    5.863    6.276    7.327    7.811    9.547
   10.434   12.958   12.962   14.328   14.596   15.254
            0.387000  0.223435  0.000000
  -17.925  -12.893   -8.088   -5.711    1.584    5.863    6.287    7.339    7.824    9.559
   10.447   12.944   12.968   14.317   14.608   15.234
            0.387500  0.223723  0.000000
  -17.916  -12.906   -8.091   -5.702    1.571    5.863    6.297    7.352    7.837    9.571
   10.459   12.930   12.974   14.307   14.620   15.215
            0.388000  0.224012  0.000000
  -17.907  -12.918   -8.093   -5.693    1.558    5.864    6.308    7.364    7.849    9.584
   10.472   12.915   12.980   14.297   14.632   15.196
            0.388500  0.224301  0.000000
  -17.899  -12.931   -8.096   -5.685    1.545    5.864    6.319    7.376    7.862    9.596
   10.484   12.901   12.986   14.287   14.644   15.176
            0.389000  0.224589  0.000000
  -17.890  -12.943   -8.099   -5.676    1.532    5.864    6.331    7.389    7.875    9.608
   10.497   12.887   12.991   14.277   14.656   15.157
            0.389500  0.224878  0.000000
  -17.881  -12.956   -8.101   -5.667    1.519    5.864    6.342    7.401    7.888    9.620
   10.509   12.872   12.997   14.267   14.668   15.138
            0.390000  0.225167  0.000000
  -17.872  -12.969   -8.104   -5.658    1.507    5.864    6.353    7.414    7.901    9.632
   10.522   12.858   13.002   14.257   14.680   15.119
            0.390500  0.225455  0.000000
  -17.864  -12.981   -8.106   -5.649    1.494    5.864    6.364    7.426    7.914    9.644
   10.535   12.843   13.007   14.248   14.692   15.099
            0.391000  0.225744  0.000000
  -17.855  -12.994   -8.109   -5.640    1.481    5.864    6.376    7.439    7.927    9.657
   10.547   12.829   13.012   14.238   14.704   15.080
            0.391500  0.226033  0.000000
  -17.846  -13.006   -8.111   -5.631    1.468    5.864    6.387    7.451    7.940    9.669
   10.560   12.814   13.016   14.229   14.716   15.061
            0.392000  0.226321  0.000000
  -17.837  -13.019   -8.114   -5.622    1.455    5.864    6.399    7.464    7.953    9.681
   10.572   12.800   13.021   14.220   14.728   15.042
            0.392500  0.226610  0.000000
  -17.828  -13.031   -8.116   -5.614    1.443    5.864    6.410    7.476    7.966    9.693
   10.585   12.785   13.025   14.211   14.739   15.022
            0.393000  0.226899  0.000000
  -17.819  -13.044   -8.119   -5.605    1.430    5.863    6.422    7.489    7.979    9.706
   10.598   12.770   13.029   14.202   14.751   15.003
            0.393500  0.227187  0.000000
  -17.811  -13.056   -8.121   -5.596    1.417    5.863    6.434    7.501    7.992    9.718
   10.610   12.756   13.033   14.193   14.763   14.984
            0.394000  0.227476  0.000000
  -17.802  -13.069   -8.124   -5.587    1.405    5.863    6.445    7.514    8.005    9.730
   10.623   12.741   13.037   14.184   14.775   14.965
            0.394500  0.227765  0.000000
  -17.793  -13.081   -8.126   -5.578    1.392    5.863    6.457    7.526    8.018    9.742
   10.636   12.726   13.041   14.176   14.787   14.946
            0.395000  0.228053  0.000000
  -17.784  -13.094   -8.129   -5.569    1.379    5.862    6.469    7.539    8.031    9.755
   10.648   12.711   13.044   14.168   14.799   14.927
            0.395500  0.228342  0.000000
  -17.775  -13.106   -8.131   -5.561    1.367    5.862    6.481    7.552    8.044    9.767
   10.661   12.696   13.047   14.159   14.811   14.908
            0.396000  0.228631  0.000000
  -17.766  -13.119   -8.134   -5.552    1.354    5.861    6.493    7.564    8.057    9.779
   10.674   12.682   13.050   14.152   14.822   14.890
            0.396500  0.228919  0.000000
  -17.757  -13.131   -8.136   -5.543    1.342    5.861    6.505    7.577    8.070    9.792
   10.687   12.667   13.053   14.144   14.831   14.874
            0.397000  0.229208  0.000000
  -17.748  -13.144   -8.139   -5.534    1.329    5.860    6.517    7.590    8.084    9.804
   10.699   12.652   13.055   14.136   14.834   14.864
            0.397500  0.229497  0.000000
  -17.739  -13.156   -8.141   -5.525    1.317    5.860    6.529    7.602    8.097    9.816
   10.712   12.637   13.057   14.129   14.823   14.867
            0.398000  0.229785  0.000000
  -17.730  -13.169   -8.143   -5.517    1.304    5.859    6.541    7.615    8.110    9.829
   10.725   12.622   13.059   14.122   14.807   14.877
            0.398500  0.230074  0.000000
  -17.722  -13.181   -8.146   -5.508    1.292    5.859    6.553    7.628    8.123    9.841
   10.738   12.607   13.061   14.115   14.788   14.888
            0.399000  0.230363  0.000000
  -17.713  -13.193   -8.148   -5.499    1.279    5.858    6.565    7.640    8.136    9.853
   10.751   12.592   13.062   14.109   14.770   14.900
            0.399500  0.230651  0.000000
  -17.704  -13.206   -8.151   -5.490    1.267    5.858    6.578    7.653    8.149    9.866
   10.764   12.577   13.063   14.102   14.751   14.912
            0.400000  0.230940  0.000000
  -17.695  -13.218   -8.153   -5.482    1.254    5.857    6.590    7.666    8.163    9.878
   10.776   12.562   13.064   14.096   14.732   14.924
            0.400500  0.231229  0.000000
  -17.686  -13.231   -8.155   -5.473    1.242    5.857    6.602    7.679    8.176    9.891
   10.789   12.546   13.064   14.090   14.713   14.936
            0.401000  0.231517  0.000000
  -17.677  -13.243   -8.158   -5.464    1.230    5.856    6.615    7.691    8.189    9.903
   10.802   12.531   13.065   14.084   14.694   14.948
            0.401500  0.231806  0.000000
  -17.668  -13.255   -8.160   -5.455    1.217    5.856    6.627    7.704    8.203    9.916
   10.815   12.516   13.065   14.079   14.675   14.960
            0.402000  0.232095  0.000000
  -17.659  -13.268   -8.162   -5.447    1.205    5.855    6.639    7.717    8.216    9.928
   10.828   12.501   13.064   14.074   14.656   14.972
            0.402500  0.232383  0.000000
  -17.650  -13.280   -8.165   -5.438    1.193    5.854    6.652    7.730    8.229    9.941
   10.841   12.486   13.064   14.069   14.637   14.984
            0.403000  0.232672  0.000000
  -17.641  -13.293   -8.167   -5.429    1.180    5.854    6.664    7.743    8.243    9.953
   10.854   12.470   13.063   14.064   14.618   14.997
            0.403500  0.232961  0.000000
  -17.632  -13.305   -8.169   -5.420    1.168    5.853    6.676    7.755    8.256    9.965
   10.867   12.455   13.061   14.060   14.598   15.009
            0.404000  0.233250  0.000000
  -17.623  -13.317   -8.171   -5.412    1.156    5.852    6.689    7.768    8.269    9.978
   10.880   12.440   13.060   14.056   14.579   15.021
            0.404500  0.233538  0.000000
  -17.614  -13.330   -8.174   -5.403    1.144    5.852    6.701    7.781    8.283    9.990
   10.893   12.424   13.058   14.052   14.560   15.034
            0.405000  0.233827  0.000000
  -17.604  -13.342   -8.176   -5.394    1.132    5.851    6.714    7.794    8.296   10.003
   10.906   12.409   13.055   14.048   14.541   15.046
            0.405500  0.234116  0.000000
  -17.595  -13.354   -8.178   -5.386    1.120    5.851    6.727    7.807    8.310   10.016
   10.919   12.394   13.053   14.045   14.522   15.058
            0.406000  0.234404  0.000000
  -17.586  -13.367   -8.180   -5.377    1.108    5.850    6.739    7.820    8.323   10.028
   10.932   12.378   13.050   14.042   14.503   15.071
            0.406500  0.234693  0.000000
  -17.577  -13.379   -8.182   -5.368    1.095    5.849    6.752    7.833    8.336   10.041
   10.945   12.363   13.047   14.039   14.484   15.083
            0.407000  0.234982  0.000000
  -17.568  -13.391   -8.185   -5.360    1.083    5.849    6.764    7.846    8.350   10.053
   10.958   12.347   13.043   14.036   14.465   15.095
            0.407500  0.235270  0.000000
  -17.559  -13.404   -8.187   -5.351    1.071    5.848    6.777    7.859    8.363   10.066
   10.971   12.332   13.040   14.034   14.446   15.108
            0.408000  0.235559  0.000000
  -17.550  -13.416   -8.189   -5.342    1.059    5.847    6.790    7.872    8.377   10.078
   10.984   12.316   13.035   14.032   14.427   15.120
            0.408500  0.235848  0.000000
  -17.541  -13.428   -8.191   -5.334    1.047    5.846    6.802    7.885    8.390   10.091
   10.997   12.301   13.031   14.030   14.408   15.132
            0.409000  0.236136  0.000000
  -17.532  -13.440   -8.193   -5.325    1.035    5.846    6.815    7.898    8.404   10.103
   11.010   12.285   13.026   14.028   14.389   15.145
            0.409500  0.236425  0.000000
  -17.523  -13.453   -8.196   -5.317    1.024    5.845    6.828    7.911    8.418   10.116
   11.024   12.270   13.021   14.027   14.370   15.157
            0.410000  0.236714  0.000000
  -17.514  -13.465   -8.198   -5.308    1.012    5.844    6.841    7.924    8.431   10.129
   11.037   12.254   13.016   14.026   14.351   15.170
            0.410500  0.237002  0.000000
  -17.504  -13.477   -8.200   -5.299    1.000    5.844    6.853    7.937    8.445   10.141
   11.050   12.239   13.010   14.025   14.332   15.182
            0.411000  0.237291  0.000000
  -17.495  -13.489   -8.202   -5.291    0.988    5.843    6.866    7.950    8.458   10.154
   11.063   12.223   13.004   14.025   14.313   15.195
            0.411500  0.237580  0.000000
  -17.486  -13.502   -8.204   -5.282    0.976    5.842    6.879    7.963    8.472   10.167
   11.076   12.207   12.998   14.024   14.294   15.207
            0.412000  0.237868  0.000000
  -17.477  -13.514   -8.206   -5.274    0.964    5.842    6.892    7.976    8.486   10.179
   11.090   12.192   12.991   14.024   14.275   15.219
            0.412500  0.238157  0.000000
  -17.468  -13.526   -8.208   -5.265    0.953    5.841    6.905    7.989    8.499   10.192
   11.103   12.176   12.985   14.024   14.256   15.232
            0.413000  0.238446  0.000000
  -17.459  -13.538   -8.210   -5.257    0.941    5.840    6.918    8.002    8.513   10.205
   11.116   12.161   12.978   14.024   14.237   15.244
            0.413500  0.238734  0.000000
  -17.449  -13.550   -8.212   -5.248    0.929    5.839    6.931    8.015    8.527   10.217
   11.129   12.145   12.970   14.025   14.218   15.257
            0.414000  0.239023  0.000000
  -17.440  -13.562   -8.214   -5.240    0.918    5.839    6.943    8.028    8.540   10.230
   11.143   12.129   12.963   14.025   14.199   15.269
            0.414500  0.239312  0.000000
  -17.431  -13.575   -8.216   -5.231    0.906    5.838    6.956    8.041    8.554   10.243
   11.156   12.113   12.955   14.026   14.180   15.282
            0.415000  0.239600  0.000000
  -17.422  -13.587   -8.218   -5.223    0.894    5.837    6.969    8.055    8.568   10.255
   11.169   12.098   12.947   14.027   14.161   15.295
            0.415500  0.239889  0.000000
  -17.413  -13.599   -8.220   -5.214    0.883    5.837    6.982    8.068    8.582   10.268
   11.182   12.082   12.938   14.028   14.142   15.307
            0.416000  0.240178  0.000000
  -17.403  -13.611   -8.222   -5.206    0.871    5.836    6.995    8.081    8.595   10.281
   11.196   12.066   12.930   14.029   14.123   15.320
            0.416500  0.240466  0.000000
  -17.394  -13.623   -8.224   -5.198    0.860    5.835    7.008    8.094    8.609   10.293
   11.209   12.051   12.921   14.030   14.105   15.332
            0.417000  0.240755  0.000000
  -17.385  -13.635   -8.226   -5.189    0.848    5.835    7.021    8.107    8.623   10.306
   11.222   12.035   12.912   14.032   14.086   15.345
            0.417500  0.241044  0.000000
  -17.376  -13.647   -8.228   -5.181    0.837    5.834    7.035    8.121    8.637   10.319
   11.236   12.019   12.903   14.034   14.067   15.357
            0.418000  0.241332  0.000000
  -17.366  -13.660   -8.230   -5.172    0.826    5.833    7.048    8.134    8.651   10.332
   11.249   12.003   12.894   14.035   14.048   15.370
            0.418500  0.241621  0.000000
  -17.357  -13.672   -8.232   -5.164    0.814    5.832    7.061    8.147    8.664   10.344
   11.263   11.987   12.884   14.029   14.037   15.382
            0.419000  0.241910  0.000000
  -17.348  -13.684   -8.234   -5.156    0.803    5.832    7.074    8.160    8.678   10.357
   11.276   11.972   12.874   14.010   14.039   15.386
            0.419500  0.242198  0.000000
  -17.339  -13.696   -8.236   -5.147    0.792    5.831    7.087    8.174    8.692   10.370
   11.289   11.956   12.864   13.992   14.041   15.374
            0.420000  0.242487  0.000000
  -17.329  -13.708   -8.238   -5.139    0.780    5.830    7.100    8.187    8.706   10.383
   11.303   11.940   12.854   13.973   14.043   15.363
            0.420500  0.242776  0.000000
  -17.320  -13.720   -8.240   -5.131    0.769    5.830    7.113    8.200    8.720   10.395
   11.316   11.924   12.844   13.954   14.045   15.351
            0.421000  0.243064  0.000000
  -17.311  -13.732   -8.242   -5.123    0.758    5.829    7.126    8.213    8.734   10.408
   11.330   11.908   12.833   13.935   14.047   15.339
            0.421500  0.243353  0.000000
  -17.301  -13.744   -8.243   -5.114    0.747    5.828    7.140    8.227    8.748   10.421
   11.343   11.892   12.823   13.916   14.049   15.328
            0.422000  0.243642  0.000000
  -17.292  -13.756   -8.245   -5.106    0.736    5.827    7.153    8.240    8.762   10.434
   11.357   11.877   12.812   13.898   14.052   15.317
            0.422500  0.243930  0.000000
  -17.283  -13.768   -8.247   -5.098    0.725    5.827    7.166    8.253    8.776   10.447
   11.370   11.861   12.801   13.879   14.054   15.305
            0.423000  0.244219  0.000000
  -17.274  -13.780   -8.249   -5.090    0.714    5.826    7.179    8.267    8.790   10.459
   11.384   11.845   12.790   13.860   14.056   15.294
            0.423500  0.244508  0.000000
  -17.264  -13.792   -8.251   -5.082    0.703    5.825    7.193    8.280    8.804   10.472
   11.397   11.829   12.779   13.841   14.058   15.283
            0.424000  0.244797  0.000000
  -17.255  -13.804   -8.253   -5.073    0.692    5.825    7.206    8.294    8.818   10.485
   11.411   11.813   12.768   13.823   14.061   15.272
            0.424500  0.245085  0.000000
  -17.246  -13.816   -8.254   -5.065    0.681    5.824    7.219    8.307    8.832   10.498
   11.424   11.797   12.756   13.804   14.063   15.261
            0.425000  0.245374  0.000000
  -17.236  -13.828   -8.256   -5.057    0.670    5.823    7.233    8.320    8.846   10.511
   11.438   11.781   12.745   13.785   14.065   15.251
            0.425500  0.245663  0.000000
  -17.227  -13.840   -8.258   -5.049    0.659    5.823    7.246    8.334    8.860   10.523
   11.451   11.765   12.733   13.767   14.067   15.240
            0.426000  0.245951  0.000000
  -17.217  -13.852   -8.260   -5.041    0.648    5.822    7.259    8.347    8.874   10.536
   11.465   11.750   12.721   13.748   14.069   15.230
            0.426500  0.246240  0.000000
  -17.208  -13.864   -8.261   -5.033    0.637    5.821    7.273    8.361    8.888   10.549
   11.478   11.734   12.709   13.729   14.071   15.219
            0.427000  0.246529  0.000000
  -17.199  -13.876   -8.263   -5.025    0.627    5.821    7.286    8.374    8.903   10.562
   11.492   11.718   12.697   13.711   14.073   15.209
            0.427500  0.246817  0.000000
  -17.189  -13.887   -8.265   -5.017    0.616    5.820    7.300    8.388    8.917   10.575
   11.505   11.702   12.685   13.692   14.075   15.199
            0.428000  0.247106  0.000000
  -17.180  -13.899   -8.267   -5.009    0.605    5.819    7.313    8.401    8.931   10.588
   11.519   11.687   12.673   13.674   14.077   15.189
            0.428500  0.247395  0.000000
  -17.171  -13.911   -8.268   -5.001    0.595    5.819    7.326    8.415    8.945   10.600
   11.532   11.671   12.661   13.655   14.079   15.180
            0.429000  0.247683  0.000000
  -17.161  -13.923   -8.270   -4.993    0.584    5.818    7.340    8.428    8.959   10.613
   11.545   11.656   12.648   13.636   14.081   15.170
            0.429500  0.247972  0.000000
  -17.152  -13.935   -8.272   -4.985    0.574    5.817    7.353    8.442    8.973   10.626
   11.557   11.641   12.636   13.618   14.082   15.161
            0.430000  0.248261  0.000000
  -17.142  -13.947   -8.273   -4.977    0.563    5.817    7.367    8.455    8.988   10.639
   11.568   11.628   12.623   13.599   14.084   15.152
            0.430500  0.248549  0.000000
  -17.133  -13.959   -8.275   -4.969    0.553    5.816    7.380    8.469    9.002   10.652
   11.576   11.618   12.611   13.581   14.085   15.143
            0.431000  0.248838  0.000000
  -17.124  -13.970   -8.277   -4.962    0.542    5.815    7.394    8.482    9.016   10.665
   11.575   11.617   12.598   13.562   14.086   15.134
            0.431500  0.249127  0.000000
  -17.114  -13.982   -8.278   -4.954    0.532    5.815    7.407    8.496    9.030   10.677
   11.565   11.624   12.585   13.544   14.087   15.125
            0.432000  0.249415  0.000000
  -17.105  -13.994   -8.280   -4.946    0.521    5.814    7.421    8.510    9.045   10.690
   11.551   11.636   12.572   13.525   14.088   15.117
            0.432500  0.249704  0.000000
  -17.095  -14.006   -8.282   -4.938    0.511    5.813    7.435    8.523    9.059   10.703
   11.537   11.648   12.560   13.507   14.089   15.109
            0.433000  0.249993  0.000000
  -17.086  -14.018   -8.283   -4.930    0.501    5.813    7.448    8.537    9.073   10.716
   11.521   11.661   12.547   13.488   14.090   15.101
            0.433500  0.250281  0.000000
  -17.077  -14.029   -8.285   -4.923    0.491    5.812    7.462    8.550    9.088   10.729
   11.506   11.675   12.534   13.470   14.090   15.093
            0.434000  0.250570  0.000000
  -17.067  -14.041   -8.286   -4.915    0.481    5.812    7.475    8.564    9.102   10.741
   11.490   11.688   12.521   13.451   14.090   15.086
            0.434500  0.250859  0.000000
  -17.058  -14.053   -8.288   -4.907    0.470    5.811    7.489    8.578    9.117   10.754
   11.474   11.702   12.507   13.433   14.090   15.078
            0.435000  0.251147  0.000000
  -17.048  -14.064   -8.289   -4.900    0.460    5.810    7.503    8.591    9.131   10.767
   11.458   11.716   12.494   13.414   14.090   15.071
            0.435500  0.251436  0.000000
  -17.039  -14.076   -8.291   -4.892    0.450    5.810    7.516    8.605    9.145   10.780
   11.442   11.729   12.481   13.396   14.090   15.065
            0.436000  0.251725  0.000000
  -17.029  -14.088   -8.292   -4.884    0.440    5.809    7.530    8.619    9.160   10.793
   11.426   11.743   12.468   13.378   14.089   15.058
            0.436500  0.252013  0.000000
  -17.020  -14.100   -8.294   -4.877    0.430    5.808    7.544    8.632    9.174   10.805
   11.410   11.757   12.455   13.359   14.088   15.052
            0.437000  0.252302  0.000000
  -17.010  -14.111   -8.295   -4.869    0.421    5.808    7.557    8.646    9.189   10.818
   11.394   11.771   12.441   13.341   14.087   15.046
            0.437500  0.252591  0.000000
  -17.001  -14.123   -8.297   -4.862    0.411    5.807    7.571    8.660    9.203   10.831
   11.378   11.785   12.428   13.322   14.086   15.040
            0.438000  0.252879  0.000000
  -16.992  -14.134   -8.298   -4.854    0.401    5.807    7.585    8.674    9.218   10.843
   11.362   11.799   12.415   13.304   14.084   15.034
            0.438500  0.253168  0.000000
  -16.982  -14.146   -8.300   -4.847    0.391    5.806    7.599    8.687    9.232   10.856
   11.346   11.813   12.401   13.286   14.082   15.029
            0.439000  0.253457  0.000000
  -16.973  -14.158   -8.301   -4.840    0.382    5.805    7.612    8.701    9.247   10.869
   11.330   11.826   12.388   13.267   14.080   15.024
            0.439500  0.253745  0.000000
  -16.963  -14.169   -8.303   -4.832    0.372    5.805    7.626    8.715    9.261   10.882
   11.314   11.840   12.375   13.249   14.078   15.020
            0.440000  0.254034  0.000000
  -16.954  -14.181   -8.304   -4.825    0.362    5.804    7.640    8.729    9.276   10.894
   11.298   11.854   12.361   13.231   14.075   15.015
            0.440500  0.254323  0.000000
  -16.944  -14.192   -8.306   -4.818    0.353    5.804    7.654    8.742    9.290   10.907
   11.282   11.868   12.348   13.213   14.072   15.011
            0.441000  0.254611  0.000000
  -16.935  -14.204   -8.307   -4.810    0.343    5.803    7.668    8.756    9.305   10.919
   11.266   11.882   12.334   13.194   14.069   15.007
            0.441500  0.254900  0.000000
  -16.925  -14.216   -8.308   -4.803    0.334    5.802    7.681    8.770    9.320   10.932
   11.250   11.897   12.321   13.176   14.066   15.004
            0.442000  0.255189  0.000000
  -16.916  -14.227   -8.310   -4.796    0.324    5.802    7.695    8.784    9.334   10.945
   11.234   11.911   12.307   13.158   14.062   15.000
            0.442500  0.255477  0.000000
  -16.906  -14.239   -8.311   -4.789    0.315    5.801    7.709    8.798    9.349   10.957
   11.218   11.925   12.294   13.140   14.058   14.997
            0.443000  0.255766  0.000000
  -16.897  -14.250   -8.313   -4.782    0.306    5.801    7.723    8.811    9.363   10.970
   11.202   11.939   12.281   13.121   14.054   14.994
            0.443500  0.256055  0.000000
  -16.887  -14.261   -8.314   -4.774    0.297    5.800    7.737    8.825    9.378   10.982
   11.186   11.953   12.267   13.103   14.049   14.992
            0.444000  0.256344  0.000000
  -16.878  -14.273   -8.315   -4.767    0.287    5.800    7.751    8.839    9.393   10.995
   11.170   11.967   12.254   13.085   14.045   14.990
            0.444500  0.256632  0.000000
  -16.868  -14.284   -8.317   -4.760    0.278    5.799    7.765    8.853    9.408   11.007
   11.154   11.981   12.240   13.067   14.039   14.988
            0.445000  0.256921  0.000000
  -16.859  -14.296   -8.318   -4.753    0.269    5.799    7.779    8.867    9.422   11.019
   11.138   11.995   12.227   13.049   14.034   14.986
            0.445500  0.257210  0.000000
  -16.849  -14.307   -8.319   -4.746    0.260    5.798    7.793    8.881    9.437   11.032
   11.122   12.009   12.213   13.030   14.029   14.985
            0.446000  0.257498  0.000000
  -16.840  -14.319   -8.321   -4.739    0.251    5.797    7.807    8.895    9.452   11.044
   11.105   12.024   12.200   13.012   14.023   14.984
            0.446500  0.257787  0.000000
  -16.830  -14.330   -8.322   -4.732    0.242    5.797    7.821    8.909    9.467   11.056
   11.089   12.038   12.187   12.994   14.017   14.983
            0.447000  0.258076  0.000000
  -16.821  -14.341   -8.323   -4.726    0.233    5.796    7.835    8.923    9.481   11.068
   11.073   12.052   12.174   12.976   14.010   14.982
            0.447500  0.258364  0.000000
  -16.811  -14.353   -8.324   -4.719    0.225    5.796    7.849    8.936    9.496   11.057
   11.080   12.066   12.160   12.958   14.004   14.982
            0.448000  0.258653  0.000000
  -16.802  -14.364   -8.326   -4.712    0.216    5.795    7.863    8.950    9.511   11.041
   11.092   12.081   12.147   12.940   13.997   14.982
            0.448500  0.258942  0.000000
  -16.792  -14.375   -8.327   -4.705    0.207    5.795    7.877    8.964    9.526   11.025
   11.104   12.095   12.134   12.922   13.990   14.982
            0.449000  0.259230  0.000000
  -16.783  -14.386   -8.328   -4.699    0.199    5.794    7.891    8.978    9.541   11.009
   11.116   12.109   12.121   12.904   13.983   14.982
            0.449500  0.259519  0.000000
  -16.773  -14.398   -8.329   -4.692    0.190    5.794    7.905    8.992    9.556   10.993
   11.128   12.108   12.123   12.886   13.975   14.982
            0.450000  0.259808  0.000000
  -16.764  -14.409   -8.330   -4.685    0.182    5.793    7.919    9.006    9.570   10.977
   11.140   12.095   12.138   12.868   13.967   14.983
            0.450500  0.260096  0.000000
  -16.754  -14.420   -8.332   -4.679    0.173    5.793    7.933    9.020    9.585   10.961
   11.151   12.082   12.152   12.850   13.959   14.984
            0.451000  0.260385  0.000000
  -16.745  -14.431   -8.333   -4.672    0.165    5.792    7.947    9.034    9.600   10.945
   11.163   12.069   12.166   12.832   13.951   14.985
            0.451500  0.260674  0.000000
  -16.736  -14.443   -8.334   -4.666    0.156    5.792    7.961    9.048    9.615   10.929
   11.174   12.057   12.181   12.814   13.943   14.986
            0.452000  0.260962  0.000000
  -16.726  -14.454   -8.335   -4.659    0.148    5.791    7.976    9.062    9.630   10.913
   11.186   12.044   12.195   12.796   13.934   14.988
            0.452500  0.261251  0.000000
  -16.717  -14.465   -8.336   -4.653    0.140    5.791    7.990    9.076    9.645   10.897
   11.197   12.032   12.209   12.778   13.925   14.990
            0.453000  0.261540  0.000000
  -16.707  -14.476   -8.337   -4.647    0.132    5.790    8.004    9.090    9.660   10.881
   11.208   12.019   12.224   12.760   13.916   14.991
            0.453500  0.261828  0.000000
  -16.698  -14.487   -8.339   -4.640    0.124    5.790    8.018    9.104    9.675   10.865
   11.218   12.007   12.238   12.742   13.907   14.993
            0.454000  0.262117  0.000000
  -16.688  -14.498   -8.340   -4.634    0.116    5.789    8.032    9.119    9.690   10.848
   11.229   11.995   12.252   12.724   13.898   14.996
            0.454500  0.262406  0.000000
  -16.679  -14.509   -8.341   -4.628    0.108    5.789    8.047    9.133    9.705   10.832
   11.239   11.984   12.267   12.706   13.888   14.998
            0.455000  0.262694  0.000000
  -16.669  -14.520   -8.342   -4.622    0.100    5.789    8.061    9.147    9.720   10.816
   11.250   11.972   12.281   12.688   13.879   15.000
            0.455500  0.262983  0.000000
  -16.660  -14.531   -8.343   -4.615    0.092    5.788    8.075    9.161    9.735   10.800
   11.259   11.961   12.296   12.671   13.869   15.003
            0.456000  0.263272  0.000000
  -16.651  -14.542   -8.344   -4.609    0.084    5.788    8.089    9.175    9.750   10.784
   11.269   11.950   12.310   12.653   13.859   15.006
            0.456500  0.263560  0.000000
  -16.641  -14.553   -8.345   -4.603    0.077    5.787    8.104    9.189    9.765   10.768
   11.278   11.939   12.325   12.635   13.849   15.004
            0.457000  0.263849  0.000000
  -16.632  -14.564   -8.346   -4.597    0.069    5.787    8.118    9.203    9.780   10.752
   11.288   11.929   12.339   12.617   13.839   14.988
            0.457500  0.264138  0.000000
  -16.622  -14.575   -8.347   -4.591    0.062    5.786    8.132    9.217    9.796   10.736
   11.296   11.919   12.354   12.599   13.828   14.972
            0.458000  0.264426  0.000000
  -16.613  -14.586   -8.348   -4.585    0.054    5.786    8.146    9.231    9.811   10.720
   11.305   11.909   12.368   12.582   13.818   14.956
            0.458500  0.264715  0.000000
  -16.604  -14.597   -8.349   -4.580    0.047    5.785    8.161    9.245    9.826   10.704
   11.313   11.899   12.383   12.564   13.807   14.940
            0.459000  0.265004  0.000000
  -16.594  -14.607   -8.350   -4.574    0.039    5.785    8.175    9.260    9.841   10.688
   11.320   11.891   12.397   12.546   13.796   14.924
            0.459500  0.265292  0.000000
  -16.585  -14.618   -8.351   -4.568    0.032    5.785    8.190    9.274    9.856   10.672
   11.327   11.882   12.412   12.529   13.785   14.909
            0.460000  0.265581  0.000000
  -16.575  -14.629   -8.352   -4.562    0.025    5.784    8.204    9.288    9.871   10.656
   11.333   11.874   12.426   12.511   13.774   14.893
            0.460500  0.265870  0.000000
  -16.566  -14.640   -8.353   -4.557    0.018    5.784    8.218    9.302    9.887   10.640
   11.339   11.867   12.440   12.494   13.763   14.877
            0.461000  0.266158  0.000000
  -16.557  -14.650   -8.354   -4.551    0.011    5.783    8.233    9.316    9.902   10.624
   11.344   11.860   12.453   12.477   13.752   14.861
            0.461500  0.266447  0.000000
  -16.548  -14.661   -8.355   -4.546    0.004    5.783    8.247    9.330    9.917   10.608
   11.349   11.854   12.454   12.474   13.741   14.845
            0.462000  0.266736  0.000000
  -16.538  -14.672   -8.356   -4.540   -0.003    5.783    8.262    9.345    9.932   10.592
   11.353   11.849   12.438   12.486   13.729   14.829
            0.462500  0.267024  0.000000
  -16.529  -14.682   -8.357   -4.535   -0.010    5.782    8.276    9.359    9.948   10.576
   11.356   11.845   12.421   12.500   13.718   14.813
            0.463000  0.267313  0.000000
  -16.520  -14.693   -8.357   -4.529   -0.017    5.782    8.290    9.373    9.963   10.560
   11.358   11.841   12.404   12.515   13.707   14.797
            0.463500  0.267602  0.000000
  -16.510  -14.703   -8.358   -4.524   -0.024    5.782    8.305    9.387    9.978   10.544
   11.360   11.838   12.386   12.529   13.695   14.782
            0.464000  0.267891  0.000000
  -16.501  -14.714   -8.359   -4.519   -0.030    5.781    8.319    9.401    9.994   10.528
   11.360   11.836   12.369   12.544   13.683   14.766
            0.464500  0.268179  0.000000
  -16.492  -14.724   -8.360   -4.514   -0.037    5.781    8.334    9.416   10.009   10.513
   11.360   11.835   12.351   12.559   13.671   14.750
            0.465000  0.268468  0.000000
  -16.483  -14.735   -8.361   -4.508   -0.043    5.780    8.348    9.430   10.024   10.497
   11.359   11.834   12.334   12.573   13.660   14.734
            0.465500  0.268757  0.000000
  -16.474  -14.745   -8.362   -4.503   -0.050    5.780    8.363    9.444   10.040   10.481
   11.357   11.835   12.316   12.588   13.648   14.718
            0.466000  0.269045  0.000000
  -16.465  -14.755   -8.363   -4.498   -0.056    5.780    8.377    9.458   10.055   10.465
   11.354   11.836   12.299   12.603   13.636   14.702
            0.466500  0.269334  0.000000
  -16.455  -14.766   -8.363   -4.493   -0.062    5.779    8.392    9.472   10.070   10.449
   11.350   11.838   12.281   12.617   13.624   14.686
            0.467000  0.269623  0.000000
  -16.446  -14.776   -8.364   -4.488   -0.068    5.779    8.406    9.487   10.086   10.433
   11.346   11.841   12.264   12.632   13.612   14.670
            0.467500  0.269911  0.000000
  -16.437  -14.786   -8.365   -4.484   -0.074    5.779    8.421    9.501   10.101   10.417
   11.341   11.845   12.246   12.647   13.600   14.654
            0.468000  0.270200  0.000000
  -16.428  -14.796   -8.366   -4.479   -0.080    5.778    8.436    9.515   10.117   10.401
   11.335   11.849   12.229   12.662   13.587   14.639
            0.468500  0.270489  0.000000
  -16.419  -14.807   -8.366   -4.474   -0.086    5.778    8.450    9.529   10.132   10.386
   11.328   11.854   12.211   12.676   13.575   14.623
            0.469000  0.270777  0.000000
  -16.410  -14.817   -8.367   -4.469   -0.092    5.778    8.465    9.543   10.147   10.370
   11.321   11.860   12.194   12.691   13.563   14.607
            0.469500  0.271066  0.000000
  -16.401  -14.827   -8.368   -4.465   -0.098    5.777    8.479    9.558   10.163   10.354
   11.313   11.866   12.176   12.706   13.551   14.591
            0.470000  0.271355  0.000000
  -16.392  -14.837   -8.369   -4.460   -0.104    5.777    8.494    9.572   10.178   10.338
   11.305   11.873   12.159   12.721   13.538   14.575
            0.470500  0.271643  0.000000
  -16.383  -14.847   -8.369   -4.456   -0.109    5.777    8.509    9.586   10.193   10.323
   11.296   11.880   12.141   12.736   13.526   14.559
            0.471000  0.271932  0.000000
  -16.375  -14.856   -8.370   -4.451   -0.115    5.776    8.523    9.600   10.208   10.307
   11.287   11.888   12.124   12.751   13.514   14.543
            0.471500  0.272221  0.000000
  -16.366  -14.866   -8.371   -4.447   -0.120    5.776    8.538    9.615   10.223   10.292
   11.277   11.896   12.107   12.765   13.501   14.527
            0.472000  0.272509  0.000000
  -16.357  -14.876   -8.371   -4.443   -0.126    5.776    8.553    9.629   10.236   10.279
   11.267   11.904   12.089   12.780   13.489   14.512
            0.472500  0.272798  0.000000
  -16.348  -14.886   -8.372   -4.438   -0.131    5.776    8.567    9.643   10.243   10.272
   11.256   11.913   12.072   12.795   13.477   14.496
            0.473000  0.273087  0.000000
  -16.340  -14.895   -8.373   -4.434   -0.136    5.775    8.582    9.657   10.236   10.278
   11.246   11.922   12.055   12.810   13.464   14.480
            0.473500  0.273375  0.000000
  -16.331  -14.905   -8.373   -4.430   -0.141    5.775    8.597    9.672   10.223   10.292
   11.235   11.932   12.037   12.825   13.452   14.464
            0.474000  0.273664  0.000000
  -16.322  -14.915   -8.374   -4.426   -0.146    5.775    8.612    9.686   10.208   10.306
   11.223   11.941   12.020   12.840   13.439   14.448
            0.474500  0.273953  0.000000
  -16.314  -14.924   -8.375   -4.422   -0.151    5.774    8.626    9.700   10.193   10.322
   11.212   11.951   12.003   12.855   13.427   14.432
            0.475000  0.274241  0.000000
  -16.305  -14.933   -8.375   -4.418   -0.156    5.774    8.641    9.714   10.177   10.337
   11.200   11.961   11.985   12.870   13.414   14.417
            0.475500  0.274530  0.000000
  -16.297  -14.943   -8.376   -4.415   -0.161    5.774    8.656    9.728   10.162   10.352
   11.188   11.968   11.972   12.885   13.402   14.401
            0.476000  0.274819  0.000000
  -16.288  -14.952   -8.376   -4.411   -0.165    5.774    8.671    9.743   10.146   10.368
   11.176   11.951   11.982   12.900   13.389   14.385
            0.476500  0.275107  0.000000
  -16.280  -14.961   -8.377   -4.407   -0.170    5.773    8.685    9.757   10.130   10.384
   11.164   11.934   11.993   12.915   13.377   14.369
            0.477000  0.275396  0.000000
  -16.272  -14.970   -8.378   -4.403   -0.174    5.773    8.700    9.771   10.115   10.399
   11.151   11.916   12.003   12.930   13.364   14.353
            0.477500  0.275685  0.000000
  -16.263  -14.979   -8.378   -4.400   -0.179    5.773    8.715    9.785   10.099   10.415
   11.139   11.899   12.014   12.945   13.352   14.337
            0.478000  0.275973  0.000000
  -16.255  -14.988   -8.379   -4.396   -0.183    5.773    8.730    9.799   10.083   10.431
   11.126   11.882   12.025   12.960   13.340   14.322
            0.478500  0.276262  0.000000
  -16.247  -14.997   -8.379   -4.393   -0.187    5.773    8.745    9.813   10.068   10.446
   11.113   11.865   12.036   12.975   13.327   14.306
            0.479000  0.276551  0.000000
  -16.239  -15.006   -8.380   -4.390   -0.192    5.772    8.759    9.827   10.052   10.462
   11.101   11.848   12.047   12.990   13.315   14.290
            0.479500  0.276839  0.000000
  -16.231  -15.015   -8.380   -4.386   -0.196    5.772    8.774    9.842   10.036   10.478
   11.088   11.830   12.058   13.005   13.302   14.274
            0.480000  0.277128  0.000000
  -16.223  -15.023   -8.381   -4.383   -0.200    5.772    8.789    9.856   10.021   10.494
   11.075   11.813   12.069   13.020   13.290   14.258
            0.480500  0.277417  0.000000
  -16.216  -15.032   -8.381   -4.380   -0.203    5.772    8.804    9.870   10.005   10.510
   11.062   11.796   12.080   13.035   13.278   14.243
            0.481000  0.277705  0.000000
  -16.208  -15.040   -8.382   -4.377   -0.207    5.771    8.819    9.884    9.989   10.526
   11.049   11.779   12.092   13.050   13.266   14.227
            0.481500  0.277994  0.000000
  -16.200  -15.048   -8.382   -4.374   -0.211    5.771    8.834    9.898    9.974   10.541
   11.035   11.762   12.103   13.065   13.253   14.211
            0.482000  0.278283  0.000000
  -16.193  -15.056   -8.382   -4.371   -0.214    5.771    8.849    9.912    9.958   10.557
   11.022   11.745   12.114   13.080   13.241   14.195
            0.482500  0.278572  0.000000
  -16.186  -15.064   -8.383   -4.368   -0.218    5.771    8.864    9.926    9.942   10.573
   11.009   11.728   12.125   13.095   13.229   14.179
            0.483000  0.278860  0.000000
  -16.178  -15.072   -8.383   -4.366   -0.221    5.771    8.878    9.927    9.940   10.589
   10.996   11.711   12.136   13.111   13.217   14.164
            0.483500  0.279149  0.000000
  -16.171  -15.080   -8.384   -4.363   -0.225    5.771    8.893    9.911    9.953   10.605
   10.982   11.694   12.148   13.126   13.205   14.148
            0.484000  0.279438  0.000000
  -16.164  -15.088   -8.384   -4.360   -0.228    5.770    8.908    9.895    9.967   10.621
   10.969   11.677   12.159   13.141   13.193   14.132
            0.484500  0.279726  0.000000
  -16.157  -15.095   -8.384   -4.358   -0.231    5.770    8.923    9.880    9.981   10.637
   10.956   11.660   12.170   13.156   13.182   14.116
            0.485000  0.280015  0.000000
  -16.150  -15.102   -8.385   -4.355   -0.234    5.770    8.938    9.864    9.995   10.653
   10.943   11.643   12.181   13.170   13.171   14.101
            0.485500  0.280304  0.000000
  -16.144  -15.110   -8.385   -4.353   -0.237    5.770    8.953    9.849   10.008   10.669
   10.929   11.626   12.192   13.158   13.186   14.085
            0.486000  0.280592  0.000000
  -16.137  -15.117   -8.386   -4.351   -0.240    5.770    8.968    9.833   10.022   10.685
   10.916   11.609   12.203   13.147   13.202   14.069
            0.486500  0.280881  0.000000
  -16.131  -15.124   -8.386   -4.349   -0.243    5.770    8.983    9.818   10.036   10.701
   10.903   11.592   12.214   13.136   13.217   14.054
            0.487000  0.281170  0.000000
  -16.124  -15.130   -8.386   -4.346   -0.245    5.769    8.998    9.802   10.049   10.717
   10.890   11.575   12.224   13.124   13.232   14.038
            0.487500  0.281458  0.000000
  -16.118  -15.137   -8.386   -4.344   -0.248    5.769    9.013    9.787   10.062   10.733
   10.877   11.558   12.235   13.113   13.247   14.022
            0.488000  0.281747  0.000000
  -16.112  -15.143   -8.387   -4.342   -0.250    5.769    9.028    9.771   10.076   10.750
   10.864   11.541   12.245   13.102   13.262   14.006
            0.488500  0.282036  0.000000
  -16.106  -15.149   -8.387   -4.340   -0.252    5.769    9.043    9.756   10.089   10.766
   10.851   11.525   12.256   13.092   13.278   13.991
            0.489000  0.282324  0.000000
  -16.101  -15.155   -8.387   -4.339   -0.255    5.769    9.058    9.740   10.102   10.782
   10.838   11.508   12.266   13.081   13.293   13.975
            0.489500  0.282613  0.000000
  -16.095  -15.161   -8.388   -4.337   -0.257    5.769    9.073    9.725   10.115   10.798
   10.826   11.491   12.276   13.071   13.308   13.959
            0.490000  0.282902  0.000000
  -16.090  -15.167   -8.388   -4.335   -0.259    5.769    9.088    9.709   10.128   10.813
   10.814   11.474   12.286   13.061   13.323   13.944
            0.490500  0.283190  0.000000
  -16.085  -15.172   -8.388   -4.334   -0.261    5.769    9.103    9.694   10.140   10.800
   10.830   11.457   12.295   13.051   13.339   13.928
            0.491000  0.283479  0.000000
  -16.080  -15.177   -8.388   -4.332   -0.263    5.769    9.118    9.679   10.153   10.788
   10.846   11.440   12.305   13.041   13.354   13.913
            0.491500  0.283768  0.000000
  -16.076  -15.182   -8.388   -4.331   -0.265    5.768    9.133    9.663   10.165   10.776
   10.863   11.424   12.314   13.032   13.369   13.897
            0.492000  0.284056  0.000000
  -16.071  -15.187   -8.389   -4.329   -0.266    5.768    9.148    9.648   10.177   10.764
   10.879   11.407   12.323   13.023   13.385   13.881
            0.492500  0.284345  0.000000
  -16.067  -15.191   -8.389   -4.328   -0.268    5.768    9.163    9.633   10.189   10.753
   10.895   11.390   12.331   13.014   13.400   13.866
            0.493000  0.284634  0.000000
  -16.063  -15.196   -8.389   -4.327   -0.269    5.768    9.178    9.618   10.200   10.741
   10.911   11.373   12.339   13.005   13.415   13.850
            0.493500  0.284922  0.000000
  -16.060  -15.200   -8.389   -4.326   -0.271    5.768    9.192    9.602   10.212   10.730
   10.928   11.357   12.347   12.997   13.431   13.835
            0.494000  0.285211  0.000000
  -16.056  -15.203   -8.389   -4.325   -0.272    5.768    9.207    9.587   10.222   10.720
   10.944   11.340   12.354   12.990   13.446   13.819
            0.494500  0.285500  0.000000
  -16.053  -15.207   -8.389   -4.324   -0.273    5.768    9.222    9.572   10.233   10.709
   10.960   11.323   12.361   12.983   13.461   13.803
            0.495000  0.285788  0.000000
  -16.050  -15.210   -8.390   -4.323   -0.274    5.768    9.237    9.557   10.243   10.700
   10.977   11.307   12.368   12.976   13.477   13.788
            0.495500  0.286077  0.000000
  -16.047  -15.213   -8.390   -4.322   -0.275    5.768    9.251    9.543   10.252   10.690
   10.993   11.290   12.374   12.970   13.492   13.772
            0.496000  0.286366  0.000000
  -16.045  -15.215   -8.390   -4.322   -0.276    5.768    9.266    9.528   10.260   10.682
   11.009   11.273   12.379   12.964   13.507   13.757
            0.496500  0.286654  0.000000
  -16.043  -15.218   -8.390   -4.321   -0.277    5.768    9.280    9.514   10.268   10.674
   11.026   11.257   12.384   12.959   13.523   13.741
            0.497000  0.286943  0.000000
  -16.041  -15.220   -8.390   -4.320   -0.277    5.768    9.294    9.500   10.276   10.667
   11.042   11.240   12.389   12.955   13.538   13.726
            0.497500  0.287232  0.000000
  -16.039  -15.221   -8.390   -4.320   -0.278    5.768    9.307    9.486   10.282   10.661
   11.059   11.224   12.393   12.951   13.553   13.711
            0.498000  0.287520  0.000000
  -16.038  -15.223   -8.390   -4.320   -0.278    5.768    9.320    9.473   10.287   10.655
   11.075   11.207   12.396   12.948   13.568   13.695
            0.498500  0.287809  0.000000
  -16.037  -15.224   -8.390   -4.319   -0.279    5.768    9.331    9.462   10.291   10.651
   11.091   11.191   12.398   12.945   13.583   13.680
            0.499000  0.288098  0.000000
  -16.036  -15.225   -8.390   -4.319   -0.279    5.768    9.341    9.452   10.294   10.648
   11.108   11.174   12.400   12.943   13.598   13.666
            0.499500  0.288386  0.000000
  -16.036  -15.225   -8.390   -4.319   -0.279    5.768    9.348    9.445   10.296   10.646
   11.124   11.158   12.401   12.942   13.611   13.653
            0.500000  0.288675  0.000000
  -16.035  -15.225   -8.390   -4.319   -0.279    5.768    9.351    9.442   10.297   10.646
   11.137   11.145   12.401   12.942   13.618   13.646
            0.499833  0.288964  0.000000
  -16.035  -15.225   -8.390   -4.319   -0.279    5.768    9.351    9.442   10.297   10.646
   11.137   11.145   12.401   12.942   13.618   13.646
            0.499667  0.289252  0.000000
  -16.035  -15.225   -8.390   -4.319   -0.279    5.768    9.351    9.442   10.297   10.646
   11.137   11.145   12.401   12.942   13.618   13.646
            0.499500  0.289541  0.000000
  -16.035  -15.225   -8.390   -4.319   -0.279    5.768    9.351    9.442   10.297   10.646
   11.137   11.145   12.401   12.942   13.618   13.646
            0.499333  0.289830  0.000000
  -16.035  -15.225   -8.390   -4.319   -0.279    5.768    9.351    9.443   10.297   10.646
   11.137   11.145   12.401   12.942   13.618   13.646
            0.499167  0.290119  0.000000
  -16.035  -15.225   -8.390   -4.319   -0.279    5.768    9.351    9.443   10.297   10.646
   11.137   11.145   12.401   12.942   13.618   13.646
            0.499000  0.290407  0.000000
  -16.035  -15.225   -8.391   -4.319   -0.279    5.768    9.351    9.443   10.297   10.646
   11.137   11.145   12.401   12.942   13.618   13.646
            0.498833  0.290696  0.000000
  -16.035  -15.225   -8.391   -4.319   -0.279    5.768    9.351    9.443   10.297   10.646
   11.137   11.145   12.401   12.942   13.618   13.646
            0.498667  0.290985  0.000000
  -16.035  -15.225   -8.391   -4.319   -0.279    5.768    9.351    9.443   10.297   10.646
   11.137   11.145   12.401   12.942   13.618   13.646
            0.498500  0.291273  0.000000
  -16.035  -15.225   -8.391   -4.319   -0.279    5.769    9.351    9.443   10.297   10.646
   11.137   11.145   12.401   12.942   13.618   13.646
            0.498333  0.291562  0.000000
  -16.035  -15.225   -8.391   -4.319   -0.279    5.769    9.351    9.443   10.297   10.646
   11.137   11.146   12.401   12.942   13.618   13.646
            0.498167  0.291851  0.000000
  -16.035  -15.225   -8.391   -4.319   -0.279    5.769    9.351    9.443   10.297   10.646
   11.137   11.146   12.401   12.942   13.618   13.646
            0.498000  0.292139  0.000000
  -16.035  -15.225   -8.391   -4.319   -0.279    5.769    9.351    9.443   10.297   10.646
   11.137   11.146   12.401   12.942   13.618   13.646
            0.497833  0.292428  0.000000
  -16.035  -15.225   -8.392   -4.318   -0.279    5.770    9.351    9.443   10.297   10.646
   11.137   11.146   12.401   12.942   13.618   13.646
            0.497667  0.292717  0.000000
  -16.035  -15.225   -8.392   -4.318   -0.279    5.770    9.351    9.443   10.297   10.646
   11.137   11.146   12.401   12.943   13.618   13.646
            0.497500  0.293005  0.000000
  -16.035  -15.225   -8.392   -4.318   -0.279    5.770    9.351    9.443   10.297   10.646
   11.137   11.146   12.401   12.943   13.618   13.646
            0.497333  0.293294  0.000000
  -16.035  -15.225   -8.392   -4.318   -0.279    5.771    9.351    9.443   10.297   10.646
   11.137   11.146   12.401   12.943   13.618   13.646
            0.497167  0.293583  0.000000
  -16.035  -15.225   -8.393   -4.318   -0.279    5.771    9.351    9.443   10.297   10.646
   11.137   11.146   12.401   12.943   13.618   13.647
            0.497000  0.293871  0.000000
  -16.035  -15.225   -8.393   -4.318   -0.279    5.772    9.351    9.443   10.297   10.647
   11.137   11.146   12.401   12.943   13.618   13.647
            0.496833  0.294160  0.000000
  -16.035  -15.225   -8.393   -4.318   -0.279    5.772    9.351    9.443   10.297   10.647
   11.138   11.146   12.401   12.943   13.618   13.647
            0.496667  0.294449  0.000000
  -16.035  -15.224   -8.394   -4.318   -0.279    5.772    9.351    9.443   10.296   10.647
   11.138   11.146   12.401   12.943   13.619   13.647
            0.496500  0.294737  0.000000
  -16.035  -15.224   -8.394   -4.318   -0.279    5.773    9.352    9.444   10.296   10.647
   11.138   11.146   12.401   12.943   13.619   13.647
            0.496333  0.295026  0.000000
  -16.035  -15.224   -8.394   -4.318   -0.279    5.773    9.352    9.444   10.296   10.647
   11.138   11.147   12.401   12.943   13.619   13.647
            0.496167  0.295315  0.000000
  -16.035  -15.224   -8.395   -4.318   -0.279    5.774    9.352    9.444   10.296   10.647
   11.138   11.147   12.401   12.943   13.619   13.647
            0.496000  0.295603  0.000000
  -16.034  -15.224   -8.395   -4.317   -0.279    5.775    9.352    9.444   10.296   10.647
   11.138   11.147   12.401   12.944   13.619   13.647
            0.495833  0.295892  0.000000
  -16.034  -15.224   -8.396   -4.317   -0.279    5.775    9.352    9.444   10.296   10.647
   11.138   11.147   12.401   12.944   13.619   13.647
            0.495667  0.296181  0.000000
  -16.034  -15.224   -8.396   -4.317   -0.279    5.776    9.352    9.444   10.296   10.648
   11.138   11.147   12.400   12.944   13.619   13.648
            0.495500  0.296469  0.000000
  -16.034  -15.224   -8.397   -4.317   -0.279    5.776    9.352    9.444   10.296   10.648
   11.139   11.147   12.400   12.944   13.619   13.648
            0.495333  0.296758  0.000000
  -16.034  -15.224   -8.397   -4.317   -0.279    5.777    9.352    9.444   10.296   10.648
   11.139   11.147   12.400   12.944   13.619   13.648
            0.495167  0.297047  0.000000
  -16.034  -15.224   -8.398   -4.317   -0.279    5.778    9.352    9.445   10.296   10.648
   11.139   11.148   12.400   12.944   13.619   13.648
            0.495000  0.297335  0.000000
  -16.034  -15.224   -8.398   -4.317   -0.279    5.778    9.353    9.445   10.296   10.648
   11.139   11.148   12.400   12.944   13.620   13.648
            0.494833  0.297624  0.000000
  -16.034  -15.223   -8.399   -4.317   -0.279    5.779    9.353    9.445   10.296   10.648
   11.139   11.148   12.400   12.945   13.620   13.648
            0.494667  0.297913  0.000000
  -16.034  -15.223   -8.399   -4.316   -0.279    5.780    9.353    9.445   10.296   10.648
   11.139   11.148   12.400   12.945   13.620   13.648
            0.494500  0.298201  0.000000
  -16.034  -15.223   -8.400   -4.316   -0.280    5.781    9.353    9.445   10.296   10.649
   11.139   11.148   12.400   12.945   13.620   13.649
            0.494333  0.298490  0.000000
  -16.034  -15.223   -8.400   -4.316   -0.280    5.781    9.353    9.445   10.296   10.649
   11.140   11.148   12.400   12.945   13.620   13.649
            0.494167  0.298779  0.000000
  -16.033  -15.223   -8.401   -4.316   -0.280    5.782    9.353    9.445   10.296   10.649
   11.140   11.149   12.400   12.945   13.620   13.649
            0.494000  0.299067  0.000000
  -16.033  -15.223   -8.402   -4.316   -0.280    5.783    9.353    9.446   10.296   10.649
   11.140   11.149   12.400   12.946   13.620   13.649
            0.493833  0.299356  0.000000
  -16.033  -15.223   -8.402   -4.316   -0.280    5.784    9.354    9.446   10.296   10.649
   11.140   11.149   12.400   12.946   13.621   13.649
            0.493667  0.299645  0.000000
  -16.033  -15.223   -8.403   -4.315   -0.280    5.785    9.354    9.446   10.296   10.650
   11.140   11.149   12.400   12.946   13.621   13.649
            0.493500  0.299933  0.000000
  -16.033  -15.222   -8.404   -4.315   -0.280    5.786    9.354    9.446   10.295   10.650
   11.141   11.149   12.400   12.946   13.621   13.650
            0.493333  0.300222  0.000000
  -16.033  -15.222   -8.404   -4.315   -0.280    5.787    9.354    9.446   10.295   10.650
   11.141   11.150   12.399   12.946   13.621   13.650
            0.493167  0.300511  0.000000
  -16.033  -15.222   -8.405   -4.315   -0.280    5.788    9.354    9.447   10.295   10.650
   11.141   11.150   12.399   12.947   13.621   13.650
            0.493000  0.300799  0.000000
  -16.033  -15.222   -8.406   -4.315   -0.280    5.789    9.355    9.447   10.295   10.650
   11.141   11.150   12.399   12.947   13.621   13.650
            0.492833  0.301088  0.000000
  -16.032  -15.222   -8.407   -4.314   -0.280    5.790    9.355    9.447   10.295   10.651
   11.142   11.150   12.399   12.947   13.622   13.650
            0.492667  0.301377  0.000000
  -16.032  -15.222   -8.407   -4.314   -0.280    5.791    9.355    9.447   10.295   10.651
   11.142   11.151   12.399   12.947   13.622   13.651
            0.492500  0.301666  0.000000
  -16.032  -15.222   -8.408   -4.314   -0.280    5.792    9.355    9.447   10.295   10.651
   11.142   11.151   12.399   12.948   13.622   13.651
            0.492333  0.301954  0.000000
  -16.032  -15.221   -8.409   -4.314   -0.280    5.793    9.355    9.448   10.295   10.651
   11.142   11.151   12.399   12.948   13.622   13.651
            0.492167  0.302243  0.000000
  -16.032  -15.221   -8.410   -4.314   -0.280    5.794    9.356    9.448   10.295   10.652
   11.142   11.151   12.399   12.948   13.622   13.651
            0.492000  0.302532  0.000000
  -16.032  -15.221   -8.411   -4.313   -0.280    5.795    9.356    9.448   10.295   10.652
   11.143   11.152   12.399   12.948   13.622   13.651
            0.491833  0.302820  0.000000
  -16.031  -15.221   -8.411   -4.313   -0.280    5.796    9.356    9.448   10.295   10.652
   11.143   11.152   12.399   12.949   13.623   13.652
            0.491667  0.303109  0.000000
  -16.031  -15.221   -8.412   -4.313   -0.280    5.797    9.356    9.449   10.295   10.653
   11.143   11.152   12.398   12.949   13.623   13.652
            0.491500  0.303398  0.000000
  -16.031  -15.221   -8.413   -4.313   -0.280    5.799    9.356    9.449   10.294   10.653
   11.144   11.152   12.398   12.949   13.623   13.652
            0.491333  0.303686  0.000000
  -16.031  -15.220   -8.414   -4.312   -0.280    5.800    9.357    9.449   10.294   10.653
   11.144   11.153   12.398   12.949   13.623   13.652
            0.491167  0.303975  0.000000
  -16.031  -15.220   -8.415   -4.312   -0.280    5.801    9.357    9.449   10.294   10.653
   11.144   11.153   12.398   12.950   13.623   13.653
            0.491000  0.304264  0.000000
  -16.031  -15.220   -8.416   -4.312   -0.280    5.802    9.357    9.450   10.294   10.654
   11.144   11.153   12.398   12.950   13.624   13.653
            0.490833  0.304552  0.000000
  -16.030  -15.220   -8.417   -4.312   -0.280    5.804    9.357    9.450   10.294   10.654
   11.145   11.153   12.398   12.950   13.624   13.653
            0.490667  0.304841  0.000000
  -16.030  -15.220   -8.418   -4.311   -0.280    5.805    9.358    9.450   10.294   10.654
   11.145   11.154   12.398   12.951   13.624   13.653
            0.490500  0.305130  0.000000
  -16.030  -15.219   -8.419   -4.311   -0.280    5.806    9.358    9.450   10.294   10.655
   11.145   11.154   12.398   12.951   13.624   13.654
            0.490333  0.305418  0.000000
  -16.030  -15.219   -8.420   -4.311   -0.280    5.808    9.358    9.451   10.294   10.655
   11.146   11.154   12.397   12.951   13.625   13.654
            0.490167  0.305707  0.000000
  -16.030  -15.219   -8.421   -4.310   -0.281    5.809    9.358    9.451   10.294   10.655
   11.146   11.155   12.397   12.952   13.625   13.654
            0.490000  0.305996  0.000000
  -16.029  -15.219   -8.422   -4.310   -0.281    5.810    9.359    9.451   10.294   10.656
   11.146   11.155   12.397   12.952   13.625   13.655
            0.489833  0.306284  0.000000
  -16.029  -15.219   -8.423   -4.310   -0.281    5.812    9.359    9.452   10.293   10.656
   11.147   11.155   12.397   12.952   13.625   13.655
            0.489667  0.306573  0.000000
  -16.029  -15.218   -8.424   -4.310   -0.281    5.813    9.359    9.452   10.293   10.656
   11.147   11.156   12.397   12.953   13.626   13.655
            0.489500  0.306862  0.000000
  -16.029  -15.218   -8.425   -4.309   -0.281    5.815    9.360    9.452   10.293   10.657
   11.147   11.156   12.397   12.953   13.626   13.656
            0.489333  0.307150  0.000000
  -16.029  -15.218   -8.426   -4.309   -0.281    5.816    9.360    9.452   10.293   10.657
   11.148   11.156   12.397   12.953   13.626   13.656
            0.489167  0.307439  0.000000
  -16.028  -15.218   -8.427   -4.309   -0.281    5.818    9.360    9.453   10.293   10.657
   11.148   11.157   12.396   12.954   13.626   13.656
            0.489000  0.307728  0.000000
  -16.028  -15.217   -8.429   -4.308   -0.281    5.819    9.360    9.453   10.293   10.658
   11.148   11.157   12.396   12.954   13.627   13.656
            0.488833  0.308016  0.000000
  -16.028  -15.217   -8.430   -4.308   -0.281    5.821    9.361    9.453   10.293   10.658
   11.149   11.157   12.396   12.954   13.627   13.657
            0.488667  0.308305  0.000000
  -16.028  -15.217   -8.431   -4.308   -0.281    5.822    9.361    9.454   10.293   10.658
   11.149   11.158   12.396   12.955   13.627   13.657
            0.488500  0.308594  0.000000
  -16.028  -15.217   -8.432   -4.307   -0.281    5.824    9.361    9.454   10.292   10.659
   11.149   11.158   12.396   12.955   13.627   13.657
            0.488333  0.308882  0.000000
  -16.027  -15.217   -8.433   -4.307   -0.281    5.826    9.362    9.454   10.292   10.659
   11.150   11.159   12.396   12.955   13.628   13.658
            0.488167  0.309171  0.000000
  -16.027  -15.216   -8.435   -4.307   -0.281    5.827    9.362    9.455   10.292   10.659
   11.150   11.159   12.396   12.956   13.628   13.658
            0.488000  0.309460  0.000000
  -16.027  -15.216   -8.436   -4.306   -0.281    5.829    9.362    9.455   10.292   10.660
   11.150   11.159   12.395   12.956   13.628   13.658
            0.487833  0.309748  0.000000
  -16.027  -15.216   -8.437   -4.306   -0.281    5.831    9.363    9.455   10.292   10.660
   11.151   11.160   12.395   12.957   13.629   13.659
            0.487667  0.310037  0.000000
  -16.026  -15.216   -8.438   -4.306   -0.281    5.832    9.363    9.456   10.292   10.661
   11.151   11.160   12.395   12.957   13.629   13.659
            0.487500  0.310326  0.000000
  -16.026  -15.215   -8.440   -4.305   -0.281    5.834    9.363    9.456   10.292   10.661
   11.152   11.161   12.395   12.957   13.629   13.660
            0.487333  0.310614  0.000000
  -16.026  -15.215   -8.441   -4.305   -0.282    5.836    9.364    9.457   10.291   10.662
   11.152   11.161   12.395   12.958   13.630   13.660
            0.487167  0.310903  0.000000
  -16.026  -15.215   -8.442   -4.304   -0.282    5.838    9.364    9.457   10.291   10.662
   11.152   11.161   12.395   12.958   13.630   13.660
            0.487000  0.311192  0.000000
  -16.025  -15.214   -8.444   -4.304   -0.282    5.840    9.364    9.457   10.291   10.662
   11.153   11.162   12.394   12.959   13.630   13.661
            0.486833  0.311480  0.000000
  -16.025  -15.214   -8.445   -4.304   -0.282    5.841    9.365    9.458   10.291   10.663
   11.153   11.162   12.394   12.959   13.630   13.661
            0.486667  0.311769  0.000000
  -16.025  -15.214   -8.447   -4.303   -0.282    5.843    9.365    9.458   10.291   10.663
   11.154   11.163   12.394   12.960   13.631   13.661
            0.486500  0.312058  0.000000
  -16.025  -15.214   -8.448   -4.303   -0.282    5.845    9.366    9.458   10.291   10.664
   11.154   11.163   12.394   12.960   13.631   13.662
            0.486333  0.312346  0.000000
  -16.024  -15.213   -8.449   -4.302   -0.282    5.847    9.366    9.459   10.290   10.664
   11.155   11.164   12.394   12.960   13.631   13.662
            0.486167  0.312635  0.000000
  -16.024  -15.213   -8.451   -4.302   -0.282    5.849    9.366    9.459   10.290   10.665
   11.155   11.164   12.393   12.961   13.632   13.663
            0.486000  0.312924  0.000000
  -16.024  -15.213   -8.452   -4.302   -0.282    5.851    9.367    9.460   10.290   10.665
   11.155   11.164   12.393   12.961   13.632   13.663
            0.485833  0.313213  0.000000
  -16.023  -15.212   -8.454   -4.301   -0.282    5.853    9.367    9.460   10.290   10.665
   11.156   11.165   12.393   12.962   13.632   13.663
            0.485667  0.313501  0.000000
  -16.023  -15.212   -8.455   -4.301   -0.282    5.855    9.367    9.461   10.290   10.666
   11.156   11.165   12.393   12.962   13.633   13.664
            0.485500  0.313790  0.000000
  -16.023  -15.212   -8.457   -4.300   -0.282    5.857    9.368    9.461   10.290   10.666
   11.157   11.166   12.393   12.963   13.633   13.664
            0.485333  0.314079  0.000000
  -16.023  -15.212   -8.458   -4.300   -0.282    5.859    9.368    9.461   10.289   10.667
   11.157   11.166   12.392   12.963   13.634   13.665
            0.485167  0.314367  0.000000
  -16.022  -15.211   -8.460   -4.300   -0.282    5.861    9.369    9.462   10.289   10.667
   11.158   11.167   12.392   12.964   13.634   13.665
            0.485000  0.314656  0.000000
  -16.022  -15.211   -8.461   -4.299   -0.283    5.863    9.369    9.462   10.289   10.668
   11.158   11.167   12.392   12.964   13.634   13.666
            0.484833  0.314945  0.000000
  -16.022  -15.211   -8.463   -4.299   -0.283    5.865    9.369    9.463   10.289   10.668
   11.159   11.168   12.392   12.965   13.635   13.666
            0.484667  0.315233  0.000000
  -16.021  -15.210   -8.465   -4.298   -0.283    5.868    9.370    9.463   10.289   10.669
   11.159   11.168   12.392   12.965   13.635   13.666
            0.484500  0.315522  0.000000
  -16.021  -15.210   -8.466   -4.298   -0.283    5.870    9.370    9.464   10.288   10.669
   11.160   11.169   12.391   12.966   13.635   13.667
            0.484333  0.315811  0.000000
  -16.021  -15.210   -8.468   -4.297   -0.283    5.872    9.371    9.464   10.288   10.670
   11.160   11.169   12.391   12.966   13.636   13.667
            0.484167  0.316099  0.000000
  -16.020  -15.209   -8.469   -4.297   -0.283    5.874    9.371    9.464   10.288   10.670
   11.161   11.170   12.391   12.967   13.636   13.668
            0.484000  0.316388  0.000000
  -16.020  -15.209   -8.471   -4.296   -0.283    5.876    9.372    9.465   10.288   10.671
   11.161   11.170   12.391   12.967   13.637   13.668
            0.483833  0.316677  0.000000
  -16.020  -15.209   -8.473   -4.296   -0.283    5.879    9.372    9.465   10.288   10.671
   11.162   11.171   12.391   12.968   13.637   13.669
            0.483667  0.316965  0.000000
  -16.019  -15.208   -8.475   -4.295   -0.283    5.881    9.372    9.466   10.287   10.672
   11.162   11.171   12.390   12.968   13.637   13.669
            0.483500  0.317254  0.000000
  -16.019  -15.208   -8.476   -4.295   -0.283    5.883    9.373    9.466   10.287   10.673
   11.163   11.172   12.390   12.969   13.638   13.670
            0.483333  0.317543  0.000000
  -16.019  -15.208   -8.478   -4.294   -0.283    5.886    9.373    9.467   10.287   10.673
   11.163   11.172   12.390   12.969   13.638   13.670
            0.483167  0.317831  0.000000
  -16.018  -15.207   -8.480   -4.294   -0.284    5.888    9.374    9.467   10.287   10.674
   11.164   11.173   12.390   12.970   13.639   13.671
            0.483000  0.318120  0.000000
  -16.018  -15.207   -8.481   -4.294   -0.284    5.890    9.374    9.468   10.287   10.674
   11.164   11.174   12.389   12.971   13.639   13.671
            0.482833  0.318409  0.000000
  -16.018  -15.206   -8.483   -4.293   -0.284    5.893    9.375    9.468   10.286   10.675
   11.165   11.174   12.389   12.971   13.639   13.672
            0.482667  0.318697  0.000000
  -16.017  -15.206   -8.485   -4.293   -0.284    5.895    9.375    9.469   10.286   10.675
   11.166   11.175   12.389   12.972   13.640   13.672
            0.482500  0.318986  0.000000
  -16.017  -15.206   -8.487   -4.292   -0.284    5.898    9.376    9.469   10.286   10.676
   11.166   11.175   12.389   12.972   13.640   13.673
            0.482333  0.319275  0.000000
  -16.017  -15.205   -8.489   -4.291   -0.284    5.900    9.376    9.470   10.286   10.676
   11.167   11.176   12.389   12.973   13.641   13.673
            0.482167  0.319563  0.000000
  -16.016  -15.205   -8.491   -4.291   -0.284    5.903    9.377    9.470   10.285   10.677
   11.167   11.176   12.388   12.973   13.641   13.674
            0.482000  0.319852  0.000000
  -16.016  -15.205   -8.492   -4.290   -0.284    5.905    9.377    9.471   10.285   10.678
   11.168   11.177   12.388   12.974   13.641   13.674
            0.481833  0.320141  0.000000
  -16.016  -15.204   -8.494   -4.290   -0.284    5.908    9.378    9.471   10.285   10.678
   11.168   11.178   12.388   12.975   13.642   13.675
            0.481667  0.320429  0.000000
  -16.015  -15.204   -8.496   -4.289   -0.284    5.910    9.378    9.472   10.285   10.679
   11.169   11.178   12.388   12.975   13.642   13.675
            0.481500  0.320718  0.000000
  -16.015  -15.203   -8.498   -4.289   -0.284    5.913    9.379    9.473   10.285   10.679
   11.170   11.179   12.387   12.976   13.643   13.676
            0.481333  0.321007  0.000000
  -16.015  -15.203   -8.500   -4.288   -0.285    5.915    9.379    9.473   10.284   10.680
   11.170   11.179   12.387   12.976   13.643   13.676
            0.481167  0.321295  0.000000
  -16.014  -15.203   -8.502   -4.288   -0.285    5.918    9.380    9.474   10.284   10.681
   11.171   11.180   12.387   12.977   13.644   13.677
            0.481000  0.321584  0.000000
  -16.014  -15.202   -8.504   -4.287   -0.285    5.921    9.380    9.474   10.284   10.681
   11.171   11.181   12.387   12.978   13.644   13.677
            0.480833  0.321873  0.000000
  -16.013  -15.202   -8.506   -4.287   -0.285    5.923    9.381    9.475   10.284   10.682
   11.172   11.181   12.386   12.978   13.645   13.678
            0.480667  0.322161  0.000000
  -16.013  -15.201   -8.508   -4.286   -0.285    5.926    9.381    9.475   10.283   10.683
   11.173   11.182   12.386   12.979   13.645   13.678
            0.480500  0.322450  0.000000
  -16.013  -15.201   -8.510   -4.286   -0.285    5.929    9.382    9.476   10.283   10.683
   11.173   11.183   12.386   12.980   13.646   13.679
            0.480333  0.322739  0.000000
  -16.012  -15.201   -8.512   -4.285   -0.285    5.931    9.382    9.476   10.283   10.684
   11.174   11.183   12.385   12.980   13.646   13.680
            0.480167  0.323027  0.000000
  -16.012  -15.200   -8.514   -4.284   -0.285    5.934    9.383    9.477   10.282   10.685
   11.175   11.184   12.385   12.981   13.647   13.680
            0.480000  0.323316  0.000000
  -16.011  -15.200   -8.516   -4.284   -0.285    5.937    9.383    9.478   10.282   10.685
   11.175   11.184   12.385   12.981   13.647   13.681
            0.479833  0.323605  0.000000
  -16.011  -15.199   -8.518   -4.283   -0.286    5.940    9.384    9.478   10.282   10.686
   11.176   11.185   12.385   12.982   13.647   13.681
            0.479667  0.323894  0.000000
  -16.011  -15.199   -8.520   -4.283   -0.286    5.943    9.384    9.479   10.282   10.687
   11.177   11.186   12.384   12.983   13.648   13.682
            0.479500  0.324182  0.000000
  -16.010  -15.199   -8.522   -4.282   -0.286    5.945    9.385    9.479   10.281   10.687
   11.177   11.186   12.384   12.983   13.648   13.683
            0.479333  0.324471  0.000000
  -16.010  -15.198   -8.524   -4.281   -0.286    5.948    9.386    9.480   10.281   10.688
   11.178   11.187   12.384   12.984   13.649   13.683
            0.479167  0.324760  0.000000
  -16.009  -15.198   -8.527   -4.281   -0.286    5.951    9.386    9.481   10.281   10.689
   11.178   11.188   12.384   12.985   13.649   13.684
            0.479000  0.325048  0.000000
  -16.009  -15.197   -8.529   -4.280   -0.286    5.954    9.387    9.481   10.281   10.689
   11.179   11.188   12.383   12.986   13.650   13.684
            0.478833  0.325337  0.000000
  -16.009  -15.197   -8.531   -4.280   -0.286    5.957    9.387    9.482   10.280   10.690
   11.180   11.189   12.383   12.986   13.651   13.685
            0.478667  0.325626  0.000000
  -16.008  -15.196   -8.533   -4.279   -0.286    5.960    9.388    9.482   10.280   10.691
   11.181   11.190   12.383   12.987   13.651   13.686
            0.478500  0.325914  0.000000
  -16.008  -15.196   -8.535   -4.278   -0.286    5.963    9.388    9.483   10.280   10.691
   11.181   11.191   12.382   12.988   13.652   13.686
            0.478333  0.326203  0.000000
  -16.007  -15.195   -8.538   -4.278   -0.287    5.966    9.389    9.484   10.279   10.692
   11.182   11.191   12.382   12.988   13.652   13.687
            0.478167  0.326492  0.000000
  -16.007  -15.195   -8.540   -4.277   -0.287    5.969    9.390    9.484   10.279   10.693
   11.183   11.192   12.382   12.989   13.653   13.687
            0.478000  0.326780  0.000000
  -16.006  -15.195   -8.542   -4.276   -0.287    5.972    9.390    9.485   10.279   10.693
   11.183   11.193   12.382   12.990   13.653   13.688
            0.477833  0.327069  0.000000
  -16.006  -15.194   -8.544   -4.276   -0.287    5.975    9.391    9.486   10.278   10.694
   11.184   11.193   12.381   12.990   13.654   13.689
            0.477667  0.327358  0.000000
  -16.006  -15.194   -8.547   -4.275   -0.287    5.978    9.391    9.486   10.278   10.695
   11.185   11.194   12.381   12.991   13.654   13.689
            0.477500  0.327646  0.000000
  -16.005  -15.193   -8.549   -4.274   -0.287    5.981    9.392    9.487   10.278   10.696
   11.185   11.195   12.381   12.992   13.655   13.690
            0.477333  0.327935  0.000000
  -16.005  -15.193   -8.551   -4.274   -0.287    5.984    9.393    9.488   10.277   10.696
   11.186   11.196   12.380   12.993   13.655   13.691
            0.477167  0.328224  0.000000
  -16.004  -15.192   -8.554   -4.273   -0.288    5.988    9.393    9.488   10.277   10.697
   11.187   11.196   12.380   12.993   13.656   13.691
            0.477000  0.328512  0.000000
  -16.004  -15.192   -8.556   -4.272   -0.288    5.991    9.394    9.489   10.277   10.698
   11.188   11.197   12.380   12.994   13.656   13.692
            0.476833  0.328801  0.000000
  -16.003  -15.191   -8.558   -4.272   -0.288    5.994    9.395    9.490   10.276   10.699
   11.188   11.198   12.379   12.995   13.657   13.693
            0.476667  0.329090  0.000000
  -16.003  -15.191   -8.561   -4.271   -0.288    5.997    9.395    9.490   10.276   10.699
   11.189   11.199   12.379   12.996   13.657   13.693
            0.476500  0.329378  0.000000
  -16.002  -15.190   -8.563   -4.270   -0.288    6.000    9.396    9.491   10.276   10.700
   11.190   11.199   12.379   12.996   13.658   13.694
            0.476333  0.329667  0.000000
  -16.002  -15.190   -8.565   -4.270   -0.288    6.004    9.396    9.492   10.275   10.701
   11.191   11.200   12.378   12.997   13.659   13.695
            0.476167  0.329956  0.000000
  -16.001  -15.189   -8.568   -4.269   -0.288    6.007    9.397    9.492   10.275   10.702
   11.191   11.201   12.378   12.998   13.659   13.695
            0.476000  0.330244  0.000000
  -16.001  -15.189   -8.570   -4.268   -0.288    6.010    9.398    9.493   10.275   10.703
   11.192   11.202   12.378   12.999   13.660   13.696
            0.475833  0.330533  0.000000
  -16.000  -15.188   -8.573   -4.268   -0.289    6.014    9.398    9.494   10.274   10.703
   11.193   11.202   12.377   13.000   13.660   13.697
            0.475667  0.330822  0.000000
  -16.000  -15.188   -8.575   -4.267   -0.289    6.017    9.399    9.494   10.274   10.704
   11.194   11.203   12.377   13.000   13.661   13.698
            0.475500  0.331110  0.000000
  -15.999  -15.187   -8.578   -4.266   -0.289    6.020    9.400    9.495   10.274   10.705
   11.195   11.204   12.377   13.001   13.662   13.698
            0.475333  0.331399  0.000000
  -15.999  -15.187   -8.580   -4.265   -0.289    6.024    9.400    9.496   10.273   10.706
   11.195   11.205   12.376   13.002   13.662   13.699
            0.475167  0.331688  0.000000
  -15.998  -15.186   -8.583   -4.265   -0.289    6.027    9.401    9.497   10.273   10.707
   11.196   11.206   12.376   13.003   13.663   13.700
            0.475000  0.331976  0.000000
  -15.998  -15.186   -8.585   -4.264   -0.289    6.030    9.402    9.497   10.272   10.707
   11.197   11.206   12.376   13.004   13.663   13.700
            0.474833  0.332265  0.000000
  -15.997  -15.185   -8.588   -4.263   -0.289    6.034    9.402    9.498   10.272   10.708
   11.198   11.207   12.375   13.004   13.664   13.701
            0.474667  0.332554  0.000000
  -15.997  -15.185   -8.590   -4.263   -0.290    6.037    9.403    9.499   10.272   10.709
   11.199   11.208   12.375   13.005   13.665   13.702
            0.474500  0.332842  0.000000
  -15.996  -15.184   -8.593   -4.262   -0.290    6.041    9.404    9.500   10.271   10.710
   11.199   11.209   12.375   13.006   13.665   13.703
            0.474333  0.333131  0.000000
  -15.996  -15.183   -8.596   -4.261   -0.290    6.044    9.405    9.500   10.271   10.711
   11.200   11.210   12.374   13.007   13.666   13.703
            0.474167  0.333420  0.000000
  -15.995  -15.183   -8.598   -4.260   -0.290    6.048    9.405    9.501   10.270   10.712
   11.201   11.211   12.374   13.008   13.666   13.704
            0.474000  0.333708  0.000000
  -15.995  -15.182   -8.601   -4.260   -0.290    6.052    9.406    9.502   10.270   10.712
   11.202   11.211   12.374   13.009   13.667   13.705
            0.473833  0.333997  0.000000
  -15.994  -15.182   -8.604   -4.259   -0.290    6.055    9.407    9.503   10.270   10.713
   11.203   11.212   12.373   13.010   13.668   13.706
            0.473667  0.334286  0.000000
  -15.994  -15.181   -8.606   -4.258   -0.291    6.059    9.407    9.503   10.269   10.714
   11.204   11.213   12.373   13.010   13.668   13.706
            0.473500  0.334574  0.000000
  -15.993  -15.181   -8.609   -4.257   -0.291    6.062    9.408    9.504   10.269   10.715
   11.204   11.214   12.373   13.011   13.669   13.707
            0.473333  0.334863  0.000000
  -15.993  -15.180   -8.612   -4.256   -0.291    6.066    9.409    9.505   10.268   10.716
   11.205   11.215   12.372   13.012   13.670   13.708
            0.473167  0.335152  0.000000
  -15.992  -15.180   -8.614   -4.256   -0.291    6.070    9.410    9.506   10.268   10.717
   11.206   11.216   12.372   13.013   13.670   13.709
            0.473000  0.335441  0.000000
  -15.992  -15.179   -8.617   -4.255   -0.291    6.073    9.410    9.506   10.267   10.718
   11.207   11.217   12.372   13.014   13.671   13.709
            0.472833  0.335729  0.000000
  -15.991  -15.178   -8.620   -4.254   -0.291    6.077    9.411    9.507   10.267   10.719
   11.208   11.218   12.371   13.015   13.671   13.710
            0.472667  0.336018  0.000000
  -15.991  -15.178   -8.623   -4.253   -0.291    6.081    9.412    9.508   10.267   10.719
   11.209   11.218   12.371   13.016   13.672   13.711
            0.472500  0.336307  0.000000
  -15.990  -15.177   -8.625   -4.252   -0.292    6.085    9.413    9.509   10.266   10.720
   11.210   11.219   12.370   13.017   13.673   13.712
            0.472333  0.336595  0.000000
  -15.990  -15.177   -8.628   -4.252   -0.292    6.088    9.413    9.510   10.266   10.721
   11.211   11.220   12.370   13.018   13.673   13.713
            0.472167  0.336884  0.000000
  -15.989  -15.176   -8.631   -4.251   -0.292    6.092    9.414    9.510   10.265   10.722
   11.211   11.221   12.370   13.018   13.674   13.713
            0.472000  0.337173  0.000000
  -15.988  -15.176   -8.634   -4.250   -0.292    6.096    9.415    9.511   10.265   10.723
   11.212   11.222   12.369   13.019   13.675   13.714
            0.471833  0.337461  0.000000
  -15.988  -15.175   -8.637   -4.249   -0.292    6.100    9.416    9.512   10.264   10.724
   11.213   11.223   12.369   13.020   13.675   13.715
            0.471667  0.337750  0.000000
  -15.987  -15.174   -8.639   -4.248   -0.293    6.104    9.416    9.513   10.264   10.725
   11.214   11.224   12.369   13.021   13.676   13.716
            0.471500  0.338039  0.000000
  -15.987  -15.174   -8.642   -4.248   -0.293    6.107    9.417    9.514   10.263   10.726
   11.215   11.225   12.368   13.022   13.677   13.717
            0.471333  0.338327  0.000000
  -15.986  -15.173   -8.645   -4.247   -0.293    6.111    9.418    9.515   10.263   10.727
   11.216   11.226   12.368   13.023   13.677   13.717
            0.471167  0.338616  0.000000
  -15.986  -15.173   -8.648   -4.246   -0.293    6.115    9.419    9.515   10.262   10.728
   11.217   11.227   12.367   13.024   13.678   13.718
            0.471000  0.338905  0.000000
  -15.985  -15.172   -8.651   -4.245   -0.293    6.119    9.419    9.516   10.262   10.729
   11.218   11.228   12.367   13.025   13.679   13.719
            0.470833  0.339193  0.000000
  -15.984  -15.171   -8.654   -4.244   -0.293    6.123    9.420    9.517   10.261   10.730
   11.219   11.229   12.367   13.026   13.680   13.720
            0.470667  0.339482  0.000000
  -15.984  -15.171   -8.657   -4.243   -0.294    6.127    9.421    9.518   10.261   10.731
   11.220   11.230   12.366   13.027   13.680   13.721
            0.470500  0.339771  0.000000
  -15.983  -15.170   -8.660   -4.242   -0.294    6.131    9.422    9.519   10.260   10.732
   11.221   11.230   12.366   13.028   13.681   13.722
            0.470333  0.340059  0.000000
  -15.983  -15.170   -8.663   -4.242   -0.294    6.135    9.423    9.520   10.260   10.733
   11.222   11.231   12.366   13.029   13.682   13.723
            0.470167  0.340348  0.000000
  -15.982  -15.169   -8.666   -4.241   -0.294    6.139    9.423    9.521   10.259   10.734
   11.223   11.232   12.365   13.030   13.682   13.723
            0.470000  0.340637  0.000000
  -15.982  -15.168   -8.669   -4.240   -0.294    6.143    9.424    9.521   10.259   10.735
   11.223   11.233   12.365   13.031   13.683   13.724
            0.469833  0.340925  0.000000
  -15.981  -15.168   -8.672   -4.239   -0.294    6.147    9.425    9.522   10.258   10.736
   11.224   11.234   12.364   13.032   13.684   13.725
            0.469667  0.341214  0.000000
  -15.980  -15.167   -8.675   -4.238   -0.295    6.151    9.426    9.523   10.258   10.737
   11.225   11.235   12.364   13.033   13.684   13.726
            0.469500  0.341503  0.000000
  -15.980  -15.166   -8.678   -4.237   -0.295    6.156    9.427    9.524   10.257   10.738
   11.226   11.236   12.364   13.034   13.685   13.727
            0.469333  0.341791  0.000000
  -15.979  -15.166   -8.681   -4.236   -0.295    6.160    9.428    9.525   10.257   10.739
   11.227   11.237   12.363   13.035   13.686   13.728
            0.469167  0.342080  0.000000
  -15.978  -15.165   -8.684   -4.235   -0.295    6.164    9.428    9.526   10.256   10.740
   11.228   11.238   12.363   13.036   13.687   13.729
            0.469000  0.342369  0.000000
  -15.978  -15.164   -8.687   -4.235   -0.295    6.168    9.429    9.527   10.256   10.741
   11.229   11.239   12.362   13.037   13.687   13.730
            0.468833  0.342657  0.000000
  -15.977  -15.164   -8.690   -4.234   -0.296    6.172    9.430    9.528   10.255   10.742
   11.230   11.240   12.362   13.038   13.688   13.730
            0.468667  0.342946  0.000000
  -15.977  -15.163   -8.693   -4.233   -0.296    6.177    9.431    9.529   10.254   10.743
   11.231   11.241   12.362   13.039   13.689   13.731
            0.468500  0.343235  0.000000
  -15.976  -15.162   -8.696   -4.232   -0.296    6.181    9.432    9.529   10.254   10.744
   11.232   11.242   12.361   13.040   13.690   13.732
            0.468333  0.343523  0.000000
  -15.975  -15.162   -8.699   -4.231   -0.296    6.185    9.433    9.530   10.253   10.745
   11.233   11.243   12.361   13.041   13.690   13.733
            0.468167  0.343812  0.000000
  -15.975  -15.161   -8.703   -4.230   -0.296    6.189    9.433    9.531   10.253   10.746
   11.234   11.244   12.360   13.042   13.691   13.734
            0.468000  0.344101  0.000000
  -15.974  -15.160   -8.706   -4.229   -0.297    6.194    9.434    9.532   10.252   10.747
   11.235   11.246   12.360   13.043   13.692   13.735
            0.467833  0.344389  0.000000
  -15.973  -15.160   -8.709   -4.228   -0.297    6.198    9.435    9.533   10.252   10.748
   11.236   11.247   12.359   13.044   13.693   13.736
            0.467667  0.344678  0.000000
  -15.973  -15.159   -8.712   -4.227   -0.297    6.202    9.436    9.534   10.251   10.749
   11.238   11.248   12.359   13.045   13.693   13.737
            0.467500  0.344967  0.000000
  -15.972  -15.158   -8.715   -4.226   -0.297    6.207    9.437    9.535   10.250   10.750
   11.239   11.249   12.359   13.046   13.694   13.738
            0.467333  0.345255  0.000000
  -15.972  -15.158   -8.719   -4.225   -0.297    6.211    9.438    9.536   10.250   10.751
   11.240   11.250   12.358   13.047   13.695   13.739
            0.467167  0.345544  0.000000
  -15.971  -15.157   -8.722   -4.224   -0.298    6.215    9.439    9.537   10.249   10.752
   11.241   11.251   12.358   13.048   13.696   13.740
            0.467000  0.345833  0.000000
  -15.970  -15.156   -8.725   -4.223   -0.298    6.220    9.440    9.538   10.249   10.753
   11.242   11.252   12.357   13.049   13.697   13.741
            0.466833  0.346121  0.000000
  -15.970  -15.156   -8.728   -4.222   -0.298    6.224    9.441    9.539   10.248   10.754
   11.243   11.253   12.357   13.051   13.697   13.742
            0.466667  0.346410  0.000000
  -15.969  -15.155   -8.732   -4.221   -0.298    6.229    9.441    9.540   10.247   10.755
   11.244   11.254   12.357   13.052   13.698   13.743
            0.466500  0.346699  0.000000
  -15.968  -15.154   -8.735   -4.220   -0.299    6.233    9.442    9.541   10.247   10.757
   11.245   11.255   12.356   13.053   13.699   13.743
            0.466333  0.346988  0.000000
  -15.968  -15.154   -8.738   -4.219   -0.299    6.238    9.443    9.542   10.246   10.758
   11.246   11.256   12.356   13.054   13.700   13.744
            0.466167  0.347276  0.000000
  -15.967  -15.153   -8.742   -4.218   -0.299    6.242    9.444    9.543   10.245   10.759
   11.247   11.257   12.355   13.055   13.700   13.745
            0.466000  0.347565  0.000000
  -15.966  -15.152   -8.745   -4.217   -0.299    6.247    9.445    9.544   10.245   10.760
   11.248   11.258   12.355   13.056   13.701   13.746
            0.465833  0.347854  0.000000
  -15.965  -15.151   -8.748   -4.216   -0.299    6.251    9.446    9.545   10.244   10.761
   11.249   11.260   12.354   13.057   13.702   13.747
            0.465667  0.348142  0.000000
  -15.965  -15.151   -8.752   -4.215   -0.300    6.256    9.447    9.546   10.243   10.762
   11.250   11.261   12.354   13.058   13.703   13.748
            0.465500  0.348431  0.000000
  -15.964  -15.150   -8.755   -4.214   -0.300    6.261    9.448    9.547   10.243   10.763
   11.252   11.262   12.354   13.059   13.704   13.749
            0.465333  0.348720  0.000000
  -15.963  -15.149   -8.758   -4.213   -0.300    6.265    9.449    9.548   10.242   10.764
   11.253   11.263   12.353   13.061   13.705   13.750
            0.465167  0.349008  0.000000
  -15.963  -15.149   -8.762   -4.212   -0.300    6.270    9.450    9.549   10.241   10.766
   11.254   11.264   12.353   13.062   13.705   13.751
            0.465000  0.349297  0.000000
  -15.962  -15.148   -8.765   -4.211   -0.301    6.275    9.451    9.550   10.241   10.767
   11.255   11.265   12.352   13.063   13.706   13.752
            0.464833  0.349586  0.000000
  -15.961  -15.147   -8.769   -4.210   -0.301    6.279    9.452    9.551   10.240   10.768
   11.256   11.266   12.352   13.064   13.707   13.753
            0.464667  0.349874  0.000000
  -15.961  -15.146   -8.772   -4.209   -0.301    6.284    9.453    9.552   10.239   10.769
   11.257   11.268   12.351   13.065   13.708   13.754
            0.464500  0.350163  0.000000
  -15.960  -15.146   -8.776   -4.208   -0.301    6.289    9.454    9.553   10.239   10.770
   11.258   11.269   12.351   13.066   13.709   13.755
            0.464333  0.350452  0.000000
  -15.959  -15.145   -8.779   -4.207   -0.302    6.293    9.455    9.554   10.238   10.771
   11.259   11.270   12.350   13.068   13.709   13.756
            0.464167  0.350740  0.000000
  -15.959  -15.144   -8.783   -4.206   -0.302    6.298    9.456    9.555   10.237   10.773
   11.261   11.271   12.350   13.069   13.710   13.757
            0.464000  0.351029  0.000000
  -15.958  -15.143   -8.786   -4.205   -0.302    6.303    9.457    9.556   10.236   10.774
   11.262   11.272   12.350   13.070   13.711   13.759
            0.463833  0.351318  0.000000
  -15.957  -15.143   -8.790   -4.204   -0.302    6.308    9.457    9.557   10.236   10.775
   11.263   11.273   12.349   13.071   13.712   13.760
            0.463667  0.351606  0.000000
  -15.956  -15.142   -8.793   -4.203   -0.303    6.313    9.458    9.558   10.235   10.776
   11.264   11.275   12.349   13.072   13.713   13.761
            0.463500  0.351895  0.000000
  -15.956  -15.141   -8.797   -4.202   -0.303    6.317    9.459    9.559   10.234   10.777
   11.265   11.276   12.348   13.073   13.714   13.762
            0.463333  0.352184  0.000000
  -15.955  -15.140   -8.800   -4.201   -0.303    6.322    9.460    9.560   10.233   10.778
   11.266   11.277   12.348   13.075   13.715   13.763
            0.463167  0.352472  0.000000
  -15.954  -15.140   -8.804   -4.200   -0.303    6.327    9.461    9.561   10.233   10.780
   11.268   11.278   12.347   13.076   13.715   13.764
            0.463000  0.352761  0.000000
  -15.953  -15.139   -8.808   -4.199   -0.303    6.332    9.462    9.562   10.232   10.781
   11.269   11.279   12.347   13.077   13.716   13.765
            0.462833  0.353050  0.000000
  -15.953  -15.138   -8.811   -4.198   -0.304    6.337    9.463    9.563   10.231   10.782
   11.270   11.281   12.346   13.078   13.717   13.766
            0.462667  0.353338  0.000000
  -15.952  -15.137   -8.815   -4.197   -0.304    6.342    9.464    9.565   10.230   10.783
   11.271   11.282   12.346   13.080   13.718   13.767
            0.462500  0.353627  0.000000
  -15.951  -15.136   -8.818   -4.195   -0.304    6.347    9.465    9.566   10.230   10.785
   11.272   11.283   12.346   13.081   13.719   13.768
            0.462333  0.353916  0.000000
  -15.950  -15.136   -8.822   -4.194   -0.305    6.352    9.466    9.567   10.229   10.786
   11.274   11.284   12.345   13.082   13.720   13.769
            0.462167  0.354204  0.000000
  -15.950  -15.135   -8.826   -4.193   -0.305    6.357    9.467    9.568   10.228   10.787
   11.275   11.285   12.345   13.083   13.721   13.770
            0.462000  0.354493  0.000000
  -15.949  -15.134   -8.829   -4.192   -0.305    6.362    9.469    9.569   10.227   10.788
   11.276   11.287   12.344   13.085   13.722   13.771
            0.461833  0.354782  0.000000
  -15.948  -15.133   -8.833   -4.191   -0.305    6.367    9.470    9.570   10.226   10.790
   11.277   11.288   12.344   13.086   13.722   13.772
            0.461667  0.355070  0.000000
  -15.947  -15.132   -8.837   -4.190   -0.306    6.372    9.471    9.571   10.225   10.791
   11.278   11.289   12.343   13.087   13.723   13.773
            0.461500  0.355359  0.000000
  -15.947  -15.132   -8.840   -4.189   -0.306    6.377    9.472    9.572   10.225   10.792
   11.280   11.290   12.343   13.088   13.724   13.775
            0.461333  0.355648  0.000000
  -15.946  -15.131   -8.844   -4.188   -0.306    6.382    9.473    9.573   10.224   10.793
   11.281   11.292   12.342   13.090   13.725   13.776
            0.461167  0.355936  0.000000
  -15.945  -15.130   -8.848   -4.187   -0.306    6.387    9.474    9.574   10.223   10.795
   11.282   11.293   12.342   13.091   13.726   13.777
            0.461000  0.356225  0.000000
  -15.944  -15.129   -8.852   -4.185   -0.307    6.392    9.475    9.576   10.222   10.796
   11.283   11.294   12.341   13.092   13.727   13.778
            0.460833  0.356514  0.000000
  -15.944  -15.128   -8.855   -4.184   -0.307    6.397    9.476    9.577   10.221   10.797
   11.285   11.295   12.341   13.093   13.728   13.779
            0.460667  0.356802  0.000000
  -15.943  -15.128   -8.859   -4.183   -0.307    6.403    9.477    9.578   10.220   10.799
   11.286   11.297   12.340   13.095   13.729   13.780
            0.460500  0.357091  0.000000
  -15.942  -15.127   -8.863   -4.182   -0.307    6.408    9.478    9.579   10.219   10.800
   11.287   11.298   12.340   13.096   13.730   13.781
            0.460333  0.357380  0.000000
  -15.941  -15.126   -8.867   -4.181   -0.308    6.413    9.479    9.580   10.219   10.801
   11.288   11.299   12.340   13.097   13.731   13.782
            0.460167  0.357668  0.000000
  -15.940  -15.125   -8.871   -4.180   -0.308    6.418    9.480    9.581   10.218   10.802
   11.290   11.301   12.339   13.099   13.732   13.784
            0.460000  0.357957  0.000000
  -15.940  -15.124   -8.874   -4.178   -0.308    6.423    9.481    9.582   10.217   10.804
   11.291   11.302   12.339   13.100   13.732   13.785
            0.459833  0.358246  0.000000
  -15.939  -15.123   -8.878   -4.177   -0.309    6.429    9.482    9.584   10.216   10.805
   11.292   11.303   12.338   13.101   13.733   13.786
            0.459667  0.358535  0.000000
  -15.938  -15.123   -8.882   -4.176   -0.309    6.434    9.483    9.585   10.215   10.806
   11.294   11.305   12.338   13.103   13.734   13.787
            0.459500  0.358823  0.000000
  -15.937  -15.122   -8.886   -4.175   -0.309    6.439    9.484    9.586   10.214   10.808
   11.295   11.306   12.337   13.104   13.735   13.788
            0.459333  0.359112  0.000000
  -15.936  -15.121   -8.890   -4.174   -0.310    6.445    9.486    9.587   10.213   10.809
   11.296   11.307   12.337   13.105   13.736   13.789
            0.459167  0.359401  0.000000
  -15.936  -15.120   -8.894   -4.173   -0.310    6.450    9.487    9.588   10.212   10.810
   11.298   11.308   12.336   13.107   13.737   13.791
            0.459000  0.359689  0.000000
  -15.935  -15.119   -8.898   -4.171   -0.310    6.455    9.488    9.590   10.211   10.812
   11.299   11.310   12.336   13.108   13.738   13.792
            0.458833  0.359978  0.000000
  -15.934  -15.118   -8.902   -4.170   -0.310    6.461    9.489    9.591   10.210   10.813
   11.300   11.311   12.335   13.109   13.739   13.793
            0.458667  0.360267  0.000000
  -15.933  -15.118   -8.906   -4.169   -0.311    6.466    9.490    9.592   10.209   10.814
   11.301   11.312   12.335   13.111   13.740   13.794
            0.458500  0.360555  0.000000
  -15.932  -15.117   -8.909   -4.168   -0.311    6.471    9.491    9.593   10.208   10.816
   11.303   11.314   12.335   13.112   13.741   13.795
            0.458333  0.360844  0.000000
  -15.931  -15.116   -8.913   -4.167   -0.311    6.477    9.492    9.594   10.207   10.817
   11.304   11.315   12.334   13.113   13.742   13.796
            0.458167  0.361133  0.000000
  -15.931  -15.115   -8.917   -4.165   -0.312    6.482    9.493    9.596   10.206   10.819
   11.305   11.317   12.334   13.115   13.743   13.798
            0.458000  0.361421  0.000000
  -15.930  -15.114   -8.921   -4.164   -0.312    6.488    9.494    9.597   10.205   10.820
   11.307   11.318   12.333   13.116   13.744   13.799
            0.457833  0.361710  0.000000
  -15.929  -15.113   -8.925   -4.163   -0.312    6.493    9.496    9.598   10.204   10.821
   11.308   11.319   12.333   13.117   13.745   13.800
            0.457667  0.361999  0.000000
  -15.928  -15.112   -8.929   -4.162   -0.313    6.499    9.497    9.599   10.203   10.823
   11.310   11.321   12.332   13.119   13.746   13.801
            0.457500  0.362287  0.000000
  -15.927  -15.111   -8.933   -4.160   -0.313    6.504    9.498    9.600   10.202   10.824
   11.311   11.322   12.332   13.120   13.747   13.802
            0.457333  0.362576  0.000000
  -15.926  -15.111   -8.937   -4.159   -0.313    6.510    9.499    9.602   10.201   10.826
   11.312   11.323   12.331   13.122   13.748   13.804
            0.457167  0.362865  0.000000
  -15.926  -15.110   -8.941   -4.158   -0.313    6.515    9.500    9.603   10.200   10.827
   11.314   11.325   12.331   13.123   13.749   13.805
            0.457000  0.363153  0.000000
  -15.925  -15.109   -8.946   -4.157   -0.314    6.521    9.501    9.604   10.199   10.828
   11.315   11.326   12.330   13.124   13.750   13.806
            0.456833  0.363442  0.000000
  -15.924  -15.108   -8.950   -4.155   -0.314    6.526    9.502    9.605   10.198   10.830
   11.316   11.328   12.330   13.126   13.751   13.807
            0.456667  0.363731  0.000000
  -15.923  -15.107   -8.954   -4.154   -0.314    6.532    9.504    9.607   10.197   10.831
   11.318   11.329   12.329   13.127   13.752   13.809
            0.456500  0.364019  0.000000
  -15.922  -15.106   -8.958   -4.153   -0.315    6.537    9.505    9.608   10.196   10.833
   11.319   11.330   12.329   13.129   13.753   13.810
            0.456333  0.364308  0.000000
  -15.921  -15.105   -8.962   -4.152   -0.315    6.543    9.506    9.609   10.195   10.834
   11.321   11.332   12.329   13.130   13.754   13.811
            0.456167  0.364597  0.000000
  -15.920  -15.104   -8.966   -4.150   -0.315    6.549    9.507    9.610   10.194   10.835
   11.322   11.333   12.328   13.132   13.755   13.812
            0.456000  0.364885  0.000000
  -15.919  -15.103   -8.970   -4.149   -0.316    6.554    9.508    9.612   10.193   10.837
   11.323   11.335   12.328   13.133   13.756   13.814
            0.455833  0.365174  0.000000
  -15.919  -15.102   -8.974   -4.148   -0.316    6.560    9.510    9.613   10.192   10.838
   11.325   11.336   12.327   13.135   13.757   13.815
            0.455667  0.365463  0.000000
  -15.918  -15.101   -8.978   -4.146   -0.316    6.566    9.511    9.614   10.191   10.840
   11.326   11.338   12.327   13.136   13.758   13.816
            0.455500  0.365751  0.000000
  -15.917  -15.101   -8.983   -4.145   -0.317    6.572    9.512    9.616   10.190   10.841
   11.328   11.339   12.326   13.137   13.759   13.817
            0.455333  0.366040  0.000000
  -15.916  -15.100   -8.987   -4.144   -0.317    6.577    9.513    9.617   10.188   10.843
   11.329   11.341   12.326   13.139   13.760   13.819
            0.455167  0.366329  0.000000
  -15.915  -15.099   -8.991   -4.143   -0.317    6.583    9.514    9.618   10.187   10.844
   11.331   11.342   12.325   13.140   13.761   13.820
            0.455000  0.366617  0.000000
  -15.914  -15.098   -8.995   -4.141   -0.318    6.589    9.516    9.619   10.186   10.846
   11.332   11.343   12.325   13.142   13.762   13.821
            0.454833  0.366906  0.000000
  -15.913  -15.097   -8.999   -4.140   -0.318    6.595    9.517    9.621   10.185   10.847
   11.333   11.345   12.325   13.143   13.763   13.823
            0.454667  0.367195  0.000000
  -15.912  -15.096   -9.004   -4.139   -0.318    6.600    9.518    9.622   10.184   10.849
   11.335   11.346   12.324   13.145   13.764   13.824
            0.454500  0.367483  0.000000
  -15.911  -15.095   -9.008   -4.137   -0.319    6.606    9.519    9.623   10.183   10.850
   11.336   11.348   12.324   13.146   13.765   13.825
            0.454333  0.367772  0.000000
  -15.910  -15.094   -9.012   -4.136   -0.319    6.612    9.520    9.625   10.182   10.852
   11.338   11.349   12.323   13.148   13.766   13.826
            0.454167  0.368061  0.000000
  -15.910  -15.093   -9.016   -4.135   -0.320    6.618    9.522    9.626   10.180   10.853
   11.339   11.351   12.323   13.149   13.767   13.828
            0.454000  0.368349  0.000000
  -15.909  -15.092   -9.021   -4.133   -0.320    6.624    9.523    9.627   10.179   10.855
   11.341   11.352   12.322   13.151   13.768   13.829
            0.453833  0.368638  0.000000
  -15.908  -15.091   -9.025   -4.132   -0.320    6.630    9.524    9.629   10.178   10.856
   11.342   11.354   12.322   13.152   13.769   13.830
            0.453667  0.368927  0.000000
  -15.907  -15.090   -9.029   -4.131   -0.321    6.636    9.525    9.630   10.177   10.858
   11.344   11.355   12.321   13.154   13.770   13.832
            0.453500  0.369215  0.000000
  -15.906  -15.089   -9.033   -4.129   -0.321    6.641    9.527    9.631   10.176   10.859
   11.345   11.357   12.321   13.155   13.771   13.833
            0.453333  0.369504  0.000000
  -15.905  -15.088   -9.038   -4.128   -0.321    6.647    9.528    9.633   10.174   10.861
   11.347   11.358   12.321   13.157   13.772   13.834
            0.453167  0.369793  0.000000
  -15.904  -15.087   -9.042   -4.126   -0.322    6.653    9.529    9.634   10.173   10.862
   11.348   11.360   12.320   13.158   13.773   13.836
            0.453000  0.370082  0.000000
  -15.903  -15.086   -9.046   -4.125   -0.322    6.659    9.530    9.635   10.172   10.864
   11.350   11.361   12.320   13.160   13.774   13.837
            0.452833  0.370370  0.000000
  -15.902  -15.085   -9.051   -4.124   -0.322    6.665    9.532    9.637   10.171   10.865
   11.351   11.363   12.319   13.162   13.775   13.838
            0.452667  0.370659  0.000000
  -15.901  -15.084   -9.055   -4.122   -0.323    6.671    9.533    9.638   10.169   10.867
   11.353   11.365   12.319   13.163   13.777   13.840
            0.452500  0.370948  0.000000
  -15.900  -15.083   -9.060   -4.121   -0.323    6.677    9.534    9.639   10.168   10.869
   11.354   11.366   12.318   13.165   13.778   13.841
            0.452333  0.371236  0.000000
  -15.899  -15.082   -9.064   -4.120   -0.324    6.683    9.535    9.641   10.167   10.870
   11.356   11.368   12.318   13.166   13.779   13.842
            0.452167  0.371525  0.000000
  -15.898  -15.081   -9.068   -4.118   -0.324    6.689    9.537    9.642   10.165   10.872
   11.357   11.369   12.318   13.168   13.780   13.844
            0.452000  0.371814  0.000000
  -15.897  -15.080   -9.073   -4.117   -0.324    6.695    9.538    9.644   10.164   10.873
   11.359   11.371   12.317   13.169   13.781   13.845
            0.451833  0.372102  0.000000
  -15.896  -15.079   -9.077   -4.115   -0.325    6.702    9.539    9.645   10.163   10.875
   11.360   11.372   12.317   13.171   13.782   13.846
            0.451667  0.372391  0.000000
  -15.895  -15.078   -9.082   -4.114   -0.325    6.708    9.541    9.646   10.162   10.876
   11.362   11.374   12.316   13.173   13.783   13.848
            0.451500  0.372680  0.000000
  -15.895  -15.077   -9.086   -4.113   -0.326    6.714    9.542    9.648   10.160   10.878
   11.363   11.375   12.316   13.174   13.784   13.849
            0.451333  0.372968  0.000000
  -15.894  -15.076   -9.090   -4.111   -0.326    6.720    9.543    9.649   10.159   10.880
   11.365   11.377   12.316   13.176   13.785   13.851
            0.451167  0.373257  0.000000
  -15.893  -15.075   -9.095   -4.110   -0.326    6.726    9.545    9.651   10.157   10.881
   11.367   11.379   12.315   13.177   13.786   13.852
            0.451000  0.373546  0.000000
  -15.892  -15.074   -9.099   -4.108   -0.327    6.732    9.546    9.652   10.156   10.883
   11.368   11.380   12.315   13.179   13.787   13.853
            0.450833  0.373834  0.000000
  -15.891  -15.073   -9.104   -4.107   -0.327    6.738    9.547    9.653   10.155   10.884
   11.370   11.382   12.314   13.181   13.789   13.855
            0.450667  0.374123  0.000000
  -15.890  -15.072   -9.108   -4.105   -0.328    6.745    9.548    9.655   10.153   10.886
   11.371   11.383   12.314   13.182   13.790   13.856
            0.450500  0.374412  0.000000
  -15.889  -15.071   -9.113   -4.104   -0.328    6.751    9.550    9.656   10.152   10.888
   11.373   11.385   12.314   13.184   13.791   13.858
            0.450333  0.374700  0.000000
  -15.888  -15.070   -9.117   -4.102   -0.328    6.757    9.551    9.658   10.151   10.889
   11.375   11.387   12.313   13.185   13.792   13.859
            0.450167  0.374989  0.000000
  -15.887  -15.069   -9.122   -4.101   -0.329    6.763    9.552    9.659   10.149   10.891
   11.376   11.388   12.313   13.187   13.793   13.860
            0.450000  0.375278  0.000000
  -15.886  -15.068   -9.127   -4.100   -0.329    6.770    9.554    9.661   10.148   10.893
   11.378   11.390   12.312   13.189   13.794   13.862
            0.449833  0.375566  0.000000
  -15.885  -15.067   -9.131   -4.098   -0.330    6.776    9.555    9.662   10.146   10.894
   11.379   11.392   12.312   13.190   13.795   13.863
            0.449667  0.375855  0.000000
  -15.884  -15.066   -9.136   -4.097   -0.330    6.782    9.556    9.663   10.145   10.896
   11.381   11.393   12.312   13.192   13.796   13.865
            0.449500  0.376144  0.000000
  -15.883  -15.065   -9.140   -4.095   -0.330    6.788    9.558    9.665   10.143   10.898
   11.383   11.395   12.311   13.194   13.797   13.866
            0.449333  0.376432  0.000000
  -15.882  -15.064   -9.145   -4.094   -0.331    6.795    9.559    9.666   10.142   10.899
   11.384   11.396   12.311   13.195   13.799   13.868
            0.449167  0.376721  0.000000
  -15.881  -15.063   -9.149   -4.092   -0.331    6.801    9.561    9.668   10.141   10.901
   11.386   11.398   12.310   13.197   13.800   13.869
            0.449000  0.377010  0.000000
  -15.880  -15.062   -9.154   -4.091   -0.332    6.807    9.562    9.669   10.139   10.903
   11.387   11.400   12.310   13.199   13.801   13.870
            0.448833  0.377298  0.000000
  -15.879  -15.061   -9.159   -4.089   -0.332    6.814    9.563    9.671   10.138   10.904
   11.389   11.401   12.310   13.200   13.802   13.872
            0.448667  0.377587  0.000000
  -15.878  -15.060   -9.163   -4.088   -0.333    6.820    9.565    9.672   10.136   10.906
   11.391   11.403   12.309   13.202   13.803   13.873
            0.448500  0.377876  0.000000
  -15.877  -15.059   -9.168   -4.086   -0.333    6.827    9.566    9.674   10.135   10.908
   11.392   11.405   12.309   13.204   13.804   13.875
            0.448333  0.378164  0.000000
  -15.876  -15.058   -9.173   -4.085   -0.333    6.833    9.567    9.675   10.133   10.909
   11.394   11.406   12.309   13.205   13.805   13.876
            0.448167  0.378453  0.000000
  -15.874  -15.057   -9.177   -4.083   -0.334    6.839    9.569    9.677   10.131   10.911
   11.396   11.408   12.308   13.207   13.807   13.878
            0.448000  0.378742  0.000000
  -15.873  -15.056   -9.182   -4.082   -0.334    6.846    9.570    9.678   10.130   10.913
   11.397   11.410   12.308   13.209   13.808   13.879
            0.447833  0.379030  0.000000
  -15.872  -15.054   -9.187   -4.080   -0.335    6.852    9.572    9.680   10.128   10.914
   11.399   11.411   12.307   13.211   13.809   13.881
            0.447667  0.379319  0.000000
  -15.871  -15.053   -9.191   -4.079   -0.335    6.859    9.573    9.681   10.127   10.916
   11.401   11.413   12.307   13.212   13.810   13.882
            0.447500  0.379608  0.000000
  -15.870  -15.052   -9.196   -4.077   -0.336    6.865    9.574    9.683   10.125   10.918
   11.402   11.415   12.307   13.214   13.811   13.884
            0.447333  0.379896  0.000000
  -15.869  -15.051   -9.201   -4.076   -0.336    6.872    9.576    9.684   10.124   10.920
   11.404   11.417   12.306   13.216   13.812   13.885
            0.447167  0.380185  0.000000
  -15.868  -15.050   -9.205   -4.074   -0.337    6.878    9.577    9.686   10.122   10.921
   11.406   11.418   12.306   13.217   13.814   13.887
            0.447000  0.380474  0.000000
  -15.867  -15.049   -9.210   -4.073   -0.337    6.885    9.579    9.687   10.121   10.923
   11.407   11.420   12.306   13.219   13.815   13.888
            0.446833  0.380763  0.000000
  -15.866  -15.048   -9.215   -4.071   -0.338    6.892    9.580    9.689   10.119   10.925
   11.409   11.422   12.305   13.221   13.816   13.890
            0.446667  0.381051  0.000000
  -15.865  -15.047   -9.220   -4.069   -0.338    6.898    9.581    9.690   10.117   10.927
   11.411   11.424   12.305   13.223   13.817   13.891
            0.446500  0.381340  0.000000
  -15.864  -15.046   -9.224   -4.068   -0.338    6.905    9.583    9.692   10.116   10.928
   11.413   11.425   12.305   13.224   13.818   13.893
            0.446333  0.381629  0.000000
  -15.863  -15.045   -9.229   -4.066   -0.339    6.911    9.584    9.693   10.114   10.930
   11.414   11.427   12.304   13.226   13.819   13.894
            0.446167  0.381917  0.000000
  -15.862  -15.044   -9.234   -4.065   -0.339    6.918    9.586    9.695   10.112   10.932
   11.416   11.429   12.304   13.228   13.821   13.896
            0.446000  0.382206  0.000000
  -15.861  -15.042   -9.239   -4.063   -0.340    6.925    9.587    9.697   10.111   10.934
   11.418   11.431   12.304   13.230   13.822   13.897
            0.445833  0.382495  0.000000
  -15.860  -15.041   -9.243   -4.062   -0.340    6.931    9.589    9.698   10.109   10.936
   11.419   11.432   12.304   13.232   13.823   13.899
            0.445667  0.382783  0.000000
  -15.859  -15.040   -9.248   -4.060   -0.341    6.938    9.590    9.700   10.107   10.937
   11.421   11.434   12.303   13.233   13.824   13.900
            0.445500  0.383072  0.000000
  -15.858  -15.039   -9.253   -4.058   -0.341    6.945    9.591    9.701   10.106   10.939
   11.423   11.436   12.303   13.235   13.825   13.902
            0.445333  0.383361  0.000000
  -15.856  -15.038   -9.258   -4.057   -0.342    6.951    9.593    9.703   10.104   10.941
   11.425   11.438   12.303   13.237   13.827   13.903
            0.445167  0.383649  0.000000
  -15.855  -15.037   -9.263   -4.055   -0.342    6.958    9.594    9.704   10.102   10.943
   11.426   11.439   12.302   13.239   13.828   13.905
            0.445000  0.383938  0.000000
  -15.854  -15.036   -9.268   -4.054   -0.343    6.965    9.596    9.706   10.101   10.944
   11.428   11.441   12.302   13.241   13.829   13.906
            0.444833  0.384227  0.000000
  -15.853  -15.035   -9.273   -4.052   -0.343    6.971    9.597    9.708   10.099   10.946
   11.430   11.443   12.302   13.242   13.830   13.908
            0.444667  0.384515  0.000000
  -15.852  -15.033   -9.277   -4.050   -0.344    6.978    9.599    9.709   10.097   10.948
   11.432   11.445   12.301   13.244   13.831   13.910
            0.444500  0.384804  0.000000
  -15.851  -15.032   -9.282   -4.049   -0.344    6.985    9.600    9.711   10.095   10.950
   11.434   11.447   12.301   13.246   13.833   13.911
            0.444333  0.385093  0.000000
  -15.850  -15.031   -9.287   -4.047   -0.345    6.992    9.602    9.712   10.094   10.952
   11.435   11.448   12.301   13.248   13.834   13.913
            0.444167  0.385381  0.000000
  -15.849  -15.030   -9.292   -4.046   -0.345    6.998    9.603    9.714   10.092   10.954
   11.437   11.450   12.301   13.250   13.835   13.914
            0.444000  0.385670  0.000000
  -15.848  -15.029   -9.297   -4.044   -0.346    7.005    9.605    9.716   10.090   10.955
   11.439   11.452   12.300   13.251   13.836   13.916
            0.443833  0.385959  0.000000
  -15.846  -15.028   -9.302   -4.042   -0.346    7.012    9.606    9.717   10.088   10.957
   11.441   11.454   12.300   13.253   13.837   13.917
            0.443667  0.386247  0.000000
  -15.845  -15.027   -9.307   -4.041   -0.347    7.019    9.608    9.719   10.086   10.959
   11.442   11.456   12.300   13.255   13.839   13.919
            0.443500  0.386536  0.000000
  -15.844  -15.025   -9.312   -4.039   -0.347    7.026    9.609    9.720   10.085   10.961
   11.444   11.457   12.300   13.257   13.840   13.921
            0.443333  0.386825  0.000000
  -15.843  -15.024   -9.317   -4.037   -0.348    7.033    9.611    9.722   10.083   10.963
   11.446   11.459   12.299   13.259   13.841   13.922
            0.443167  0.387113  0.000000
  -15.842  -15.023   -9.322   -4.036   -0.348    7.040    9.612    9.724   10.081   10.965
   11.448   11.461   12.299   13.261   13.842   13.924
            0.443000  0.387402  0.000000
  -15.841  -15.022   -9.327   -4.034   -0.349    7.046    9.614    9.725   10.079   10.967
   11.450   11.463   12.299   13.263   13.844   13.925
            0.442833  0.387691  0.000000
  -15.840  -15.021   -9.332   -4.032   -0.350    7.053    9.615    9.727   10.077   10.968
   11.452   11.465   12.299   13.264   13.845   13.927
            0.442667  0.387979  0.000000
  -15.839  -15.020   -9.337   -4.031   -0.350    7.060    9.617    9.729   10.075   10.970
   11.453   11.467   12.298   13.266   13.846   13.929
            0.442500  0.388268  0.000000
  -15.837  -15.018   -9.342   -4.029   -0.351    7.067    9.618    9.730   10.073   10.972
   11.455   11.469   12.298   13.268   13.847   13.930
            0.442333  0.388557  0.000000
  -15.836  -15.017   -9.347   -4.027   -0.351    7.074    9.620    9.732   10.071   10.974
   11.457   11.470   12.298   13.270   13.849   13.932
            0.442167  0.388845  0.000000
  -15.835  -15.016   -9.352   -4.026   -0.352    7.081    9.621    9.733   10.070   10.976
   11.459   11.472   12.298   13.272   13.850   13.933
            0.442000  0.389134  0.000000
  -15.834  -15.015   -9.357   -4.024   -0.352    7.088    9.623    9.735   10.068   10.978
   11.461   11.474   12.298   13.274   13.851   13.935
            0.441833  0.389423  0.000000
  -15.833  -15.014   -9.362   -4.022   -0.353    7.095    9.624    9.737   10.066   10.980
   11.463   11.476   12.297   13.276   13.852   13.937
            0.441667  0.389711  0.000000
  -15.832  -15.012   -9.367   -4.021   -0.353    7.102    9.626    9.738   10.064   10.982
   11.465   11.478   12.297   13.278   13.854   13.938
            0.441500  0.390000  0.000000
  -15.830  -15.011   -9.372   -4.019   -0.354    7.109    9.628    9.740   10.062   10.984
   11.466   11.480   12.297   13.280   13.855   13.940
            0.441333  0.390289  0.000000
  -15.829  -15.010   -9.377   -4.017   -0.354    7.116    9.629    9.742   10.060   10.986
   11.468   11.482   12.297   13.282   13.856   13.942
            0.441167  0.390577  0.000000
  -15.828  -15.009   -9.382   -4.015   -0.355    7.123    9.631    9.743   10.058   10.988
   11.470   11.484   12.297   13.284   13.857   13.943
            0.441000  0.390866  0.000000
  -15.827  -15.008   -9.387   -4.014   -0.356    7.130    9.632    9.745   10.056   10.990
   11.472   11.486   12.297   13.286   13.859   13.945
            0.440833  0.391155  0.000000
  -15.826  -15.006   -9.392   -4.012   -0.356    7.137    9.634    9.747   10.054   10.991
   11.474   11.488   12.296   13.287   13.860   13.947
            0.440667  0.391443  0.000000
  -15.825  -15.005   -9.397   -4.010   -0.357    7.144    9.635    9.749   10.052   10.993
   11.476   11.490   12.296   13.289   13.861   13.948
            0.440500  0.391732  0.000000
  -15.823  -15.004   -9.402   -4.009   -0.357    7.152    9.637    9.750   10.050   10.995
   11.478   11.491   12.296   13.291   13.862   13.950
            0.440333  0.392021  0.000000
  -15.822  -15.003   -9.407   -4.007   -0.358    7.159    9.638    9.752   10.048   10.997
   11.480   11.493   12.296   13.293   13.864   13.952
            0.440167  0.392310  0.000000
  -15.821  -15.002   -9.412   -4.005   -0.358    7.166    9.640    9.754   10.046   10.999
   11.482   11.495   12.296   13.295   13.865   13.953
            0.440000  0.392598  0.000000
  -15.820  -15.000   -9.418   -4.003   -0.359    7.173    9.642    9.755   10.044   11.001
   11.483   11.497   12.296   13.297   13.866   13.955
            0.439833  0.392887  0.000000
  -15.819  -14.999   -9.423   -4.002   -0.360    7.180    9.643    9.757   10.042   11.003
   11.485   11.499   12.296   13.299   13.867   13.957
            0.439667  0.393176  0.000000
  -15.817  -14.998   -9.428   -4.000   -0.360    7.187    9.645    9.759   10.040   11.005
   11.487   11.501   12.295   13.301   13.869   13.958
            0.439500  0.393464  0.000000
  -15.816  -14.997   -9.433   -3.998   -0.361    7.194    9.646    9.761   10.038   11.007
   11.489   11.503   12.295   13.303   13.870   13.960
            0.439333  0.393753  0.000000
  -15.815  -14.995   -9.438   -3.996   -0.361    7.202    9.648    9.762   10.036   11.009
   11.491   11.505   12.295   13.305   13.871   13.962
            0.439167  0.394042  0.000000
  -15.814  -14.994   -9.443   -3.994   -0.362    7.209    9.650    9.764   10.033   11.011
   11.493   11.507   12.295   13.307   13.873   13.963
            0.439000  0.394330  0.000000
  -15.813  -14.993   -9.449   -3.993   -0.363    7.216    9.651    9.766   10.031   11.013
   11.495   11.509   12.295   13.309   13.874   13.965
            0.438833  0.394619  0.000000
  -15.811  -14.992   -9.454   -3.991   -0.363    7.223    9.653    9.768   10.029   11.015
   11.497   11.511   12.295   13.311   13.875   13.967
            0.438667  0.394908  0.000000
  -15.810  -14.990   -9.459   -3.989   -0.364    7.231    9.654    9.769   10.027   11.017
   11.499   11.513   12.295   13.313   13.876   13.969
            0.438500  0.395196  0.000000
  -15.809  -14.989   -9.464   -3.987   -0.364    7.238    9.656    9.771   10.025   11.019
   11.501   11.515   12.295   13.315   13.878   13.970
            0.438333  0.395485  0.000000
  -15.808  -14.988   -9.469   -3.986   -0.365    7.245    9.658    9.773   10.023   11.021
   11.503   11.517   12.295   13.317   13.879   13.972
            0.438167  0.395774  0.000000
  -15.806  -14.987   -9.475   -3.984   -0.366    7.252    9.659    9.775   10.021   11.023
   11.505   11.519   12.295   13.319   13.880   13.974
            0.438000  0.396062  0.000000
  -15.805  -14.985   -9.480   -3.982   -0.366    7.260    9.661    9.776   10.018   11.025
   11.507   11.521   12.295   13.321   13.882   13.975
            0.437833  0.396351  0.000000
  -15.804  -14.984   -9.485   -3.980   -0.367    7.267    9.663    9.778   10.016   11.027
   11.509   11.523   12.295   13.323   13.883   13.977
            0.437667  0.396640  0.000000
  -15.803  -14.983   -9.490   -3.978   -0.367    7.274    9.664    9.780   10.014   11.029
   11.511   11.525   12.294   13.325   13.884   13.979
            0.437500  0.396928  0.000000
  -15.801  -14.982   -9.496   -3.976   -0.368    7.282    9.666    9.782   10.012   11.032
   11.513   11.527   12.294   13.327   13.886   13.981
            0.437333  0.397217  0.000000
  -15.800  -14.980   -9.501   -3.975   -0.369    7.289    9.668    9.783   10.010   11.034
   11.515   11.529   12.294   13.330   13.887   13.982
            0.437167  0.397506  0.000000
  -15.799  -14.979   -9.506   -3.973   -0.369    7.296    9.669    9.785   10.007   11.036
   11.517   11.531   12.294   13.332   13.888   13.984
            0.437000  0.397794  0.000000
  -15.798  -14.978   -9.511   -3.971   -0.370    7.304    9.671    9.787   10.005   11.038
   11.519   11.533   12.294   13.334   13.890   13.986
            0.436833  0.398083  0.000000
  -15.796  -14.976   -9.517   -3.969   -0.371    7.311    9.673    9.789   10.003   11.040
   11.521   11.535   12.294   13.336   13.891   13.988
            0.436667  0.398372  0.000000
  -15.795  -14.975   -9.522   -3.967   -0.371    7.319    9.674    9.791   10.001   11.042
   11.523   11.537   12.294   13.338   13.892   13.989
            0.436500  0.398660  0.000000
  -15.794  -14.974   -9.527   -3.965   -0.372    7.326    9.676    9.792    9.998   11.044
   11.525   11.539   12.294   13.340   13.893   13.991
            0.436333  0.398949  0.000000
  -15.793  -14.973   -9.533   -3.964   -0.373    7.333    9.678    9.794    9.996   11.046
   11.527   11.542   12.294   13.342   13.895   13.993
            0.436167  0.399238  0.000000
  -15.791  -14.971   -9.538   -3.962   -0.373    7.341    9.679    9.796    9.994   11.048
   11.529   11.544   12.294   13.344   13.896   13.995
            0.436000  0.399526  0.000000
  -15.790  -14.970   -9.543   -3.960   -0.374    7.348    9.681    9.798    9.991   11.050
   11.531   11.546   12.294   13.346   13.897   13.997
            0.435833  0.399815  0.000000
  -15.789  -14.969   -9.549   -3.958   -0.375    7.356    9.683    9.800    9.989   11.052
   11.533   11.548   12.294   13.348   13.899   13.998
            0.435667  0.400104  0.000000
  -15.788  -14.967   -9.554   -3.956   -0.375    7.363    9.684    9.802    9.987   11.054
   11.535   11.550   12.294   13.350   13.900   14.000
            0.435500  0.400392  0.000000
  -15.786  -14.966   -9.559   -3.954   -0.376    7.371    9.686    9.803    9.984   11.057
   11.537   11.552   12.295   13.353   13.901   14.002
            0.435333  0.400681  0.000000
  -15.785  -14.965   -9.565   -3.952   -0.377    7.378    9.688    9.805    9.982   11.059
   11.539   11.554   12.295   13.355   13.903   14.004
            0.435167  0.400970  0.000000
  -15.784  -14.963   -9.570   -3.950   -0.377    7.386    9.689    9.807    9.980   11.061
   11.541   11.556   12.295   13.357   13.904   14.005
            0.435000  0.401258  0.000000
  -15.782  -14.962   -9.576   -3.949   -0.378    7.393    9.691    9.809    9.977   11.063
   11.543   11.558   12.295   13.359   13.905   14.007
            0.434833  0.401547  0.000000
  -15.781  -14.961   -9.581   -3.947   -0.379    7.401    9.693    9.811    9.975   11.065
   11.546   11.560   12.295   13.361   13.907   14.009
            0.434667  0.401836  0.000000
  -15.780  -14.959   -9.586   -3.945   -0.379    7.408    9.695    9.813    9.973   11.067
   11.548   11.562   12.295   13.363   13.908   14.011
            0.434500  0.402124  0.000000
  -15.778  -14.958   -9.592   -3.943   -0.380    7.416    9.696    9.815    9.970   11.069
   11.550   11.565   12.295   13.365   13.909   14.013
            0.434333  0.402413  0.000000
  -15.777  -14.957   -9.597   -3.941   -0.381    7.424    9.698    9.816    9.968   11.072
   11.552   11.567   12.295   13.367   13.911   14.015
            0.434167  0.402702  0.000000
  -15.776  -14.955   -9.603   -3.939   -0.381    7.431    9.700    9.818    9.965   11.074
   11.554   11.569   12.295   13.370   13.912   14.016
            0.434000  0.402990  0.000000
  -15.775  -14.954   -9.608   -3.937   -0.382    7.439    9.701    9.820    9.963   11.076
   11.556   11.571   12.295   13.372   13.913   14.018
            0.433833  0.403279  0.000000
  -15.773  -14.953   -9.613   -3.935   -0.383    7.446    9.703    9.822    9.960   11.078
   11.558   11.573   12.295   13.374   13.915   14.020
            0.433667  0.403568  0.000000
  -15.772  -14.951   -9.619   -3.933   -0.384    7.454    9.705    9.824    9.958   11.080
   11.560   11.575   12.296   13.376   13.916   14.022
            0.433500  0.403857  0.000000
  -15.771  -14.950   -9.624   -3.931   -0.384    7.462    9.707    9.826    9.956   11.082
   11.562   11.577   12.296   13.378   13.918   14.024
            0.433333  0.404145  0.000000
  -15.769  -14.949   -9.630   -3.929   -0.385    7.469    9.708    9.828    9.953   11.085
   11.564   11.580   12.296   13.381   13.919   14.026
            0.433167  0.404434  0.000000
  -15.768  -14.947   -9.635   -3.927   -0.386    7.477    9.710    9.830    9.951   11.087
   11.567   11.582   12.296   13.383   13.920   14.027
            0.433000  0.404723  0.000000
  -15.767  -14.946   -9.641   -3.926   -0.386    7.485    9.712    9.831    9.948   11.089
   11.569   11.584   12.296   13.385   13.922   14.029
            0.432833  0.405011  0.000000
  -15.765  -14.945   -9.646   -3.924   -0.387    7.492    9.714    9.833    9.946   11.091
   11.571   11.586   12.296   13.387   13.923   14.031
            0.432667  0.405300  0.000000
  -15.764  -14.943   -9.652   -3.922   -0.388    7.500    9.715    9.835    9.943   11.093
   11.573   11.588   12.297   13.389   13.924   14.033
            0.432500  0.405589  0.000000
  -15.763  -14.942   -9.657   -3.920   -0.389    7.508    9.717    9.837    9.941   11.096
   11.575   11.591   12.297   13.392   13.926   14.035
            0.432333  0.405877  0.000000
  -15.761  -14.941   -9.663   -3.918   -0.389    7.515    9.719    9.839    9.938   11.098
   11.577   11.593   12.297   13.394   13.927   14.037
            0.432167  0.406166  0.000000
  -15.760  -14.939   -9.668   -3.916   -0.390    7.523    9.721    9.841    9.935   11.100
   11.580   11.595   12.297   13.396   13.928   14.039
            0.432000  0.406455  0.000000
  -15.758  -14.938   -9.674   -3.914   -0.391    7.531    9.722    9.843    9.933   11.102
   11.582   11.597   12.297   13.398   13.930   14.040
            0.431833  0.406743  0.000000
  -15.757  -14.936   -9.679   -3.912   -0.392    7.539    9.724    9.845    9.930   11.105
   11.584   11.599   12.298   13.400   13.931   14.042
            0.431667  0.407032  0.000000
  -15.756  -14.935   -9.685   -3.910   -0.392    7.546    9.726    9.847    9.928   11.107
   11.586   11.602   12.298   13.403   13.933   14.044
            0.431500  0.407321  0.000000
  -15.754  -14.934   -9.690   -3.908   -0.393    7.554    9.728    9.849    9.925   11.109
   11.588   11.604   12.298   13.405   13.934   14.046
            0.431333  0.407609  0.000000
  -15.753  -14.932   -9.696   -3.906   -0.394    7.562    9.730    9.851    9.923   11.111
   11.590   11.606   12.298   13.407   13.935   14.048
            0.431167  0.407898  0.000000
  -15.752  -14.931   -9.701   -3.904   -0.395    7.570    9.731    9.853    9.920   11.114
   11.593   11.608   12.299   13.409   13.937   14.050
            0.431000  0.408187  0.000000
  -15.750  -14.930   -9.707   -3.902   -0.395    7.577    9.733    9.855    9.917   11.116
   11.595   11.610   12.299   13.412   13.938   14.052
            0.430833  0.408475  0.000000
  -15.749  -14.928   -9.712   -3.900   -0.396    7.585    9.735    9.857    9.915   11.118
   11.597   11.613   12.299   13.414   13.939   14.054
            0.430667  0.408764  0.000000
  -15.748  -14.927   -9.718   -3.898   -0.397    7.593    9.737    9.859    9.912   11.120
   11.599   11.615   12.299   13.416   13.941   14.056
            0.430500  0.409053  0.000000
  -15.746  -14.925   -9.724   -3.896   -0.398    7.601    9.739    9.861    9.909   11.123
   11.601   11.617   12.300   13.419   13.942   14.058
            0.430333  0.409341  0.000000
  -15.745  -14.924   -9.729   -3.894   -0.399    7.609    9.740    9.862    9.907   11.125
   11.604   11.619   12.300   13.421   13.944   14.059
            0.430167  0.409630  0.000000
  -15.743  -14.923   -9.735   -3.892   -0.399    7.617    9.742    9.864    9.904   11.127
   11.606   11.622   12.300   13.423   13.945   14.061
            0.430000  0.409919  0.000000
  -15.742  -14.921   -9.740   -3.890   -0.400    7.624    9.744    9.866    9.901   11.130
   11.608   11.624   12.301   13.425   13.946   14.063
            0.429833  0.410207  0.000000
  -15.741  -14.920   -9.746   -3.888   -0.401    7.632    9.746    9.868    9.899   11.132
   11.610   11.626   12.301   13.428   13.948   14.065
            0.429667  0.410496  0.000000
  -15.739  -14.918   -9.752   -3.886   -0.402    7.640    9.748    9.870    9.896   11.134
   11.613   11.629   12.301   13.430   13.949   14.067
            0.429500  0.410785  0.000000
  -15.738  -14.917   -9.757   -3.883   -0.403    7.648    9.750    9.872    9.893   11.137
   11.615   11.631   12.302   13.432   13.950   14.069
            0.429333  0.411073  0.000000
  -15.736  -14.915   -9.763   -3.881   -0.403    7.656    9.751    9.874    9.891   11.139
   11.617   11.633   12.302   13.435   13.952   14.071
            0.429167  0.411362  0.000000
  -15.735  -14.914   -9.768   -3.879   -0.404    7.664    9.753    9.876    9.888   11.141
   11.619   11.635   12.302   13.437   13.953   14.073
            0.429000  0.411651  0.000000
  -15.734  -14.913   -9.774   -3.877   -0.405    7.672    9.755    9.878    9.885   11.144
   11.622   11.638   12.303   13.439   13.955   14.075
            0.428833  0.411939  0.000000
  -15.732  -14.911   -9.780   -3.875   -0.406    7.680    9.757    9.880    9.882   11.146
   11.624   11.640   12.303   13.442   13.956   14.077
            0.428667  0.412228  0.000000
  -15.731  -14.910   -9.785   -3.873   -0.407    7.688    9.759    9.880    9.882   11.148
   11.626   11.642   12.303   13.444   13.957   14.079
            0.428500  0.412517  0.000000
  -15.729  -14.908   -9.791   -3.871   -0.408    7.696    9.761    9.877    9.884   11.151
   11.628   11.645   12.304   13.446   13.959   14.081
            0.428333  0.412805  0.000000
  -15.728  -14.907   -9.797   -3.869   -0.408    7.704    9.763    9.874    9.887   11.153
   11.631   11.647   12.304   13.449   13.960   14.083
            0.428167  0.413094  0.000000
  -15.726  -14.905   -9.802   -3.867   -0.409    7.712    9.764    9.871    9.889   11.155
   11.633   11.649   12.305   13.451   13.962   14.085
            0.428000  0.413383  0.000000
  -15.725  -14.904   -9.808   -3.865   -0.410    7.720    9.766    9.868    9.891   11.158
   11.635   11.652   12.305   13.453   13.963   14.087
            0.427833  0.413671  0.000000
  -15.724  -14.903   -9.814   -3.863   -0.411    7.728    9.768    9.866    9.893   11.160
   11.638   11.654   12.306   13.456   13.964   14.089
            0.427667  0.413960  0.000000
  -15.722  -14.901   -9.819   -3.861   -0.412    7.736    9.770    9.863    9.895   11.162
   11.640   11.656   12.306   13.458   13.966   14.091
            0.427500  0.414249  0.000000
  -15.721  -14.900   -9.825   -3.858   -0.413    7.744    9.772    9.860    9.897   11.165
   11.642   11.659   12.306   13.461   13.967   14.093
            0.427333  0.414537  0.000000
  -15.719  -14.898   -9.831   -3.856   -0.413    7.752    9.774    9.857    9.899   11.167
   11.645   11.661   12.307   13.463   13.969   14.095
            0.427167  0.414826  0.000000
  -15.718  -14.897   -9.837   -3.854   -0.414    7.760    9.776    9.854    9.901   11.170
   11.647   11.663   12.307   13.465   13.970   14.097
            0.427000  0.415115  0.000000
  -15.716  -14.895   -9.842   -3.852   -0.415    7.768    9.778    9.851    9.903   11.172
   11.649   11.666   12.308   13.468   13.971   14.099
            0.426833  0.415404  0.000000
  -15.715  -14.894   -9.848   -3.850   -0.416    7.776    9.779    9.849    9.905   11.174
   11.652   11.668   12.308   13.470   13.973   14.101
            0.426667  0.415692  0.000000
  -15.713  -14.892   -9.854   -3.848   -0.417    7.784    9.781    9.846    9.907   11.177
   11.654   11.671   12.309   13.473   13.974   14.103
            0.426500  0.415981  0.000000
  -15.712  -14.891   -9.859   -3.846   -0.418    7.792    9.783    9.843    9.909   11.179
   11.656   11.673   12.309   13.475   13.976   14.105
            0.426333  0.416270  0.000000
  -15.710  -14.889   -9.865   -3.844   -0.419    7.800    9.785    9.840    9.911   11.182
   11.659   11.675   12.310   13.477   13.977   14.107
            0.426167  0.416558  0.000000
  -15.709  -14.888   -9.871   -3.841   -0.420    7.808    9.787    9.837    9.913   11.184
   11.661   11.678   12.310   13.480   13.978   14.109
            0.426000  0.416847  0.000000
  -15.707  -14.886   -9.877   -3.839   -0.421    7.816    9.789    9.834    9.915   11.186
   11.663   11.680   12.311   13.482   13.980   14.111
            0.425833  0.417136  0.000000
  -15.706  -14.885   -9.882   -3.837   -0.421    7.824    9.791    9.831    9.917   11.189
   11.666   11.682   12.312   13.485   13.981   14.113
            0.425667  0.417424  0.000000
  -15.705  -14.883   -9.888   -3.835   -0.422    7.833    9.793    9.828    9.919   11.191
   11.668   11.685   12.312   13.487   13.983   14.115
            0.425500  0.417713  0.000000
  -15.703  -14.882   -9.894   -3.833   -0.423    7.841    9.795    9.825    9.922   11.194
   11.670   11.687   12.313   13.490   13.984   14.117
            0.425333  0.418002  0.000000
  -15.702  -14.880   -9.900   -3.831   -0.424    7.849    9.797    9.822    9.924   11.196
   11.673   11.690   12.313   13.492   13.986   14.119
            0.425167  0.418290  0.000000
  -15.700  -14.879   -9.906   -3.828   -0.425    7.857    9.799    9.819    9.926   11.199
   11.675   11.692   12.314   13.494   13.987   14.121
            0.425000  0.418579  0.000000
  -15.699  -14.878   -9.911   -3.826   -0.426    7.865    9.800    9.816    9.928   11.201
   11.677   11.695   12.314   13.497   13.988   14.123
            0.424833  0.418868  0.000000
  -15.697  -14.876   -9.917   -3.824   -0.427    7.873    9.802    9.813    9.930   11.204
   11.680   11.697   12.315   13.499   13.990   14.125
            0.424667  0.419156  0.000000
  -15.696  -14.875   -9.923   -3.822   -0.428    7.882    9.804    9.811    9.932   11.206
   11.682   11.699   12.316   13.502   13.991   14.127
            0.424500  0.419445  0.000000
  -15.694  -14.873   -9.929   -3.820   -0.429    7.890    9.806    9.808    9.934   11.209
   11.685   11.702   12.316   13.504   13.993   14.129
            0.424333  0.419734  0.000000
  -15.693  -14.871   -9.935   -3.818   -0.430    7.898    9.805    9.808    9.936   11.211
   11.687   11.704   12.317   13.507   13.994   14.131
            0.424167  0.420022  0.000000
  -15.691  -14.870   -9.940   -3.815   -0.431    7.906    9.802    9.810    9.939   11.214
   11.689   11.707   12.318   13.509   13.995   14.133
            0.424000  0.420311  0.000000
  -15.690  -14.868   -9.946   -3.813   -0.432    7.914    9.799    9.812    9.941   11.216
   11.692   11.709   12.318   13.512   13.997   14.135
            0.423833  0.420600  0.000000
  -15.688  -14.867   -9.952   -3.811   -0.433    7.923    9.795    9.814    9.943   11.219
   11.694   11.712   12.319   13.514   13.998   14.137
            0.423667  0.420888  0.000000
  -15.687  -14.865   -9.958   -3.809   -0.434    7.931    9.792    9.816    9.945   11.221
   11.697   11.714   12.319   13.517   14.000   14.139
            0.423500  0.421177  0.000000
  -15.685  -14.864   -9.964   -3.806   -0.434    7.939    9.789    9.818    9.947   11.224
   11.699   11.717   12.320   13.519   14.001   14.141
            0.423333  0.421466  0.000000
  -15.683  -14.862   -9.970   -3.804   -0.435    7.947    9.786    9.820    9.949   11.226
   11.702   11.719   12.321   13.522   14.003   14.143
            0.423167  0.421754  0.000000
  -15.682  -14.861   -9.975   -3.802   -0.436    7.956    9.783    9.822    9.951   11.229
   11.704   11.722   12.322   13.524   14.004   14.145
            0.423000  0.422043  0.000000
  -15.680  -14.859   -9.981   -3.800   -0.437    7.964    9.780    9.824    9.954   11.231
   11.707   11.724   12.322   13.527   14.005   14.148
            0.422833  0.422332  0.000000
  -15.679  -14.858   -9.987   -3.797   -0.438    7.972    9.777    9.826    9.956   11.234
   11.709   11.727   12.323   13.529   14.007   14.150
            0.422667  0.422620  0.000000
  -15.677  -14.856   -9.993   -3.795   -0.439    7.980    9.774    9.828    9.958   11.236
   11.711   11.729   12.324   13.532   14.008   14.152
            0.422500  0.422909  0.000000
  -15.676  -14.855   -9.999   -3.793   -0.440    7.989    9.771    9.830    9.960   11.239
   11.714   11.732   12.324   13.535   14.010   14.154
            0.422333  0.423198  0.000000
  -15.674  -14.853  -10.005   -3.791   -0.441    7.997    9.768    9.832    9.962   11.241
   11.716   11.734   12.325   13.537   14.011   14.156
            0.422167  0.423486  0.000000
  -15.673  -14.852  -10.011   -3.788   -0.442    8.005    9.765    9.834    9.964   11.244
   11.719   11.737   12.326   13.540   14.013   14.158
            0.422000  0.423775  0.000000
  -15.671  -14.850  -10.017   -3.786   -0.443    8.014    9.762    9.836    9.967   11.246
   11.721   11.739   12.327   13.542   14.014   14.160
            0.421833  0.424064  0.000000
  -15.670  -14.849  -10.022   -3.784   -0.444    8.022    9.759    9.838    9.969   11.249
   11.724   11.742   12.328   13.545   14.015   14.162
            0.421667  0.424352  0.000000
  -15.668  -14.847  -10.028   -3.782   -0.445    8.030    9.755    9.840    9.971   11.252
   11.726   11.744   12.328   13.547   14.017   14.164
            0.421500  0.424641  0.000000
  -15.666  -14.845  -10.034   -3.779   -0.446    8.039    9.752    9.842    9.973   11.254
   11.729   11.747   12.329   13.550   14.018   14.166
            0.421333  0.424930  0.000000
  -15.665  -14.844  -10.040   -3.777   -0.447    8.047    9.749    9.844    9.975   11.257
   11.731   11.749   12.330   13.552   14.020   14.169
            0.421167  0.425218  0.000000
  -15.663  -14.842  -10.046   -3.775   -0.448    8.055    9.746    9.846    9.978   11.259
   11.734   11.752   12.331   13.555   14.021   14.171
            0.421000  0.425507  0.000000
  -15.662  -14.841  -10.052   -3.773   -0.449    8.064    9.743    9.848    9.980   11.262
   11.736   11.754   12.332   13.558   14.023   14.173
            0.420833  0.425796  0.000000
  -15.660  -14.839  -10.058   -3.770   -0.450    8.072    9.740    9.850    9.982   11.265
   11.739   11.757   12.332   13.560   14.024   14.175
            0.420667  0.426084  0.000000
  -15.659  -14.838  -10.064   -3.768   -0.452    8.081    9.737    9.852    9.984   11.267
   11.741   11.760   12.333   13.563   14.025   14.177
            0.420500  0.426373  0.000000
  -15.657  -14.836  -10.070   -3.766   -0.453    8.089    9.733    9.854    9.986   11.270
   11.744   11.762   12.334   13.565   14.027   14.179
            0.420333  0.426662  0.000000
  -15.655  -14.835  -10.076   -3.763   -0.454    8.097    9.730    9.856    9.989   11.272
   11.746   11.765   12.335   13.568   14.028   14.181
            0.420167  0.426951  0.000000
  -15.654  -14.833  -10.082   -3.761   -0.455    8.106    9.727    9.858    9.991   11.275
   11.749   11.767   12.336   13.571   14.030   14.183
            0.420000  0.427239  0.000000
  -15.652  -14.831  -10.088   -3.759   -0.456    8.114    9.724    9.860    9.993   11.278
   11.751   11.770   12.337   13.573   14.031   14.186
            0.419833  0.427528  0.000000
  -15.651  -14.830  -10.094   -3.756   -0.457    8.123    9.721    9.862    9.995   11.280
   11.754   11.773   12.338   13.576   14.033   14.188
            0.419667  0.427817  0.000000
  -15.649  -14.828  -10.099   -3.754   -0.458    8.131    9.717    9.864    9.998   11.283
   11.757   11.775   12.339   13.579   14.034   14.190
            0.419500  0.428105  0.000000
  -15.647  -14.827  -10.105   -3.752   -0.459    8.139    9.714    9.866   10.000   11.286
   11.759   11.778   12.340   13.581   14.035   14.192
            0.419333  0.428394  0.000000
  -15.646  -14.825  -10.111   -3.749   -0.460    8.148    9.711    9.868   10.002   11.288
   11.762   11.780   12.340   13.584   14.037   14.194
            0.419167  0.428683  0.000000
  -15.644  -14.823  -10.117   -3.747   -0.461    8.156    9.708    9.870   10.004   11.291
   11.764   11.783   12.341   13.587   14.038   14.196
            0.419000  0.428971  0.000000
  -15.643  -14.822  -10.123   -3.745   -0.462    8.165    9.705    9.873   10.007   11.294
   11.767   11.786   12.342   13.589   14.040   14.199
            0.418833  0.429260  0.000000
  -15.641  -14.820  -10.129   -3.742   -0.463    8.173    9.701    9.875   10.009   11.296
   11.769   11.788   12.343   13.592   14.041   14.201
            0.418667  0.429549  0.000000
  -15.639  -14.819  -10.135   -3.740   -0.464    8.182    9.698    9.877   10.011   11.299
   11.772   11.791   12.344   13.595   14.043   14.203
            0.418500  0.429837  0.000000
  -15.638  -14.817  -10.141   -3.738   -0.465    8.190    9.695    9.879   10.013   11.302
   11.775   11.793   12.345   13.597   14.044   14.205
            0.418333  0.430126  0.000000
  -15.636  -14.815  -10.147   -3.735   -0.467    8.199    9.692    9.881   10.016   11.304
   11.777   11.796   12.346   13.600   14.045   14.207
            0.418167  0.430415  0.000000
  -15.634  -14.814  -10.153   -3.733   -0.468    8.207    9.688    9.883   10.018   11.307
   11.780   11.799   12.347   13.603   14.047   14.209
            0.418000  0.430703  0.000000
  -15.633  -14.812  -10.159   -3.730   -0.469    8.216    9.685    9.885   10.020   11.310
   11.782   11.801   12.348   13.605   14.048   14.212
            0.417833  0.430992  0.000000
  -15.631  -14.811  -10.165   -3.728   -0.470    8.224    9.682    9.887   10.023   11.312
   11.785   11.804   12.349   13.608   14.050   14.214
            0.417667  0.431281  0.000000
  -15.630  -14.809  -10.171   -3.726   -0.471    8.233    9.678    9.889   10.025   11.315
   11.788   11.807   12.350   13.611   14.051   14.216
            0.417500  0.431569  0.000000
  -15.628  -14.807  -10.177   -3.723   -0.472    8.241    9.675    9.891   10.027   11.318
   11.790   11.809   12.351   13.613   14.053   14.218
            0.417333  0.431858  0.000000
  -15.626  -14.806  -10.183   -3.721   -0.473    8.250    9.672    9.893   10.030   11.320
   11.793   11.812   12.352   13.616   14.054   14.220
            0.417167  0.432147  0.000000
  -15.625  -14.804  -10.189   -3.718   -0.474    8.258    9.669    9.895   10.032   11.323
   11.795   11.815   12.353   13.619   14.055   14.223
            0.417000  0.432435  0.000000
  -15.623  -14.803  -10.195   -3.716   -0.476    8.267    9.665    9.898   10.034   11.326
   11.798   11.817   12.355   13.622   14.057   14.225
            0.416833  0.432724  0.000000
  -15.621  -14.801  -10.201   -3.714   -0.477    8.275    9.662    9.900   10.036   11.329
   11.801   11.820   12.356   13.624   14.058   14.227
            0.416667  0.433013  0.000000
  -15.620  -14.799  -10.208   -3.711   -0.478    8.284    9.659    9.902   10.039   11.331
   11.803   11.823   12.357   13.627   14.060   14.229
            0.416500  0.433301  0.000000
  -15.618  -14.798  -10.214   -3.709   -0.479    8.293    9.655    9.904   10.041   11.334
   11.806   11.826   12.358   13.630   14.061   14.231
            0.416333  0.433590  0.000000
  -15.616  -14.796  -10.220   -3.706   -0.480    8.301    9.652    9.906   10.043   11.337
   11.809   11.828   12.359   13.632   14.063   14.234
            0.416167  0.433879  0.000000
  -15.615  -14.794  -10.226   -3.704   -0.481    8.310    9.649    9.908   10.046   11.340
   11.811   11.831   12.360   13.635   14.064   14.236
            0.416000  0.434167  0.000000
  -15.613  -14.793  -10.232   -3.701   -0.483    8.318    9.645    9.910   10.048   11.342
   11.814   11.834   12.361   13.638   14.065   14.238
            0.415833  0.434456  0.000000
  -15.611  -14.791  -10.238   -3.699   -0.484    8.327    9.642    9.912   10.050   11.345
   11.817   11.836   12.362   13.641   14.067   14.240
            0.415667  0.434745  0.000000
  -15.610  -14.790  -10.244   -3.697   -0.485    8.336    9.639    9.915   10.053   11.348
   11.819   11.839   12.364   13.644   14.068   14.243
            0.415500  0.435033  0.000000
  -15.608  -14.788  -10.250   -3.694   -0.486    8.344    9.635    9.917   10.055   11.351
   11.822   11.842   12.365   13.646   14.070   14.245
            0.415333  0.435322  0.000000
  -15.606  -14.786  -10.256   -3.692   -0.487    8.353    9.632    9.919   10.057   11.353
   11.825   11.845   12.366   13.649   14.071   14.247
            0.415167  0.435611  0.000000
  -15.605  -14.785  -10.262   -3.689   -0.489    8.361    9.628    9.921   10.060   11.356
   11.827   11.847   12.367   13.652   14.072   14.249
            0.415000  0.435899  0.000000
  -15.603  -14.783  -10.268   -3.687   -0.490    8.370    9.625    9.923   10.062   11.359
   11.830   11.850   12.368   13.655   14.074   14.252
            0.414833  0.436188  0.000000
  -15.601  -14.781  -10.274   -3.684   -0.491    8.379    9.622    9.925   10.065   11.362
   11.833   11.853   12.369   13.657   14.075   14.254
            0.414667  0.436477  0.000000
  -15.599  -14.780  -10.280   -3.682   -0.492    8.387    9.618    9.927   10.067   11.365
   11.835   11.856   12.371   13.660   14.077   14.256
            0.414500  0.436765  0.000000
  -15.598  -14.778  -10.286   -3.679   -0.493    8.396    9.615    9.930   10.069   11.367
   11.838   11.858   12.372   13.663   14.078   14.258
            0.414333  0.437054  0.000000
  -15.596  -14.776  -10.293   -3.677   -0.495    8.405    9.612    9.932   10.072   11.370
   11.841   11.861   12.373   13.666   14.080   14.261
            0.414167  0.437343  0.000000
  -15.594  -14.775  -10.299   -3.674   -0.496    8.413    9.608    9.934   10.074   11.373
   11.844   11.864   12.374   13.669   14.081   14.263
            0.414000  0.437632  0.000000
  -15.593  -14.773  -10.305   -3.672   -0.497    8.422    9.605    9.936   10.076   11.376
   11.846   11.867   12.376   13.672   14.082   14.265
            0.413833  0.437920  0.000000
  -15.591  -14.771  -10.311   -3.669   -0.498    8.431    9.601    9.938   10.079   11.379
   11.849   11.869   12.377   13.674   14.084   14.267
            0.413667  0.438209  0.000000
  -15.589  -14.770  -10.317   -3.667   -0.500    8.439    9.598    9.940   10.081   11.382
   11.852   11.872   12.378   13.677   14.085   14.270
            0.413500  0.438498  0.000000
  -15.587  -14.768  -10.323   -3.664   -0.501    8.448    9.594    9.943   10.084   11.384
   11.855   11.875   12.379   13.680   14.087   14.272
            0.413333  0.438786  0.000000
  -15.586  -14.766  -10.329   -3.662   -0.502    8.457    9.591    9.945   10.086   11.387
   11.857   11.878   12.381   13.683   14.088   14.274
            0.413167  0.439075  0.000000
  -15.584  -14.765  -10.335   -3.659   -0.503    8.465    9.588    9.947   10.088   11.390
   11.860   11.881   12.382   13.686   14.090   14.276
            0.413000  0.439364  0.000000
  -15.582  -14.763  -10.341   -3.657   -0.505    8.474    9.584    9.949   10.091   11.393
   11.863   11.883   12.383   13.689   14.091   14.279
            0.412833  0.439652  0.000000
  -15.581  -14.761  -10.348   -3.654   -0.506    8.483    9.581    9.951   10.093   11.396
   11.866   11.886   12.385   13.691   14.092   14.281
            0.412667  0.439941  0.000000
  -15.579  -14.760  -10.354   -3.652   -0.507    8.491    9.577    9.953   10.096   11.399
   11.868   11.889   12.386   13.694   14.094   14.283
            0.412500  0.440230  0.000000
  -15.577  -14.758  -10.360   -3.649   -0.509    8.500    9.574    9.956   10.098   11.402
   11.871   11.892   12.387   13.697   14.095   14.286
            0.412333  0.440518  0.000000
  -15.575  -14.756  -10.366   -3.647   -0.510    8.509    9.570    9.958   10.101   11.404
   11.874   11.895   12.389   13.700   14.097   14.288
            0.412167  0.440807  0.000000
  -15.574  -14.754  -10.372   -3.644   -0.511    8.518    9.567    9.960   10.103   11.407
   11.877   11.898   12.390   13.703   14.098   14.290
            0.412000  0.441096  0.000000
  -15.572  -14.753  -10.378   -3.641   -0.512    8.526    9.564    9.962   10.105   11.410
   11.879   11.900   12.391   13.706   14.099   14.292
            0.411833  0.441384  0.000000
  -15.570  -14.751  -10.384   -3.639   -0.514    8.535    9.560    9.964   10.108   11.413
   11.882   11.903   12.393   13.709   14.101   14.295
            0.411667  0.441673  0.000000
  -15.568  -14.749  -10.391   -3.636   -0.515    8.544    9.557    9.967   10.110   11.416
   11.885   11.906   12.394   13.712   14.102   14.297
            0.411500  0.441962  0.000000
  -15.567  -14.748  -10.397   -3.634   -0.516    8.552    9.553    9.969   10.113   11.419
   11.888   11.909   12.396   13.715   14.104   14.299
            0.411333  0.442250  0.000000
  -15.565  -14.746  -10.403   -3.631   -0.518    8.561    9.550    9.971   10.115   11.422
   11.891   11.912   12.397   13.717   14.105   14.302
            0.411167  0.442539  0.000000
  -15.563  -14.744  -10.409   -3.629   -0.519    8.570    9.546    9.973   10.118   11.425
   11.893   11.915   12.399   13.720   14.106   14.304
            0.411000  0.442828  0.000000
  -15.561  -14.743  -10.415   -3.626   -0.520    8.579    9.543    9.976   10.120   11.428
   11.896   11.918   12.400   13.723   14.108   14.306
            0.410833  0.443116  0.000000
  -15.559  -14.741  -10.421   -3.623   -0.522    8.587    9.539    9.978   10.123   11.431
   11.899   11.920   12.401   13.726   14.109   14.309
            0.410667  0.443405  0.000000
  -15.558  -14.739  -10.428   -3.621   -0.523    8.596    9.536    9.980   10.125   11.434
   11.902   11.923   12.403   13.729   14.111   14.311
            0.410500  0.443694  0.000000
  -15.556  -14.737  -10.434   -3.618   -0.525    8.605    9.532    9.982   10.127   11.436
   11.905   11.926   12.404   13.732   14.112   14.313
            0.410333  0.443982  0.000000
  -15.554  -14.736  -10.440   -3.616   -0.526    8.614    9.529    9.984   10.130   11.439
   11.907   11.929   12.406   13.735   14.113   14.316
            0.410167  0.444271  0.000000
  -15.552  -14.734  -10.446   -3.613   -0.527    8.623    9.525    9.987   10.132   11.442
   11.910   11.932   12.407   13.738   14.115   14.318
            0.410000  0.444560  0.000000
  -15.551  -14.732  -10.452   -3.610   -0.529    8.631    9.522    9.989   10.135   11.445
   11.913   11.935   12.409   13.741   14.116   14.320
            0.409833  0.444848  0.000000
  -15.549  -14.731  -10.458   -3.608   -0.530    8.640    9.518    9.991   10.137   11.448
   11.916   11.938   12.410   13.744   14.118   14.323
            0.409667  0.445137  0.000000
  -15.547  -14.729  -10.465   -3.605   -0.531    8.649    9.515    9.993   10.140   11.451
   11.919   11.941   12.412   13.747   14.119   14.325
            0.409500  0.445426  0.000000
  -15.545  -14.727  -10.471   -3.603   -0.533    8.658    9.511    9.996   10.142   11.454
   11.922   11.944   12.413   13.750   14.120   14.327
            0.409333  0.445714  0.000000
  -15.543  -14.725  -10.477   -3.600   -0.534    8.667    9.508    9.998   10.145   11.457
   11.925   11.947   12.415   13.753   14.122   14.330
            0.409167  0.446003  0.000000
  -15.542  -14.724  -10.483   -3.597   -0.536    8.675    9.504   10.000   10.147   11.460
   11.927   11.950   12.416   13.756   14.123   14.332
            0.409000  0.446292  0.000000
  -15.540  -14.722  -10.489   -3.595   -0.537    8.684    9.501   10.002   10.150   11.463
   11.930   11.952   12.418   13.759   14.125   14.334
            0.408833  0.446580  0.000000
  -15.538  -14.720  -10.496   -3.592   -0.538    8.693    9.497   10.005   10.152   11.466
   11.933   11.955   12.420   13.762   14.126   14.337
            0.408667  0.446869  0.000000
  -15.536  -14.718  -10.502   -3.589   -0.540    8.702    9.494   10.007   10.155   11.469
   11.936   11.958   12.421   13.765   14.127   14.339
            0.408500  0.447158  0.000000
  -15.534  -14.717  -10.508   -3.587   -0.541    8.711    9.490   10.009   10.157   11.472
   11.939   11.961   12.423   13.768   14.129   14.341
            0.408333  0.447446  0.000000
  -15.532  -14.715  -10.514   -3.584   -0.543    8.719    9.487   10.012   10.160   11.475
   11.942   11.964   12.424   13.771   14.130   14.344
            0.408167  0.447735  0.000000
  -15.531  -14.713  -10.520   -3.581   -0.544    8.728    9.483   10.014   10.162   11.478
   11.945   11.967   12.426   13.774   14.131   14.346
            0.408000  0.448024  0.000000
  -15.529  -14.711  -10.527   -3.579   -0.546    8.737    9.480   10.016   10.165   11.481
   11.948   11.970   12.428   13.777   14.133   14.349
            0.407833  0.448312  0.000000
  -15.527  -14.710  -10.533   -3.576   -0.547    8.746    9.476   10.018   10.167   11.484
   11.951   11.973   12.429   13.780   14.134   14.351
            0.407667  0.448601  0.000000
  -15.525  -14.708  -10.539   -3.573   -0.548    8.755    9.473   10.021   10.170   11.487
   11.953   11.976   12.431   13.783   14.136   14.353
            0.407500  0.448890  0.000000
  -15.523  -14.706  -10.545   -3.571   -0.550    8.764    9.469   10.023   10.173   11.490
   11.956   11.979   12.432   13.786   14.137   14.356
            0.407333  0.449179  0.000000
  -15.521  -14.704  -10.552   -3.568   -0.551    8.772    9.466   10.025   10.175   11.493
   11.959   11.982   12.434   13.789   14.138   14.358
            0.407167  0.449467  0.000000
  -15.520  -14.703  -10.558   -3.565   -0.553    8.781    9.462   10.028   10.178   11.496
   11.962   11.985   12.436   13.792   14.140   14.360
            0.407000  0.449756  0.000000
  -15.518  -14.701  -10.564   -3.563   -0.554    8.790    9.459   10.030   10.180   11.499
   11.965   11.988   12.437   13.795   14.141   14.363
            0.406833  0.450045  0.000000
  -15.516  -14.699  -10.570   -3.560   -0.556    8.799    9.455   10.032   10.183   11.503
   11.968   11.991   12.439   13.798   14.142   14.365
            0.406667  0.450333  0.000000
  -15.514  -14.697  -10.577   -3.557   -0.557    8.808    9.452   10.034   10.185   11.506
   11.971   11.994   12.441   13.801   14.144   14.368
            0.406500  0.450622  0.000000
  -15.512  -14.696  -10.583   -3.555   -0.559    8.817    9.448   10.037   10.188   11.509
   11.974   11.997   12.443   13.804   14.145   14.370
            0.406333  0.450911  0.000000
  -15.510  -14.694  -10.589   -3.552   -0.560    8.826    9.445   10.039   10.190   11.512
   11.977   12.000   12.444   13.807   14.146   14.372
            0.406167  0.451199  0.000000
  -15.508  -14.692  -10.595   -3.549   -0.562    8.834    9.441   10.041   10.193   11.515
   11.980   12.003   12.446   13.810   14.148   14.375
            0.406000  0.451488  0.000000
  -15.507  -14.690  -10.602   -3.546   -0.563    8.843    9.438   10.044   10.196   11.518
   11.983   12.006   12.448   13.813   14.149   14.377
            0.405833  0.451777  0.000000
  -15.505  -14.689  -10.608   -3.544   -0.565    8.852    9.434   10.046   10.198   11.521
   11.986   12.009   12.449   13.816   14.151   14.379
            0.405667  0.452065  0.000000
  -15.503  -14.687  -10.614   -3.541   -0.566    8.861    9.430   10.048   10.201   11.524
   11.989   12.012   12.451   13.820   14.152   14.382
            0.405500  0.452354  0.000000
  -15.501  -14.685  -10.620   -3.538   -0.568    8.870    9.427   10.051   10.203   11.527
   11.992   12.015   12.453   13.823   14.153   14.384
            0.405333  0.452643  0.000000
  -15.499  -14.683  -10.627   -3.535   -0.569    8.879    9.423   10.053   10.206   11.530
   11.995   12.018   12.455   13.826   14.155   14.387
            0.405167  0.452931  0.000000
  -15.497  -14.681  -10.633   -3.533   -0.571    8.888    9.420   10.055   10.209   11.533
   11.998   12.021   12.456   13.829   14.156   14.389
            0.405000  0.453220  0.000000
  -15.495  -14.680  -10.639   -3.530   -0.573    8.897    9.416   10.058   10.211   11.537
   12.001   12.024   12.458   13.832   14.157   14.392
            0.404833  0.453509  0.000000
  -15.493  -14.678  -10.645   -3.527   -0.574    8.905    9.413   10.060   10.214   11.540
   12.004   12.028   12.460   13.835   14.159   14.394
            0.404667  0.453797  0.000000
  -15.491  -14.676  -10.652   -3.524   -0.576    8.914    9.409   10.062   10.216   11.543
   12.007   12.031   12.462   13.838   14.160   14.396
            0.404500  0.454086  0.000000
  -15.490  -14.674  -10.658   -3.522   -0.577    8.923    9.406   10.065   10.219   11.546
   12.010   12.034   12.464   13.841   14.161   14.399
            0.404333  0.454375  0.000000
  -15.488  -14.673  -10.664   -3.519   -0.579    8.932    9.402   10.067   10.222   11.549
   12.013   12.037   12.466   13.845   14.163   14.401
            0.404167  0.454663  0.000000
  -15.486  -14.671  -10.670   -3.516   -0.580    8.941    9.399   10.069   10.224   11.552
   12.016   12.040   12.467   13.848   14.164   14.404
            0.404000  0.454952  0.000000
  -15.484  -14.669  -10.677   -3.513   -0.582    8.950    9.395   10.072   10.227   11.555
   12.019   12.043   12.469   13.851   14.165   14.406
            0.403833  0.455241  0.000000
  -15.482  -14.667  -10.683   -3.511   -0.584    8.959    9.391   10.074   10.229   11.559
   12.022   12.046   12.471   13.854   14.167   14.408
            0.403667  0.455529  0.000000
  -15.480  -14.665  -10.689   -3.508   -0.585    8.968    9.388   10.076   10.232   11.562
   12.025   12.049   12.473   13.857   14.168   14.411
            0.403500  0.455818  0.000000
  -15.478  -14.664  -10.695   -3.505   -0.587    8.977    9.384   10.079   10.235   11.565
   12.028   12.052   12.475   13.860   14.169   14.413
            0.403333  0.456107  0.000000
  -15.476  -14.662  -10.702   -3.502   -0.588    8.985    9.381   10.081   10.237   11.568
   12.031   12.055   12.477   13.863   14.171   14.416
            0.403167  0.456395  0.000000
  -15.474  -14.660  -10.708   -3.499   -0.590    8.994    9.377   10.083   10.240   11.571
   12.034   12.059   12.479   13.867   14.172   14.418
            0.403000  0.456684  0.000000
  -15.472  -14.658  -10.714   -3.497   -0.592    9.003    9.374   10.086   10.243   11.574
   12.037   12.062   12.481   13.870   14.173   14.421
            0.402833  0.456973  0.000000
  -15.470  -14.656  -10.721   -3.494   -0.593    9.012    9.370   10.088   10.245   11.578
   12.040   12.065   12.482   13.873   14.175   14.423
            0.402667  0.457261  0.000000
  -15.468  -14.655  -10.727   -3.491   -0.595    9.021    9.367   10.090   10.248   11.581
   12.043   12.068   12.484   13.876   14.176   14.425
            0.402500  0.457550  0.000000
  -15.466  -14.653  -10.733   -3.488   -0.597    9.030    9.363   10.093   10.251   11.584
   12.046   12.071   12.486   13.879   14.177   14.428
            0.402333  0.457839  0.000000
  -15.465  -14.651  -10.739   -3.485   -0.598    9.039    9.360   10.095   10.253   11.587
   12.049   12.074   12.488   13.883   14.178   14.430
            0.402167  0.458127  0.000000
  -15.463  -14.649  -10.746   -3.482   -0.600    9.048    9.356   10.098   10.256   11.590
   12.052   12.077   12.490   13.886   14.180   14.433
            0.402000  0.458416  0.000000
  -15.461  -14.647  -10.752   -3.480   -0.602    9.057    9.353   10.100   10.259   11.594
   12.055   12.080   12.492   13.889   14.181   14.435
            0.401833  0.458705  0.000000
  -15.459  -14.646  -10.758   -3.477   -0.603    9.066    9.349   10.102   10.261   11.597
   12.059   12.084   12.494   13.892   14.182   14.438
            0.401667  0.458993  0.000000
  -15.457  -14.644  -10.765   -3.474   -0.605    9.075    9.345   10.105   10.264   11.600
   12.062   12.087   12.496   13.895   14.184   14.440
            0.401500  0.459282  0.000000
  -15.455  -14.642  -10.771   -3.471   -0.607    9.083    9.342   10.107   10.267   11.603
   12.065   12.090   12.498   13.899   14.185   14.443
            0.401333  0.459571  0.000000
  -15.453  -14.640  -10.777   -3.468   -0.608    9.092    9.338   10.110   10.269   11.607
   12.068   12.093   12.500   13.902   14.186   14.445
            0.401167  0.459859  0.000000
  -15.451  -14.638  -10.784   -3.465   -0.610    9.101    9.335   10.112   10.272   11.610
   12.071   12.096   12.502   13.905   14.188   14.448
            0.401000  0.460148  0.000000
  -15.449  -14.636  -10.790   -3.463   -0.612    9.110    9.331   10.114   10.275   11.613
   12.074   12.100   12.504   13.908   14.189   14.450
            0.400833  0.460437  0.000000
  -15.447  -14.635  -10.796   -3.460   -0.613    9.119    9.328   10.117   10.277   11.616
   12.077   12.103   12.506   13.912   14.190   14.452
            0.400667  0.460726  0.000000
  -15.445  -14.633  -10.802   -3.457   -0.615    9.128    9.324   10.119   10.280   11.620
   12.080   12.106   12.508   13.915   14.191   14.455
            0.400500  0.461014  0.000000
  -15.443  -14.631  -10.809   -3.454   -0.617    9.137    9.321   10.122   10.283   11.623
   12.083   12.109   12.510   13.918   14.193   14.457
            0.400333  0.461303  0.000000
  -15.441  -14.629  -10.815   -3.451   -0.619    9.146    9.317   10.124   10.285   11.626
   12.087   12.112   12.512   13.921   14.194   14.460
            0.400167  0.461592  0.000000
  -15.439  -14.627  -10.821   -3.448   -0.620    9.155    9.314   10.126   10.288   11.629
   12.090   12.116   12.514   13.925   14.195   14.462
            0.400000  0.461880  0.000000
  -15.437  -14.625  -10.828   -3.445   -0.622    9.164    9.310   10.129   10.291   11.633
   12.093   12.119   12.516   13.928   14.197   14.465
            0.399833  0.462169  0.000000
  -15.435  -14.624  -10.834   -3.442   -0.624    9.173    9.307   10.131   10.294   11.636
   12.096   12.122   12.518   13.931   14.198   14.467
            0.399667  0.462458  0.000000
  -15.433  -14.622  -10.840   -3.439   -0.626    9.182    9.303   10.134   10.296   11.639
   12.099   12.125   12.521   13.935   14.199   14.470
            0.399500  0.462746  0.000000
  -15.431  -14.620  -10.847   -3.437   -0.627    9.190    9.300   10.136   10.299   11.643
   12.102   12.128   12.523   13.938   14.200   14.472
            0.399333  0.463035  0.000000
  -15.429  -14.618  -10.853   -3.434   -0.629    9.199    9.296   10.138   10.302   11.646
   12.105   12.132   12.525   13.941   14.202   14.475
            0.399167  0.463324  0.000000
  -15.427  -14.616  -10.859   -3.431   -0.631    9.208    9.293   10.141   10.305   11.649
   12.109   12.135   12.527   13.945   14.203   14.477
            0.399000  0.463612  0.000000
  -15.425  -14.614  -10.866   -3.428   -0.633    9.217    9.289   10.143   10.307   11.652
   12.112   12.138   12.529   13.948   14.204   14.480
            0.398833  0.463901  0.000000
  -15.423  -14.613  -10.872   -3.425   -0.634    9.226    9.286   10.146   10.310   11.656
   12.115   12.141   12.531   13.951   14.205   14.482
            0.398667  0.464190  0.000000
  -15.421  -14.611  -10.878   -3.422   -0.636    9.235    9.282   10.148   10.313   11.659
   12.118   12.145   12.533   13.954   14.207   14.485
            0.398500  0.464478  0.000000
  -15.419  -14.609  -10.884   -3.419   -0.638    9.244    9.278   10.151   10.316   11.662
   12.121   12.148   12.535   13.958   14.208   14.487
            0.398333  0.464767  0.000000
  -15.417  -14.607  -10.891   -3.416   -0.640    9.253    9.275   10.153   10.318   11.666
   12.124   12.151   12.538   13.961   14.209   14.490
            0.398167  0.465056  0.000000
  -15.415  -14.605  -10.897   -3.413   -0.642    9.262    9.271   10.155   10.321   11.669
   12.128   12.154   12.540   13.964   14.210   14.492
            0.398000  0.465344  0.000000
  -15.413  -14.603  -10.903   -3.410   -0.644    9.268    9.271   10.158   10.324   11.672
   12.131   12.158   12.542   13.968   14.212   14.495
            0.397833  0.465633  0.000000
  -15.411  -14.602  -10.910   -3.407   -0.645    9.264    9.280   10.160   10.327   11.676
   12.134   12.161   12.544   13.971   14.213   14.497
            0.397667  0.465922  0.000000
  -15.409  -14.600  -10.916   -3.404   -0.647    9.261    9.288   10.163   10.329   11.679
   12.137   12.164   12.546   13.975   14.214   14.499
            0.397500  0.466210  0.000000
  -15.407  -14.598  -10.922   -3.401   -0.649    9.257    9.297   10.165   10.332   11.683
   12.140   12.168   12.549   13.978   14.215   14.502
            0.397333  0.466499  0.000000
  -15.405  -14.596  -10.929   -3.398   -0.651    9.254    9.306   10.168   10.335   11.686
   12.144   12.171   12.551   13.981   14.216   14.504
            0.397167  0.466788  0.000000
  -15.403  -14.594  -10.935   -3.395   -0.653    9.250    9.315   10.170   10.338   11.689
   12.147   12.174   12.553   13.985   14.218   14.507
            0.397000  0.467076  0.000000
  -15.401  -14.592  -10.941   -3.392   -0.655    9.247    9.324   10.173   10.341   11.693
   12.150   12.178   12.555   13.988   14.219   14.509
            0.396833  0.467365  0.000000
  -15.398  -14.590  -10.948   -3.389   -0.656    9.244    9.333   10.175   10.343   11.696
   12.153   12.181   12.557   13.991   14.220   14.512
            0.396667  0.467654  0.000000
  -15.396  -14.589  -10.954   -3.386   -0.658    9.240    9.342   10.177   10.346   11.699
   12.157   12.184   12.560   13.995   14.221   14.514
            0.396500  0.467942  0.000000
  -15.394  -14.587  -10.960   -3.383   -0.660    9.237    9.351   10.180   10.349   11.703
   12.160   12.187   12.562   13.998   14.223   14.517
            0.396333  0.468231  0.000000
  -15.392  -14.585  -10.967   -3.380   -0.662    9.233    9.360   10.182   10.352   11.706
   12.163   12.191   12.564   14.002   14.224   14.519
            0.396167  0.468520  0.000000
  -15.390  -14.583  -10.973   -3.377   -0.664    9.230    9.369   10.185   10.355   11.710
   12.166   12.194   12.567   14.005   14.225   14.522
            0.396000  0.468808  0.000000
  -15.388  -14.581  -10.979   -3.374   -0.666    9.226    9.377   10.187   10.357   11.713
   12.170   12.197   12.569   14.008   14.226   14.524
            0.395833  0.469097  0.000000
  -15.386  -14.579  -10.986   -3.371   -0.668    9.223    9.386   10.190   10.360   11.717
   12.173   12.201   12.571   14.012   14.227   14.527
            0.395667  0.469386  0.000000
  -15.384  -14.577  -10.992   -3.368   -0.670    9.219    9.395   10.192   10.363   11.720
   12.176   12.204   12.573   14.015   14.229   14.529
            0.395500  0.469674  0.000000
  -15.382  -14.576  -10.998   -3.365   -0.672    9.216    9.404   10.195   10.366   11.723
   12.179   12.208   12.576   14.019   14.230   14.532
            0.395333  0.469963  0.000000
  -15.380  -14.574  -11.005   -3.362   -0.674    9.212    9.413   10.197   10.369   11.727
   12.183   12.211   12.578   14.022   14.231   14.534
            0.395167  0.470252  0.000000
  -15.378  -14.572  -11.011   -3.359   -0.676    9.209    9.422   10.200   10.371   11.730
   12.186   12.214   12.580   14.026   14.232   14.537
            0.395000  0.470540  0.000000
  -15.376  -14.570  -11.017   -3.356   -0.677    9.205    9.431   10.202   10.374   11.734
   12.189   12.218   12.583   14.029   14.233   14.540
            0.394833  0.470829  0.000000
  -15.374  -14.568  -11.023   -3.353   -0.679    9.202    9.440   10.205   10.377   11.737
   12.192   12.221   12.585   14.032   14.234   14.542
            0.394667  0.471118  0.000000
  -15.371  -14.566  -11.030   -3.350   -0.681    9.198    9.448   10.207   10.380   11.741
   12.196   12.224   12.587   14.036   14.236   14.545
            0.394500  0.471406  0.000000
  -15.369  -14.564  -11.036   -3.347   -0.683    9.195    9.457   10.210   10.383   11.744
   12.199   12.228   12.590   14.039   14.237   14.547
            0.394333  0.471695  0.000000
  -15.367  -14.563  -11.042   -3.344   -0.685    9.192    9.466   10.212   10.386   11.748
   12.202   12.231   12.592   14.043   14.238   14.550
            0.394167  0.471984  0.000000
  -15.365  -14.561  -11.049   -3.341   -0.687    9.188    9.475   10.215   10.389   11.751
   12.206   12.235   12.595   14.046   14.239   14.552
            0.394000  0.472273  0.000000
  -15.363  -14.559  -11.055   -3.338   -0.689    9.185    9.484   10.217   10.391   11.754
   12.209   12.238   12.597   14.050   14.240   14.555
            0.393833  0.472561  0.000000
  -15.361  -14.557  -11.061   -3.335   -0.691    9.181    9.493   10.220   10.394   11.758
   12.212   12.241   12.599   14.053   14.241   14.557
            0.393667  0.472850  0.000000
  -15.359  -14.555  -11.068   -3.332   -0.693    9.178    9.502   10.222   10.397   11.761
   12.216   12.245   12.602   14.057   14.243   14.560
            0.393500  0.473139  0.000000
  -15.357  -14.553  -11.074   -3.329   -0.695    9.174    9.510   10.225   10.400   11.765
   12.219   12.248   12.604   14.060   14.244   14.562
            0.393333  0.473427  0.000000
  -15.355  -14.551  -11.080   -3.326   -0.697    9.171    9.519   10.227   10.403   11.768
   12.222   12.252   12.607   14.064   14.245   14.565
            0.393167  0.473716  0.000000
  -15.352  -14.550  -11.087   -3.323   -0.699    9.168    9.528   10.230   10.406   11.772
   12.226   12.255   12.609   14.067   14.246   14.567
            0.393000  0.474005  0.000000
  -15.350  -14.548  -11.093   -3.319   -0.701    9.164    9.537   10.232   10.409   11.775
   12.229   12.258   12.611   14.071   14.247   14.570
            0.392833  0.474293  0.000000
  -15.348  -14.546  -11.099   -3.316   -0.703    9.161    9.546   10.235   10.412   11.779
   12.232   12.262   12.614   14.074   14.248   14.572
            0.392667  0.474582  0.000000
  -15.346  -14.544  -11.106   -3.313   -0.705    9.157    9.555   10.237   10.415   11.783
   12.236   12.265   12.616   14.078   14.249   14.575
            0.392500  0.474871  0.000000
  -15.344  -14.542  -11.112   -3.310   -0.707    9.154    9.563   10.240   10.417   11.786
   12.239   12.269   12.619   14.081   14.251   14.577
            0.392333  0.475159  0.000000
  -15.342  -14.540  -11.118   -3.307   -0.710    9.151    9.572   10.242   10.420   11.790
   12.242   12.272   12.621   14.085   14.252   14.580
            0.392167  0.475448  0.000000
  -15.340  -14.538  -11.125   -3.304   -0.712    9.147    9.581   10.245   10.423   11.793
   12.246   12.276   12.624   14.088   14.253   14.582
            0.392000  0.475737  0.000000
  -15.338  -14.536  -11.131   -3.301   -0.714    9.144    9.590   10.247   10.426   11.797
   12.249   12.279   12.626   14.092   14.254   14.585
            0.391833  0.476025  0.000000
  -15.335  -14.535  -11.137   -3.298   -0.716    9.140    9.599   10.250   10.429   11.800
   12.252   12.283   12.629   14.095   14.255   14.587
            0.391667  0.476314  0.000000
  -15.333  -14.533  -11.143   -3.295   -0.718    9.137    9.607   10.252   10.432   11.804
   12.256   12.286   12.631   14.099   14.256   14.590
            0.391500  0.476603  0.000000
  -15.331  -14.531  -11.150   -3.291   -0.720    9.134    9.616   10.255   10.435   11.807
   12.259   12.290   12.634   14.103   14.257   14.592
            0.391333  0.476891  0.000000
  -15.329  -14.529  -11.156   -3.288   -0.722    9.130    9.625   10.257   10.438   11.811
   12.263   12.293   12.636   14.106   14.258   14.595
            0.391167  0.477180  0.000000
  -15.327  -14.527  -11.162   -3.285   -0.724    9.127    9.634   10.260   10.441   11.814
   12.266   12.297   12.639   14.110   14.260   14.597
            0.391000  0.477469  0.000000
  -15.325  -14.525  -11.169   -3.282   -0.726    9.124    9.643   10.262   10.444   11.818
   12.269   12.300   12.641   14.113   14.261   14.600
            0.390833  0.477757  0.000000
  -15.322  -14.523  -11.175   -3.279   -0.728    9.120    9.651   10.265   10.447   11.822
   12.273   12.304   12.644   14.117   14.262   14.602
            0.390667  0.478046  0.000000
  -15.320  -14.521  -11.181   -3.276   -0.730    9.117    9.660   10.267   10.450   11.825
   12.276   12.307   12.646   14.120   14.263   14.605
            0.390500  0.478335  0.000000
  -15.318  -14.520  -11.188   -3.273   -0.733    9.114    9.669   10.270   10.453   11.829
   12.279   12.311   12.649   14.124   14.264   14.607
            0.390333  0.478623  0.000000
  -15.316  -14.518  -11.194   -3.269   -0.735    9.110    9.678   10.273   10.456   11.832
   12.283   12.314   12.652   14.128   14.265   14.610
            0.390167  0.478912  0.000000
  -15.314  -14.516  -11.200   -3.266   -0.737    9.107    9.686   10.275   10.459   11.836
   12.286   12.318   12.654   14.131   14.266   14.612
            0.390000  0.479201  0.000000
  -15.311  -14.514  -11.207   -3.263   -0.739    9.104    9.695   10.278   10.462   11.840
   12.290   12.321   12.657   14.135   14.267   14.615
            0.389833  0.479489  0.000000
  -15.309  -14.512  -11.213   -3.260   -0.741    9.100    9.704   10.280   10.465   11.843
   12.293   12.325   12.659   14.138   14.268   14.618
            0.389667  0.479778  0.000000
  -15.307  -14.510  -11.219   -3.257   -0.743    9.097    9.712   10.283   10.468   11.847
   12.297   12.328   12.662   14.142   14.269   14.620
            0.389500  0.480067  0.000000
  -15.305  -14.508  -11.225   -3.253   -0.746    9.094    9.721   10.285   10.470   11.850
   12.300   12.332   12.665   14.146   14.270   14.623
            0.389333  0.480355  0.000000
  -15.303  -14.506  -11.232   -3.250   -0.748    9.090    9.730   10.288   10.473   11.854
   12.303   12.335   12.667   14.149   14.271   14.625
            0.389167  0.480644  0.000000
  -15.300  -14.504  -11.238   -3.247   -0.750    9.087    9.738   10.290   10.476   11.858
   12.307   12.339   12.670   14.153   14.272   14.628
            0.389000  0.480933  0.000000
  -15.298  -14.503  -11.244   -3.244   -0.752    9.084    9.747   10.293   10.479   11.861
   12.310   12.342   12.672   14.157   14.274   14.630
            0.388833  0.481221  0.000000
  -15.296  -14.501  -11.251   -3.241   -0.754    9.080    9.756   10.295   10.483   11.865
   12.314   12.346   12.675   14.160   14.275   14.633
            0.388667  0.481510  0.000000
  -15.294  -14.499  -11.257   -3.237   -0.757    9.077    9.765   10.298   10.486   11.869
   12.317   12.349   12.678   14.164   14.276   14.635
            0.388500  0.481799  0.000000
  -15.292  -14.497  -11.263   -3.234   -0.759    9.074    9.773   10.301   10.489   11.872
   12.321   12.353   12.680   14.167   14.277   14.638
            0.388333  0.482087  0.000000
  -15.289  -14.495  -11.269   -3.231   -0.761    9.071    9.782   10.303   10.492   11.876
   12.324   12.357   12.683   14.171   14.278   14.640
            0.388167  0.482376  0.000000
  -15.287  -14.493  -11.276   -3.228   -0.763    9.067    9.790   10.306   10.495   11.880
   12.328   12.360   12.686   14.175   14.279   14.643
            0.388000  0.482665  0.000000
  -15.285  -14.491  -11.282   -3.225   -0.766    9.064    9.799   10.308   10.498   11.883
   12.331   12.364   12.688   14.178   14.280   14.645
            0.387833  0.482954  0.000000
  -15.283  -14.489  -11.288   -3.221   -0.768    9.061    9.808   10.311   10.501   11.887
   12.335   12.367   12.691   14.182   14.281   14.648
            0.387667  0.483242  0.000000
  -15.280  -14.488  -11.295   -3.218   -0.770    9.058    9.816   10.313   10.504   11.891
   12.338   12.371   12.694   14.186   14.282   14.650
            0.387500  0.483531  0.000000
  -15.278  -14.486  -11.301   -3.215   -0.772    9.054    9.825   10.316   10.507   11.894
   12.342   12.374   12.696   14.190   14.283   14.653
            0.387333  0.483820  0.000000
  -15.276  -14.484  -11.307   -3.212   -0.775    9.051    9.834   10.319   10.510   11.898
   12.345   12.378   12.699   14.193   14.284   14.655
            0.387167  0.484108  0.000000
  -15.274  -14.482  -11.313   -3.208   -0.777    9.048    9.842   10.321   10.513   11.902
   12.349   12.382   12.702   14.197   14.285   14.658
            0.387000  0.484397  0.000000
  -15.272  -14.480  -11.320   -3.205   -0.779    9.045    9.851   10.324   10.516   11.906
   12.352   12.385   12.705   14.201   14.286   14.660
            0.386833  0.484686  0.000000
  -15.269  -14.478  -11.326   -3.202   -0.781    9.041    9.859   10.326   10.519   11.909
   12.356   12.389   12.707   14.204   14.287   14.663
            0.386667  0.484974  0.000000
  -15.267  -14.476  -11.332   -3.199   -0.784    9.038    9.868   10.329   10.522   11.913
   12.359   12.393   12.710   14.208   14.288   14.665
            0.386500  0.485263  0.000000
  -15.265  -14.474  -11.338   -3.195   -0.786    9.035    9.876   10.331   10.525   11.917
   12.363   12.396   12.713   14.212   14.289   14.668
            0.386333  0.485552  0.000000
  -15.262  -14.473  -11.345   -3.192   -0.788    9.032    9.885   10.334   10.528   11.920
   12.366   12.400   12.716   14.215   14.290   14.670
            0.386167  0.485840  0.000000
  -15.260  -14.471  -11.351   -3.189   -0.791    9.029    9.893   10.337   10.531   11.924
   12.370   12.403   12.718   14.219   14.291   14.673
            0.386000  0.486129  0.000000
  -15.258  -14.469  -11.357   -3.185   -0.793    9.026    9.902   10.339   10.535   11.928
   12.373   12.407   12.721   14.223   14.292   14.675
            0.385833  0.486418  0.000000
  -15.256  -14.467  -11.364   -3.182   -0.795    9.022    9.910   10.342   10.538   11.932
   12.377   12.411   12.724   14.227   14.293   14.678
            0.385667  0.486706  0.000000
  -15.253  -14.465  -11.370   -3.179   -0.798    9.019    9.919   10.344   10.541   11.935
   12.380   12.414   12.727   14.230   14.294   14.680
            0.385500  0.486995  0.000000
  -15.251  -14.463  -11.376   -3.176   -0.800    9.016    9.927   10.347   10.544   11.939
   12.384   12.418   12.729   14.234   14.295   14.683
            0.385333  0.487284  0.000000
  -15.249  -14.461  -11.382   -3.172   -0.802    9.013    9.936   10.349   10.547   11.943
   12.387   12.422   12.732   14.238   14.296   14.685
            0.385167  0.487572  0.000000
  -15.247  -14.460  -11.389   -3.169   -0.805    9.010    9.944   10.352   10.550   11.947
   12.391   12.425   12.735   14.242   14.297   14.688
            0.385000  0.487861  0.000000
  -15.244  -14.458  -11.395   -3.166   -0.807    9.007    9.953   10.355   10.553   11.950
   12.394   12.429   12.738   14.245   14.298   14.690
            0.384833  0.488150  0.000000
  -15.242  -14.456  -11.401   -3.162   -0.810    9.003    9.961   10.357   10.557   11.954
   12.398   12.433   12.741   14.249   14.299   14.693
            0.384667  0.488438  0.000000
  -15.240  -14.454  -11.407   -3.159   -0.812    9.000    9.970   10.360   10.560   11.958
   12.402   12.436   12.743   14.253   14.300   14.695
            0.384500  0.488727  0.000000
  -15.237  -14.452  -11.413   -3.156   -0.814    8.997    9.978   10.362   10.563   11.962
   12.405   12.440   12.746   14.257   14.301   14.698
            0.384333  0.489016  0.000000
  -15.235  -14.450  -11.420   -3.152   -0.817    8.994    9.986   10.365   10.566   11.966
   12.409   12.444   12.749   14.261   14.302   14.700
            0.384167  0.489304  0.000000
  -15.233  -14.448  -11.426   -3.149   -0.819    8.991    9.995   10.368   10.569   11.969
   12.412   12.447   12.752   14.264   14.303   14.703
            0.384000  0.489593  0.000000
  -15.230  -14.446  -11.432   -3.146   -0.822    8.988   10.003   10.370   10.572   11.973
   12.416   12.451   12.755   14.268   14.304   14.705
            0.383833  0.489882  0.000000
  -15.228  -14.445  -11.438   -3.142   -0.824    8.985   10.011   10.373   10.576   11.977
   12.419   12.455   12.758   14.272   14.305   14.708
            0.383667  0.490170  0.000000
  -15.226  -14.443  -11.445   -3.139   -0.826    8.982   10.020   10.375   10.579   11.981
   12.423   12.459   12.761   14.276   14.305   14.710
            0.383500  0.490459  0.000000
  -15.224  -14.441  -11.451   -3.136   -0.829    8.979   10.028   10.378   10.582   11.985
   12.427   12.462   12.763   14.280   14.306   14.713
            0.383333  0.490748  0.000000
  -15.221  -14.439  -11.457   -3.132   -0.831    8.975   10.036   10.381   10.585   11.988
   12.430   12.466   12.766   14.283   14.307   14.715
            0.383167  0.491036  0.000000
  -15.219  -14.437  -11.463   -3.129   -0.834    8.972   10.045   10.383   10.589   11.992
   12.434   12.470   12.769   14.287   14.308   14.718
            0.383000  0.491325  0.000000
  -15.217  -14.435  -11.469   -3.125   -0.836    8.969   10.053   10.386   10.592   11.996
   12.437   12.473   12.772   14.291   14.309   14.720
            0.382833  0.491614  0.000000
  -15.214  -14.433  -11.476   -3.122   -0.839    8.966   10.061   10.388   10.595   12.000
   12.441   12.477   12.775   14.295   14.310   14.722
            0.382667  0.491902  0.000000
  -15.212  -14.432  -11.482   -3.119   -0.841    8.963   10.069   10.391   10.598   12.004
   12.445   12.481   12.778   14.299   14.311   14.725
            0.382500  0.492191  0.000000
  -15.210  -14.430  -11.488   -3.115   -0.844    8.960   10.078   10.394   10.602   12.008
   12.448   12.485   12.781   14.303   14.312   14.727
            0.382333  0.492480  0.000000
  -15.207  -14.428  -11.494   -3.112   -0.846    8.957   10.086   10.396   10.605   12.012
   12.452   12.488   12.784   14.307   14.313   14.730
            0.382167  0.492768  0.000000
  -15.205  -14.426  -11.500   -3.109   -0.849    8.954   10.094   10.399   10.608   12.015
   12.455   12.492   12.787   14.310   14.314   14.732
            0.382000  0.493057  0.000000
  -15.203  -14.424  -11.507   -3.105   -0.851    8.951   10.102   10.401   10.611   12.019
   12.459   12.496   12.790   14.314   14.315   14.735
            0.381833  0.493346  0.000000
  -15.200  -14.422  -11.513   -3.102   -0.854    8.948   10.110   10.404   10.615   12.023
   12.463   12.500   12.793   14.316   14.318   14.737
            0.381667  0.493634  0.000000
  -15.198  -14.421  -11.519   -3.098   -0.856    8.945   10.118   10.407   10.618   12.027
   12.466   12.504   12.796   14.317   14.322   14.740
            0.381500  0.493923  0.000000
  -15.196  -14.419  -11.525   -3.095   -0.859    8.942   10.126   10.409   10.621   12.031
   12.470   12.507   12.799   14.317   14.326   14.742
            0.381333  0.494212  0.000000
  -15.193  -14.417  -11.531   -3.091   -0.861    8.939   10.135   10.412   10.625   12.035
   12.474   12.511   12.801   14.318   14.330   14.744
            0.381167  0.494501  0.000000
  -15.191  -14.415  -11.537   -3.088   -0.864    8.936   10.143   10.415   10.628   12.039
   12.477   12.515   12.804   14.319   14.334   14.747
            0.381000  0.494789  0.000000
  -15.188  -14.413  -11.544   -3.085   -0.867    8.933   10.151   10.417   10.631   12.043
   12.481   12.519   12.807   14.320   14.338   14.749
            0.380833  0.495078  0.000000
  -15.186  -14.411  -11.550   -3.081   -0.869    8.930   10.159   10.420   10.635   12.047
   12.485   12.522   12.810   14.321   14.341   14.752
            0.380667  0.495367  0.000000
  -15.184  -14.410  -11.556   -3.078   -0.872    8.927   10.167   10.422   10.638   12.050
   12.488   12.526   12.813   14.322   14.345   14.754
            0.380500  0.495655  0.000000
  -15.181  -14.408  -11.562   -3.074   -0.874    8.924   10.175   10.425   10.642   12.054
   12.492   12.530   12.816   14.323   14.349   14.757
            0.380333  0.495944  0.000000
  -15.179  -14.406  -11.568   -3.071   -0.877    8.921   10.183   10.428   10.645   12.058
   12.496   12.534   12.819   14.324   14.353   14.759
            0.380167  0.496233  0.000000
  -15.177  -14.404  -11.574   -3.067   -0.879    8.918   10.191   10.430   10.648   12.062
   12.499   12.538   12.822   14.325   14.357   14.761
            0.380000  0.496521  0.000000
  -15.174  -14.402  -11.580   -3.064   -0.882    8.915   10.199   10.433   10.652   12.066
   12.503   12.541   12.825   14.325   14.361   14.764
            0.379833  0.496810  0.000000
  -15.172  -14.400  -11.587   -3.061   -0.885    8.913   10.206   10.435   10.655   12.070
   12.507   12.545   12.828   14.326   14.365   14.766
            0.379667  0.497099  0.000000
  -15.169  -14.399  -11.593   -3.057   -0.887    8.910   10.214   10.438   10.659   12.074
   12.510   12.549   12.831   14.327   14.369   14.769
            0.379500  0.497387  0.000000
  -15.167  -14.397  -11.599   -3.054   -0.890    8.907   10.222   10.441   10.662   12.078
   12.514   12.553   12.835   14.328   14.373   14.771
            0.379333  0.497676  0.000000
  -15.165  -14.395  -11.605   -3.050   -0.893    8.904   10.230   10.443   10.666   12.082
   12.518   12.557   12.838   14.329   14.377   14.773
            0.379167  0.497965  0.000000
  -15.162  -14.393  -11.611   -3.047   -0.895    8.901   10.238   10.446   10.669   12.086
   12.521   12.561   12.841   14.330   14.381   14.776
            0.379000  0.498253  0.000000
  -15.160  -14.391  -11.617   -3.043   -0.898    8.898   10.246   10.449   10.673   12.090
   12.525   12.564   12.844   14.331   14.385   14.778
            0.378833  0.498542  0.000000
  -15.157  -14.390  -11.623   -3.040   -0.901    8.895   10.253   10.451   10.676   12.094
   12.529   12.568   12.847   14.331   14.389   14.780
            0.378667  0.498831  0.000000
  -15.155  -14.388  -11.629   -3.036   -0.903    8.892   10.261   10.454   10.680   12.098
   12.533   12.572   12.850   14.332   14.393   14.783
            0.378500  0.499119  0.000000
  -15.153  -14.386  -11.635   -3.033   -0.906    8.889   10.269   10.457   10.683   12.102
   12.536   12.576   12.853   14.333   14.397   14.785
            0.378333  0.499408  0.000000
  -15.150  -14.384  -11.641   -3.029   -0.909    8.887   10.276   10.459   10.687   12.106
   12.540   12.580   12.856   14.334   14.401   14.787
            0.378167  0.499697  0.000000
  -15.148  -14.382  -11.648   -3.026   -0.911    8.884   10.284   10.462   10.690   12.110
   12.544   12.584   12.859   14.335   14.405   14.790
            0.378000  0.499985  0.000000
  -15.145  -14.381  -11.654   -3.022   -0.914    8.881   10.292   10.464   10.694   12.114
   12.547   12.588   12.862   14.336   14.409   14.792
            0.377833  0.500274  0.000000
  -15.143  -14.379  -11.660   -3.019   -0.917    8.878   10.299   10.467   10.697   12.118
   12.551   12.592   12.865   14.336   14.413   14.794
            0.377667  0.500563  0.000000
  -15.140  -14.377  -11.666   -3.015   -0.919    8.875   10.307   10.470   10.701   12.122
   12.555   12.595   12.868   14.337   14.417   14.797
            0.377500  0.500851  0.000000
  -15.138  -14.375  -11.672   -3.012   -0.922    8.873   10.314   10.472   10.705   12.126
   12.559   12.599   12.871   14.338   14.421   14.799
            0.377333  0.501140  0.000000
  -15.136  -14.374  -11.678   -3.008   -0.925    8.870   10.322   10.475   10.708   12.130
   12.562   12.603   12.875   14.339   14.425   14.801
            0.377167  0.501429  0.000000
  -15.133  -14.372  -11.684   -3.005   -0.928    8.867   10.329   10.478   10.712   12.134
   12.566   12.607   12.878   14.340   14.429   14.804
            0.377000  0.501717  0.000000
  -15.131  -14.370  -11.690   -3.001   -0.930    8.864   10.337   10.480   10.716   12.138
   12.570   12.611   12.881   14.341   14.433   14.806
            0.376833  0.502006  0.000000
  -15.128  -14.368  -11.696   -2.997   -0.933    8.861   10.344   10.483   10.719   12.142
   12.574   12.615   12.884   14.341   14.437   14.808
            0.376667  0.502295  0.000000
  -15.126  -14.366  -11.702   -2.994   -0.936    8.859   10.352   10.485   10.723   12.146
   12.577   12.619   12.887   14.342   14.441   14.810
            0.376500  0.502583  0.000000
  -15.123  -14.365  -11.708   -2.990   -0.939    8.856   10.359   10.488   10.727   12.150
   12.581   12.623   12.890   14.343   14.445   14.813
            0.376333  0.502872  0.000000
  -15.121  -14.363  -11.714   -2.987   -0.941    8.853   10.366   10.491   10.731   12.154
   12.585   12.627   12.893   14.344   14.449   14.815
            0.376167  0.503161  0.000000
  -15.118  -14.361  -11.720   -2.983   -0.944    8.850   10.374   10.493   10.734   12.158
   12.589   12.631   12.897   14.345   14.453   14.817
            0.376000  0.503449  0.000000
  -15.116  -14.359  -11.726   -2.980   -0.947    8.848   10.381   10.496   10.738   12.162
   12.593   12.635   12.900   14.345   14.457   14.819
            0.375833  0.503738  0.000000
  -15.113  -14.358  -11.732   -2.976   -0.950    8.845   10.388   10.499   10.742   12.166
   12.596   12.638   12.903   14.346   14.461   14.821
            0.375667  0.504027  0.000000
  -15.111  -14.356  -11.738   -2.973   -0.953    8.842   10.395   10.501   10.746   12.170
   12.600   12.642   12.906   14.347   14.465   14.824
            0.375500  0.504315  0.000000
  -15.108  -14.354  -11.744   -2.969   -0.955    8.840   10.402   10.504   10.750   12.174
   12.604   12.646   12.909   14.348   14.469   14.826
            0.375333  0.504604  0.000000
  -15.106  -14.352  -11.750   -2.965   -0.958    8.837   10.409   10.507   10.754   12.179
   12.608   12.650   12.912   14.349   14.473   14.828
            0.375167  0.504893  0.000000
  -15.104  -14.351  -11.756   -2.962   -0.961    8.834   10.417   10.509   10.758   12.183
   12.612   12.654   12.916   14.349   14.477   14.830
            0.375000  0.505181  0.000000
  -15.101  -14.349  -11.762   -2.958   -0.964    8.832   10.424   10.512   10.761   12.187
   12.615   12.658   12.919   14.350   14.482   14.832
            0.374833  0.505470  0.000000
  -15.099  -14.347  -11.768   -2.955   -0.967    8.829   10.431   10.514   10.765   12.191
   12.619   12.662   12.922   14.351   14.486   14.834
            0.374667  0.505759  0.000000
  -15.096  -14.346  -11.774   -2.951   -0.970    8.826   10.437   10.517   10.769   12.195
   12.623   12.666   12.925   14.352   14.490   14.837
            0.374500  0.506048  0.000000
  -15.094  -14.344  -11.780   -2.947   -0.972    8.824   10.444   10.520   10.773   12.199
   12.627   12.670   12.928   14.353   14.494   14.839
            0.374333  0.506336  0.000000
  -15.091  -14.342  -11.786   -2.944   -0.975    8.821   10.451   10.522   10.777   12.203
   12.631   12.674   12.932   14.353   14.498   14.841
            0.374167  0.506625  0.000000
  -15.089  -14.340  -11.792   -2.940   -0.978    8.818   10.458   10.525   10.781   12.207
   12.634   12.678   12.935   14.354   14.502   14.843
            0.374000  0.506914  0.000000
  -15.086  -14.339  -11.798   -2.937   -0.981    8.816   10.465   10.528   10.786   12.211
   12.638   12.682   12.938   14.355   14.506   14.845
            0.373833  0.507202  0.000000
  -15.084  -14.337  -11.804   -2.933   -0.984    8.813   10.472   10.530   10.790   12.216
   12.642   12.686   12.941   14.356   14.510   14.847
            0.373667  0.507491  0.000000
  -15.081  -14.335  -11.809   -2.929   -0.987    8.810   10.478   10.533   10.794   12.220
   12.646   12.690   12.945   14.356   14.514   14.849
            0.373500  0.507780  0.000000
  -15.079  -14.334  -11.815   -2.926   -0.990    8.808   10.485   10.536   10.798   12.224
   12.650   12.694   12.948   14.357   14.519   14.851
            0.373333  0.508068  0.000000
  -15.076  -14.332  -11.821   -2.922   -0.993    8.805   10.492   10.538   10.802   12.228
   12.654   12.698   12.951   14.358   14.523   14.853
            0.373167  0.508357  0.000000
  -15.074  -14.330  -11.827   -2.918   -0.996    8.803   10.498   10.541   10.806   12.232
   12.657   12.702   12.954   14.359   14.527   14.855
            0.373000  0.508646  0.000000
  -15.071  -14.329  -11.833   -2.915   -0.999    8.800   10.505   10.544   10.810   12.236
   12.661   12.706   12.957   14.360   14.531   14.857
            0.372833  0.508934  0.000000
  -15.068  -14.327  -11.839   -2.911   -1.002    8.798   10.511   10.546   10.815   12.240
   12.665   12.710   12.961   14.360   14.535   14.859
            0.372667  0.509223  0.000000
  -15.066  -14.325  -11.845   -2.907   -1.005    8.795   10.518   10.549   10.819   12.245
   12.669   12.714   12.964   14.361   14.539   14.861
            0.372500  0.509512  0.000000
  -15.063  -14.324  -11.851   -2.904   -1.007    8.793   10.524   10.551   10.823   12.249
   12.673   12.718   12.967   14.362   14.544   14.863
            0.372333  0.509800  0.000000
  -15.061  -14.322  -11.856   -2.900   -1.010    8.790   10.530   10.554   10.828   12.253
   12.677   12.722   12.971   14.363   14.548   14.865
            0.372167  0.510089  0.000000
  -15.058  -14.320  -11.862   -2.896   -1.013    8.788   10.537   10.557   10.832   12.257
   12.681   12.726   12.974   14.363   14.552   14.867
            0.372000  0.510378  0.000000
  -15.056  -14.319  -11.868   -2.893   -1.016    8.785   10.543   10.559   10.836   12.261
   12.684   12.730   12.977   14.364   14.556   14.869
            0.371833  0.510666  0.000000
  -15.053  -14.317  -11.874   -2.889   -1.019    8.783   10.549   10.562   10.841   12.266
   12.688   12.734   12.980   14.365   14.560   14.870
            0.371667  0.510955  0.000000
  -15.051  -14.316  -11.880   -2.885   -1.022    8.780   10.555   10.565   10.845   12.270
   12.692   12.738   12.984   14.366   14.565   14.872
            0.371500  0.511244  0.000000
  -15.048  -14.314  -11.886   -2.882   -1.025    8.778   10.561   10.567   10.850   12.274
   12.696   12.742   12.987   14.366   14.569   14.874
            0.371333  0.511532  0.000000
  -15.046  -14.312  -11.891   -2.878   -1.028    8.775   10.567   10.570   10.854   12.278
   12.700   12.747   12.990   14.367   14.573   14.876
            0.371167  0.511821  0.000000
  -15.043  -14.311  -11.897   -2.874   -1.031    8.773   10.573   10.573   10.859   12.282
   12.704   12.751   12.994   14.368   14.577   14.878
            0.371000  0.512110  0.000000
  -15.040  -14.309  -11.903   -2.871   -1.034    8.770   10.575   10.579   10.863   12.287
   12.708   12.755   12.997   14.369   14.581   14.879
            0.370833  0.512398  0.000000
  -15.038  -14.307  -11.909   -2.867   -1.038    8.768   10.578   10.585   10.868   12.291
   12.712   12.759   13.000   14.369   14.586   14.881
            0.370667  0.512687  0.000000
  -15.035  -14.306  -11.914   -2.863   -1.041    8.765   10.580   10.591   10.872   12.295
   12.715   12.763   13.004   14.370   14.590   14.883
            0.370500  0.512976  0.000000
  -15.033  -14.304  -11.920   -2.859   -1.044    8.763   10.583   10.597   10.877   12.299
   12.719   12.767   13.007   14.371   14.594   14.884
            0.370333  0.513264  0.000000
  -15.030  -14.303  -11.926   -2.856   -1.047    8.761   10.586   10.603   10.882   12.304
   12.723   12.771   13.010   14.372   14.598   14.886
            0.370167  0.513553  0.000000
  -15.028  -14.301  -11.932   -2.852   -1.050    8.758   10.588   10.608   10.886   12.308
   12.727   12.775   13.014   14.372   14.603   14.887
            0.370000  0.513842  0.000000
  -15.025  -14.300  -11.937   -2.848   -1.053    8.756   10.591   10.614   10.891   12.312
   12.731   12.779   13.017   14.373   14.607   14.889
            0.369833  0.514130  0.000000
  -15.022  -14.298  -11.943   -2.845   -1.056    8.753   10.594   10.619   10.896   12.316
   12.735   12.783   13.020   14.374   14.611   14.890
            0.369667  0.514419  0.000000
  -15.020  -14.296  -11.949   -2.841   -1.059    8.751   10.596   10.625   10.901   12.321
   12.739   12.787   13.024   14.375   14.615   14.892
            0.369500  0.514708  0.000000
  -15.017  -14.295  -11.954   -2.837   -1.062    8.749   10.599   10.630   10.905   12.325
   12.743   12.792   13.027   14.375   14.620   14.893
            0.369333  0.514996  0.000000
  -15.015  -14.293  -11.960   -2.833   -1.065    8.746   10.602   10.636   10.910   12.329
   12.747   12.796   13.030   14.376   14.624   14.895
            0.369167  0.515285  0.000000
  -15.012  -14.292  -11.966   -2.830   -1.068    8.744   10.604   10.641   10.915   12.334
   12.751   12.800   13.034   14.377   14.628   14.896
            0.369000  0.515574  0.000000
  -15.009  -14.290  -11.971   -2.826   -1.071    8.742   10.607   10.647   10.920   12.338
   12.755   12.804   13.037   14.378   14.632   14.897
            0.368833  0.515862  0.000000
  -15.007  -14.289  -11.977   -2.822   -1.075    8.739   10.609   10.652   10.925   12.342
   12.759   12.808   13.040   14.378   14.637   14.899
            0.368667  0.516151  0.000000
  -15.004  -14.287  -11.983   -2.818   -1.078    8.737   10.612   10.657   10.930   12.346
   12.763   12.812   13.044   14.379   14.641   14.900
            0.368500  0.516440  0.000000
  -15.002  -14.286  -11.988   -2.814   -1.081    8.735   10.615   10.662   10.935   12.351
   12.766   12.816   13.047   14.380   14.645   14.901
            0.368333  0.516728  0.000000
  -14.999  -14.284  -11.994   -2.811   -1.084    8.732   10.617   10.668   10.940   12.355
   12.770   12.820   13.050   14.381   14.650   14.902
            0.368167  0.517017  0.000000
  -14.996  -14.283  -12.000   -2.807   -1.087    8.730   10.620   10.673   10.945   12.359
   12.774   12.825   13.054   14.381   14.654   14.903
            0.368000  0.517306  0.000000
  -14.994  -14.281  -12.005   -2.803   -1.090    8.728   10.623   10.678   10.950   12.364
   12.778   12.829   13.057   14.382   14.658   14.904
            0.367833  0.517595  0.000000
  -14.991  -14.280  -12.011   -2.799   -1.094    8.726   10.625   10.683   10.955   12.368
   12.782   12.833   13.061   14.383   14.663   14.905
            0.367667  0.517883  0.000000
  -14.989  -14.278  -12.016   -2.796   -1.097    8.723   10.628   10.688   10.960   12.372
   12.786   12.837   13.064   14.384   14.667   14.906
            0.367500  0.518172  0.000000
  -14.986  -14.277  -12.022   -2.792   -1.100    8.721   10.631   10.692   10.965   12.377
   12.790   12.841   13.067   14.384   14.671   14.907
            0.367333  0.518461  0.000000
  -14.983  -14.276  -12.027   -2.788   -1.103    8.719   10.633   10.697   10.970   12.381
   12.794   12.845   13.071   14.385   14.676   14.907
            0.367167  0.518749  0.000000
  -14.981  -14.274  -12.033   -2.784   -1.106    8.717   10.636   10.702   10.975   12.385
   12.798   12.850   13.074   14.386   14.680   14.908
            0.367000  0.519038  0.000000
  -14.978  -14.273  -12.039   -2.780   -1.110    8.714   10.638   10.707   10.980   12.390
   12.802   12.854   13.078   14.386   14.684   14.909
            0.366833  0.519327  0.000000
  -14.975  -14.271  -12.044   -2.777   -1.113    8.712   10.641   10.712   10.985   12.394
   12.806   12.858   13.081   14.387   14.689   14.909
            0.366667  0.519615  0.000000
  -14.973  -14.270  -12.050   -2.773   -1.116    8.710   10.644   10.716   10.991   12.398
   12.810   12.862   13.084   14.388   14.693   14.910
            0.366500  0.519904  0.000000
  -14.970  -14.268  -12.055   -2.769   -1.119    8.708   10.646   10.721   10.996   12.403
   12.814   12.866   13.088   14.389   14.697   14.910
            0.366333  0.520193  0.000000
  -14.967  -14.267  -12.061   -2.765   -1.123    8.706   10.649   10.726   11.001   12.407
   12.818   12.870   13.091   14.389   14.702   14.910
            0.366167  0.520481  0.000000
  -14.965  -14.266  -12.066   -2.761   -1.126    8.704   10.652   10.730   11.006   12.412
   12.822   12.875   13.095   14.390   14.706   14.910
            0.366000  0.520770  0.000000
  -14.962  -14.264  -12.071   -2.757   -1.129    8.701   10.654   10.735   11.011   12.416
   12.826   12.879   13.098   14.391   14.711   14.910
            0.365833  0.521059  0.000000
  -14.959  -14.263  -12.077   -2.754   -1.132    8.699   10.657   10.739   11.017   12.420
   12.830   12.883   13.101   14.392   14.715   14.910
            0.365667  0.521347  0.000000
  -14.957  -14.262  -12.082   -2.750   -1.136    8.697   10.659   10.743   11.022   12.425
   12.834   12.887   13.105   14.392   14.719   14.910
            0.365500  0.521636  0.000000
  -14.954  -14.260  -12.088   -2.746   -1.139    8.695   10.662   10.748   11.027   12.429
   12.838   12.891   13.108   14.393   14.724   14.910
            0.365333  0.521925  0.000000
  -14.951  -14.259  -12.093   -2.742   -1.142    8.693   10.665   10.752   11.032   12.434
   12.842   12.896   13.112   14.394   14.728   14.910
            0.365167  0.522213  0.000000
  -14.949  -14.258  -12.099   -2.738   -1.146    8.691   10.667   10.756   11.038   12.438
   12.846   12.900   13.115   14.395   14.733   14.909
            0.365000  0.522502  0.000000
  -14.946  -14.256  -12.104   -2.734   -1.149    8.689   10.670   10.761   11.043   12.442
   12.850   12.904   13.119   14.395   14.737   14.909
            0.364833  0.522791  0.000000
  -14.943  -14.255  -12.109   -2.730   -1.152    8.687   10.672   10.765   11.048   12.447
   12.854   12.908   13.122   14.396   14.741   14.908
            0.364667  0.523079  0.000000
  -14.941  -14.254  -12.115   -2.726   -1.156    8.685   10.675   10.769   11.053   12.451
   12.858   12.913   13.125   14.397   14.746   14.907
            0.364500  0.523368  0.000000
  -14.938  -14.252  -12.120   -2.723   -1.159    8.683   10.678   10.773   11.059   12.456
   12.862   12.917   13.129   14.398   14.750   14.906
            0.364333  0.523657  0.000000
  -14.935  -14.251  -12.125   -2.719   -1.162    8.681   10.680   10.777   11.064   12.460
   12.866   12.921   13.132   14.398   14.755   14.905
            0.364167  0.523945  0.000000
  -14.933  -14.250  -12.131   -2.715   -1.166    8.679   10.683   10.781   11.069   12.465
   12.870   12.925   13.136   14.399   14.759   14.904
            0.364000  0.524234  0.000000
  -14.930  -14.249  -12.136   -2.711   -1.169    8.677   10.685   10.786   11.075   12.469
   12.874   12.930   13.139   14.400   14.764   14.902
            0.363833  0.524523  0.000000
  -14.927  -14.247  -12.141   -2.707   -1.172    8.675   10.688   10.790   11.080   12.474
   12.878   12.934   13.143   14.401   14.768   14.901
            0.363667  0.524811  0.000000
  -14.924  -14.246  -12.146   -2.703   -1.176    8.673   10.691   10.794   11.085   12.478
   12.882   12.938   13.146   14.401   14.773   14.899
            0.363500  0.525100  0.000000
  -14.922  -14.245  -12.152   -2.699   -1.179    8.671   10.693   10.797   11.090   12.482
   12.886   12.942   13.150   14.402   14.777   14.897
            0.363333  0.525389  0.000000
  -14.919  -14.244  -12.157   -2.695   -1.183    8.669   10.696   10.801   11.096   12.487
   12.890   12.947   13.153   14.403   14.781   14.895
            0.363167  0.525677  0.000000
  -14.916  -14.242  -12.162   -2.691   -1.186    8.667   10.698   10.805   11.101   12.491
   12.894   12.951   13.156   14.404   14.786   14.893
            0.363000  0.525966  0.000000
  -14.914  -14.241  -12.167   -2.687   -1.189    8.665   10.701   10.809   11.106   12.496
   12.899   12.955   13.160   14.404   14.790   14.891
            0.362833  0.526255  0.000000
  -14.911  -14.240  -12.173   -2.684   -1.193    8.663   10.704   10.813   11.112   12.500
   12.903   12.959   13.163   14.405   14.795   14.888
            0.362667  0.526543  0.000000
  -14.908  -14.239  -12.178   -2.680   -1.196    8.661   10.706   10.817   11.117   12.505
   12.907   12.964   13.167   14.406   14.799   14.886
            0.362500  0.526832  0.000000
  -14.905  -14.238  -12.183   -2.676   -1.200    8.659   10.709   10.820   11.122   12.509
   12.911   12.968   13.170   14.407   14.804   14.883
            0.362333  0.527121  0.000000
  -14.903  -14.237  -12.188   -2.672   -1.203    8.657   10.711   10.824   11.127   12.514
   12.915   12.972   13.174   14.407   14.808   14.880
            0.362167  0.527409  0.000000
  -14.900  -14.236  -12.193   -2.668   -1.207    8.655   10.714   10.828   11.133   12.518
   12.919   12.976   13.177   14.408   14.813   14.877
            0.362000  0.527698  0.000000
  -14.897  -14.234  -12.198   -2.664   -1.210    8.653   10.717   10.832   11.138   12.523
   12.923   12.981   13.181   14.409   14.817   14.873
            0.361833  0.527987  0.000000
  -14.894  -14.233  -12.203   -2.660   -1.214    8.651   10.719   10.835   11.143   12.527
   12.927   12.985   13.184   14.410   14.822   14.870
            0.361667  0.528275  0.000000
  -14.892  -14.232  -12.208   -2.656   -1.217    8.650   10.722   10.839   11.148   12.532
   12.931   12.989   13.188   14.411   14.827   14.866
            0.361500  0.528564  0.000000
  -14.889  -14.231  -12.214   -2.652   -1.220    8.648   10.724   10.842   11.153   12.537
   12.935   12.994   13.191   14.411   14.831   14.862
            0.361333  0.528853  0.000000
  -14.886  -14.230  -12.219   -2.648   -1.224    8.646   10.727   10.846   11.159   12.541
   12.939   12.998   13.194   14.412   14.836   14.858
            0.361167  0.529142  0.000000
  -14.883  -14.229  -12.224   -2.644   -1.227    8.644   10.730   10.850   11.164   12.546
   12.943   13.002   13.198   14.413   14.840   14.854
            0.361000  0.529430  0.000000
  -14.881  -14.228  -12.229   -2.640   -1.231    8.642   10.732   10.853   11.169   12.550
   12.947   13.007   13.201   14.414   14.845   14.850
            0.360833  0.529719  0.000000
  -14.878  -14.227  -12.234   -2.636   -1.235    8.640   10.735   10.857   11.174   12.555
   12.951   13.011   13.205   14.414   14.846   14.849
            0.360667  0.530008  0.000000
  -14.875  -14.226  -12.239   -2.632   -1.238    8.639   10.737   10.860   11.179   12.559
   12.956   13.015   13.208   14.415   14.841   14.854
            0.360500  0.530296  0.000000
  -14.872  -14.225  -12.244   -2.628   -1.242    8.637   10.740   10.864   11.184   12.564
   12.960   13.020   13.212   14.416   14.836   14.858
            0.360333  0.530585  0.000000
  -14.870  -14.224  -12.248   -2.624   -1.245    8.635   10.742   10.867   11.189   12.568
   12.964   13.024   13.215   14.417   14.832   14.863
            0.360167  0.530874  0.000000
  -14.867  -14.223  -12.253   -2.620   -1.249    8.633   10.745   10.870   11.194   12.573
   12.968   13.028   13.219   14.418   14.827   14.867
            0.360000  0.531162  0.000000
  -14.864  -14.222  -12.258   -2.616   -1.252    8.631   10.748   10.874   11.199   12.578
   12.972   13.033   13.222   14.418   14.822   14.872
            0.359833  0.531451  0.000000
  -14.861  -14.221  -12.263   -2.612   -1.256    8.630   10.750   10.877   11.204   12.582
   12.976   13.037   13.225   14.419   14.816   14.877
            0.359667  0.531740  0.000000
  -14.859  -14.220  -12.268   -2.608   -1.259    8.628   10.753   10.881   11.209   12.587
   12.980   13.041   13.229   14.420   14.811   14.881
            0.359500  0.532028  0.000000
  -14.856  -14.219  -12.273   -2.604   -1.263    8.626   10.755   10.884   11.214   12.591
   12.984   13.046   13.232   14.421   14.806   14.886
            0.359333  0.532317  0.000000
  -14.853  -14.219  -12.278   -2.600   -1.267    8.625   10.758   10.887   11.219   12.596
   12.988   13.050   13.236   14.422   14.800   14.890
            0.359167  0.532606  0.000000
  -14.850  -14.218  -12.283   -2.596   -1.270    8.623   10.760   10.890   11.224   12.601
   12.992   13.054   13.239   14.423   14.794   14.895
            0.359000  0.532894  0.000000
  -14.847  -14.217  -12.287   -2.592   -1.274    8.621   10.763   10.894   11.229   12.605
   12.997   13.059   13.243   14.423   14.789   14.900
            0.358833  0.533183  0.000000
  -14.845  -14.216  -12.292   -2.588   -1.277    8.619   10.765   10.897   11.234   12.610
   13.001   13.063   13.246   14.424   14.783   14.904
            0.358667  0.533472  0.000000
  -14.842  -14.215  -12.297   -2.584   -1.281    8.618   10.768   10.900   11.239   12.614
   13.005   13.067   13.249   14.425   14.777   14.909
            0.358500  0.533760  0.000000
  -14.839  -14.214  -12.302   -2.580   -1.285    8.616   10.771   10.903   11.244   12.619
   13.009   13.072   13.253   14.426   14.771   14.914
            0.358333  0.534049  0.000000
  -14.836  -14.214  -12.306   -2.576   -1.288    8.615   10.773   10.907   11.248   12.624
   13.013   13.076   13.256   14.427   14.765   14.918
            0.358167  0.534338  0.000000
  -14.833  -14.213  -12.311   -2.572   -1.292    8.613   10.776   10.910   11.253   12.628
   13.017   13.080   13.260   14.427   14.759   14.923
            0.358000  0.534626  0.000000
  -14.830  -14.212  -12.316   -2.568   -1.296    8.611   10.778   10.913   11.258   12.633
   13.021   13.085   13.263   14.428   14.753   14.927
            0.357833  0.534915  0.000000
  -14.828  -14.211  -12.320   -2.564   -1.299    8.610   10.781   10.916   11.263   12.638
   13.025   13.089   13.267   14.429   14.746   14.932
            0.357667  0.535204  0.000000
  -14.825  -14.211  -12.325   -2.560   -1.303    8.608   10.783   10.919   11.267   12.642
   13.030   13.094   13.270   14.430   14.740   14.937
            0.357500  0.535492  0.000000
  -14.822  -14.210  -12.330   -2.555   -1.307    8.606   10.786   10.922   11.272   12.647
   13.034   13.098   13.273   14.431   14.734   14.941
            0.357333  0.535781  0.000000
  -14.819  -14.209  -12.334   -2.551   -1.310    8.605   10.788   10.925   11.276   12.652
   13.038   13.102   13.277   14.432   14.727   14.947
            0.357167  0.536070  0.000000
  -14.816  -14.209  -12.339   -2.547   -1.314    8.603   10.791   10.928   11.281   12.656
   13.042   13.107   13.280   14.433   14.721   14.951
            0.357000  0.536358  0.000000
  -14.814  -14.208  -12.343   -2.543   -1.318    8.602   10.793   10.931   11.286   12.661
   13.046   13.111   13.284   14.433   14.715   14.956
            0.356833  0.536647  0.000000
  -14.811  -14.207  -12.348   -2.539   -1.321    8.600   10.796   10.934   11.290   12.666
   13.050   13.115   13.287   14.434   14.708   14.960
            0.356667  0.536936  0.000000
  -14.808  -14.207  -12.352   -2.535   -1.325    8.599   10.798   10.937   11.295   12.670
   13.054   13.120   13.290   14.435   14.701   14.962
            0.356500  0.537224  0.000000
  -14.805  -14.206  -12.357   -2.531   -1.329    8.597   10.801   10.940   11.299   12.675
   13.059   13.124   13.294   14.436   14.695   14.953
            0.356333  0.537513  0.000000
  -14.802  -14.206  -12.361   -2.527   -1.332    8.596   10.803   10.943   11.304   12.680
   13.063   13.129   13.297   14.437   14.688   14.948
            0.356167  0.537802  0.000000
  -14.799  -14.205  -12.366   -2.523   -1.336    8.594   10.806   10.946   11.308   12.685
   13.067   13.133   13.300   14.438   14.682   14.942
            0.356000  0.538090  0.000000
  -14.796  -14.204  -12.370   -2.519   -1.340    8.593   10.808   10.949   11.312   12.689
   13.071   13.137   13.304   14.439   14.675   14.937
            0.355833  0.538379  0.000000
  -14.794  -14.204  -12.374   -2.514   -1.344    8.591   10.811   10.952   11.317   12.694
   13.075   13.142   13.307   14.440   14.668   14.932
            0.355667  0.538668  0.000000
  -14.791  -14.203  -12.379   -2.510   -1.347    8.590   10.814   10.955   11.321   12.699
   13.079   13.146   13.310   14.441   14.662   14.926
            0.355500  0.538956  0.000000
  -14.788  -14.203  -12.383   -2.506   -1.351    8.588   10.816   10.958   11.325   12.703
   13.084   13.151   13.314   14.441   14.655   14.921
            0.355333  0.539245  0.000000
  -14.785  -14.202  -12.387   -2.502   -1.355    8.587   10.819   10.961   11.329   12.708
   13.088   13.155   13.317   14.442   14.648   14.915
            0.355167  0.539534  0.000000
  -14.782  -14.202  -12.392   -2.498   -1.359    8.585   10.821   10.964   11.334   12.713
   13.092   13.160   13.320   14.443   14.641   14.910
            0.355000  0.539823  0.000000
  -14.779  -14.202  -12.396   -2.494   -1.363    8.584   10.824   10.966   11.338   12.718
   13.096   13.164   13.324   14.444   14.635   14.904
            0.354833  0.540111  0.000000
  -14.776  -14.201  -12.400   -2.490   -1.366    8.583   10.826   10.969   11.342   12.722
   13.100   13.168   13.327   14.445   14.628   14.898
            0.354667  0.540400  0.000000
  -14.773  -14.201  -12.404   -2.486   -1.370    8.581   10.828   10.972   11.346   12.727
   13.104   13.173   13.330   14.446   14.621   14.893
            0.354500  0.540689  0.000000
  -14.771  -14.200  -12.409   -2.481   -1.374    8.580   10.831   10.975   11.350   12.732
   13.109   13.177   13.334   14.447   14.614   14.887
            0.354333  0.540977  0.000000
  -14.768  -14.200  -12.413   -2.477   -1.378    8.578   10.833   10.978   11.354   12.737
   13.113   13.182   13.337   14.448   14.607   14.881
            0.354167  0.541266  0.000000
  -14.765  -14.200  -12.417   -2.473   -1.382    8.577   10.836   10.980   11.358   12.741
   13.117   13.186   13.340   14.449   14.600   14.875
            0.354000  0.541555  0.000000
  -14.762  -14.200  -12.421   -2.469   -1.385    8.576   10.838   10.983   11.362   12.746
   13.121   13.191   13.343   14.450   14.594   14.869
            0.353833  0.541843  0.000000
  -14.759  -14.199  -12.425   -2.465   -1.389    8.574   10.841   10.986   11.366   12.751
   13.125   13.195   13.347   14.451   14.587   14.863
            0.353667  0.542132  0.000000
  -14.756  -14.199  -12.429   -2.461   -1.393    8.573   10.843   10.988   11.370   12.756
   13.129   13.199   13.350   14.452   14.580   14.857
            0.353500  0.542421  0.000000
  -14.753  -14.199  -12.433   -2.456   -1.397    8.572   10.846   10.991   11.373   12.761
   13.134   13.204   13.353   14.453   14.573   14.851
            0.353333  0.542709  0.000000
  -14.750  -14.199  -12.437   -2.452   -1.401    8.570   10.848   10.994   11.377   12.765
   13.138   13.208   13.356   14.454   14.566   14.845
            0.353167  0.542998  0.000000
  -14.747  -14.198  -12.441   -2.448   -1.405    8.569   10.851   10.996   11.381   12.770
   13.142   13.213   13.359   14.455   14.559   14.838
            0.353000  0.543287  0.000000
  -14.744  -14.198  -12.445   -2.444   -1.409    8.568   10.853   10.999   11.385   12.775
   13.146   13.217   13.363   14.456   14.553   14.832
            0.352833  0.543575  0.000000
  -14.742  -14.198  -12.449   -2.440   -1.413    8.566   10.856   11.002   11.388   12.780
   13.150   13.222   13.366   14.457   14.546   14.826
            0.352667  0.543864  0.000000
  -14.739  -14.198  -12.453   -2.435   -1.416    8.565   10.858   11.004   11.392   12.785
   13.155   13.226   13.369   14.458   14.539   14.819
            0.352500  0.544153  0.000000
  -14.736  -14.198  -12.457   -2.431   -1.420    8.564   10.861   11.007   11.395   12.789
   13.159   13.230   13.372   14.459   14.532   14.813
            0.352333  0.544441  0.000000
  -14.733  -14.198  -12.461   -2.427   -1.424    8.563   10.863   11.009   11.399   12.794
   13.163   13.235   13.375   14.460   14.525   14.807
            0.352167  0.544730  0.000000
  -14.730  -14.198  -12.465   -2.423   -1.428    8.561   10.865   11.012   11.402   12.799
   13.167   13.239   13.378   14.461   14.518   14.800
            0.352000  0.545019  0.000000
  -14.727  -14.198  -12.469   -2.419   -1.432    8.560   10.868   11.014   11.406   12.804
   13.171   13.244   13.381   14.462   14.512   14.794
            0.351833  0.545307  0.000000
  -14.724  -14.198  -12.472   -2.414   -1.436    8.559   10.870   11.017   11.409   12.809
   13.176   13.248   13.385   14.463   14.505   14.787
            0.351667  0.545596  0.000000
  -14.721  -14.198  -12.476   -2.410   -1.440    8.558   10.873   11.019   11.412   12.814
   13.180   13.253   13.388   14.464   14.498   14.781
            0.351500  0.545885  0.000000
  -14.718  -14.198  -12.480   -2.406   -1.444    8.557   10.875   11.022   11.416   12.819
   13.184   13.257   13.391   14.465   14.491   14.774
            0.351333  0.546173  0.000000
  -14.715  -14.198  -12.483   -2.402   -1.448    8.555   10.878   11.024   11.419   12.823
   13.188   13.262   13.394   14.466   14.484   14.768
            0.351167  0.546462  0.000000
  -14.712  -14.198  -12.487   -2.397   -1.452    8.554   10.880   11.027   11.422   12.828
   13.192   13.266   13.397   14.467   14.477   14.761
            0.351000  0.546751  0.000000
  -14.709  -14.198  -12.491   -2.393   -1.456    8.553   10.882   11.029   11.425   12.833
   13.197   13.271   13.400   14.468   14.471   14.754
            0.350833  0.547039  0.000000
  -14.706  -14.198  -12.494   -2.389   -1.460    8.552   10.885   11.032   11.428   12.838
   13.201   13.275   13.403   14.464   14.469   14.748
            0.350667  0.547328  0.000000
  -14.703  -14.198  -12.498   -2.385   -1.464    8.551   10.887   11.034   11.432   12.843
   13.205   13.279   13.406   14.457   14.470   14.741
            0.350500  0.547617  0.000000
  -14.700  -14.199  -12.501   -2.380   -1.468    8.550   10.890   11.036   11.435   12.848
   13.209   13.284   13.409   14.450   14.471   14.734
            0.350333  0.547905  0.000000
  -14.697  -14.199  -12.505   -2.376   -1.472    8.549   10.892   11.039   11.438   12.853
   13.213   13.288   13.412   14.444   14.472   14.727
            0.350167  0.548194  0.000000
  -14.694  -14.199  -12.508   -2.372   -1.476    8.548   10.894   11.041   11.441   12.858
   13.218   13.293   13.414   14.437   14.474   14.721
            0.350000  0.548483  0.000000
  -14.691  -14.199  -12.512   -2.368   -1.480    8.546   10.897   11.043   11.443   12.862
   13.222   13.297   13.417   14.430   14.475   14.714
            0.349833  0.548771  0.000000
  -14.688  -14.200  -12.515   -2.363   -1.484    8.545   10.899   11.046   11.446   12.867
   13.226   13.302   13.420   14.423   14.476   14.707
            0.349667  0.549060  0.000000
  -14.685  -14.200  -12.519   -2.359   -1.488    8.544   10.902   11.048   11.449   12.872
   13.230   13.306   13.423   14.416   14.477   14.700
            0.349500  0.549349  0.000000
  -14.682  -14.200  -12.522   -2.355   -1.492    8.543   10.904   11.050   11.452   12.877
   13.235   13.311   13.426   14.410   14.478   14.694
            0.349333  0.549637  0.000000
  -14.680  -14.201  -12.525   -2.350   -1.496    8.542   10.906   11.052   11.455   12.882
   13.239   13.315   13.429   14.403   14.479   14.687
            0.349167  0.549926  0.000000
  -14.677  -14.201  -12.529   -2.346   -1.500    8.541   10.909   11.055   11.457   12.887
   13.243   13.320   13.431   14.396   14.480   14.680
            0.349000  0.550215  0.000000
  -14.674  -14.202  -12.532   -2.342   -1.504    8.540   10.911   11.057   11.460   12.892
   13.247   13.324   13.434   14.389   14.482   14.673
            0.348833  0.550503  0.000000
  -14.671  -14.202  -12.535   -2.338   -1.508    8.539   10.913   11.059   11.462   12.897
   13.251   13.328   13.437   14.383   14.483   14.666
            0.348667  0.550792  0.000000
  -14.668  -14.203  -12.538   -2.333   -1.512    8.538   10.916   11.061   11.465   12.902
   13.256   13.333   13.439   14.376   14.484   14.659
            0.348500  0.551081  0.000000
  -14.665  -14.203  -12.542   -2.329   -1.516    8.537   10.918   11.063   11.467   12.907
   13.260   13.337   13.442   14.369   14.485   14.653
            0.348333  0.551370  0.000000
  -14.662  -14.204  -12.545   -2.325   -1.520    8.536   10.921   11.065   11.470   12.912
   13.264   13.342   13.445   14.363   14.486   14.646
            0.348167  0.551658  0.000000
  -14.659  -14.204  -12.548   -2.320   -1.525    8.535   10.923   11.067   11.472   12.917
   13.268   13.346   13.447   14.356   14.488   14.639
            0.348000  0.551947  0.000000
  -14.655  -14.205  -12.551   -2.316   -1.529    8.534   10.925   11.069   11.475   12.922
   13.273   13.351   13.450   14.349   14.489   14.632
            0.347833  0.552236  0.000000
  -14.652  -14.206  -12.554   -2.312   -1.533    8.533   10.928   11.071   11.477   12.927
   13.277   13.355   13.452   14.342   14.490   14.625
            0.347667  0.552524  0.000000
  -14.649  -14.206  -12.557   -2.307   -1.537    8.532   10.930   11.073   11.479   12.932
   13.281   13.360   13.455   14.336   14.491   14.618
            0.347500  0.552813  0.000000
  -14.646  -14.207  -12.560   -2.303   -1.541    8.532   10.932   11.075   11.481   12.937
   13.285   13.364   13.457   14.329   14.492   14.612
            0.347333  0.553102  0.000000
  -14.643  -14.208  -12.563   -2.299   -1.545    8.531   10.935   11.077   11.484   12.942
   13.290   13.369   13.460   14.322   14.494   14.605
            0.347167  0.553390  0.000000
  -14.640  -14.208  -12.566   -2.294   -1.549    8.530   10.937   11.079   11.486   12.947
   13.294   13.373   13.462   14.316   14.495   14.598
            0.347000  0.553679  0.000000
  -14.637  -14.209  -12.569   -2.290   -1.553    8.529   10.939   11.081   11.488   12.952
   13.298   13.377   13.464   14.309   14.496   14.591
            0.346833  0.553968  0.000000
  -14.634  -14.210  -12.572   -2.286   -1.558    8.528   10.942   11.083   11.490   12.957
   13.302   13.382   13.466   14.302   14.498   14.584
            0.346667  0.554256  0.000000
  -14.631  -14.211  -12.574   -2.281   -1.562    8.527   10.944   11.085   11.492   12.962
   13.307   13.386   13.469   14.296   14.499   14.578
            0.346500  0.554545  0.000000
  -14.628  -14.212  -12.577   -2.277   -1.566    8.526   10.946   11.087   11.494   12.967
   13.311   13.391   13.471   14.289   14.500   14.571
            0.346333  0.554834  0.000000
  -14.625  -14.213  -12.580   -2.272   -1.570    8.525   10.948   11.089   11.496   12.972
   13.315   13.395   13.473   14.282   14.501   14.564
            0.346167  0.555122  0.000000
  -14.622  -14.213  -12.583   -2.268   -1.574    8.525   10.951   11.091   11.497   12.977
   13.319   13.400   13.475   14.275   14.503   14.558
            0.346000  0.555411  0.000000
  -14.619  -14.214  -12.585   -2.264   -1.579    8.524   10.953   11.092   11.499   12.982
   13.323   13.404   13.477   14.269   14.504   14.551
            0.345833  0.555700  0.000000
  -14.616  -14.215  -12.588   -2.259   -1.583    8.523   10.955   11.094   11.501   12.987
   13.328   13.409   13.479   14.262   14.505   14.544
            0.345667  0.555988  0.000000
  -14.613  -14.216  -12.591   -2.255   -1.587    8.522   10.958   11.096   11.503   12.992
   13.332   13.413   13.481   14.255   14.507   14.538
            0.345500  0.556277  0.000000
  -14.610  -14.217  -12.593   -2.250   -1.591    8.521   10.960   11.097   11.504   12.997
   13.336   13.417   13.483   14.249   14.508   14.531
            0.345333  0.556566  0.000000
  -14.607  -14.219  -12.596   -2.246   -1.595    8.521   10.962   11.099   11.506   13.002
   13.340   13.422   13.485   14.242   14.509   14.525
            0.345167  0.556854  0.000000
  -14.604  -14.220  -12.598   -2.242   -1.600    8.520   10.964   11.101   11.508   13.007
   13.345   13.426   13.487   14.235   14.511   14.518
            0.345000  0.557143  0.000000
  -14.601  -14.221  -12.601   -2.237   -1.604    8.519   10.967   11.102   11.509   13.012
   13.349   13.431   13.489   14.229   14.512   14.512
            0.344833  0.557432  0.000000
  -14.598  -14.222  -12.603   -2.233   -1.608    8.518   10.969   11.104   11.511   13.017
   13.353   13.435   13.490   14.222   14.505   14.514
            0.344667  0.557720  0.000000
  -14.595  -14.223  -12.606   -2.228   -1.612    8.518   10.971   11.106   11.512   13.022
   13.357   13.439   13.492   14.215   14.499   14.515
            0.344500  0.558009  0.000000
  -14.591  -14.224  -12.608   -2.224   -1.617    8.517   10.973   11.107   11.513   13.027
   13.362   13.444   13.493   14.208   14.492   14.516
            0.344333  0.558298  0.000000
  -14.588  -14.226  -12.610   -2.220   -1.621    8.516   10.976   11.109   11.515   13.032
   13.366   13.448   13.495   14.202   14.486   14.518
            0.344167  0.558586  0.000000
  -14.585  -14.227  -12.613   -2.215   -1.625    8.516   10.978   11.110   11.516   13.038
   13.370   13.453   13.496   14.195   14.480   14.519
            0.344000  0.558875  0.000000
  -14.582  -14.228  -12.615   -2.211   -1.629    8.515   10.980   11.111   11.517   13.043
   13.374   13.457   13.498   14.188   14.474   14.521
            0.343833  0.559164  0.000000
  -14.579  -14.230  -12.617   -2.206   -1.634    8.514   10.982   11.113   11.519   13.048
   13.379   13.461   13.499   14.181   14.468   14.522
            0.343667  0.559452  0.000000
  -14.576  -14.231  -12.619   -2.202   -1.638    8.514   10.985   11.114   11.520   13.053
   13.383   13.466   13.500   14.175   14.461   14.524
            0.343500  0.559741  0.000000
  -14.573  -14.232  -12.621   -2.197   -1.642    8.513   10.987   11.116   11.521   13.058
   13.387   13.470   13.502   14.168   14.455   14.525
            0.343333  0.560030  0.000000
  -14.570  -14.234  -12.623   -2.193   -1.647    8.512   10.989   11.117   11.522   13.063
   13.391   13.475   13.503   14.161   14.449   14.527
            0.343167  0.560318  0.000000
  -14.567  -14.235  -12.626   -2.189   -1.651    8.512   10.991   11.118   11.523   13.068
   13.396   13.479   13.504   14.154   14.444   14.528
            0.343000  0.560607  0.000000
  -14.564  -14.237  -12.628   -2.184   -1.655    8.511   10.994   11.119   11.524   13.073
   13.400   13.483   13.505   14.147   14.438   14.530
            0.342833  0.560896  0.000000
  -14.561  -14.238  -12.630   -2.180   -1.660    8.510   10.996   11.121   11.525   13.079
   13.404   13.488   13.506   14.141   14.432   14.531
            0.342667  0.561184  0.000000
  -14.557  -14.240  -12.632   -2.175   -1.664    8.510   10.998   11.122   11.526   13.084
   13.408   13.492   13.506   14.134   14.426   14.533
            0.342500  0.561473  0.000000
  -14.554  -14.241  -12.634   -2.171   -1.668    8.509   11.000   11.123   11.527   13.089
   13.413   13.496   13.507   14.127   14.420   14.534
            0.342333  0.561762  0.000000
  -14.551  -14.243  -12.635   -2.166   -1.673    8.509   11.002   11.124   11.528   13.094
   13.417   13.501   13.508   14.120   14.415   14.536
            0.342167  0.562050  0.000000
  -14.548  -14.245  -12.637   -2.162   -1.677    8.508   11.004   11.125   11.529   13.099
   13.421   13.505   13.508   14.113   14.409   14.537
            0.342000  0.562339  0.000000
  -14.545  -14.246  -12.639   -2.157   -1.681    8.508   11.007   11.126   11.530   13.104
   13.425   13.509   13.509   14.106   14.404   14.539
            0.341833  0.562628  0.000000
  -14.542  -14.248  -12.641   -2.153   -1.686    8.507   11.009   11.127   11.531   13.109
   13.430   13.509   13.514   14.100   14.399   14.541
            0.341667  0.562917  0.000000
  -14.539  -14.250  -12.643   -2.148   -1.690    8.506   11.011   11.128   11.531   13.115
   13.434   13.509   13.518   14.093   14.393   14.542
            0.341500  0.563205  0.000000
  -14.535  -14.252  -12.644   -2.144   -1.695    8.506   11.013   11.129   11.532   13.120
   13.438   13.510   13.522   14.086   14.388   14.544
            0.341333  0.563494  0.000000
  -14.532  -14.254  -12.646   -2.139   -1.699    8.505   11.015   11.130   11.533   13.125
   13.442   13.510   13.527   14.079   14.383   14.546
            0.341167  0.563783  0.000000
  -14.529  -14.255  -12.648   -2.135   -1.703    8.505   11.017   11.131   11.533   13.130
   13.447   13.510   13.531   14.072   14.378   14.547
            0.341000  0.564071  0.000000
  -14.526  -14.257  -12.649   -2.130   -1.708    8.504   11.020   11.131   11.534   13.135
   13.451   13.510   13.535   14.065   14.373   14.549
            0.340833  0.564360  0.000000
  -14.523  -14.259  -12.651   -2.126   -1.712    8.504   11.022   11.132   11.535   13.141
   13.455   13.509   13.539   14.058   14.368   14.550
            0.340667  0.564649  0.000000
  -14.520  -14.261  -12.653   -2.121   -1.717    8.504   11.024   11.133   11.535   13.146
   13.459   13.509   13.544   14.051   14.363   14.552
            0.340500  0.564937  0.000000
  -14.517  -14.263  -12.654   -2.117   -1.721    8.503   11.026   11.134   11.536   13.151
   13.464   13.509   13.548   14.044   14.359   14.554
            0.340333  0.565226  0.000000
  -14.513  -14.265  -12.656   -2.112   -1.725    8.503   11.028   11.134   11.536   13.156
   13.468   13.508   13.552   14.037   14.354   14.556
            0.340167  0.565515  0.000000
  -14.510  -14.267  -12.657   -2.108   -1.730    8.502   11.030   11.135   11.537   13.161
   13.472   13.508   13.556   14.030   14.350   14.557
            0.340000  0.565803  0.000000
  -14.507  -14.269  -12.658   -2.103   -1.734    8.502   11.032   11.135   11.537   13.167
   13.476   13.507   13.560   14.023   14.345   14.559
            0.339833  0.566092  0.000000
  -14.504  -14.271  -12.660   -2.098   -1.739    8.501   11.034   11.136   11.538   13.172
   13.481   13.506   13.565   14.016   14.341   14.561
            0.339667  0.566381  0.000000
  -14.501  -14.274  -12.661   -2.094   -1.743    8.501   11.036   11.136   11.538   13.177
   13.485   13.505   13.569   14.009   14.337   14.563
            0.339500  0.566669  0.000000
  -14.498  -14.276  -12.662   -2.089   -1.748    8.501   11.039   11.137   11.538   13.182
   13.489   13.504   13.573   14.002   14.333   14.564
            0.339333  0.566958  0.000000
  -14.494  -14.278  -12.664   -2.085   -1.752    8.500   11.041   11.137   11.539   13.188
   13.493   13.503   13.577   13.995   14.329   14.566
            0.339167  0.567247  0.000000
  -14.491  -14.280  -12.665   -2.080   -1.757    8.500   11.043   11.137   11.539   13.193
   13.498   13.501   13.581   13.988   14.325   14.568
            0.339000  0.567535  0.000000
  -14.488  -14.282  -12.666   -2.076   -1.761    8.499   11.045   11.137   11.539   13.198
   13.500   13.502   13.585   13.981   14.321   14.570
            0.338833  0.567824  0.000000
  -14.485  -14.285  -12.667   -2.071   -1.766    8.499   11.047   11.138   11.540   13.203
   13.498   13.506   13.589   13.974   14.317   14.572
            0.338667  0.568113  0.000000
  -14.482  -14.287  -12.668   -2.067   -1.770    8.499   11.049   11.138   11.540   13.209
   13.497   13.510   13.593   13.967   14.314   14.574
            0.338500  0.568401  0.000000
  -14.478  -14.289  -12.669   -2.062   -1.775    8.498   11.051   11.138   11.540   13.214
   13.495   13.515   13.597   13.960   14.311   14.575
            0.338333  0.568690  0.000000
  -14.475  -14.292  -12.670   -2.057   -1.779    8.498   11.053   11.138   11.540   13.219
   13.493   13.519   13.601   13.952   14.307   14.577
            0.338167  0.568979  0.000000
  -14.472  -14.294  -12.671   -2.053   -1.784    8.498   11.055   11.138   11.541   13.224
   13.491   13.523   13.605   13.945   14.304   14.579
            0.338000  0.569267  0.000000
  -14.469  -14.297  -12.672   -2.048   -1.788    8.498   11.057   11.138   11.541   13.230
   13.489   13.527   13.609   13.938   14.301   14.581
            0.337833  0.569556  0.000000
  -14.466  -14.299  -12.673   -2.044   -1.793    8.497   11.059   11.138   11.541   13.235
   13.487   13.532   13.612   13.931   14.298   14.583
            0.337667  0.569845  0.000000
  -14.462  -14.302  -12.674   -2.039   -1.797    8.497   11.061   11.137   11.541   13.240
   13.484   13.536   13.616   13.924   14.295   14.585
            0.337500  0.570133  0.000000
  -14.459  -14.304  -12.675   -2.034   -1.802    8.497   11.063   11.137   11.541   13.246
   13.482   13.540   13.620   13.917   14.292   14.587
            0.337333  0.570422  0.000000
  -14.456  -14.307  -12.676   -2.030   -1.807    8.496   11.065   11.137   11.541   13.251
   13.479   13.544   13.623   13.910   14.290   14.589
            0.337167  0.570711  0.000000
  -14.453  -14.309  -12.677   -2.025   -1.811    8.496   11.067   11.137   11.541   13.256
   13.476   13.549   13.627   13.903   14.287   14.591
            0.337000  0.570999  0.000000
  -14.450  -14.312  -12.678   -2.021   -1.816    8.496   11.069   11.136   11.542   13.262
   13.474   13.553   13.630   13.896   14.285   14.593
            0.336833  0.571288  0.000000
  -14.446  -14.315  -12.678   -2.016   -1.820    8.496   11.071   11.136   11.542   13.267
   13.471   13.557   13.634   13.890   14.283   14.594
            0.336667  0.571577  0.000000
  -14.443  -14.318  -12.679   -2.011   -1.825    8.496   11.073   11.135   11.542   13.272
   13.467   13.561   13.637   13.883   14.281   14.597
            0.336500  0.571865  0.000000
  -14.440  -14.320  -12.680   -2.007   -1.829    8.495   11.075   11.135   11.542   13.278
   13.464   13.566   13.640   13.876   14.279   14.599
            0.336333  0.572154  0.000000
  -14.437  -14.323  -12.680   -2.002   -1.834    8.495   11.077   11.134   11.542   13.283
   13.461   13.570   13.643   13.869   14.277   14.601
            0.336167  0.572443  0.000000
  -14.433  -14.326  -12.681   -1.997   -1.839    8.495   11.079   11.133   11.542   13.288
   13.457   13.574   13.646   13.863   14.275   14.603
            0.336000  0.572731  0.000000
  -14.430  -14.329  -12.681   -1.993   -1.843    8.495   11.081   11.132   11.542   13.294
   13.454   13.578   13.649   13.857   14.273   14.605
            0.335833  0.573020  0.000000
  -14.427  -14.331  -12.682   -1.988   -1.848    8.495   11.083   11.132   11.542   13.299
   13.450   13.582   13.652   13.850   14.272   14.607
            0.335667  0.573309  0.000000
  -14.424  -14.334  -12.682   -1.983   -1.852    8.495   11.085   11.131   11.542   13.304
   13.446   13.587   13.654   13.844   14.270   14.609
            0.335500  0.573597  0.000000
  -14.420  -14.337  -12.683   -1.979   -1.857    8.494   11.087   11.130   11.542   13.310
   13.442   13.591   13.656   13.838   14.269   14.612
            0.335333  0.573886  0.000000
  -14.417  -14.340  -12.683   -1.974   -1.862    8.494   11.089   11.129   11.542   13.315
   13.438   13.595   13.658   13.833   14.268   14.613
            0.335167  0.574175  0.000000
  -14.414  -14.343  -12.684   -1.969   -1.866    8.494   11.091   11.128   11.542   13.321
   13.434   13.599   13.660   13.827   14.266   14.615
            0.335000  0.574464  0.000000
  -14.411  -14.346  -12.684   -1.965   -1.871    8.494   11.093   11.127   11.542   13.326
   13.429   13.604   13.661   13.822   14.265   14.632
            0.334833  0.574752  0.000000
  -14.407  -14.349  -12.684   -1.960   -1.876    8.494   11.095   11.125   11.542   13.331
   13.425   13.608   13.662   13.818   14.265   14.620
            0.334667  0.575041  0.000000
  -14.404  -14.352  -12.685   -1.955   -1.880    8.494   11.096   11.124   11.542   13.337
   13.420   13.612   13.662   13.813   14.264   14.622
            0.334500  0.575330  0.000000
  -14.401  -14.355  -12.685   -1.951   -1.885    8.494   11.098   11.123   11.542   13.342
   13.416   13.616   13.662   13.809   14.263   14.624
            0.334333  0.575618  0.000000
  -14.397  -14.358  -12.685   -1.946   -1.890    8.494   11.100   11.121   11.542   13.348
   13.411   13.621   13.661   13.806   14.262   14.631
            0.334167  0.575907  0.000000
  -14.394  -14.362  -12.685   -1.941   -1.894    8.494   11.102   11.120   11.542   13.353
   13.406   13.625   13.660   13.803   14.262   14.631
            0.334000  0.576196  0.000000
  -14.391  -14.365  -12.685   -1.937   -1.899    8.494   11.104   11.118   11.542   13.358
   13.401   13.629   13.658   13.801   14.261   14.631
            0.333833  0.576484  0.000000
  -14.388  -14.368  -12.685   -1.932   -1.904    8.494   11.106   11.117   11.542   13.364
   13.396   13.633   13.656   13.799   14.261   14.633
            0.333667  0.576773  0.000000
  -14.384  -14.371  -12.685   -1.927   -1.908    8.494   11.108   11.115   11.542   13.369
   13.391   13.637   13.653   13.798   14.261   14.635
            0.333500  0.577062  0.000000
  -14.381  -14.374  -12.686   -1.923   -1.913    8.494   11.110   11.113   11.542   13.375
   13.385   13.642   13.650   13.797   14.261   14.638
            0.333333  0.577350  0.000000
  -14.378  -14.378  -12.686   -1.918   -1.918    8.494   11.111   11.111   11.542   13.380
   13.380   13.646   13.646   13.797   14.261   14.640
