#  E (eV)   dos(E)     Int dos(E) EFermi =   -2.036 eV
   -24.00000000    0.1311686215E-84    0.2623372430E-86
   -23.98000000    0.1311686215E-84    0.5246744860E-86
   -23.96000000    0.1311686215E-84    0.7870117291E-86
   -23.94000000    0.1311686215E-84    0.1049348972E-85
   -23.92000000    0.1311686215E-84    0.1311686215E-85
   -23.90000000    0.1311686215E-84    0.1574023458E-85
   -23.88000000    0.1311686215E-84    0.1836360701E-85
   -23.86000000    0.1311686215E-84    0.2098697944E-85
   -23.84000000    0.1311686215E-84    0.2361035187E-85
   -23.82000000    0.1311686215E-84    0.2623372430E-85
   -23.80000000    0.1311686215E-84    0.2885709673E-85
   -23.78000000    0.1311686215E-84    0.3148046916E-85
   -23.76000000    0.1311686215E-84    0.3410384159E-85
   -23.74000000    0.1311686215E-84    0.3672721402E-85
   -23.72000000    0.1311686215E-84    0.3935058645E-85
   -23.70000000    0.1311686215E-84    0.4197395888E-85
   -23.68000000    0.1311686215E-84    0.4459733131E-85
   -23.66000000    0.1311686215E-84    0.4722070374E-85
   -23.64000000    0.1311686215E-84    0.4984407617E-85
   -23.62000000    0.1311686215E-84    0.5246744860E-85
   -23.60000000    0.1311686215E-84    0.5509082103E-85
   -23.58000000    0.1311686215E-84    0.5771419346E-85
   -23.56000000    0.1311686215E-84    0.6033756589E-85
   -23.54000000    0.1311686215E-84    0.6296093833E-85
   -23.52000000    0.1311686215E-84    0.6558431076E-85
   -23.50000000    0.1311686215E-84    0.6820768319E-85
   -23.48000000    0.1311686215E-84    0.7083105562E-85
   -23.46000000    0.1311686215E-84    0.7345442805E-85
   -23.44000000    0.1311686215E-84    0.7607780048E-85
   -23.42000000    0.1311686215E-84    0.7870117291E-85
   -23.40000000    0.1311686215E-84    0.8132454534E-85
   -23.38000000    0.1311686215E-84    0.8394791777E-85
   -23.36000000    0.1311686215E-84    0.8657129020E-85
   -23.34000000    0.1311686215E-84    0.8919466263E-85
   -23.32000000    0.1311686215E-84    0.9181803506E-85
   -23.30000000    0.1311686215E-84    0.9444140749E-85
   -23.28000000    0.1311686215E-84    0.9706477992E-85
   -23.26000000    0.1311686215E-84    0.9968815235E-85
   -23.24000000    0.1311686215E-84    0.1023115248E-84
   -23.22000000    0.1311686215E-84    0.1049348972E-84
   -23.20000000    0.1311686215E-84    0.1075582696E-84
   -23.18000000    0.1311686215E-84    0.1101816421E-84
   -23.16000000    0.1311686215E-84    0.1128050145E-84
   -23.14000000    0.1311686215E-84    0.1154283869E-84
   -23.12000000    0.1311686215E-84    0.1180517594E-84
   -23.10000000    0.1311686215E-84    0.1206751318E-84
   -23.08000000    0.1311686215E-84    0.1232985042E-84
   -23.06000000    0.1311686215E-84    0.1259218767E-84
   -23.04000000    0.1311686215E-84    0.1285452491E-84
   -23.02000000    0.1311686215E-84    0.1311686215E-84
   -23.00000000    0.1311686215E-84    0.1337919939E-84
   -22.98000000    0.1311686215E-84    0.1364153664E-84
   -22.96000000    0.1311686215E-84    0.1390387388E-84
   -22.94000000    0.1311686215E-84    0.1416621112E-84
   -22.92000000    0.1311686215E-84    0.1442854837E-84
   -22.90000000    0.1311686215E-84    0.1469088561E-84
   -22.88000000    0.1311686215E-84    0.1495322285E-84
   -22.86000000    0.1311686215E-84    0.1521556010E-84
   -22.84000000    0.1311686215E-84    0.1547789734E-84
   -22.82000000    0.1311686215E-84    0.1574023458E-84
   -22.80000000    0.1311686215E-84    0.1600257182E-84
   -22.78000000    0.1311686215E-84    0.1626490907E-84
   -22.76000000    0.1311686215E-84    0.1652724631E-84
   -22.74000000    0.1311686215E-84    0.1678958355E-84
   -22.72000000    0.1311686215E-84    0.1705192080E-84
   -22.70000000    0.1311686215E-84    0.1731425804E-84
   -22.68000000    0.1311686215E-84    0.1757659528E-84
   -22.66000000    0.1311686215E-84    0.1783893253E-84
   -22.64000000    0.1313275920E-84    0.1810158771E-84
   -22.62000000    0.1992742399E-84    0.1850013619E-84
   -22.60000000    0.2212294225E-82    0.6274602070E-84
   -22.58000000    0.6495280985E-80    0.1305330799E-81
   -22.56000000    0.1756778326E-77    0.3526609961E-79
   -22.54000000    0.4351605805E-75    0.8738477709E-77
   -22.52000000    0.9871667051E-73    0.1983071888E-74
   -22.50000000    0.2050894999E-70    0.4121620717E-72
   -22.48000000    0.3902223548E-68    0.7845663304E-70
   -22.46000000    0.6799870877E-66    0.1367819839E-67
   -22.44000000    0.1085208536E-63    0.2184095270E-65
   -22.42000000    0.1586186257E-61    0.3194213466E-63
   -22.40000000    0.2123382708E-59    0.4278707550E-61
   -22.38000000    0.2603396985E-57    0.5249581045E-59
   -22.36000000    0.2923450408E-55    0.5899396626E-57
   -22.34000000    0.3006766820E-53    0.6072527607E-55
   -22.32000000    0.2832423795E-51    0.5725572867E-53
   -22.30000000    0.2443865509E-49    0.4944986746E-51
   -22.28000000    0.1931360867E-47    0.3912171601E-49
   -22.26000000    0.1398052478E-45    0.2835226672E-47
   -22.24000000    0.9269679575E-44    0.1882288182E-45
   -22.22000000    0.5629825173E-42    0.1144787916E-43
   -22.20000000    0.3132003655E-40    0.6378486101E-42
   -22.18000000    0.1596083241E-38    0.3255951344E-40
   -22.16000000    0.7450820182E-37    0.1522723550E-38
   -22.14000000    0.3186235467E-35    0.6524743290E-37
   -22.12000000    0.1248209711E-33    0.2561666856E-35
   -22.10000000    0.4479655004E-32    0.9215476694E-34
   -22.08000000    0.1472858907E-30    0.3037872582E-32
   -22.06000000    0.4436601672E-29    0.9176990601E-31
   -22.04000000    0.1224409230E-27    0.2540588366E-29
   -22.02000000    0.3096027866E-26    0.6446114569E-28
   -22.00000000    0.7173014305E-25    0.1499064007E-26
   -21.98000000    0.1522772085E-23    0.3195450571E-25
   -21.96000000    0.2962264179E-22    0.6244073414E-24
   -21.94000000    0.5280673209E-21    0.1118575376E-22
   -21.92000000    0.8626889411E-20    0.1837235420E-21
   -21.90000000    0.1291645937E-18    0.2767015416E-20
   -21.88000000    0.1772491867E-17    0.3821685276E-19
   -21.86000000    0.2229494265E-16    0.4841157057E-18
   -21.84000000    0.2570647831E-15    0.5625411369E-17
   -21.82000000    0.2717246573E-14    0.5997034283E-16
   -21.80000000    0.2633332431E-13    0.5866368290E-15
   -21.78000000    0.2340004933E-12    0.5266646695E-14
   -21.76000000    0.1906828157E-11    0.4340320984E-13
   -21.74000000    0.1425098924E-10    0.3284229947E-12
   -21.72000000    0.9769643708E-10    0.2282351736E-11
   -21.70000000    0.6144434960E-09    0.1457122166E-10
   -21.68000000    0.3545952267E-08    0.8549026699E-10
   -21.66000000    0.1878106400E-07    0.4611115471E-09
   -21.64000000    0.9131557682E-07    0.2287423083E-08
   -21.62000000    0.4076828913E-06    0.1044108091E-07
   -21.60000000    0.1671806406E-05    0.4387720904E-07
   -21.58000000    0.6299253133E-05    0.1698622717E-06
   -21.56000000    0.2181777182E-04    0.6062177080E-06
   -21.54000000    0.6949585610E-04    0.1996134830E-05
   -21.52000000    0.2036949807E-03    0.6070034443E-05
   -21.50000000    0.5497502387E-03    0.1706503922E-04
   -21.48000000    0.1367289318E-02    0.4441082559E-04
   -21.46000000    0.3136751172E-02    0.1071458490E-03
   -21.44000000    0.6645447135E-02    0.2400547917E-03
   -21.42000000    0.1301962710E-01    0.5004473337E-03
   -21.40000000    0.2362874295E-01    0.9730221928E-03
   -21.38000000    0.3980629232E-01    0.1769148039E-02
   -21.36000000    0.6240729311E-01    0.3017293901E-02
   -21.34000000    0.9133589143E-01    0.4844011730E-02
   -21.32000000    0.1252606306E+00    0.7349224342E-02
   -21.30000000    0.1617109989E+00    0.1058344432E-01
   -21.28000000    0.1975944848E+00    0.1453533402E-01
   -21.26000000    0.2299623045E+00    0.1913458011E-01
   -21.24000000    0.2567165271E+00    0.2426891065E-01
   -21.22000000    0.2769838178E+00    0.2980858700E-01
   -21.20000000    0.2910589339E+00    0.3562976568E-01
   -21.18000000    0.3000255933E+00    0.4163027755E-01
   -21.16000000    0.3052727866E+00    0.4773573328E-01
   -21.14000000    0.3081023854E+00    0.5389778099E-01
   -21.12000000    0.3095194347E+00    0.6008816968E-01
   -21.10000000    0.3101912609E+00    0.6629199490E-01
   -21.08000000    0.3105070188E+00    0.7250213528E-01
   -21.06000000    0.3106684024E+00    0.7871550333E-01
   -21.04000000    0.3107690117E+00    0.8493088356E-01
   -21.02000000    0.3108479335E+00    0.9114784223E-01
   -21.00000000    0.3109199048E+00    0.9736624033E-01
   -20.98000000    0.3109899516E+00    0.1035860394E+00
   -20.96000000    0.3110596232E+00    0.1098072318E+00
   -20.94000000    0.3111293495E+00    0.1160298188E+00
   -20.92000000    0.3111992407E+00    0.1222538036E+00
   -20.90000000    0.3112693313E+00    0.1284791903E+00
   -20.88000000    0.3113396474E+00    0.1347059832E+00
   -20.86000000    0.3114102206E+00    0.1409341876E+00
   -20.84000000    0.3114810849E+00    0.1471638093E+00
   -20.82000000    0.3115522707E+00    0.1533948547E+00
   -20.80000000    0.3116237977E+00    0.1596273307E+00
   -20.78000000    0.3116956727E+00    0.1658612441E+00
   -20.76000000    0.3117678900E+00    0.1720966019E+00
   -20.74000000    0.3118404361E+00    0.1783334107E+00
   -20.72000000    0.3119132949E+00    0.1845716766E+00
   -20.70000000    0.3119864524E+00    0.1908114056E+00
   -20.68000000    0.3120599000E+00    0.1970526036E+00
   -20.66000000    0.3121336362E+00    0.2032952763E+00
   -20.64000000    0.3122076660E+00    0.2095394296E+00
   -20.62000000    0.3122819991E+00    0.2157850696E+00
   -20.60000000    0.3123566473E+00    0.2220322026E+00
   -20.58000000    0.3124316222E+00    0.2282808350E+00
   -20.56000000    0.3125069326E+00    0.2345309737E+00
   -20.54000000    0.3125825834E+00    0.2407826253E+00
   -20.52000000    0.3126585755E+00    0.2470357969E+00
   -20.50000000    0.3127349064E+00    0.2532904950E+00
   -20.48000000    0.3128115714E+00    0.2595467264E+00
   -20.46000000    0.3128885658E+00    0.2658044977E+00
   -20.44000000    0.3129658861E+00    0.2720638154E+00
   -20.42000000    0.3130435309E+00    0.2783246861E+00
   -20.40000000    0.3131215013E+00    0.2845871161E+00
   -20.38000000    0.3131998007E+00    0.2908511121E+00
   -20.36000000    0.3132784341E+00    0.2971166808E+00
   -20.34000000    0.3133574074E+00    0.3033838289E+00
   -20.32000000    0.3134367264E+00    0.3096525635E+00
   -20.30000000    0.3135163962E+00    0.3159228914E+00
   -20.28000000    0.3135964210E+00    0.3221948198E+00
   -20.26000000    0.3136768047E+00    0.3284683559E+00
   -20.24000000    0.3137575523E+00    0.3347435069E+00
   -20.22000000    0.3138386711E+00    0.3410202804E+00
   -20.20000000    0.3139201709E+00    0.3472986838E+00
   -20.18000000    0.3140020615E+00    0.3535787250E+00
   -20.16000000    0.3140843513E+00    0.3598604120E+00
   -20.14000000    0.3141670450E+00    0.3661437529E+00
   -20.12000000    0.3142501441E+00    0.3724287558E+00
   -20.10000000    0.3143336482E+00    0.3787154288E+00
   -20.08000000    0.3144175567E+00    0.3850037799E+00
   -20.06000000    0.3145018708E+00    0.3912938173E+00
   -20.04000000    0.3145865931E+00    0.3975855492E+00
   -20.02000000    0.3146717266E+00    0.4038789837E+00
   -20.00000000    0.3147572737E+00    0.4101741292E+00
   -19.98000000    0.3148432363E+00    0.4164709939E+00
   -19.96000000    0.3149296154E+00    0.4227695862E+00
   -19.94000000    0.3150164122E+00    0.4290699145E+00
   -19.92000000    0.3151036296E+00    0.4353719871E+00
   -19.90000000    0.3151912730E+00    0.4416758125E+00
   -19.88000000    0.3152793479E+00    0.4479813995E+00
   -19.86000000    0.3153678612E+00    0.4542887567E+00
   -19.84000000    0.3154568197E+00    0.4605978931E+00
   -19.82000000    0.3155462279E+00    0.4669088177E+00
   -19.80000000    0.3156360892E+00    0.4732215395E+00
   -19.78000000    0.3157264103E+00    0.4795360677E+00
   -19.76000000    0.3158171995E+00    0.4858524117E+00
   -19.74000000    0.3159084641E+00    0.4921705809E+00
   -19.72000000    0.3160002158E+00    0.4984905853E+00
   -19.70000000    0.3160924704E+00    0.5048124347E+00
   -19.68000000    0.3161852360E+00    0.5111361394E+00
   -19.66000000    0.3162785146E+00    0.5174617097E+00
   -19.64000000    0.3163723141E+00    0.5237891560E+00
   -19.62000000    0.3164666399E+00    0.5301184887E+00
   -19.60000000    0.3165614815E+00    0.5364497184E+00
   -19.58000000    0.3166568317E+00    0.5427828550E+00
   -19.56000000    0.3167527010E+00    0.5491179090E+00
   -19.54000000    0.3168490919E+00    0.5554548909E+00
   -19.52000000    0.3169459911E+00    0.5617938107E+00
   -19.50000000    0.3170434110E+00    0.5681346789E+00
   -19.48000000    0.3171413894E+00    0.5744775067E+00
   -19.46000000    0.3172399310E+00    0.5808223053E+00
   -19.44000000    0.3173390174E+00    0.5871690857E+00
   -19.42000000    0.3174386777E+00    0.5935178592E+00
   -19.40000000    0.3175389615E+00    0.5998686385E+00
   -19.38000000    0.3176398528E+00    0.6062214355E+00
   -19.36000000    0.3177413233E+00    0.6125762620E+00
   -19.34000000    0.3178434346E+00    0.6189331307E+00
   -19.32000000    0.3179462540E+00    0.6252920557E+00
   -19.30000000    0.3180497263E+00    0.6316530503E+00
   -19.28000000    0.3181537896E+00    0.6380161261E+00
   -19.26000000    0.3182585258E+00    0.6443812966E+00
   -19.24000000    0.3183640101E+00    0.6507485768E+00
   -19.22000000    0.3184701358E+00    0.6571179795E+00
   -19.20000000    0.3185768158E+00    0.6634895158E+00
   -19.18000000    0.3186841975E+00    0.6698631998E+00
   -19.16000000    0.3187924127E+00    0.6762390480E+00
   -19.14000000    0.3189013061E+00    0.6826170741E+00
   -19.12000000    0.3190107331E+00    0.6889972888E+00
   -19.10000000    0.3191208990E+00    0.6953797068E+00
   -19.08000000    0.3192320135E+00    0.7017643471E+00
   -19.06000000    0.3193438596E+00    0.7081512243E+00
   -19.04000000    0.3194561799E+00    0.7145403478E+00
   -19.02000000    0.3195692303E+00    0.7209317325E+00
   -19.00000000    0.3196833745E+00    0.7273253999E+00
   -18.98000000    0.3197983763E+00    0.7337213675E+00
   -18.96000000    0.3199137906E+00    0.7401196433E+00
   -18.94000000    0.3200298570E+00    0.7465202404E+00
   -18.92000000    0.3201471728E+00    0.7529231839E+00
   -18.90000000    0.3202655875E+00    0.7593284956E+00
   -18.88000000    0.3203843949E+00    0.7657361835E+00
   -18.86000000    0.3205036611E+00    0.7721462568E+00
   -18.84000000    0.3206242627E+00    0.7785587420E+00
   -18.82000000    0.3207463460E+00    0.7849736689E+00
   -18.80000000    0.3208689450E+00    0.7913910478E+00
   -18.78000000    0.3209916778E+00    0.7978108814E+00
   -18.76000000    0.3211156009E+00    0.8042331934E+00
   -18.74000000    0.3212414707E+00    0.8106580228E+00
   -18.72000000    0.3213683061E+00    0.8170853889E+00
   -18.70000000    0.3214949871E+00    0.8235152887E+00
   -18.68000000    0.3216223478E+00    0.8299477356E+00
   -18.66000000    0.3217519666E+00    0.8363827750E+00
   -18.64000000    0.3218834157E+00    0.8428204433E+00
   -18.62000000    0.3220147772E+00    0.8492607388E+00
   -18.60000000    0.3221459256E+00    0.8557036573E+00
   -18.58000000    0.3222790346E+00    0.8621492380E+00
   -18.56000000    0.3224150483E+00    0.8685975390E+00
   -18.54000000    0.3225518753E+00    0.8750485765E+00
   -18.52000000    0.3226877047E+00    0.8815023306E+00
   -18.50000000    0.3228242520E+00    0.8879588156E+00
   -18.48000000    0.3229642730E+00    0.8944181011E+00
   -18.46000000    0.3231069816E+00    0.9008802407E+00
   -18.44000000    0.3232490111E+00    0.9073452209E+00
   -18.42000000    0.3233899003E+00    0.9138130190E+00
   -18.40000000    0.3235332751E+00    0.9202836845E+00
   -18.38000000    0.3236812611E+00    0.9267573097E+00
   -18.36000000    0.3238307842E+00    0.9332339254E+00
   -18.34000000    0.3239781369E+00    0.9397134881E+00
   -18.32000000    0.3241250880E+00    0.9461959899E+00
   -18.30000000    0.3242766144E+00    0.9526815221E+00
   -18.28000000    0.3244331426E+00    0.9591701850E+00
   -18.26000000    0.3245894187E+00    0.9656619734E+00
   -18.24000000    0.3247424776E+00    0.9721568229E+00
   -18.22000000    0.3248967179E+00    0.9786547573E+00
   -18.20000000    0.3250576717E+00    0.9851559107E+00
   -18.18000000    0.3252233687E+00    0.9916603781E+00
   -18.16000000    0.3253867793E+00    0.9981681137E+00
   -18.14000000    0.3255464623E+00    0.1004679043E+01
   -18.12000000    0.3257094212E+00    0.1011193231E+01
   -18.10000000    0.3258810430E+00    0.1017710852E+01
   -18.08000000    0.3260566560E+00    0.1024231985E+01
   -18.06000000    0.3262278824E+00    0.1030756543E+01
   -18.04000000    0.3263952332E+00    0.1037284448E+01
   -18.02000000    0.3265681906E+00    0.1043815811E+01
   -18.00000000    0.3267516641E+00    0.1050350845E+01
   -17.98000000    0.3269382593E+00    0.1056889610E+01
   -17.96000000    0.3271184424E+00    0.1063431979E+01
   -17.94000000    0.3272947153E+00    0.1069977873E+01
   -17.92000000    0.3274789634E+00    0.1076527452E+01
   -17.90000000    0.3276756865E+00    0.1083080966E+01
   -17.88000000    0.3278748631E+00    0.1089638463E+01
   -17.86000000    0.3280656150E+00    0.1096199776E+01
   -17.84000000    0.3282521332E+00    0.1102764818E+01
   -17.82000000    0.3284488379E+00    0.1109333795E+01
   -17.80000000    0.3286603875E+00    0.1115907003E+01
   -17.78000000    0.3288743603E+00    0.1122484490E+01
   -17.76000000    0.3290779386E+00    0.1129066049E+01
   -17.74000000    0.3292762962E+00    0.1135651575E+01
   -17.72000000    0.3294866425E+00    0.1142241308E+01
   -17.70000000    0.3297148435E+00    0.1148835604E+01
   -17.68000000    0.3299465138E+00    0.1155434535E+01
   -17.66000000    0.3301659555E+00    0.1162037854E+01
   -17.64000000    0.3303781320E+00    0.1168645416E+01
   -17.62000000    0.3306032799E+00    0.1175257482E+01
   -17.60000000    0.3308500492E+00    0.1181874483E+01
   -17.58000000    0.3311030063E+00    0.1188496543E+01
   -17.56000000    0.3313424710E+00    0.1195123393E+01
   -17.54000000    0.3315713263E+00    0.1201754819E+01
   -17.52000000    0.3318126601E+00    0.1208391072E+01
   -17.50000000    0.3320798841E+00    0.1215032670E+01
   -17.48000000    0.3323582643E+00    0.1221679835E+01
   -17.46000000    0.3326233088E+00    0.1228332301E+01
   -17.44000000    0.3328732433E+00    0.1234989766E+01
   -17.42000000    0.3331329218E+00    0.1241652425E+01
   -17.40000000    0.3334225584E+00    0.1248320876E+01
   -17.38000000    0.3337309864E+00    0.1254995496E+01
   -17.36000000    0.3340289457E+00    0.1261676075E+01
   -17.34000000    0.3343068213E+00    0.1268362211E+01
   -17.32000000    0.3345885551E+00    0.1275053982E+01
   -17.30000000    0.3349024970E+00    0.1281752032E+01
   -17.28000000    0.3352451491E+00    0.1288456935E+01
   -17.26000000    0.3355844415E+00    0.1295168624E+01
   -17.24000000    0.3359000395E+00    0.1301886625E+01
   -17.22000000    0.3362104533E+00    0.1308610834E+01
   -17.20000000    0.3365516599E+00    0.1315341867E+01
   -17.18000000    0.3369325046E+00    0.1322080517E+01
   -17.16000000    0.3373226595E+00    0.1328826970E+01
   -17.14000000    0.3376897242E+00    0.1335580765E+01
   -17.12000000    0.3380405598E+00    0.1342341576E+01
   -17.10000000    0.3384149877E+00    0.1349109876E+01
   -17.08000000    0.3388379274E+00    0.1355886634E+01
   -17.06000000    0.3392882543E+00    0.1362672399E+01
   -17.04000000    0.3397238304E+00    0.1369466876E+01
   -17.02000000    0.3401336812E+00    0.1376269549E+01
   -17.00000000    0.3405536907E+00    0.1383080623E+01
   -16.98000000    0.3410251362E+00    0.1389901126E+01
   -16.96000000    0.3415450865E+00    0.1396732028E+01
   -16.94000000    0.3420692345E+00    0.1403573412E+01
   -16.92000000    0.3425654936E+00    0.1410424722E+01
   -16.90000000    0.3430547155E+00    0.1417285817E+01
   -16.88000000    0.3435886186E+00    0.1424157589E+01
   -16.86000000    0.3441896550E+00    0.1431041382E+01
   -16.84000000    0.3448242849E+00    0.1437937868E+01
   -16.82000000    0.3454429282E+00    0.1444846726E+01
   -16.80000000    0.3460406618E+00    0.1451767540E+01
   -16.78000000    0.3466665833E+00    0.1458700871E+01
   -16.76000000    0.3473691385E+00    0.1465648254E+01
   -16.74000000    0.3481407025E+00    0.1472611068E+01
   -16.72000000    0.3489272802E+00    0.1479589614E+01
   -16.70000000    0.3496937126E+00    0.1486583488E+01
   -16.68000000    0.3504688950E+00    0.1493592866E+01
   -16.66000000    0.3513171848E+00    0.1500619210E+01
   -16.64000000    0.3522676840E+00    0.1507664563E+01
   -16.62000000    0.3532833017E+00    0.1514730229E+01
   -16.60000000    0.3543069154E+00    0.1521816368E+01
   -16.58000000    0.3553328105E+00    0.1528923024E+01
   -16.56000000    0.3564209420E+00    0.1536051443E+01
   -16.54000000    0.3576361650E+00    0.1543204166E+01
   -16.52000000    0.3589812210E+00    0.1550383790E+01
   -16.50000000    0.3604010525E+00    0.1557591811E+01
   -16.48000000    0.3618554055E+00    0.1564828919E+01
   -16.46000000    0.3633780320E+00    0.1572096480E+01
   -16.44000000    0.3650546077E+00    0.1579397572E+01
   -16.42000000    0.3669434837E+00    0.1586736442E+01
   -16.40000000    0.3690295450E+00    0.1594117033E+01
   -16.38000000    0.3712657594E+00    0.1601542348E+01
   -16.36000000    0.3736586397E+00    0.1609015521E+01
   -16.34000000    0.3763039613E+00    0.1616541600E+01
   -16.32000000    0.3793352976E+00    0.1624128306E+01
   -16.30000000    0.3828481703E+00    0.1631785269E+01
   -16.28000000    0.3868936153E+00    0.1639523142E+01
   -16.26000000    0.3915591920E+00    0.1647354326E+01
   -16.24000000    0.3970536345E+00    0.1655295398E+01
   -16.22000000    0.4036929167E+00    0.1663369257E+01
   -16.20000000    0.4117679475E+00    0.1671604616E+01
   -16.18000000    0.4213670708E+00    0.1680031957E+01
   -16.16000000    0.4322375883E+00    0.1688676709E+01
   -16.14000000    0.4437099264E+00    0.1697550907E+01
   -16.12000000    0.4546699732E+00    0.1706644307E+01
   -16.10000000    0.4636056362E+00    0.1715916419E+01
   -16.08000000    0.4688112199E+00    0.1725292644E+01
   -16.06000000    0.4687942536E+00    0.1734668529E+01
   -16.04000000    0.4627741599E+00    0.1743924012E+01
   -16.02000000    0.4510194121E+00    0.1752944400E+01
   -16.00000000    0.4348001097E+00    0.1761640403E+01
   -15.98000000    0.4159532582E+00    0.1769959468E+01
   -15.96000000    0.3963010557E+00    0.1777885489E+01
   -15.94000000    0.3772266231E+00    0.1785430021E+01
   -15.92000000    0.3595540507E+00    0.1792621102E+01
   -15.90000000    0.3436533035E+00    0.1799494168E+01
   -15.88000000    0.3295897351E+00    0.1806085963E+01
   -15.86000000    0.3172142311E+00    0.1812430248E+01
   -15.84000000    0.3062230245E+00    0.1818554708E+01
   -15.82000000    0.2962564617E+00    0.1824479837E+01
   -15.80000000    0.2870301821E+00    0.1830220441E+01
   -15.78000000    0.2784113122E+00    0.1835788667E+01
   -15.76000000    0.2703754881E+00    0.1841196177E+01
   -15.74000000    0.2628901876E+00    0.1846453981E+01
   -15.72000000    0.2558433734E+00    0.1851570848E+01
   -15.70000000    0.2490866282E+00    0.1856552581E+01
   -15.68000000    0.2425379632E+00    0.1861403340E+01
   -15.66000000    0.2362252205E+00    0.1866127845E+01
   -15.64000000    0.2302173963E+00    0.1870732192E+01
   -15.62000000    0.2245162478E+00    0.1875222517E+01
   -15.60000000    0.2190266245E+00    0.1879603050E+01
   -15.58000000    0.2136388130E+00    0.1883875826E+01
   -15.56000000    0.2083318578E+00    0.1888042463E+01
   -15.54000000    0.2031812336E+00    0.1892106088E+01
   -15.52000000    0.1982594244E+00    0.1896071276E+01
   -15.50000000    0.1935398639E+00    0.1899942074E+01
   -15.48000000    0.1889145310E+00    0.1903720364E+01
   -15.46000000    0.1843076825E+00    0.1907406518E+01
   -15.44000000    0.1797562621E+00    0.1911001643E+01
   -15.42000000    0.1753652017E+00    0.1914508947E+01
   -15.40000000    0.1711959159E+00    0.1917932866E+01
   -15.38000000    0.1672342481E+00    0.1921277551E+01
   -15.36000000    0.1635029071E+00    0.1924547609E+01
   -15.34000000    0.1602264339E+00    0.1927752137E+01
   -15.32000000    0.1579067298E+00    0.1930910272E+01
   -15.30000000    0.1572713621E+00    0.1934055699E+01
   -15.28000000    0.1591717325E+00    0.1937239134E+01
   -15.26000000    0.1644880902E+00    0.1940528896E+01
   -15.24000000    0.1739872393E+00    0.1944008640E+01
   -15.22000000    0.1880548334E+00    0.1947769737E+01
   -15.20000000    0.2063633946E+00    0.1951897005E+01
   -15.18000000    0.2276971103E+00    0.1956450947E+01
   -15.16000000    0.2501317847E+00    0.1961453583E+01
   -15.14000000    0.2715429132E+00    0.1966884441E+01
   -15.12000000    0.2901856455E+00    0.1972688154E+01
   -15.10000000    0.3050626145E+00    0.1978789406E+01
   -15.08000000    0.3159703696E+00    0.1985108814E+01
   -15.06000000    0.3233132779E+00    0.1991575079E+01
   -15.04000000    0.3278402163E+00    0.1998131884E+01
   -15.02000000    0.3304029148E+00    0.2004739942E+01
   -15.00000000    0.3317671343E+00    0.2011375285E+01
   -14.98000000    0.3324935785E+00    0.2018025156E+01
   -14.96000000    0.3329104905E+00    0.2024683366E+01
   -14.94000000    0.3331722214E+00    0.2031346810E+01
   -14.92000000    0.3333506365E+00    0.2038013823E+01
   -14.90000000    0.3334953889E+00    0.2044683731E+01
   -14.88000000    0.3336427021E+00    0.2051356585E+01
   -14.86000000    0.3338032927E+00    0.2058032651E+01
   -14.84000000    0.3339659972E+00    0.2064711971E+01
   -14.82000000    0.3341191490E+00    0.2071394354E+01
   -14.80000000    0.3342652956E+00    0.2078079660E+01
   -14.78000000    0.3344152217E+00    0.2084767964E+01
   -14.76000000    0.3345735850E+00    0.2091459436E+01
   -14.74000000    0.3347351766E+00    0.2098154139E+01
   -14.72000000    0.3348936189E+00    0.2104852012E+01
   -14.70000000    0.3350490927E+00    0.2111552994E+01
   -14.68000000    0.3352063170E+00    0.2118257120E+01
   -14.66000000    0.3353680644E+00    0.2124964481E+01
   -14.64000000    0.3355335898E+00    0.2131675153E+01
   -14.62000000    0.3357033272E+00    0.2138389220E+01
   -14.60000000    0.3358844867E+00    0.2145106909E+01
   -14.58000000    0.3360948347E+00    0.2151828806E+01
   -14.56000000    0.3363679133E+00    0.2158556164E+01
   -14.54000000    0.3367634601E+00    0.2165291433E+01
   -14.52000000    0.3373818284E+00    0.2172039070E+01
   -14.50000000    0.3383768830E+00    0.2178806608E+01
   -14.48000000    0.3399615250E+00    0.2185605838E+01
   -14.46000000    0.3424023450E+00    0.2192453885E+01
   -14.44000000    0.3460029250E+00    0.2199373944E+01
   -14.42000000    0.3510781539E+00    0.2206395507E+01
   -14.40000000    0.3579227612E+00    0.2213553962E+01
   -14.38000000    0.3667732639E+00    0.2220889427E+01
   -14.36000000    0.3777546084E+00    0.2228444519E+01
   -14.34000000    0.3907996089E+00    0.2236260512E+01
   -14.32000000    0.4055425816E+00    0.2244371363E+01
   -14.30000000    0.4212205589E+00    0.2252795774E+01
   -14.28000000    0.4366487163E+00    0.2261528749E+01
   -14.26000000    0.4503394432E+00    0.2270535538E+01
   -14.24000000    0.4607845335E+00    0.2279751228E+01
   -14.22000000    0.4668310761E+00    0.2289087850E+01
   -14.20000000    0.4680068842E+00    0.2298447987E+01
   -14.18000000    0.4646489998E+00    0.2307740967E+01
   -14.16000000    0.4577734866E+00    0.2316896437E+01
   -14.14000000    0.4487482376E+00    0.2325871402E+01
   -14.12000000    0.4389157080E+00    0.2334649716E+01
   -14.10000000    0.4293116145E+00    0.2343235948E+01
   -14.08000000    0.4205523425E+00    0.2351646995E+01
   -14.06000000    0.4128743227E+00    0.2359904482E+01
   -14.04000000    0.4062551233E+00    0.2368029584E+01
   -14.02000000    0.4005435697E+00    0.2376040455E+01
   -14.00000000    0.3955556432E+00    0.2383951568E+01
   -13.98000000    0.3911260280E+00    0.2391774089E+01
   -13.96000000    0.3871254289E+00    0.2399516597E+01
   -13.94000000    0.3834593199E+00    0.2407185784E+01
   -13.92000000    0.3800602359E+00    0.2414786989E+01
   -13.90000000    0.3768797460E+00    0.2422324584E+01
   -13.88000000    0.3738821527E+00    0.2429802227E+01
   -13.86000000    0.3710402748E+00    0.2437223032E+01
   -13.84000000    0.3683329243E+00    0.2444589691E+01
   -13.82000000    0.3657432566E+00    0.2451904556E+01
   -13.80000000    0.3632575029E+00    0.2459169706E+01
   -13.78000000    0.3608641806E+00    0.2466386989E+01
   -13.76000000    0.3585537363E+00    0.2473558064E+01
   -13.74000000    0.3563181811E+00    0.2480684428E+01
   -13.72000000    0.3541506063E+00    0.2487767440E+01
   -13.70000000    0.3520449583E+00    0.2494808339E+01
   -13.68000000    0.3499960855E+00    0.2501808261E+01
   -13.66000000    0.3479995953E+00    0.2508768253E+01
   -13.64000000    0.3460515110E+00    0.2515689283E+01
   -13.62000000    0.3441482150E+00    0.2522572247E+01
   -13.60000000    0.3422866411E+00    0.2529417980E+01
   -13.58000000    0.3404641710E+00    0.2536227263E+01
   -13.56000000    0.3386782968E+00    0.2543000829E+01
   -13.54000000    0.3369266413E+00    0.2549739362E+01
   -13.52000000    0.3352072429E+00    0.2556443507E+01
   -13.50000000    0.3335184502E+00    0.2563113876E+01
   -13.48000000    0.3318585474E+00    0.2569751047E+01
   -13.46000000    0.3302258266E+00    0.2576355563E+01
   -13.44000000    0.3286189675E+00    0.2582927943E+01
   -13.42000000    0.3270369233E+00    0.2589468681E+01
   -13.40000000    0.3254784636E+00    0.2595978251E+01
   -13.38000000    0.3239422647E+00    0.2602457096E+01
   -13.36000000    0.3224274039E+00    0.2608905644E+01
   -13.34000000    0.3209332633E+00    0.2615324309E+01
   -13.32000000    0.3194589559E+00    0.2621713488E+01
   -13.30000000    0.3180033828E+00    0.2628073556E+01
   -13.28000000    0.3165658599E+00    0.2634404873E+01
   -13.26000000    0.3151460869E+00    0.2640707795E+01
   -13.24000000    0.3137434257E+00    0.2646982663E+01
   -13.22000000    0.3123568486E+00    0.2653229800E+01
   -13.20000000    0.3109857259E+00    0.2659449515E+01
   -13.18000000    0.3096299815E+00    0.2665642115E+01
   -13.16000000    0.3082892441E+00    0.2671807899E+01
   -13.14000000    0.3069625586E+00    0.2677947151E+01
   -13.12000000    0.3056492669E+00    0.2684060136E+01
   -13.10000000    0.3043494598E+00    0.2690147125E+01
   -13.08000000    0.3030630890E+00    0.2696208387E+01
   -13.06000000    0.3017893079E+00    0.2702244173E+01
   -13.04000000    0.3005272979E+00    0.2708254719E+01
   -13.02000000    0.2992771355E+00    0.2714240262E+01
   -13.00000000    0.2980390972E+00    0.2720201044E+01
   -12.98000000    0.2968125867E+00    0.2726137295E+01
   -12.96000000    0.2955966250E+00    0.2732049228E+01
   -12.94000000    0.2943911161E+00    0.2737937050E+01
   -12.92000000    0.2931967636E+00    0.2743800986E+01
   -12.90000000    0.2920140658E+00    0.2749641267E+01
   -12.88000000    0.2908440523E+00    0.2755458148E+01
   -12.86000000    0.2896919080E+00    0.2761251986E+01
   -12.84000000    0.2885727949E+00    0.2767023442E+01
   -12.82000000    0.2875210258E+00    0.2772773862E+01
   -12.80000000    0.2866063417E+00    0.2778505989E+01
   -12.78000000    0.2859583272E+00    0.2784225156E+01
   -12.76000000    0.2857915023E+00    0.2789940986E+01
   -12.74000000    0.2864148418E+00    0.2795669283E+01
   -12.72000000    0.2882061801E+00    0.2801433406E+01
   -12.70000000    0.2915381695E+00    0.2807264170E+01
   -12.68000000    0.2966610545E+00    0.2813197391E+01
   -12.66000000    0.3035756960E+00    0.2819268905E+01
   -12.64000000    0.3119533306E+00    0.2825507971E+01
   -12.62000000    0.3211551645E+00    0.2831931075E+01
   -12.60000000    0.3303656598E+00    0.2838538388E+01
   -12.58000000    0.3387956677E+00    0.2845314301E+01
   -12.56000000    0.3458723841E+00    0.2852231749E+01
   -12.54000000    0.3513409633E+00    0.2859258568E+01
   -12.52000000    0.3552522805E+00    0.2866363614E+01
   -12.50000000    0.3578670052E+00    0.2873520954E+01
   -12.48000000    0.3595326531E+00    0.2880711607E+01
   -12.46000000    0.3605813655E+00    0.2887923234E+01
   -12.44000000    0.3612712199E+00    0.2895148659E+01
   -12.42000000    0.3617719789E+00    0.2902384098E+01
   -12.40000000    0.3621817217E+00    0.2909627733E+01
   -12.38000000    0.3625533724E+00    0.2916878800E+01
   -12.36000000    0.3629139077E+00    0.2924137078E+01
   -12.34000000    0.3632734292E+00    0.2931402547E+01
   -12.32000000    0.3636323915E+00    0.2938675195E+01
   -12.30000000    0.3639909030E+00    0.2945955013E+01
   -12.28000000    0.3643532709E+00    0.2953242078E+01
   -12.26000000    0.3647229057E+00    0.2960536536E+01
   -12.24000000    0.3650961975E+00    0.2967838460E+01
   -12.22000000    0.3654668551E+00    0.2975147797E+01
   -12.20000000    0.3658363430E+00    0.2982464524E+01
   -12.18000000    0.3662141640E+00    0.2989788807E+01
   -12.16000000    0.3666046058E+00    0.2997120900E+01
   -12.14000000    0.3669980609E+00    0.3004460861E+01
   -12.12000000    0.3673820729E+00    0.3011808502E+01
   -12.10000000    0.3677598283E+00    0.3019163699E+01
   -12.08000000    0.3681497486E+00    0.3026526694E+01
   -12.06000000    0.3685625267E+00    0.3033897944E+01
   -12.04000000    0.3689839973E+00    0.3041277624E+01
   -12.02000000    0.3693892349E+00    0.3048665409E+01
   -12.00000000    0.3697744119E+00    0.3056060897E+01
   -11.98000000    0.3701664396E+00    0.3063464226E+01
   -11.96000000    0.3705935422E+00    0.3070876097E+01
   -11.94000000    0.3710487720E+00    0.3078297072E+01
   -11.92000000    0.3714926807E+00    0.3085726926E+01
   -11.90000000    0.3718978924E+00    0.3093164884E+01
   -11.88000000    0.3722853297E+00    0.3100610590E+01
   -11.86000000    0.3727055408E+00    0.3108064701E+01
   -11.84000000    0.3731811652E+00    0.3115528324E+01
   -11.82000000    0.3736763183E+00    0.3123001851E+01
   -11.80000000    0.3741326655E+00    0.3130484504E+01
   -11.78000000    0.3745354254E+00    0.3137975213E+01
   -11.76000000    0.3749343050E+00    0.3145473899E+01
   -11.74000000    0.3753921956E+00    0.3152981743E+01
   -11.72000000    0.3759159024E+00    0.3160500061E+01
   -11.70000000    0.3764453950E+00    0.3168028969E+01
   -11.68000000    0.3769153569E+00    0.3175567276E+01
   -11.66000000    0.3773246985E+00    0.3183113770E+01
   -11.64000000    0.3777406601E+00    0.3190668583E+01
   -11.62000000    0.3782319427E+00    0.3198233222E+01
   -11.60000000    0.3787980468E+00    0.3205809183E+01
   -11.58000000    0.3793665058E+00    0.3213396513E+01
   -11.56000000    0.3798629415E+00    0.3220993772E+01
   -11.54000000    0.3802864225E+00    0.3228599500E+01
   -11.52000000    0.3807147823E+00    0.3236213796E+01
   -11.50000000    0.3812308900E+00    0.3243838414E+01
   -11.48000000    0.3818394772E+00    0.3251475203E+01
   -11.46000000    0.3824575893E+00    0.3259124355E+01
   -11.44000000    0.3829925927E+00    0.3266784207E+01
   -11.42000000    0.3834345230E+00    0.3274452897E+01
   -11.40000000    0.3838711125E+00    0.3282130319E+01
   -11.38000000    0.3844061868E+00    0.3289818443E+01
   -11.36000000    0.3850573166E+00    0.3297519589E+01
   -11.34000000    0.3857332180E+00    0.3305234254E+01
   -11.32000000    0.3863179299E+00    0.3312960612E+01
   -11.30000000    0.3867847110E+00    0.3320696307E+01
   -11.28000000    0.3872283545E+00    0.3328440874E+01
   -11.26000000    0.3877783193E+00    0.3336196440E+01
   -11.24000000    0.3884715266E+00    0.3343965871E+01
   -11.22000000    0.3892099370E+00    0.3351750069E+01
   -11.20000000    0.3898513618E+00    0.3359547097E+01
   -11.18000000    0.3903499499E+00    0.3367354096E+01
   -11.16000000    0.3908067707E+00    0.3375170231E+01
   -11.14000000    0.3913747011E+00    0.3382997725E+01
   -11.12000000    0.3921076370E+00    0.3390839878E+01
   -11.10000000    0.3929041071E+00    0.3398697960E+01
   -11.08000000    0.3936044478E+00    0.3406570049E+01
   -11.06000000    0.3941476943E+00    0.3414453003E+01
   -11.04000000    0.3946331782E+00    0.3422345666E+01
   -11.02000000    0.3952247145E+00    0.3430250161E+01
   -11.00000000    0.3959905502E+00    0.3438169972E+01
   -10.98000000    0.3968363673E+00    0.3446106699E+01
   -10.96000000    0.3975976212E+00    0.3454058651E+01
   -10.94000000    0.3982004099E+00    0.3462022660E+01
   -10.92000000    0.3987325253E+00    0.3469997310E+01
   -10.90000000    0.3993560086E+00    0.3477984430E+01
   -10.88000000    0.4001494244E+00    0.3485987419E+01
   -10.86000000    0.4010348753E+00    0.3494008116E+01
   -10.84000000    0.4018574147E+00    0.3502045265E+01
   -10.82000000    0.4025348254E+00    0.3510095961E+01
   -10.80000000    0.4031324684E+00    0.3518158610E+01
   -10.78000000    0.4037963646E+00    0.3526234538E+01
   -10.76000000    0.4046138834E+00    0.3534326815E+01
   -10.74000000    0.4055347053E+00    0.3542437510E+01
   -10.72000000    0.4064225443E+00    0.3550565960E+01
   -10.70000000    0.4071849652E+00    0.3558709660E+01
   -10.68000000    0.4078586706E+00    0.3566866833E+01
   -10.66000000    0.4085719317E+00    0.3575038272E+01
   -10.64000000    0.4094217151E+00    0.3583226706E+01
   -10.62000000    0.4103830008E+00    0.3591434366E+01
   -10.60000000    0.4113361488E+00    0.3599661089E+01
   -10.58000000    0.4121838511E+00    0.3607904766E+01
   -10.56000000    0.4129428961E+00    0.3616163624E+01
   -10.54000000    0.4137232751E+00    0.3624438089E+01
   -10.52000000    0.4146197781E+00    0.3632730485E+01
   -10.50000000    0.4156243734E+00    0.3641042973E+01
   -10.48000000    0.4166405154E+00    0.3649375783E+01
   -10.46000000    0.4175780988E+00    0.3657727345E+01
   -10.44000000    0.4184354997E+00    0.3666096055E+01
   -10.42000000    0.4192960049E+00    0.3674481975E+01
   -10.40000000    0.4202482724E+00    0.3682886940E+01
   -10.38000000    0.4213056369E+00    0.3691313053E+01
   -10.36000000    0.4223960063E+00    0.3699760973E+01
   -10.34000000    0.4234305501E+00    0.3708229584E+01
   -10.32000000    0.4243882113E+00    0.3716717348E+01
   -10.30000000    0.4253360788E+00    0.3725224070E+01
   -10.28000000    0.4263641864E+00    0.3733751354E+01
   -10.26000000    0.4274974346E+00    0.3742301302E+01
   -10.24000000    0.4286724039E+00    0.3750874751E+01
   -10.22000000    0.4298022289E+00    0.3759470795E+01
   -10.20000000    0.4308632900E+00    0.3768088061E+01
   -10.18000000    0.4319167507E+00    0.3776726396E+01
   -10.16000000    0.4330457010E+00    0.3785387310E+01
   -10.14000000    0.4342728441E+00    0.3794072767E+01
   -10.12000000    0.4355405027E+00    0.3802783577E+01
   -10.10000000    0.4367711724E+00    0.3811519000E+01
   -10.08000000    0.4379466588E+00    0.3820277933E+01
   -10.06000000    0.4391252222E+00    0.3829060438E+01
   -10.04000000    0.4403794325E+00    0.3837868027E+01
   -10.02000000    0.4417208102E+00    0.3846702443E+01
   -10.00000000    0.4430918883E+00    0.3855564281E+01
    -9.98000000    0.4444321213E+00    0.3864452923E+01
    -9.96000000    0.4457424858E+00    0.3873367773E+01
    -9.94000000    0.4470791566E+00    0.3882309356E+01
    -9.92000000    0.4484917437E+00    0.3891279191E+01
    -9.90000000    0.4499839029E+00    0.3900278869E+01
    -9.88000000    0.4515446355E+00    0.3909309761E+01
    -9.86000000    0.4532238898E+00    0.3918374239E+01
    -9.84000000    0.4551990831E+00    0.3927478221E+01
    -9.82000000    0.4578184624E+00    0.3936634590E+01
    -9.80000000    0.4616445172E+00    0.3945867481E+01
    -9.78000000    0.4674978429E+00    0.3955217437E+01
    -9.76000000    0.4764422424E+00    0.3964746282E+01
    -9.74000000    0.4896281484E+00    0.3974538845E+01
    -9.72000000    0.5079674024E+00    0.3984698193E+01
    -9.70000000    0.5317236568E+00    0.3995332666E+01
    -9.68000000    0.5601955962E+00    0.4006536578E+01
    -9.66000000    0.5916727877E+00    0.4018370034E+01
    -9.64000000    0.6237383520E+00    0.4030844801E+01
    -9.62000000    0.6538339497E+00    0.4043921480E+01
    -9.60000000    0.6798810286E+00    0.4057519101E+01
    -9.58000000    0.7007285907E+00    0.4071533672E+01
    -9.56000000    0.7162744501E+00    0.4085859161E+01
    -9.54000000    0.7272472181E+00    0.4100404106E+01
    -9.52000000    0.7347831493E+00    0.4115099769E+01
    -9.50000000    0.7400122946E+00    0.4129900015E+01
    -9.48000000    0.7438245998E+00    0.4144776507E+01
    -9.46000000    0.7468415518E+00    0.4159713338E+01
    -9.44000000    0.7494869462E+00    0.4174703077E+01
    -9.42000000    0.7520382283E+00    0.4189743841E+01
    -9.40000000    0.7546333880E+00    0.4204836509E+01
    -9.38000000    0.7572889299E+00    0.4219982288E+01
    -9.36000000    0.7599672282E+00    0.4235181632E+01
    -9.34000000    0.7626571101E+00    0.4250434774E+01
    -9.32000000    0.7654018371E+00    0.4265742811E+01
    -9.30000000    0.7682593310E+00    0.4281107998E+01
    -9.28000000    0.7712469358E+00    0.4296532936E+01
    -9.26000000    0.7743310247E+00    0.4312019557E+01
    -9.24000000    0.7774682606E+00    0.4327568922E+01
    -9.22000000    0.7806528262E+00    0.4343181979E+01
    -9.20000000    0.7839237405E+00    0.4358860453E+01
    -9.18000000    0.7873298749E+00    0.4374607051E+01
    -9.16000000    0.7908894103E+00    0.4390424839E+01
    -9.14000000    0.7945807234E+00    0.4406316454E+01
    -9.12000000    0.7983698580E+00    0.4422283851E+01
    -9.10000000    0.8022482092E+00    0.4438328815E+01
    -9.08000000    0.8062477581E+00    0.4454453770E+01
    -9.06000000    0.8104210707E+00    0.4470662192E+01
    -9.04000000    0.8148025016E+00    0.4486958242E+01
    -9.02000000    0.8193844237E+00    0.4503345930E+01
    -9.00000000    0.8241327869E+00    0.4519828586E+01
    -8.98000000    0.8290323143E+00    0.4536409232E+01
    -8.96000000    0.8341198842E+00    0.4553091630E+01
    -8.94000000    0.8394696060E+00    0.4569881022E+01
    -8.92000000    0.8451391408E+00    0.4586783805E+01
    -8.90000000    0.8511309997E+00    0.4603806425E+01
    -8.88000000    0.8574133379E+00    0.4620954691E+01
    -8.86000000    0.8639839173E+00    0.4638234370E+01
    -8.84000000    0.8709119178E+00    0.4655652608E+01
    -8.82000000    0.8783125169E+00    0.4673218859E+01
    -8.80000000    0.8862808627E+00    0.4690944476E+01
    -8.78000000    0.8948577484E+00    0.4708841631E+01
    -8.76000000    0.9040683670E+00    0.4726922998E+01
    -8.74000000    0.9140010944E+00    0.4745203020E+01
    -8.72000000    0.9248549264E+00    0.4763700118E+01
    -8.70000000    0.9369214988E+00    0.4782438548E+01
    -8.68000000    0.9505389913E+00    0.4801449328E+01
    -8.66000000    0.9660817846E+00    0.4820770964E+01
    -8.64000000    0.9839959556E+00    0.4840450883E+01
    -8.62000000    0.1004802851E+01    0.4860546940E+01
    -8.60000000    0.1028959010E+01    0.4881126120E+01
    -8.58000000    0.1056529156E+01    0.4902256703E+01
    -8.56000000    0.1086764064E+01    0.4923991985E+01
    -8.54000000    0.1117787416E+01    0.4946347733E+01
    -8.52000000    0.1146610931E+01    0.4969279952E+01
    -8.50000000    0.1169595634E+01    0.4992671864E+01
    -8.48000000    0.1183291703E+01    0.5016337698E+01
    -8.46000000    0.1185392959E+01    0.5040045558E+01
    -8.44000000    0.1175436168E+01    0.5063554281E+01
    -8.42000000    0.1154944214E+01    0.5086653165E+01
    -8.40000000    0.1126948778E+01    0.5109192141E+01
    -8.38000000    0.1095106398E+01    0.5131094269E+01
    -8.36000000    0.1062776925E+01    0.5152349807E+01
    -8.34000000    0.1032388440E+01    0.5172997576E+01
    -8.32000000    0.1005227858E+01    0.5193102133E+01
    -8.30000000    0.9816009391E+00    0.5212734152E+01
    -8.28000000    0.9611924577E+00    0.5231958001E+01
    -8.26000000    0.9434431544E+00    0.5250826864E+01
    -8.24000000    0.9278133508E+00    0.5269383131E+01
    -8.22000000    0.9138866346E+00    0.5287660864E+01
    -8.20000000    0.9013495670E+00    0.5305687855E+01
    -8.18000000    0.8899328689E+00    0.5323486513E+01
    -8.16000000    0.8793904340E+00    0.5341074321E+01
    -8.14000000    0.8695313404E+00    0.5358464948E+01
    -8.12000000    0.8602563567E+00    0.5375670075E+01
    -8.10000000    0.8515424764E+00    0.5392700925E+01
    -8.08000000    0.8433750713E+00    0.5409568426E+01
    -8.06000000    0.8356884687E+00    0.5426282196E+01
    -8.04000000    0.8283732782E+00    0.5442849661E+01
    -8.02000000    0.8213409057E+00    0.5459276479E+01
    -8.00000000    0.8145748487E+00    0.5475567976E+01
    -7.98000000    0.8081124405E+00    0.5491730225E+01
    -7.96000000    0.8019755802E+00    0.5507769737E+01
    -7.94000000    0.7961231190E+00    0.5523692199E+01
    -7.92000000    0.7904730373E+00    0.5539501660E+01
    -7.90000000    0.7849681651E+00    0.5555201023E+01
    -7.88000000    0.7796157151E+00    0.5570793337E+01
    -7.86000000    0.7744617806E+00    0.5586282573E+01
    -7.84000000    0.7695302713E+00    0.5601673178E+01
    -7.82000000    0.7647892068E+00    0.5616968963E+01
    -7.80000000    0.7601752797E+00    0.5632172468E+01
    -7.78000000    0.7556479536E+00    0.5647285427E+01
    -7.76000000    0.7512183576E+00    0.5662309794E+01
    -7.74000000    0.7469275587E+00    0.5677248346E+01
    -7.72000000    0.7427990645E+00    0.5692104327E+01
    -7.70000000    0.7388117766E+00    0.5706880562E+01
    -7.68000000    0.7349163069E+00    0.5721578889E+01
    -7.66000000    0.7310767104E+00    0.5736200423E+01
    -7.64000000    0.7272988418E+00    0.5750746400E+01
    -7.62000000    0.7236202521E+00    0.5765218805E+01
    -7.60000000    0.7200706035E+00    0.5779620217E+01
    -7.58000000    0.7166383649E+00    0.5793952984E+01
    -7.56000000    0.7132763836E+00    0.5808218512E+01
    -7.54000000    0.7099443199E+00    0.5822417398E+01
    -7.52000000    0.7066477239E+00    0.5836550353E+01
    -7.50000000    0.7034316506E+00    0.5850618986E+01
    -7.48000000    0.7003312472E+00    0.5864625610E+01
    -7.46000000    0.6973302792E+00    0.5878572216E+01
    -7.44000000    0.6943744640E+00    0.5892459705E+01
    -7.42000000    0.6914274522E+00    0.5906288254E+01
    -7.40000000    0.6885080024E+00    0.5920058414E+01
    -7.38000000    0.6856666066E+00    0.5933771747E+01
    -7.36000000    0.6829280473E+00    0.5947430308E+01
    -7.34000000    0.6802639649E+00    0.5961035587E+01
    -7.32000000    0.6776238123E+00    0.5974588063E+01
    -7.30000000    0.6749874183E+00    0.5988087811E+01
    -7.28000000    0.6723821557E+00    0.6001535455E+01
    -7.26000000    0.6698499320E+00    0.6014932453E+01
    -7.24000000    0.6674021276E+00    0.6028280496E+01
    -7.22000000    0.6650087845E+00    0.6041580671E+01
    -7.20000000    0.6626299745E+00    0.6054833271E+01
    -7.18000000    0.6602554271E+00    0.6068038379E+01
    -7.16000000    0.6579127052E+00    0.6081196634E+01
    -7.14000000    0.6556367306E+00    0.6094309368E+01
    -7.12000000    0.6534321790E+00    0.6107378012E+01
    -7.10000000    0.6512677897E+00    0.6120403368E+01
    -7.08000000    0.6491090613E+00    0.6133385549E+01
    -7.06000000    0.6469547072E+00    0.6146324643E+01
    -7.04000000    0.6448368361E+00    0.6159221380E+01
    -7.02000000    0.6427840733E+00    0.6172077061E+01
    -7.00000000    0.6407888869E+00    0.6184892839E+01
    -6.98000000    0.6388162660E+00    0.6197669164E+01
    -6.96000000    0.6368433112E+00    0.6210406030E+01
    -6.94000000    0.6348835498E+00    0.6223103701E+01
    -6.92000000    0.6329686753E+00    0.6235763075E+01
    -6.90000000    0.6311109854E+00    0.6248385295E+01
    -6.88000000    0.6292908260E+00    0.6260971111E+01
    -6.86000000    0.6274811445E+00    0.6273520734E+01
    -6.84000000    0.6256774876E+00    0.6286034284E+01
    -6.82000000    0.6238991267E+00    0.6298512266E+01
    -6.80000000    0.6221642245E+00    0.6310955551E+01
    -6.78000000    0.6204705077E+00    0.6323364961E+01
    -6.76000000    0.6188010835E+00    0.6335740983E+01
    -6.74000000    0.6171437868E+00    0.6348083858E+01
    -6.72000000    0.6155012604E+00    0.6360393884E+01
    -6.70000000    0.6138848852E+00    0.6372671581E+01
    -6.68000000    0.6123029698E+00    0.6384917641E+01
    -6.66000000    0.6107541684E+00    0.6397132724E+01
    -6.64000000    0.6092289376E+00    0.6409317303E+01
    -6.62000000    0.6077172710E+00    0.6421471648E+01
    -6.60000000    0.6062181985E+00    0.6433596012E+01
    -6.58000000    0.6047423583E+00    0.6445690859E+01
    -6.56000000    0.6033017036E+00    0.6457756893E+01
    -6.54000000    0.6018947701E+00    0.6469794789E+01
    -6.52000000    0.6005057047E+00    0.6481804903E+01
    -6.50000000    0.5991219489E+00    0.6493787342E+01
    -6.48000000    0.5977506711E+00    0.6505742355E+01
    -6.46000000    0.5964115568E+00    0.6517670586E+01
    -6.44000000    0.5951122368E+00    0.6529572831E+01
    -6.42000000    0.5938371454E+00    0.6541449574E+01
    -6.40000000    0.5925658487E+00    0.6553300891E+01
    -6.38000000    0.5912989099E+00    0.6565126869E+01
    -6.36000000    0.5900579742E+00    0.6576928029E+01
    -6.34000000    0.5888588046E+00    0.6588705205E+01
    -6.32000000    0.5876909122E+00    0.6600459023E+01
    -6.30000000    0.5865298877E+00    0.6612189621E+01
    -6.28000000    0.5853676651E+00    0.6623896974E+01
    -6.26000000    0.5842231017E+00    0.6635581436E+01
    -6.24000000    0.5831190920E+00    0.6647243818E+01
    -6.22000000    0.5820538560E+00    0.6658884895E+01
    -6.20000000    0.5810021481E+00    0.6670504938E+01
    -6.18000000    0.5799460176E+00    0.6682103858E+01
    -6.16000000    0.5788977399E+00    0.6693681813E+01
    -6.14000000    0.5778857589E+00    0.6705239528E+01
    -6.12000000    0.5769196510E+00    0.6716777921E+01
    -6.10000000    0.5759771748E+00    0.6728297465E+01
    -6.08000000    0.5750306837E+00    0.6739798079E+01
    -6.06000000    0.5740816613E+00    0.6751279712E+01
    -6.04000000    0.5731605564E+00    0.6762742923E+01
    -6.02000000    0.5722903214E+00    0.6774188729E+01
    -6.00000000    0.5714572466E+00    0.6785617874E+01
    -5.98000000    0.5706260222E+00    0.6797030395E+01
    -5.96000000    0.5697829019E+00    0.6808426053E+01
    -5.94000000    0.5689545974E+00    0.6819805145E+01
    -5.92000000    0.5681775339E+00    0.6831168695E+01
    -5.90000000    0.5674528798E+00    0.6842517753E+01
    -5.88000000    0.5667430686E+00    0.6853852614E+01
    -5.86000000    0.5660168253E+00    0.6865172951E+01
    -5.84000000    0.5652890142E+00    0.6876478731E+01
    -5.82000000    0.5646050118E+00    0.6887770831E+01
    -5.80000000    0.5639861925E+00    0.6899050555E+01
    -5.78000000    0.5634025508E+00    0.6910318606E+01
    -5.76000000    0.5628076907E+00    0.6921574760E+01
    -5.74000000    0.5621955893E+00    0.6932818672E+01
    -5.72000000    0.5616101883E+00    0.6944050876E+01
    -5.70000000    0.5610943523E+00    0.6955272763E+01
    -5.68000000    0.5606382601E+00    0.6966485528E+01
    -5.66000000    0.5601897729E+00    0.6977689323E+01
    -5.64000000    0.5597162742E+00    0.6988883649E+01
    -5.62000000    0.5592452692E+00    0.7000068554E+01
    -5.60000000    0.5588344040E+00    0.7011245242E+01
    -5.58000000    0.5585044381E+00    0.7022415331E+01
    -5.56000000    0.5582138407E+00    0.7033579608E+01
    -5.54000000    0.5579065981E+00    0.7044737740E+01
    -5.52000000    0.5575789565E+00    0.7055889319E+01
    -5.50000000    0.5572867358E+00    0.7067035054E+01
    -5.48000000    0.5570826262E+00    0.7078176706E+01
    -5.46000000    0.5569550620E+00    0.7089315807E+01
    -5.44000000    0.5568405443E+00    0.7100452618E+01
    -5.42000000    0.5566972135E+00    0.7111586563E+01
    -5.40000000    0.5565552698E+00    0.7122717668E+01
    -5.38000000    0.5564838618E+00    0.7133847345E+01
    -5.36000000    0.5565081090E+00    0.7144977507E+01
    -5.34000000    0.5565653980E+00    0.7156108815E+01
    -5.32000000    0.5565404192E+00    0.7167239624E+01
    -5.30000000    0.5563174761E+00    0.7178365973E+01
    -5.28000000    0.5557525716E+00    0.7189481025E+01
    -5.26000000    0.5545449432E+00    0.7200571924E+01
    -5.24000000    0.5521031643E+00    0.7211613987E+01
    -5.22000000    0.5475374643E+00    0.7222564736E+01
    -5.20000000    0.5398327521E+00    0.7233361391E+01
    -5.18000000    0.5281430046E+00    0.7243924251E+01
    -5.16000000    0.5120941392E+00    0.7254166134E+01
    -5.14000000    0.4920047333E+00    0.7264006229E+01
    -5.12000000    0.4689707253E+00    0.7273385643E+01
    -5.10000000    0.4447675502E+00    0.7282280994E+01
    -5.08000000    0.4215343998E+00    0.7290711682E+01
    -5.06000000    0.4012798572E+00    0.7298737279E+01
    -5.04000000    0.3853721255E+00    0.7306444722E+01
    -5.02000000    0.3742448580E+00    0.7313929619E+01
    -5.00000000    0.3674650248E+00    0.7321278920E+01
    -4.98000000    0.3641022630E+00    0.7328560965E+01
    -4.96000000    0.3631639275E+00    0.7335824243E+01
    -4.94000000    0.3638601026E+00    0.7343101445E+01
    -4.92000000    0.3656323964E+00    0.7350414093E+01
    -4.90000000    0.3680646216E+00    0.7357775386E+01
    -4.88000000    0.3708345990E+00    0.7365192078E+01
    -4.86000000    0.3737526143E+00    0.7372667130E+01
    -4.84000000    0.3768007445E+00    0.7380203145E+01
    -4.82000000    0.3800782607E+00    0.7387804710E+01
    -4.80000000    0.3836706011E+00    0.7395478122E+01
    -4.78000000    0.3875591901E+00    0.7403229306E+01
    -4.76000000    0.3916593461E+00    0.7411062493E+01
    -4.74000000    0.3959420368E+00    0.7418981334E+01
    -4.72000000    0.4005058804E+00    0.7426991451E+01
    -4.70000000    0.4055196234E+00    0.7435101844E+01
    -4.68000000    0.4110978420E+00    0.7443323801E+01
    -4.66000000    0.4172499427E+00    0.7451668799E+01
    -4.64000000    0.4239684110E+00    0.7460148168E+01
    -4.62000000    0.4313742256E+00    0.7468775652E+01
    -4.60000000    0.4397750381E+00    0.7477571153E+01
    -4.58000000    0.4495825959E+00    0.7486562805E+01
    -4.56000000    0.4611782480E+00    0.7495786370E+01
    -4.54000000    0.4748467327E+00    0.7505283304E+01
    -4.52000000    0.4907772143E+00    0.7515098849E+01
    -4.50000000    0.5089933293E+00    0.7525278715E+01
    -4.48000000    0.5290972777E+00    0.7535860661E+01
    -4.46000000    0.5499162766E+00    0.7546858986E+01
    -4.44000000    0.5693394223E+00    0.7558245775E+01
    -4.42000000    0.5846097858E+00    0.7569937971E+01
    -4.40000000    0.5930590402E+00    0.7581799151E+01
    -4.38000000    0.5929507949E+00    0.7593658167E+01
    -4.36000000    0.5840038199E+00    0.7605338244E+01
    -4.34000000    0.5673754596E+00    0.7616685753E+01
    -4.32000000    0.5452129434E+00    0.7627590012E+01
    -4.30000000    0.5200587773E+00    0.7637991187E+01
    -4.28000000    0.4943317653E+00    0.7647877823E+01
    -4.26000000    0.4699424989E+00    0.7657276673E+01
    -4.24000000    0.4480391407E+00    0.7666237455E+01
    -4.22000000    0.4289386568E+00    0.7674816228E+01
    -4.20000000    0.4123206438E+00    0.7683062641E+01
    -4.18000000    0.3976279637E+00    0.7691015201E+01
    -4.16000000    0.3844375506E+00    0.7698703952E+01
    -4.14000000    0.3725633975E+00    0.7706155220E+01
    -4.12000000    0.3618900222E+00    0.7713393020E+01
    -4.10000000    0.3521825104E+00    0.7720436670E+01
    -4.08000000    0.3431063090E+00    0.7727298796E+01
    -4.06000000    0.3344259993E+00    0.7733987316E+01
    -4.04000000    0.3261375820E+00    0.7740510068E+01
    -4.02000000    0.3183684303E+00    0.7746877437E+01
    -4.00000000    0.3111529631E+00    0.7753100496E+01
    -3.98000000    0.3043357151E+00    0.7759187210E+01
    -3.96000000    0.2977031351E+00    0.7765141273E+01
    -3.94000000    0.2911839328E+00    0.7770964952E+01
    -3.92000000    0.2848883726E+00    0.7776662719E+01
    -3.90000000    0.2789490703E+00    0.7782241700E+01
    -3.88000000    0.2733493431E+00    0.7787708687E+01
    -3.86000000    0.2679286048E+00    0.7793067259E+01
    -3.84000000    0.2625478859E+00    0.7798318217E+01
    -3.82000000    0.2572240287E+00    0.7803462698E+01
    -3.80000000    0.2520878076E+00    0.7808504454E+01
    -3.78000000    0.2472225624E+00    0.7813448905E+01
    -3.76000000    0.2425658501E+00    0.7818300222E+01
    -3.74000000    0.2379760977E+00    0.7823059744E+01
    -3.72000000    0.2333811962E+00    0.7827727368E+01
    -3.70000000    0.2288433934E+00    0.7832304236E+01
    -3.68000000    0.2244761962E+00    0.7836793760E+01
    -3.66000000    0.2203123618E+00    0.7841200007E+01
    -3.64000000    0.2162678562E+00    0.7845525364E+01
    -3.62000000    0.2122339833E+00    0.7849770044E+01
    -3.60000000    0.2081903327E+00    0.7853933850E+01
    -3.58000000    0.2042160211E+00    0.7858018171E+01
    -3.56000000    0.2003938273E+00    0.7862026047E+01
    -3.54000000    0.1967170232E+00    0.7865960388E+01
    -3.52000000    0.1930986572E+00    0.7869822361E+01
    -3.50000000    0.1894666282E+00    0.7873611694E+01
    -3.48000000    0.1858368166E+00    0.7877328430E+01
    -3.46000000    0.1822870413E+00    0.7880974171E+01
    -3.44000000    0.1788662595E+00    0.7884551496E+01
    -3.42000000    0.1755409943E+00    0.7888062316E+01
    -3.40000000    0.1722343543E+00    0.7891507003E+01
    -3.38000000    0.1689095203E+00    0.7894885193E+01
    -3.36000000    0.1656045368E+00    0.7898197284E+01
    -3.34000000    0.1623838724E+00    0.7901444962E+01
    -3.32000000    0.1592646659E+00    0.7904630255E+01
    -3.30000000    0.1561994047E+00    0.7907754243E+01
    -3.28000000    0.1531301905E+00    0.7910816847E+01
    -3.26000000    0.1500507535E+00    0.7913817862E+01
    -3.24000000    0.1470079954E+00    0.7916758022E+01
    -3.22000000    0.1440453737E+00    0.7919638929E+01
    -3.20000000    0.1411540355E+00    0.7922462010E+01
    -3.18000000    0.1382848278E+00    0.7925227706E+01
    -3.16000000    0.1354038464E+00    0.7927935783E+01
    -3.14000000    0.1325273100E+00    0.7930586330E+01
    -3.12000000    0.1296986507E+00    0.7933180303E+01
    -3.10000000    0.1269371997E+00    0.7935719047E+01
    -3.08000000    0.1242174010E+00    0.7938203395E+01
    -3.06000000    0.1214994983E+00    0.7940633385E+01
    -3.04000000    0.1187737915E+00    0.7943008860E+01
    -3.02000000    0.1160680229E+00    0.7945330221E+01
    -3.00000000    0.1134123208E+00    0.7947598467E+01
    -2.98000000    0.1108042194E+00    0.7949814552E+01
    -2.96000000    0.1082131393E+00    0.7951978814E+01
    -2.94000000    0.1056162586E+00    0.7954091140E+01
    -2.92000000    0.1030227303E+00    0.7956151594E+01
    -2.90000000    0.1004596720E+00    0.7958160788E+01
    -2.88000000    0.9793893677E-01    0.7960119566E+01
    -2.86000000    0.9544414423E-01    0.7962028449E+01
    -2.84000000    0.9295112185E-01    0.7963887472E+01
    -2.82000000    0.9045549825E-01    0.7965696582E+01
    -2.80000000    0.8797510223E-01    0.7967456084E+01
    -2.78000000    0.8552657074E-01    0.7969166615E+01
    -2.76000000    0.8310549063E-01    0.7970828725E+01
    -2.74000000    0.8069283506E-01    0.7972442582E+01
    -2.72000000    0.7827783815E-01    0.7974008138E+01
    -2.70000000    0.7586902446E-01    0.7975525519E+01
    -2.68000000    0.7348152572E-01    0.7976995149E+01
    -2.66000000    0.7111791328E-01    0.7978417508E+01
    -2.64000000    0.6876587322E-01    0.7979792825E+01
    -2.62000000    0.6641376387E-01    0.7981121100E+01
    -2.60000000    0.6406365739E-01    0.7982402374E+01
    -2.58000000    0.6172660138E-01    0.7983636906E+01
    -2.56000000    0.5940776413E-01    0.7984825061E+01
    -2.54000000    0.5710038062E-01    0.7985967069E+01
    -2.52000000    0.5479469145E-01    0.7987062962E+01
    -2.50000000    0.5248936406E-01    0.7988112750E+01
    -2.48000000    0.5019139268E-01    0.7989116577E+01
    -2.46000000    0.4790599466E-01    0.7990074697E+01
    -2.44000000    0.4562990625E-01    0.7990987295E+01
    -2.42000000    0.4335580562E-01    0.7991854412E+01
    -2.40000000    0.4108116011E-01    0.7992676035E+01
    -2.38000000    0.3881011553E-01    0.7993452237E+01
    -2.36000000    0.3654687937E-01    0.7994183175E+01
    -2.34000000    0.3428981949E-01    0.7994868971E+01
    -2.32000000    0.3203363951E-01    0.7995509644E+01
    -2.30000000    0.2977598654E-01    0.7996105164E+01
    -2.28000000    0.2751959663E-01    0.7996655556E+01
    -2.26000000    0.2526792259E-01    0.7997160914E+01
    -2.24000000    0.2302120100E-01    0.7997621338E+01
    -2.22000000    0.2077913181E-01    0.7998036921E+01
    -2.20000000    0.1854780615E-01    0.7998407877E+01
    -2.18000000    0.1634439275E-01    0.7998734765E+01
    -2.16000000    0.1419823648E-01    0.7999018729E+01
    -2.14000000    0.1215283385E-01    0.7999261786E+01
    -2.12000000    0.1027060779E-01    0.7999467198E+01
    -2.10000000    0.8634973252E-02    0.7999639898E+01
    -2.08000000    0.7342588086E-02    0.7999786749E+01
    -2.06000000    0.6485862213E-02    0.7999916467E+01
    -2.04000000    0.6133391288E-02    0.8000039134E+01
    -2.02000000    0.6316091819E-02    0.8000165456E+01
    -2.00000000    0.7021704590E-02    0.8000305890E+01
    -1.98000000    0.8197303719E-02    0.8000469836E+01
    -1.96000000    0.9759910272E-02    0.8000665035E+01
    -1.94000000    0.1161417437E-01    0.8000897318E+01
    -1.92000000    0.1367139443E-01    0.8001170746E+01
    -1.90000000    0.1586157996E-01    0.8001487978E+01
    -1.88000000    0.1813508565E-01    0.8001850679E+01
    -1.86000000    0.2045840391E-01    0.8002259847E+01
    -1.84000000    0.2281077875E-01    0.8002716063E+01
    -1.82000000    0.2518270306E-01    0.8003219717E+01
    -1.80000000    0.2757260309E-01    0.8003771169E+01
    -1.78000000    0.2998082877E-01    0.8004370786E+01
    -1.76000000    0.3240562789E-01    0.8005018898E+01
    -1.74000000    0.3484481691E-01    0.8005715795E+01
    -1.72000000    0.3729973576E-01    0.8006461789E+01
    -1.70000000    0.3977495219E-01    0.8007257288E+01
    -1.68000000    0.4227327881E-01    0.8008102754E+01
    -1.66000000    0.4479288062E-01    0.8008998612E+01
    -1.64000000    0.4733104214E-01    0.8009945232E+01
    -1.62000000    0.4988987272E-01    0.8010943030E+01
    -1.60000000    0.5247577370E-01    0.8011992545E+01
    -1.58000000    0.5509258773E-01    0.8013094397E+01
    -1.56000000    0.5773757986E-01    0.8014249149E+01
    -1.54000000    0.6040653182E-01    0.8015457279E+01
    -1.52000000    0.6310187714E-01    0.8016719317E+01
    -1.50000000    0.6583254048E-01    0.8018035968E+01
    -1.48000000    0.6860449918E-01    0.8019408058E+01
    -1.46000000    0.7141429955E-01    0.8020836344E+01
    -1.44000000    0.7425527165E-01    0.8022321449E+01
    -1.42000000    0.7712942114E-01    0.8023864038E+01
    -1.40000000    0.8004891969E-01    0.8025465016E+01
    -1.38000000    0.8302363330E-01    0.8027125489E+01
    -1.36000000    0.8605031667E-01    0.8028846495E+01
    -1.34000000    0.8911884833E-01    0.8030628872E+01
    -1.32000000    0.9222915037E-01    0.8032473455E+01
    -1.30000000    0.9539680611E-01    0.8034381391E+01
    -1.28000000    0.9863815967E-01    0.8036354154E+01
    -1.26000000    0.1019526629E+00    0.8038393207E+01
    -1.24000000    0.1053262405E+00    0.8040499732E+01
    -1.22000000    0.1087538714E+00    0.8042674810E+01
    -1.20000000    0.1122533674E+00    0.8044919877E+01
    -1.18000000    0.1158506985E+00    0.8047236891E+01
    -1.16000000    0.1195529507E+00    0.8049627950E+01
    -1.14000000    0.1233435252E+00    0.8052094821E+01
    -1.12000000    0.1272088814E+00    0.8054638998E+01
    -1.10000000    0.1311654622E+00    0.8057262307E+01
    -1.08000000    0.1352513377E+00    0.8059967334E+01
    -1.06000000    0.1394891927E+00    0.8062757118E+01
    -1.04000000    0.1438657326E+00    0.8065634433E+01
    -1.02000000    0.1483566951E+00    0.8068601567E+01
    -1.00000000    0.1529707855E+00    0.8071660982E+01
    -0.98000000    0.1577579365E+00    0.8074816141E+01
    -0.96000000    0.1627668910E+00    0.8078071479E+01
    -0.94000000    0.1680009831E+00    0.8081431498E+01
    -0.92000000    0.1734294582E+00    0.8084900088E+01
    -0.90000000    0.1790471100E+00    0.8088481030E+01
    -0.88000000    0.1849118912E+00    0.8092179268E+01
    -0.86000000    0.1911100747E+00    0.8096001469E+01
    -0.84000000    0.1976858698E+00    0.8099955187E+01
    -0.82000000    0.2046227044E+00    0.8104047641E+01
    -0.80000000    0.2119075028E+00    0.8108285791E+01
    -0.78000000    0.2196069339E+00    0.8112677929E+01
    -0.76000000    0.2278623948E+00    0.8117235177E+01
    -0.74000000    0.2368057600E+00    0.8121971292E+01
    -0.72000000    0.2465006014E+00    0.8126901305E+01
    -0.70000000    0.2569933796E+00    0.8132041172E+01
    -0.68000000    0.2684319708E+00    0.8137409812E+01
    -0.66000000    0.2811289402E+00    0.8143032390E+01
    -0.64000000    0.2955184023E+00    0.8148942758E+01
    -0.62000000    0.3120945403E+00    0.8155184649E+01
    -0.60000000    0.3314493337E+00    0.8161813636E+01
    -0.58000000    0.3543924698E+00    0.8168901485E+01
    -0.56000000    0.3819788345E+00    0.8176541062E+01
    -0.54000000    0.4152644663E+00    0.8184846351E+01
    -0.52000000    0.4547785892E+00    0.8193941923E+01
    -0.50000000    0.4998963641E+00    0.8203939850E+01
    -0.48000000    0.5483875120E+00    0.8214907601E+01
    -0.46000000    0.5963811694E+00    0.8226835224E+01
    -0.44000000    0.6388784320E+00    0.8239612793E+01
    -0.42000000    0.6707832757E+00    0.8253028458E+01
    -0.40000000    0.6882081029E+00    0.8266792620E+01
    -0.38000000    0.6896069193E+00    0.8280584759E+01
    -0.36000000    0.6762478568E+00    0.8294109716E+01
    -0.34000000    0.6517680244E+00    0.8307145076E+01
    -0.32000000    0.6209800728E+00    0.8319564678E+01
    -0.30000000    0.5884661604E+00    0.8331334001E+01
    -0.28000000    0.5575570335E+00    0.8342485142E+01
    -0.26000000    0.5300172878E+00    0.8353085487E+01
    -0.24000000    0.5063449763E+00    0.8363212387E+01
    -0.22000000    0.4863210268E+00    0.8372938807E+01
    -0.20000000    0.4694545497E+00    0.8382327898E+01
    -0.18000000    0.4551885230E+00    0.8391431669E+01
    -0.16000000    0.4429510564E+00    0.8400290690E+01
    -0.14000000    0.4322002468E+00    0.8408934695E+01
    -0.12000000    0.4225162198E+00    0.8417385019E+01
    -0.10000000    0.4136741213E+00    0.8425658502E+01
    -0.08000000    0.4056138649E+00    0.8433770779E+01
    -0.06000000    0.3983143256E+00    0.8441737065E+01
    -0.04000000    0.3916765467E+00    0.8449570596E+01
    -0.02000000    0.3855170827E+00    0.8457280938E+01
    -0.00000000    0.3796685109E+00    0.8464874308E+01
     0.02000000    0.3740815995E+00    0.8472355940E+01
     0.04000000    0.3688238602E+00    0.8479732417E+01
     0.06000000    0.3639721002E+00    0.8487011859E+01
     0.08000000    0.3595014036E+00    0.8494201888E+01
     0.10000000    0.3552775774E+00    0.8501307439E+01
     0.12000000    0.3511603168E+00    0.8508330645E+01
     0.14000000    0.3471171868E+00    0.8515272989E+01
     0.16000000    0.3432376297E+00    0.8522137742E+01
     0.18000000    0.3396320282E+00    0.8528930382E+01
     0.20000000    0.3363112991E+00    0.8535656608E+01
     0.22000000    0.3331618375E+00    0.8542319845E+01
     0.24000000    0.3300404469E+00    0.8548920654E+01
     0.26000000    0.3268999484E+00    0.8555458653E+01
     0.28000000    0.3238264859E+00    0.8561935183E+01
     0.30000000    0.3209522078E+00    0.8568354227E+01
     0.32000000    0.3183241967E+00    0.8574720711E+01
     0.34000000    0.3158522054E+00    0.8581037755E+01
     0.36000000    0.3133848716E+00    0.8587305452E+01
     0.38000000    0.3108445467E+00    0.8593522343E+01
     0.40000000    0.3082958509E+00    0.8599688260E+01
     0.42000000    0.3058836217E+00    0.8605805933E+01
     0.44000000    0.3036962129E+00    0.8611879857E+01
     0.46000000    0.3016793416E+00    0.8617913444E+01
     0.48000000    0.2996801549E+00    0.8623907047E+01
     0.50000000    0.2975824556E+00    0.8629858696E+01
     0.52000000    0.2954104869E+00    0.8635766906E+01
     0.54000000    0.2933064378E+00    0.8641633035E+01
     0.56000000    0.2914007694E+00    0.8647461050E+01
     0.58000000    0.2896916033E+00    0.8653254882E+01
     0.60000000    0.2880421180E+00    0.8659015724E+01
     0.62000000    0.2862995175E+00    0.8664741715E+01
     0.64000000    0.2844300155E+00    0.8670430315E+01
     0.66000000    0.2825491748E+00    0.8676081298E+01
     0.68000000    0.2808195233E+00    0.8681697689E+01
     0.70000000    0.2793052326E+00    0.8687283794E+01
     0.72000000    0.2779122708E+00    0.8692842039E+01
     0.74000000    0.2764677600E+00    0.8698371394E+01
     0.76000000    0.2748699827E+00    0.8703868794E+01
     0.78000000    0.2731778011E+00    0.8709332350E+01
     0.80000000    0.2715603481E+00    0.8714763557E+01
     0.82000000    0.2701496438E+00    0.8720166550E+01
     0.84000000    0.2689239265E+00    0.8725545028E+01
     0.86000000    0.2677234816E+00    0.8730899498E+01
     0.88000000    0.2663862890E+00    0.8736227224E+01
     0.90000000    0.2648872413E+00    0.8741524968E+01
     0.92000000    0.2633610287E+00    0.8746792189E+01
     0.94000000    0.2619878924E+00    0.8752031947E+01
     0.96000000    0.2608388354E+00    0.8757248724E+01
     0.98000000    0.2598125137E+00    0.8762444974E+01
     1.00000000    0.2587187933E+00    0.8767619350E+01
     1.02000000    0.2574390083E+00    0.8772768130E+01
     1.04000000    0.2560271246E+00    0.8777888672E+01
     1.06000000    0.2546657206E+00    0.8782981987E+01
     1.08000000    0.2535132732E+00    0.8788052252E+01
     1.10000000    0.2525709491E+00    0.8793103671E+01
     1.12000000    0.2516820357E+00    0.8798137312E+01
     1.14000000    0.2506691801E+00    0.8803150696E+01
     1.16000000    0.2495039674E+00    0.8808140775E+01
     1.18000000    0.2483825801E+00    0.8813108427E+01
     1.20000000    0.2476686372E+00    0.8818061799E+01
     1.22000000    0.2477849923E+00    0.8823017499E+01
     1.24000000    0.2491815467E+00    0.8828001130E+01
     1.26000000    0.2524271480E+00    0.8833049673E+01
     1.28000000    0.2583296835E+00    0.8838216267E+01
     1.30000000    0.2679041013E+00    0.8843574349E+01
     1.32000000    0.2820726694E+00    0.8849215802E+01
     1.34000000    0.3011721467E+00    0.8855239245E+01
     1.36000000    0.3245280207E+00    0.8861729805E+01
     1.38000000    0.3503867841E+00    0.8868737541E+01
     1.40000000    0.3763209553E+00    0.8876263960E+01
     1.42000000    0.3999412820E+00    0.8884262786E+01
     1.44000000    0.4195624141E+00    0.8892654034E+01
     1.46000000    0.4345100327E+00    0.8901344235E+01
     1.48000000    0.4449936241E+00    0.8910244107E+01
     1.50000000    0.4517211560E+00    0.8919278530E+01
     1.52000000    0.4555267169E+00    0.8928389065E+01
     1.54000000    0.4571834712E+00    0.8937532734E+01
     1.56000000    0.4573898816E+00    0.8946680532E+01
     1.58000000    0.4567966980E+00    0.8955816466E+01
     1.60000000    0.4559617772E+00    0.8964935701E+01
     1.62000000    0.4552368752E+00    0.8974040439E+01
     1.64000000    0.4546903081E+00    0.8983134245E+01
     1.66000000    0.4541622742E+00    0.8992217490E+01
     1.68000000    0.4534445186E+00    0.9001286381E+01
     1.70000000    0.4524681296E+00    0.9010335743E+01
     1.72000000    0.4513677538E+00    0.9019363099E+01
     1.74000000    0.4503810751E+00    0.9028370720E+01
     1.76000000    0.4496656551E+00    0.9037364033E+01
     1.78000000    0.4491757914E+00    0.9046347549E+01
     1.80000000    0.4486953785E+00    0.9055321457E+01
     1.82000000    0.4480036144E+00    0.9064281529E+01
     1.84000000    0.4470469516E+00    0.9073222468E+01
     1.86000000    0.4459829539E+00    0.9082142127E+01
     1.88000000    0.4450597801E+00    0.9091043323E+01
     1.90000000    0.4444241880E+00    0.9099931806E+01
     1.92000000    0.4440075821E+00    0.9108811958E+01
     1.94000000    0.4435779661E+00    0.9117683517E+01
     1.96000000    0.4429167189E+00    0.9126541852E+01
     1.98000000    0.4419849800E+00    0.9135381551E+01
     2.00000000    0.4409543016E+00    0.9144200637E+01
     2.02000000    0.4400784095E+00    0.9153002205E+01
     2.04000000    0.4395012444E+00    0.9161792230E+01
     2.06000000    0.4391455779E+00    0.9170575142E+01
     2.08000000    0.4387686576E+00    0.9179350515E+01
     2.10000000    0.4381454709E+00    0.9188113424E+01
     2.12000000    0.4372406746E+00    0.9196858238E+01
     2.14000000    0.4362371954E+00    0.9205582982E+01
     2.16000000    0.4354004160E+00    0.9214290990E+01
     2.18000000    0.4348844250E+00    0.9222988679E+01
     2.20000000    0.4346320056E+00    0.9231681319E+01
     2.22000000    0.4344530013E+00    0.9240370379E+01
     2.24000000    0.4342418144E+00    0.9249055215E+01
     2.26000000    0.4342030683E+00    0.9257739276E+01
     2.28000000    0.4349520633E+00    0.9266438318E+01
     2.30000000    0.4374363300E+00    0.9275187044E+01
     2.32000000    0.4427251791E+00    0.9284041548E+01
     2.34000000    0.4517645546E+00    0.9293076839E+01
     2.36000000    0.4651685910E+00    0.9302380211E+01
     2.38000000    0.4830593949E+00    0.9312041399E+01
     2.40000000    0.5049434081E+00    0.9322140267E+01
     2.42000000    0.5296507168E+00    0.9332733281E+01
     2.44000000    0.5554115030E+00    0.9343841511E+01
     2.46000000    0.5801289885E+00    0.9355444091E+01
     2.48000000    0.6018173149E+00    0.9367480437E+01
     2.50000000    0.6190676705E+00    0.9379861791E+01
     2.52000000    0.6313635762E+00    0.9392489062E+01
     2.54000000    0.6391155674E+00    0.9405271374E+01
     2.56000000    0.6433997694E+00    0.9418139369E+01
     2.58000000    0.6455109789E+00    0.9431049589E+01
     2.60000000    0.6465226942E+00    0.9443980042E+01
     2.62000000    0.6470394735E+00    0.9456920832E+01
     2.64000000    0.6472240373E+00    0.9469865313E+01
     2.66000000    0.6470346521E+00    0.9482806006E+01
     2.68000000    0.6465063569E+00    0.9495736133E+01
     2.70000000    0.6459154021E+00    0.9508654441E+01
     2.72000000    0.6457688082E+00    0.9521569817E+01
     2.74000000    0.6466850762E+00    0.9534503519E+01
     2.76000000    0.6492923417E+00    0.9547489365E+01
     2.78000000    0.6542258495E+00    0.9560573882E+01
     2.80000000    0.6621886797E+00    0.9573817656E+01
     2.82000000    0.6739392903E+00    0.9587296442E+01
     2.84000000    0.6900814996E+00    0.9601098072E+01
     2.86000000    0.7106768975E+00    0.9615311610E+01
     2.88000000    0.7348819806E+00    0.9630009249E+01
     2.90000000    0.7608803645E+00    0.9645226857E+01
     2.92000000    0.7862507471E+00    0.9660951872E+01
     2.94000000    0.8086547629E+00    0.9677124967E+01
     2.96000000    0.8265245674E+00    0.9693655458E+01
     2.98000000    0.8394216805E+00    0.9710443892E+01
     3.00000000    0.8479257800E+00    0.9727402407E+01
     3.02000000    0.8531655492E+00    0.9744465718E+01
     3.04000000    0.8562698901E+00    0.9761591116E+01
     3.06000000    0.8580140428E+00    0.9778751397E+01
     3.08000000    0.8587816732E+00    0.9795927031E+01
     3.10000000    0.8587626253E+00    0.9813102283E+01
     3.12000000    0.8581824129E+00    0.9830265931E+01
     3.14000000    0.8573852766E+00    0.9847413637E+01
     3.16000000    0.8567335389E+00    0.9864548308E+01
     3.18000000    0.8564293269E+00    0.9881676894E+01
     3.20000000    0.8564111603E+00    0.9898805117E+01
     3.22000000    0.8564123661E+00    0.9915933365E+01
     3.24000000    0.8561507363E+00    0.9933056379E+01
     3.26000000    0.8555272906E+00    0.9950166925E+01
     3.28000000    0.8546999288E+00    0.9967260924E+01
     3.30000000    0.8539763813E+00    0.9984340451E+01
     3.32000000    0.8535968454E+00    0.1000141239E+02
     3.34000000    0.8535618512E+00    0.1001848363E+02
     3.36000000    0.8536322516E+00    0.1003555627E+02
     3.38000000    0.8535003789E+00    0.1005262628E+02
     3.40000000    0.8530056820E+00    0.1006968639E+02
     3.42000000    0.8522427048E+00    0.1008673125E+02
     3.44000000    0.8514931319E+00    0.1010376111E+02
     3.46000000    0.8510337985E+00    0.1012078178E+02
     3.48000000    0.8509485229E+00    0.1013780075E+02
     3.50000000    0.8510672404E+00    0.1015482210E+02
     3.52000000    0.8510779033E+00    0.1017184366E+02
     3.54000000    0.8507430088E+00    0.1018885852E+02
     3.56000000    0.8500714468E+00    0.1020585995E+02
     3.58000000    0.8493164535E+00    0.1022284628E+02
     3.60000000    0.8487950798E+00    0.1023982218E+02
     3.62000000    0.8486620256E+00    0.1025679542E+02
     3.64000000    0.8488048614E+00    0.1027377152E+02
     3.66000000    0.8489303156E+00    0.1029075012E+02
     3.68000000    0.8487694317E+00    0.1030772551E+02
     3.70000000    0.8482560465E+00    0.1032469063E+02
     3.72000000    0.8475664024E+00    0.1034164196E+02
     3.74000000    0.8470026101E+00    0.1035858201E+02
     3.76000000    0.8467944047E+00    0.1037551790E+02
     3.78000000    0.8469420138E+00    0.1039245674E+02
     3.80000000    0.8472066438E+00    0.1040940087E+02
     3.82000000    0.8472685845E+00    0.1042634624E+02
     3.84000000    0.8469540722E+00    0.1044328533E+02
     3.86000000    0.8463670923E+00    0.1046021267E+02
     3.88000000    0.8458202612E+00    0.1047712907E+02
     3.90000000    0.8456101778E+00    0.1049404128E+02
     3.92000000    0.8458056000E+00    0.1051095739E+02
     3.94000000    0.8462059659E+00    0.1052788151E+02
     3.96000000    0.8464935247E+00    0.1054481138E+02
     3.98000000    0.8464587156E+00    0.1056174055E+02
     4.00000000    0.8461371028E+00    0.1057866329E+02
     4.02000000    0.8457746908E+00    0.1059557879E+02
     4.04000000    0.8456615528E+00    0.1061249202E+02
     4.06000000    0.8459497843E+00    0.1062941102E+02
     4.08000000    0.8465648370E+00    0.1064634231E+02
     4.10000000    0.8472561926E+00    0.1066328744E+02
     4.12000000    0.8477583734E+00    0.1068024260E+02
     4.14000000    0.8479733170E+00    0.1069720207E+02
     4.16000000    0.8480599589E+00    0.1071416327E+02
     4.18000000    0.8483550836E+00    0.1073113037E+02
     4.20000000    0.8491577159E+00    0.1074811352E+02
     4.22000000    0.8505251918E+00    0.1076512403E+02
     4.24000000    0.8522463523E+00    0.1078216896E+02
     4.26000000    0.8540327380E+00    0.1079924961E+02
     4.28000000    0.8557927401E+00    0.1081636547E+02
     4.30000000    0.8577812413E+00    0.1083352109E+02
     4.32000000    0.8605160193E+00    0.1085073141E+02
     4.34000000    0.8645328921E+00    0.1086802207E+02
     4.36000000    0.8701547501E+00    0.1088542516E+02
     4.38000000    0.8773941648E+00    0.1090297305E+02
     4.40000000    0.8859597799E+00    0.1092069224E+02
     4.42000000    0.8952389844E+00    0.1093859702E+02
     4.44000000    0.9041795376E+00    0.1095668061E+02
     4.46000000    0.9111495490E+00    0.1097490360E+02
     4.48000000    0.9139706646E+00    0.1099318302E+02
     4.50000000    0.9102706986E+00    0.1101138843E+02
     4.52000000    0.8981089711E+00    0.1102935061E+02
     4.54000000    0.8766388177E+00    0.1104688339E+02
     4.56000000    0.8465287734E+00    0.1106381396E+02
     4.58000000    0.8099817107E+00    0.1108001360E+02
     4.60000000    0.7703697323E+00    0.1109542099E+02
     4.62000000    0.7316353086E+00    0.1111005370E+02
     4.64000000    0.6976591880E+00    0.1112400688E+02
     4.66000000    0.6717777548E+00    0.1113744244E+02
     4.68000000    0.6565606044E+00    0.1115057365E+02
     4.70000000    0.6538398320E+00    0.1116365044E+02
     4.72000000    0.6648508859E+00    0.1117694746E+02
     4.74000000    0.6902741498E+00    0.1119075295E+02
     4.76000000    0.7300217317E+00    0.1120535338E+02
     4.78000000    0.7827908762E+00    0.1122100920E+02
     4.80000000    0.8456143678E+00    0.1123792148E+02
     4.82000000    0.9137494751E+00    0.1125619647E+02
     4.84000000    0.9811665033E+00    0.1127581980E+02
     4.86000000    0.1041633120E+01    0.1129665247E+02
     4.88000000    0.1090067412E+01    0.1131845381E+02
     4.90000000    0.1123641529E+01    0.1134092665E+02
     4.92000000    0.1142196541E+01    0.1136377058E+02
     4.94000000    0.1147852529E+01    0.1138672763E+02
     4.96000000    0.1144071125E+01    0.1140960905E+02
     4.98000000    0.1134617946E+01    0.1143230141E+02
     5.00000000    0.1122787513E+01    0.1145475716E+02
     5.02000000    0.1111008699E+01    0.1147697733E+02
     5.04000000    0.1100751603E+01    0.1149899236E+02
     5.06000000    0.1092616622E+01    0.1152084470E+02
     5.08000000    0.1086541781E+01    0.1154257553E+02
     5.10000000    0.1082089934E+01    0.1156421733E+02
     5.12000000    0.1078739497E+01    0.1158579212E+02
     5.14000000    0.1076080320E+01    0.1160731373E+02
     5.16000000    0.1073878090E+01    0.1162879129E+02
     5.18000000    0.1072070065E+01    0.1165023269E+02
     5.20000000    0.1070784755E+01    0.1167164839E+02
     5.22000000    0.1070411044E+01    0.1169305661E+02
     5.24000000    0.1071671224E+01    0.1171449003E+02
     5.26000000    0.1075668865E+01    0.1173600341E+02
     5.28000000    0.1083944137E+01    0.1175768229E+02
     5.30000000    0.1098543423E+01    0.1177965316E+02
     5.32000000    0.1121961994E+01    0.1180209240E+02
     5.34000000    0.1156711646E+01    0.1182522663E+02
     5.36000000    0.1204409309E+01    0.1184931482E+02
     5.38000000    0.1264665878E+01    0.1187460814E+02
     5.40000000    0.1334374120E+01    0.1190129562E+02
     5.42000000    0.1407917717E+01    0.1192945397E+02
     5.44000000    0.1478335097E+01    0.1195902068E+02
     5.46000000    0.1538930873E+01    0.1198979929E+02
     5.48000000    0.1584648854E+01    0.1202149227E+02
     5.50000000    0.1612795307E+01    0.1205374818E+02
     5.52000000    0.1623144622E+01    0.1208621107E+02
     5.54000000    0.1617709252E+01    0.1211856525E+02
     5.56000000    0.1600393838E+01    0.1215057313E+02
     5.58000000    0.1576543796E+01    0.1218210401E+02
     5.60000000    0.1552270290E+01    0.1221314941E+02
     5.62000000    0.1533479877E+01    0.1224381901E+02
     5.64000000    0.1524703670E+01    0.1227431308E+02
     5.66000000    0.1528006405E+01    0.1230487321E+02
     5.68000000    0.1542368874E+01    0.1233572059E+02
     5.70000000    0.1563889350E+01    0.1236699838E+02
     5.72000000    0.1586885536E+01    0.1239873609E+02
     5.74000000    0.1605569285E+01    0.1243084747E+02
     5.76000000    0.1615642995E+01    0.1246316033E+02
     5.78000000    0.1615180782E+01    0.1249546395E+02
     5.80000000    0.1604553780E+01    0.1252755502E+02
     5.82000000    0.1585684120E+01    0.1255926871E+02
     5.84000000    0.1561192674E+01    0.1259049256E+02
     5.86000000    0.1533856495E+01    0.1262116969E+02
     5.88000000    0.1506380779E+01    0.1265129730E+02
     5.90000000    0.1481191466E+01    0.1268092113E+02
     5.92000000    0.1460014925E+01    0.1271012143E+02
     5.94000000    0.1443333281E+01    0.1273898810E+02
     5.96000000    0.1430055970E+01    0.1276758922E+02
     5.98000000    0.1417689859E+01    0.1279594301E+02
     6.00000000    0.1402989140E+01    0.1282400280E+02
     6.02000000    0.1382799220E+01    0.1285165878E+02
     6.04000000    0.1354776713E+01    0.1287875432E+02
     6.06000000    0.1317830122E+01    0.1290511092E+02
     6.08000000    0.1272294147E+01    0.1293055680E+02
     6.10000000    0.1219895974E+01    0.1295495472E+02
     6.12000000    0.1163523071E+01    0.1297822518E+02
     6.14000000    0.1106770742E+01    0.1300036060E+02
     6.16000000    0.1053300231E+01    0.1302142660E+02
     6.18000000    0.1006141220E+01    0.1304154943E+02
     6.20000000    0.9671398025E+00    0.1306089222E+02
     6.22000000    0.9367254736E+00    0.1307962673E+02
     6.24000000    0.9140593686E+00    0.1309790792E+02
     6.26000000    0.8974916543E+00    0.1311585775E+02
     6.28000000    0.8851573777E+00    0.1313356090E+02
     6.30000000    0.8755033983E+00    0.1315107097E+02
     6.32000000    0.8675686738E+00    0.1316842234E+02
     6.34000000    0.8609381001E+00    0.1318564110E+02
     6.36000000    0.8554420051E+00    0.1320274994E+02
     6.38000000    0.8508155478E+00    0.1321976625E+02
     6.40000000    0.8465624599E+00    0.1323669750E+02
     6.42000000    0.8421269194E+00    0.1325354004E+02
     6.44000000    0.8372356163E+00    0.1327028475E+02
     6.46000000    0.8321105436E+00    0.1328692696E+02
     6.48000000    0.8273253145E+00    0.1330347347E+02
     6.50000000    0.8233593124E+00    0.1331994066E+02
     6.52000000    0.8201791966E+00    0.1333634424E+02
     6.54000000    0.8172029436E+00    0.1335268830E+02
     6.56000000    0.8137213025E+00    0.1336896273E+02
     6.58000000    0.8094711383E+00    0.1338515215E+02
     6.60000000    0.8048927032E+00    0.1340125000E+02
     6.62000000    0.8008223798E+00    0.1341726645E+02
     6.64000000    0.7978253207E+00    0.1343322296E+02
     6.66000000    0.7956958150E+00    0.1344913687E+02
     6.68000000    0.7935606400E+00    0.1346500809E+02
     6.70000000    0.7905520115E+00    0.1348081913E+02
     6.72000000    0.7865335437E+00    0.1349654980E+02
     6.74000000    0.7822720565E+00    0.1351219524E+02
     6.76000000    0.7788630854E+00    0.1352777250E+02
     6.78000000    0.7768327999E+00    0.1354330916E+02
     6.80000000    0.7756485085E+00    0.1355882213E+02
     6.82000000    0.7740832041E+00    0.1357430379E+02
     6.84000000    0.7711914125E+00    0.1358972762E+02
     6.86000000    0.7671195347E+00    0.1360507001E+02
     6.88000000    0.7630596261E+00    0.1362033120E+02
     6.90000000    0.7603291784E+00    0.1363553779E+02
     6.92000000    0.7592878242E+00    0.1365072354E+02
     6.94000000    0.7589774988E+00    0.1366590309E+02
     6.96000000    0.7578223704E+00    0.1368105954E+02
     6.98000000    0.7548717225E+00    0.1369615697E+02
     7.00000000    0.7506022346E+00    0.1371116902E+02
     7.02000000    0.7466119698E+00    0.1372610126E+02
     7.04000000    0.7444058955E+00    0.1374098938E+02
     7.06000000    0.7442055994E+00    0.1375587349E+02
     7.08000000    0.7447219347E+00    0.1377076793E+02
     7.10000000    0.7440928682E+00    0.1378564978E+02
     7.12000000    0.7412860678E+00    0.1380047550E+02
     7.14000000    0.7369017684E+00    0.1381521354E+02
     7.16000000    0.7327628073E+00    0.1382986880E+02
     7.18000000    0.7305908028E+00    0.1384448061E+02
     7.20000000    0.7307459037E+00    0.1385909553E+02
     7.22000000    0.7319522475E+00    0.1387373458E+02
     7.24000000    0.7322003541E+00    0.1388837858E+02
     7.26000000    0.7301645927E+00    0.1390298187E+02
     7.28000000    0.7261224610E+00    0.1391750432E+02
     7.30000000    0.7217461108E+00    0.1393193925E+02
     7.32000000    0.7189461545E+00    0.1394631817E+02
     7.34000000    0.7185891814E+00    0.1396068995E+02
     7.36000000    0.7199519261E+00    0.1397508899E+02
     7.38000000    0.7212354982E+00    0.1398951370E+02
     7.40000000    0.7207510098E+00    0.1400392872E+02
     7.42000000    0.7179832581E+00    0.1401828839E+02
     7.44000000    0.7138716266E+00    0.1403256582E+02
     7.46000000    0.7101811032E+00    0.1404676944E+02
     7.48000000    0.7084011315E+00    0.1406093746E+02
     7.50000000    0.7088606414E+00    0.1407511468E+02
     7.52000000    0.7105694955E+00    0.1408932607E+02
     7.54000000    0.7118394403E+00    0.1410356286E+02
     7.56000000    0.7112886497E+00    0.1411778863E+02
     7.58000000    0.7086392084E+00    0.1413196141E+02
     7.60000000    0.7048599241E+00    0.1414605861E+02
     7.62000000    0.7015890323E+00    0.1416009039E+02
     7.64000000    0.7001783057E+00    0.1417409396E+02
     7.66000000    0.7009120137E+00    0.1418811220E+02
     7.68000000    0.7028534385E+00    0.1420216927E+02
     7.70000000    0.7044068038E+00    0.1421625740E+02
     7.72000000    0.7042571886E+00    0.1423034255E+02
     7.74000000    0.7021231523E+00    0.1424438501E+02
     7.76000000    0.6988788089E+00    0.1425836259E+02
     7.78000000    0.6960013505E+00    0.1427228261E+02
     7.80000000    0.6947112464E+00    0.1428617684E+02
     7.82000000    0.6953258785E+00    0.1430008336E+02
     7.84000000    0.6971668681E+00    0.1431402669E+02
     7.86000000    0.6990026902E+00    0.1432800675E+02
     7.88000000    0.6997191344E+00    0.1434200113E+02
     7.90000000    0.6988473128E+00    0.1435597808E+02
     7.92000000    0.6967254193E+00    0.1436991258E+02
     7.94000000    0.6942884888E+00    0.1438379835E+02
     7.96000000    0.6926317473E+00    0.1439765099E+02
     7.98000000    0.6925331440E+00    0.1441150165E+02
     8.00000000    0.6940984961E+00    0.1442538362E+02
     8.02000000    0.6966646713E+00    0.1443931691E+02
     8.04000000    0.6990473815E+00    0.1445329786E+02
     8.06000000    0.7000938733E+00    0.1446729974E+02
     8.08000000    0.6993115160E+00    0.1448128597E+02
     8.10000000    0.6972236513E+00    0.1449523044E+02
     8.12000000    0.6951960967E+00    0.1450913436E+02
     8.14000000    0.6947731051E+00    0.1452302983E+02
     8.16000000    0.6968774575E+00    0.1453696738E+02
     8.18000000    0.7013518808E+00    0.1455099441E+02
     8.20000000    0.7071617276E+00    0.1456513765E+02
     8.22000000    0.7132196963E+00    0.1457940204E+02
     8.24000000    0.7194129260E+00    0.1459379030E+02
     8.26000000    0.7272178208E+00    0.1460833466E+02
     8.28000000    0.7394284727E+00    0.1462312323E+02
     8.30000000    0.7589879911E+00    0.1463830299E+02
     8.32000000    0.7874673878E+00    0.1465405233E+02
     8.34000000    0.8240353637E+00    0.1467053304E+02
     8.36000000    0.8655701907E+00    0.1468784445E+02
     8.38000000    0.9079481610E+00    0.1470600341E+02
     8.40000000    0.9478520835E+00    0.1472496045E+02
     8.42000000    0.9840997606E+00    0.1474464245E+02
     8.44000000    0.1017724754E+01    0.1476499694E+02
     8.46000000    0.1050735821E+01    0.1478601166E+02
     8.48000000    0.1084240577E+01    0.1480769647E+02
     8.50000000    0.1117001857E+01    0.1483003651E+02
     8.52000000    0.1145279026E+01    0.1485294209E+02
     8.54000000    0.1164109887E+01    0.1487622428E+02
     8.56000000    0.1169395785E+01    0.1489961220E+02
     8.58000000    0.1159703332E+01    0.1492280627E+02
     8.60000000    0.1136851883E+01    0.1494554330E+02
     8.62000000    0.1105039118E+01    0.1496764409E+02
     8.64000000    0.1069066486E+01    0.1498902542E+02
     8.66000000    0.1032668129E+01    0.1500967878E+02
     8.68000000    0.9977653229E+00    0.1502963408E+02
     8.70000000    0.9648238874E+00    0.1504893056E+02
     8.72000000    0.9338312767E+00    0.1506760719E+02
     8.74000000    0.9051382149E+00    0.1508570995E+02
     8.76000000    0.8796347234E+00    0.1510330265E+02
     8.78000000    0.8582467899E+00    0.1512046758E+02
     8.80000000    0.8412006615E+00    0.1513729160E+02
     8.82000000    0.8276314711E+00    0.1515384423E+02
     8.84000000    0.8158552003E+00    0.1517016133E+02
     8.86000000    0.8041646533E+00    0.1518624462E+02
     8.88000000    0.7916606150E+00    0.1520207783E+02
     8.90000000    0.7786126796E+00    0.1521765009E+02
     8.92000000    0.7661493832E+00    0.1523297308E+02
     8.94000000    0.7554857195E+00    0.1524808279E+02
     8.96000000    0.7471518440E+00    0.1526302583E+02
     8.98000000    0.7406593600E+00    0.1527783901E+02
     9.00000000    0.7347737849E+00    0.1529253449E+02
     9.02000000    0.7282145351E+00    0.1530709878E+02
     9.04000000    0.7203657676E+00    0.1532150610E+02
     9.06000000    0.7115818788E+00    0.1533573773E+02
     9.08000000    0.7029124671E+00    0.1534979598E+02
     9.10000000    0.6954155462E+00    0.1536370429E+02
     9.12000000    0.6894703137E+00    0.1537749370E+02
     9.14000000    0.6844971234E+00    0.1539118364E+02
     9.16000000    0.6792499966E+00    0.1540476864E+02
     9.18000000    0.6725165604E+00    0.1541821897E+02
     9.20000000    0.6638347602E+00    0.1543149567E+02
     9.22000000    0.6538331997E+00    0.1544457233E+02
     9.24000000    0.6440074659E+00    0.1545745248E+02
     9.26000000    0.6360372114E+00    0.1547017323E+02
     9.28000000    0.6309792992E+00    0.1548279281E+02
     9.30000000    0.6287363882E+00    0.1549536754E+02
     9.32000000    0.6280717573E+00    0.1550792898E+02
     9.34000000    0.6271766087E+00    0.1552047251E+02
     9.36000000    0.6245193843E+00    0.1553296290E+02
     9.38000000    0.6195602599E+00    0.1554535410E+02
     9.40000000    0.6129793379E+00    0.1555761369E+02
     9.42000000    0.6063077725E+00    0.1556973984E+02
     9.44000000    0.6011383308E+00    0.1558176261E+02
     9.46000000    0.5982911787E+00    0.1559372843E+02
     9.48000000    0.5973444172E+00    0.1560567532E+02
     9.50000000    0.5967896990E+00    0.1561761112E+02
     9.52000000    0.5947791205E+00    0.1562950670E+02
     9.54000000    0.5901047738E+00    0.1564130879E+02
     9.56000000    0.5828748852E+00    0.1565296629E+02
     9.58000000    0.5744607444E+00    0.1566445551E+02
     9.60000000    0.5666665435E+00    0.1567578884E+02
     9.62000000    0.5605226026E+00    0.1568699929E+02
     9.64000000    0.5553630849E+00    0.1569810655E+02
     9.66000000    0.5487561017E+00    0.1570908167E+02
     9.68000000    0.5374272500E+00    0.1571983022E+02
     9.70000000    0.5187677592E+00    0.1573020557E+02
     9.72000000    0.4921543631E+00    0.1574004866E+02
     9.74000000    0.4593636890E+00    0.1574923593E+02
     9.76000000    0.4238366705E+00    0.1575771267E+02
     9.78000000    0.3891787398E+00    0.1576549624E+02
     9.80000000    0.3577067322E+00    0.1577265038E+02
     9.82000000    0.3298249744E+00    0.1577924688E+02
     9.84000000    0.3045361656E+00    0.1578533760E+02
     9.86000000    0.2807267693E+00    0.1579095213E+02
     9.88000000    0.2583958350E+00    0.1579612005E+02
     9.90000000    0.2390178746E+00    0.1580090041E+02
     9.92000000    0.2247622615E+00    0.1580539565E+02
     9.94000000    0.2170288668E+00    0.1580973623E+02
     9.96000000    0.2152421381E+00    0.1581404107E+02
     9.98000000    0.2167442288E+00    0.1581837596E+02
    10.00000000    0.2179672692E+00    0.1582273530E+02
    10.02000000    0.2162392226E+00    0.1582706009E+02
    10.04000000    0.2111248284E+00    0.1583128259E+02
    10.06000000    0.2044539163E+00    0.1583537166E+02
    10.08000000    0.1990143850E+00    0.1583935195E+02
    10.10000000    0.1967469490E+00    0.1584328689E+02
    10.12000000    0.1975865055E+00    0.1584723862E+02
    10.14000000    0.1996398924E+00    0.1585123142E+02
    10.16000000    0.2004945916E+00    0.1585524131E+02
    10.18000000    0.1987382295E+00    0.1585921607E+02
    10.20000000    0.1947060088E+00    0.1586311019E+02
    10.22000000    0.1900615951E+00    0.1586691143E+02
    10.24000000    0.1866110851E+00    0.1587064365E+02
    10.26000000    0.1851984041E+00    0.1587434762E+02
    10.28000000    0.1853672757E+00    0.1587805496E+02
    10.30000000    0.1858792786E+00    0.1588177255E+02
    10.32000000    0.1856080563E+00    0.1588548471E+02
    10.34000000    0.1841719825E+00    0.1588916815E+02
    10.36000000    0.1819663018E+00    0.1589280747E+02
    10.38000000    0.1797238228E+00    0.1589640195E+02
    10.40000000    0.1780083758E+00    0.1589996212E+02
    10.42000000    0.1769741816E+00    0.1590350160E+02
    10.44000000    0.1764445317E+00    0.1590703049E+02
    10.46000000    0.1761376250E+00    0.1591055325E+02
    10.48000000    0.1758444704E+00    0.1591407013E+02
    10.50000000    0.1754853173E+00    0.1591757984E+02
    10.52000000    0.1750838018E+00    0.1592108152E+02
    10.54000000    0.1747200900E+00    0.1592457592E+02
    10.56000000    0.1744916217E+00    0.1592806575E+02
    10.58000000    0.1744888161E+00    0.1593155553E+02
    10.60000000    0.1747939186E+00    0.1593505141E+02
    10.62000000    0.1755036620E+00    0.1593856148E+02
    10.64000000    0.1767548512E+00    0.1594209658E+02
    10.66000000    0.1787264449E+00    0.1594567111E+02
    10.68000000    0.1816150197E+00    0.1594930341E+02
    10.70000000    0.1855995055E+00    0.1595301540E+02
    10.72000000    0.1907918080E+00    0.1595683123E+02
    10.74000000    0.1971343255E+00    0.1596077392E+02
    10.76000000    0.2042151496E+00    0.1596485822E+02
    10.78000000    0.2110520673E+00    0.1596907926E+02
    10.80000000    0.2159916682E+00    0.1597339910E+02
    10.82000000    0.2168860545E+00    0.1597773682E+02
    10.84000000    0.2116008523E+00    0.1598196883E+02
    10.86000000    0.1987221134E+00    0.1598594328E+02
    10.88000000    0.1781782003E+00    0.1598950684E+02
    10.90000000    0.1514779827E+00    0.1599253640E+02
    10.92000000    0.1214152448E+00    0.1599496470E+02
    10.94000000    0.9133111181E-01    0.1599679133E+02
    10.96000000    0.6423044127E-01    0.1599807594E+02
    10.98000000    0.4209989325E-01    0.1599891793E+02
    11.00000000    0.2565126377E-01    0.1599943096E+02
    11.02000000    0.1449702872E-01    0.1599972090E+02
    11.04000000    0.7585751621E-02    0.1599987261E+02
    11.06000000    0.3669450592E-02    0.1599994600E+02
    11.08000000    0.1638798235E-02    0.1599997878E+02
    11.10000000    0.6749938135E-03    0.1599999228E+02
    11.12000000    0.2561686666E-03    0.1599999740E+02
    11.14000000    0.8950930473E-04    0.1599999919E+02
    11.16000000    0.2877677115E-04    0.1599999977E+02
    11.18000000    0.8507587212E-05    0.1599999994E+02
    11.20000000    0.2311829260E-05    0.1599999999E+02
    11.22000000    0.5771841144E-06    0.1600000000E+02
    11.24000000    0.1323522287E-06    0.1600000000E+02
    11.26000000    0.2786609132E-07    0.1600000000E+02
    11.28000000    0.5385619034E-08    0.1600000000E+02
    11.30000000    0.9552373673E-09    0.1600000000E+02
    11.32000000    0.1554592522E-09    0.1600000000E+02
    11.34000000    0.2321000519E-10    0.1600000000E+02
    11.36000000    0.3178482623E-11    0.1600000000E+02
    11.38000000    0.3991998927E-12    0.1600000000E+02
    11.40000000    0.4597623651E-13    0.1600000000E+02
    11.42000000    0.4855129951E-14    0.1600000000E+02
    11.44000000    0.4700559650E-15    0.1600000000E+02
    11.46000000    0.4171964335E-16    0.1600000000E+02
    11.48000000    0.3394209518E-17    0.1600000000E+02
    11.50000000    0.2531114160E-18    0.1600000000E+02
    11.52000000    0.1729938692E-19    0.1600000000E+02
    11.54000000    0.1083600031E-20    0.1600000000E+02
    11.56000000    0.6220171130E-22    0.1600000000E+02
    11.58000000    0.3271963423E-23    0.1600000000E+02
    11.60000000    0.1577127923E-24    0.1600000000E+02
    11.62000000    0.6965607861E-26    0.1600000000E+02
    11.64000000    0.2818820896E-27    0.1600000000E+02
    11.66000000    0.1045144636E-28    0.1600000000E+02
    11.68000000    0.3550349303E-30    0.1600000000E+02
    11.70000000    0.1104938181E-31    0.1600000000E+02
    11.72000000    0.3150391597E-33    0.1600000000E+02
    11.74000000    0.8228849938E-35    0.1600000000E+02
    11.76000000    0.1969024018E-36    0.1600000000E+02
    11.78000000    0.4316086655E-38    0.1600000000E+02
    11.80000000    0.8666570601E-40    0.1600000000E+02
    11.82000000    0.1594093340E-41    0.1600000000E+02
    11.84000000    0.2685848543E-43    0.1600000000E+02
    11.86000000    0.4145177215E-45    0.1600000000E+02
    11.88000000    0.5859917615E-47    0.1600000000E+02
    11.90000000    0.7587875913E-49    0.1600000000E+02
    11.92000000    0.8999598531E-51    0.1600000000E+02
    11.94000000    0.9776751048E-53    0.1600000000E+02
    11.96000000    0.9728125005E-55    0.1600000000E+02
    11.98000000    0.8865880840E-57    0.1600000000E+02
    12.00000000    0.7400619965E-59    0.1600000000E+02
    12.02000000    0.5658005573E-61    0.1600000000E+02
    12.04000000    0.3961900329E-63    0.1600000000E+02
    12.06000000    0.2540883316E-65    0.1600000000E+02
    12.08000000    0.1492461777E-67    0.1600000000E+02
    12.10000000    0.8028890927E-70    0.1600000000E+02
    12.12000000    0.3955837649E-72    0.1600000000E+02
    12.14000000    0.1785043541E-74    0.1600000000E+02
    12.16000000    0.7377066248E-77    0.1600000000E+02
    12.18000000    0.2792172771E-79    0.1600000000E+02
    12.20000000    0.9691777562E-82    0.1600000000E+02
    12.22000000    0.4383344739E-84    0.1600000000E+02
    12.24000000    0.1320175763E-84    0.1600000000E+02
    12.26000000    0.1311686215E-84    0.1600000000E+02
    12.28000000    0.1311686215E-84    0.1600000000E+02
    12.30000000    0.1311686215E-84    0.1600000000E+02
    12.32000000    0.1311686215E-84    0.1600000000E+02
    12.34000000    0.1311686215E-84    0.1600000000E+02
    12.36000000    0.1311686215E-84    0.1600000000E+02
    12.38000000    0.1311686215E-84    0.1600000000E+02
    12.40000000    0.1311686215E-84    0.1600000000E+02
    12.42000000    0.1311686215E-84    0.1600000000E+02
    12.44000000    0.1311686215E-84    0.1600000000E+02
    12.46000000    0.1311686215E-84    0.1600000000E+02
    12.48000000    0.1311686215E-84    0.1600000000E+02
    12.50000000    0.1311686215E-84    0.1600000000E+02
    12.52000000    0.1311686215E-84    0.1600000000E+02
    12.54000000    0.1311686215E-84    0.1600000000E+02
    12.56000000    0.1311686215E-84    0.1600000000E+02
    12.58000000    0.1311686215E-84    0.1600000000E+02
    12.60000000    0.1311686215E-84    0.1600000000E+02
    12.62000000    0.1311686215E-84    0.1600000000E+02
    12.64000000    0.1311686215E-84    0.1600000000E+02
    12.66000000    0.1311686215E-84    0.1600000000E+02
    12.68000000    0.1311686215E-84    0.1600000000E+02
    12.70000000    0.1311686215E-84    0.1600000000E+02
    12.72000000    0.1311686215E-84    0.1600000000E+02
    12.74000000    0.1311686215E-84    0.1600000000E+02
    12.76000000    0.1311686215E-84    0.1600000000E+02
    12.78000000    0.1311686215E-84    0.1600000000E+02
    12.80000000    0.1311686215E-84    0.1600000000E+02
    12.82000000    0.1311686215E-84    0.1600000000E+02
    12.84000000    0.1311686215E-84    0.1600000000E+02
    12.86000000    0.1311686215E-84    0.1600000000E+02
    12.88000000    0.1311686215E-84    0.1600000000E+02
    12.90000000    0.1311686215E-84    0.1600000000E+02
    12.92000000    0.1311686215E-84    0.1600000000E+02
    12.94000000    0.1311686215E-84    0.1600000000E+02
    12.96000000    0.1311686215E-84    0.1600000000E+02
    12.98000000    0.1311686215E-84    0.1600000000E+02
    13.00000000    0.1311686215E-84    0.1600000000E+02
    13.02000000    0.1311686215E-84    0.1600000000E+02
    13.04000000    0.1311686215E-84    0.1600000000E+02
    13.06000000    0.1311686215E-84    0.1600000000E+02
    13.08000000    0.1311686215E-84    0.1600000000E+02
    13.10000000    0.1311686215E-84    0.1600000000E+02
    13.12000000    0.1311686215E-84    0.1600000000E+02
    13.14000000    0.1311686215E-84    0.1600000000E+02
    13.16000000    0.1311686215E-84    0.1600000000E+02
    13.18000000    0.1311686215E-84    0.1600000000E+02
    13.20000000    0.1311686215E-84    0.1600000000E+02
    13.22000000    0.1311686215E-84    0.1600000000E+02
    13.24000000    0.1311686215E-84    0.1600000000E+02
    13.26000000    0.1311686215E-84    0.1600000000E+02
    13.28000000    0.1311686215E-84    0.1600000000E+02
    13.30000000    0.1311686215E-84    0.1600000000E+02
    13.32000000    0.1311686215E-84    0.1600000000E+02
    13.34000000    0.1311686215E-84    0.1600000000E+02
    13.36000000    0.1311686215E-84    0.1600000000E+02
    13.38000000    0.1311686215E-84    0.1600000000E+02
    13.40000000    0.1311686215E-84    0.1600000000E+02
    13.42000000    0.1311686215E-84    0.1600000000E+02
    13.44000000    0.1311686215E-84    0.1600000000E+02
    13.46000000    0.1311686215E-84    0.1600000000E+02
    13.48000000    0.1311686215E-84    0.1600000000E+02
    13.50000000    0.1311686215E-84    0.1600000000E+02
    13.52000000    0.1311686215E-84    0.1600000000E+02
    13.54000000    0.1311686215E-84    0.1600000000E+02
    13.56000000    0.1311686215E-84    0.1600000000E+02
    13.58000000    0.1311686215E-84    0.1600000000E+02
    13.60000000    0.1311686215E-84    0.1600000000E+02
    13.62000000    0.1311686215E-84    0.1600000000E+02
    13.64000000    0.1311686215E-84    0.1600000000E+02
    13.66000000    0.1311686215E-84    0.1600000000E+02
    13.68000000    0.1311686215E-84    0.1600000000E+02
    13.70000000    0.1311686215E-84    0.1600000000E+02
    13.72000000    0.1311686215E-84    0.1600000000E+02
    13.74000000    0.1311686215E-84    0.1600000000E+02
    13.76000000    0.1311686215E-84    0.1600000000E+02
    13.78000000    0.1311686215E-84    0.1600000000E+02
    13.80000000    0.1311686215E-84    0.1600000000E+02
    13.82000000    0.1311686215E-84    0.1600000000E+02
    13.84000000    0.1311686215E-84    0.1600000000E+02
    13.86000000    0.1311686215E-84    0.1600000000E+02
    13.88000000    0.1311686215E-84    0.1600000000E+02
    13.90000000    0.1311686215E-84    0.1600000000E+02
    13.92000000    0.1311686215E-84    0.1600000000E+02
    13.94000000    0.1311686215E-84    0.1600000000E+02
    13.96000000    0.1311686215E-84    0.1600000000E+02
    13.98000000    0.1311686215E-84    0.1600000000E+02
    14.00000000    0.1311686215E-84    0.1600000000E+02
    14.02000000    0.1311686215E-84    0.1600000000E+02
    14.04000000    0.1311686215E-84    0.1600000000E+02
    14.06000000    0.1311686215E-84    0.1600000000E+02
    14.08000000    0.1311686215E-84    0.1600000000E+02
    14.10000000    0.1311686215E-84    0.1600000000E+02
    14.12000000    0.1311686215E-84    0.1600000000E+02
    14.14000000    0.1311686215E-84    0.1600000000E+02
    14.16000000    0.1311686215E-84    0.1600000000E+02
    14.18000000    0.1311686215E-84    0.1600000000E+02
    14.20000000    0.1311686215E-84    0.1600000000E+02
    14.22000000    0.1311686215E-84    0.1600000000E+02
    14.24000000    0.1311686215E-84    0.1600000000E+02
    14.26000000    0.1311686215E-84    0.1600000000E+02
    14.28000000    0.1311686215E-84    0.1600000000E+02
    14.30000000    0.1311686215E-84    0.1600000000E+02
    14.32000000    0.1311686215E-84    0.1600000000E+02
    14.34000000    0.1311686215E-84    0.1600000000E+02
    14.36000000    0.1311686215E-84    0.1600000000E+02
    14.38000000    0.1311686215E-84    0.1600000000E+02
    14.40000000    0.1311686215E-84    0.1600000000E+02
    14.42000000    0.1311686215E-84    0.1600000000E+02
    14.44000000    0.1311686215E-84    0.1600000000E+02
    14.46000000    0.1311686215E-84    0.1600000000E+02
    14.48000000    0.1311686215E-84    0.1600000000E+02
    14.50000000    0.1311686215E-84    0.1600000000E+02
    14.52000000    0.1311686215E-84    0.1600000000E+02
    14.54000000    0.1311686215E-84    0.1600000000E+02
    14.56000000    0.1311686215E-84    0.1600000000E+02
    14.58000000    0.1311686215E-84    0.1600000000E+02
    14.60000000    0.1311686215E-84    0.1600000000E+02
    14.62000000    0.1311686215E-84    0.1600000000E+02
    14.64000000    0.1311686215E-84    0.1600000000E+02
    14.66000000    0.1311686215E-84    0.1600000000E+02
    14.68000000    0.1311686215E-84    0.1600000000E+02
    14.70000000    0.1311686215E-84    0.1600000000E+02
    14.72000000    0.1311686215E-84    0.1600000000E+02
    14.74000000    0.1311686215E-84    0.1600000000E+02
    14.76000000    0.1311686215E-84    0.1600000000E+02
    14.78000000    0.1311686215E-84    0.1600000000E+02
    14.80000000    0.1311686215E-84    0.1600000000E+02
    14.82000000    0.1311686215E-84    0.1600000000E+02
    14.84000000    0.1311686215E-84    0.1600000000E+02
    14.86000000    0.1311686215E-84    0.1600000000E+02
    14.88000000    0.1311686215E-84    0.1600000000E+02
    14.90000000    0.1311686215E-84    0.1600000000E+02
    14.92000000    0.1311686215E-84    0.1600000000E+02
    14.94000000    0.1311686215E-84    0.1600000000E+02
    14.96000000    0.1311686215E-84    0.1600000000E+02
    14.98000000    0.1311686215E-84    0.1600000000E+02
    15.00000000    0.1311686215E-84    0.1600000000E+02
