 &plot nbnd=  16, nks=  1501 /
            0.000000  0.000000  0.000000
  -21.109  -21.109   -9.204   -9.204   -4.659   -4.659   -4.650   -4.650    1.582    1.582
    2.533    2.533    2.635    2.635    4.736    4.736
            0.000667  0.001155  0.000000
  -21.109  -21.109   -9.204   -9.204   -4.659   -4.659   -4.650   -4.650    1.582    1.582
    2.533    2.533    2.635    2.635    4.736    4.736
            0.001333  0.002309  0.000000
  -21.109  -21.109   -9.204   -9.204   -4.659   -4.659   -4.650   -4.650    1.582    1.582
    2.533    2.533    2.635    2.635    4.736    4.736
            0.002000  0.003464  0.000000
  -21.109  -21.109   -9.204   -9.204   -4.660   -4.660   -4.651   -4.651    1.582    1.582
    2.533    2.533    2.636    2.636    4.737    4.737
            0.002667  0.004619  0.000000
  -21.108  -21.108   -9.204   -9.204   -4.661   -4.661   -4.651   -4.651    1.582    1.582
    2.533    2.533    2.636    2.636    4.737    4.737
            0.003333  0.005774  0.000000
  -21.108  -21.108   -9.203   -9.203   -4.662   -4.662   -4.652   -4.652    1.583    1.583
    2.534    2.534    2.636    2.636    4.737    4.737
            0.004000  0.006928  0.000000
  -21.108  -21.108   -9.203   -9.203   -4.663   -4.663   -4.653   -4.653    1.583    1.583
    2.534    2.534    2.637    2.637    4.738    4.738
            0.004667  0.008083  0.000000
  -21.107  -21.107   -9.203   -9.203   -4.664   -4.664   -4.654   -4.654    1.584    1.584
    2.535    2.535    2.637    2.637    4.738    4.738
            0.005333  0.009238  0.000000
  -21.107  -21.107   -9.202   -9.202   -4.666   -4.666   -4.656   -4.656    1.584    1.585
    2.535    2.535    2.638    2.638    4.739    4.739
            0.006000  0.010392  0.000000
  -21.106  -21.106   -9.201   -9.201   -4.668   -4.668   -4.657   -4.657    1.585    1.585
    2.536    2.536    2.639    2.639    4.740    4.740
            0.006667  0.011547  0.000000
  -21.106  -21.106   -9.201   -9.201   -4.670   -4.670   -4.659   -4.659    1.586    1.586
    2.537    2.537    2.639    2.639    4.741    4.741
            0.007333  0.012702  0.000000
  -21.105  -21.105   -9.200   -9.200   -4.672   -4.672   -4.661   -4.661    1.587    1.587
    2.538    2.538    2.640    2.640    4.741    4.741
            0.008000  0.013856  0.000000
  -21.104  -21.104   -9.199   -9.199   -4.675   -4.675   -4.662   -4.662    1.588    1.588
    2.539    2.539    2.641    2.641    4.742    4.742
            0.008667  0.015011  0.000000
  -21.104  -21.104   -9.198   -9.198   -4.678   -4.678   -4.664   -4.664    1.589    1.589
    2.540    2.540    2.642    2.642    4.744    4.744
            0.009333  0.016166  0.000000
  -21.103  -21.103   -9.197   -9.197   -4.682   -4.682   -4.666   -4.666    1.590    1.590
    2.541    2.541    2.644    2.644    4.745    4.745
            0.010000  0.017321  0.000000
  -21.102  -21.102   -9.196   -9.196   -4.685   -4.685   -4.669   -4.669    1.591    1.591
    2.542    2.542    2.645    2.645    4.746    4.746
            0.010667  0.018475  0.000000
  -21.101  -21.101   -9.195   -9.195   -4.689   -4.689   -4.671   -4.671    1.593    1.593
    2.544    2.544    2.646    2.646    4.747    4.747
            0.011333  0.019630  0.000000
  -21.100  -21.100   -9.193   -9.193   -4.693   -4.693   -4.673   -4.673    1.594    1.594
    2.545    2.545    2.648    2.648    4.749    4.749
            0.012000  0.020785  0.000000
  -21.099  -21.099   -9.192   -9.192   -4.698   -4.698   -4.676   -4.676    1.596    1.596
    2.547    2.547    2.649    2.649    4.750    4.750
            0.012667  0.021939  0.000000
  -21.098  -21.098   -9.191   -9.191   -4.702   -4.702   -4.679   -4.679    1.597    1.597
    2.548    2.548    2.651    2.651    4.752    4.752
            0.013333  0.023094  0.000000
  -21.096  -21.096   -9.189   -9.189   -4.707   -4.707   -4.681   -4.681    1.599    1.599
    2.550    2.550    2.653    2.653    4.753    4.753
            0.014000  0.024249  0.000000
  -21.095  -21.095   -9.188   -9.188   -4.713   -4.713   -4.684   -4.684    1.601    1.601
    2.552    2.552    2.654    2.654    4.755    4.755
            0.014667  0.025403  0.000000
  -21.094  -21.094   -9.186   -9.186   -4.718   -4.718   -4.687   -4.687    1.603    1.603
    2.553    2.553    2.656    2.656    4.757    4.757
            0.015333  0.026558  0.000000
  -21.092  -21.092   -9.184   -9.184   -4.724   -4.724   -4.690   -4.690    1.604    1.604
    2.555    2.555    2.658    2.658    4.759    4.759
            0.016000  0.027713  0.000000
  -21.091  -21.091   -9.183   -9.183   -4.730   -4.730   -4.694   -4.694    1.606    1.606
    2.557    2.557    2.660    2.660    4.761    4.761
            0.016667  0.028868  0.000000
  -21.089  -21.089   -9.181   -9.181   -4.736   -4.736   -4.697   -4.697    1.609    1.609
    2.559    2.559    2.662    2.662    4.763    4.763
            0.017333  0.030022  0.000000
  -21.088  -21.088   -9.179   -9.179   -4.743   -4.743   -4.701   -4.701    1.611    1.611
    2.562    2.562    2.665    2.665    4.765    4.765
            0.018000  0.031177  0.000000
  -21.086  -21.086   -9.177   -9.177   -4.750   -4.750   -4.704   -4.704    1.613    1.613
    2.564    2.564    2.667    2.667    4.768    4.768
            0.018667  0.032332  0.000000
  -21.084  -21.084   -9.175   -9.175   -4.757   -4.757   -4.708   -4.708    1.615    1.615
    2.566    2.566    2.669    2.669    4.770    4.770
            0.019333  0.033486  0.000000
  -21.083  -21.083   -9.173   -9.173   -4.764   -4.764   -4.712   -4.712    1.618    1.618
    2.569    2.569    2.672    2.672    4.772    4.772
            0.020000  0.034641  0.000000
  -21.081  -21.081   -9.170   -9.170   -4.771   -4.771   -4.716   -4.716    1.620    1.620
    2.571    2.571    2.674    2.674    4.775    4.775
            0.020667  0.035796  0.000000
  -21.079  -21.079   -9.168   -9.168   -4.779   -4.779   -4.721   -4.721    1.623    1.623
    2.574    2.574    2.677    2.677    4.777    4.777
            0.021333  0.036950  0.000000
  -21.077  -21.077   -9.166   -9.166   -4.787   -4.787   -4.725   -4.725    1.626    1.626
    2.577    2.577    2.680    2.680    4.780    4.780
            0.022000  0.038105  0.000000
  -21.075  -21.075   -9.163   -9.163   -4.795   -4.795   -4.729   -4.729    1.628    1.628
    2.579    2.579    2.682    2.682    4.783    4.783
            0.022667  0.039260  0.000000
  -21.073  -21.073   -9.161   -9.161   -4.804   -4.804   -4.734   -4.734    1.631    1.631
    2.582    2.582    2.685    2.685    4.786    4.786
            0.023333  0.040415  0.000000
  -21.070  -21.070   -9.158   -9.158   -4.813   -4.813   -4.739   -4.739    1.634    1.634
    2.585    2.585    2.688    2.688    4.789    4.789
            0.024000  0.041569  0.000000
  -21.068  -21.068   -9.156   -9.156   -4.822   -4.822   -4.744   -4.744    1.637    1.637
    2.588    2.588    2.691    2.692    4.792    4.792
            0.024667  0.042724  0.000000
  -21.066  -21.066   -9.153   -9.153   -4.831   -4.831   -4.749   -4.749    1.640    1.640
    2.592    2.592    2.695    2.695    4.795    4.795
            0.025333  0.043879  0.000000
  -21.064  -21.064   -9.150   -9.150   -4.840   -4.840   -4.754   -4.754    1.644    1.644
    2.595    2.595    2.698    2.698    4.798    4.798
            0.026000  0.045033  0.000000
  -21.061  -21.061   -9.147   -9.147   -4.850   -4.850   -4.759   -4.759    1.647    1.647
    2.598    2.598    2.701    2.701    4.801    4.801
            0.026667  0.046188  0.000000
  -21.059  -21.059   -9.144   -9.144   -4.860   -4.860   -4.765   -4.765    1.650    1.650
    2.601    2.602    2.705    2.705    4.805    4.805
            0.027333  0.047343  0.000000
  -21.056  -21.056   -9.141   -9.141   -4.870   -4.870   -4.770   -4.770    1.654    1.654
    2.605    2.605    2.708    2.708    4.808    4.808
            0.028000  0.048497  0.000000
  -21.054  -21.054   -9.138   -9.138   -4.880   -4.880   -4.776   -4.776    1.657    1.657
    2.609    2.609    2.712    2.712    4.812    4.812
            0.028667  0.049652  0.000000
  -21.051  -21.051   -9.135   -9.135   -4.891   -4.891   -4.782   -4.782    1.661    1.661
    2.612    2.612    2.716    2.716    4.816    4.816
            0.029333  0.050807  0.000000
  -21.048  -21.048   -9.132   -9.132   -4.902   -4.902   -4.788   -4.788    1.665    1.665
    2.616    2.616    2.719    2.719    4.819    4.819
            0.030000  0.051962  0.000000
  -21.045  -21.045   -9.128   -9.128   -4.913   -4.913   -4.794   -4.794    1.669    1.669
    2.620    2.620    2.723    2.723    4.823    4.823
            0.030667  0.053116  0.000000
  -21.042  -21.042   -9.125   -9.125   -4.924   -4.924   -4.800   -4.800    1.673    1.673
    2.624    2.624    2.727    2.727    4.827    4.827
            0.031333  0.054271  0.000000
  -21.040  -21.040   -9.121   -9.121   -4.935   -4.935   -4.806   -4.806    1.677    1.677
    2.628    2.628    2.731    2.731    4.831    4.831
            0.032000  0.055426  0.000000
  -21.037  -21.037   -9.118   -9.118   -4.947   -4.947   -4.813   -4.813    1.681    1.681
    2.632    2.632    2.735    2.735    4.835    4.835
            0.032667  0.056580  0.000000
  -21.033  -21.033   -9.114   -9.114   -4.959   -4.959   -4.819   -4.819    1.685    1.685
    2.636    2.636    2.740    2.740    4.839    4.839
            0.033333  0.057735  0.000000
  -21.030  -21.030   -9.110   -9.110   -4.971   -4.971   -4.826   -4.826    1.689    1.689
    2.640    2.640    2.744    2.744    4.843    4.843
            0.034000  0.058890  0.000000
  -21.027  -21.027   -9.107   -9.107   -4.983   -4.983   -4.833   -4.833    1.693    1.693
    2.645    2.645    2.748    2.748    4.848    4.848
            0.034667  0.060044  0.000000
  -21.024  -21.024   -9.103   -9.103   -4.996   -4.996   -4.840   -4.840    1.698    1.698
    2.649    2.649    2.753    2.753    4.852    4.852
            0.035333  0.061199  0.000000
  -21.021  -21.021   -9.099   -9.099   -5.008   -5.008   -4.847   -4.847    1.702    1.702
    2.654    2.654    2.757    2.757    4.857    4.857
            0.036000  0.062354  0.000000
  -21.017  -21.017   -9.095   -9.095   -5.021   -5.021   -4.854   -4.854    1.707    1.707
    2.658    2.658    2.762    2.762    4.861    4.861
            0.036667  0.063509  0.000000
  -21.014  -21.014   -9.091   -9.091   -5.034   -5.034   -4.862   -4.862    1.712    1.712
    2.663    2.663    2.767    2.767    4.866    4.866
            0.037333  0.064663  0.000000
  -21.010  -21.010   -9.086   -9.086   -5.048   -5.048   -4.869   -4.869    1.716    1.716
    2.668    2.668    2.772    2.772    4.871    4.871
            0.038000  0.065818  0.000000
  -21.007  -21.007   -9.082   -9.082   -5.061   -5.061   -4.877   -4.877    1.721    1.721
    2.673    2.673    2.776    2.776    4.876    4.876
            0.038667  0.066973  0.000000
  -21.003  -21.003   -9.078   -9.078   -5.075   -5.075   -4.885   -4.885    1.726    1.726
    2.677    2.678    2.781    2.781    4.880    4.880
            0.039333  0.068127  0.000000
  -21.000  -21.000   -9.074   -9.074   -5.089   -5.089   -4.893   -4.893    1.731    1.731
    2.683    2.683    2.787    2.787    4.885    4.885
            0.040000  0.069282  0.000000
  -20.996  -20.996   -9.069   -9.069   -5.103   -5.103   -4.901   -4.901    1.736    1.736
    2.688    2.688    2.792    2.792    4.891    4.891
            0.040667  0.070437  0.000000
  -20.992  -20.992   -9.065   -9.065   -5.117   -5.117   -4.909   -4.909    1.741    1.741
    2.693    2.693    2.797    2.797    4.896    4.896
            0.041333  0.071591  0.000000
  -20.988  -20.988   -9.060   -9.060   -5.132   -5.132   -4.917   -4.917    1.747    1.747
    2.698    2.698    2.802    2.802    4.901    4.901
            0.042000  0.072746  0.000000
  -20.984  -20.984   -9.055   -9.055   -5.146   -5.146   -4.925   -4.925    1.752    1.752
    2.704    2.704    2.808    2.808    4.906    4.906
            0.042667  0.073901  0.000000
  -20.980  -20.980   -9.050   -9.050   -5.161   -5.161   -4.934   -4.934    1.758    1.758
    2.709    2.709    2.813    2.813    4.912    4.912
            0.043333  0.075056  0.000000
  -20.976  -20.976   -9.046   -9.046   -5.176   -5.176   -4.942   -4.942    1.763    1.763
    2.715    2.715    2.819    2.819    4.917    4.917
            0.044000  0.076210  0.000000
  -20.972  -20.972   -9.041   -9.041   -5.191   -5.191   -4.951   -4.951    1.769    1.769
    2.720    2.720    2.825    2.825    4.923    4.923
            0.044667  0.077365  0.000000
  -20.968  -20.968   -9.036   -9.036   -5.207   -5.207   -4.960   -4.960    1.774    1.774
    2.726    2.726    2.830    2.830    4.929    4.929
            0.045333  0.078520  0.000000
  -20.964  -20.964   -9.031   -9.031   -5.222   -5.222   -4.969   -4.969    1.780    1.780
    2.732    2.732    2.836    2.836    4.934    4.934
            0.046000  0.079674  0.000000
  -20.959  -20.959   -9.026   -9.025   -5.238   -5.238   -4.978   -4.978    1.786    1.786
    2.738    2.738    2.842    2.842    4.940    4.940
            0.046667  0.080829  0.000000
  -20.955  -20.955   -9.020   -9.020   -5.254   -5.254   -4.988   -4.988    1.792    1.792
    2.744    2.744    2.848    2.848    4.946    4.946
            0.047333  0.081984  0.000000
  -20.951  -20.951   -9.015   -9.015   -5.270   -5.270   -4.997   -4.997    1.798    1.798
    2.750    2.750    2.854    2.854    4.952    4.952
            0.048000  0.083138  0.000000
  -20.946  -20.946   -9.010   -9.010   -5.286   -5.286   -5.006   -5.006    1.804    1.804
    2.756    2.756    2.861    2.861    4.958    4.958
            0.048667  0.084293  0.000000
  -20.941  -20.941   -9.004   -9.004   -5.303   -5.303   -5.016   -5.016    1.810    1.810
    2.762    2.762    2.867    2.867    4.965    4.965
            0.049333  0.085448  0.000000
  -20.937  -20.937   -8.999   -8.999   -5.319   -5.319   -5.026   -5.026    1.817    1.817
    2.768    2.769    2.873    2.873    4.971    4.971
            0.050000  0.086603  0.000000
  -20.932  -20.932   -8.993   -8.993   -5.336   -5.336   -5.036   -5.036    1.823    1.823
    2.775    2.775    2.880    2.880    4.977    4.977
            0.050667  0.087757  0.000000
  -20.927  -20.927   -8.987   -8.987   -5.353   -5.353   -5.046   -5.046    1.830    1.830
    2.781    2.781    2.886    2.886    4.984    4.984
            0.051333  0.088912  0.000000
  -20.923  -20.923   -8.982   -8.982   -5.370   -5.370   -5.056   -5.056    1.836    1.836
    2.788    2.788    2.893    2.893    4.990    4.990
            0.052000  0.090067  0.000000
  -20.918  -20.918   -8.976   -8.976   -5.387   -5.387   -5.066   -5.066    1.843    1.843
    2.795    2.795    2.900    2.900    4.997    4.997
            0.052667  0.091221  0.000000
  -20.913  -20.913   -8.970   -8.970   -5.404   -5.404   -5.076   -5.076    1.850    1.850
    2.801    2.801    2.907    2.907    5.004    5.004
            0.053333  0.092376  0.000000
  -20.908  -20.908   -8.964   -8.964   -5.422   -5.422   -5.087   -5.087    1.856    1.856
    2.808    2.808    2.913    2.913    5.010    5.010
            0.054000  0.093531  0.000000
  -20.903  -20.903   -8.958   -8.958   -5.440   -5.440   -5.097   -5.097    1.863    1.863
    2.815    2.815    2.920    2.920    5.017    5.017
            0.054667  0.094685  0.000000
  -20.898  -20.898   -8.952   -8.952   -5.457   -5.457   -5.108   -5.108    1.870    1.870
    2.822    2.822    2.928    2.928    5.024    5.024
            0.055333  0.095840  0.000000
  -20.892  -20.892   -8.946   -8.946   -5.475   -5.475   -5.119   -5.119    1.877    1.877
    2.829    2.829    2.935    2.935    5.031    5.031
            0.056000  0.096995  0.000000
  -20.887  -20.887   -8.940   -8.940   -5.493   -5.493   -5.129   -5.129    1.885    1.885
    2.837    2.837    2.942    2.942    5.039    5.039
            0.056667  0.098150  0.000000
  -20.882  -20.882   -8.933   -8.933   -5.512   -5.512   -5.140   -5.140    1.892    1.892
    2.844    2.844    2.949    2.949    5.046    5.046
            0.057333  0.099304  0.000000
  -20.877  -20.877   -8.927   -8.927   -5.530   -5.530   -5.152   -5.152    1.899    1.899
    2.851    2.851    2.957    2.957    5.053    5.053
            0.058000  0.100459  0.000000
  -20.871  -20.871   -8.920   -8.920   -5.549   -5.549   -5.163   -5.163    1.907    1.907
    2.859    2.859    2.964    2.964    5.060    5.061
            0.058667  0.101614  0.000000
  -20.866  -20.866   -8.914   -8.914   -5.567   -5.567   -5.174   -5.174    1.914    1.914
    2.866    2.866    2.972    2.972    5.068    5.068
            0.059333  0.102768  0.000000
  -20.860  -20.860   -8.907   -8.907   -5.586   -5.586   -5.186   -5.186    1.922    1.922
    2.874    2.874    2.980    2.980    5.076    5.076
            0.060000  0.103923  0.000000
  -20.854  -20.854   -8.900   -8.900   -5.605   -5.605   -5.197   -5.197    1.929    1.929
    2.881    2.882    2.987    2.987    5.083    5.083
            0.060667  0.105078  0.000000
  -20.849  -20.849   -8.894   -8.894   -5.624   -5.624   -5.209   -5.209    1.937    1.937
    2.889    2.889    2.995    2.995    5.091    5.091
            0.061333  0.106232  0.000000
  -20.843  -20.843   -8.887   -8.887   -5.643   -5.643   -5.221   -5.221    1.945    1.945
    2.897    2.897    3.003    3.003    5.099    5.099
            0.062000  0.107387  0.000000
  -20.837  -20.837   -8.880   -8.880   -5.663   -5.663   -5.233   -5.233    1.953    1.953
    2.905    2.905    3.011    3.011    5.107    5.107
            0.062667  0.108542  0.000000
  -20.831  -20.831   -8.873   -8.873   -5.682   -5.682   -5.245   -5.245    1.961    1.961
    2.913    2.913    3.019    3.019    5.115    5.115
            0.063333  0.109697  0.000000
  -20.825  -20.825   -8.866   -8.866   -5.702   -5.701   -5.257   -5.257    1.969    1.969
    2.921    2.921    3.028    3.028    5.123    5.123
            0.064000  0.110851  0.000000
  -20.819  -20.819   -8.859   -8.859   -5.721   -5.721   -5.269   -5.269    1.977    1.977
    2.930    2.930    3.036    3.036    5.131    5.131
            0.064667  0.112006  0.000000
  -20.813  -20.813   -8.852   -8.852   -5.741   -5.741   -5.281   -5.281    1.986    1.986
    2.938    2.938    3.044    3.044    5.139    5.139
            0.065333  0.113161  0.000000
  -20.807  -20.807   -8.844   -8.844   -5.761   -5.761   -5.294   -5.294    1.994    1.994
    2.946    2.946    3.053    3.053    5.148    5.148
            0.066000  0.114315  0.000000
  -20.801  -20.801   -8.837   -8.837   -5.781   -5.781   -5.306   -5.306    2.002    2.002
    2.955    2.955    3.061    3.061    5.156    5.156
            0.066667  0.115470  0.000000
  -20.795  -20.795   -8.829   -8.829   -5.801   -5.801   -5.319   -5.319    2.011    2.011
    2.963    2.963    3.070    3.070    5.164    5.165
            0.067333  0.116625  0.000000
  -20.789  -20.789   -8.822   -8.822   -5.821   -5.821   -5.332   -5.332    2.020    2.020
    2.972    2.972    3.079    3.079    5.173    5.173
            0.068000  0.117779  0.000000
  -20.782  -20.782   -8.814   -8.814   -5.842   -5.842   -5.344   -5.344    2.028    2.028
    2.981    2.981    3.088    3.088    5.182    5.182
            0.068667  0.118934  0.000000
  -20.776  -20.776   -8.807   -8.807   -5.862   -5.862   -5.357   -5.357    2.037    2.037
    2.989    2.990    3.096    3.097    5.191    5.191
            0.069333  0.120089  0.000000
  -20.769  -20.769   -8.799   -8.799   -5.883   -5.883   -5.370   -5.370    2.046    2.046
    2.998    2.998    3.105    3.106    5.199    5.199
            0.070000  0.121244  0.000000
  -20.763  -20.763   -8.791   -8.791   -5.903   -5.903   -5.384   -5.384    2.055    2.055
    3.007    3.007    3.115    3.115    5.208    5.208
            0.070667  0.122398  0.000000
  -20.756  -20.756   -8.783   -8.783   -5.924   -5.924   -5.397   -5.397    2.064    2.064
    3.016    3.017    3.124    3.124    5.217    5.217
            0.071333  0.123553  0.000000
  -20.749  -20.749   -8.775   -8.775   -5.945   -5.945   -5.410   -5.410    2.073    2.073
    3.026    3.026    3.133    3.133    5.226    5.226
            0.072000  0.124708  0.000000
  -20.743  -20.743   -8.767   -8.767   -5.966   -5.966   -5.424   -5.424    2.082    2.082
    3.035    3.035    3.142    3.142    5.236    5.236
            0.072667  0.125862  0.000000
  -20.736  -20.736   -8.759   -8.759   -5.987   -5.987   -5.437   -5.437    2.092    2.092
    3.044    3.044    3.152    3.152    5.245    5.245
            0.073333  0.127017  0.000000
  -20.729  -20.729   -8.751   -8.751   -6.008   -6.008   -5.451   -5.451    2.101    2.101
    3.054    3.054    3.161    3.161    5.254    5.254
            0.074000  0.128172  0.000000
  -20.722  -20.722   -8.743   -8.743   -6.030   -6.030   -5.465   -5.465    2.110    2.111
    3.063    3.063    3.171    3.171    5.264    5.264
            0.074667  0.129326  0.000000
  -20.715  -20.715   -8.735   -8.735   -6.051   -6.051   -5.478   -5.478    2.120    2.120
    3.073    3.073    3.181    3.181    5.273    5.273
            0.075333  0.130481  0.000000
  -20.708  -20.708   -8.726   -8.726   -6.073   -6.073   -5.492   -5.492    2.130    2.130
    3.082    3.083    3.190    3.190    5.283    5.283
            0.076000  0.131636  0.000000
  -20.701  -20.701   -8.718   -8.718   -6.094   -6.094   -5.506   -5.506    2.139    2.139
    3.092    3.092    3.200    3.200    5.293    5.293
            0.076667  0.132791  0.000000
  -20.694  -20.694   -8.709   -8.709   -6.116   -6.116   -5.521   -5.521    2.149    2.149
    3.102    3.102    3.210    3.210    5.302    5.302
            0.077333  0.133945  0.000000
  -20.687  -20.687   -8.701   -8.701   -6.137   -6.137   -5.535   -5.535    2.159    2.159
    3.112    3.112    3.220    3.220    5.312    5.312
            0.078000  0.135100  0.000000
  -20.679  -20.679   -8.692   -8.692   -6.159   -6.159   -5.549   -5.549    2.169    2.169
    3.122    3.122    3.230    3.230    5.322    5.322
            0.078667  0.136255  0.000000
  -20.672  -20.672   -8.683   -8.683   -6.181   -6.181   -5.564   -5.564    2.179    2.179
    3.132    3.132    3.241    3.241    5.332    5.332
            0.079333  0.137409  0.000000
  -20.664  -20.664   -8.674   -8.674   -6.203   -6.203   -5.578   -5.578    2.189    2.189
    3.142    3.142    3.251    3.251    5.342    5.342
            0.080000  0.138564  0.000000
  -20.657  -20.657   -8.666   -8.666   -6.225   -6.225   -5.593   -5.593    2.200    2.200
    3.153    3.153    3.261    3.261    5.353    5.353
            0.080667  0.139719  0.000000
  -20.649  -20.649   -8.657   -8.657   -6.247   -6.247   -5.607   -5.607    2.210    2.210
    3.163    3.163    3.272    3.272    5.363    5.363
            0.081333  0.140873  0.000000
  -20.642  -20.642   -8.648   -8.648   -6.270   -6.270   -5.622   -5.622    2.220    2.221
    3.173    3.174    3.282    3.282    5.373    5.373
            0.082000  0.142028  0.000000
  -20.634  -20.634   -8.638   -8.638   -6.292   -6.292   -5.637   -5.637    2.231    2.231
    3.184    3.184    3.293    3.293    5.384    5.384
            0.082667  0.143183  0.000000
  -20.626  -20.626   -8.629   -8.629   -6.314   -6.314   -5.652   -5.652    2.242    2.242
    3.195    3.195    3.304    3.304    5.394    5.394
            0.083333  0.144338  0.000000
  -20.619  -20.619   -8.620   -8.620   -6.337   -6.337   -5.667   -5.667    2.252    2.252
    3.205    3.205    3.315    3.315    5.405    5.405
            0.084000  0.145492  0.000000
  -20.611  -20.611   -8.611   -8.611   -6.359   -6.359   -5.682   -5.682    2.263    2.263
    3.216    3.216    3.326    3.326    5.416    5.416
            0.084667  0.146647  0.000000
  -20.603  -20.603   -8.601   -8.601   -6.382   -6.382   -5.697   -5.697    2.274    2.274
    3.227    3.227    3.337    3.337    5.426    5.426
            0.085333  0.147802  0.000000
  -20.595  -20.595   -8.592   -8.592   -6.405   -6.405   -5.713   -5.713    2.285    2.285
    3.238    3.238    3.348    3.348    5.437    5.437
            0.086000  0.148956  0.000000
  -20.587  -20.587   -8.582   -8.582   -6.427   -6.427   -5.728   -5.728    2.296    2.296
    3.249    3.249    3.359    3.359    5.448    5.448
            0.086667  0.150111  0.000000
  -20.579  -20.579   -8.573   -8.573   -6.450   -6.450   -5.744   -5.744    2.307    2.307
    3.260    3.260    3.370    3.370    5.459    5.459
            0.087333  0.151266  0.000000
  -20.571  -20.571   -8.563   -8.563   -6.473   -6.473   -5.759   -5.759    2.318    2.318
    3.271    3.271    3.381    3.381    5.470    5.470
            0.088000  0.152420  0.000000
  -20.562  -20.562   -8.553   -8.553   -6.496   -6.496   -5.775   -5.775    2.329    2.330
    3.283    3.283    3.393    3.393    5.482    5.482
            0.088667  0.153575  0.000000
  -20.554  -20.554   -8.543   -8.543   -6.519   -6.519   -5.791   -5.791    2.341    2.341
    3.294    3.294    3.404    3.404    5.493    5.493
            0.089333  0.154730  0.000000
  -20.546  -20.546   -8.534   -8.534   -6.542   -6.542   -5.806   -5.806    2.352    2.352
    3.306    3.306    3.416    3.416    5.504    5.504
            0.090000  0.155885  0.000000
  -20.537  -20.537   -8.524   -8.524   -6.565   -6.565   -5.822   -5.822    2.364    2.364
    3.317    3.317    3.428    3.428    5.516    5.516
            0.090667  0.157039  0.000000
  -20.529  -20.529   -8.513   -8.513   -6.588   -6.588   -5.838   -5.838    2.375    2.376
    3.329    3.329    3.439    3.439    5.527    5.527
            0.091333  0.158194  0.000000
  -20.520  -20.520   -8.503   -8.503   -6.612   -6.612   -5.854   -5.854    2.387    2.387
    3.341    3.341    3.451    3.451    5.539    5.539
            0.092000  0.159349  0.000000
  -20.512  -20.512   -8.493   -8.493   -6.635   -6.635   -5.871   -5.871    2.399    2.399
    3.352    3.352    3.463    3.463    5.551    5.551
            0.092667  0.160503  0.000000
  -20.503  -20.503   -8.483   -8.483   -6.658   -6.658   -5.887   -5.887    2.411    2.411
    3.364    3.364    3.475    3.475    5.563    5.563
            0.093333  0.161658  0.000000
  -20.494  -20.494   -8.473   -8.473   -6.682   -6.682   -5.903   -5.903    2.423    2.423
    3.376    3.376    3.487    3.487    5.574    5.574
            0.094000  0.162813  0.000000
  -20.486  -20.486   -8.462   -8.462   -6.705   -6.705   -5.919   -5.919    2.435    2.435
    3.388    3.388    3.500    3.500    5.586    5.586
            0.094667  0.163967  0.000000
  -20.477  -20.477   -8.452   -8.452   -6.729   -6.729   -5.936   -5.936    2.447    2.447
    3.401    3.401    3.512    3.512    5.598    5.598
            0.095333  0.165122  0.000000
  -20.468  -20.468   -8.441   -8.441   -6.752   -6.752   -5.952   -5.952    2.459    2.459
    3.413    3.413    3.524    3.524    5.611    5.611
            0.096000  0.166277  0.000000
  -20.459  -20.459   -8.431   -8.431   -6.776   -6.776   -5.969   -5.969    2.472    2.472
    3.425    3.425    3.537    3.537    5.623    5.623
            0.096667  0.167432  0.000000
  -20.450  -20.450   -8.420   -8.420   -6.799   -6.799   -5.986   -5.986    2.484    2.484
    3.438    3.438    3.549    3.549    5.635    5.635
            0.097333  0.168586  0.000000
  -20.441  -20.441   -8.409   -8.409   -6.823   -6.823   -6.003   -6.003    2.496    2.497
    3.450    3.450    3.562    3.562    5.648    5.648
            0.098000  0.169741  0.000000
  -20.432  -20.432   -8.398   -8.398   -6.847   -6.847   -6.019   -6.019    2.509    2.509
    3.463    3.463    3.575    3.575    5.660    5.660
            0.098667  0.170896  0.000000
  -20.422  -20.422   -8.387   -8.387   -6.871   -6.871   -6.036   -6.036    2.522    2.522
    3.475    3.475    3.588    3.588    5.673    5.673
            0.099333  0.172050  0.000000
  -20.413  -20.413   -8.376   -8.376   -6.894   -6.894   -6.053   -6.053    2.534    2.534
    3.488    3.488    3.600    3.601    5.685    5.685
            0.100000  0.173205  0.000000
  -20.404  -20.404   -8.365   -8.365   -6.918   -6.918   -6.070   -6.070    2.547    2.547
    3.501    3.501    3.613    3.614    5.698    5.698
            0.100667  0.174360  0.000000
  -20.394  -20.394   -8.354   -8.354   -6.942   -6.942   -6.087   -6.087    2.560    2.560
    3.514    3.514    3.627    3.627    5.711    5.711
            0.101333  0.175514  0.000000
  -20.385  -20.385   -8.343   -8.343   -6.966   -6.966   -6.105   -6.105    2.573    2.573
    3.527    3.527    3.640    3.640    5.724    5.724
            0.102000  0.176669  0.000000
  -20.375  -20.375   -8.332   -8.332   -6.990   -6.990   -6.122   -6.122    2.586    2.586
    3.540    3.540    3.653    3.653    5.737    5.737
            0.102667  0.177824  0.000000
  -20.366  -20.366   -8.321   -8.321   -7.014   -7.014   -6.139   -6.139    2.599    2.599
    3.553    3.553    3.666    3.666    5.750    5.750
            0.103333  0.178979  0.000000
  -20.356  -20.356   -8.309   -8.309   -7.038   -7.038   -6.157   -6.157    2.613    2.613
    3.566    3.567    3.680    3.680    5.763    5.763
            0.104000  0.180133  0.000000
  -20.346  -20.346   -8.298   -8.298   -7.062   -7.062   -6.174   -6.174    2.626    2.626
    3.580    3.580    3.693    3.693    5.776    5.776
            0.104667  0.181288  0.000000
  -20.337  -20.337   -8.286   -8.286   -7.086   -7.086   -6.192   -6.192    2.639    2.640
    3.593    3.593    3.707    3.707    5.789    5.790
            0.105333  0.182443  0.000000
  -20.327  -20.327   -8.275   -8.275   -7.111   -7.111   -6.209   -6.209    2.653    2.653
    3.607    3.607    3.721    3.721    5.803    5.803
            0.106000  0.183597  0.000000
  -20.317  -20.317   -8.263   -8.263   -7.135   -7.135   -6.227   -6.227    2.667    2.667
    3.620    3.621    3.734    3.734    5.816    5.816
            0.106667  0.184752  0.000000
  -20.307  -20.307   -8.251   -8.251   -7.159   -7.159   -6.245   -6.245    2.680    2.680
    3.634    3.634    3.748    3.748    5.830    5.830
            0.107333  0.185907  0.000000
  -20.297  -20.297   -8.239   -8.239   -7.183   -7.183   -6.262   -6.262    2.694    2.694
    3.648    3.648    3.762    3.762    5.844    5.844
            0.108000  0.187061  0.000000
  -20.287  -20.287   -8.227   -8.227   -7.208   -7.208   -6.280   -6.280    2.708    2.708
    3.662    3.662    3.776    3.776    5.857    5.857
            0.108667  0.188216  0.000000
  -20.277  -20.277   -8.215   -8.215   -7.232   -7.232   -6.298   -6.298    2.722    2.722
    3.676    3.676    3.790    3.790    5.871    5.871
            0.109333  0.189371  0.000000
  -20.267  -20.267   -8.203   -8.203   -7.256   -7.256   -6.316   -6.316    2.736    2.736
    3.690    3.690    3.805    3.805    5.885    5.885
            0.110000  0.190526  0.000000
  -20.256  -20.256   -8.191   -8.191   -7.281   -7.281   -6.334   -6.334    2.750    2.750
    3.704    3.704    3.819    3.819    5.899    5.899
            0.110667  0.191680  0.000000
  -20.246  -20.246   -8.179   -8.179   -7.305   -7.305   -6.352   -6.352    2.764    2.764
    3.718    3.718    3.833    3.833    5.913    5.913
            0.111333  0.192835  0.000000
  -20.236  -20.236   -8.167   -8.167   -7.330   -7.330   -6.370   -6.370    2.778    2.778
    3.732    3.732    3.848    3.848    5.927    5.927
            0.112000  0.193990  0.000000
  -20.225  -20.225   -8.155   -8.155   -7.354   -7.354   -6.389   -6.389    2.793    2.793
    3.747    3.747    3.862    3.862    5.942    5.942
            0.112667  0.195144  0.000000
  -20.215  -20.215   -8.142   -8.142   -7.379   -7.379   -6.407   -6.407    2.807    2.807
    3.761    3.761    3.877    3.877    5.956    5.956
            0.113333  0.196299  0.000000
  -20.204  -20.204   -8.130   -8.130   -7.403   -7.403   -6.425   -6.425    2.822    2.822
    3.776    3.776    3.892    3.892    5.970    5.970
            0.114000  0.197454  0.000000
  -20.194  -20.194   -8.117   -8.117   -7.428   -7.428   -6.444   -6.444    2.836    2.836
    3.790    3.791    3.906    3.907    5.985    5.985
            0.114667  0.198608  0.000000
  -20.183  -20.183   -8.105   -8.105   -7.452   -7.452   -6.462   -6.462    2.851    2.851
    3.805    3.805    3.921    3.921    5.999    5.999
            0.115333  0.199763  0.000000
  -20.172  -20.172   -8.092   -8.092   -7.477   -7.477   -6.480   -6.480    2.866    2.866
    3.820    3.820    3.936    3.936    6.014    6.014
            0.116000  0.200918  0.000000
  -20.161  -20.161   -8.079   -8.079   -7.501   -7.501   -6.499   -6.499    2.881    2.881
    3.835    3.835    3.951    3.952    6.029    6.029
            0.116667  0.202073  0.000000
  -20.151  -20.151   -8.067   -8.067   -7.526   -7.526   -6.518   -6.518    2.896    2.896
    3.850    3.850    3.967    3.967    6.044    6.044
            0.117333  0.203227  0.000000
  -20.140  -20.140   -8.054   -8.054   -7.550   -7.550   -6.536   -6.536    2.911    2.911
    3.865    3.865    3.982    3.982    6.058    6.058
            0.118000  0.204382  0.000000
  -20.129  -20.129   -8.041   -8.041   -7.575   -7.575   -6.555   -6.555    2.926    2.926
    3.880    3.880    3.997    3.997    6.073    6.073
            0.118667  0.205537  0.000000
  -20.118  -20.118   -8.028   -8.028   -7.600   -7.600   -6.574   -6.574    2.941    2.941
    3.895    3.895    4.013    4.013    6.088    6.088
            0.119333  0.206691  0.000000
  -20.107  -20.107   -8.015   -8.015   -7.624   -7.624   -6.593   -6.593    2.956    2.957
    3.911    3.911    4.028    4.028    6.104    6.104
            0.120000  0.207846  0.000000
  -20.095  -20.095   -8.002   -8.002   -7.649   -7.649   -6.611   -6.611    2.972    2.972
    3.926    3.926    4.044    4.044    6.119    6.119
            0.120667  0.209001  0.000000
  -20.084  -20.084   -7.988   -7.988   -7.674   -7.674   -6.630   -6.630    2.987    2.987
    3.941    3.942    4.059    4.060    6.134    6.134
            0.121333  0.210155  0.000000
  -20.073  -20.073   -7.975   -7.975   -7.699   -7.699   -6.649   -6.649    3.003    3.003
    3.957    3.957    4.075    4.075    6.150    6.150
            0.122000  0.211310  0.000000
  -20.062  -20.062   -7.962   -7.962   -7.723   -7.723   -6.668   -6.668    3.019    3.019
    3.973    3.973    4.091    4.091    6.165    6.165
            0.122667  0.212465  0.000000
  -20.050  -20.050   -7.948   -7.948   -7.748   -7.748   -6.687   -6.687    3.034    3.034
    3.988    3.988    4.107    4.107    6.181    6.181
            0.123333  0.213620  0.000000
  -20.039  -20.039   -7.935   -7.935   -7.773   -7.773   -6.707   -6.707    3.050    3.050
    4.004    4.004    4.123    4.123    6.196    6.196
            0.124000  0.214774  0.000000
  -20.027  -20.027   -7.921   -7.921   -7.797   -7.797   -6.726   -6.726    3.066    3.066
    4.020    4.020    4.139    4.139    6.212    6.212
            0.124667  0.215929  0.000000
  -20.016  -20.016   -7.908   -7.908   -7.822   -7.822   -6.745   -6.745    3.082    3.082
    4.036    4.036    4.155    4.155    6.228    6.228
            0.125333  0.217084  0.000000
  -20.004  -20.004   -7.894   -7.894   -7.847   -7.847   -6.764   -6.764    3.098    3.098
    4.052    4.052    4.172    4.172    6.244    6.244
            0.126000  0.218238  0.000000
  -19.992  -19.992   -7.880   -7.880   -7.872   -7.872   -6.783   -6.783    3.114    3.114
    4.068    4.068    4.188    4.188    6.260    6.260
            0.126667  0.219393  0.000000
  -19.980  -19.980   -7.897   -7.897   -7.867   -7.867   -6.803   -6.803    3.130    3.131
    4.085    4.085    4.205    4.205    6.276    6.276
            0.127333  0.220548  0.000000
  -19.969  -19.969   -7.921   -7.921   -7.853   -7.853   -6.822   -6.822    3.147    3.147
    4.101    4.101    4.221    4.221    6.292    6.292
            0.128000  0.221703  0.000000
  -19.957  -19.957   -7.946   -7.946   -7.839   -7.839   -6.842   -6.842    3.163    3.163
    4.117    4.117    4.238    4.238    6.308    6.308
            0.128667  0.222857  0.000000
  -19.945  -19.945   -7.971   -7.971   -7.825   -7.825   -6.861   -6.861    3.180    3.180
    4.134    4.134    4.254    4.255    6.324    6.324
            0.129333  0.224012  0.000000
  -19.933  -19.933   -7.996   -7.996   -7.811   -7.811   -6.881   -6.881    3.196    3.196
    4.150    4.150    4.271    4.271    6.341    6.341
            0.130000  0.225167  0.000000
  -19.921  -19.921   -8.021   -8.021   -7.797   -7.797   -6.900   -6.900    3.213    3.213
    4.167    4.167    4.288    4.288    6.357    6.357
            0.130667  0.226321  0.000000
  -19.909  -19.909   -8.045   -8.045   -7.782   -7.782   -6.920   -6.920    3.230    3.230
    4.184    4.184    4.305    4.305    6.359    6.359
            0.131333  0.227476  0.000000
  -19.896  -19.896   -8.070   -8.070   -7.768   -7.768   -6.939   -6.939    3.247    3.247
    4.201    4.201    4.322    4.322    6.330    6.330
            0.132000  0.228631  0.000000
  -19.884  -19.884   -8.095   -8.095   -7.754   -7.754   -6.959   -6.959    3.263    3.264
    4.217    4.218    4.339    4.339    6.302    6.302
            0.132667  0.229785  0.000000
  -19.872  -19.872   -8.120   -8.120   -7.739   -7.739   -6.979   -6.979    3.280    3.281
    4.234    4.235    4.357    4.357    6.273    6.273
            0.133333  0.230940  0.000000
  -19.859  -19.859   -8.145   -8.145   -7.725   -7.725   -6.999   -6.999    3.298    3.298
    4.252    4.252    4.374    4.374    6.244    6.244
            0.134000  0.232095  0.000000
  -19.847  -19.847   -8.169   -8.169   -7.710   -7.710   -7.018   -7.018    3.315    3.315
    4.269    4.269    4.391    4.391    6.215    6.215
            0.134667  0.233250  0.000000
  -19.835  -19.835   -8.194   -8.194   -7.696   -7.696   -7.038   -7.038    3.332    3.332
    4.286    4.286    4.409    4.409    6.186    6.186
            0.135333  0.234404  0.000000
  -19.822  -19.822   -8.219   -8.219   -7.681   -7.681   -7.058   -7.058    3.349    3.349
    4.303    4.303    4.426    4.427    6.157    6.157
            0.136000  0.235559  0.000000
  -19.809  -19.809   -8.244   -8.244   -7.666   -7.666   -7.078   -7.078    3.367    3.367
    4.321    4.321    4.444    4.444    6.128    6.128
            0.136667  0.236714  0.000000
  -19.797  -19.797   -8.269   -8.269   -7.651   -7.651   -7.098   -7.098    3.384    3.384
    4.338    4.338    4.462    4.462    6.099    6.099
            0.137333  0.237868  0.000000
  -19.784  -19.784   -8.293   -8.293   -7.637   -7.637   -7.118   -7.118    3.402    3.402
    4.356    4.356    4.480    4.480    6.070    6.070
            0.138000  0.239023  0.000000
  -19.771  -19.771   -8.318   -8.318   -7.622   -7.622   -7.138   -7.138    3.420    3.420
    4.373    4.374    4.498    4.498    6.041    6.041
            0.138667  0.240178  0.000000
  -19.758  -19.758   -8.343   -8.343   -7.607   -7.607   -7.158   -7.158    3.437    3.437
    4.391    4.391    4.516    4.516    6.012    6.012
            0.139333  0.241332  0.000000
  -19.745  -19.745   -8.368   -8.368   -7.592   -7.592   -7.178   -7.178    3.455    3.455
    4.409    4.409    4.534    4.534    5.983    5.983
            0.140000  0.242487  0.000000
  -19.732  -19.732   -8.393   -8.393   -7.576   -7.576   -7.198   -7.198    3.473    3.473
    4.427    4.427    4.552    4.552    5.954    5.954
            0.140667  0.243642  0.000000
  -19.719  -19.719   -8.417   -8.417   -7.561   -7.561   -7.218   -7.218    3.491    3.491
    4.445    4.445    4.570    4.570    5.924    5.924
            0.141333  0.244797  0.000000
  -19.706  -19.706   -8.442   -8.442   -7.546   -7.546   -7.238   -7.238    3.509    3.509
    4.463    4.463    4.589    4.589    5.895    5.895
            0.142000  0.245951  0.000000
  -19.693  -19.693   -8.467   -8.467   -7.531   -7.531   -7.258   -7.258    3.528    3.528
    4.481    4.481    4.607    4.607    5.866    5.866
            0.142667  0.247106  0.000000
  -19.680  -19.680   -8.492   -8.492   -7.515   -7.515   -7.279   -7.279    3.546    3.546
    4.499    4.500    4.626    4.626    5.837    5.837
            0.143333  0.248261  0.000000
  -19.667  -19.667   -8.516   -8.516   -7.500   -7.500   -7.299   -7.299    3.564    3.564
    4.518    4.518    4.644    4.644    5.807    5.807
            0.144000  0.249415  0.000000
  -19.653  -19.653   -8.541   -8.541   -7.484   -7.484   -7.319   -7.319    3.583    3.583
    4.536    4.536    4.663    4.663    5.778    5.778
            0.144667  0.250570  0.000000
  -19.640  -19.640   -8.566   -8.566   -7.469   -7.469   -7.339   -7.339    3.601    3.601
    4.555    4.555    4.682    4.682    5.748    5.748
            0.145333  0.251725  0.000000
  -19.627  -19.627   -8.591   -8.591   -7.453   -7.453   -7.360   -7.360    3.620    3.620
    4.573    4.573    4.701    4.701    5.719    5.719
            0.146000  0.252879  0.000000
  -19.613  -19.613   -8.615   -8.615   -7.437   -7.437   -7.380   -7.380    3.639    3.639
    4.592    4.592    4.720    4.720    5.690    5.690
            0.146667  0.254034  0.000000
  -19.600  -19.600   -8.640   -8.640   -7.422   -7.421   -7.401   -7.400    3.657    3.657
    4.611    4.611    4.739    4.739    5.660    5.660
            0.147333  0.255189  0.000000
  -19.586  -19.586   -8.665   -8.665   -7.421   -7.421   -7.406   -7.405    3.676    3.676
    4.629    4.630    4.758    4.758    5.631    5.631
            0.148000  0.256344  0.000000
  -19.572  -19.572   -8.689   -8.689   -7.441   -7.441   -7.390   -7.390    3.695    3.695
    4.648    4.648    4.777    4.777    5.601    5.601
            0.148667  0.257498  0.000000
  -19.559  -19.559   -8.714   -8.714   -7.462   -7.462   -7.374   -7.374    3.714    3.714
    4.667    4.667    4.796    4.796    5.572    5.572
            0.149333  0.258653  0.000000
  -19.545  -19.545   -8.739   -8.739   -7.482   -7.482   -7.358   -7.358    3.733    3.733
    4.686    4.687    4.816    4.816    5.542    5.542
            0.150000  0.259808  0.000000
  -19.531  -19.531   -8.763   -8.763   -7.503   -7.503   -7.342   -7.342    3.753    3.753
    4.706    4.706    4.835    4.835    5.513    5.513
            0.150667  0.260962  0.000000
  -19.517  -19.517   -8.788   -8.788   -7.523   -7.523   -7.325   -7.325    3.772    3.772
    4.725    4.725    4.855    4.855    5.483    5.483
            0.151333  0.262117  0.000000
  -19.503  -19.503   -8.813   -8.813   -7.544   -7.544   -7.309   -7.309    3.791    3.791
    4.744    4.744    4.875    4.875    5.454    5.454
            0.152000  0.263272  0.000000
  -19.489  -19.489   -8.837   -8.837   -7.564   -7.564   -7.293   -7.293    3.811    3.811
    4.763    4.764    4.894    4.894    5.424    5.424
            0.152667  0.264426  0.000000
  -19.475  -19.475   -8.862   -8.862   -7.585   -7.585   -7.277   -7.277    3.830    3.830
    4.783    4.783    4.914    4.914    5.394    5.394
            0.153333  0.265581  0.000000
  -19.461  -19.461   -8.886   -8.886   -7.606   -7.606   -7.260   -7.260    3.850    3.850
    4.803    4.803    4.934    4.934    5.365    5.365
            0.154000  0.266736  0.000000
  -19.447  -19.447   -8.911   -8.911   -7.626   -7.626   -7.244   -7.244    3.870    3.870
    4.822    4.822    4.954    4.954    5.335    5.335
            0.154667  0.267891  0.000000
  -19.432  -19.432   -8.936   -8.935   -7.647   -7.647   -7.227   -7.227    3.889    3.889
    4.842    4.842    4.974    4.974    5.306    5.306
            0.155333  0.269045  0.000000
  -19.418  -19.418   -8.960   -8.960   -7.668   -7.668   -7.211   -7.211    3.909    3.909
    4.862    4.862    4.994    4.994    5.276    5.276
            0.156000  0.270200  0.000000
  -19.404  -19.404   -8.985   -8.985   -7.688   -7.688   -7.194   -7.194    3.929    3.929
    4.882    4.882    5.015    5.015    5.246    5.246
            0.156667  0.271355  0.000000
  -19.389  -19.389   -9.009   -9.009   -7.709   -7.709   -7.177   -7.177    3.949    3.949
    4.902    4.902    5.035    5.035    5.217    5.217
            0.157333  0.272509  0.000000
  -19.375  -19.375   -9.033   -9.033   -7.730   -7.730   -7.160   -7.160    3.969    3.970
    4.922    4.922    5.055    5.055    5.187    5.187
            0.158000  0.273664  0.000000
  -19.360  -19.360   -9.058   -9.058   -7.750   -7.750   -7.144   -7.144    3.990    3.990
    4.942    4.942    5.076    5.076    5.157    5.157
            0.158667  0.274819  0.000000
  -19.346  -19.346   -9.082   -9.082   -7.771   -7.771   -7.127   -7.127    4.010    4.010
    4.962    4.962    5.096    5.097    5.127    5.127
            0.159333  0.275973  0.000000
  -19.331  -19.331   -9.107   -9.107   -7.792   -7.792   -7.110   -7.110    4.030    4.030
    4.982    4.982    5.098    5.098    5.117    5.117
            0.160000  0.277128  0.000000
  -19.316  -19.316   -9.131   -9.131   -7.813   -7.813   -7.093   -7.093    4.051    4.051
    5.003    5.003    5.068    5.068    5.138    5.138
            0.160667  0.278283  0.000000
  -19.301  -19.301   -9.156   -9.156   -7.834   -7.834   -7.076   -7.076    4.071    4.071
    5.023    5.023    5.038    5.038    5.159    5.159
            0.161333  0.279438  0.000000
  -19.287  -19.287   -9.180   -9.180   -7.854   -7.854   -7.058   -7.058    4.092    4.092
    5.009    5.009    5.044    5.044    5.180    5.180
            0.162000  0.280592  0.000000
  -19.272  -19.272   -9.204   -9.204   -7.875   -7.875   -7.041   -7.041    4.113    4.113
    4.979    4.979    5.064    5.064    5.201    5.201
            0.162667  0.281747  0.000000
  -19.257  -19.257   -9.229   -9.229   -7.896   -7.896   -7.024   -7.024    4.134    4.134
    4.949    4.949    5.085    5.085    5.222    5.222
            0.163333  0.282902  0.000000
  -19.242  -19.242   -9.253   -9.253   -7.917   -7.917   -7.007   -7.007    4.155    4.155
    4.919    4.919    5.106    5.106    5.243    5.243
            0.164000  0.284056  0.000000
  -19.227  -19.227   -9.277   -9.277   -7.938   -7.938   -6.989   -6.989    4.175    4.176
    4.890    4.890    5.127    5.127    5.264    5.265
            0.164667  0.285211  0.000000
  -19.211  -19.211   -9.301   -9.301   -7.959   -7.959   -6.972   -6.972    4.197    4.197
    4.860    4.860    5.148    5.148    5.286    5.286
            0.165333  0.286366  0.000000
  -19.196  -19.196   -9.326   -9.326   -7.979   -7.979   -6.954   -6.954    4.218    4.218
    4.830    4.830    5.169    5.169    5.307    5.307
            0.166000  0.287520  0.000000
  -19.181  -19.181   -9.350   -9.350   -8.000   -8.000   -6.937   -6.937    4.239    4.239
    4.800    4.800    5.190    5.190    5.329    5.329
            0.166667  0.288675  0.000000
  -19.166  -19.166   -9.374   -9.374   -8.021   -8.021   -6.919   -6.919    4.260    4.260
    4.771    4.771    5.211    5.211    5.351    5.351
            0.167333  0.289830  0.000000
  -19.150  -19.150   -9.398   -9.398   -8.042   -8.042   -6.901   -6.901    4.282    4.282
    4.741    4.741    5.232    5.232    5.372    5.372
            0.168000  0.290985  0.000000
  -19.135  -19.135   -9.422   -9.422   -8.063   -8.063   -6.884   -6.884    4.303    4.303
    4.711    4.711    5.253    5.254    5.394    5.394
            0.168667  0.292139  0.000000
  -19.119  -19.119   -9.446   -9.446   -8.084   -8.084   -6.866   -6.866    4.325    4.325
    4.681    4.681    5.275    5.275    5.416    5.416
            0.169333  0.293294  0.000000
  -19.104  -19.104   -9.471   -9.471   -8.105   -8.105   -6.848   -6.848    4.346    4.346
    4.652    4.652    5.296    5.297    5.438    5.438
            0.170000  0.294449  0.000000
  -19.088  -19.088   -9.495   -9.495   -8.126   -8.126   -6.830   -6.830    4.368    4.368
    4.622    4.622    5.318    5.318    5.460    5.460
            0.170667  0.295603  0.000000
  -19.073  -19.073   -9.519   -9.519   -8.147   -8.147   -6.812   -6.812    4.390    4.390
    4.592    4.592    5.340    5.340    5.482    5.482
            0.171333  0.296758  0.000000
  -19.057  -19.057   -9.543   -9.543   -8.168   -8.168   -6.794   -6.794    4.412    4.412
    4.562    4.562    5.361    5.361    5.504    5.505
            0.172000  0.297913  0.000000
  -19.041  -19.041   -9.567   -9.567   -8.189   -8.189   -6.776   -6.776    4.434    4.434
    4.533    4.533    5.383    5.383    5.527    5.527
            0.172667  0.299067  0.000000
  -19.025  -19.025   -9.591   -9.591   -8.210   -8.210   -6.758   -6.758    4.456    4.456
    4.503    4.503    5.405    5.405    5.549    5.549
            0.173333  0.300222  0.000000
  -19.010  -19.010   -9.615   -9.615   -8.231   -8.231   -6.739   -6.739    4.473    4.473
    4.478    4.478    5.427    5.427    5.572    5.572
            0.174000  0.301377  0.000000
  -18.994  -18.994   -9.638   -9.638   -8.252   -8.252   -6.721   -6.721    4.444    4.444
    4.500    4.500    5.449    5.449    5.594    5.594
            0.174667  0.302532  0.000000
  -18.978  -18.978   -9.662   -9.662   -8.273   -8.273   -6.703   -6.703    4.414    4.414
    4.523    4.523    5.471    5.471    5.617    5.617
            0.175333  0.303686  0.000000
  -18.962  -18.962   -9.686   -9.686   -8.294   -8.294   -6.684   -6.684    4.384    4.384
    4.545    4.545    5.493    5.494    5.640    5.640
            0.176000  0.304841  0.000000
  -18.945  -18.945   -9.710   -9.710   -8.315   -8.315   -6.666   -6.666    4.354    4.354
    4.567    4.568    5.516    5.516    5.663    5.663
            0.176667  0.305996  0.000000
  -18.929  -18.929   -9.734   -9.734   -8.335   -8.335   -6.647   -6.647    4.325    4.325
    4.590    4.590    5.538    5.538    5.685    5.686
            0.177333  0.307150  0.000000
  -18.913  -18.913   -9.758   -9.758   -8.356   -8.356   -6.629   -6.629    4.295    4.295
    4.613    4.613    5.560    5.561    5.708    5.709
            0.178000  0.308305  0.000000
  -18.897  -18.897   -9.781   -9.781   -8.377   -8.377   -6.610   -6.610    4.265    4.265
    4.635    4.636    5.583    5.583    5.732    5.732
            0.178667  0.309460  0.000000
  -18.881  -18.881   -9.805   -9.805   -8.398   -8.398   -6.592   -6.592    4.236    4.236
    4.658    4.658    5.606    5.606    5.755    5.755
            0.179333  0.310614  0.000000
  -18.864  -18.864   -9.829   -9.829   -8.419   -8.419   -6.573   -6.573    4.206    4.206
    4.681    4.681    5.628    5.628    5.778    5.778
            0.180000  0.311769  0.000000
  -18.848  -18.848   -9.852   -9.852   -8.440   -8.440   -6.554   -6.554    4.176    4.176
    4.704    4.704    5.651    5.651    5.801    5.801
            0.180667  0.312924  0.000000
  -18.831  -18.831   -9.876   -9.876   -8.461   -8.461   -6.535   -6.535    4.147    4.147
    4.727    4.727    5.674    5.674    5.825    5.825
            0.181333  0.314079  0.000000
  -18.815  -18.815   -9.900   -9.900   -8.482   -8.482   -6.516   -6.516    4.117    4.117
    4.750    4.750    5.697    5.697    5.848    5.848
            0.182000  0.315233  0.000000
  -18.798  -18.798   -9.923   -9.923   -8.503   -8.503   -6.497   -6.497    4.088    4.088
    4.774    4.774    5.720    5.720    5.872    5.872
            0.182667  0.316388  0.000000
  -18.781  -18.781   -9.947   -9.947   -8.524   -8.524   -6.478   -6.478    4.058    4.058
    4.797    4.797    5.743    5.743    5.896    5.896
            0.183333  0.317543  0.000000
  -18.765  -18.765   -9.970   -9.970   -8.545   -8.545   -6.459   -6.459    4.028    4.028
    4.820    4.820    5.766    5.766    5.919    5.920
            0.184000  0.318697  0.000000
  -18.748  -18.748   -9.994   -9.994   -8.566   -8.566   -6.440   -6.440    3.999    3.999
    4.844    4.844    5.789    5.789    5.943    5.943
            0.184667  0.319852  0.000000
  -18.731  -18.731  -10.017  -10.017   -8.587   -8.587   -6.421   -6.421    3.969    3.969
    4.867    4.867    5.812    5.812    5.967    5.967
            0.185333  0.321007  0.000000
  -18.714  -18.714  -10.041  -10.041   -8.608   -8.608   -6.402   -6.402    3.940    3.940
    4.891    4.891    5.836    5.836    5.991    5.991
            0.186000  0.322161  0.000000
  -18.697  -18.697  -10.064  -10.064   -8.629   -8.629   -6.383   -6.383    3.910    3.910
    4.915    4.915    5.859    5.859    6.015    6.016
            0.186667  0.323316  0.000000
  -18.680  -18.680  -10.087  -10.087   -8.650   -8.650   -6.363   -6.363    3.881    3.881
    4.939    4.939    5.882    5.883    6.040    6.040
            0.187333  0.324471  0.000000
  -18.663  -18.663  -10.111  -10.111   -8.671   -8.671   -6.344   -6.344    3.851    3.851
    4.962    4.963    5.906    5.906    6.064    6.064
            0.188000  0.325626  0.000000
  -18.646  -18.646  -10.134  -10.134   -8.692   -8.692   -6.325   -6.325    3.822    3.822
    4.986    4.987    5.930    5.930    6.088    6.088
            0.188667  0.326780  0.000000
  -18.629  -18.629  -10.157  -10.157   -8.713   -8.713   -6.305   -6.305    3.792    3.792
    5.010    5.011    5.953    5.954    6.113    6.113
            0.189333  0.327935  0.000000
  -18.612  -18.612  -10.181  -10.180   -8.734   -8.734   -6.286   -6.286    3.763    3.763
    5.035    5.035    5.977    5.977    6.137    6.137
            0.190000  0.329090  0.000000
  -18.594  -18.594  -10.204  -10.204   -8.755   -8.755   -6.266   -6.266    3.734    3.734
    5.059    5.059    6.001    6.001    6.162    6.162
            0.190667  0.330244  0.000000
  -18.577  -18.577  -10.227  -10.227   -8.776   -8.776   -6.246   -6.246    3.704    3.704
    5.083    5.083    6.025    6.025    6.187    6.187
            0.191333  0.331399  0.000000
  -18.560  -18.560  -10.250  -10.250   -8.797   -8.797   -6.227   -6.227    3.675    3.675
    5.108    5.108    6.049    6.049    6.212    6.212
            0.192000  0.332554  0.000000
  -18.542  -18.542  -10.273  -10.273   -8.817   -8.817   -6.207   -6.207    3.646    3.646
    5.132    5.132    6.073    6.073    6.236    6.237
            0.192667  0.333708  0.000000
  -18.525  -18.525  -10.296  -10.296   -8.838   -8.838   -6.187   -6.187    3.616    3.616
    5.157    5.157    6.097    6.097    6.261    6.261
            0.193333  0.334863  0.000000
  -18.507  -18.507  -10.319  -10.319   -8.859   -8.859   -6.167   -6.167    3.587    3.587
    5.181    5.181    6.121    6.122    6.286    6.287
            0.194000  0.336018  0.000000
  -18.490  -18.490  -10.342  -10.342   -8.880   -8.880   -6.147   -6.147    3.558    3.558
    5.206    5.206    6.146    6.146    6.312    6.312
            0.194667  0.337173  0.000000
  -18.472  -18.472  -10.365  -10.365   -8.901   -8.901   -6.127   -6.127    3.528    3.528
    5.231    5.231    6.170    6.170    6.337    6.337
            0.195333  0.338327  0.000000
  -18.454  -18.454  -10.388  -10.388   -8.922   -8.922   -6.107   -6.107    3.499    3.499
    5.256    5.256    6.194    6.195    6.362    6.362
            0.196000  0.339482  0.000000
  -18.437  -18.437  -10.411  -10.411   -8.943   -8.943   -6.087   -6.087    3.470    3.470
    5.281    5.281    6.219    6.219    6.388    6.388
            0.196667  0.340637  0.000000
  -18.419  -18.419  -10.434  -10.434   -8.963   -8.963   -6.067   -6.067    3.441    3.441
    5.306    5.306    6.244    6.244    6.413    6.413
            0.197333  0.341791  0.000000
  -18.401  -18.401  -10.457  -10.457   -8.984   -8.984   -6.047   -6.047    3.412    3.412
    5.331    5.331    6.268    6.268    6.439    6.439
            0.198000  0.342946  0.000000
  -18.383  -18.383  -10.479  -10.479   -9.005   -9.005   -6.027   -6.027    3.382    3.383
    5.356    5.356    6.293    6.293    6.464    6.464
            0.198667  0.344101  0.000000
  -18.365  -18.365  -10.502  -10.502   -9.026   -9.026   -6.007   -6.007    3.353    3.353
    5.381    5.381    6.318    6.318    6.490    6.490
            0.199333  0.345255  0.000000
  -18.347  -18.347  -10.525  -10.525   -9.047   -9.047   -5.986   -5.986    3.324    3.324
    5.407    5.407    6.342    6.343    6.516    6.516
            0.200000  0.346410  0.000000
  -18.329  -18.329  -10.548  -10.548   -9.067   -9.067   -5.966   -5.966    3.295    3.295
    5.432    5.432    6.367    6.368    6.542    6.542
            0.200667  0.347565  0.000000
  -18.311  -18.311  -10.570  -10.570   -9.088   -9.088   -5.946   -5.946    3.266    3.266
    5.458    5.458    6.392    6.393    6.568    6.568
            0.201333  0.348720  0.000000
  -18.293  -18.293  -10.593  -10.593   -9.109   -9.109   -5.925   -5.925    3.237    3.237
    5.483    5.483    6.417    6.418    6.594    6.594
            0.202000  0.349874  0.000000
  -18.274  -18.274  -10.615  -10.615   -9.130   -9.130   -5.905   -5.905    3.208    3.208
    5.509    5.509    6.442    6.443    6.620    6.620
            0.202667  0.351029  0.000000
  -18.256  -18.256  -10.638  -10.638   -9.150   -9.150   -5.884   -5.884    3.179    3.179
    5.535    5.535    6.468    6.468    6.646    6.646
            0.203333  0.352184  0.000000
  -18.238  -18.238  -10.660  -10.660   -9.171   -9.171   -5.864   -5.864    3.150    3.150
    5.560    5.561    6.493    6.493    6.673    6.673
            0.204000  0.353338  0.000000
  -18.219  -18.219  -10.683  -10.683   -9.192   -9.192   -5.843   -5.843    3.121    3.121
    5.586    5.587    6.518    6.518    6.699    6.699
            0.204667  0.354493  0.000000
  -18.201  -18.201  -10.705  -10.705   -9.212   -9.212   -5.822   -5.822    3.093    3.093
    5.612    5.613    6.543    6.544    6.726    6.726
            0.205333  0.355648  0.000000
  -18.183  -18.182  -10.728  -10.728   -9.233   -9.233   -5.802   -5.802    3.064    3.064
    5.639    5.639    6.569    6.569    6.752    6.752
            0.206000  0.356802  0.000000
  -18.164  -18.164  -10.750  -10.750   -9.253   -9.253   -5.781   -5.781    3.035    3.035
    5.665    5.665    6.594    6.595    6.779    6.779
            0.206667  0.357957  0.000000
  -18.145  -18.145  -10.772  -10.772   -9.274   -9.274   -5.760   -5.760    3.006    3.006
    5.691    5.691    6.620    6.620    6.806    6.806
            0.207333  0.359112  0.000000
  -18.127  -18.127  -10.795  -10.795   -9.295   -9.295   -5.739   -5.739    2.977    2.977
    5.717    5.717    6.646    6.646    6.832    6.832
            0.208000  0.360267  0.000000
  -18.108  -18.108  -10.817  -10.817   -9.315   -9.315   -5.718   -5.718    2.949    2.949
    5.744    5.744    6.671    6.671    6.859    6.859
            0.208667  0.361421  0.000000
  -18.089  -18.089  -10.839  -10.839   -9.336   -9.336   -5.698   -5.698    2.920    2.920
    5.770    5.770    6.697    6.697    6.886    6.886
            0.209333  0.362576  0.000000
  -18.070  -18.070  -10.861  -10.861   -9.356   -9.356   -5.677   -5.677    2.891    2.891
    5.797    5.797    6.723    6.723    6.913    6.914
            0.210000  0.363731  0.000000
  -18.052  -18.052  -10.883  -10.883   -9.377   -9.377   -5.656   -5.656    2.863    2.863
    5.823    5.824    6.748    6.749    6.941    6.941
            0.210667  0.364885  0.000000
  -18.033  -18.033  -10.905  -10.905   -9.397   -9.397   -5.634   -5.634    2.834    2.834
    5.850    5.850    6.774    6.775    6.968    6.968
            0.211333  0.366040  0.000000
  -18.014  -18.014  -10.928  -10.928   -9.418   -9.418   -5.613   -5.613    2.806    2.806
    5.877    5.877    6.800    6.800    6.995    6.995
            0.212000  0.367195  0.000000
  -17.995  -17.995  -10.950  -10.950   -9.438   -9.438   -5.592   -5.592    2.777    2.777
    5.904    5.904    6.826    6.826    7.023    7.023
            0.212667  0.368349  0.000000
  -17.976  -17.976  -10.972  -10.972   -9.459   -9.459   -5.571   -5.571    2.749    2.749
    5.931    5.931    6.852    6.853    7.050    7.050
            0.213333  0.369504  0.000000
  -17.957  -17.957  -10.993  -10.993   -9.479   -9.479   -5.550   -5.550    2.720    2.720
    5.958    5.958    6.878    6.879    7.078    7.078
            0.214000  0.370659  0.000000
  -17.937  -17.937  -11.015  -11.015   -9.499   -9.499   -5.529   -5.529    2.692    2.692
    5.985    5.985    6.905    6.905    7.105    7.106
            0.214667  0.371814  0.000000
  -17.918  -17.918  -11.037  -11.037   -9.520   -9.520   -5.507   -5.507    2.663    2.663
    6.012    6.012    6.931    6.931    7.133    7.133
            0.215333  0.372968  0.000000
  -17.899  -17.899  -11.059  -11.059   -9.540   -9.540   -5.486   -5.486    2.635    2.635
    6.039    6.040    6.957    6.957    7.161    7.161
            0.216000  0.374123  0.000000
  -17.880  -17.880  -11.081  -11.081   -9.560   -9.560   -5.464   -5.464    2.607    2.607
    6.067    6.067    6.983    6.984    7.189    7.189
            0.216667  0.375278  0.000000
  -17.860  -17.860  -11.102  -11.102   -9.581   -9.581   -5.443   -5.443    2.578    2.578
    6.094    6.094    7.010    7.010    7.217    7.217
            0.217333  0.376432  0.000000
  -17.841  -17.841  -11.124  -11.124   -9.601   -9.601   -5.422   -5.422    2.550    2.550
    6.122    6.122    7.036    7.036    7.245    7.245
            0.218000  0.377587  0.000000
  -17.821  -17.821  -11.146  -11.146   -9.621   -9.621   -5.400   -5.400    2.522    2.522
    6.149    6.150    7.062    7.063    7.273    7.273
            0.218667  0.378742  0.000000
  -17.802  -17.802  -11.167  -11.167   -9.641   -9.641   -5.379   -5.379    2.494    2.494
    6.177    6.177    7.089    7.089    7.302    7.302
            0.219333  0.379896  0.000000
  -17.782  -17.782  -11.189  -11.189   -9.661   -9.661   -5.357   -5.357    2.466    2.466
    6.205    6.205    7.115    7.116    7.330    7.330
            0.220000  0.381051  0.000000
  -17.763  -17.763  -11.211  -11.211   -9.682   -9.682   -5.335   -5.335    2.437    2.438
    6.233    6.233    7.142    7.142    7.358    7.359
            0.220667  0.382206  0.000000
  -17.743  -17.743  -11.232  -11.232   -9.702   -9.702   -5.314   -5.314    2.409    2.409
    6.261    6.261    7.169    7.169    7.387    7.387
            0.221333  0.383361  0.000000
  -17.723  -17.723  -11.253  -11.253   -9.722   -9.722   -5.292   -5.292    2.381    2.381
    6.289    6.289    7.195    7.195    7.416    7.416
            0.222000  0.384515  0.000000
  -17.704  -17.704  -11.275  -11.275   -9.742   -9.742   -5.270   -5.270    2.353    2.353
    6.317    6.317    7.222    7.222    7.444    7.444
            0.222667  0.385670  0.000000
  -17.684  -17.684  -11.296  -11.296   -9.762   -9.762   -5.248   -5.248    2.325    2.325
    6.345    6.345    7.249    7.249    7.473    7.473
            0.223333  0.386825  0.000000
  -17.664  -17.664  -11.318  -11.318   -9.782   -9.782   -5.227   -5.227    2.298    2.298
    6.373    6.373    7.275    7.276    7.502    7.502
            0.224000  0.387979  0.000000
  -17.644  -17.644  -11.339  -11.339   -9.802   -9.802   -5.205   -5.205    2.270    2.270
    6.401    6.401    7.302    7.302    7.531    7.531
            0.224667  0.389134  0.000000
  -17.624  -17.624  -11.360  -11.360   -9.822   -9.822   -5.183   -5.183    2.242    2.242
    6.430    6.430    7.329    7.329    7.560    7.560
            0.225333  0.390289  0.000000
  -17.604  -17.604  -11.381  -11.381   -9.842   -9.842   -5.161   -5.161    2.214    2.214
    6.458    6.458    7.356    7.356    7.589    7.589
            0.226000  0.391443  0.000000
  -17.584  -17.584  -11.402  -11.402   -9.862   -9.862   -5.139   -5.139    2.186    2.186
    6.487    6.487    7.383    7.383    7.618    7.618
            0.226667  0.392598  0.000000
  -17.564  -17.564  -11.424  -11.424   -9.882   -9.882   -5.117   -5.117    2.159    2.159
    6.515    6.515    7.409    7.410    7.647    7.648
            0.227333  0.393753  0.000000
  -17.544  -17.544  -11.445  -11.445   -9.901   -9.901   -5.095   -5.095    2.131    2.131
    6.544    6.544    7.436    7.437    7.677    7.677
            0.228000  0.394908  0.000000
  -17.524  -17.524  -11.466  -11.466   -9.921   -9.921   -5.073   -5.073    2.103    2.103
    6.573    6.573    7.463    7.464    7.706    7.706
            0.228667  0.396062  0.000000
  -17.503  -17.503  -11.487  -11.487   -9.941   -9.941   -5.051   -5.051    2.076    2.076
    6.602    6.602    7.490    7.490    7.736    7.736
            0.229333  0.397217  0.000000
  -17.483  -17.483  -11.508  -11.508   -9.961   -9.961   -5.029   -5.029    2.048    2.048
    6.630    6.631    7.517    7.517    7.765    7.765
            0.230000  0.398372  0.000000
  -17.463  -17.463  -11.528  -11.528   -9.981   -9.981   -5.007   -5.007    2.021    2.021
    6.659    6.660    7.544    7.544    7.795    7.795
            0.230667  0.399526  0.000000
  -17.442  -17.442  -11.549  -11.549  -10.000  -10.000   -4.984   -4.984    1.993    1.993
    6.688    6.689    7.571    7.571    7.825    7.825
            0.231333  0.400681  0.000000
  -17.422  -17.422  -11.570  -11.570  -10.020  -10.020   -4.962   -4.962    1.966    1.966
    6.718    6.718    7.598    7.598    7.855    7.855
            0.232000  0.401836  0.000000
  -17.402  -17.402  -11.591  -11.591  -10.039  -10.039   -4.940   -4.940    1.938    1.938
    6.747    6.747    7.625    7.625    7.885    7.885
            0.232667  0.402990  0.000000
  -17.381  -17.381  -11.612  -11.612  -10.059  -10.059   -4.918   -4.918    1.911    1.911
    6.776    6.776    7.652    7.652    7.915    7.915
            0.233333  0.404145  0.000000
  -17.361  -17.361  -11.632  -11.632  -10.079  -10.079   -4.895   -4.895    1.884    1.884
    6.805    6.806    7.679    7.679    7.945    7.945
            0.234000  0.405300  0.000000
  -17.340  -17.340  -11.653  -11.653  -10.098  -10.098   -4.873   -4.873    1.857    1.857
    6.835    6.835    7.706    7.706    7.975    7.975
            0.234667  0.406455  0.000000
  -17.319  -17.319  -11.674  -11.674  -10.118  -10.118   -4.851   -4.851    1.829    1.829
    6.864    6.864    7.733    7.733    8.005    8.005
            0.235333  0.407609  0.000000
  -17.299  -17.299  -11.694  -11.694  -10.137  -10.137   -4.828   -4.828    1.802    1.802
    6.894    6.894    7.760    7.760    8.036    8.036
            0.236000  0.408764  0.000000
  -17.278  -17.278  -11.715  -11.715  -10.156  -10.156   -4.806   -4.806    1.775    1.775
    6.924    6.924    7.787    7.787    8.066    8.066
            0.236667  0.409919  0.000000
  -17.257  -17.257  -11.735  -11.735  -10.176  -10.176   -4.784   -4.784    1.748    1.748
    6.953    6.953    7.814    7.814    8.096    8.097
            0.237333  0.411073  0.000000
  -17.236  -17.236  -11.755  -11.755  -10.195  -10.195   -4.761   -4.761    1.721    1.721
    6.983    6.983    7.841    7.841    8.127    8.127
            0.238000  0.412228  0.000000
  -17.215  -17.215  -11.776  -11.776  -10.214  -10.214   -4.739   -4.739    1.694    1.694
    7.013    7.013    7.867    7.868    8.158    8.158
            0.238667  0.413383  0.000000
  -17.195  -17.195  -11.796  -11.796  -10.234  -10.234   -4.716   -4.716    1.667    1.667
    7.043    7.043    7.894    7.895    8.188    8.189
            0.239333  0.414537  0.000000
  -17.174  -17.174  -11.816  -11.816  -10.253  -10.253   -4.694   -4.694    1.640    1.640
    7.073    7.073    7.921    7.921    8.219    8.219
            0.240000  0.415692  0.000000
  -17.153  -17.153  -11.837  -11.837  -10.272  -10.272   -4.671   -4.671    1.613    1.613
    7.103    7.103    7.948    7.948    8.250    8.250
            0.240667  0.416847  0.000000
  -17.132  -17.132  -11.857  -11.857  -10.291  -10.291   -4.648   -4.648    1.587    1.587
    7.133    7.133    7.975    7.975    8.281    8.281
            0.241333  0.418002  0.000000
  -17.111  -17.111  -11.877  -11.877  -10.310  -10.310   -4.626   -4.626    1.560    1.560
    7.163    7.163    8.001    8.001    8.312    8.312
            0.242000  0.419156  0.000000
  -17.089  -17.089  -11.897  -11.897  -10.329  -10.329   -4.603   -4.603    1.533    1.533
    7.193    7.194    8.028    8.028    8.344    8.344
            0.242667  0.420311  0.000000
  -17.068  -17.068  -11.917  -11.917  -10.348  -10.348   -4.580   -4.580    1.506    1.507
    7.224    7.224    8.054    8.055    8.375    8.375
            0.243333  0.421466  0.000000
  -17.047  -17.047  -11.937  -11.937  -10.367  -10.367   -4.558   -4.558    1.480    1.480
    7.254    7.254    8.081    8.081    8.406    8.406
            0.244000  0.422620  0.000000
  -17.026  -17.026  -11.957  -11.957  -10.386  -10.386   -4.535   -4.535    1.453    1.453
    7.285    7.285    8.107    8.107    8.437    8.438
            0.244667  0.423775  0.000000
  -17.005  -17.005  -11.977  -11.977  -10.405  -10.405   -4.512   -4.512    1.427    1.427
    7.315    7.315    8.133    8.134    8.469    8.469
            0.245333  0.424930  0.000000
  -16.983  -16.983  -11.997  -11.997  -10.424  -10.424   -4.490   -4.490    1.400    1.400
    7.346    7.346    8.160    8.160    8.501    8.501
            0.246000  0.426084  0.000000
  -16.962  -16.962  -12.017  -12.017  -10.443  -10.443   -4.467   -4.467    1.374    1.374
    7.377    7.377    8.186    8.186    8.532    8.532
            0.246667  0.427239  0.000000
  -16.941  -16.941  -12.037  -12.037  -10.462  -10.462   -4.444   -4.444    1.348    1.348
    7.407    7.407    8.212    8.212    8.564    8.564
            0.247333  0.428394  0.000000
  -16.919  -16.919  -12.056  -12.056  -10.481  -10.481   -4.421   -4.421    1.321    1.321
    7.438    7.438    8.238    8.238    8.596    8.596
            0.248000  0.429549  0.000000
  -16.898  -16.898  -12.076  -12.076  -10.499  -10.499   -4.398   -4.398    1.295    1.295
    7.469    7.469    8.263    8.264    8.628    8.628
            0.248667  0.430703  0.000000
  -16.876  -16.876  -12.096  -12.096  -10.518  -10.518   -4.376   -4.376    1.269    1.269
    7.500    7.500    8.289    8.289    8.660    8.660
            0.249333  0.431858  0.000000
  -16.855  -16.855  -12.115  -12.115  -10.536  -10.536   -4.353   -4.353    1.243    1.243
    7.531    7.531    8.315    8.315    8.692    8.692
            0.250000  0.433013  0.000000
  -16.833  -16.833  -12.135  -12.135  -10.555  -10.555   -4.330   -4.330    1.217    1.217
    7.562    7.562    8.340    8.340    8.724    8.724
            0.250667  0.434167  0.000000
  -16.811  -16.811  -12.155  -12.155  -10.574  -10.574   -4.307   -4.307    1.190    1.190
    7.593    7.593    8.365    8.365    8.756    8.756
            0.251333  0.435322  0.000000
  -16.790  -16.790  -12.174  -12.174  -10.592  -10.592   -4.284   -4.284    1.164    1.164
    7.624    7.624    8.390    8.390    8.788    8.788
            0.252000  0.436477  0.000000
  -16.768  -16.768  -12.193  -12.193  -10.610  -10.610   -4.261   -4.261    1.138    1.138
    7.655    7.656    8.415    8.415    8.821    8.821
            0.252667  0.437632  0.000000
  -16.746  -16.746  -12.213  -12.213  -10.629  -10.629   -4.238   -4.238    1.113    1.113
    7.687    7.687    8.440    8.440    8.853    8.853
            0.253333  0.438786  0.000000
  -16.725  -16.725  -12.232  -12.232  -10.647  -10.647   -4.215   -4.215    1.087    1.087
    7.718    7.718    8.464    8.465    8.886    8.886
            0.254000  0.439941  0.000000
  -16.703  -16.703  -12.251  -12.251  -10.665  -10.665   -4.192   -4.192    1.061    1.061
    7.750    7.750    8.488    8.489    8.918    8.918
            0.254667  0.441096  0.000000
  -16.681  -16.681  -12.271  -12.271  -10.684  -10.684   -4.169   -4.169    1.035    1.035
    7.781    7.781    8.513    8.513    8.951    8.951
            0.255333  0.442250  0.000000
  -16.659  -16.659  -12.290  -12.290  -10.702  -10.702   -4.146   -4.146    1.009    1.009
    7.813    7.813    8.536    8.537    8.984    8.984
            0.256000  0.443405  0.000000
  -16.637  -16.637  -12.309  -12.309  -10.720  -10.720   -4.123   -4.123    0.984    0.984
    7.844    7.844    8.560    8.560    9.016    9.017
            0.256667  0.444560  0.000000
  -16.615  -16.615  -12.328  -12.328  -10.738  -10.738   -4.100   -4.100    0.958    0.958
    7.876    7.876    8.583    8.584    9.049    9.049
            0.257333  0.445714  0.000000
  -16.593  -16.593  -12.347  -12.347  -10.756  -10.756   -4.077   -4.077    0.933    0.933
    7.907    7.908    8.606    8.607    9.082    9.082
            0.258000  0.446869  0.000000
  -16.571  -16.571  -12.366  -12.366  -10.774  -10.774   -4.054   -4.054    0.907    0.907
    7.939    7.939    8.629    8.629    9.115    9.116
            0.258667  0.448024  0.000000
  -16.549  -16.549  -12.385  -12.385  -10.792  -10.792   -4.031   -4.031    0.882    0.882
    7.971    7.971    8.652    8.652    9.149    9.149
            0.259333  0.449179  0.000000
  -16.527  -16.527  -12.404  -12.404  -10.810  -10.810   -4.008   -4.008    0.856    0.856
    8.003    8.003    8.674    8.674    9.182    9.182
            0.260000  0.450333  0.000000
  -16.505  -16.505  -12.423  -12.423  -10.828  -10.828   -3.985   -3.985    0.831    0.831
    8.035    8.035    8.696    8.696    9.215    9.215
            0.260667  0.451488  0.000000
  -16.483  -16.483  -12.442  -12.442  -10.845  -10.845   -3.962   -3.962    0.806    0.806
    8.067    8.067    8.717    8.717    9.248    9.249
            0.261333  0.452643  0.000000
  -16.461  -16.461  -12.461  -12.461  -10.863  -10.863   -3.939   -3.939    0.780    0.780
    8.099    8.099    8.738    8.739    9.282    9.282
            0.262000  0.453797  0.000000
  -16.439  -16.439  -12.479  -12.479  -10.881  -10.881   -3.916   -3.916    0.755    0.755
    8.131    8.131    8.759    8.759    9.315    9.316
            0.262667  0.454952  0.000000
  -16.416  -16.416  -12.498  -12.498  -10.898  -10.898   -3.893   -3.893    0.730    0.730
    8.163    8.163    8.780    8.780    9.349    9.349
            0.263333  0.456107  0.000000
  -16.394  -16.394  -12.517  -12.517  -10.916  -10.916   -3.870   -3.870    0.705    0.705
    8.195    8.195    8.800    8.800    9.383    9.383
            0.264000  0.457261  0.000000
  -16.372  -16.372  -12.535  -12.535  -10.933  -10.933   -3.847   -3.847    0.680    0.680
    8.227    8.227    8.819    8.820    9.417    9.417
            0.264667  0.458416  0.000000
  -16.350  -16.350  -12.554  -12.554  -10.951  -10.951   -3.824   -3.824    0.655    0.655
    8.259    8.259    8.839    8.839    9.450    9.450
            0.265333  0.459571  0.000000
  -16.327  -16.327  -12.572  -12.572  -10.968  -10.968   -3.801   -3.801    0.630    0.630
    8.291    8.291    8.857    8.858    9.484    9.484
            0.266000  0.460726  0.000000
  -16.305  -16.305  -12.591  -12.591  -10.986  -10.986   -3.778   -3.778    0.605    0.605
    8.323    8.323    8.876    8.876    9.518    9.518
            0.266667  0.461880  0.000000
  -16.283  -16.283  -12.609  -12.609  -11.003  -11.003   -3.755   -3.755    0.580    0.580
    8.355    8.356    8.894    8.894    9.552    9.552
            0.267333  0.463035  0.000000
  -16.260  -16.260  -12.627  -12.627  -11.020  -11.020   -3.732   -3.732    0.556    0.556
    8.388    8.388    8.911    8.911    9.586    9.586
            0.268000  0.464190  0.000000
  -16.238  -16.238  -12.646  -12.646  -11.037  -11.037   -3.708   -3.708    0.531    0.531
    8.420    8.420    8.928    8.928    9.621    9.621
            0.268667  0.465344  0.000000
  -16.215  -16.215  -12.664  -12.664  -11.054  -11.054   -3.685   -3.685    0.506    0.506
    8.452    8.452    8.945    8.945    9.655    9.655
            0.269333  0.466499  0.000000
  -16.193  -16.193  -12.682  -12.682  -11.071  -11.071   -3.662   -3.662    0.482    0.482
    8.484    8.484    8.961    8.961    9.689    9.689
            0.270000  0.467654  0.000000
  -16.170  -16.170  -12.700  -12.700  -11.088  -11.088   -3.639   -3.639    0.457    0.457
    8.516    8.516    8.976    8.977    9.724    9.724
            0.270667  0.468808  0.000000
  -16.148  -16.148  -12.719  -12.719  -11.105  -11.105   -3.616   -3.616    0.433    0.433
    8.548    8.549    8.992    8.992    9.758    9.758
            0.271333  0.469963  0.000000
  -16.125  -16.125  -12.737  -12.737  -11.122  -11.122   -3.593   -3.593    0.408    0.408
    8.580    8.581    9.006    9.007    9.793    9.793
            0.272000  0.471118  0.000000
  -16.103  -16.103  -12.755  -12.755  -11.139  -11.139   -3.570   -3.570    0.384    0.384
    8.612    8.612    9.021    9.021    9.827    9.827
            0.272667  0.472273  0.000000
  -16.080  -16.080  -12.773  -12.773  -11.155  -11.155   -3.547   -3.547    0.360    0.360
    8.644    8.644    9.035    9.035    9.862    9.862
            0.273333  0.473427  0.000000
  -16.058  -16.058  -12.790  -12.790  -11.172  -11.172   -3.524   -3.524    0.335    0.335
    8.676    8.676    9.048    9.048    9.897    9.897
            0.274000  0.474582  0.000000
  -16.035  -16.035  -12.808  -12.808  -11.189  -11.189   -3.501   -3.501    0.311    0.311
    8.707    8.708    9.061    9.062    9.932    9.932
            0.274667  0.475737  0.000000
  -16.012  -16.012  -12.826  -12.826  -11.205  -11.205   -3.478   -3.478    0.287    0.287
    8.738    8.739    9.074    9.074    9.966    9.967
            0.275333  0.476891  0.000000
  -15.990  -15.990  -12.844  -12.844  -11.221  -11.221   -3.455   -3.455    0.263    0.263
    8.770    8.770    9.086    9.087   10.001   10.001
            0.276000  0.478046  0.000000
  -15.967  -15.967  -12.862  -12.862  -11.238  -11.238   -3.432   -3.432    0.239    0.239
    8.800    8.801    9.099    9.099   10.036   10.037
            0.276667  0.479201  0.000000
  -15.944  -15.944  -12.879  -12.879  -11.254  -11.254   -3.409   -3.409    0.215    0.215
    8.830    8.831    9.111    9.112   10.072   10.072
            0.277333  0.480355  0.000000
  -15.922  -15.922  -12.897  -12.897  -11.270  -11.270   -3.386   -3.386    0.191    0.191
    8.860    8.861    9.123    9.124   10.107   10.107
            0.278000  0.481510  0.000000
  -15.899  -15.899  -12.915  -12.915  -11.286  -11.286   -3.363   -3.363    0.167    0.167
    8.889    8.890    9.136    9.136   10.142   10.142
            0.278667  0.482665  0.000000
  -15.876  -15.876  -12.932  -12.932  -11.302  -11.302   -3.340   -3.340    0.144    0.144
    8.917    8.918    9.149    9.149   10.177   10.177
            0.279333  0.483820  0.000000
  -15.854  -15.854  -12.950  -12.950  -11.318  -11.318   -3.317   -3.317    0.120    0.120
    8.944    8.945    9.162    9.163   10.213   10.213
            0.280000  0.484974  0.000000
  -15.831  -15.831  -12.967  -12.967  -11.334  -11.334   -3.294   -3.294    0.096    0.096
    8.970    8.970    9.176    9.177   10.248   10.248
            0.280667  0.486129  0.000000
  -15.808  -15.808  -12.984  -12.984  -11.350  -11.350   -3.271   -3.271    0.073    0.073
    8.994    8.994    9.192    9.192   10.283   10.284
            0.281333  0.487284  0.000000
  -15.786  -15.786  -13.002  -13.002  -11.366  -11.366   -3.248   -3.248    0.049    0.049
    9.016    9.016    9.209    9.210   10.319   10.319
            0.282000  0.488438  0.000000
  -15.763  -15.763  -13.019  -13.019  -11.382  -11.382   -3.226   -3.226    0.026    0.026
    9.035    9.036    9.228    9.228   10.355   10.355
            0.282667  0.489593  0.000000
  -15.740  -15.740  -13.036  -13.036  -11.397  -11.397   -3.203   -3.203    0.002    0.002
    9.052    9.053    9.249    9.249   10.390   10.390
            0.283333  0.490748  0.000000
  -15.717  -15.717  -13.053  -13.053  -11.413  -11.413   -3.180   -3.180   -0.021   -0.021
    9.067    9.068    9.272    9.272   10.426   10.426
            0.284000  0.491902  0.000000
  -15.695  -15.695  -13.071  -13.071  -11.428  -11.428   -3.157   -3.157   -0.045   -0.045
    9.080    9.080    9.296    9.297   10.462   10.462
            0.284667  0.493057  0.000000
  -15.672  -15.672  -13.088  -13.088  -11.443  -11.443   -3.134   -3.134   -0.068   -0.068
    9.091    9.091    9.322    9.323   10.498   10.498
            0.285333  0.494212  0.000000
  -15.649  -15.649  -13.105  -13.105  -11.459  -11.459   -3.112   -3.112   -0.091   -0.091
    9.100    9.100    9.350    9.350   10.533   10.533
            0.286000  0.495367  0.000000
  -15.627  -15.627  -13.122  -13.122  -11.474  -11.474   -3.089   -3.089   -0.114   -0.114
    9.107    9.107    9.378    9.379   10.569   10.569
            0.286667  0.496521  0.000000
  -15.604  -15.604  -13.139  -13.139  -11.489  -11.489   -3.066   -3.066   -0.137   -0.137
    9.113    9.113    9.408    9.408   10.605   10.605
            0.287333  0.497676  0.000000
  -15.581  -15.581  -13.155  -13.155  -11.504  -11.504   -3.043   -3.043   -0.160   -0.160
    9.118    9.119    9.438    9.438   10.641   10.641
            0.288000  0.498831  0.000000
  -15.558  -15.558  -13.172  -13.172  -11.519  -11.519   -3.021   -3.021   -0.183   -0.183
    9.122    9.123    9.468    9.469   10.677   10.677
            0.288667  0.499985  0.000000
  -15.536  -15.536  -13.189  -13.189  -11.533  -11.533   -2.998   -2.998   -0.206   -0.206
    9.126    9.126    9.500    9.500   10.713   10.713
            0.289333  0.501140  0.000000
  -15.513  -15.513  -13.206  -13.206  -11.548  -11.548   -2.976   -2.976   -0.229   -0.229
    9.128    9.129    9.531    9.531   10.749   10.749
            0.290000  0.502295  0.000000
  -15.490  -15.490  -13.223  -13.223  -11.563  -11.563   -2.953   -2.953   -0.252   -0.252
    9.131    9.131    9.563    9.563   10.785   10.785
            0.290667  0.503449  0.000000
  -15.468  -15.468  -13.239  -13.239  -11.577  -11.577   -2.930   -2.930   -0.274   -0.274
    9.132    9.132    9.595    9.595   10.822   10.822
            0.291333  0.504604  0.000000
  -15.445  -15.445  -13.256  -13.256  -11.592  -11.592   -2.908   -2.908   -0.297   -0.297
    9.133    9.133    9.627    9.627   10.858   10.858
            0.292000  0.505759  0.000000
  -15.422  -15.422  -13.272  -13.272  -11.606  -11.606   -2.886   -2.885   -0.320   -0.320
    9.134    9.134    9.659    9.659   10.894   10.894
            0.292667  0.506914  0.000000
  -15.400  -15.400  -13.289  -13.289  -11.620  -11.620   -2.863   -2.863   -0.342   -0.342
    9.134    9.134    9.692    9.692   10.930   10.930
            0.293333  0.508068  0.000000
  -15.377  -15.377  -13.305  -13.305  -11.634  -11.634   -2.841   -2.841   -0.365   -0.365
    9.134    9.134    9.724    9.724   10.966   10.966
            0.294000  0.509223  0.000000
  -15.355  -15.355  -13.322  -13.322  -11.648  -11.648   -2.818   -2.818   -0.387   -0.387
    9.133    9.134    9.757    9.757   11.003   11.003
            0.294667  0.510378  0.000000
  -15.332  -15.332  -13.338  -13.338  -11.662  -11.662   -2.796   -2.796   -0.409   -0.409
    9.133    9.133    9.790    9.790   11.039   11.039
            0.295333  0.511532  0.000000
  -15.310  -15.310  -13.354  -13.354  -11.676  -11.676   -2.774   -2.774   -0.432   -0.432
    9.132    9.132    9.822    9.822   11.075   11.075
            0.296000  0.512687  0.000000
  -15.287  -15.287  -13.371  -13.371  -11.689  -11.689   -2.751   -2.751   -0.454   -0.454
    9.130    9.131    9.855    9.855   11.111   11.111
            0.296667  0.513842  0.000000
  -15.265  -15.265  -13.387  -13.387  -11.703  -11.703   -2.729   -2.729   -0.476   -0.476
    9.129    9.129    9.888    9.888   11.147   11.147
            0.297333  0.514996  0.000000
  -15.242  -15.242  -13.403  -13.403  -11.716  -11.716   -2.707   -2.707   -0.498   -0.498
    9.127    9.127    9.920    9.920   11.183   11.183
            0.298000  0.516151  0.000000
  -15.220  -15.220  -13.419  -13.419  -11.729  -11.729   -2.685   -2.685   -0.520   -0.520
    9.125    9.125    9.953    9.953   11.219   11.219
            0.298667  0.517306  0.000000
  -15.198  -15.198  -13.435  -13.435  -11.743  -11.743   -2.663   -2.663   -0.542   -0.542
    9.123    9.123    9.986    9.986   11.255   11.255
            0.299333  0.518461  0.000000
  -15.175  -15.175  -13.451  -13.451  -11.756  -11.756   -2.641   -2.641   -0.564   -0.564
    9.121    9.121   10.018   10.018   11.290   11.290
            0.300000  0.519615  0.000000
  -15.153  -15.153  -13.467  -13.467  -11.769  -11.769   -2.619   -2.619   -0.586   -0.586
    9.119    9.119   10.051   10.051   11.326   11.326
            0.300667  0.520770  0.000000
  -15.131  -15.131  -13.483  -13.483  -11.781  -11.781   -2.597   -2.597   -0.608   -0.608
    9.116    9.116   10.083   10.083   11.361   11.361
            0.301333  0.521925  0.000000
  -15.109  -15.109  -13.499  -13.499  -11.794  -11.794   -2.575   -2.575   -0.629   -0.629
    9.114    9.114   10.116   10.116   11.391   11.391
            0.302000  0.523079  0.000000
  -15.087  -15.087  -13.514  -13.514  -11.806  -11.806   -2.553   -2.553   -0.651   -0.651
    9.111    9.111   10.148   10.148   11.392   11.392
            0.302667  0.524234  0.000000
  -15.065  -15.065  -13.530  -13.530  -11.819  -11.819   -2.531   -2.531   -0.672   -0.672
    9.108    9.108   10.180   10.180   11.393   11.393
            0.303333  0.525389  0.000000
  -15.043  -15.043  -13.546  -13.546  -11.831  -11.831   -2.509   -2.509   -0.694   -0.694
    9.105    9.105   10.213   10.213   11.394   11.394
            0.304000  0.526543  0.000000
  -15.021  -15.021  -13.562  -13.561  -11.843  -11.843   -2.487   -2.487   -0.715   -0.715
    9.102    9.102   10.245   10.245   11.394   11.394
            0.304667  0.527698  0.000000
  -14.999  -14.999  -13.577  -13.577  -11.855  -11.855   -2.466   -2.466   -0.737   -0.737
    9.099    9.099   10.277   10.277   11.395   11.395
            0.305333  0.528853  0.000000
  -14.977  -14.977  -13.593  -13.593  -11.867  -11.867   -2.444   -2.444   -0.758   -0.758
    9.096    9.096   10.308   10.308   11.395   11.395
            0.306000  0.530008  0.000000
  -14.956  -14.956  -13.608  -13.608  -11.878  -11.878   -2.422   -2.422   -0.779   -0.779
    9.093    9.093   10.340   10.340   11.395   11.395
            0.306667  0.531162  0.000000
  -14.934  -14.934  -13.624  -13.624  -11.890  -11.890   -2.401   -2.401   -0.801   -0.801
    9.090    9.090   10.371   10.371   11.395   11.396
            0.307333  0.532317  0.000000
  -14.913  -14.913  -13.639  -13.639  -11.901  -11.901   -2.379   -2.379   -0.822   -0.822
    9.087    9.087   10.403   10.403   11.395   11.395
            0.308000  0.533472  0.000000
  -14.891  -14.891  -13.654  -13.654  -11.912  -11.912   -2.358   -2.358   -0.843   -0.843
    9.084    9.084   10.434   10.434   11.395   11.395
            0.308667  0.534626  0.000000
  -14.870  -14.870  -13.670  -13.670  -11.923  -11.923   -2.337   -2.337   -0.864   -0.864
    9.081    9.081   10.465   10.465   11.395   11.395
            0.309333  0.535781  0.000000
  -14.849  -14.849  -13.685  -13.685  -11.934  -11.934   -2.315   -2.315   -0.885   -0.885
    9.078    9.078   10.495   10.495   11.394   11.394
            0.310000  0.536936  0.000000
  -14.828  -14.828  -13.700  -13.700  -11.944  -11.944   -2.294   -2.294   -0.906   -0.906
    9.074    9.074   10.526   10.526   11.393   11.393
            0.310667  0.538090  0.000000
  -14.807  -14.807  -13.715  -13.715  -11.954  -11.954   -2.273   -2.273   -0.927   -0.927
    9.071    9.071   10.556   10.556   11.392   11.392
            0.311333  0.539245  0.000000
  -14.786  -14.786  -13.730  -13.730  -11.965  -11.965   -2.252   -2.252   -0.947   -0.947
    9.068    9.068   10.586   10.586   11.391   11.391
            0.312000  0.540400  0.000000
  -14.765  -14.765  -13.745  -13.745  -11.975  -11.975   -2.231   -2.231   -0.968   -0.968
    9.065    9.065   10.615   10.615   11.390   11.390
            0.312667  0.541555  0.000000
  -14.744  -14.744  -13.760  -13.760  -11.984  -11.984   -2.210   -2.210   -0.989   -0.989
    9.062    9.062   10.645   10.645   11.389   11.389
            0.313333  0.542709  0.000000
  -14.724  -14.724  -13.775  -13.775  -11.994  -11.994   -2.189   -2.189   -1.009   -1.009
    9.059    9.059   10.674   10.674   11.387   11.387
            0.314000  0.543864  0.000000
  -14.703  -14.703  -13.790  -13.790  -12.003  -12.003   -2.168   -2.168   -1.030   -1.030
    9.056    9.056   10.702   10.702   11.385   11.385
            0.314667  0.545019  0.000000
  -14.683  -14.683  -13.805  -13.805  -12.012  -12.012   -2.147   -2.147   -1.050   -1.050
    9.053    9.053   10.731   10.731   11.383   11.383
            0.315333  0.546173  0.000000
  -14.663  -14.663  -13.820  -13.820  -12.021  -12.021   -2.126   -2.126   -1.070   -1.070
    9.050    9.050   10.758   10.759   11.381   11.381
            0.316000  0.547328  0.000000
  -14.643  -14.643  -13.834  -13.834  -12.030  -12.030   -2.106   -2.106   -1.091   -1.091
    9.047    9.047   10.786   10.786   11.379   11.379
            0.316667  0.548483  0.000000
  -14.623  -14.623  -13.849  -13.849  -12.038  -12.038   -2.085   -2.085   -1.111   -1.111
    9.045    9.045   10.813   10.813   11.376   11.377
            0.317333  0.549637  0.000000
  -14.603  -14.603  -13.864  -13.864  -12.047  -12.047   -2.065   -2.065   -1.131   -1.131
    9.042    9.042   10.839   10.840   11.374   11.374
            0.318000  0.550792  0.000000
  -14.584  -14.584  -13.878  -13.878  -12.055  -12.055   -2.044   -2.044   -1.151   -1.151
    9.039    9.039   10.866   10.866   11.371   11.371
            0.318667  0.551947  0.000000
  -14.565  -14.565  -13.893  -13.893  -12.062  -12.062   -2.024   -2.024   -1.171   -1.171
    9.037    9.037   10.891   10.891   11.368   11.368
            0.319333  0.553102  0.000000
  -14.545  -14.545  -13.907  -13.907  -12.070  -12.070   -2.003   -2.003   -1.191   -1.191
    9.034    9.034   10.916   10.916   11.365   11.365
            0.320000  0.554256  0.000000
  -14.526  -14.526  -13.922  -13.922  -12.077  -12.077   -1.983   -1.983   -1.211   -1.211
    9.032    9.032   10.940   10.941   11.362   11.362
            0.320667  0.555411  0.000000
  -14.508  -14.508  -13.936  -13.936  -12.084  -12.084   -1.963   -1.963   -1.231   -1.231
    9.030    9.030   10.964   10.964   11.358   11.358
            0.321333  0.556566  0.000000
  -14.489  -14.489  -13.950  -13.950  -12.090  -12.090   -1.943   -1.943   -1.251   -1.251
    9.027    9.027   10.987   10.988   11.355   11.355
            0.322000  0.557720  0.000000
  -14.471  -14.471  -13.964  -13.964  -12.097  -12.097   -1.923   -1.923   -1.270   -1.270
    9.025    9.025   11.010   11.010   11.351   11.351
            0.322667  0.558875  0.000000
  -14.453  -14.453  -13.979  -13.979  -12.103  -12.103   -1.903   -1.903   -1.290   -1.290
    9.023    9.023   11.032   11.032   11.347   11.347
            0.323333  0.560030  0.000000
  -14.435  -14.435  -13.993  -13.993  -12.108  -12.108   -1.883   -1.883   -1.310   -1.310
    9.021    9.021   11.053   11.053   11.343   11.343
            0.324000  0.561184  0.000000
  -14.417  -14.417  -14.007  -14.007  -12.114  -12.114   -1.863   -1.863   -1.329   -1.329
    9.020    9.020   11.073   11.073   11.338   11.338
            0.324667  0.562339  0.000000
  -14.400  -14.400  -14.021  -14.021  -12.119  -12.119   -1.843   -1.843   -1.349   -1.349
    9.018    9.018   11.092   11.093   11.334   11.334
            0.325333  0.563494  0.000000
  -14.383  -14.383  -14.035  -14.035  -12.124  -12.124   -1.824   -1.824   -1.368   -1.368
    9.016    9.016   11.111   11.111   11.329   11.329
            0.326000  0.564649  0.000000
  -14.366  -14.366  -14.049  -14.049  -12.128  -12.128   -1.804   -1.804   -1.387   -1.387
    9.015    9.015   11.129   11.129   11.324   11.325
            0.326667  0.565803  0.000000
  -14.349  -14.349  -14.063  -14.063  -12.132  -12.132   -1.785   -1.785   -1.406   -1.406
    9.013    9.013   11.146   11.146   11.320   11.320
            0.327333  0.566958  0.000000
  -14.333  -14.333  -14.077  -14.077  -12.136  -12.136   -1.765   -1.765   -1.426   -1.426
    9.012    9.012   11.162   11.162   11.314   11.314
            0.328000  0.568113  0.000000
  -14.317  -14.317  -14.090  -14.090  -12.139  -12.139   -1.746   -1.746   -1.445   -1.445
    9.011    9.011   11.177   11.177   11.309   11.309
            0.328667  0.569267  0.000000
  -14.301  -14.301  -14.104  -14.104  -12.142  -12.142   -1.727   -1.727   -1.464   -1.464
    9.010    9.010   11.191   11.191   11.304   11.304
            0.329333  0.570422  0.000000
  -14.285  -14.285  -14.118  -14.118  -12.145  -12.145   -1.708   -1.708   -1.483   -1.483
    9.009    9.009   11.204   11.204   11.298   11.298
            0.330000  0.571577  0.000000
  -14.270  -14.270  -14.132  -14.132  -12.147  -12.147   -1.689   -1.689   -1.502   -1.502
    9.008    9.008   11.216   11.216   11.292   11.292
            0.330667  0.572731  0.000000
  -14.255  -14.255  -14.145  -14.145  -12.149  -12.149   -1.670   -1.670   -1.520   -1.520
    9.008    9.008   11.227   11.227   11.286   11.287
            0.331333  0.573886  0.000000
  -14.241  -14.241  -14.159  -14.159  -12.150  -12.150   -1.651   -1.651   -1.539   -1.539
    9.007    9.007   11.237   11.237   11.280   11.280
            0.332000  0.575041  0.000000
  -14.226  -14.226  -14.172  -14.172  -12.151  -12.151   -1.632   -1.632   -1.558   -1.558
    9.007    9.007   11.246   11.246   11.274   11.274
            0.332667  0.576196  0.000000
  -14.213  -14.213  -14.186  -14.186  -12.152  -12.152   -1.614   -1.614   -1.577   -1.577
    9.007    9.007   11.254   11.254   11.268   11.268
            0.333333  0.577350  0.000000
  -14.200  -14.200  -14.198  -14.198  -12.152  -12.152   -1.595   -1.595   -1.595   -1.595
    9.007    9.007   11.259   11.259   11.263   11.263
            0.333667  0.576773  0.000000
  -14.206  -14.206  -14.192  -14.192  -12.152  -12.152   -1.604   -1.604   -1.586   -1.586
    9.007    9.007   11.257   11.257   11.265   11.265
            0.334000  0.576196  0.000000
  -14.212  -14.212  -14.186  -14.186  -12.152  -12.152   -1.614   -1.614   -1.577   -1.577
    9.007    9.007   11.254   11.254   11.268   11.268
            0.334333  0.575618  0.000000
  -14.219  -14.219  -14.179  -14.179  -12.152  -12.152   -1.623   -1.623   -1.567   -1.567
    9.007    9.007   11.251   11.251   11.270   11.270
            0.334667  0.575041  0.000000
  -14.226  -14.226  -14.173  -14.173  -12.151  -12.151   -1.632   -1.632   -1.558   -1.558
    9.007    9.007   11.248   11.248   11.273   11.273
            0.335000  0.574464  0.000000
  -14.232  -14.232  -14.167  -14.167  -12.151  -12.151   -1.641   -1.641   -1.549   -1.549
    9.007    9.007   11.244   11.244   11.275   11.275
            0.335333  0.573886  0.000000
  -14.239  -14.239  -14.161  -14.161  -12.150  -12.150   -1.650   -1.650   -1.540   -1.540
    9.007    9.007   11.241   11.241   11.277   11.277
            0.335667  0.573309  0.000000
  -14.245  -14.245  -14.154  -14.154  -12.150  -12.150   -1.660   -1.659   -1.531   -1.531
    9.008    9.008   11.237   11.237   11.278   11.279
            0.336000  0.572731  0.000000
  -14.252  -14.252  -14.148  -14.148  -12.149  -12.149   -1.669   -1.669   -1.522   -1.522
    9.008    9.008   11.234   11.234   11.280   11.280
            0.336333  0.572154  0.000000
  -14.259  -14.259  -14.143  -14.143  -12.148  -12.148   -1.678   -1.678   -1.513   -1.513
    9.008    9.008   11.230   11.230   11.281   11.281
            0.336667  0.571577  0.000000
  -14.265  -14.265  -14.137  -14.137  -12.147  -12.147   -1.687   -1.687   -1.504   -1.504
    9.009    9.009   11.226   11.227   11.282   11.282
            0.337000  0.570999  0.000000
  -14.272  -14.272  -14.131  -14.131  -12.146  -12.146   -1.696   -1.696   -1.495   -1.495
    9.009    9.009   11.223   11.223   11.283   11.283
            0.337333  0.570422  0.000000
  -14.278  -14.278  -14.125  -14.125  -12.144  -12.144   -1.705   -1.705   -1.486   -1.486
    9.009    9.009   11.219   11.219   11.284   11.284
            0.337667  0.569845  0.000000
  -14.285  -14.285  -14.120  -14.120  -12.143  -12.143   -1.714   -1.714   -1.477   -1.477
    9.010    9.010   11.215   11.215   11.284   11.284
            0.338000  0.569267  0.000000
  -14.291  -14.291  -14.115  -14.115  -12.141  -12.141   -1.723   -1.723   -1.468   -1.468
    9.010    9.010   11.212   11.212   11.285   11.285
            0.338333  0.568690  0.000000
  -14.298  -14.298  -14.109  -14.109  -12.140  -12.140   -1.732   -1.732   -1.459   -1.459
    9.011    9.011   11.208   11.208   11.285   11.285
            0.338667  0.568113  0.000000
  -14.304  -14.304  -14.104  -14.104  -12.138  -12.138   -1.741   -1.741   -1.450   -1.450
    9.011    9.011   11.204   11.204   11.284   11.285
            0.339000  0.567535  0.000000
  -14.311  -14.311  -14.099  -14.099  -12.136  -12.136   -1.750   -1.750   -1.441   -1.441
    9.012    9.012   11.200   11.200   11.284   11.284
            0.339333  0.566958  0.000000
  -14.317  -14.317  -14.094  -14.094  -12.134  -12.134   -1.759   -1.759   -1.432   -1.432
    9.013    9.013   11.196   11.196   11.284   11.284
            0.339667  0.566381  0.000000
  -14.323  -14.323  -14.089  -14.089  -12.132  -12.132   -1.768   -1.768   -1.423   -1.423
    9.013    9.013   11.192   11.192   11.283   11.283
            0.340000  0.565803  0.000000
  -14.330  -14.330  -14.084  -14.084  -12.130  -12.130   -1.777   -1.777   -1.415   -1.415
    9.014    9.014   11.188   11.188   11.282   11.282
            0.340333  0.565226  0.000000
  -14.336  -14.336  -14.079  -14.079  -12.128  -12.128   -1.786   -1.786   -1.406   -1.406
    9.015    9.015   11.184   11.185   11.281   11.281
            0.340667  0.564649  0.000000
  -14.343  -14.343  -14.075  -14.075  -12.125  -12.125   -1.795   -1.795   -1.397   -1.397
    9.016    9.016   11.180   11.181   11.280   11.280
            0.341000  0.564071  0.000000
  -14.349  -14.349  -14.070  -14.070  -12.123  -12.123   -1.804   -1.804   -1.389   -1.389
    9.016    9.016   11.176   11.176   11.278   11.278
            0.341333  0.563494  0.000000
  -14.355  -14.355  -14.066  -14.066  -12.120  -12.120   -1.812   -1.812   -1.380   -1.380
    9.017    9.017   11.172   11.172   11.277   11.277
            0.341667  0.562917  0.000000
  -14.362  -14.362  -14.062  -14.062  -12.117  -12.117   -1.821   -1.821   -1.371   -1.371
    9.018    9.018   11.168   11.168   11.275   11.275
            0.342000  0.562339  0.000000
  -14.368  -14.368  -14.057  -14.057  -12.114  -12.114   -1.830   -1.830   -1.363   -1.363
    9.019    9.019   11.164   11.164   11.273   11.273
            0.342333  0.561762  0.000000
  -14.375  -14.375  -14.053  -14.053  -12.111  -12.111   -1.839   -1.839   -1.354   -1.354
    9.020    9.020   11.160   11.160   11.271   11.271
            0.342667  0.561184  0.000000
  -14.381  -14.381  -14.049  -14.049  -12.108  -12.108   -1.848   -1.848   -1.345   -1.345
    9.021    9.021   11.156   11.156   11.269   11.269
            0.343000  0.560607  0.000000
  -14.387  -14.387  -14.045  -14.045  -12.105  -12.105   -1.856   -1.856   -1.337   -1.337
    9.022    9.022   11.152   11.152   11.266   11.266
            0.343333  0.560030  0.000000
  -14.393  -14.393  -14.042  -14.042  -12.101  -12.101   -1.865   -1.865   -1.328   -1.328
    9.023    9.023   11.147   11.147   11.264   11.264
            0.343667  0.559452  0.000000
  -14.400  -14.400  -14.038  -14.038  -12.098  -12.098   -1.874   -1.874   -1.320   -1.320
    9.024    9.024   11.143   11.143   11.261   11.261
            0.344000  0.558875  0.000000
  -14.406  -14.406  -14.034  -14.034  -12.094  -12.094   -1.883   -1.883   -1.311   -1.311
    9.026    9.026   11.139   11.139   11.258   11.258
            0.344333  0.558298  0.000000
  -14.412  -14.412  -14.031  -14.031  -12.090  -12.090   -1.891   -1.891   -1.303   -1.303
    9.027    9.027   11.134   11.135   11.255   11.255
            0.344667  0.557720  0.000000
  -14.418  -14.418  -14.028  -14.028  -12.086  -12.086   -1.900   -1.900   -1.294   -1.294
    9.028    9.028   11.130   11.130   11.252   11.252
            0.345000  0.557143  0.000000
  -14.425  -14.425  -14.024  -14.024  -12.082  -12.082   -1.909   -1.909   -1.286   -1.286
    9.029    9.029   11.126   11.126   11.249   11.249
            0.345333  0.556566  0.000000
  -14.431  -14.431  -14.021  -14.021  -12.078  -12.078   -1.917   -1.917   -1.278   -1.278
    9.031    9.031   11.121   11.121   11.246   11.246
            0.345667  0.555988  0.000000
  -14.437  -14.437  -14.018  -14.018  -12.074  -12.074   -1.926   -1.926   -1.269   -1.269
    9.032    9.032   11.117   11.117   11.242   11.242
            0.346000  0.555411  0.000000
  -14.443  -14.443  -14.015  -14.015  -12.070  -12.070   -1.935   -1.935   -1.261   -1.261
    9.033    9.033   11.112   11.113   11.239   11.239
            0.346333  0.554834  0.000000
  -14.449  -14.449  -14.012  -14.012  -12.065  -12.065   -1.943   -1.943   -1.253   -1.253
    9.035    9.035   11.108   11.108   11.235   11.235
            0.346667  0.554256  0.000000
  -14.456  -14.456  -14.009  -14.009  -12.061  -12.061   -1.952   -1.952   -1.245   -1.245
    9.036    9.036   11.103   11.104   11.231   11.231
            0.347000  0.553679  0.000000
  -14.462  -14.462  -14.007  -14.007  -12.056  -12.056   -1.960   -1.960   -1.236   -1.236
    9.038    9.038   11.099   11.099   11.227   11.227
            0.347333  0.553102  0.000000
  -14.468  -14.468  -14.004  -14.004  -12.051  -12.051   -1.969   -1.969   -1.228   -1.228
    9.039    9.039   11.094   11.095   11.223   11.223
            0.347667  0.552524  0.000000
  -14.474  -14.474  -14.002  -14.002  -12.046  -12.046   -1.977   -1.977   -1.220   -1.220
    9.041    9.041   11.090   11.090   11.219   11.219
            0.348000  0.551947  0.000000
  -14.480  -14.480  -13.999  -13.999  -12.041  -12.041   -1.986   -1.986   -1.212   -1.212
    9.043    9.043   11.085   11.085   11.215   11.215
            0.348333  0.551370  0.000000
  -14.486  -14.486  -13.997  -13.997  -12.036  -12.036   -1.994   -1.994   -1.204   -1.204
    9.044    9.044   11.081   11.081   11.210   11.210
            0.348667  0.550792  0.000000
  -14.492  -14.492  -13.995  -13.995  -12.031  -12.031   -2.003   -2.003   -1.196   -1.196
    9.046    9.046   11.076   11.076   11.206   11.206
            0.349000  0.550215  0.000000
  -14.498  -14.498  -13.993  -13.993  -12.025  -12.025   -2.011   -2.011   -1.188   -1.187
    9.048    9.048   11.071   11.072   11.201   11.201
            0.349333  0.549637  0.000000
  -14.504  -14.504  -13.991  -13.991  -12.020  -12.020   -2.020   -2.020   -1.179   -1.179
    9.050    9.050   11.067   11.067   11.197   11.197
            0.349667  0.549060  0.000000
  -14.511  -14.511  -13.989  -13.989  -12.014  -12.014   -2.028   -2.028   -1.171   -1.171
    9.052    9.052   11.062   11.062   11.192   11.192
            0.350000  0.548483  0.000000
  -14.517  -14.517  -13.987  -13.987  -12.008  -12.008   -2.037   -2.037   -1.163   -1.163
    9.054    9.054   11.057   11.057   11.187   11.187
            0.350333  0.547905  0.000000
  -14.523  -14.523  -13.985  -13.985  -12.002  -12.002   -2.045   -2.045   -1.156   -1.156
    9.055    9.055   11.053   11.053   11.182   11.182
            0.350667  0.547328  0.000000
  -14.529  -14.529  -13.984  -13.984  -11.996  -11.996   -2.053   -2.053   -1.148   -1.148
    9.057    9.057   11.048   11.048   11.177   11.177
            0.351000  0.546751  0.000000
  -14.535  -14.535  -13.982  -13.982  -11.990  -11.990   -2.062   -2.062   -1.140   -1.140
    9.059    9.059   11.043   11.043   11.172   11.172
            0.351333  0.546173  0.000000
  -14.541  -14.541  -13.981  -13.981  -11.984  -11.984   -2.070   -2.070   -1.132   -1.132
    9.062    9.062   11.038   11.038   11.166   11.166
            0.351667  0.545596  0.000000
  -14.546  -14.546  -13.979  -13.979  -11.978  -11.978   -2.078   -2.078   -1.124   -1.124
    9.064    9.064   11.033   11.034   11.161   11.161
            0.352000  0.545019  0.000000
  -14.552  -14.552  -13.978  -13.978  -11.972  -11.972   -2.087   -2.087   -1.116   -1.116
    9.066    9.066   11.029   11.029   11.155   11.155
            0.352333  0.544441  0.000000
  -14.558  -14.558  -13.977  -13.977  -11.965  -11.965   -2.095   -2.095   -1.108   -1.108
    9.068    9.068   11.024   11.024   11.150   11.150
            0.352667  0.543864  0.000000
  -14.564  -14.564  -13.976  -13.976  -11.958  -11.958   -2.103   -2.103   -1.101   -1.101
    9.070    9.070   11.019   11.019   11.144   11.144
            0.353000  0.543287  0.000000
  -14.570  -14.570  -13.975  -13.975  -11.952  -11.952   -2.112   -2.111   -1.093   -1.093
    9.072    9.072   11.014   11.014   11.138   11.138
            0.353333  0.542709  0.000000
  -14.576  -14.576  -13.974  -13.974  -11.945  -11.945   -2.120   -2.120   -1.085   -1.085
    9.075    9.075   11.009   11.009   11.132   11.132
            0.353667  0.542132  0.000000
  -14.582  -14.582  -13.973  -13.973  -11.938  -11.938   -2.128   -2.128   -1.078   -1.078
    9.077    9.077   11.004   11.004   11.126   11.126
            0.354000  0.541555  0.000000
  -14.588  -14.588  -13.972  -13.972  -11.931  -11.931   -2.136   -2.136   -1.070   -1.070
    9.079    9.079   10.999   10.999   11.120   11.120
            0.354333  0.540977  0.000000
  -14.594  -14.594  -13.972  -13.972  -11.924  -11.924   -2.144   -2.144   -1.062   -1.062
    9.082    9.082   10.994   10.994   11.114   11.114
            0.354667  0.540400  0.000000
  -14.600  -14.600  -13.971  -13.971  -11.917  -11.917   -2.152   -2.152   -1.055   -1.055
    9.084    9.084   10.989   10.989   11.108   11.108
            0.355000  0.539823  0.000000
  -14.605  -14.605  -13.971  -13.971  -11.910  -11.910   -2.161   -2.161   -1.047   -1.047
    9.087    9.087   10.984   10.984   11.101   11.101
            0.355333  0.539245  0.000000
  -14.611  -14.611  -13.970  -13.970  -11.902  -11.902   -2.169   -2.169   -1.040   -1.040
    9.089    9.089   10.979   10.979   11.095   11.095
            0.355667  0.538668  0.000000
  -14.617  -14.617  -13.970  -13.970  -11.895  -11.895   -2.177   -2.177   -1.032   -1.032
    9.092    9.092   10.974   10.974   11.088   11.088
            0.356000  0.538090  0.000000
  -14.623  -14.623  -13.970  -13.970  -11.887  -11.887   -2.185   -2.185   -1.025   -1.025
    9.095    9.095   10.969   10.969   11.082   11.082
            0.356333  0.537513  0.000000
  -14.629  -14.629  -13.970  -13.970  -11.879  -11.879   -2.193   -2.193   -1.017   -1.017
    9.097    9.097   10.964   10.964   11.075   11.075
            0.356667  0.536936  0.000000
  -14.634  -14.634  -13.969  -13.969  -11.872  -11.872   -2.201   -2.201   -1.010   -1.010
    9.100    9.100   10.959   10.959   11.068   11.068
            0.357000  0.536358  0.000000
  -14.640  -14.640  -13.969  -13.969  -11.864  -11.864   -2.209   -2.209   -1.002   -1.002
    9.103    9.103   10.954   10.954   11.061   11.061
            0.357333  0.535781  0.000000
  -14.646  -14.646  -13.970  -13.970  -11.856  -11.856   -2.217   -2.217   -0.995   -0.995
    9.105    9.105   10.949   10.949   11.054   11.054
            0.357667  0.535204  0.000000
  -14.652  -14.652  -13.970  -13.970  -11.848  -11.848   -2.225   -2.225   -0.988   -0.988
    9.108    9.108   10.944   10.944   11.046   11.046
            0.358000  0.534626  0.000000
  -14.657  -14.657  -13.970  -13.970  -11.840  -11.840   -2.233   -2.233   -0.981   -0.981
    9.111    9.111   10.939   10.939   11.039   11.039
            0.358333  0.534049  0.000000
  -14.663  -14.663  -13.970  -13.970  -11.832  -11.832   -2.241   -2.241   -0.973   -0.973
    9.114    9.114   10.934   10.934   11.032   11.032
            0.358667  0.533472  0.000000
  -14.669  -14.669  -13.970  -13.970  -11.823  -11.823   -2.249   -2.249   -0.966   -0.966
    9.117    9.117   10.928   10.928   11.024   11.024
            0.359000  0.532894  0.000000
  -14.674  -14.674  -13.971  -13.971  -11.815  -11.815   -2.257   -2.257   -0.959   -0.959
    9.120    9.120   10.923   10.923   11.016   11.016
            0.359333  0.532317  0.000000
  -14.680  -14.680  -13.971  -13.971  -11.807  -11.807   -2.265   -2.265   -0.952   -0.952
    9.123    9.123   10.918   10.918   11.009   11.009
            0.359667  0.531740  0.000000
  -14.686  -14.686  -13.972  -13.972  -11.798  -11.798   -2.273   -2.273   -0.945   -0.945
    9.126    9.126   10.913   10.913   11.001   11.001
            0.360000  0.531162  0.000000
  -14.691  -14.691  -13.972  -13.972  -11.789  -11.789   -2.281   -2.281   -0.937   -0.937
    9.129    9.129   10.908   10.908   10.993   10.993
            0.360333  0.530585  0.000000
  -14.697  -14.697  -13.973  -13.973  -11.781  -11.781   -2.288   -2.288   -0.930   -0.930
    9.132    9.132   10.902   10.903   10.984   10.985
            0.360667  0.530008  0.000000
  -14.703  -14.703  -13.974  -13.974  -11.772  -11.772   -2.296   -2.296   -0.923   -0.923
    9.135    9.135   10.897   10.897   10.976   10.976
            0.361000  0.529430  0.000000
  -14.708  -14.708  -13.975  -13.975  -11.763  -11.763   -2.304   -2.304   -0.916   -0.916
    9.138    9.138   10.892   10.892   10.968   10.968
            0.361333  0.528853  0.000000
  -14.714  -14.714  -13.975  -13.975  -11.754  -11.754   -2.312   -2.312   -0.909   -0.909
    9.142    9.142   10.887   10.887   10.959   10.959
            0.361667  0.528275  0.000000
  -14.719  -14.719  -13.976  -13.976  -11.745  -11.745   -2.320   -2.320   -0.902   -0.902
    9.145    9.145   10.882   10.882   10.951   10.951
            0.362000  0.527698  0.000000
  -14.725  -14.725  -13.977  -13.977  -11.736  -11.736   -2.328   -2.327   -0.895   -0.895
    9.148    9.148   10.876   10.876   10.942   10.942
            0.362333  0.527121  0.000000
  -14.730  -14.730  -13.978  -13.978  -11.727  -11.727   -2.335   -2.335   -0.888   -0.888
    9.152    9.152   10.871   10.871   10.933   10.933
            0.362667  0.526543  0.000000
  -14.736  -14.736  -13.979  -13.979  -11.718  -11.718   -2.343   -2.343   -0.882   -0.882
    9.155    9.155   10.866   10.866   10.924   10.924
            0.363000  0.525966  0.000000
  -14.741  -14.741  -13.981  -13.981  -11.709  -11.709   -2.351   -2.351   -0.875   -0.875
    9.158    9.159   10.860   10.861   10.914   10.914
            0.363333  0.525389  0.000000
  -14.747  -14.747  -13.982  -13.982  -11.699  -11.699   -2.358   -2.358   -0.868   -0.868
    9.162    9.162   10.855   10.855   10.905   10.905
            0.363667  0.524811  0.000000
  -14.752  -14.752  -13.983  -13.983  -11.690  -11.690   -2.366   -2.366   -0.861   -0.861
    9.165    9.165   10.850   10.850   10.896   10.896
            0.364000  0.524234  0.000000
  -14.758  -14.758  -13.984  -13.984  -11.680  -11.680   -2.374   -2.374   -0.854   -0.854
    9.169    9.169   10.845   10.845   10.886   10.886
            0.364333  0.523657  0.000000
  -14.763  -14.763  -13.986  -13.986  -11.671  -11.671   -2.381   -2.381   -0.848   -0.848
    9.173    9.173   10.839   10.839   10.876   10.876
            0.364667  0.523079  0.000000
  -14.769  -14.769  -13.987  -13.987  -11.661  -11.661   -2.389   -2.389   -0.841   -0.841
    9.176    9.176   10.834   10.834   10.866   10.866
            0.365000  0.522502  0.000000
  -14.774  -14.774  -13.989  -13.989  -11.652  -11.652   -2.397   -2.397   -0.834   -0.834
    9.180    9.180   10.829   10.829   10.856   10.856
            0.365333  0.521925  0.000000
  -14.780  -14.780  -13.990  -13.990  -11.642  -11.642   -2.404   -2.404   -0.828   -0.828
    9.184    9.184   10.823   10.823   10.846   10.846
            0.365667  0.521347  0.000000
  -14.785  -14.785  -13.992  -13.992  -11.632  -11.632   -2.412   -2.412   -0.821   -0.821
    9.187    9.187   10.818   10.818   10.835   10.835
            0.366000  0.520770  0.000000
  -14.791  -14.791  -13.993  -13.993  -11.622  -11.622   -2.419   -2.419   -0.814   -0.814
    9.191    9.191   10.812   10.812   10.825   10.825
            0.366333  0.520193  0.000000
  -14.796  -14.796  -13.995  -13.995  -11.612  -11.612   -2.427   -2.427   -0.808   -0.808
    9.195    9.195   10.807   10.807   10.814   10.814
            0.366667  0.519615  0.000000
  -14.801  -14.801  -13.997  -13.997  -11.603  -11.603   -2.434   -2.434   -0.801   -0.801
    9.199    9.199   10.801   10.801   10.804   10.804
            0.367000  0.519038  0.000000
  -14.807  -14.807  -13.998  -13.998  -11.593  -11.593   -2.442   -2.442   -0.795   -0.795
    9.203    9.203   10.791   10.791   10.797   10.797
            0.367333  0.518461  0.000000
  -14.812  -14.812  -14.000  -14.000  -11.582  -11.582   -2.449   -2.449   -0.788   -0.788
    9.206    9.206   10.780   10.780   10.791   10.791
            0.367667  0.517883  0.000000
  -14.817  -14.817  -14.002  -14.002  -11.572  -11.572   -2.457   -2.457   -0.782   -0.782
    9.210    9.210   10.769   10.769   10.786   10.786
            0.368000  0.517306  0.000000
  -14.823  -14.823  -14.004  -14.004  -11.562  -11.562   -2.464   -2.464   -0.776   -0.776
    9.214    9.214   10.757   10.757   10.780   10.781
            0.368333  0.516728  0.000000
  -14.828  -14.828  -14.006  -14.006  -11.552  -11.552   -2.472   -2.472   -0.769   -0.769
    9.218    9.218   10.746   10.746   10.775   10.775
            0.368667  0.516151  0.000000
  -14.833  -14.833  -14.008  -14.008  -11.542  -11.542   -2.479   -2.479   -0.763   -0.763
    9.222    9.222   10.734   10.734   10.770   10.770
            0.369000  0.515574  0.000000
  -14.839  -14.839  -14.010  -14.010  -11.531  -11.531   -2.487   -2.487   -0.757   -0.757
    9.227    9.227   10.722   10.722   10.764   10.764
            0.369333  0.514996  0.000000
  -14.844  -14.844  -14.012  -14.012  -11.521  -11.521   -2.494   -2.494   -0.750   -0.750
    9.231    9.231   10.709   10.709   10.759   10.759
            0.369667  0.514419  0.000000
  -14.849  -14.849  -14.014  -14.014  -11.510  -11.510   -2.501   -2.501   -0.744   -0.744
    9.235    9.235   10.697   10.697   10.753   10.754
            0.370000  0.513842  0.000000
  -14.854  -14.854  -14.016  -14.016  -11.500  -11.500   -2.509   -2.509   -0.738   -0.738
    9.239    9.239   10.684   10.684   10.748   10.748
            0.370333  0.513264  0.000000
  -14.860  -14.860  -14.018  -14.018  -11.489  -11.489   -2.516   -2.516   -0.732   -0.732
    9.243    9.243   10.672   10.672   10.743   10.743
            0.370667  0.512687  0.000000
  -14.865  -14.865  -14.020  -14.020  -11.479  -11.479   -2.523   -2.523   -0.726   -0.726
    9.247    9.247   10.659   10.659   10.737   10.737
            0.371000  0.512110  0.000000
  -14.870  -14.870  -14.022  -14.022  -11.468  -11.468   -2.531   -2.531   -0.719   -0.719
    9.252    9.252   10.646   10.646   10.732   10.732
            0.371333  0.511532  0.000000
  -14.875  -14.875  -14.024  -14.024  -11.458  -11.458   -2.538   -2.538   -0.713   -0.713
    9.256    9.256   10.633   10.633   10.726   10.726
            0.371667  0.510955  0.000000
  -14.880  -14.880  -14.027  -14.027  -11.447  -11.447   -2.545   -2.545   -0.707   -0.707
    9.260    9.260   10.619   10.619   10.721   10.721
            0.372000  0.510378  0.000000
  -14.885  -14.885  -14.029  -14.029  -11.436  -11.436   -2.552   -2.552   -0.701   -0.701
    9.265    9.265   10.606   10.606   10.715   10.716
            0.372333  0.509800  0.000000
  -14.891  -14.891  -14.031  -14.031  -11.425  -11.425   -2.559   -2.559   -0.695   -0.695
    9.269    9.269   10.592   10.592   10.710   10.710
            0.372667  0.509223  0.000000
  -14.896  -14.896  -14.034  -14.034  -11.414  -11.414   -2.567   -2.567   -0.689   -0.689
    9.274    9.274   10.578   10.578   10.705   10.705
            0.373000  0.508646  0.000000
  -14.901  -14.901  -14.036  -14.036  -11.404  -11.404   -2.574   -2.574   -0.683   -0.683
    9.278    9.278   10.565   10.565   10.699   10.699
            0.373333  0.508068  0.000000
  -14.906  -14.906  -14.038  -14.038  -11.393  -11.393   -2.581   -2.581   -0.677   -0.677
    9.283    9.283   10.550   10.550   10.694   10.694
            0.373667  0.507491  0.000000
  -14.911  -14.911  -14.041  -14.041  -11.382  -11.382   -2.588   -2.588   -0.671   -0.671
    9.287    9.287   10.536   10.536   10.688   10.688
            0.374000  0.506914  0.000000
  -14.916  -14.916  -14.043  -14.043  -11.371  -11.371   -2.595   -2.595   -0.666   -0.666
    9.292    9.292   10.522   10.522   10.683   10.683
            0.374333  0.506336  0.000000
  -14.921  -14.921  -14.046  -14.046  -11.360  -11.360   -2.602   -2.602   -0.660   -0.660
    9.296    9.296   10.508   10.508   10.677   10.678
            0.374667  0.505759  0.000000
  -14.926  -14.926  -14.048  -14.048  -11.349  -11.349   -2.609   -2.609   -0.654   -0.654
    9.301    9.301   10.493   10.493   10.672   10.672
            0.375000  0.505181  0.000000
  -14.931  -14.931  -14.051  -14.051  -11.338  -11.338   -2.617   -2.617   -0.648   -0.648
    9.306    9.306   10.478   10.478   10.667   10.667
            0.375333  0.504604  0.000000
  -14.936  -14.936  -14.053  -14.053  -11.326  -11.326   -2.624   -2.624   -0.642   -0.642
    9.310    9.310   10.463   10.463   10.661   10.661
            0.375667  0.504027  0.000000
  -14.941  -14.941  -14.056  -14.056  -11.315  -11.315   -2.631   -2.631   -0.637   -0.637
    9.315    9.315   10.449   10.449   10.656   10.656
            0.376000  0.503449  0.000000
  -14.946  -14.946  -14.059  -14.059  -11.304  -11.304   -2.638   -2.638   -0.631   -0.631
    9.320    9.320   10.433   10.433   10.650   10.650
            0.376333  0.502872  0.000000
  -14.951  -14.951  -14.061  -14.061  -11.293  -11.293   -2.645   -2.645   -0.625   -0.625
    9.325    9.325   10.418   10.418   10.645   10.645
            0.376667  0.502295  0.000000
  -14.956  -14.956  -14.064  -14.064  -11.281  -11.281   -2.652   -2.652   -0.620   -0.620
    9.329    9.329   10.403   10.403   10.639   10.639
            0.377000  0.501717  0.000000
  -14.961  -14.961  -14.067  -14.067  -11.270  -11.270   -2.659   -2.659   -0.614   -0.614
    9.334    9.334   10.388   10.388   10.634   10.634
            0.377333  0.501140  0.000000
  -14.966  -14.966  -14.069  -14.069  -11.259  -11.259   -2.666   -2.666   -0.609   -0.609
    9.339    9.339   10.372   10.372   10.629   10.629
            0.377667  0.500563  0.000000
  -14.971  -14.971  -14.072  -14.072  -11.247  -11.247   -2.672   -2.672   -0.603   -0.603
    9.344    9.344   10.357   10.357   10.623   10.623
            0.378000  0.499985  0.000000
  -14.976  -14.976  -14.075  -14.075  -11.236  -11.236   -2.679   -2.679   -0.598   -0.598
    9.349    9.349   10.341   10.341   10.618   10.618
            0.378333  0.499408  0.000000
  -14.981  -14.981  -14.078  -14.078  -11.225  -11.225   -2.686   -2.686   -0.592   -0.592
    9.354    9.354   10.325   10.325   10.612   10.612
            0.378667  0.498831  0.000000
  -14.986  -14.986  -14.080  -14.080  -11.213  -11.213   -2.693   -2.693   -0.587   -0.587
    9.359    9.359   10.309   10.309   10.607   10.607
            0.379000  0.498253  0.000000
  -14.991  -14.991  -14.083  -14.083  -11.202  -11.202   -2.700   -2.700   -0.581   -0.581
    9.364    9.364   10.293   10.293   10.601   10.601
            0.379333  0.497676  0.000000
  -14.996  -14.996  -14.086  -14.086  -11.190  -11.190   -2.707   -2.707   -0.576   -0.576
    9.369    9.369   10.277   10.277   10.596   10.596
            0.379667  0.497099  0.000000
  -15.001  -15.001  -14.089  -14.089  -11.179  -11.179   -2.714   -2.714   -0.571   -0.571
    9.374    9.374   10.261   10.261   10.591   10.591
            0.380000  0.496521  0.000000
  -15.005  -15.005  -14.092  -14.092  -11.167  -11.167   -2.720   -2.720   -0.565   -0.565
    9.379    9.379   10.245   10.245   10.585   10.585
            0.380333  0.495944  0.000000
  -15.010  -15.010  -14.095  -14.095  -11.155  -11.155   -2.727   -2.727   -0.560   -0.560
    9.384    9.384   10.229   10.229   10.580   10.580
            0.380667  0.495367  0.000000
  -15.015  -15.015  -14.098  -14.098  -11.144  -11.144   -2.734   -2.734   -0.555   -0.555
    9.389    9.389   10.212   10.212   10.574   10.574
            0.381000  0.494789  0.000000
  -15.020  -15.020  -14.100  -14.100  -11.132  -11.132   -2.741   -2.741   -0.550   -0.549
    9.394    9.394   10.196   10.196   10.569   10.569
            0.381333  0.494212  0.000000
  -15.025  -15.025  -14.103  -14.103  -11.120  -11.120   -2.747   -2.747   -0.544   -0.544
    9.400    9.400   10.179   10.179   10.563   10.564
            0.381667  0.493634  0.000000
  -15.029  -15.029  -14.106  -14.106  -11.109  -11.109   -2.754   -2.754   -0.539   -0.539
    9.405    9.405   10.163   10.163   10.558   10.558
            0.382000  0.493057  0.000000
  -15.034  -15.034  -14.109  -14.109  -11.097  -11.097   -2.761   -2.761   -0.534   -0.534
    9.410    9.410   10.146   10.146   10.553   10.553
            0.382333  0.492480  0.000000
  -15.039  -15.039  -14.112  -14.112  -11.085  -11.085   -2.767   -2.767   -0.529   -0.529
    9.415    9.415   10.129   10.129   10.547   10.547
            0.382667  0.491902  0.000000
  -15.044  -15.044  -14.115  -14.115  -11.074  -11.074   -2.774   -2.774   -0.524   -0.524
    9.420    9.421   10.113   10.113   10.542   10.542
            0.383000  0.491325  0.000000
  -15.048  -15.048  -14.118  -14.118  -11.062  -11.062   -2.781   -2.781   -0.519   -0.519
    9.426    9.426   10.096   10.096   10.537   10.537
            0.383333  0.490748  0.000000
  -15.053  -15.053  -14.121  -14.121  -11.050  -11.050   -2.787   -2.787   -0.514   -0.514
    9.431    9.431   10.079   10.079   10.531   10.531
            0.383667  0.490170  0.000000
  -15.058  -15.058  -14.124  -14.124  -11.038  -11.038   -2.794   -2.794   -0.509   -0.509
    9.436    9.436   10.062   10.062   10.526   10.526
            0.384000  0.489593  0.000000
  -15.062  -15.062  -14.127  -14.127  -11.026  -11.026   -2.801   -2.801   -0.504   -0.504
    9.442    9.442   10.045   10.045   10.520   10.520
            0.384333  0.489016  0.000000
  -15.067  -15.067  -14.130  -14.130  -11.014  -11.014   -2.807   -2.807   -0.499   -0.499
    9.447    9.447   10.028   10.028   10.515   10.515
            0.384667  0.488438  0.000000
  -15.072  -15.072  -14.133  -14.133  -11.003  -11.003   -2.814   -2.814   -0.494   -0.494
    9.452    9.453   10.011   10.011   10.510   10.510
            0.385000  0.487861  0.000000
  -15.076  -15.076  -14.136  -14.136  -10.991  -10.991   -2.820   -2.820   -0.489   -0.489
    9.458    9.458    9.994    9.994   10.504   10.504
            0.385333  0.487284  0.000000
  -15.081  -15.081  -14.139  -14.139  -10.979  -10.979   -2.827   -2.827   -0.484   -0.484
    9.463    9.463    9.976    9.976   10.499   10.499
            0.385667  0.486706  0.000000
  -15.086  -15.086  -14.143  -14.143  -10.967  -10.967   -2.833   -2.833   -0.479   -0.479
    9.469    9.469    9.959    9.959   10.494   10.494
            0.386000  0.486129  0.000000
  -15.090  -15.090  -14.146  -14.146  -10.955  -10.955   -2.840   -2.840   -0.475   -0.474
    9.474    9.474    9.942    9.942   10.488   10.488
            0.386333  0.485552  0.000000
  -15.095  -15.095  -14.149  -14.149  -10.943  -10.943   -2.846   -2.846   -0.470   -0.470
    9.480    9.480    9.924    9.924   10.483   10.483
            0.386667  0.484974  0.000000
  -15.099  -15.099  -14.152  -14.152  -10.931  -10.931   -2.853   -2.853   -0.465   -0.465
    9.485    9.485    9.907    9.907   10.478   10.478
            0.387000  0.484397  0.000000
  -15.104  -15.104  -14.155  -14.155  -10.919  -10.919   -2.859   -2.859   -0.460   -0.460
    9.491    9.491    9.890    9.890   10.472   10.472
            0.387333  0.483820  0.000000
  -15.109  -15.109  -14.158  -14.158  -10.907  -10.907   -2.865   -2.865   -0.456   -0.456
    9.496    9.496    9.872    9.872   10.467   10.467
            0.387667  0.483242  0.000000
  -15.113  -15.113  -14.161  -14.161  -10.895  -10.895   -2.872   -2.872   -0.451   -0.451
    9.502    9.502    9.855    9.855   10.462   10.462
            0.388000  0.482665  0.000000
  -15.118  -15.118  -14.164  -14.164  -10.883  -10.883   -2.878   -2.878   -0.446   -0.446
    9.507    9.507    9.837    9.837   10.456   10.456
            0.388333  0.482087  0.000000
  -15.122  -15.122  -14.167  -14.167  -10.871  -10.871   -2.884   -2.884   -0.442   -0.442
    9.513    9.513    9.820    9.820   10.451   10.451
            0.388667  0.481510  0.000000
  -15.127  -15.127  -14.171  -14.171  -10.859  -10.859   -2.891   -2.891   -0.437   -0.437
    9.518    9.519    9.802    9.802   10.446   10.446
            0.389000  0.480933  0.000000
  -15.131  -15.131  -14.174  -14.174  -10.847  -10.847   -2.897   -2.897   -0.433   -0.433
    9.524    9.524    9.784    9.784   10.440   10.441
            0.389333  0.480355  0.000000
  -15.136  -15.136  -14.177  -14.177  -10.835  -10.835   -2.903   -2.903   -0.428   -0.428
    9.530    9.530    9.767    9.767   10.435   10.435
            0.389667  0.479778  0.000000
  -15.140  -15.140  -14.180  -14.180  -10.822  -10.822   -2.910   -2.910   -0.424   -0.424
    9.535    9.535    9.749    9.749   10.430   10.430
            0.390000  0.479201  0.000000
  -15.144  -15.144  -14.183  -14.183  -10.810  -10.810   -2.916   -2.916   -0.419   -0.419
    9.541    9.541    9.731    9.731   10.425   10.425
            0.390333  0.478623  0.000000
  -15.149  -15.149  -14.186  -14.186  -10.798  -10.798   -2.922   -2.922   -0.415   -0.415
    9.547    9.547    9.714    9.714   10.419   10.419
            0.390667  0.478046  0.000000
  -15.153  -15.153  -14.190  -14.190  -10.786  -10.786   -2.928   -2.928   -0.410   -0.410
    9.552    9.552    9.696    9.696   10.414   10.414
            0.391000  0.477469  0.000000
  -15.158  -15.158  -14.193  -14.193  -10.774  -10.774   -2.934   -2.934   -0.406   -0.406
    9.558    9.558    9.678    9.678   10.409   10.409
            0.391333  0.476891  0.000000
  -15.162  -15.162  -14.196  -14.196  -10.762  -10.762   -2.941   -2.941   -0.402   -0.402
    9.564    9.564    9.660    9.660   10.404   10.404
            0.391667  0.476314  0.000000
  -15.166  -15.166  -14.199  -14.199  -10.750  -10.750   -2.947   -2.947   -0.397   -0.397
    9.569    9.569    9.642    9.642   10.398   10.399
            0.392000  0.475737  0.000000
  -15.171  -15.171  -14.202  -14.202  -10.737  -10.737   -2.953   -2.953   -0.393   -0.393
    9.575    9.575    9.624    9.625   10.393   10.393
            0.392333  0.475159  0.000000
  -15.175  -15.175  -14.206  -14.206  -10.725  -10.725   -2.959   -2.959   -0.389   -0.389
    9.580    9.581    9.607    9.607   10.388   10.388
            0.392667  0.474582  0.000000
  -15.179  -15.179  -14.209  -14.209  -10.713  -10.713   -2.965   -2.965   -0.384   -0.384
    9.585    9.586    9.589    9.590   10.383   10.383
            0.393000  0.474005  0.000000
  -15.184  -15.184  -14.212  -14.212  -10.701  -10.701   -2.971   -2.971   -0.380   -0.380
    9.570    9.571    9.592    9.592   10.378   10.378
            0.393333  0.473427  0.000000
  -15.188  -15.188  -14.215  -14.215  -10.689  -10.689   -2.977   -2.977   -0.376   -0.376
    9.553    9.553    9.598    9.598   10.372   10.373
            0.393667  0.472850  0.000000
  -15.192  -15.192  -14.219  -14.219  -10.676  -10.676   -2.983   -2.983   -0.372   -0.372
    9.535    9.535    9.604    9.604   10.367   10.367
            0.394000  0.472273  0.000000
  -15.197  -15.197  -14.222  -14.222  -10.664  -10.664   -2.989   -2.989   -0.368   -0.368
    9.517    9.517    9.609    9.609   10.362   10.362
            0.394333  0.471695  0.000000
  -15.201  -15.201  -14.225  -14.225  -10.652  -10.652   -2.995   -2.995   -0.364   -0.364
    9.499    9.499    9.615    9.615   10.357   10.357
            0.394667  0.471118  0.000000
  -15.205  -15.205  -14.228  -14.228  -10.640  -10.640   -3.001   -3.001   -0.360   -0.360
    9.481    9.481    9.621    9.621   10.352   10.352
            0.395000  0.470540  0.000000
  -15.209  -15.209  -14.231  -14.231  -10.628  -10.628   -3.007   -3.007   -0.356   -0.356
    9.463    9.463    9.626    9.626   10.347   10.347
            0.395333  0.469963  0.000000
  -15.214  -15.214  -14.235  -14.235  -10.615  -10.615   -3.013   -3.013   -0.352   -0.352
    9.445    9.445    9.632    9.632   10.341   10.342
            0.395667  0.469386  0.000000
  -15.218  -15.218  -14.238  -14.238  -10.603  -10.603   -3.019   -3.019   -0.348   -0.348
    9.427    9.427    9.638    9.638   10.336   10.336
            0.396000  0.468808  0.000000
  -15.222  -15.222  -14.241  -14.241  -10.591  -10.591   -3.025   -3.025   -0.344   -0.344
    9.409    9.409    9.644    9.644   10.331   10.331
            0.396333  0.468231  0.000000
  -15.226  -15.226  -14.244  -14.244  -10.579  -10.579   -3.031   -3.031   -0.340   -0.340
    9.391    9.391    9.649    9.649   10.326   10.326
            0.396667  0.467654  0.000000
  -15.230  -15.230  -14.248  -14.248  -10.566  -10.566   -3.037   -3.037   -0.336   -0.336
    9.373    9.373    9.655    9.655   10.321   10.321
            0.397000  0.467076  0.000000
  -15.235  -15.235  -14.251  -14.251  -10.554  -10.554   -3.043   -3.043   -0.332   -0.332
    9.355    9.355    9.661    9.661   10.316   10.316
            0.397333  0.466499  0.000000
  -15.239  -15.239  -14.254  -14.254  -10.542  -10.542   -3.049   -3.049   -0.328   -0.328
    9.337    9.337    9.667    9.667   10.311   10.311
            0.397667  0.465922  0.000000
  -15.243  -15.243  -14.257  -14.257  -10.529  -10.529   -3.054   -3.054   -0.324   -0.324
    9.319    9.319    9.672    9.672   10.306   10.306
            0.398000  0.465344  0.000000
  -15.247  -15.247  -14.260  -14.260  -10.517  -10.517   -3.060   -3.060   -0.320   -0.320
    9.301    9.301    9.678    9.678   10.301   10.301
            0.398333  0.464767  0.000000
  -15.251  -15.251  -14.264  -14.264  -10.505  -10.505   -3.066   -3.066   -0.317   -0.316
    9.282    9.282    9.684    9.684   10.296   10.296
            0.398667  0.464190  0.000000
  -15.255  -15.255  -14.267  -14.267  -10.493  -10.493   -3.072   -3.072   -0.313   -0.313
    9.264    9.264    9.690    9.690   10.291   10.291
            0.399000  0.463612  0.000000
  -15.259  -15.259  -14.270  -14.270  -10.480  -10.480   -3.078   -3.078   -0.309   -0.309
    9.246    9.246    9.695    9.695   10.286   10.286
            0.399333  0.463035  0.000000
  -15.263  -15.263  -14.273  -14.273  -10.468  -10.468   -3.083   -3.083   -0.305   -0.305
    9.228    9.228    9.701    9.701   10.281   10.281
            0.399667  0.462458  0.000000
  -15.267  -15.267  -14.277  -14.277  -10.456  -10.456   -3.089   -3.089   -0.302   -0.302
    9.210    9.210    9.707    9.707   10.276   10.276
            0.400000  0.461880  0.000000
  -15.272  -15.272  -14.280  -14.280  -10.444  -10.444   -3.095   -3.095   -0.298   -0.298
    9.192    9.192    9.712    9.712   10.271   10.271
            0.400333  0.461303  0.000000
  -15.276  -15.276  -14.283  -14.283  -10.431  -10.431   -3.100   -3.100   -0.294   -0.294
    9.174    9.174    9.718    9.718   10.266   10.266
            0.400667  0.460726  0.000000
  -15.280  -15.280  -14.286  -14.286  -10.419  -10.419   -3.106   -3.106   -0.291   -0.291
    9.156    9.156    9.724    9.724   10.261   10.261
            0.401000  0.460148  0.000000
  -15.284  -15.284  -14.289  -14.289  -10.407  -10.407   -3.112   -3.112   -0.287   -0.287
    9.138    9.138    9.729    9.729   10.256   10.256
            0.401333  0.459571  0.000000
  -15.288  -15.288  -14.293  -14.293  -10.394  -10.394   -3.117   -3.117   -0.284   -0.284
    9.120    9.120    9.735    9.735   10.251   10.251
            0.401667  0.458993  0.000000
  -15.292  -15.292  -14.296  -14.296  -10.382  -10.382   -3.123   -3.123   -0.280   -0.280
    9.102    9.102    9.741    9.741   10.246   10.246
            0.402000  0.458416  0.000000
  -15.295  -15.295  -14.299  -14.299  -10.370  -10.370   -3.129   -3.129   -0.277   -0.277
    9.084    9.084    9.746    9.746   10.241   10.241
            0.402333  0.457839  0.000000
  -15.299  -15.299  -14.302  -14.302  -10.358  -10.358   -3.134   -3.134   -0.273   -0.273
    9.066    9.066    9.752    9.752   10.236   10.236
            0.402667  0.457261  0.000000
  -15.303  -15.303  -14.306  -14.306  -10.345  -10.345   -3.140   -3.140   -0.270   -0.270
    9.048    9.048    9.758    9.758   10.231   10.231
            0.403000  0.456684  0.000000
  -15.307  -15.307  -14.309  -14.309  -10.333  -10.333   -3.145   -3.145   -0.266   -0.266
    9.029    9.029    9.763    9.763   10.226   10.226
            0.403333  0.456107  0.000000
  -15.311  -15.311  -14.312  -14.312  -10.321  -10.321   -3.151   -3.151   -0.263   -0.263
    9.011    9.011    9.769    9.769   10.221   10.221
            0.403667  0.455529  0.000000
  -15.315  -15.315  -14.315  -14.315  -10.308  -10.308   -3.156   -3.156   -0.259   -0.259
    8.993    8.993    9.774    9.774   10.216   10.216
            0.404000  0.454952  0.000000
  -15.319  -15.319  -14.318  -14.318  -10.296  -10.296   -3.162   -3.162   -0.256   -0.256
    8.975    8.975    9.780    9.780   10.211   10.212
            0.404333  0.454375  0.000000
  -15.323  -15.323  -14.321  -14.321  -10.284  -10.284   -3.167   -3.167   -0.253   -0.253
    8.957    8.957    9.785    9.785   10.207   10.207
            0.404667  0.453797  0.000000
  -15.327  -15.327  -14.325  -14.325  -10.272  -10.272   -3.173   -3.173   -0.249   -0.249
    8.939    8.939    9.791    9.791   10.202   10.202
            0.405000  0.453220  0.000000
  -15.331  -15.331  -14.328  -14.328  -10.259  -10.259   -3.178   -3.178   -0.246   -0.246
    8.921    8.921    9.796    9.796   10.197   10.197
            0.405333  0.452643  0.000000
  -15.334  -15.334  -14.331  -14.331  -10.247  -10.247   -3.183   -3.183   -0.243   -0.243
    8.903    8.903    9.802    9.802   10.192   10.192
            0.405667  0.452065  0.000000
  -15.338  -15.338  -14.334  -14.334  -10.235  -10.235   -3.189   -3.189   -0.240   -0.240
    8.885    8.885    9.807    9.807   10.187   10.187
            0.406000  0.451488  0.000000
  -15.342  -15.342  -14.337  -14.337  -10.223  -10.223   -3.194   -3.194   -0.236   -0.236
    8.867    8.867    9.813    9.813   10.183   10.183
            0.406333  0.450911  0.000000
  -15.346  -15.346  -14.341  -14.341  -10.211  -10.211   -3.199   -3.199   -0.233   -0.233
    8.849    8.849    9.818    9.818   10.178   10.178
            0.406667  0.450333  0.000000
  -15.350  -15.350  -14.344  -14.344  -10.198  -10.198   -3.205   -3.205   -0.230   -0.230
    8.832    8.832    9.823    9.823   10.173   10.173
            0.407000  0.449756  0.000000
  -15.353  -15.353  -14.347  -14.347  -10.186  -10.186   -3.210   -3.210   -0.227   -0.227
    8.814    8.814    9.829    9.829   10.168   10.168
            0.407333  0.449179  0.000000
  -15.357  -15.357  -14.350  -14.350  -10.174  -10.174   -3.215   -3.215   -0.224   -0.224
    8.796    8.796    9.834    9.834   10.163   10.164
            0.407667  0.448601  0.000000
  -15.361  -15.361  -14.353  -14.353  -10.162  -10.162   -3.221   -3.221   -0.221   -0.221
    8.778    8.778    9.839    9.839   10.159   10.159
            0.408000  0.448024  0.000000
  -15.365  -15.365  -14.356  -14.356  -10.149  -10.149   -3.226   -3.226   -0.218   -0.218
    8.760    8.760    9.844    9.844   10.154   10.154
            0.408333  0.447446  0.000000
  -15.368  -15.368  -14.359  -14.359  -10.137  -10.137   -3.231   -3.231   -0.214   -0.214
    8.742    8.742    9.850    9.850   10.149   10.149
            0.408667  0.446869  0.000000
  -15.372  -15.372  -14.363  -14.363  -10.125  -10.125   -3.236   -3.236   -0.211   -0.211
    8.724    8.724    9.855    9.855   10.145   10.145
            0.409000  0.446292  0.000000
  -15.376  -15.376  -14.366  -14.366  -10.113  -10.113   -3.242   -3.242   -0.208   -0.208
    8.706    8.706    9.860    9.860   10.140   10.140
            0.409333  0.445714  0.000000
  -15.379  -15.379  -14.369  -14.369  -10.101  -10.101   -3.247   -3.247   -0.205   -0.205
    8.688    8.688    9.865    9.865   10.135   10.135
            0.409667  0.445137  0.000000
  -15.383  -15.383  -14.372  -14.372  -10.089  -10.089   -3.252   -3.252   -0.203   -0.203
    8.671    8.671    9.870    9.870   10.131   10.131
            0.410000  0.444560  0.000000
  -15.387  -15.387  -14.375  -14.375  -10.076  -10.076   -3.257   -3.257   -0.200   -0.200
    8.653    8.653    9.875    9.875   10.126   10.126
            0.410333  0.443982  0.000000
  -15.390  -15.390  -14.378  -14.378  -10.064  -10.064   -3.262   -3.262   -0.197   -0.197
    8.635    8.635    9.880    9.880   10.121   10.121
            0.410667  0.443405  0.000000
  -15.394  -15.394  -14.381  -14.381  -10.052  -10.052   -3.267   -3.267   -0.194   -0.194
    8.617    8.617    9.885    9.885   10.117   10.117
            0.411000  0.442828  0.000000
  -15.397  -15.397  -14.384  -14.384  -10.040  -10.040   -3.272   -3.272   -0.191   -0.191
    8.600    8.600    9.890    9.890   10.112   10.112
            0.411333  0.442250  0.000000
  -15.401  -15.401  -14.387  -14.387  -10.028  -10.028   -3.277   -3.277   -0.188   -0.188
    8.582    8.582    9.894    9.895   10.108   10.108
            0.411667  0.441673  0.000000
  -15.405  -15.405  -14.390  -14.390  -10.016  -10.016   -3.282   -3.282   -0.185   -0.185
    8.564    8.564    9.899    9.899   10.103   10.103
            0.412000  0.441096  0.000000
  -15.408  -15.408  -14.394  -14.394  -10.004  -10.004   -3.287   -3.287   -0.182   -0.182
    8.547    8.547    9.904    9.904   10.098   10.098
            0.412333  0.440518  0.000000
  -15.412  -15.412  -14.397  -14.397   -9.992   -9.992   -3.292   -3.292   -0.180   -0.180
    8.529    8.529    9.909    9.909   10.094   10.094
            0.412667  0.439941  0.000000
  -15.415  -15.415  -14.400  -14.400   -9.980   -9.980   -3.297   -3.297   -0.177   -0.177
    8.511    8.511    9.913    9.913   10.089   10.089
            0.413000  0.439364  0.000000
  -15.419  -15.419  -14.403  -14.403   -9.968   -9.968   -3.302   -3.302   -0.174   -0.174
    8.494    8.494    9.918    9.918   10.085   10.085
            0.413333  0.438786  0.000000
  -15.422  -15.422  -14.406  -14.406   -9.955   -9.955   -3.307   -3.307   -0.171   -0.171
    8.476    8.476    9.922    9.922   10.080   10.080
            0.413667  0.438209  0.000000
  -15.426  -15.426  -14.409  -14.409   -9.943   -9.943   -3.312   -3.312   -0.169   -0.169
    8.459    8.459    9.927    9.927   10.076   10.076
            0.414000  0.437632  0.000000
  -15.429  -15.429  -14.412  -14.412   -9.931   -9.931   -3.317   -3.317   -0.166   -0.166
    8.441    8.441    9.931    9.931   10.071   10.071
            0.414333  0.437054  0.000000
  -15.433  -15.433  -14.415  -14.415   -9.919   -9.919   -3.322   -3.322   -0.163   -0.163
    8.423    8.423    9.935    9.935   10.067   10.067
            0.414667  0.436477  0.000000
  -15.436  -15.436  -14.418  -14.418   -9.907   -9.907   -3.327   -3.327   -0.161   -0.161
    8.406    8.406    9.939    9.939   10.062   10.062
            0.415000  0.435899  0.000000
  -15.440  -15.440  -14.421  -14.421   -9.895   -9.895   -3.332   -3.332   -0.158   -0.158
    8.388    8.388    9.943    9.944   10.058   10.058
            0.415333  0.435322  0.000000
  -15.443  -15.443  -14.424  -14.424   -9.883   -9.883   -3.337   -3.337   -0.156   -0.156
    8.371    8.371    9.947    9.948   10.053   10.054
            0.415667  0.434745  0.000000
  -15.446  -15.446  -14.427  -14.427   -9.871   -9.871   -3.341   -3.341   -0.153   -0.153
    8.354    8.354    9.951    9.952   10.049   10.049
            0.416000  0.434167  0.000000
  -15.450  -15.450  -14.430  -14.430   -9.860   -9.860   -3.346   -3.346   -0.150   -0.150
    8.336    8.336    9.955    9.955   10.045   10.045
            0.416333  0.433590  0.000000
  -15.453  -15.453  -14.433  -14.433   -9.848   -9.848   -3.351   -3.351   -0.148   -0.148
    8.319    8.319    9.959    9.959   10.040   10.040
            0.416667  0.433013  0.000000
  -15.457  -15.457  -14.436  -14.436   -9.836   -9.836   -3.356   -3.356   -0.145   -0.145
    8.302    8.302    9.963    9.963   10.036   10.036
            0.417000  0.432435  0.000000
  -15.460  -15.460  -14.439  -14.439   -9.824   -9.824   -3.361   -3.361   -0.143   -0.143
    8.284    8.284    9.966    9.966   10.031   10.032
            0.417333  0.431858  0.000000
  -15.463  -15.463  -14.442  -14.442   -9.812   -9.812   -3.365   -3.365   -0.140   -0.140
    8.267    8.267    9.970    9.970   10.027   10.027
            0.417667  0.431281  0.000000
  -15.467  -15.467  -14.445  -14.445   -9.800   -9.800   -3.370   -3.370   -0.138   -0.138
    8.250    8.250    9.973    9.973   10.023   10.023
            0.418000  0.430703  0.000000
  -15.470  -15.470  -14.448  -14.448   -9.788   -9.788   -3.375   -3.375   -0.136   -0.136
    8.232    8.232    9.976    9.976   10.018   10.019
            0.418333  0.430126  0.000000
  -15.473  -15.473  -14.451  -14.451   -9.776   -9.776   -3.379   -3.379   -0.133   -0.133
    8.215    8.215    9.979    9.979   10.014   10.014
            0.418667  0.429549  0.000000
  -15.477  -15.477  -14.454  -14.454   -9.764   -9.764   -3.384   -3.384   -0.131   -0.131
    8.198    8.198    9.982    9.982   10.010   10.010
            0.419000  0.428971  0.000000
  -15.480  -15.480  -14.456  -14.456   -9.753   -9.753   -3.389   -3.389   -0.128   -0.128
    8.181    8.181    9.985    9.985   10.006   10.006
            0.419333  0.428394  0.000000
  -15.483  -15.483  -14.459  -14.459   -9.741   -9.741   -3.393   -3.393   -0.126   -0.126
    8.164    8.164    9.988    9.988   10.001   10.001
            0.419667  0.427817  0.000000
  -15.486  -15.486  -14.462  -14.462   -9.729   -9.729   -3.398   -3.398   -0.124   -0.124
    8.147    8.147    9.990    9.990    9.997    9.997
            0.420000  0.427239  0.000000
  -15.490  -15.490  -14.465  -14.465   -9.717   -9.717   -3.402   -3.402   -0.121   -0.121
    8.130    8.130    9.992    9.993    9.993    9.993
            0.420333  0.426662  0.000000
  -15.493  -15.493  -14.468  -14.468   -9.706   -9.706   -3.407   -3.407   -0.119   -0.119
    8.113    8.113    9.989    9.989    9.995    9.995
            0.420667  0.426084  0.000000
  -15.496  -15.496  -14.471  -14.471   -9.694   -9.694   -3.412   -3.412   -0.117   -0.117
    8.096    8.096    9.984    9.985    9.997    9.997
            0.421000  0.425507  0.000000
  -15.499  -15.499  -14.474  -14.474   -9.682   -9.682   -3.416   -3.416   -0.115   -0.115
    8.079    8.079    9.980    9.980    9.999    9.999
            0.421333  0.424930  0.000000
  -15.502  -15.502  -14.477  -14.477   -9.670   -9.670   -3.421   -3.421   -0.112   -0.112
    8.062    8.062    9.976    9.976   10.001   10.001
            0.421667  0.424352  0.000000
  -15.506  -15.506  -14.480  -14.480   -9.659   -9.659   -3.425   -3.425   -0.110   -0.110
    8.045    8.045    9.972    9.972   10.002   10.003
            0.422000  0.423775  0.000000
  -15.509  -15.509  -14.482  -14.482   -9.647   -9.647   -3.430   -3.430   -0.108   -0.108
    8.028    8.028    9.968    9.968   10.004   10.004
            0.422333  0.423198  0.000000
  -15.512  -15.512  -14.485  -14.485   -9.635   -9.635   -3.434   -3.434   -0.106   -0.106
    8.011    8.011    9.964    9.964   10.005   10.005
            0.422667  0.422620  0.000000
  -15.515  -15.515  -14.488  -14.488   -9.624   -9.624   -3.438   -3.438   -0.104   -0.104
    7.994    7.994    9.960    9.960   10.006   10.006
            0.423000  0.422043  0.000000
  -15.518  -15.518  -14.491  -14.491   -9.612   -9.612   -3.443   -3.443   -0.101   -0.101
    7.978    7.978    9.955    9.956   10.007   10.007
            0.423333  0.421466  0.000000
  -15.521  -15.521  -14.494  -14.494   -9.601   -9.601   -3.447   -3.447   -0.099   -0.099
    7.961    7.961    9.951    9.951   10.008   10.008
            0.423667  0.420888  0.000000
  -15.524  -15.524  -14.496  -14.496   -9.589   -9.589   -3.452   -3.452   -0.097   -0.097
    7.944    7.944    9.947    9.947   10.008   10.008
            0.424000  0.420311  0.000000
  -15.527  -15.527  -14.499  -14.499   -9.578   -9.578   -3.456   -3.456   -0.095   -0.095
    7.928    7.928    9.943    9.943   10.009   10.009
            0.424333  0.419734  0.000000
  -15.530  -15.530  -14.502  -14.502   -9.566   -9.566   -3.460   -3.460   -0.093   -0.093
    7.911    7.911    9.939    9.939   10.009   10.009
            0.424667  0.419156  0.000000
  -15.534  -15.534  -14.505  -14.505   -9.555   -9.555   -3.465   -3.465   -0.091   -0.091
    7.895    7.895    9.935    9.935   10.009   10.009
            0.425000  0.418579  0.000000
  -15.537  -15.537  -14.508  -14.508   -9.543   -9.543   -3.469   -3.469   -0.089   -0.089
    7.878    7.878    9.931    9.931   10.009   10.009
            0.425333  0.418002  0.000000
  -15.540  -15.540  -14.510  -14.510   -9.532   -9.532   -3.473   -3.473   -0.087   -0.087
    7.861    7.861    9.927    9.927   10.008   10.008
            0.425667  0.417424  0.000000
  -15.543  -15.543  -14.513  -14.513   -9.520   -9.520   -3.477   -3.477   -0.085   -0.085
    7.845    7.845    9.923    9.923   10.008   10.008
            0.426000  0.416847  0.000000
  -15.546  -15.546  -14.516  -14.516   -9.509   -9.509   -3.482   -3.482   -0.083   -0.083
    7.829    7.829    9.919    9.919   10.007   10.007
            0.426333  0.416270  0.000000
  -15.549  -15.549  -14.519  -14.519   -9.497   -9.497   -3.486   -3.486   -0.081   -0.081
    7.812    7.812    9.915    9.915   10.006   10.006
            0.426667  0.415692  0.000000
  -15.552  -15.552  -14.521  -14.521   -9.486   -9.486   -3.490   -3.490   -0.079   -0.079
    7.796    7.796    9.911    9.911   10.005   10.005
            0.427000  0.415115  0.000000
  -15.555  -15.555  -14.524  -14.524   -9.475   -9.475   -3.494   -3.494   -0.077   -0.077
    7.780    7.780    9.907    9.908   10.004   10.004
            0.427333  0.414537  0.000000
  -15.557  -15.557  -14.527  -14.527   -9.463   -9.463   -3.498   -3.498   -0.075   -0.075
    7.763    7.763    9.904    9.904   10.003   10.003
            0.427667  0.413960  0.000000
  -15.560  -15.560  -14.529  -14.529   -9.452   -9.452   -3.503   -3.503   -0.073   -0.073
    7.747    7.747    9.900    9.900   10.001   10.001
            0.428000  0.413383  0.000000
  -15.563  -15.563  -14.532  -14.532   -9.441   -9.441   -3.507   -3.507   -0.072   -0.072
    7.731    7.731    9.896    9.896   10.000   10.000
            0.428333  0.412805  0.000000
  -15.566  -15.566  -14.535  -14.535   -9.429   -9.429   -3.511   -3.511   -0.070   -0.070
    7.715    7.715    9.892    9.892    9.998    9.998
            0.428667  0.412228  0.000000
  -15.569  -15.569  -14.537  -14.537   -9.418   -9.418   -3.515   -3.515   -0.068   -0.068
    7.699    7.699    9.888    9.888    9.996    9.996
            0.429000  0.411651  0.000000
  -15.572  -15.572  -14.540  -14.540   -9.407   -9.407   -3.519   -3.519   -0.066   -0.066
    7.683    7.683    9.884    9.884    9.995    9.995
            0.429333  0.411073  0.000000
  -15.575  -15.575  -14.543  -14.543   -9.396   -9.396   -3.523   -3.523   -0.064   -0.064
    7.667    7.667    9.880    9.881    9.993    9.993
            0.429667  0.410496  0.000000
  -15.578  -15.578  -14.545  -14.545   -9.385   -9.385   -3.527   -3.527   -0.062   -0.062
    7.651    7.651    9.877    9.877    9.991    9.991
            0.430000  0.409919  0.000000
  -15.581  -15.581  -14.548  -14.548   -9.374   -9.374   -3.531   -3.531   -0.061   -0.061
    7.635    7.635    9.873    9.873    9.988    9.988
            0.430333  0.409341  0.000000
  -15.583  -15.583  -14.550  -14.550   -9.362   -9.362   -3.535   -3.535   -0.059   -0.059
    7.619    7.619    9.869    9.869    9.986    9.986
            0.430667  0.408764  0.000000
  -15.586  -15.586  -14.553  -14.553   -9.351   -9.351   -3.539   -3.539   -0.057   -0.057
    7.603    7.603    9.865    9.865    9.984    9.984
            0.431000  0.408187  0.000000
  -15.589  -15.589  -14.556  -14.556   -9.340   -9.340   -3.543   -3.543   -0.055   -0.055
    7.587    7.587    9.862    9.862    9.982    9.982
            0.431333  0.407609  0.000000
  -15.592  -15.592  -14.558  -14.558   -9.329   -9.329   -3.547   -3.547   -0.054   -0.054
    7.571    7.571    9.858    9.858    9.979    9.979
            0.431667  0.407032  0.000000
  -15.595  -15.595  -14.561  -14.561   -9.318   -9.318   -3.551   -3.551   -0.052   -0.052
    7.556    7.556    9.854    9.854    9.977    9.977
            0.432000  0.406455  0.000000
  -15.597  -15.597  -14.563  -14.563   -9.307   -9.307   -3.555   -3.555   -0.050   -0.050
    7.540    7.540    9.851    9.851    9.974    9.974
            0.432333  0.405877  0.000000
  -15.600  -15.600  -14.566  -14.566   -9.296   -9.296   -3.559   -3.559   -0.049   -0.049
    7.524    7.524    9.847    9.847    9.972    9.972
            0.432667  0.405300  0.000000
  -15.603  -15.603  -14.568  -14.568   -9.285   -9.285   -3.562   -3.562   -0.047   -0.047
    7.509    7.509    9.843    9.843    9.969    9.969
            0.433000  0.404723  0.000000
  -15.605  -15.605  -14.571  -14.571   -9.275   -9.275   -3.566   -3.566   -0.045   -0.045
    7.493    7.493    9.840    9.840    9.966    9.966
            0.433333  0.404145  0.000000
  -15.608  -15.608  -14.573  -14.573   -9.264   -9.264   -3.570   -3.570   -0.044   -0.044
    7.478    7.478    9.836    9.836    9.964    9.964
            0.433667  0.403568  0.000000
  -15.611  -15.611  -14.576  -14.576   -9.253   -9.253   -3.574   -3.574   -0.042   -0.042
    7.462    7.462    9.832    9.833    9.961    9.961
            0.434000  0.402990  0.000000
  -15.614  -15.614  -14.578  -14.578   -9.242   -9.242   -3.578   -3.578   -0.041   -0.041
    7.447    7.447    9.829    9.829    9.958    9.958
            0.434333  0.402413  0.000000
  -15.616  -15.616  -14.581  -14.581   -9.231   -9.231   -3.581   -3.581   -0.039   -0.039
    7.432    7.432    9.825    9.825    9.955    9.955
            0.434667  0.401836  0.000000
  -15.619  -15.619  -14.583  -14.583   -9.221   -9.221   -3.585   -3.585   -0.037   -0.037
    7.416    7.416    9.822    9.822    9.952    9.952
            0.435000  0.401258  0.000000
  -15.621  -15.621  -14.586  -14.586   -9.210   -9.210   -3.589   -3.589   -0.036   -0.036
    7.401    7.401    9.818    9.818    9.949    9.950
            0.435333  0.400681  0.000000
  -15.624  -15.624  -14.588  -14.588   -9.199   -9.199   -3.593   -3.593   -0.034   -0.034
    7.386    7.386    9.815    9.815    9.947    9.947
            0.435667  0.400104  0.000000
  -15.627  -15.627  -14.591  -14.591   -9.188   -9.188   -3.596   -3.596   -0.033   -0.033
    7.371    7.371    9.811    9.811    9.944    9.944
            0.436000  0.399526  0.000000
  -15.629  -15.629  -14.593  -14.593   -9.178   -9.178   -3.600   -3.600   -0.031   -0.031
    7.356    7.356    9.808    9.808    9.941    9.941
            0.436333  0.398949  0.000000
  -15.632  -15.632  -14.596  -14.596   -9.167   -9.167   -3.604   -3.604   -0.030   -0.030
    7.341    7.341    9.804    9.804    9.938    9.938
            0.436667  0.398372  0.000000
  -15.634  -15.634  -14.598  -14.598   -9.157   -9.157   -3.607   -3.607   -0.028   -0.028
    7.326    7.326    9.801    9.801    9.935    9.935
            0.437000  0.397794  0.000000
  -15.637  -15.637  -14.600  -14.600   -9.146   -9.146   -3.611   -3.611   -0.027   -0.027
    7.311    7.311    9.797    9.797    9.932    9.932
            0.437333  0.397217  0.000000
  -15.640  -15.640  -14.603  -14.603   -9.136   -9.136   -3.615   -3.615   -0.025   -0.025
    7.296    7.296    9.794    9.794    9.929    9.929
            0.437667  0.396640  0.000000
  -15.642  -15.642  -14.605  -14.605   -9.125   -9.125   -3.618   -3.618   -0.024   -0.024
    7.281    7.281    9.791    9.791    9.926    9.926
            0.438000  0.396062  0.000000
  -15.645  -15.645  -14.608  -14.608   -9.115   -9.115   -3.622   -3.622   -0.023   -0.023
    7.266    7.266    9.787    9.787    9.923    9.923
            0.438333  0.395485  0.000000
  -15.647  -15.647  -14.610  -14.610   -9.104   -9.104   -3.625   -3.625   -0.021   -0.021
    7.251    7.251    9.784    9.784    9.920    9.920
            0.438667  0.394908  0.000000
  -15.650  -15.650  -14.612  -14.612   -9.094   -9.094   -3.629   -3.629   -0.020   -0.020
    7.237    7.237    9.781    9.781    9.917    9.917
            0.439000  0.394330  0.000000
  -15.652  -15.652  -14.615  -14.615   -9.084   -9.084   -3.632   -3.632   -0.018   -0.018
    7.222    7.222    9.777    9.777    9.914    9.914
            0.439333  0.393753  0.000000
  -15.655  -15.655  -14.617  -14.617   -9.073   -9.073   -3.636   -3.636   -0.017   -0.017
    7.207    7.207    9.774    9.774    9.911    9.911
            0.439667  0.393176  0.000000
  -15.657  -15.657  -14.619  -14.619   -9.063   -9.063   -3.639   -3.639   -0.016   -0.016
    7.193    7.193    9.771    9.771    9.908    9.908
            0.440000  0.392598  0.000000
  -15.659  -15.659  -14.622  -14.622   -9.053   -9.053   -3.643   -3.643   -0.014   -0.014
    7.178    7.178    9.767    9.767    9.905    9.905
            0.440333  0.392021  0.000000
  -15.662  -15.662  -14.624  -14.624   -9.042   -9.042   -3.646   -3.646   -0.013   -0.013
    7.164    7.164    9.764    9.764    9.902    9.902
            0.440667  0.391443  0.000000
  -15.664  -15.664  -14.626  -14.626   -9.032   -9.032   -3.649   -3.649   -0.012   -0.012
    7.150    7.150    9.761    9.761    9.899    9.899
            0.441000  0.390866  0.000000
  -15.667  -15.667  -14.628  -14.628   -9.022   -9.022   -3.653   -3.653   -0.010   -0.010
    7.135    7.135    9.758    9.758    9.896    9.896
            0.441333  0.390289  0.000000
  -15.669  -15.669  -14.631  -14.631   -9.012   -9.012   -3.656   -3.656   -0.009   -0.009
    7.121    7.121    9.754    9.754    9.893    9.893
            0.441667  0.389711  0.000000
  -15.671  -15.671  -14.633  -14.633   -9.002   -9.002   -3.660   -3.660   -0.008   -0.008
    7.107    7.107    9.751    9.751    9.890    9.890
            0.442000  0.389134  0.000000
  -15.674  -15.674  -14.635  -14.635   -8.992   -8.992   -3.663   -3.663   -0.007   -0.007
    7.093    7.093    9.748    9.748    9.887    9.887
            0.442333  0.388557  0.000000
  -15.676  -15.676  -14.637  -14.637   -8.982   -8.982   -3.666   -3.666   -0.005   -0.005
    7.079    7.079    9.745    9.745    9.884    9.884
            0.442667  0.387979  0.000000
  -15.678  -15.678  -14.639  -14.639   -8.972   -8.972   -3.670   -3.670   -0.004   -0.004
    7.064    7.064    9.742    9.742    9.881    9.881
            0.443000  0.387402  0.000000
  -15.681  -15.681  -14.642  -14.642   -8.962   -8.962   -3.673   -3.673   -0.003   -0.003
    7.050    7.050    9.738    9.739    9.878    9.878
            0.443333  0.386825  0.000000
  -15.683  -15.683  -14.644  -14.644   -8.952   -8.952   -3.676   -3.676   -0.002   -0.002
    7.037    7.037    9.735    9.735    9.875    9.875
            0.443667  0.386247  0.000000
  -15.685  -15.685  -14.646  -14.646   -8.942   -8.942   -3.679   -3.679   -0.001   -0.001
    7.023    7.023    9.732    9.732    9.872    9.872
            0.444000  0.385670  0.000000
  -15.688  -15.688  -14.648  -14.648   -8.932   -8.932   -3.683   -3.683    0.001    0.001
    7.009    7.009    9.729    9.729    9.869    9.869
            0.444333  0.385093  0.000000
  -15.690  -15.690  -14.650  -14.650   -8.923   -8.923   -3.686   -3.686    0.002    0.002
    6.995    6.995    9.726    9.726    9.866    9.866
            0.444667  0.384515  0.000000
  -15.692  -15.692  -14.652  -14.652   -8.913   -8.913   -3.689   -3.689    0.003    0.003
    6.981    6.981    9.723    9.723    9.863    9.863
            0.445000  0.383938  0.000000
  -15.694  -15.694  -14.655  -14.655   -8.903   -8.903   -3.692   -3.692    0.004    0.004
    6.968    6.968    9.720    9.720    9.860    9.860
            0.445333  0.383361  0.000000
  -15.696  -15.696  -14.657  -14.657   -8.893   -8.893   -3.695   -3.695    0.005    0.005
    6.954    6.954    9.717    9.717    9.858    9.858
            0.445667  0.382783  0.000000
  -15.699  -15.699  -14.659  -14.659   -8.884   -8.884   -3.698   -3.698    0.006    0.006
    6.941    6.941    9.714    9.714    9.855    9.855
            0.446000  0.382206  0.000000
  -15.701  -15.701  -14.661  -14.661   -8.874   -8.874   -3.701   -3.701    0.007    0.007
    6.927    6.927    9.711    9.711    9.852    9.852
            0.446333  0.381629  0.000000
  -15.703  -15.703  -14.663  -14.663   -8.865   -8.865   -3.705   -3.705    0.009    0.009
    6.914    6.914    9.708    9.708    9.849    9.849
            0.446667  0.381051  0.000000
  -15.705  -15.705  -14.665  -14.665   -8.855   -8.855   -3.708   -3.708    0.010    0.010
    6.900    6.900    9.705    9.705    9.846    9.846
            0.447000  0.380474  0.000000
  -15.707  -15.707  -14.667  -14.667   -8.846   -8.846   -3.711   -3.711    0.011    0.011
    6.887    6.887    9.702    9.702    9.843    9.843
            0.447333  0.379896  0.000000
  -15.710  -15.710  -14.669  -14.669   -8.836   -8.836   -3.714   -3.714    0.012    0.012
    6.874    6.874    9.699    9.699    9.840    9.840
            0.447667  0.379319  0.000000
  -15.712  -15.712  -14.671  -14.671   -8.827   -8.827   -3.717   -3.717    0.013    0.013
    6.861    6.861    9.696    9.697    9.837    9.837
            0.448000  0.378742  0.000000
  -15.714  -15.714  -14.673  -14.673   -8.818   -8.818   -3.720   -3.720    0.014    0.014
    6.848    6.848    9.694    9.694    9.835    9.835
            0.448333  0.378164  0.000000
  -15.716  -15.716  -14.675  -14.675   -8.808   -8.808   -3.723   -3.723    0.015    0.015
    6.835    6.835    9.691    9.691    9.832    9.832
            0.448667  0.377587  0.000000
  -15.718  -15.718  -14.677  -14.677   -8.799   -8.799   -3.726   -3.726    0.016    0.016
    6.822    6.822    9.688    9.688    9.829    9.829
            0.449000  0.377010  0.000000
  -15.720  -15.720  -14.679  -14.679   -8.790   -8.790   -3.729   -3.729    0.017    0.017
    6.809    6.809    9.685    9.685    9.826    9.826
            0.449333  0.376432  0.000000
  -15.722  -15.722  -14.681  -14.681   -8.780   -8.780   -3.731   -3.731    0.018    0.018
    6.796    6.796    9.682    9.682    9.823    9.823
            0.449667  0.375855  0.000000
  -15.724  -15.724  -14.683  -14.683   -8.771   -8.771   -3.734   -3.734    0.019    0.019
    6.783    6.783    9.680    9.680    9.821    9.821
            0.450000  0.375278  0.000000
  -15.726  -15.726  -14.685  -14.685   -8.762   -8.762   -3.737   -3.737    0.020    0.020
    6.770    6.770    9.677    9.677    9.818    9.818
            0.450333  0.374700  0.000000
  -15.728  -15.728  -14.687  -14.687   -8.753   -8.753   -3.740   -3.740    0.021    0.021
    6.758    6.758    9.674    9.674    9.815    9.815
            0.450667  0.374123  0.000000
  -15.730  -15.730  -14.689  -14.689   -8.744   -8.744   -3.743   -3.743    0.022    0.022
    6.745    6.745    9.671    9.671    9.812    9.813
            0.451000  0.373546  0.000000
  -15.732  -15.732  -14.691  -14.691   -8.735   -8.735   -3.746   -3.746    0.023    0.023
    6.733    6.733    9.669    9.669    9.810    9.810
            0.451333  0.372968  0.000000
  -15.734  -15.734  -14.693  -14.693   -8.726   -8.726   -3.749   -3.749    0.024    0.024
    6.720    6.720    9.666    9.666    9.807    9.807
            0.451667  0.372391  0.000000
  -15.736  -15.736  -14.695  -14.695   -8.717   -8.717   -3.751   -3.751    0.025    0.025
    6.708    6.708    9.663    9.663    9.804    9.804
            0.452000  0.371814  0.000000
  -15.738  -15.738  -14.697  -14.697   -8.708   -8.708   -3.754   -3.754    0.026    0.026
    6.696    6.696    9.661    9.661    9.802    9.802
            0.452333  0.371236  0.000000
  -15.740  -15.740  -14.698  -14.698   -8.700   -8.700   -3.757   -3.757    0.026    0.026
    6.683    6.683    9.658    9.658    9.799    9.799
            0.452667  0.370659  0.000000
  -15.742  -15.742  -14.700  -14.700   -8.691   -8.691   -3.760   -3.760    0.027    0.027
    6.671    6.671    9.655    9.655    9.796    9.797
            0.453000  0.370082  0.000000
  -15.744  -15.744  -14.702  -14.702   -8.682   -8.682   -3.762   -3.762    0.028    0.028
    6.659    6.659    9.653    9.653    9.794    9.794
            0.453333  0.369504  0.000000
  -15.746  -15.746  -14.704  -14.704   -8.674   -8.674   -3.765   -3.765    0.029    0.029
    6.647    6.647    9.650    9.650    9.791    9.791
            0.453667  0.368927  0.000000
  -15.748  -15.748  -14.706  -14.706   -8.665   -8.665   -3.768   -3.768    0.030    0.030
    6.635    6.635    9.647    9.648    9.789    9.789
            0.454000  0.368349  0.000000
  -15.749  -15.749  -14.708  -14.708   -8.656   -8.656   -3.770   -3.770    0.031    0.031
    6.623    6.623    9.645    9.645    9.786    9.786
            0.454333  0.367772  0.000000
  -15.751  -15.751  -14.709  -14.709   -8.648   -8.648   -3.773   -3.773    0.032    0.032
    6.611    6.611    9.642    9.642    9.784    9.784
            0.454667  0.367195  0.000000
  -15.753  -15.753  -14.711  -14.711   -8.639   -8.639   -3.776   -3.775    0.033    0.033
    6.599    6.599    9.640    9.640    9.781    9.781
            0.455000  0.366617  0.000000
  -15.755  -15.755  -14.713  -14.713   -8.631   -8.631   -3.778   -3.778    0.033    0.033
    6.588    6.588    9.637    9.637    9.778    9.779
            0.455333  0.366040  0.000000
  -15.757  -15.757  -14.715  -14.715   -8.622   -8.622   -3.781   -3.781    0.034    0.034
    6.576    6.576    9.635    9.635    9.776    9.776
            0.455667  0.365463  0.000000
  -15.759  -15.759  -14.716  -14.716   -8.614   -8.614   -3.783   -3.783    0.035    0.035
    6.564    6.564    9.632    9.632    9.774    9.774
            0.456000  0.364885  0.000000
  -15.760  -15.760  -14.718  -14.718   -8.606   -8.606   -3.786   -3.786    0.036    0.036
    6.553    6.553    9.630    9.630    9.771    9.771
            0.456333  0.364308  0.000000
  -15.762  -15.762  -14.720  -14.720   -8.598   -8.598   -3.788   -3.788    0.037    0.037
    6.542    6.542    9.628    9.628    9.769    9.769
            0.456667  0.363731  0.000000
  -15.764  -15.764  -14.722  -14.722   -8.589   -8.589   -3.791   -3.791    0.037    0.037
    6.530    6.530    9.625    9.625    9.766    9.766
            0.457000  0.363153  0.000000
  -15.766  -15.766  -14.723  -14.723   -8.581   -8.581   -3.793   -3.793    0.038    0.038
    6.519    6.519    9.623    9.623    9.764    9.764
            0.457333  0.362576  0.000000
  -15.767  -15.767  -14.725  -14.725   -8.573   -8.573   -3.796   -3.796    0.039    0.039
    6.508    6.508    9.620    9.620    9.761    9.761
            0.457667  0.361999  0.000000
  -15.769  -15.769  -14.727  -14.727   -8.565   -8.565   -3.798   -3.798    0.040    0.040
    6.496    6.496    9.618    9.618    9.759    9.759
            0.458000  0.361421  0.000000
  -15.771  -15.771  -14.728  -14.728   -8.557   -8.557   -3.801   -3.801    0.040    0.040
    6.485    6.485    9.616    9.616    9.757    9.757
            0.458333  0.360844  0.000000
  -15.772  -15.772  -14.730  -14.730   -8.549   -8.549   -3.803   -3.803    0.041    0.041
    6.474    6.474    9.613    9.613    9.754    9.754
            0.458667  0.360267  0.000000
  -15.774  -15.774  -14.731  -14.731   -8.541   -8.541   -3.805   -3.805    0.042    0.042
    6.463    6.463    9.611    9.611    9.752    9.752
            0.459000  0.359689  0.000000
  -15.776  -15.776  -14.733  -14.733   -8.533   -8.533   -3.808   -3.808    0.043    0.043
    6.453    6.453    9.609    9.609    9.750    9.750
            0.459333  0.359112  0.000000
  -15.777  -15.777  -14.735  -14.735   -8.525   -8.525   -3.810   -3.810    0.043    0.043
    6.442    6.442    9.606    9.607    9.747    9.747
            0.459667  0.358535  0.000000
  -15.779  -15.779  -14.736  -14.736   -8.518   -8.518   -3.812   -3.812    0.044    0.044
    6.431    6.431    9.604    9.604    9.745    9.745
            0.460000  0.357957  0.000000
  -15.781  -15.781  -14.738  -14.738   -8.510   -8.510   -3.815   -3.815    0.045    0.045
    6.420    6.420    9.602    9.602    9.743    9.743
            0.460333  0.357380  0.000000
  -15.782  -15.782  -14.739  -14.739   -8.502   -8.502   -3.817   -3.817    0.045    0.045
    6.410    6.410    9.600    9.600    9.740    9.740
            0.460667  0.356802  0.000000
  -15.784  -15.784  -14.741  -14.741   -8.495   -8.495   -3.819   -3.819    0.046    0.046
    6.399    6.399    9.598    9.598    9.738    9.738
            0.461000  0.356225  0.000000
  -15.786  -15.786  -14.743  -14.743   -8.487   -8.487   -3.821   -3.821    0.047    0.047
    6.389    6.389    9.595    9.595    9.736    9.736
            0.461333  0.355648  0.000000
  -15.787  -15.787  -14.744  -14.744   -8.480   -8.480   -3.824   -3.824    0.047    0.047
    6.379    6.379    9.593    9.593    9.734    9.734
            0.461667  0.355070  0.000000
  -15.789  -15.789  -14.746  -14.746   -8.472   -8.472   -3.826   -3.826    0.048    0.048
    6.368    6.368    9.591    9.591    9.732    9.732
            0.462000  0.354493  0.000000
  -15.790  -15.790  -14.747  -14.747   -8.465   -8.465   -3.828   -3.828    0.049    0.049
    6.358    6.358    9.589    9.589    9.729    9.729
            0.462333  0.353916  0.000000
  -15.792  -15.792  -14.749  -14.749   -8.458   -8.458   -3.830   -3.830    0.049    0.049
    6.348    6.348    9.587    9.587    9.727    9.727
            0.462667  0.353338  0.000000
  -15.793  -15.793  -14.750  -14.750   -8.450   -8.450   -3.832   -3.832    0.050    0.050
    6.338    6.338    9.585    9.585    9.725    9.725
            0.463000  0.352761  0.000000
  -15.795  -15.795  -14.752  -14.752   -8.443   -8.443   -3.835   -3.835    0.051    0.051
    6.328    6.328    9.583    9.583    9.723    9.723
            0.463333  0.352184  0.000000
  -15.796  -15.796  -14.753  -14.753   -8.436   -8.436   -3.837   -3.837    0.051    0.051
    6.318    6.318    9.581    9.581    9.721    9.721
            0.463667  0.351606  0.000000
  -15.798  -15.798  -14.754  -14.754   -8.429   -8.429   -3.839   -3.839    0.052    0.052
    6.308    6.308    9.579    9.579    9.719    9.719
            0.464000  0.351029  0.000000
  -15.799  -15.799  -14.756  -14.756   -8.422   -8.422   -3.841   -3.841    0.052    0.052
    6.299    6.299    9.577    9.577    9.717    9.717
            0.464333  0.350452  0.000000
  -15.801  -15.801  -14.757  -14.757   -8.415   -8.415   -3.843   -3.843    0.053    0.053
    6.289    6.289    9.575    9.575    9.715    9.715
            0.464667  0.349874  0.000000
  -15.802  -15.802  -14.759  -14.759   -8.408   -8.408   -3.845   -3.845    0.054    0.054
    6.279    6.279    9.573    9.573    9.713    9.713
            0.465000  0.349297  0.000000
  -15.804  -15.804  -14.760  -14.760   -8.401   -8.401   -3.847   -3.847    0.054    0.054
    6.270    6.270    9.571    9.571    9.711    9.711
            0.465333  0.348720  0.000000
  -15.805  -15.805  -14.761  -14.761   -8.394   -8.394   -3.849   -3.849    0.055    0.055
    6.260    6.260    9.569    9.569    9.709    9.709
            0.465667  0.348142  0.000000
  -15.806  -15.806  -14.763  -14.763   -8.387   -8.387   -3.851   -3.851    0.055    0.055
    6.251    6.251    9.567    9.567    9.707    9.707
            0.466000  0.347565  0.000000
  -15.808  -15.808  -14.764  -14.764   -8.380   -8.380   -3.853   -3.853    0.056    0.056
    6.242    6.242    9.565    9.565    9.705    9.705
            0.466333  0.346988  0.000000
  -15.809  -15.809  -14.765  -14.765   -8.374   -8.374   -3.855   -3.855    0.056    0.056
    6.233    6.233    9.563    9.563    9.703    9.703
            0.466667  0.346410  0.000000
  -15.810  -15.810  -14.767  -14.767   -8.367   -8.367   -3.857   -3.857    0.057    0.057
    6.224    6.224    9.561    9.561    9.701    9.701
            0.467000  0.345833  0.000000
  -15.812  -15.812  -14.768  -14.768   -8.360   -8.360   -3.859   -3.859    0.057    0.057
    6.215    6.215    9.559    9.559    9.699    9.699
            0.467333  0.345255  0.000000
  -15.813  -15.813  -14.769  -14.769   -8.354   -8.354   -3.861   -3.861    0.058    0.058
    6.206    6.206    9.557    9.557    9.697    9.697
            0.467667  0.344678  0.000000
  -15.814  -15.814  -14.771  -14.771   -8.347   -8.347   -3.862   -3.862    0.058    0.058
    6.197    6.197    9.556    9.556    9.695    9.695
            0.468000  0.344101  0.000000
  -15.816  -15.816  -14.772  -14.772   -8.341   -8.341   -3.864   -3.864    0.059    0.059
    6.188    6.188    9.554    9.554    9.693    9.693
            0.468333  0.343523  0.000000
  -15.817  -15.817  -14.773  -14.773   -8.335   -8.335   -3.866   -3.866    0.059    0.059
    6.179    6.179    9.552    9.552    9.692    9.692
            0.468667  0.342946  0.000000
  -15.818  -15.818  -14.774  -14.774   -8.328   -8.328   -3.868   -3.868    0.060    0.060
    6.171    6.171    9.550    9.550    9.690    9.690
            0.469000  0.342369  0.000000
  -15.820  -15.820  -14.776  -14.776   -8.322   -8.322   -3.870   -3.870    0.060    0.060
    6.162    6.162    9.549    9.549    9.688    9.688
            0.469333  0.341791  0.000000
  -15.821  -15.821  -14.777  -14.777   -8.316   -8.316   -3.871   -3.871    0.061    0.061
    6.154    6.154    9.547    9.547    9.686    9.686
            0.469667  0.341214  0.000000
  -15.822  -15.822  -14.778  -14.778   -8.310   -8.310   -3.873   -3.873    0.061    0.061
    6.145    6.145    9.545    9.545    9.684    9.685
            0.470000  0.340637  0.000000
  -15.823  -15.823  -14.779  -14.779   -8.304   -8.304   -3.875   -3.875    0.062    0.062
    6.137    6.137    9.543    9.543    9.683    9.683
            0.470333  0.340059  0.000000
  -15.824  -15.824  -14.781  -14.781   -8.298   -8.298   -3.877   -3.877    0.062    0.062
    6.129    6.129    9.542    9.542    9.681    9.681
            0.470667  0.339482  0.000000
  -15.826  -15.826  -14.782  -14.782   -8.292   -8.292   -3.878   -3.878    0.063    0.063
    6.121    6.121    9.540    9.540    9.679    9.679
            0.471000  0.338905  0.000000
  -15.827  -15.827  -14.783  -14.783   -8.286   -8.286   -3.880   -3.880    0.063    0.063
    6.113    6.113    9.538    9.539    9.678    9.678
            0.471333  0.338327  0.000000
  -15.828  -15.828  -14.784  -14.784   -8.280   -8.280   -3.882   -3.882    0.064    0.064
    6.105    6.105    9.537    9.537    9.676    9.676
            0.471667  0.337750  0.000000
  -15.829  -15.829  -14.785  -14.785   -8.274   -8.274   -3.883   -3.883    0.064    0.064
    6.097    6.097    9.535    9.535    9.674    9.674
            0.472000  0.337173  0.000000
  -15.830  -15.830  -14.786  -14.786   -8.269   -8.269   -3.885   -3.885    0.065    0.065
    6.089    6.089    9.534    9.534    9.673    9.673
            0.472333  0.336595  0.000000
  -15.831  -15.831  -14.787  -14.787   -8.263   -8.263   -3.887   -3.887    0.065    0.065
    6.081    6.081    9.532    9.532    9.671    9.671
            0.472667  0.336018  0.000000
  -15.833  -15.833  -14.788  -14.788   -8.257   -8.257   -3.888   -3.888    0.065    0.065
    6.074    6.074    9.531    9.531    9.670    9.670
            0.473000  0.335441  0.000000
  -15.834  -15.834  -14.790  -14.790   -8.252   -8.252   -3.890   -3.890    0.066    0.066
    6.066    6.066    9.529    9.529    9.668    9.668
            0.473333  0.334863  0.000000
  -15.835  -15.835  -14.791  -14.791   -8.246   -8.246   -3.891   -3.891    0.066    0.066
    6.059    6.059    9.528    9.528    9.666    9.666
            0.473667  0.334286  0.000000
  -15.836  -15.836  -14.792  -14.792   -8.241   -8.241   -3.893   -3.893    0.067    0.067
    6.051    6.051    9.526    9.526    9.665    9.665
            0.474000  0.333708  0.000000
  -15.837  -15.837  -14.793  -14.793   -8.236   -8.236   -3.894   -3.894    0.067    0.067
    6.044    6.044    9.525    9.525    9.663    9.663
            0.474333  0.333131  0.000000
  -15.838  -15.838  -14.794  -14.794   -8.230   -8.230   -3.896   -3.896    0.067    0.067
    6.037    6.037    9.523    9.523    9.662    9.662
            0.474667  0.332554  0.000000
  -15.839  -15.839  -14.795  -14.795   -8.225   -8.225   -3.897   -3.897    0.068    0.068
    6.030    6.030    9.522    9.522    9.660    9.660
            0.475000  0.331976  0.000000
  -15.840  -15.840  -14.796  -14.796   -8.220   -8.220   -3.899   -3.899    0.068    0.068
    6.023    6.023    9.520    9.520    9.659    9.659
            0.475333  0.331399  0.000000
  -15.841  -15.841  -14.797  -14.797   -8.215   -8.215   -3.900   -3.900    0.068    0.068
    6.016    6.016    9.519    9.519    9.658    9.658
            0.475667  0.330822  0.000000
  -15.842  -15.842  -14.798  -14.798   -8.210   -8.210   -3.902   -3.902    0.069    0.069
    6.009    6.009    9.518    9.518    9.656    9.656
            0.476000  0.330244  0.000000
  -15.843  -15.843  -14.799  -14.799   -8.205   -8.205   -3.903   -3.903    0.069    0.069
    6.002    6.002    9.516    9.516    9.655    9.655
            0.476333  0.329667  0.000000
  -15.844  -15.844  -14.800  -14.800   -8.200   -8.200   -3.904   -3.904    0.070    0.070
    5.996    5.996    9.515    9.515    9.653    9.653
            0.476667  0.329090  0.000000
  -15.845  -15.845  -14.801  -14.801   -8.195   -8.195   -3.906   -3.906    0.070    0.070
    5.989    5.989    9.514    9.514    9.652    9.652
            0.477000  0.328512  0.000000
  -15.846  -15.846  -14.801  -14.801   -8.190   -8.190   -3.907   -3.907    0.070    0.070
    5.983    5.983    9.512    9.512    9.651    9.651
            0.477333  0.327935  0.000000
  -15.847  -15.847  -14.802  -14.802   -8.186   -8.186   -3.908   -3.908    0.071    0.071
    5.976    5.976    9.511    9.511    9.649    9.649
            0.477667  0.327358  0.000000
  -15.848  -15.848  -14.803  -14.803   -8.181   -8.181   -3.910   -3.910    0.071    0.071
    5.970    5.970    9.510    9.510    9.648    9.648
            0.478000  0.326780  0.000000
  -15.848  -15.848  -14.804  -14.804   -8.176   -8.176   -3.911   -3.911    0.071    0.071
    5.964    5.964    9.508    9.508    9.647    9.647
            0.478333  0.326203  0.000000
  -15.849  -15.849  -14.805  -14.805   -8.172   -8.172   -3.912   -3.912    0.072    0.072
    5.957    5.957    9.507    9.507    9.645    9.646
            0.478667  0.325626  0.000000
  -15.850  -15.850  -14.806  -14.806   -8.168   -8.167   -3.913   -3.913    0.072    0.072
    5.951    5.951    9.506    9.506    9.644    9.644
            0.479000  0.325048  0.000000
  -15.851  -15.851  -14.807  -14.807   -8.163   -8.163   -3.915   -3.915    0.072    0.072
    5.945    5.945    9.505    9.505    9.643    9.643
            0.479333  0.324471  0.000000
  -15.852  -15.852  -14.808  -14.808   -8.159   -8.159   -3.916   -3.916    0.072    0.072
    5.940    5.940    9.504    9.504    9.642    9.642
            0.479667  0.323894  0.000000
  -15.853  -15.853  -14.808  -14.808   -8.155   -8.155   -3.917   -3.917    0.073    0.073
    5.934    5.934    9.503    9.503    9.641    9.641
            0.480000  0.323316  0.000000
  -15.854  -15.854  -14.809  -14.809   -8.150   -8.150   -3.918   -3.918    0.073    0.073
    5.928    5.928    9.501    9.501    9.639    9.639
            0.480333  0.322739  0.000000
  -15.854  -15.854  -14.810  -14.810   -8.146   -8.146   -3.919   -3.919    0.073    0.073
    5.922    5.922    9.500    9.500    9.638    9.638
            0.480667  0.322161  0.000000
  -15.855  -15.855  -14.811  -14.811   -8.142   -8.142   -3.920   -3.920    0.074    0.074
    5.917    5.917    9.499    9.499    9.637    9.637
            0.481000  0.321584  0.000000
  -15.856  -15.856  -14.812  -14.812   -8.138   -8.138   -3.921   -3.921    0.074    0.074
    5.912    5.912    9.498    9.498    9.636    9.636
            0.481333  0.321007  0.000000
  -15.857  -15.857  -14.812  -14.812   -8.134   -8.134   -3.923   -3.923    0.074    0.074
    5.906    5.906    9.497    9.497    9.635    9.635
            0.481667  0.320429  0.000000
  -15.857  -15.857  -14.813  -14.813   -8.130   -8.130   -3.924   -3.924    0.074    0.074
    5.901    5.901    9.496    9.496    9.634    9.634
            0.482000  0.319852  0.000000
  -15.858  -15.858  -14.814  -14.814   -8.127   -8.127   -3.925   -3.925    0.075    0.075
    5.896    5.896    9.495    9.495    9.633    9.633
            0.482333  0.319275  0.000000
  -15.859  -15.859  -14.814  -14.814   -8.123   -8.123   -3.926   -3.926    0.075    0.075
    5.891    5.891    9.494    9.494    9.632    9.632
            0.482667  0.318697  0.000000
  -15.860  -15.860  -14.815  -14.815   -8.119   -8.119   -3.927   -3.927    0.075    0.075
    5.886    5.886    9.493    9.493    9.631    9.631
            0.483000  0.318120  0.000000
  -15.860  -15.860  -14.816  -14.816   -8.116   -8.116   -3.928   -3.928    0.075    0.075
    5.881    5.881    9.492    9.492    9.630    9.630
            0.483333  0.317543  0.000000
  -15.861  -15.861  -14.817  -14.817   -8.112   -8.112   -3.929   -3.929    0.076    0.076
    5.876    5.876    9.491    9.491    9.629    9.629
            0.483667  0.316965  0.000000
  -15.862  -15.862  -14.817  -14.817   -8.109   -8.109   -3.930   -3.930    0.076    0.076
    5.871    5.871    9.490    9.490    9.628    9.628
            0.484000  0.316388  0.000000
  -15.862  -15.862  -14.818  -14.818   -8.105   -8.105   -3.930   -3.930    0.076    0.076
    5.867    5.867    9.489    9.489    9.627    9.627
            0.484333  0.315811  0.000000
  -15.863  -15.863  -14.818  -14.818   -8.102   -8.102   -3.931   -3.931    0.076    0.076
    5.862    5.862    9.488    9.488    9.626    9.626
            0.484667  0.315233  0.000000
  -15.864  -15.864  -14.819  -14.819   -8.099   -8.099   -3.932   -3.932    0.076    0.076
    5.858    5.858    9.487    9.488    9.625    9.625
            0.485000  0.314656  0.000000
  -15.864  -15.864  -14.820  -14.820   -8.095   -8.095   -3.933   -3.933    0.077    0.077
    5.854    5.854    9.487    9.487    9.624    9.624
            0.485333  0.314079  0.000000
  -15.865  -15.865  -14.820  -14.820   -8.092   -8.092   -3.934   -3.934    0.077    0.077
    5.849    5.849    9.486    9.486    9.623    9.623
            0.485667  0.313501  0.000000
  -15.865  -15.865  -14.821  -14.821   -8.089   -8.089   -3.935   -3.935    0.077    0.077
    5.845    5.845    9.485    9.485    9.623    9.623
            0.486000  0.312924  0.000000
  -15.866  -15.866  -14.821  -14.821   -8.086   -8.086   -3.936   -3.936    0.077    0.077
    5.841    5.841    9.484    9.484    9.622    9.622
            0.486333  0.312346  0.000000
  -15.867  -15.867  -14.822  -14.822   -8.083   -8.083   -3.936   -3.936    0.077    0.077
    5.837    5.837    9.483    9.483    9.621    9.621
            0.486667  0.311769  0.000000
  -15.867  -15.867  -14.823  -14.823   -8.080   -8.080   -3.937   -3.937    0.078    0.078
    5.833    5.833    9.483    9.483    9.620    9.620
            0.487000  0.311192  0.000000
  -15.868  -15.868  -14.823  -14.823   -8.078   -8.078   -3.938   -3.938    0.078    0.078
    5.830    5.830    9.482    9.482    9.619    9.619
            0.487333  0.310614  0.000000
  -15.868  -15.868  -14.824  -14.824   -8.075   -8.075   -3.939   -3.939    0.078    0.078
    5.826    5.826    9.481    9.481    9.619    9.619
            0.487667  0.310037  0.000000
  -15.869  -15.869  -14.824  -14.824   -8.072   -8.072   -3.939   -3.939    0.078    0.078
    5.822    5.822    9.480    9.481    9.618    9.618
            0.488000  0.309460  0.000000
  -15.869  -15.869  -14.825  -14.825   -8.070   -8.070   -3.940   -3.940    0.078    0.078
    5.819    5.819    9.480    9.480    9.617    9.617
            0.488333  0.308882  0.000000
  -15.870  -15.870  -14.825  -14.825   -8.067   -8.067   -3.941   -3.941    0.079    0.079
    5.815    5.815    9.479    9.479    9.616    9.616
            0.488667  0.308305  0.000000
  -15.870  -15.870  -14.825  -14.825   -8.065   -8.065   -3.941   -3.941    0.079    0.079
    5.812    5.812    9.478    9.479    9.616    9.616
            0.489000  0.307728  0.000000
  -15.871  -15.871  -14.826  -14.826   -8.062   -8.062   -3.942   -3.942    0.079    0.079
    5.809    5.809    9.478    9.478    9.615    9.615
            0.489333  0.307150  0.000000
  -15.871  -15.871  -14.826  -14.826   -8.060   -8.060   -3.943   -3.943    0.079    0.079
    5.806    5.806    9.477    9.477    9.615    9.615
            0.489667  0.306573  0.000000
  -15.871  -15.871  -14.827  -14.827   -8.058   -8.058   -3.943   -3.943    0.079    0.079
    5.803    5.803    9.477    9.477    9.614    9.614
            0.490000  0.305996  0.000000
  -15.872  -15.872  -14.827  -14.827   -8.056   -8.056   -3.944   -3.944    0.079    0.079
    5.800    5.800    9.476    9.476    9.613    9.613
            0.490333  0.305418  0.000000
  -15.872  -15.872  -14.828  -14.828   -8.054   -8.054   -3.944   -3.944    0.079    0.079
    5.797    5.797    9.476    9.476    9.613    9.613
            0.490667  0.304841  0.000000
  -15.873  -15.873  -14.828  -14.828   -8.052   -8.052   -3.945   -3.945    0.080    0.080
    5.794    5.794    9.475    9.475    9.612    9.612
            0.491000  0.304264  0.000000
  -15.873  -15.873  -14.828  -14.828   -8.050   -8.050   -3.946   -3.946    0.080    0.080
    5.792    5.792    9.474    9.474    9.612    9.612
            0.491333  0.303686  0.000000
  -15.873  -15.873  -14.829  -14.829   -8.048   -8.048   -3.946   -3.946    0.080    0.080
    5.789    5.789    9.474    9.474    9.611    9.611
            0.491667  0.303109  0.000000
  -15.874  -15.874  -14.829  -14.829   -8.046   -8.046   -3.947   -3.947    0.080    0.080
    5.787    5.787    9.474    9.474    9.611    9.611
            0.492000  0.302532  0.000000
  -15.874  -15.874  -14.829  -14.829   -8.044   -8.044   -3.947   -3.947    0.080    0.080
    5.784    5.784    9.473    9.473    9.610    9.610
            0.492333  0.301954  0.000000
  -15.874  -15.874  -14.830  -14.830   -8.043   -8.043   -3.947   -3.947    0.080    0.080
    5.782    5.782    9.473    9.473    9.610    9.610
            0.492667  0.301377  0.000000
  -15.875  -15.875  -14.830  -14.830   -8.041   -8.041   -3.948   -3.948    0.080    0.080
    5.780    5.780    9.472    9.472    9.609    9.609
            0.493000  0.300799  0.000000
  -15.875  -15.875  -14.830  -14.830   -8.039   -8.039   -3.948   -3.948    0.080    0.080
    5.778    5.778    9.472    9.472    9.609    9.609
            0.493333  0.300222  0.000000
  -15.875  -15.875  -14.831  -14.831   -8.038   -8.038   -3.949   -3.949    0.080    0.080
    5.776    5.776    9.471    9.471    9.608    9.608
            0.493667  0.299645  0.000000
  -15.875  -15.875  -14.831  -14.831   -8.037   -8.037   -3.949   -3.949    0.080    0.080
    5.774    5.774    9.471    9.471    9.608    9.608
            0.494000  0.299067  0.000000
  -15.876  -15.876  -14.831  -14.831   -8.035   -8.035   -3.949   -3.949    0.081    0.081
    5.772    5.772    9.471    9.471    9.608    9.608
            0.494333  0.298490  0.000000
  -15.876  -15.876  -14.831  -14.831   -8.034   -8.034   -3.950   -3.950    0.081    0.081
    5.771    5.771    9.470    9.470    9.607    9.607
            0.494667  0.297913  0.000000
  -15.876  -15.876  -14.832  -14.832   -8.033   -8.033   -3.950   -3.950    0.081    0.081
    5.769    5.769    9.470    9.470    9.607    9.607
            0.495000  0.297335  0.000000
  -15.876  -15.876  -14.832  -14.832   -8.032   -8.032   -3.950   -3.950    0.081    0.081
    5.767    5.767    9.470    9.470    9.607    9.607
            0.495333  0.296758  0.000000
  -15.877  -15.877  -14.832  -14.832   -8.031   -8.031   -3.951   -3.951    0.081    0.081
    5.766    5.766    9.469    9.469    9.607    9.607
            0.495667  0.296181  0.000000
  -15.877  -15.877  -14.832  -14.832   -8.030   -8.030   -3.951   -3.951    0.081    0.081
    5.765    5.765    9.469    9.469    9.606    9.606
            0.496000  0.295603  0.000000
  -15.877  -15.877  -14.832  -14.832   -8.029   -8.029   -3.951   -3.951    0.081    0.081
    5.764    5.764    9.469    9.469    9.606    9.606
            0.496333  0.295026  0.000000
  -15.877  -15.877  -14.832  -14.832   -8.028   -8.028   -3.951   -3.951    0.081    0.081
    5.762    5.762    9.469    9.469    9.606    9.606
            0.496667  0.294449  0.000000
  -15.877  -15.877  -14.833  -14.833   -8.027   -8.027   -3.952   -3.952    0.081    0.081
    5.761    5.761    9.469    9.469    9.606    9.606
            0.497000  0.293871  0.000000
  -15.877  -15.877  -14.833  -14.833   -8.027   -8.027   -3.952   -3.952    0.081    0.081
    5.761    5.761    9.468    9.468    9.605    9.605
            0.497333  0.293294  0.000000
  -15.877  -15.877  -14.833  -14.833   -8.026   -8.026   -3.952   -3.952    0.081    0.081
    5.760    5.760    9.468    9.468    9.605    9.605
            0.497667  0.292717  0.000000
  -15.878  -15.878  -14.833  -14.833   -8.026   -8.026   -3.952   -3.952    0.081    0.081
    5.759    5.759    9.468    9.468    9.605    9.605
            0.498000  0.292139  0.000000
  -15.878  -15.878  -14.833  -14.833   -8.025   -8.025   -3.952   -3.952    0.081    0.081
    5.758    5.758    9.468    9.468    9.605    9.605
            0.498333  0.291562  0.000000
  -15.878  -15.878  -14.833  -14.833   -8.025   -8.025   -3.952   -3.952    0.081    0.081
    5.758    5.758    9.468    9.468    9.605    9.605
            0.498667  0.290985  0.000000
  -15.878  -15.878  -14.833  -14.833   -8.024   -8.024   -3.952   -3.952    0.081    0.081
    5.757    5.757    9.468    9.468    9.605    9.605
            0.499000  0.290407  0.000000
  -15.878  -15.878  -14.833  -14.833   -8.024   -8.024   -3.952   -3.952    0.081    0.081
    5.757    5.757    9.468    9.468    9.605    9.605
            0.499333  0.289830  0.000000
  -15.878  -15.878  -14.833  -14.833   -8.024   -8.024   -3.953   -3.953    0.081    0.081
    5.757    5.757    9.468    9.468    9.605    9.605
            0.499667  0.289252  0.000000
  -15.878  -15.878  -14.833  -14.833   -8.024   -8.024   -3.953   -3.953    0.081    0.081
    5.757    5.757    9.468    9.468    9.605    9.605
            0.500000  0.288675  0.000000
  -15.878  -15.878  -14.833  -14.833   -8.024   -8.024   -3.953   -3.953    0.081    0.081
    5.757    5.757    9.468    9.468    9.605    9.605
            0.499000  0.288098  0.000000
  -15.878  -15.878  -14.833  -14.833   -8.024   -8.024   -3.953   -3.953    0.081    0.081
    5.757    5.757    9.461    9.461    9.611    9.611
            0.498000  0.287520  0.000000
  -15.880  -15.880  -14.831  -14.831   -8.024   -8.024   -3.953   -3.953    0.082    0.082
    5.757    5.757    9.444    9.444    9.628    9.628
            0.497000  0.286943  0.000000
  -15.882  -15.882  -14.829  -14.829   -8.024   -8.024   -3.954   -3.954    0.083    0.083
    5.757    5.757    9.421    9.422    9.651    9.651
            0.496000  0.286366  0.000000
  -15.885  -15.885  -14.826  -14.826   -8.023   -8.023   -3.955   -3.955    0.084    0.084
    5.757    5.757    9.396    9.396    9.677    9.677
            0.495000  0.285788  0.000000
  -15.889  -15.889  -14.821  -14.821   -8.023   -8.023   -3.956   -3.956    0.086    0.086
    5.757    5.757    9.368    9.369    9.704    9.705
            0.494000  0.285211  0.000000
  -15.894  -15.894  -14.816  -14.816   -8.023   -8.023   -3.958   -3.958    0.088    0.088
    5.757    5.757    9.340    9.340    9.733    9.733
            0.493000  0.284634  0.000000
  -15.899  -15.899  -14.810  -14.810   -8.023   -8.023   -3.960   -3.960    0.091    0.091
    5.757    5.757    9.311    9.312    9.762    9.762
            0.492000  0.284056  0.000000
  -15.906  -15.906  -14.803  -14.803   -8.022   -8.022   -3.963   -3.963    0.094    0.094
    5.757    5.757    9.282    9.282    9.792    9.792
            0.491000  0.283479  0.000000
  -15.913  -15.913  -14.795  -14.795   -8.022   -8.022   -3.965   -3.965    0.097    0.097
    5.758    5.758    9.253    9.253    9.821    9.822
            0.490000  0.282902  0.000000
  -15.921  -15.921  -14.787  -14.787   -8.021   -8.021   -3.968   -3.968    0.101    0.101
    5.758    5.758    9.223    9.224    9.851    9.851
            0.489000  0.282324  0.000000
  -15.929  -15.929  -14.778  -14.778   -8.021   -8.021   -3.971   -3.971    0.105    0.105
    5.758    5.758    9.194    9.194    9.881    9.881
            0.488000  0.281747  0.000000
  -15.938  -15.938  -14.768  -14.768   -8.020   -8.020   -3.975   -3.975    0.109    0.109
    5.758    5.758    9.164    9.164    9.910    9.911
            0.487000  0.281170  0.000000
  -15.948  -15.948  -14.757  -14.757   -8.020   -8.020   -3.979   -3.979    0.114    0.114
    5.759    5.759    9.134    9.135    9.939    9.939
            0.486000  0.280592  0.000000
  -15.959  -15.959  -14.746  -14.746   -8.019   -8.019   -3.983   -3.983    0.119    0.119
    5.759    5.759    9.105    9.105    9.966    9.966
            0.485000  0.280015  0.000000
  -15.970  -15.970  -14.734  -14.734   -8.018   -8.018   -3.987   -3.987    0.124    0.124
    5.759    5.759    9.075    9.075    9.985    9.986
            0.484000  0.279438  0.000000
  -15.981  -15.981  -14.721  -14.721   -8.018   -8.018   -3.992   -3.992    0.130    0.130
    5.760    5.760    9.045    9.045    9.984    9.985
            0.483000  0.278860  0.000000
  -15.993  -15.993  -14.708  -14.708   -8.017   -8.017   -3.997   -3.997    0.137    0.137
    5.760    5.760    9.016    9.016    9.965    9.965
            0.482000  0.278283  0.000000
  -16.006  -16.006  -14.694  -14.694   -8.016   -8.016   -4.003   -4.003    0.143    0.143
    5.761    5.761    8.986    8.986    9.939    9.940
            0.481000  0.277705  0.000000
  -16.018  -16.018  -14.680  -14.680   -8.015   -8.015   -4.008   -4.008    0.150    0.150
    5.761    5.761    8.956    8.956    9.912    9.912
            0.480000  0.277128  0.000000
  -16.032  -16.032  -14.665  -14.665   -8.014   -8.014   -4.014   -4.014    0.157    0.158
    5.761    5.761    8.927    8.927    9.884    9.884
            0.479000  0.276551  0.000000
  -16.045  -16.045  -14.650  -14.650   -8.013   -8.013   -4.020   -4.020    0.165    0.165
    5.762    5.762    8.897    8.897    9.855    9.856
            0.478000  0.275973  0.000000
  -16.059  -16.059  -14.635  -14.635   -8.012   -8.012   -4.027   -4.027    0.173    0.173
    5.762    5.762    8.867    8.868    9.827    9.827
            0.477000  0.275396  0.000000
  -16.074  -16.074  -14.619  -14.619   -8.011   -8.011   -4.033   -4.033    0.182    0.182
    5.763    5.763    8.838    8.838    9.798    9.798
            0.476000  0.274819  0.000000
  -16.088  -16.088  -14.602  -14.602   -8.010   -8.010   -4.040   -4.040    0.190    0.190
    5.764    5.764    8.808    8.808    9.769    9.769
            0.475000  0.274241  0.000000
  -16.103  -16.103  -14.586  -14.586   -8.009   -8.009   -4.048   -4.048    0.199    0.199
    5.764    5.764    8.779    8.779    9.740    9.740
            0.474000  0.273664  0.000000
  -16.119  -16.119  -14.569  -14.569   -8.008   -8.008   -4.055   -4.055    0.209    0.209
    5.765    5.765    8.749    8.750    9.711    9.711
            0.473000  0.273087  0.000000
  -16.134  -16.134  -14.551  -14.551   -8.007   -8.007   -4.063   -4.063    0.218    0.218
    5.765    5.765    8.720    8.720    9.682    9.682
            0.472000  0.272509  0.000000
  -16.150  -16.150  -14.534  -14.534   -8.005   -8.005   -4.071   -4.071    0.228    0.229
    5.766    5.766    8.691    8.691    9.653    9.654
            0.471000  0.271932  0.000000
  -16.166  -16.166  -14.516  -14.516   -8.004   -8.004   -4.079   -4.079    0.239    0.239
    5.767    5.767    8.661    8.662    9.624    9.625
            0.470000  0.271355  0.000000
  -16.182  -16.182  -14.498  -14.498   -8.003   -8.003   -4.088   -4.088    0.250    0.250
    5.767    5.767    8.632    8.632    9.595    9.596
            0.469000  0.270777  0.000000
  -16.198  -16.198  -14.479  -14.479   -8.001   -8.001   -4.096   -4.096    0.261    0.261
    5.768    5.768    8.603    8.603    9.567    9.567
            0.468000  0.270200  0.000000
  -16.215  -16.215  -14.461  -14.461   -8.000   -8.000   -4.105   -4.105    0.272    0.272
    5.769    5.769    8.574    8.574    9.538    9.538
            0.467000  0.269623  0.000000
  -16.231  -16.231  -14.442  -14.442   -7.998   -7.998   -4.115   -4.115    0.284    0.284
    5.770    5.770    8.545    8.545    9.509    9.509
            0.466000  0.269045  0.000000
  -16.248  -16.248  -14.423  -14.423   -7.997   -7.997   -4.124   -4.124    0.295    0.295
    5.770    5.770    8.516    8.516    9.480    9.480
            0.465000  0.268468  0.000000
  -16.265  -16.265  -14.403  -14.403   -7.995   -7.995   -4.134   -4.134    0.308    0.308
    5.771    5.771    8.487    8.487    9.451    9.452
            0.464000  0.267891  0.000000
  -16.282  -16.282  -14.384  -14.384   -7.993   -7.993   -4.144   -4.144    0.320    0.320
    5.772    5.772    8.458    8.458    9.423    9.423
            0.463000  0.267313  0.000000
  -16.299  -16.299  -14.364  -14.364   -7.992   -7.992   -4.154   -4.154    0.333    0.333
    5.773    5.773    8.429    8.429    9.394    9.394
            0.462000  0.266736  0.000000
  -16.316  -16.316  -14.344  -14.344   -7.990   -7.990   -4.164   -4.164    0.346    0.346
    5.774    5.774    8.400    8.400    9.365    9.366
            0.461000  0.266158  0.000000
  -16.334  -16.334  -14.324  -14.324   -7.988   -7.988   -4.175   -4.175    0.359    0.359
    5.775    5.775    8.371    8.371    9.337    9.337
            0.460000  0.265581  0.000000
  -16.351  -16.351  -14.304  -14.304   -7.986   -7.986   -4.186   -4.186    0.373    0.373
    5.776    5.776    8.342    8.343    9.308    9.308
            0.459000  0.265004  0.000000
  -16.369  -16.369  -14.284  -14.284   -7.984   -7.984   -4.197   -4.197    0.387    0.387
    5.777    5.777    8.314    8.314    9.280    9.280
            0.458000  0.264426  0.000000
  -16.386  -16.386  -14.263  -14.263   -7.982   -7.982   -4.208   -4.208    0.401    0.401
    5.778    5.778    8.285    8.285    9.251    9.251
            0.457000  0.263849  0.000000
  -16.404  -16.404  -14.242  -14.242   -7.980   -7.980   -4.219   -4.219    0.416    0.416
    5.779    5.779    8.257    8.257    9.223    9.223
            0.456000  0.263272  0.000000
  -16.422  -16.422  -14.222  -14.222   -7.978   -7.978   -4.231   -4.231    0.430    0.430
    5.780    5.780    8.228    8.228    9.194    9.195
            0.455000  0.262694  0.000000
  -16.439  -16.439  -14.201  -14.201   -7.976   -7.976   -4.242   -4.242    0.445    0.445
    5.781    5.781    8.199    8.200    9.166    9.166
            0.454000  0.262117  0.000000
  -16.457  -16.457  -14.180  -14.180   -7.974   -7.974   -4.254   -4.254    0.461    0.461
    5.782    5.782    8.171    8.171    9.138    9.138
            0.453000  0.261540  0.000000
  -16.475  -16.475  -14.158  -14.158   -7.972   -7.972   -4.266   -4.266    0.476    0.476
    5.783    5.783    8.143    8.143    9.109    9.110
            0.452000  0.260962  0.000000
  -16.493  -16.493  -14.137  -14.137   -7.970   -7.970   -4.279   -4.279    0.492    0.492
    5.784    5.784    8.114    8.115    9.081    9.081
            0.451000  0.260385  0.000000
  -16.511  -16.511  -14.116  -14.116   -7.968   -7.968   -4.291   -4.291    0.508    0.508
    5.785    5.785    8.086    8.086    9.053    9.053
            0.450000  0.259808  0.000000
  -16.529  -16.529  -14.094  -14.094   -7.965   -7.965   -4.304   -4.304    0.524    0.524
    5.786    5.786    8.058    8.058    9.025    9.025
            0.449000  0.259230  0.000000
  -16.547  -16.547  -14.073  -14.073   -7.963   -7.963   -4.316   -4.316    0.541    0.541
    5.787    5.787    8.030    8.030    8.997    8.997
            0.448000  0.258653  0.000000
  -16.565  -16.565  -14.051  -14.051   -7.960   -7.960   -4.329   -4.329    0.557    0.557
    5.789    5.789    8.002    8.002    8.969    8.969
            0.447000  0.258076  0.000000
  -16.584  -16.584  -14.029  -14.029   -7.958   -7.958   -4.342   -4.342    0.574    0.574
    5.790    5.790    7.974    7.974    8.941    8.941
            0.446000  0.257498  0.000000
  -16.602  -16.602  -14.007  -14.007   -7.956   -7.956   -4.356   -4.356    0.591    0.591
    5.791    5.791    7.946    7.946    8.913    8.913
            0.445000  0.256921  0.000000
  -16.620  -16.620  -13.985  -13.985   -7.953   -7.953   -4.369   -4.369    0.609    0.609
    5.792    5.792    7.918    7.918    8.885    8.885
            0.444000  0.256344  0.000000
  -16.638  -16.638  -13.963  -13.963   -7.950   -7.950   -4.382   -4.382    0.626    0.626
    5.794    5.794    7.890    7.890    8.857    8.857
            0.443000  0.255766  0.000000
  -16.656  -16.656  -13.941  -13.941   -7.948   -7.948   -4.396   -4.396    0.644    0.644
    5.795    5.795    7.862    7.862    8.829    8.830
            0.442000  0.255189  0.000000
  -16.675  -16.675  -13.919  -13.919   -7.945   -7.945   -4.410   -4.410    0.662    0.662
    5.796    5.796    7.834    7.834    8.802    8.802
            0.441000  0.254611  0.000000
  -16.693  -16.693  -13.896  -13.896   -7.942   -7.942   -4.424   -4.424    0.680    0.680
    5.797    5.797    7.807    7.807    8.774    8.774
            0.440000  0.254034  0.000000
  -16.711  -16.711  -13.874  -13.874   -7.940   -7.940   -4.438   -4.438    0.698    0.698
    5.799    5.799    7.779    7.779    8.746    8.747
            0.439000  0.253457  0.000000
  -16.729  -16.729  -13.851  -13.851   -7.937   -7.937   -4.452   -4.452    0.717    0.717
    5.800    5.800    7.751    7.751    8.719    8.719
            0.438000  0.252879  0.000000
  -16.748  -16.748  -13.829  -13.829   -7.934   -7.934   -4.466   -4.466    0.736    0.736
    5.802    5.802    7.724    7.724    8.691    8.692
            0.437000  0.252302  0.000000
  -16.766  -16.766  -13.806  -13.806   -7.931   -7.931   -4.481   -4.481    0.755    0.755
    5.803    5.803    7.696    7.697    8.664    8.664
            0.436000  0.251725  0.000000
  -16.784  -16.784  -13.784  -13.784   -7.928   -7.928   -4.495   -4.495    0.774    0.774
    5.805    5.805    7.669    7.669    8.636    8.637
            0.435000  0.251147  0.000000
  -16.802  -16.802  -13.761  -13.761   -7.925   -7.925   -4.510   -4.510    0.793    0.793
    5.806    5.806    7.642    7.642    8.609    8.609
            0.434000  0.250570  0.000000
  -16.821  -16.821  -13.738  -13.738   -7.922   -7.922   -4.525   -4.525    0.813    0.813
    5.807    5.807    7.614    7.614    8.582    8.582
            0.433000  0.249993  0.000000
  -16.839  -16.839  -13.715  -13.715   -7.919   -7.919   -4.539   -4.539    0.832    0.832
    5.809    5.809    7.587    7.587    8.555    8.555
            0.432000  0.249415  0.000000
  -16.857  -16.857  -13.692  -13.692   -7.916   -7.916   -4.554   -4.554    0.852    0.852
    5.811    5.811    7.560    7.560    8.527    8.528
            0.431000  0.248838  0.000000
  -16.875  -16.875  -13.669  -13.669   -7.913   -7.913   -4.570   -4.570    0.872    0.872
    5.812    5.812    7.533    7.533    8.500    8.500
            0.430000  0.248261  0.000000
  -16.894  -16.894  -13.646  -13.646   -7.909   -7.909   -4.585   -4.585    0.892    0.892
    5.814    5.814    7.506    7.506    8.473    8.473
            0.429000  0.247683  0.000000
  -16.912  -16.912  -13.623  -13.623   -7.906   -7.906   -4.600   -4.600    0.913    0.913
    5.815    5.815    7.479    7.479    8.446    8.446
            0.428000  0.247106  0.000000
  -16.930  -16.930  -13.600  -13.600   -7.903   -7.903   -4.615   -4.615    0.933    0.933
    5.817    5.817    7.452    7.452    8.419    8.419
            0.427000  0.246529  0.000000
  -16.948  -16.948  -13.576  -13.576   -7.899   -7.899   -4.631   -4.631    0.954    0.954
    5.818    5.818    7.425    7.425    8.392    8.392
            0.426000  0.245951  0.000000
  -16.967  -16.967  -13.553  -13.553   -7.896   -7.896   -4.646   -4.646    0.975    0.975
    5.820    5.820    7.398    7.398    8.365    8.366
            0.425000  0.245374  0.000000
  -16.985  -16.985  -13.530  -13.530   -7.892   -7.892   -4.662   -4.662    0.996    0.996
    5.822    5.822    7.372    7.372    8.339    8.339
            0.424000  0.244797  0.000000
  -17.003  -17.003  -13.506  -13.506   -7.889   -7.889   -4.678   -4.678    1.017    1.017
    5.823    5.823    7.345    7.345    8.312    8.312
            0.423000  0.244219  0.000000
  -17.021  -17.021  -13.483  -13.483   -7.885   -7.885   -4.693   -4.693    1.038    1.038
    5.825    5.825    7.318    7.318    8.285    8.285
            0.422000  0.243642  0.000000
  -17.039  -17.039  -13.459  -13.459   -7.882   -7.882   -4.709   -4.709    1.060    1.060
    5.827    5.827    7.292    7.292    8.258    8.259
            0.421000  0.243064  0.000000
  -17.057  -17.057  -13.436  -13.436   -7.878   -7.878   -4.725   -4.725    1.081    1.081
    5.828    5.828    7.265    7.265    8.232    8.232
            0.420000  0.242487  0.000000
  -17.075  -17.075  -13.412  -13.412   -7.874   -7.874   -4.741   -4.741    1.103    1.103
    5.830    5.830    7.239    7.239    8.205    8.206
            0.419000  0.241910  0.000000
  -17.094  -17.094  -13.388  -13.388   -7.871   -7.871   -4.757   -4.757    1.125    1.125
    5.832    5.832    7.212    7.213    8.179    8.179
            0.418000  0.241332  0.000000
  -17.112  -17.112  -13.365  -13.365   -7.867   -7.867   -4.773   -4.773    1.147    1.147
    5.834    5.834    7.186    7.186    8.152    8.153
            0.417000  0.240755  0.000000
  -17.130  -17.130  -13.341  -13.341   -7.863   -7.863   -4.789   -4.789    1.169    1.169
    5.835    5.835    7.160    7.160    8.126    8.126
            0.416000  0.240178  0.000000
  -17.148  -17.148  -13.317  -13.317   -7.859   -7.859   -4.806   -4.806    1.191    1.191
    5.837    5.837    7.134    7.134    8.100    8.100
            0.415000  0.239600  0.000000
  -17.166  -17.166  -13.293  -13.293   -7.855   -7.855   -4.822   -4.822    1.213    1.213
    5.839    5.839    7.108    7.108    8.073    8.074
            0.414000  0.239023  0.000000
  -17.184  -17.184  -13.269  -13.269   -7.851   -7.851   -4.838   -4.838    1.236    1.236
    5.841    5.841    7.082    7.082    8.047    8.048
            0.413000  0.238446  0.000000
  -17.202  -17.202  -13.245  -13.245   -7.847   -7.847   -4.855   -4.855    1.258    1.258
    5.843    5.843    7.056    7.056    8.021    8.021
            0.412000  0.237868  0.000000
  -17.220  -17.220  -13.221  -13.221   -7.843   -7.843   -4.871   -4.871    1.281    1.281
    5.845    5.845    7.030    7.030    7.995    7.995
            0.411000  0.237291  0.000000
  -17.238  -17.238  -13.197  -13.197   -7.839   -7.839   -4.888   -4.888    1.304    1.304
    5.846    5.846    7.004    7.004    7.969    7.969
            0.410000  0.236714  0.000000
  -17.255  -17.255  -13.173  -13.173   -7.835   -7.835   -4.904   -4.904    1.327    1.327
    5.848    5.848    6.978    6.978    7.943    7.943
            0.409000  0.236136  0.000000
  -17.273  -17.273  -13.149  -13.149   -7.831   -7.831   -4.921   -4.921    1.350    1.350
    5.850    5.850    6.953    6.953    7.917    7.917
            0.408000  0.235559  0.000000
  -17.291  -17.291  -13.125  -13.125   -7.827   -7.827   -4.938   -4.937    1.373    1.373
    5.852    5.852    6.927    6.927    7.891    7.892
            0.407000  0.234982  0.000000
  -17.309  -17.309  -13.101  -13.101   -7.822   -7.822   -4.954   -4.954    1.396    1.396
    5.854    5.854    6.902    6.902    7.866    7.866
            0.406000  0.234404  0.000000
  -17.327  -17.327  -13.077  -13.077   -7.818   -7.818   -4.971   -4.971    1.420    1.420
    5.856    5.856    6.876    6.876    7.840    7.840
            0.405000  0.233827  0.000000
  -17.344  -17.344  -13.052  -13.052   -7.814   -7.814   -4.988   -4.988    1.443    1.443
    5.858    5.858    6.851    6.851    7.814    7.814
            0.404000  0.233250  0.000000
  -17.362  -17.362  -13.028  -13.028   -7.809   -7.809   -5.005   -5.005    1.467    1.467
    5.860    5.860    6.825    6.826    7.789    7.789
            0.403000  0.232672  0.000000
  -17.380  -17.380  -13.004  -13.004   -7.805   -7.805   -5.021   -5.021    1.491    1.491
    5.861    5.861    6.800    6.800    7.763    7.763
            0.402000  0.232095  0.000000
  -17.398  -17.398  -12.979  -12.979   -7.800   -7.800   -5.038   -5.038    1.514    1.514
    5.863    5.863    6.775    6.775    7.737    7.738
            0.401000  0.231517  0.000000
  -17.415  -17.415  -12.955  -12.955   -7.796   -7.796   -5.055   -5.055    1.538    1.538
    5.865    5.865    6.750    6.750    7.712    7.712
            0.400000  0.230940  0.000000
  -17.433  -17.433  -12.930  -12.930   -7.791   -7.791   -5.072   -5.072    1.562    1.562
    5.867    5.867    6.725    6.725    7.687    7.687
            0.399000  0.230363  0.000000
  -17.450  -17.450  -12.906  -12.906   -7.787   -7.787   -5.089   -5.089    1.586    1.586
    5.869    5.869    6.700    6.700    7.661    7.662
            0.398000  0.229785  0.000000
  -17.468  -17.468  -12.881  -12.881   -7.782   -7.782   -5.106   -5.106    1.611    1.611
    5.871    5.871    6.675    6.675    7.636    7.636
            0.397000  0.229208  0.000000
  -17.486  -17.486  -12.857  -12.857   -7.777   -7.777   -5.123   -5.123    1.635    1.635
    5.873    5.873    6.651    6.651    7.611    7.611
            0.396000  0.228631  0.000000
  -17.503  -17.503  -12.832  -12.832   -7.773   -7.773   -5.140   -5.140    1.659    1.659
    5.874    5.874    6.626    6.626    7.586    7.586
            0.395000  0.228053  0.000000
  -17.521  -17.521  -12.808  -12.808   -7.768   -7.768   -5.157   -5.157    1.684    1.684
    5.876    5.876    6.602    6.602    7.561    7.561
            0.394000  0.227476  0.000000
  -17.538  -17.538  -12.783  -12.783   -7.763   -7.763   -5.175   -5.174    1.708    1.708
    5.878    5.878    6.577    6.577    7.536    7.536
            0.393000  0.226899  0.000000
  -17.555  -17.555  -12.758  -12.758   -7.758   -7.758   -5.192   -5.192    1.733    1.733
    5.880    5.880    6.553    6.553    7.511    7.511
            0.392000  0.226321  0.000000
  -17.573  -17.573  -12.733  -12.733   -7.753   -7.753   -5.209   -5.209    1.758    1.758
    5.881    5.881    6.529    6.529    7.486    7.486
            0.391000  0.225744  0.000000
  -17.590  -17.590  -12.709  -12.709   -7.748   -7.748   -5.226   -5.226    1.782    1.782
    5.883    5.883    6.505    6.505    7.461    7.461
            0.390000  0.225167  0.000000
  -17.607  -17.607  -12.684  -12.684   -7.743   -7.743   -5.243   -5.243    1.807    1.807
    5.885    5.885    6.481    6.481    7.436    7.436
            0.389000  0.224589  0.000000
  -17.625  -17.625  -12.659  -12.659   -7.738   -7.738   -5.260   -5.260    1.832    1.832
    5.886    5.886    6.457    6.457    7.412    7.412
            0.388000  0.224012  0.000000
  -17.642  -17.642  -12.634  -12.634   -7.733   -7.733   -5.278   -5.278    1.857    1.857
    5.888    5.888    6.434    6.434    7.387    7.387
            0.387000  0.223435  0.000000
  -17.659  -17.659  -12.609  -12.609   -7.728   -7.728   -5.295   -5.295    1.882    1.882
    5.889    5.889    6.410    6.410    7.362    7.362
            0.386000  0.222857  0.000000
  -17.676  -17.676  -12.584  -12.584   -7.723   -7.723   -5.312   -5.312    1.907    1.907
    5.890    5.890    6.387    6.387    7.338    7.338
            0.385000  0.222280  0.000000
  -17.693  -17.693  -12.559  -12.559   -7.717   -7.717   -5.329   -5.329    1.933    1.933
    5.891    5.891    6.364    6.364    7.313    7.313
            0.384000  0.221703  0.000000
  -17.711  -17.711  -12.534  -12.534   -7.712   -7.712   -5.347   -5.347    1.958    1.958
    5.892    5.892    6.341    6.341    7.289    7.289
            0.383000  0.221125  0.000000
  -17.728  -17.728  -12.509  -12.509   -7.707   -7.707   -5.364   -5.364    1.983    1.983
    5.893    5.893    6.319    6.319    7.265    7.265
            0.382000  0.220548  0.000000
  -17.745  -17.745  -12.484  -12.484   -7.701   -7.701   -5.381   -5.381    2.009    2.009
    5.894    5.894    6.296    6.296    7.240    7.240
            0.381000  0.219970  0.000000
  -17.762  -17.762  -12.459  -12.459   -7.696   -7.696   -5.398   -5.398    2.034    2.034
    5.894    5.894    6.274    6.274    7.216    7.216
            0.380000  0.219393  0.000000
  -17.779  -17.779  -12.434  -12.434   -7.691   -7.691   -5.416   -5.416    2.060    2.060
    5.894    5.894    6.253    6.253    7.192    7.192
            0.379000  0.218816  0.000000
  -17.796  -17.796  -12.409  -12.409   -7.685   -7.685   -5.433   -5.433    2.086    2.086
    5.894    5.894    6.232    6.232    7.168    7.168
            0.378000  0.218238  0.000000
  -17.812  -17.812  -12.384  -12.384   -7.680   -7.680   -5.450   -5.450    2.111    2.111
    5.893    5.893    6.211    6.211    7.144    7.144
            0.377000  0.217661  0.000000
  -17.829  -17.829  -12.359  -12.359   -7.674   -7.674   -5.468   -5.468    2.137    2.137
    5.892    5.892    6.191    6.191    7.120    7.120
            0.376000  0.217084  0.000000
  -17.846  -17.846  -12.333  -12.333   -7.668   -7.668   -5.485   -5.485    2.163    2.163
    5.890    5.890    6.172    6.172    7.096    7.096
            0.375000  0.216506  0.000000
  -17.863  -17.863  -12.308  -12.308   -7.663   -7.663   -5.502   -5.502    2.189    2.189
    5.887    5.887    6.153    6.153    7.072    7.072
            0.374000  0.215929  0.000000
  -17.880  -17.880  -12.283  -12.283   -7.657   -7.657   -5.520   -5.520    2.215    2.215
    5.884    5.884    6.136    6.136    7.048    7.048
            0.373000  0.215352  0.000000
  -17.896  -17.896  -12.258  -12.258   -7.651   -7.651   -5.537   -5.537    2.241    2.241
    5.879    5.879    6.119    6.119    7.025    7.025
            0.372000  0.214774  0.000000
  -17.913  -17.913  -12.232  -12.232   -7.645   -7.645   -5.554   -5.554    2.267    2.267
    5.873    5.873    6.104    6.104    7.001    7.001
            0.371000  0.214197  0.000000
  -17.930  -17.930  -12.207  -12.207   -7.640   -7.640   -5.571   -5.571    2.293    2.293
    5.866    5.866    6.090    6.090    6.977    6.977
            0.370000  0.213620  0.000000
  -17.946  -17.946  -12.182  -12.182   -7.634   -7.634   -5.589   -5.589    2.319    2.319
    5.858    5.858    6.078    6.078    6.954    6.954
            0.369000  0.213042  0.000000
  -17.963  -17.963  -12.156  -12.156   -7.628   -7.628   -5.606   -5.606    2.345    2.345
    5.847    5.848    6.067    6.068    6.930    6.930
            0.368000  0.212465  0.000000
  -17.980  -17.980  -12.131  -12.131   -7.622   -7.622   -5.623   -5.623    2.371    2.372
    5.836    5.836    6.058    6.059    6.907    6.907
            0.367000  0.211888  0.000000
  -17.996  -17.996  -12.105  -12.105   -7.616   -7.616   -5.641   -5.641    2.398    2.398
    5.823    5.823    6.051    6.051    6.884    6.884
            0.366000  0.211310  0.000000
  -18.013  -18.013  -12.080  -12.080   -7.610   -7.610   -5.658   -5.658    2.424    2.424
    5.808    5.808    6.045    6.045    6.860    6.861
            0.365000  0.210733  0.000000
  -18.029  -18.029  -12.054  -12.054   -7.604   -7.604   -5.675   -5.675    2.451    2.451
    5.793    5.793    6.040    6.040    6.837    6.837
            0.364000  0.210155  0.000000
  -18.045  -18.045  -12.029  -12.029   -7.598   -7.598   -5.692   -5.692    2.477    2.477
    5.776    5.776    6.036    6.037    6.814    6.814
            0.363000  0.209578  0.000000
  -18.062  -18.062  -12.003  -12.003   -7.591   -7.591   -5.710   -5.710    2.504    2.504
    5.758    5.758    6.034    6.034    6.791    6.791
            0.362000  0.209001  0.000000
  -18.078  -18.078  -11.978  -11.978   -7.585   -7.585   -5.727   -5.727    2.530    2.530
    5.740    5.740    6.032    6.032    6.768    6.768
            0.361000  0.208423  0.000000
  -18.094  -18.094  -11.952  -11.952   -7.579   -7.579   -5.744   -5.744    2.557    2.557
    5.721    5.721    6.031    6.031    6.745    6.745
            0.360000  0.207846  0.000000
  -18.111  -18.111  -11.926  -11.926   -7.573   -7.573   -5.761   -5.761    2.583    2.583
    5.702    5.702    6.030    6.030    6.722    6.722
            0.359000  0.207269  0.000000
  -18.127  -18.127  -11.901  -11.901   -7.566   -7.566   -5.778   -5.778    2.610    2.610
    5.682    5.682    6.030    6.030    6.700    6.700
            0.358000  0.206691  0.000000
  -18.143  -18.143  -11.875  -11.875   -7.560   -7.560   -5.796   -5.796    2.637    2.637
    5.662    5.662    6.030    6.030    6.677    6.677
            0.357000  0.206114  0.000000
  -18.159  -18.159  -11.849  -11.849   -7.554   -7.554   -5.813   -5.813    2.664    2.664
    5.641    5.641    6.030    6.030    6.654    6.654
            0.356000  0.205537  0.000000
  -18.175  -18.175  -11.824  -11.824   -7.547   -7.547   -5.830   -5.830    2.690    2.690
    5.621    5.621    6.031    6.031    6.632    6.632
            0.355000  0.204959  0.000000
  -18.191  -18.191  -11.798  -11.798   -7.541   -7.541   -5.847   -5.847    2.717    2.717
    5.600    5.600    6.032    6.032    6.609    6.609
            0.354000  0.204382  0.000000
  -18.207  -18.207  -11.772  -11.772   -7.534   -7.534   -5.864   -5.864    2.744    2.744
    5.579    5.579    6.033    6.033    6.587    6.587
            0.353000  0.203805  0.000000
  -18.223  -18.223  -11.747  -11.746   -7.528   -7.528   -5.881   -5.881    2.771    2.771
    5.558    5.558    6.035    6.035    6.565    6.565
            0.352000  0.203227  0.000000
  -18.239  -18.239  -11.721  -11.721   -7.521   -7.521   -5.898   -5.898    2.798    2.798
    5.537    5.537    6.036    6.036    6.543    6.543
            0.351000  0.202650  0.000000
  -18.255  -18.255  -11.695  -11.695   -7.514   -7.514   -5.916   -5.916    2.825    2.825
    5.515    5.516    6.037    6.038    6.520    6.520
            0.350000  0.202073  0.000000
  -18.271  -18.271  -11.669  -11.669   -7.508   -7.508   -5.933   -5.933    2.852    2.852
    5.494    5.494    6.039    6.039    6.498    6.498
            0.349000  0.201495  0.000000
  -18.287  -18.287  -11.643  -11.643   -7.501   -7.501   -5.950   -5.950    2.879    2.879
    5.473    5.473    6.041    6.041    6.477    6.477
            0.348000  0.200918  0.000000
  -18.302  -18.302  -11.617  -11.617   -7.494   -7.494   -5.967   -5.967    2.906    2.906
    5.452    5.452    6.042    6.043    6.455    6.455
            0.347000  0.200341  0.000000
  -18.318  -18.318  -11.591  -11.591   -7.487   -7.487   -5.984   -5.984    2.933    2.933
    5.430    5.430    6.044    6.044    6.433    6.433
            0.346000  0.199763  0.000000
  -18.334  -18.334  -11.566  -11.566   -7.480   -7.480   -6.001   -6.001    2.960    2.960
    5.409    5.409    6.046    6.046    6.411    6.411
            0.345000  0.199186  0.000000
  -18.349  -18.349  -11.540  -11.540   -7.474   -7.474   -6.018   -6.018    2.987    2.987
    5.388    5.388    6.047    6.048    6.390    6.390
            0.344000  0.198608  0.000000
  -18.365  -18.365  -11.514  -11.514   -7.467   -7.467   -6.035   -6.035    3.015    3.015
    5.366    5.367    6.049    6.049    6.369    6.369
            0.343000  0.198031  0.000000
  -18.381  -18.381  -11.488  -11.488   -7.460   -7.460   -6.051   -6.051    3.042    3.042
    5.345    5.345    6.051    6.051    6.348    6.348
            0.342000  0.197454  0.000000
  -18.396  -18.396  -11.462  -11.462   -7.453   -7.453   -6.068   -6.068    3.069    3.069
    5.324    5.324    6.052    6.052    6.327    6.327
            0.341000  0.196876  0.000000
  -18.412  -18.412  -11.436  -11.436   -7.446   -7.446   -6.085   -6.085    3.096    3.096
    5.303    5.303    6.053    6.053    6.306    6.306
            0.340000  0.196299  0.000000
  -18.427  -18.427  -11.410  -11.410   -7.439   -7.439   -6.102   -6.102    3.124    3.124
    5.281    5.281    6.054    6.054    6.285    6.286
            0.339000  0.195722  0.000000
  -18.443  -18.443  -11.384  -11.384   -7.431   -7.431   -6.119   -6.119    3.151    3.151
    5.260    5.260    6.055    6.055    6.265    6.266
            0.338000  0.195144  0.000000
  -18.458  -18.458  -11.358  -11.358   -7.424   -7.424   -6.136   -6.136    3.178    3.178
    5.239    5.239    6.055    6.055    6.246    6.246
            0.337000  0.194567  0.000000
  -18.473  -18.473  -11.332  -11.332   -7.417   -7.417   -6.152   -6.152    3.205    3.205
    5.218    5.218    6.055    6.055    6.226    6.227
            0.336000  0.193990  0.000000
  -18.489  -18.489  -11.306  -11.306   -7.410   -7.410   -6.169   -6.169    3.233    3.233
    5.197    5.197    6.054    6.054    6.208    6.208
            0.335000  0.193412  0.000000
  -18.504  -18.504  -11.279  -11.279   -7.402   -7.402   -6.186   -6.186    3.260    3.260
    5.176    5.176    6.051    6.052    6.190    6.190
            0.334000  0.192835  0.000000
  -18.519  -18.519  -11.253  -11.253   -7.395   -7.395   -6.203   -6.203    3.288    3.288
    5.155    5.155    6.048    6.049    6.173    6.174
            0.333000  0.192258  0.000000
  -18.534  -18.534  -11.227  -11.227   -7.388   -7.388   -6.219   -6.219    3.315    3.315
    5.134    5.134    6.043    6.044    6.157    6.158
            0.332000  0.191680  0.000000
  -18.549  -18.549  -11.201  -11.201   -7.380   -7.380   -6.236   -6.236    3.342    3.342
    5.113    5.113    6.036    6.037    6.143    6.144
            0.331000  0.191103  0.000000
  -18.564  -18.564  -11.175  -11.175   -7.373   -7.373   -6.253   -6.252    3.370    3.370
    5.092    5.092    6.026    6.027    6.131    6.132
            0.330000  0.190526  0.000000
  -18.580  -18.580  -11.149  -11.149   -7.366   -7.366   -6.269   -6.269    3.397    3.397
    5.071    5.071    6.015    6.016    6.119    6.120
            0.329000  0.189948  0.000000
  -18.595  -18.595  -11.123  -11.123   -7.358   -7.358   -6.286   -6.286    3.425    3.425
    5.050    5.050    6.001    6.002    6.108    6.109
            0.328000  0.189371  0.000000
  -18.610  -18.610  -11.096  -11.096   -7.350   -7.350   -6.302   -6.302    3.452    3.452
    5.030    5.030    5.986    5.987    6.096    6.097
            0.327000  0.188794  0.000000
  -18.624  -18.624  -11.070  -11.070   -7.343   -7.343   -6.319   -6.319    3.480    3.480
    5.009    5.009    5.970    5.970    6.084    6.084
            0.326000  0.188216  0.000000
  -18.639  -18.639  -11.044  -11.044   -7.335   -7.335   -6.335   -6.335    3.507    3.507
    4.988    4.988    5.952    5.953    6.070    6.070
            0.325000  0.187639  0.000000
  -18.654  -18.654  -11.018  -11.018   -7.328   -7.328   -6.352   -6.352    3.535    3.535
    4.968    4.968    5.934    5.935    6.054    6.055
            0.324000  0.187061  0.000000
  -18.669  -18.669  -10.992  -10.992   -7.320   -7.320   -6.368   -6.368    3.562    3.562
    4.947    4.947    5.916    5.916    6.038    6.038
            0.323000  0.186484  0.000000
  -18.684  -18.684  -10.965  -10.965   -7.312   -7.312   -6.384   -6.384    3.590    3.590
    4.927    4.927    5.897    5.897    6.020    6.021
            0.322000  0.185907  0.000000
  -18.698  -18.698  -10.939  -10.939   -7.304   -7.304   -6.401   -6.401    3.617    3.617
    4.906    4.907    5.878    5.878    6.002    6.003
            0.321000  0.185329  0.000000
  -18.713  -18.713  -10.913  -10.913   -7.297   -7.297   -6.417   -6.417    3.645    3.645
    4.886    4.886    5.859    5.859    5.984    5.984
            0.320000  0.184752  0.000000
  -18.728  -18.728  -10.886  -10.886   -7.289   -7.289   -6.433   -6.433    3.672    3.672
    4.866    4.866    5.839    5.840    5.965    5.965
            0.319000  0.184175  0.000000
  -18.742  -18.742  -10.860  -10.860   -7.281   -7.281   -6.450   -6.450    3.700    3.700
    4.846    4.846    5.820    5.820    5.945    5.946
            0.318000  0.183597  0.000000
  -18.757  -18.757  -10.834  -10.834   -7.273   -7.273   -6.466   -6.466    3.727    3.727
    4.825    4.825    5.800    5.801    5.926    5.926
            0.317000  0.183020  0.000000
  -18.771  -18.771  -10.807  -10.807   -7.265   -7.265   -6.482   -6.482    3.755    3.755
    4.805    4.805    5.781    5.781    5.906    5.907
            0.316000  0.182443  0.000000
  -18.786  -18.786  -10.781  -10.781   -7.257   -7.257   -6.498   -6.498    3.782    3.782
    4.785    4.785    5.761    5.762    5.887    5.887
            0.315000  0.181865  0.000000
  -18.800  -18.800  -10.755  -10.755   -7.249   -7.249   -6.514   -6.514    3.809    3.809
    4.765    4.765    5.742    5.742    5.867    5.867
            0.314000  0.181288  0.000000
  -18.815  -18.815  -10.728  -10.728   -7.241   -7.241   -6.530   -6.530    3.837    3.837
    4.745    4.745    5.722    5.723    5.847    5.848
            0.313000  0.180711  0.000000
  -18.829  -18.829  -10.702  -10.702   -7.233   -7.233   -6.546   -6.546    3.864    3.864
    4.725    4.726    5.703    5.703    5.828    5.828
            0.312000  0.180133  0.000000
  -18.843  -18.843  -10.676  -10.676   -7.225   -7.225   -6.562   -6.562    3.892    3.892
    4.706    4.706    5.684    5.684    5.808    5.808
            0.311000  0.179556  0.000000
  -18.858  -18.858  -10.649  -10.649   -7.217   -7.217   -6.578   -6.578    3.919    3.919
    4.686    4.686    5.664    5.665    5.788    5.788
            0.310000  0.178979  0.000000
  -18.872  -18.872  -10.623  -10.623   -7.208   -7.208   -6.594   -6.594    3.946    3.946
    4.666    4.666    5.645    5.645    5.768    5.769
            0.309000  0.178401  0.000000
  -18.886  -18.886  -10.596  -10.596   -7.200   -7.200   -6.610   -6.610    3.974    3.974
    4.647    4.647    5.626    5.626    5.749    5.749
            0.308000  0.177824  0.000000
  -18.900  -18.900  -10.570  -10.570   -7.192   -7.192   -6.626   -6.626    4.001    4.001
    4.627    4.627    5.607    5.607    5.729    5.729
            0.307000  0.177247  0.000000
  -18.914  -18.914  -10.544  -10.544   -7.184   -7.184   -6.642   -6.642    4.028    4.028
    4.608    4.608    5.587    5.588    5.709    5.710
            0.306000  0.176669  0.000000
  -18.928  -18.928  -10.517  -10.517   -7.175   -7.175   -6.658   -6.658    4.055    4.055
    4.588    4.589    5.568    5.569    5.690    5.690
            0.305000  0.176092  0.000000
  -18.942  -18.942  -10.491  -10.491   -7.167   -7.167   -6.674   -6.674    4.082    4.082
    4.569    4.569    5.549    5.550    5.670    5.671
            0.304000  0.175514  0.000000
  -18.956  -18.956  -10.464  -10.464   -7.158   -7.158   -6.689   -6.689    4.109    4.109
    4.550    4.550    5.530    5.531    5.651    5.651
            0.303000  0.174937  0.000000
  -18.970  -18.970  -10.438  -10.438   -7.150   -7.150   -6.705   -6.705    4.136    4.136
    4.531    4.531    5.512    5.512    5.632    5.632
            0.302000  0.174360  0.000000
  -18.984  -18.984  -10.411  -10.411   -7.141   -7.141   -6.721   -6.721    4.163    4.163
    4.512    4.512    5.493    5.493    5.612    5.612
            0.301000  0.173782  0.000000
  -18.998  -18.998  -10.385  -10.385   -7.133   -7.133   -6.736   -6.736    4.190    4.190
    4.494    4.494    5.474    5.475    5.593    5.593
            0.300000  0.173205  0.000000
  -19.012  -19.012  -10.358  -10.358   -7.124   -7.124   -6.752   -6.752    4.216    4.216
    4.475    4.475    5.456    5.456    5.574    5.574
            0.299000  0.172628  0.000000
  -19.026  -19.026  -10.332  -10.332   -7.116   -7.116   -6.767   -6.767    4.242    4.242
    4.457    4.457    5.437    5.437    5.555    5.555
            0.298000  0.172050  0.000000
  -19.039  -19.039  -10.306  -10.306   -7.107   -7.107   -6.783   -6.783    4.267    4.267
    4.440    4.440    5.419    5.419    5.536    5.536
            0.297000  0.171473  0.000000
  -19.053  -19.053  -10.279  -10.279   -7.099   -7.099   -6.798   -6.798    4.292    4.292
    4.423    4.423    5.401    5.401    5.517    5.517
            0.296000  0.170896  0.000000
  -19.067  -19.067  -10.253  -10.253   -7.090   -7.090   -6.814   -6.814    4.313    4.313
    4.409    4.409    5.382    5.383    5.498    5.498
            0.295000  0.170318  0.000000
  -19.080  -19.080  -10.226  -10.226   -7.081   -7.081   -6.829   -6.829    4.329    4.329
    4.401    4.402    5.364    5.365    5.479    5.479
            0.294000  0.169741  0.000000
  -19.094  -19.094  -10.200  -10.200   -7.072   -7.072   -6.845   -6.845    4.332    4.332
    4.406    4.406    5.347    5.347    5.460    5.460
            0.293000  0.169164  0.000000
  -19.107  -19.107  -10.173  -10.173   -7.064   -7.064   -6.860   -6.860    4.324    4.324
    4.422    4.422    5.329    5.329    5.442    5.442
            0.292000  0.168586  0.000000
  -19.121  -19.121  -10.147  -10.147   -7.055   -7.055   -6.875   -6.875    4.310    4.310
    4.444    4.444    5.311    5.312    5.423    5.423
            0.291000  0.168009  0.000000
  -19.134  -19.134  -10.120  -10.120   -7.046   -7.046   -6.890   -6.890    4.293    4.293
    4.467    4.467    5.294    5.294    5.405    5.405
            0.290000  0.167432  0.000000
  -19.147  -19.147  -10.094  -10.094   -7.037   -7.037   -6.906   -6.906    4.276    4.276
    4.492    4.492    5.277    5.277    5.387    5.387
            0.289000  0.166854  0.000000
  -19.161  -19.161  -10.067  -10.067   -7.028   -7.028   -6.921   -6.921    4.259    4.259
    4.516    4.517    5.260    5.260    5.368    5.369
            0.288000  0.166277  0.000000
  -19.174  -19.174  -10.041  -10.041   -7.019   -7.019   -6.936   -6.936    4.241    4.241
    4.541    4.541    5.243    5.243    5.350    5.351
            0.287000  0.165700  0.000000
  -19.187  -19.187  -10.014  -10.014   -7.010   -7.010   -6.951   -6.951    4.223    4.223
    4.566    4.566    5.226    5.227    5.333    5.333
            0.286000  0.165122  0.000000
  -19.200  -19.200   -9.988   -9.988   -7.001   -7.001   -6.966   -6.966    4.205    4.205
    4.590    4.590    5.210    5.210    5.315    5.315
            0.285000  0.164545  0.000000
  -19.214  -19.214   -9.961   -9.961   -6.993   -6.993   -6.981   -6.981    4.187    4.187
    4.614    4.614    5.194    5.194    5.298    5.298
            0.284000  0.163967  0.000000
  -19.227  -19.227   -9.935   -9.935   -6.996   -6.996   -6.983   -6.983    4.169    4.170
    4.637    4.637    5.179    5.179    5.281    5.281
            0.283000  0.163390  0.000000
  -19.240  -19.240   -9.908   -9.908   -7.011   -7.011   -6.974   -6.974    4.152    4.152
    4.660    4.660    5.163    5.164    5.264    5.264
            0.282000  0.162813  0.000000
  -19.253  -19.253   -9.882   -9.882   -7.026   -7.026   -6.965   -6.965    4.134    4.134
    4.682    4.682    5.149    5.149    5.248    5.248
            0.281000  0.162235  0.000000
  -19.266  -19.266   -9.855   -9.855   -7.041   -7.041   -6.956   -6.956    4.116    4.116
    4.703    4.703    5.134    5.135    5.232    5.232
            0.280000  0.161658  0.000000
  -19.279  -19.279   -9.828   -9.828   -7.055   -7.055   -6.947   -6.947    4.098    4.098
    4.723    4.723    5.121    5.121    5.217    5.217
            0.279000  0.161081  0.000000
  -19.292  -19.292   -9.802   -9.802   -7.070   -7.070   -6.938   -6.938    4.080    4.080
    4.742    4.742    5.108    5.108    5.203    5.203
            0.278000  0.160503  0.000000
  -19.304  -19.304   -9.775   -9.775   -7.085   -7.085   -6.928   -6.928    4.063    4.063
    4.759    4.759    5.095    5.095    5.191    5.191
            0.277000  0.159926  0.000000
  -19.317  -19.317   -9.749   -9.749   -7.099   -7.099   -6.919   -6.919    4.045    4.045
    4.774    4.774    5.083    5.083    5.180    5.180
            0.276000  0.159349  0.000000
  -19.330  -19.330   -9.722   -9.722   -7.114   -7.114   -6.910   -6.910    4.027    4.027
    4.786    4.786    5.071    5.071    5.171    5.171
            0.275000  0.158771  0.000000
  -19.343  -19.343   -9.696   -9.696   -7.129   -7.129   -6.901   -6.901    4.010    4.010
    4.796    4.796    5.059    5.059    5.166    5.166
            0.274000  0.158194  0.000000
  -19.355  -19.355   -9.669   -9.669   -7.143   -7.143   -6.891   -6.891    3.992    3.992
    4.802    4.802    5.046    5.046    5.163    5.164
            0.273000  0.157617  0.000000
  -19.368  -19.368   -9.643   -9.643   -7.158   -7.158   -6.882   -6.882    3.975    3.975
    4.806    4.806    5.033    5.034    5.165    5.165
            0.272000  0.157039  0.000000
  -19.381  -19.381   -9.616   -9.616   -7.172   -7.172   -6.872   -6.872    3.957    3.958
    4.806    4.806    5.020    5.020    5.170    5.170
            0.271000  0.156462  0.000000
  -19.393  -19.393   -9.590   -9.590   -7.187   -7.187   -6.863   -6.863    3.940    3.940
    4.804    4.804    5.006    5.006    5.179    5.179
            0.270000  0.155885  0.000000
  -19.406  -19.406   -9.564   -9.564   -7.201   -7.201   -6.854   -6.854    3.923    3.923
    4.799    4.799    4.991    4.991    5.191    5.191
            0.269000  0.155307  0.000000
  -19.418  -19.418   -9.537   -9.537   -7.215   -7.215   -6.844   -6.844    3.906    3.906
    4.792    4.792    4.976    4.976    5.206    5.206
            0.268000  0.154730  0.000000
  -19.431  -19.431   -9.511   -9.511   -7.229   -7.229   -6.835   -6.835    3.888    3.889
    4.784    4.784    4.960    4.960    5.222    5.222
            0.267000  0.154153  0.000000
  -19.443  -19.443   -9.484   -9.484   -7.244   -7.244   -6.825   -6.825    3.871    3.871
    4.774    4.774    4.945    4.945    5.241    5.241
            0.266000  0.153575  0.000000
  -19.455  -19.455   -9.458   -9.458   -7.258   -7.258   -6.815   -6.815    3.854    3.854
    4.763    4.763    4.929    4.929    5.261    5.261
            0.265000  0.152998  0.000000
  -19.468  -19.467   -9.431   -9.431   -7.272   -7.272   -6.806   -6.806    3.837    3.837
    4.751    4.751    4.913    4.913    5.282    5.282
            0.264000  0.152420  0.000000
  -19.480  -19.480   -9.405   -9.405   -7.286   -7.286   -6.796   -6.796    3.820    3.821
    4.738    4.739    4.896    4.896    5.303    5.303
            0.263000  0.151843  0.000000
  -19.492  -19.492   -9.378   -9.378   -7.300   -7.300   -6.787   -6.787    3.804    3.804
    4.725    4.725    4.880    4.880    5.326    5.326
            0.262000  0.151266  0.000000
  -19.504  -19.504   -9.352   -9.352   -7.314   -7.314   -6.777   -6.777    3.787    3.787
    4.712    4.712    4.864    4.864    5.349    5.349
            0.261000  0.150688  0.000000
  -19.516  -19.516   -9.325   -9.325   -7.328   -7.328   -6.767   -6.767    3.770    3.770
    4.698    4.698    4.847    4.848    5.373    5.373
            0.260000  0.150111  0.000000
  -19.528  -19.528   -9.299   -9.299   -7.342   -7.342   -6.757   -6.757    3.753    3.754
    4.683    4.683    4.831    4.831    5.397    5.397
            0.259000  0.149534  0.000000
  -19.540  -19.540   -9.273   -9.273   -7.356   -7.356   -6.748   -6.748    3.737    3.737
    4.669    4.669    4.815    4.815    5.422    5.422
            0.258000  0.148956  0.000000
  -19.552  -19.552   -9.246   -9.246   -7.370   -7.370   -6.738   -6.738    3.720    3.720
    4.654    4.654    4.798    4.798    5.446    5.446
            0.257000  0.148379  0.000000
  -19.564  -19.564   -9.220   -9.220   -7.384   -7.384   -6.728   -6.728    3.704    3.704
    4.639    4.639    4.782    4.782    5.471    5.471
            0.256000  0.147802  0.000000
  -19.576  -19.576   -9.193   -9.193   -7.397   -7.397   -6.718   -6.718    3.687    3.687
    4.624    4.625    4.766    4.766    5.496    5.496
            0.255000  0.147224  0.000000
  -19.588  -19.588   -9.167   -9.167   -7.411   -7.411   -6.708   -6.708    3.671    3.671
    4.609    4.609    4.749    4.749    5.521    5.521
            0.254000  0.146647  0.000000
  -19.600  -19.600   -9.141   -9.141   -7.425   -7.425   -6.699   -6.699    3.655    3.655
    4.594    4.594    4.733    4.733    5.547    5.547
            0.253000  0.146070  0.000000
  -19.611  -19.611   -9.114   -9.114   -7.438   -7.438   -6.689   -6.689    3.639    3.639
    4.579    4.579    4.717    4.717    5.572    5.572
            0.252000  0.145492  0.000000
  -19.623  -19.623   -9.088   -9.088   -7.452   -7.452   -6.679   -6.679    3.622    3.622
    4.564    4.564    4.701    4.701    5.598    5.598
            0.251000  0.144915  0.000000
  -19.635  -19.635   -9.062   -9.062   -7.465   -7.465   -6.669   -6.669    3.606    3.606
    4.549    4.549    4.685    4.685    5.623    5.623
            0.250000  0.144338  0.000000
  -19.646  -19.646   -9.035   -9.035   -7.479   -7.479   -6.659   -6.659    3.590    3.590
    4.533    4.534    4.669    4.669    5.649    5.649
            0.249000  0.143760  0.000000
  -19.658  -19.658   -9.009   -9.009   -7.492   -7.492   -6.649   -6.649    3.574    3.574
    4.518    4.518    4.652    4.653    5.674    5.674
            0.248000  0.143183  0.000000
  -19.669  -19.669   -8.983   -8.983   -7.506   -7.505   -6.639   -6.639    3.558    3.558
    4.503    4.503    4.636    4.637    5.700    5.700
            0.247000  0.142606  0.000000
  -19.681  -19.681   -8.957   -8.957   -7.519   -7.519   -6.629   -6.629    3.542    3.542
    4.488    4.488    4.621    4.621    5.725    5.725
            0.246000  0.142028  0.000000
  -19.692  -19.692   -8.930   -8.930   -7.532   -7.532   -6.619   -6.619    3.527    3.527
    4.472    4.473    4.605    4.605    5.751    5.751
            0.245000  0.141451  0.000000
  -19.704  -19.704   -8.904   -8.904   -7.545   -7.545   -6.609   -6.609    3.511    3.511
    4.457    4.457    4.589    4.589    5.776    5.776
            0.244000  0.140873  0.000000
  -19.715  -19.715   -8.878   -8.878   -7.558   -7.558   -6.599   -6.599    3.495    3.495
    4.442    4.442    4.573    4.573    5.802    5.802
            0.243000  0.140296  0.000000
  -19.726  -19.726   -8.852   -8.852   -7.572   -7.572   -6.589   -6.589    3.480    3.480
    4.427    4.427    4.557    4.557    5.827    5.827
            0.242000  0.139719  0.000000
  -19.738  -19.738   -8.826   -8.826   -7.585   -7.585   -6.578   -6.578    3.464    3.464
    4.412    4.412    4.542    4.542    5.853    5.853
            0.241000  0.139141  0.000000
  -19.749  -19.749   -8.799   -8.799   -7.598   -7.598   -6.568   -6.568    3.449    3.449
    4.397    4.397    4.526    4.526    5.878    5.878
            0.240000  0.138564  0.000000
  -19.760  -19.760   -8.773   -8.773   -7.611   -7.611   -6.558   -6.558    3.433    3.433
    4.382    4.382    4.510    4.511    5.903    5.903
            0.239000  0.137987  0.000000
  -19.771  -19.771   -8.747   -8.747   -7.624   -7.624   -6.548   -6.548    3.418    3.418
    4.367    4.367    4.495    4.495    5.928    5.928
            0.238000  0.137409  0.000000
  -19.782  -19.782   -8.721   -8.721   -7.637   -7.637   -6.538   -6.538    3.403    3.403
    4.352    4.352    4.480    4.480    5.953    5.953
            0.237000  0.136832  0.000000
  -19.793  -19.793   -8.695   -8.695   -7.649   -7.649   -6.527   -6.527    3.387    3.387
    4.337    4.337    4.464    4.464    5.977    5.977
            0.236000  0.136255  0.000000
  -19.804  -19.804   -8.669   -8.669   -7.662   -7.662   -6.517   -6.517    3.372    3.372
    4.322    4.322    4.449    4.449    6.002    6.002
            0.235000  0.135677  0.000000
  -19.815  -19.815   -8.643   -8.643   -7.675   -7.675   -6.507   -6.507    3.357    3.357
    4.307    4.307    4.434    4.434    6.026    6.026
            0.234000  0.135100  0.000000
  -19.826  -19.826   -8.617   -8.617   -7.688   -7.688   -6.497   -6.497    3.342    3.342
    4.292    4.292    4.418    4.418    6.049    6.049
            0.233000  0.134523  0.000000
  -19.837  -19.837   -8.591   -8.591   -7.700   -7.700   -6.486   -6.486    3.327    3.327
    4.277    4.278    4.403    4.403    6.072    6.072
            0.232000  0.133945  0.000000
  -19.848  -19.848   -8.565   -8.565   -7.713   -7.713   -6.476   -6.476    3.312    3.312
    4.263    4.263    4.388    4.388    6.095    6.095
            0.231000  0.133368  0.000000
  -19.859  -19.859   -8.539   -8.539   -7.725   -7.725   -6.466   -6.466    3.297    3.297
    4.248    4.248    4.373    4.373    6.117    6.117
            0.230000  0.132791  0.000000
  -19.869  -19.869   -8.513   -8.513   -7.738   -7.738   -6.455   -6.455    3.282    3.283
    4.234    4.234    4.358    4.358    6.138    6.138
            0.229000  0.132213  0.000000
  -19.880  -19.880   -8.487   -8.487   -7.750   -7.750   -6.445   -6.445    3.268    3.268
    4.219    4.219    4.343    4.343    6.158    6.158
            0.228000  0.131636  0.000000
  -19.891  -19.891   -8.461   -8.461   -7.763   -7.763   -6.435   -6.435    3.253    3.253
    4.204    4.205    4.328    4.329    6.176    6.176
            0.227000  0.131059  0.000000
  -19.901  -19.901   -8.435   -8.435   -7.775   -7.775   -6.424   -6.424    3.238    3.239
    4.190    4.190    4.314    4.314    6.193    6.193
            0.226000  0.130481  0.000000
  -19.912  -19.912   -8.409   -8.409   -7.787   -7.787   -6.414   -6.414    3.224    3.224
    4.176    4.176    4.299    4.299    6.207    6.207
            0.225000  0.129904  0.000000
  -19.922  -19.922   -8.383   -8.383   -7.800   -7.800   -6.403   -6.403    3.209    3.210
    4.161    4.161    4.284    4.284    6.218    6.218
            0.224000  0.129326  0.000000
  -19.933  -19.933   -8.358   -8.358   -7.812   -7.812   -6.393   -6.393    3.195    3.195
    4.147    4.147    4.270    4.270    6.226    6.226
            0.223000  0.128749  0.000000
  -19.943  -19.943   -8.332   -8.332   -7.824   -7.824   -6.382   -6.382    3.181    3.181
    4.133    4.133    4.255    4.255    6.231    6.231
            0.222000  0.128172  0.000000
  -19.953  -19.953   -8.306   -8.306   -7.836   -7.836   -6.372   -6.372    3.166    3.166
    4.119    4.119    4.241    4.241    6.233    6.233
            0.221000  0.127594  0.000000
  -19.964  -19.964   -8.280   -8.280   -7.848   -7.848   -6.361   -6.361    3.152    3.152
    4.105    4.105    4.226    4.227    6.232    6.232
            0.220000  0.127017  0.000000
  -19.974  -19.974   -8.255   -8.255   -7.860   -7.860   -6.351   -6.351    3.138    3.138
    4.090    4.091    4.212    4.212    6.228    6.228
            0.219000  0.126440  0.000000
  -19.984  -19.984   -8.229   -8.229   -7.872   -7.872   -6.340   -6.340    3.124    3.124
    4.076    4.077    4.198    4.198    6.222    6.222
            0.218000  0.125862  0.000000
  -19.994  -19.994   -8.203   -8.203   -7.884   -7.884   -6.330   -6.330    3.110    3.110
    4.063    4.063    4.184    4.184    6.215    6.215
            0.217000  0.125285  0.000000
  -20.005  -20.005   -8.178   -8.178   -7.896   -7.896   -6.319   -6.319    3.096    3.096
    4.049    4.049    4.170    4.170    6.207    6.207
            0.216000  0.124708  0.000000
  -20.015  -20.015   -8.152   -8.152   -7.908   -7.908   -6.309   -6.309    3.082    3.082
    4.035    4.035    4.155    4.156    6.197    6.197
            0.215000  0.124130  0.000000
  -20.025  -20.025   -8.127   -8.127   -7.920   -7.920   -6.298   -6.298    3.068    3.068
    4.021    4.021    4.141    4.141    6.187    6.187
            0.214000  0.123553  0.000000
  -20.035  -20.035   -8.101   -8.101   -7.931   -7.931   -6.288   -6.288    3.054    3.055
    4.007    4.008    4.127    4.128    6.177    6.177
            0.213000  0.122976  0.000000
  -20.045  -20.045   -8.076   -8.076   -7.943   -7.943   -6.277   -6.277    3.041    3.041
    3.994    3.994    4.114    4.114    6.166    6.166
            0.212000  0.122398  0.000000
  -20.055  -20.055   -8.050   -8.050   -7.955   -7.955   -6.266   -6.266    3.027    3.027
    3.980    3.980    4.100    4.100    6.154    6.154
            0.211000  0.121821  0.000000
  -20.064  -20.064   -8.025   -8.025   -7.966   -7.966   -6.256   -6.256    3.014    3.014
    3.967    3.967    4.086    4.086    6.143    6.143
            0.210000  0.121244  0.000000
  -20.074  -20.074   -7.999   -7.999   -7.978   -7.978   -6.245   -6.245    3.000    3.000
    3.953    3.953    4.072    4.072    6.131    6.131
            0.209000  0.120666  0.000000
  -20.084  -20.084   -7.989   -7.989   -7.974   -7.974   -6.235   -6.235    2.987    2.987
    3.940    3.940    4.059    4.059    6.119    6.119
            0.208000  0.120089  0.000000
  -20.094  -20.094   -8.001   -8.001   -7.949   -7.949   -6.224   -6.224    2.973    2.973
    3.926    3.927    4.045    4.045    6.107    6.107
            0.207000  0.119512  0.000000
  -20.103  -20.103   -8.012   -8.012   -7.923   -7.923   -6.213   -6.213    2.960    2.960
    3.913    3.913    4.032    4.032    6.095    6.095
            0.206000  0.118934  0.000000
  -20.113  -20.113   -8.023   -8.023   -7.898   -7.898   -6.203   -6.203    2.947    2.947
    3.900    3.900    4.018    4.018    6.083    6.083
            0.205000  0.118357  0.000000
  -20.123  -20.123   -8.034   -8.034   -7.873   -7.873   -6.192   -6.192    2.933    2.933
    3.887    3.887    4.005    4.005    6.071    6.071
            0.204000  0.117779  0.000000
  -20.132  -20.132   -8.046   -8.046   -7.848   -7.848   -6.181   -6.181    2.920    2.920
    3.874    3.874    3.992    3.992    6.059    6.059
            0.203000  0.117202  0.000000
  -20.142  -20.142   -8.057   -8.057   -7.822   -7.822   -6.171   -6.171    2.907    2.907
    3.861    3.861    3.978    3.978    6.046    6.046
            0.202000  0.116625  0.000000
  -20.151  -20.151   -8.068   -8.068   -7.797   -7.797   -6.160   -6.160    2.894    2.894
    3.848    3.848    3.965    3.965    6.034    6.034
            0.201000  0.116047  0.000000
  -20.161  -20.161   -8.079   -8.079   -7.772   -7.772   -6.149   -6.149    2.881    2.881
    3.835    3.835    3.952    3.952    6.022    6.022
            0.200000  0.115470  0.000000
  -20.170  -20.170   -8.090   -8.090   -7.747   -7.747   -6.139   -6.139    2.868    2.868
    3.822    3.822    3.939    3.939    6.010    6.010
            0.199000  0.114893  0.000000
  -20.179  -20.179   -8.101   -8.101   -7.722   -7.722   -6.128   -6.128    2.856    2.856
    3.809    3.809    3.926    3.926    5.998    5.998
            0.198000  0.114315  0.000000
  -20.189  -20.189   -8.112   -8.112   -7.697   -7.697   -6.117   -6.117    2.843    2.843
    3.796    3.796    3.913    3.913    5.985    5.985
            0.197000  0.113738  0.000000
  -20.198  -20.198   -8.123   -8.123   -7.672   -7.672   -6.106   -6.106    2.830    2.830
    3.784    3.784    3.900    3.900    5.973    5.973
            0.196000  0.113161  0.000000
  -20.207  -20.207   -8.134   -8.134   -7.648   -7.648   -6.096   -6.096    2.817    2.817
    3.771    3.771    3.887    3.887    5.961    5.961
            0.195000  0.112583  0.000000
  -20.216  -20.216   -8.144   -8.144   -7.623   -7.623   -6.085   -6.085    2.805    2.805
    3.758    3.759    3.875    3.875    5.949    5.949
            0.194000  0.112006  0.000000
  -20.225  -20.225   -8.155   -8.155   -7.598   -7.598   -6.074   -6.074    2.792    2.792
    3.746    3.746    3.862    3.862    5.937    5.937
            0.193000  0.111429  0.000000
  -20.234  -20.234   -8.166   -8.166   -7.573   -7.573   -6.064   -6.064    2.780    2.780
    3.734    3.734    3.849    3.849    5.925    5.925
            0.192000  0.110851  0.000000
  -20.243  -20.243   -8.176   -8.176   -7.549   -7.548   -6.053   -6.053    2.768    2.768
    3.721    3.721    3.837    3.837    5.913    5.913
            0.191000  0.110274  0.000000
  -20.252  -20.252   -8.187   -8.187   -7.524   -7.524   -6.042   -6.042    2.755    2.755
    3.709    3.709    3.824    3.824    5.901    5.901
            0.190000  0.109697  0.000000
  -20.261  -20.261   -8.197   -8.197   -7.499   -7.499   -6.031   -6.031    2.743    2.743
    3.697    3.697    3.812    3.812    5.889    5.889
            0.189000  0.109119  0.000000
  -20.270  -20.270   -8.208   -8.208   -7.475   -7.475   -6.021   -6.021    2.731    2.731
    3.684    3.685    3.800    3.800    5.877    5.877
            0.188000  0.108542  0.000000
  -20.279  -20.279   -8.218   -8.218   -7.450   -7.450   -6.010   -6.010    2.719    2.719
    3.672    3.672    3.787    3.787    5.865    5.865
            0.187000  0.107965  0.000000
  -20.287  -20.287   -8.228   -8.228   -7.426   -7.426   -5.999   -5.999    2.707    2.707
    3.660    3.660    3.775    3.775    5.853    5.854
            0.186000  0.107387  0.000000
  -20.296  -20.296   -8.239   -8.239   -7.401   -7.401   -5.988   -5.988    2.695    2.695
    3.648    3.648    3.763    3.763    5.842    5.842
            0.185000  0.106810  0.000000
  -20.305  -20.305   -8.249   -8.249   -7.377   -7.377   -5.978   -5.978    2.683    2.683
    3.636    3.637    3.751    3.751    5.830    5.830
            0.184000  0.106232  0.000000
  -20.314  -20.314   -8.259   -8.259   -7.353   -7.353   -5.967   -5.967    2.671    2.671
    3.625    3.625    3.739    3.739    5.818    5.819
            0.183000  0.105655  0.000000
  -20.322  -20.322   -8.269   -8.269   -7.328   -7.328   -5.956   -5.956    2.659    2.659
    3.613    3.613    3.727    3.727    5.807    5.807
            0.182000  0.105078  0.000000
  -20.331  -20.331   -8.279   -8.279   -7.304   -7.304   -5.946   -5.946    2.647    2.647
    3.601    3.601    3.715    3.715    5.795    5.795
            0.181000  0.104500  0.000000
  -20.339  -20.339   -8.289   -8.289   -7.280   -7.280   -5.935   -5.935    2.636    2.636
    3.589    3.589    3.703    3.703    5.784    5.784
            0.180000  0.103923  0.000000
  -20.348  -20.348   -8.299   -8.299   -7.256   -7.256   -5.924   -5.924    2.624    2.624
    3.578    3.578    3.691    3.692    5.773    5.773
            0.179000  0.103346  0.000000
  -20.356  -20.356   -8.309   -8.309   -7.232   -7.232   -5.913   -5.913    2.613    2.613
    3.566    3.566    3.680    3.680    5.761    5.761
            0.178000  0.102768  0.000000
  -20.364  -20.364   -8.319   -8.319   -7.208   -7.208   -5.903   -5.903    2.601    2.601
    3.555    3.555    3.668    3.668    5.750    5.750
            0.177000  0.102191  0.000000
  -20.373  -20.373   -8.329   -8.329   -7.184   -7.184   -5.892   -5.892    2.590    2.590
    3.543    3.543    3.657    3.657    5.739    5.739
            0.176000  0.101614  0.000000
  -20.381  -20.381   -8.339   -8.339   -7.160   -7.160   -5.881   -5.881    2.578    2.578
    3.532    3.532    3.645    3.645    5.727    5.728
            0.175000  0.101036  0.000000
  -20.389  -20.389   -8.348   -8.348   -7.136   -7.136   -5.871   -5.871    2.567    2.567
    3.521    3.521    3.634    3.634    5.716    5.716
            0.174000  0.100459  0.000000
  -20.397  -20.397   -8.358   -8.358   -7.112   -7.112   -5.860   -5.860    2.556    2.556
    3.509    3.510    3.622    3.622    5.705    5.705
            0.173000  0.099882  0.000000
  -20.405  -20.405   -8.368   -8.368   -7.089   -7.089   -5.849   -5.849    2.545    2.545
    3.498    3.498    3.611    3.611    5.694    5.694
            0.172000  0.099304  0.000000
  -20.413  -20.413   -8.377   -8.377   -7.065   -7.065   -5.838   -5.838    2.534    2.534
    3.487    3.487    3.600    3.600    5.683    5.683
            0.171000  0.098727  0.000000
  -20.422  -20.422   -8.387   -8.387   -7.041   -7.041   -5.828   -5.828    2.523    2.523
    3.476    3.476    3.589    3.589    5.672    5.673
            0.170000  0.098150  0.000000
  -20.430  -20.430   -8.396   -8.396   -7.018   -7.018   -5.817   -5.817    2.512    2.512
    3.465    3.465    3.577    3.577    5.662    5.662
            0.169000  0.097572  0.000000
  -20.437  -20.437   -8.405   -8.405   -6.994   -6.994   -5.807   -5.807    2.501    2.501
    3.454    3.454    3.566    3.566    5.651    5.651
            0.168000  0.096995  0.000000
  -20.445  -20.445   -8.415   -8.415   -6.971   -6.971   -5.796   -5.796    2.490    2.490
    3.443    3.443    3.555    3.555    5.640    5.640
            0.167000  0.096417  0.000000
  -20.453  -20.453   -8.424   -8.424   -6.948   -6.948   -5.785   -5.785    2.479    2.479
    3.433    3.433    3.544    3.545    5.630    5.630
            0.166000  0.095840  0.000000
  -20.461  -20.461   -8.433   -8.433   -6.924   -6.924   -5.775   -5.775    2.468    2.468
    3.422    3.422    3.534    3.534    5.619    5.619
            0.165000  0.095263  0.000000
  -20.469  -20.469   -8.442   -8.442   -6.901   -6.901   -5.764   -5.764    2.458    2.458
    3.411    3.411    3.523    3.523    5.608    5.608
            0.164000  0.094685  0.000000
  -20.476  -20.476   -8.452   -8.452   -6.878   -6.878   -5.753   -5.753    2.447    2.447
    3.401    3.401    3.512    3.512    5.598    5.598
            0.163000  0.094108  0.000000
  -20.484  -20.484   -8.461   -8.461   -6.855   -6.855   -5.743   -5.743    2.437    2.437
    3.390    3.390    3.501    3.502    5.588    5.588
            0.162000  0.093531  0.000000
  -20.492  -20.492   -8.470   -8.470   -6.832   -6.832   -5.732   -5.732    2.426    2.426
    3.380    3.380    3.491    3.491    5.577    5.577
            0.161000  0.092953  0.000000
  -20.499  -20.499   -8.479   -8.479   -6.809   -6.809   -5.722   -5.722    2.416    2.416
    3.369    3.369    3.480    3.480    5.567    5.567
            0.160000  0.092376  0.000000
  -20.507  -20.507   -8.488   -8.488   -6.786   -6.786   -5.711   -5.711    2.405    2.406
    3.359    3.359    3.470    3.470    5.557    5.557
            0.159000  0.091799  0.000000
  -20.514  -20.514   -8.496   -8.496   -6.763   -6.763   -5.701   -5.701    2.395    2.395
    3.349    3.349    3.459    3.460    5.546    5.547
            0.158000  0.091221  0.000000
  -20.522  -20.522   -8.505   -8.505   -6.740   -6.740   -5.690   -5.690    2.385    2.385
    3.338    3.338    3.449    3.449    5.536    5.536
            0.157000  0.090644  0.000000
  -20.529  -20.529   -8.514   -8.514   -6.718   -6.718   -5.680   -5.680    2.375    2.375
    3.328    3.328    3.439    3.439    5.526    5.526
            0.156000  0.090067  0.000000
  -20.536  -20.536   -8.523   -8.523   -6.695   -6.695   -5.669   -5.669    2.365    2.365
    3.318    3.318    3.429    3.429    5.516    5.516
            0.155000  0.089489  0.000000
  -20.544  -20.544   -8.531   -8.531   -6.672   -6.672   -5.659   -5.659    2.355    2.355
    3.308    3.308    3.419    3.419    5.506    5.506
            0.154000  0.088912  0.000000
  -20.551  -20.551   -8.540   -8.540   -6.650   -6.650   -5.648   -5.648    2.345    2.345
    3.298    3.298    3.408    3.409    5.497    5.497
            0.153000  0.088335  0.000000
  -20.558  -20.558   -8.548   -8.548   -6.628   -6.628   -5.638   -5.638    2.335    2.335
    3.288    3.288    3.398    3.399    5.487    5.487
            0.152000  0.087757  0.000000
  -20.565  -20.565   -8.557   -8.557   -6.605   -6.605   -5.627   -5.627    2.325    2.325
    3.278    3.279    3.389    3.389    5.477    5.477
            0.151000  0.087180  0.000000
  -20.572  -20.572   -8.565   -8.565   -6.583   -6.583   -5.617   -5.617    2.315    2.315
    3.269    3.269    3.379    3.379    5.467    5.467
            0.150000  0.086603  0.000000
  -20.580  -20.580   -8.574   -8.574   -6.561   -6.561   -5.606   -5.606    2.306    2.306
    3.259    3.259    3.369    3.369    5.458    5.458
            0.149000  0.086025  0.000000
  -20.587  -20.587   -8.582   -8.582   -6.539   -6.539   -5.596   -5.596    2.296    2.296
    3.249    3.249    3.359    3.359    5.448    5.448
            0.148000  0.085448  0.000000
  -20.594  -20.594   -8.590   -8.590   -6.517   -6.517   -5.586   -5.586    2.287    2.287
    3.240    3.240    3.349    3.349    5.439    5.439
            0.147000  0.084870  0.000000
  -20.600  -20.600   -8.598   -8.598   -6.495   -6.495   -5.575   -5.575    2.277    2.277
    3.230    3.230    3.340    3.340    5.429    5.429
            0.146000  0.084293  0.000000
  -20.607  -20.607   -8.607   -8.607   -6.473   -6.473   -5.565   -5.565    2.268    2.268
    3.221    3.221    3.330    3.330    5.420    5.420
            0.145000  0.083716  0.000000
  -20.614  -20.614   -8.615   -8.615   -6.451   -6.451   -5.555   -5.555    2.258    2.258
    3.211    3.211    3.321    3.321    5.411    5.411
            0.144000  0.083138  0.000000
  -20.621  -20.621   -8.623   -8.623   -6.429   -6.429   -5.545   -5.545    2.249    2.249
    3.202    3.202    3.311    3.311    5.401    5.401
            0.143000  0.082561  0.000000
  -20.628  -20.628   -8.631   -8.631   -6.408   -6.408   -5.534   -5.534    2.240    2.240
    3.193    3.193    3.302    3.302    5.392    5.392
            0.142000  0.081984  0.000000
  -20.634  -20.634   -8.639   -8.639   -6.386   -6.386   -5.524   -5.524    2.231    2.231
    3.184    3.184    3.293    3.293    5.383    5.383
            0.141000  0.081406  0.000000
  -20.641  -20.641   -8.647   -8.647   -6.365   -6.365   -5.514   -5.514    2.222    2.222
    3.175    3.175    3.283    3.284    5.374    5.374
            0.140000  0.080829  0.000000
  -20.648  -20.648   -8.654   -8.654   -6.343   -6.343   -5.504   -5.504    2.212    2.213
    3.165    3.166    3.274    3.274    5.365    5.365
            0.139000  0.080252  0.000000
  -20.654  -20.654   -8.662   -8.662   -6.322   -6.322   -5.494   -5.494    2.203    2.204
    3.156    3.157    3.265    3.265    5.356    5.356
            0.138000  0.079674  0.000000
  -20.661  -20.661   -8.670   -8.670   -6.301   -6.301   -5.484   -5.484    2.195    2.195
    3.148    3.148    3.256    3.256    5.347    5.347
            0.137000  0.079097  0.000000
  -20.667  -20.667   -8.678   -8.678   -6.280   -6.280   -5.473   -5.473    2.186    2.186
    3.139    3.139    3.247    3.247    5.339    5.339
            0.136000  0.078520  0.000000
  -20.674  -20.674   -8.685   -8.685   -6.259   -6.259   -5.463   -5.463    2.177    2.177
    3.130    3.130    3.238    3.238    5.330    5.330
            0.135000  0.077942  0.000000
  -20.680  -20.680   -8.693   -8.693   -6.238   -6.238   -5.453   -5.453    2.168    2.168
    3.121    3.121    3.229    3.230    5.321    5.321
            0.134000  0.077365  0.000000
  -20.686  -20.686   -8.700   -8.700   -6.217   -6.217   -5.443   -5.443    2.160    2.160
    3.112    3.112    3.221    3.221    5.312    5.313
            0.133000  0.076788  0.000000
  -20.692  -20.692   -8.708   -8.708   -6.196   -6.196   -5.433   -5.433    2.151    2.151
    3.104    3.104    3.212    3.212    5.304    5.304
            0.132000  0.076210  0.000000
  -20.699  -20.699   -8.715   -8.715   -6.176   -6.176   -5.423   -5.423    2.142    2.142
    3.095    3.095    3.203    3.203    5.295    5.295
            0.131000  0.075633  0.000000
  -20.705  -20.705   -8.722   -8.722   -6.155   -6.155   -5.414   -5.414    2.134    2.134
    3.087    3.087    3.195    3.195    5.287    5.287
            0.130000  0.075056  0.000000
  -20.711  -20.711   -8.730   -8.730   -6.135   -6.135   -5.404   -5.404    2.126    2.126
    3.078    3.078    3.186    3.186    5.279    5.279
            0.129000  0.074478  0.000000
  -20.717  -20.717   -8.737   -8.737   -6.114   -6.114   -5.394   -5.394    2.117    2.117
    3.070    3.070    3.178    3.178    5.270    5.270
            0.128000  0.073901  0.000000
  -20.723  -20.723   -8.744   -8.744   -6.094   -6.094   -5.384   -5.384    2.109    2.109
    3.062    3.062    3.169    3.170    5.262    5.262
            0.127000  0.073323  0.000000
  -20.729  -20.729   -8.751   -8.751   -6.074   -6.074   -5.374   -5.374    2.101    2.101
    3.053    3.054    3.161    3.161    5.254    5.254
            0.126000  0.072746  0.000000
  -20.735  -20.735   -8.758   -8.758   -6.054   -6.054   -5.365   -5.365    2.093    2.093
    3.045    3.045    3.153    3.153    5.246    5.246
            0.125000  0.072169  0.000000
  -20.741  -20.741   -8.765   -8.765   -6.034   -6.034   -5.355   -5.355    2.085    2.085
    3.037    3.037    3.145    3.145    5.238    5.238
            0.124000  0.071591  0.000000
  -20.747  -20.747   -8.772   -8.772   -6.014   -6.014   -5.345   -5.345    2.077    2.077
    3.029    3.029    3.137    3.137    5.230    5.230
            0.123000  0.071014  0.000000
  -20.753  -20.753   -8.779   -8.779   -5.994   -5.994   -5.336   -5.336    2.069    2.069
    3.021    3.021    3.129    3.129    5.222    5.222
            0.122000  0.070437  0.000000
  -20.758  -20.758   -8.786   -8.786   -5.975   -5.975   -5.326   -5.326    2.061    2.061
    3.013    3.013    3.121    3.121    5.214    5.214
            0.121000  0.069859  0.000000
  -20.764  -20.764   -8.793   -8.793   -5.955   -5.955   -5.316   -5.316    2.053    2.053
    3.005    3.006    3.113    3.113    5.206    5.206
            0.120000  0.069282  0.000000
  -20.770  -20.770   -8.800   -8.800   -5.936   -5.936   -5.307   -5.307    2.045    2.045
    2.998    2.998    3.105    3.105    5.199    5.199
            0.119000  0.068705  0.000000
  -20.775  -20.775   -8.806   -8.806   -5.916   -5.916   -5.297   -5.297    2.037    2.037
    2.990    2.990    3.097    3.097    5.191    5.191
            0.118000  0.068127  0.000000
  -20.781  -20.781   -8.813   -8.813   -5.897   -5.897   -5.288   -5.288    2.030    2.030
    2.982    2.982    3.089    3.089    5.183    5.183
            0.117000  0.067550  0.000000
  -20.787  -20.787   -8.820   -8.820   -5.878   -5.878   -5.279   -5.279    2.022    2.022
    2.975    2.975    3.082    3.082    5.176    5.176
            0.116000  0.066973  0.000000
  -20.792  -20.792   -8.826   -8.826   -5.859   -5.859   -5.269   -5.269    2.015    2.015
    2.967    2.967    3.074    3.074    5.168    5.168
            0.115000  0.066395  0.000000
  -20.797  -20.797   -8.833   -8.833   -5.840   -5.840   -5.260   -5.260    2.007    2.007
    2.960    2.960    3.066    3.066    5.161    5.161
            0.114000  0.065818  0.000000
  -20.803  -20.803   -8.839   -8.839   -5.821   -5.821   -5.251   -5.251    2.000    2.000
    2.952    2.952    3.059    3.059    5.154    5.154
            0.113000  0.065241  0.000000
  -20.808  -20.808   -8.845   -8.845   -5.803   -5.803   -5.242   -5.242    1.993    1.993
    2.945    2.945    3.052    3.052    5.146    5.146
            0.112000  0.064663  0.000000
  -20.813  -20.813   -8.852   -8.852   -5.784   -5.784   -5.232   -5.232    1.985    1.985
    2.938    2.938    3.044    3.044    5.139    5.139
            0.111000  0.064086  0.000000
  -20.819  -20.819   -8.858   -8.858   -5.766   -5.766   -5.223   -5.223    1.978    1.978
    2.931    2.931    3.037    3.037    5.132    5.132
            0.110000  0.063509  0.000000
  -20.824  -20.824   -8.864   -8.864   -5.747   -5.747   -5.214   -5.214    1.971    1.971
    2.923    2.923    3.030    3.030    5.125    5.125
            0.109000  0.062931  0.000000
  -20.829  -20.829   -8.870   -8.870   -5.729   -5.729   -5.205   -5.205    1.964    1.964
    2.916    2.916    3.023    3.023    5.118    5.118
            0.108000  0.062354  0.000000
  -20.834  -20.834   -8.876   -8.876   -5.711   -5.711   -5.196   -5.196    1.957    1.957
    2.909    2.909    3.016    3.016    5.111    5.111
            0.107000  0.061776  0.000000
  -20.839  -20.839   -8.882   -8.882   -5.693   -5.693   -5.187   -5.187    1.950    1.950
    2.902    2.902    3.009    3.009    5.104    5.104
            0.106000  0.061199  0.000000
  -20.844  -20.844   -8.888   -8.888   -5.675   -5.675   -5.178   -5.178    1.943    1.943
    2.896    2.896    3.002    3.002    5.097    5.097
            0.105000  0.060622  0.000000
  -20.849  -20.849   -8.894   -8.894   -5.657   -5.657   -5.169   -5.169    1.937    1.937
    2.889    2.889    2.995    2.995    5.090    5.090
            0.104000  0.060044  0.000000
  -20.854  -20.854   -8.900   -8.900   -5.640   -5.640   -5.161   -5.161    1.930    1.930
    2.882    2.882    2.988    2.988    5.084    5.084
            0.103000  0.059467  0.000000
  -20.859  -20.859   -8.906   -8.906   -5.622   -5.622   -5.152   -5.152    1.923    1.923
    2.875    2.875    2.981    2.981    5.077    5.077
            0.102000  0.058890  0.000000
  -20.864  -20.864   -8.912   -8.912   -5.605   -5.605   -5.143   -5.143    1.917    1.917
    2.869    2.869    2.974    2.974    5.070    5.070
            0.101000  0.058312  0.000000
  -20.869  -20.869   -8.917   -8.917   -5.588   -5.588   -5.135   -5.135    1.910    1.910
    2.862    2.862    2.968    2.968    5.064    5.064
            0.100000  0.057735  0.000000
  -20.873  -20.873   -8.923   -8.923   -5.570   -5.570   -5.126   -5.126    1.904    1.904
    2.856    2.856    2.961    2.961    5.058    5.058
            0.099000  0.057158  0.000000
  -20.878  -20.878   -8.929   -8.929   -5.553   -5.553   -5.118   -5.118    1.897    1.897
    2.849    2.849    2.955    2.955    5.051    5.051
            0.098000  0.056580  0.000000
  -20.883  -20.883   -8.934   -8.934   -5.537   -5.537   -5.109   -5.109    1.891    1.891
    2.843    2.843    2.948    2.948    5.045    5.045
            0.097000  0.056003  0.000000
  -20.887  -20.887   -8.940   -8.940   -5.520   -5.520   -5.101   -5.101    1.885    1.885
    2.837    2.837    2.942    2.942    5.039    5.039
            0.096000  0.055426  0.000000
  -20.892  -20.892   -8.945   -8.945   -5.503   -5.503   -5.092   -5.092    1.878    1.878
    2.830    2.830    2.936    2.936    5.032    5.032
            0.095000  0.054848  0.000000
  -20.896  -20.896   -8.950   -8.950   -5.487   -5.487   -5.084   -5.084    1.872    1.872
    2.824    2.824    2.929    2.930    5.026    5.026
            0.094000  0.054271  0.000000
  -20.901  -20.901   -8.956   -8.956   -5.470   -5.470   -5.076   -5.076    1.866    1.866
    2.818    2.818    2.923    2.923    5.020    5.020
            0.093000  0.053694  0.000000
  -20.905  -20.905   -8.961   -8.961   -5.454   -5.454   -5.068   -5.068    1.860    1.860
    2.812    2.812    2.917    2.917    5.014    5.014
            0.092000  0.053116  0.000000
  -20.909  -20.909   -8.966   -8.966   -5.438   -5.438   -5.059   -5.059    1.854    1.854
    2.806    2.806    2.911    2.911    5.008    5.008
            0.091000  0.052539  0.000000
  -20.914  -20.914   -8.971   -8.971   -5.422   -5.422   -5.051   -5.051    1.848    1.848
    2.800    2.800    2.905    2.905    5.002    5.002
            0.090000  0.051962  0.000000
  -20.918  -20.918   -8.976   -8.976   -5.406   -5.406   -5.043   -5.043    1.842    1.842
    2.794    2.794    2.899    2.899    4.997    4.997
            0.089000  0.051384  0.000000
  -20.922  -20.922   -8.981   -8.981   -5.390   -5.390   -5.035   -5.035    1.837    1.837
    2.788    2.789    2.893    2.894    4.991    4.991
            0.088000  0.050807  0.000000
  -20.926  -20.926   -8.986   -8.986   -5.375   -5.375   -5.028   -5.028    1.831    1.831
    2.783    2.783    2.888    2.888    4.985    4.985
            0.087000  0.050229  0.000000
  -20.931  -20.931   -8.991   -8.991   -5.360   -5.360   -5.020   -5.020    1.825    1.825
    2.777    2.777    2.882    2.882    4.979    4.979
            0.086000  0.049652  0.000000
  -20.935  -20.935   -8.996   -8.996   -5.344   -5.344   -5.012   -5.012    1.820    1.820
    2.772    2.772    2.876    2.876    4.974    4.974
            0.085000  0.049075  0.000000
  -20.939  -20.939   -9.001   -9.001   -5.329   -5.329   -5.004   -5.004    1.814    1.814
    2.766    2.766    2.871    2.871    4.968    4.968
            0.084000  0.048497  0.000000
  -20.943  -20.943   -9.006   -9.006   -5.314   -5.314   -4.997   -4.997    1.809    1.809
    2.761    2.761    2.865    2.865    4.963    4.963
            0.083000  0.047920  0.000000
  -20.947  -20.947   -9.010   -9.010   -5.299   -5.299   -4.989   -4.989    1.803    1.803
    2.755    2.755    2.860    2.860    4.958    4.958
            0.082000  0.047343  0.000000
  -20.950  -20.950   -9.015   -9.015   -5.285   -5.285   -4.982   -4.982    1.798    1.798
    2.750    2.750    2.854    2.854    4.952    4.952
            0.081000  0.046765  0.000000
  -20.954  -20.954   -9.020   -9.020   -5.270   -5.270   -4.974   -4.974    1.793    1.793
    2.745    2.745    2.849    2.849    4.947    4.947
            0.080000  0.046188  0.000000
  -20.958  -20.958   -9.024   -9.024   -5.256   -5.256   -4.967   -4.967    1.788    1.788
    2.739    2.739    2.844    2.844    4.942    4.942
            0.079000  0.045611  0.000000
  -20.962  -20.962   -9.029   -9.029   -5.241   -5.241   -4.960   -4.960    1.783    1.783
    2.734    2.734    2.839    2.839    4.937    4.937
            0.078000  0.045033  0.000000
  -20.966  -20.966   -9.033   -9.033   -5.227   -5.227   -4.952   -4.952    1.778    1.778
    2.729    2.729    2.834    2.834    4.932    4.932
            0.077000  0.044456  0.000000
  -20.969  -20.969   -9.037   -9.037   -5.213   -5.213   -4.945   -4.945    1.773    1.773
    2.724    2.724    2.829    2.829    4.927    4.927
            0.076000  0.043879  0.000000
  -20.973  -20.973   -9.042   -9.042   -5.199   -5.199   -4.938   -4.938    1.768    1.768
    2.719    2.719    2.824    2.824    4.922    4.922
            0.075000  0.043301  0.000000
  -20.976  -20.976   -9.046   -9.046   -5.186   -5.186   -4.931   -4.931    1.763    1.763
    2.714    2.714    2.819    2.819    4.917    4.917
            0.074000  0.042724  0.000000
  -20.980  -20.980   -9.050   -9.050   -5.172   -5.172   -4.924   -4.924    1.758    1.758
    2.709    2.710    2.814    2.814    4.912    4.912
            0.073000  0.042147  0.000000
  -20.983  -20.983   -9.054   -9.054   -5.159   -5.159   -4.917   -4.917    1.753    1.753
    2.705    2.705    2.809    2.809    4.908    4.908
            0.072000  0.041569  0.000000
  -20.987  -20.987   -9.058   -9.058   -5.146   -5.146   -4.911   -4.911    1.749    1.749
    2.700    2.700    2.804    2.804    4.903    4.903
            0.071000  0.040992  0.000000
  -20.990  -20.990   -9.062   -9.062   -5.133   -5.133   -4.904   -4.904    1.744    1.744
    2.695    2.695    2.800    2.800    4.898    4.898
            0.070000  0.040415  0.000000
  -20.993  -20.993   -9.066   -9.066   -5.120   -5.120   -4.897   -4.897    1.739    1.739
    2.691    2.691    2.795    2.795    4.894    4.894
            0.069000  0.039837  0.000000
  -20.997  -20.997   -9.070   -9.070   -5.107   -5.107   -4.891   -4.891    1.735    1.735
    2.686    2.686    2.790    2.790    4.889    4.889
            0.068000  0.039260  0.000000
  -21.000  -21.000   -9.074   -9.074   -5.095   -5.095   -4.884   -4.884    1.731    1.731
    2.682    2.682    2.786    2.786    4.885    4.885
            0.067000  0.038682  0.000000
  -21.003  -21.003   -9.078   -9.078   -5.082   -5.082   -4.878   -4.878    1.726    1.726
    2.678    2.678    2.782    2.782    4.881    4.881
            0.066000  0.038105  0.000000
  -21.006  -21.006   -9.082   -9.082   -5.070   -5.070   -4.871   -4.871    1.722    1.722
    2.673    2.673    2.777    2.777    4.876    4.876
            0.065000  0.037528  0.000000
  -21.009  -21.009   -9.085   -9.085   -5.058   -5.058   -4.865   -4.865    1.718    1.718
    2.669    2.669    2.773    2.773    4.872    4.872
            0.064000  0.036950  0.000000
  -21.012  -21.012   -9.089   -9.089   -5.046   -5.046   -4.859   -4.859    1.714    1.714
    2.665    2.665    2.769    2.769    4.868    4.868
            0.063000  0.036373  0.000000
  -21.015  -21.015   -9.092   -9.092   -5.034   -5.034   -4.853   -4.853    1.709    1.709
    2.661    2.661    2.765    2.765    4.864    4.864
            0.062000  0.035796  0.000000
  -21.018  -21.018   -9.096   -9.096   -5.022   -5.022   -4.847   -4.847    1.705    1.705
    2.657    2.657    2.761    2.761    4.860    4.860
            0.061000  0.035218  0.000000
  -21.021  -21.021   -9.099   -9.099   -5.011   -5.011   -4.841   -4.841    1.701    1.702
    2.653    2.653    2.756    2.757    4.856    4.856
            0.060000  0.034641  0.000000
  -21.024  -21.024   -9.103   -9.103   -5.000   -5.000   -4.835   -4.835    1.698    1.698
    2.649    2.649    2.753    2.753    4.852    4.852
            0.059000  0.034064  0.000000
  -21.027  -21.027   -9.106   -9.106   -4.989   -4.989   -4.829   -4.829    1.694    1.694
    2.645    2.645    2.749    2.749    4.848    4.848
            0.058000  0.033486  0.000000
  -21.030  -21.030   -9.109   -9.109   -4.978   -4.978   -4.824   -4.824    1.690    1.690
    2.641    2.641    2.745    2.745    4.844    4.844
            0.057000  0.032909  0.000000
  -21.032  -21.032   -9.113   -9.113   -4.967   -4.967   -4.818   -4.818    1.686    1.686
    2.638    2.638    2.741    2.741    4.841    4.841
            0.056000  0.032332  0.000000
  -21.035  -21.035   -9.116   -9.116   -4.956   -4.956   -4.812   -4.812    1.683    1.683
    2.634    2.634    2.737    2.737    4.837    4.837
            0.055000  0.031754  0.000000
  -21.038  -21.038   -9.119   -9.119   -4.946   -4.946   -4.807   -4.807    1.679    1.679
    2.630    2.630    2.734    2.734    4.834    4.834
            0.054000  0.031177  0.000000
  -21.040  -21.040   -9.122   -9.122   -4.936   -4.936   -4.802   -4.802    1.676    1.676
    2.627    2.627    2.730    2.730    4.830    4.830
            0.053000  0.030600  0.000000
  -21.043  -21.043   -9.125   -9.125   -4.926   -4.926   -4.796   -4.796    1.672    1.672
    2.623    2.623    2.727    2.727    4.827    4.827
            0.052000  0.030022  0.000000
  -21.045  -21.045   -9.128   -9.128   -4.916   -4.916   -4.791   -4.791    1.669    1.669
    2.620    2.620    2.723    2.723    4.823    4.823
            0.051000  0.029445  0.000000
  -21.048  -21.048   -9.131   -9.131   -4.906   -4.906   -4.786   -4.786    1.665    1.665
    2.617    2.617    2.720    2.720    4.820    4.820
            0.050000  0.028868  0.000000
  -21.050  -21.050   -9.134   -9.134   -4.896   -4.896   -4.781   -4.781    1.662    1.662
    2.613    2.613    2.717    2.717    4.817    4.817
            0.049000  0.028290  0.000000
  -21.052  -21.052   -9.137   -9.137   -4.887   -4.887   -4.776   -4.776    1.659    1.659
    2.610    2.610    2.713    2.713    4.813    4.813
            0.048000  0.027713  0.000000
  -21.055  -21.055   -9.139   -9.139   -4.878   -4.878   -4.771   -4.771    1.656    1.656
    2.607    2.607    2.710    2.710    4.810    4.810
            0.047000  0.027135  0.000000
  -21.057  -21.057   -9.142   -9.142   -4.869   -4.869   -4.767   -4.767    1.653    1.653
    2.604    2.604    2.707    2.707    4.807    4.807
            0.046000  0.026558  0.000000
  -21.059  -21.059   -9.145   -9.145   -4.860   -4.860   -4.762   -4.762    1.650    1.650
    2.601    2.601    2.704    2.704    4.804    4.804
            0.045000  0.025981  0.000000
  -21.061  -21.061   -9.147   -9.147   -4.851   -4.851   -4.758   -4.758    1.647    1.647
    2.598    2.598    2.701    2.701    4.801    4.801
            0.044000  0.025403  0.000000
  -21.063  -21.063   -9.150   -9.150   -4.843   -4.843   -4.753   -4.753    1.644    1.644
    2.595    2.595    2.698    2.698    4.799    4.799
            0.043000  0.024826  0.000000
  -21.065  -21.065   -9.152   -9.152   -4.834   -4.834   -4.749   -4.749    1.641    1.641
    2.592    2.592    2.695    2.695    4.796    4.796
            0.042000  0.024249  0.000000
  -21.067  -21.067   -9.155   -9.155   -4.826   -4.826   -4.744   -4.744    1.639    1.639
    2.590    2.590    2.693    2.693    4.793    4.793
            0.041000  0.023671  0.000000
  -21.069  -21.069   -9.157   -9.157   -4.818   -4.818   -4.740   -4.740    1.636    1.636
    2.587    2.587    2.690    2.690    4.790    4.790
            0.040000  0.023094  0.000000
  -21.071  -21.071   -9.159   -9.159   -4.810   -4.810   -4.736   -4.736    1.633    1.633
    2.584    2.584    2.687    2.687    4.788    4.788
            0.039000  0.022517  0.000000
  -21.073  -21.073   -9.161   -9.161   -4.803   -4.803   -4.732   -4.732    1.631    1.631
    2.582    2.582    2.685    2.685    4.785    4.785
            0.038000  0.021939  0.000000
  -21.075  -21.075   -9.164   -9.164   -4.795   -4.795   -4.728   -4.728    1.628    1.628
    2.579    2.579    2.682    2.682    4.783    4.783
            0.037000  0.021362  0.000000
  -21.077  -21.077   -9.166   -9.166   -4.788   -4.788   -4.724   -4.724    1.626    1.626
    2.577    2.577    2.680    2.680    4.780    4.780
            0.036000  0.020785  0.000000
  -21.078  -21.078   -9.168   -9.168   -4.781   -4.781   -4.721   -4.721    1.623    1.623
    2.574    2.574    2.677    2.677    4.778    4.778
            0.035000  0.020207  0.000000
  -21.080  -21.080   -9.170   -9.170   -4.774   -4.774   -4.717   -4.717    1.621    1.621
    2.572    2.572    2.675    2.675    4.776    4.776
            0.034000  0.019630  0.000000
  -21.082  -21.082   -9.172   -9.172   -4.768   -4.768   -4.714   -4.714    1.619    1.619
    2.570    2.570    2.673    2.673    4.773    4.773
            0.033000  0.019053  0.000000
  -21.083  -21.083   -9.174   -9.174   -4.761   -4.761   -4.710   -4.710    1.617    1.617
    2.568    2.568    2.671    2.671    4.771    4.771
            0.032000  0.018475  0.000000
  -21.085  -21.085   -9.175   -9.175   -4.755   -4.755   -4.707   -4.707    1.615    1.615
    2.566    2.566    2.669    2.669    4.769    4.769
            0.031000  0.017898  0.000000
  -21.086  -21.086   -9.177   -9.177   -4.749   -4.749   -4.704   -4.704    1.613    1.613
    2.564    2.564    2.666    2.666    4.767    4.767
            0.030000  0.017321  0.000000
  -21.088  -21.088   -9.179   -9.179   -4.743   -4.743   -4.700   -4.700    1.611    1.611
    2.562    2.562    2.664    2.664    4.765    4.765
            0.029000  0.016743  0.000000
  -21.089  -21.089   -9.181   -9.181   -4.737   -4.737   -4.697   -4.697    1.609    1.609
    2.560    2.560    2.663    2.663    4.763    4.763
            0.028000  0.016166  0.000000
  -21.090  -21.090   -9.182   -9.182   -4.732   -4.732   -4.694   -4.694    1.607    1.607
    2.558    2.558    2.661    2.661    4.761    4.761
            0.027000  0.015588  0.000000
  -21.092  -21.092   -9.184   -9.184   -4.726   -4.726   -4.691   -4.691    1.605    1.605
    2.556    2.556    2.659    2.659    4.760    4.760
            0.026000  0.015011  0.000000
  -21.093  -21.093   -9.185   -9.185   -4.721   -4.721   -4.689   -4.689    1.604    1.604
    2.554    2.554    2.657    2.657    4.758    4.758
            0.025000  0.014434  0.000000
  -21.094  -21.094   -9.187   -9.187   -4.716   -4.716   -4.686   -4.686    1.602    1.602
    2.553    2.553    2.656    2.656    4.756    4.756
            0.024000  0.013856  0.000000
  -21.095  -21.095   -9.188   -9.188   -4.712   -4.712   -4.683   -4.683    1.600    1.600
    2.551    2.551    2.654    2.654    4.755    4.755
            0.023000  0.013279  0.000000
  -21.097  -21.097   -9.189   -9.189   -4.707   -4.707   -4.681   -4.681    1.599    1.599
    2.550    2.550    2.652    2.652    4.753    4.753
            0.022000  0.012702  0.000000
  -21.098  -21.098   -9.191   -9.191   -4.703   -4.703   -4.679   -4.679    1.597    1.597
    2.548    2.548    2.651    2.651    4.752    4.752
            0.021000  0.012124  0.000000
  -21.099  -21.099   -9.192   -9.192   -4.699   -4.699   -4.676   -4.676    1.596    1.596
    2.547    2.547    2.650    2.650    4.750    4.750
            0.020000  0.011547  0.000000
  -21.100  -21.100   -9.193   -9.193   -4.695   -4.695   -4.674   -4.674    1.595    1.595
    2.545    2.545    2.648    2.648    4.749    4.749
            0.019000  0.010970  0.000000
  -21.100  -21.100   -9.194   -9.194   -4.691   -4.691   -4.672   -4.672    1.593    1.593
    2.544    2.544    2.647    2.647    4.748    4.748
            0.018000  0.010392  0.000000
  -21.101  -21.101   -9.195   -9.195   -4.688   -4.688   -4.670   -4.670    1.592    1.592
    2.543    2.543    2.646    2.646    4.747    4.747
            0.017000  0.009815  0.000000
  -21.102  -21.102   -9.196   -9.196   -4.684   -4.684   -4.668   -4.668    1.591    1.591
    2.542    2.542    2.645    2.645    4.746    4.746
            0.016000  0.009238  0.000000
  -21.103  -21.103   -9.197   -9.197   -4.681   -4.681   -4.666   -4.666    1.590    1.590
    2.541    2.541    2.643    2.643    4.744    4.745
            0.015000  0.008660  0.000000
  -21.104  -21.104   -9.198   -9.198   -4.678   -4.678   -4.664   -4.664    1.589    1.589
    2.540    2.540    2.642    2.642    4.744    4.744
            0.014000  0.008083  0.000000
  -21.104  -21.104   -9.199   -9.199   -4.676   -4.676   -4.663   -4.663    1.588    1.588
    2.539    2.539    2.642    2.642    4.743    4.743
            0.013000  0.007506  0.000000
  -21.105  -21.105   -9.200   -9.200   -4.673   -4.673   -4.661   -4.661    1.587    1.587
    2.538    2.538    2.641    2.641    4.742    4.742
            0.012000  0.006928  0.000000
  -21.106  -21.106   -9.200   -9.200   -4.671   -4.671   -4.659   -4.659    1.586    1.586
    2.537    2.537    2.640    2.640    4.741    4.741
            0.011000  0.006351  0.000000
  -21.106  -21.106   -9.201   -9.201   -4.669   -4.669   -4.658   -4.658    1.586    1.586
    2.536    2.536    2.639    2.639    4.740    4.740
            0.010000  0.005774  0.000000
  -21.107  -21.107   -9.202   -9.202   -4.667   -4.667   -4.657   -4.657    1.585    1.585
    2.536    2.536    2.638    2.638    4.739    4.739
            0.009000  0.005196  0.000000
  -21.107  -21.107   -9.202   -9.202   -4.665   -4.665   -4.655   -4.655    1.584    1.584
    2.535    2.535    2.638    2.638    4.739    4.739
            0.008000  0.004619  0.000000
  -21.107  -21.107   -9.203   -9.203   -4.664   -4.664   -4.654   -4.654    1.584    1.584
    2.535    2.535    2.637    2.637    4.738    4.738
            0.007000  0.004041  0.000000
  -21.108  -21.108   -9.203   -9.203   -4.663   -4.663   -4.653   -4.653    1.583    1.583
    2.534    2.534    2.637    2.637    4.738    4.738
            0.006000  0.003464  0.000000
  -21.108  -21.108   -9.203   -9.203   -4.662   -4.662   -4.652   -4.652    1.583    1.583
    2.534    2.534    2.636    2.636    4.737    4.737
            0.005000  0.002887  0.000000
  -21.108  -21.108   -9.204   -9.204   -4.661   -4.661   -4.652   -4.652    1.583    1.583
    2.533    2.533    2.636    2.636    4.737    4.737
            0.004000  0.002309  0.000000
  -21.109  -21.109   -9.204   -9.204   -4.660   -4.660   -4.651   -4.651    1.582    1.582
    2.533    2.533    2.636    2.636    4.737    4.737
            0.003000  0.001732  0.000000
  -21.109  -21.109   -9.204   -9.204   -4.660   -4.660   -4.650   -4.650    1.582    1.582
    2.533    2.533    2.635    2.635    4.737    4.737
            0.002000  0.001155  0.000000
  -21.109  -21.109   -9.204   -9.204   -4.659   -4.659   -4.650   -4.650    1.582    1.582
    2.533    2.533    2.635    2.635    4.736    4.736
            0.001000  0.000577  0.000000
  -21.109  -21.109   -9.204   -9.204   -4.659   -4.659   -4.650   -4.650    1.582    1.582
    2.533    2.533    2.635    2.635    4.736    4.736
            0.000000  0.000000  0.000000
  -21.109  -21.109   -9.204   -9.204   -4.659   -4.659   -4.650   -4.650    1.582    1.582
    2.533    2.533    2.635    2.635    4.736    4.736
