#  E (eV)   dos(E)     Int dos(E) EFermi =   -1.724 eV
   -24.00000000    0.1311686215E-84    0.2623372430E-86
   -23.98000000    0.1311686215E-84    0.5246744860E-86
   -23.96000000    0.1311686215E-84    0.7870117291E-86
   -23.94000000    0.1311686215E-84    0.1049348972E-85
   -23.92000000    0.1311686215E-84    0.1311686215E-85
   -23.90000000    0.1311686215E-84    0.1574023458E-85
   -23.88000000    0.1311686215E-84    0.1836360701E-85
   -23.86000000    0.1311686215E-84    0.2098697944E-85
   -23.84000000    0.1311686215E-84    0.2361035187E-85
   -23.82000000    0.1311686215E-84    0.2623372430E-85
   -23.80000000    0.1311686215E-84    0.2885709673E-85
   -23.78000000    0.1311686215E-84    0.3148046916E-85
   -23.76000000    0.1311686215E-84    0.3410384159E-85
   -23.74000000    0.1311686215E-84    0.3672721402E-85
   -23.72000000    0.1311686215E-84    0.3935058645E-85
   -23.70000000    0.1311686215E-84    0.4197395888E-85
   -23.68000000    0.1311686215E-84    0.4459733131E-85
   -23.66000000    0.1311686215E-84    0.4722070374E-85
   -23.64000000    0.1311686215E-84    0.4984407617E-85
   -23.62000000    0.1311686215E-84    0.5246744860E-85
   -23.60000000    0.1311686215E-84    0.5509082103E-85
   -23.58000000    0.1311686215E-84    0.5771419346E-85
   -23.56000000    0.1311686215E-84    0.6033756589E-85
   -23.54000000    0.1311686215E-84    0.6296093833E-85
   -23.52000000    0.1311686215E-84    0.6558431076E-85
   -23.50000000    0.1311686215E-84    0.6820768319E-85
   -23.48000000    0.1311686215E-84    0.7083105562E-85
   -23.46000000    0.1311686215E-84    0.7345442805E-85
   -23.44000000    0.1311686215E-84    0.7607780048E-85
   -23.42000000    0.1311686215E-84    0.7870117291E-85
   -23.40000000    0.1311686215E-84    0.8132454534E-85
   -23.38000000    0.1311686215E-84    0.8394791777E-85
   -23.36000000    0.1311686215E-84    0.8657129020E-85
   -23.34000000    0.1311686215E-84    0.8919466263E-85
   -23.32000000    0.1311686215E-84    0.9181803506E-85
   -23.30000000    0.1311686215E-84    0.9444140749E-85
   -23.28000000    0.1311686215E-84    0.9706477992E-85
   -23.26000000    0.1311686215E-84    0.9968815235E-85
   -23.24000000    0.1311686215E-84    0.1023115248E-84
   -23.22000000    0.1311686215E-84    0.1049348972E-84
   -23.20000000    0.1311686215E-84    0.1075582696E-84
   -23.18000000    0.1311686215E-84    0.1101816421E-84
   -23.16000000    0.1311686215E-84    0.1128050145E-84
   -23.14000000    0.1311686215E-84    0.1154283869E-84
   -23.12000000    0.1311686215E-84    0.1180517594E-84
   -23.10000000    0.1311686215E-84    0.1206751318E-84
   -23.08000000    0.1311686215E-84    0.1232985042E-84
   -23.06000000    0.1311686215E-84    0.1259218767E-84
   -23.04000000    0.1311686215E-84    0.1285452491E-84
   -23.02000000    0.1311686215E-84    0.1311686215E-84
   -23.00000000    0.1311686215E-84    0.1337919939E-84
   -22.98000000    0.1311686215E-84    0.1364153664E-84
   -22.96000000    0.1311686215E-84    0.1390387388E-84
   -22.94000000    0.1311686215E-84    0.1416621112E-84
   -22.92000000    0.1311686215E-84    0.1442854837E-84
   -22.90000000    0.1311686215E-84    0.1469088561E-84
   -22.88000000    0.1311686215E-84    0.1495322285E-84
   -22.86000000    0.1311686215E-84    0.1521556010E-84
   -22.84000000    0.1311686215E-84    0.1547789734E-84
   -22.82000000    0.1311686215E-84    0.1574023458E-84
   -22.80000000    0.1311686215E-84    0.1600257182E-84
   -22.78000000    0.1311686215E-84    0.1626490907E-84
   -22.76000000    0.1311686215E-84    0.1652724631E-84
   -22.74000000    0.1311686215E-84    0.1678958355E-84
   -22.72000000    0.1311686215E-84    0.1705192080E-84
   -22.70000000    0.1311686215E-84    0.1731425804E-84
   -22.68000000    0.1311686215E-84    0.1757659528E-84
   -22.66000000    0.1311686215E-84    0.1783893253E-84
   -22.64000000    0.1311686215E-84    0.1810126977E-84
   -22.62000000    0.1311686215E-84    0.1836360701E-84
   -22.60000000    0.1311686215E-84    0.1862594425E-84
   -22.58000000    0.1312324824E-84    0.1888840922E-84
   -22.56000000    0.1641759096E-84    0.1921676104E-84
   -22.54000000    0.1091737119E-82    0.4105150341E-84
   -22.52000000    0.3220385788E-80    0.6481823079E-82
   -22.50000000    0.8804566509E-78    0.1767395125E-79
   -22.48000000    0.2204601178E-75    0.4426876307E-77
   -22.46000000    0.5055452664E-73    0.1015517409E-74
   -22.44000000    0.1061699397E-70    0.2133553968E-72
   -22.42000000    0.2042012500E-68    0.4105360539E-70
   -22.40000000    0.3596950899E-66    0.7234955404E-68
   -22.38000000    0.5802753170E-64    0.1167785589E-65
   -22.36000000    0.8573567359E-62    0.1726391328E-63
   -22.34000000    0.1160169771E-59    0.2337603455E-61
   -22.32000000    0.1437867689E-57    0.2899111413E-59
   -22.30000000    0.1632145425E-55    0.3293281965E-57
   -22.28000000    0.1696862935E-53    0.3426658690E-55
   -22.26000000    0.1615802966E-51    0.3265872520E-53
   -22.24000000    0.1409255824E-49    0.2851170374E-51
   -22.22000000    0.1125790305E-47    0.2280092314E-49
   -22.20000000    0.8237552816E-46    0.1670311486E-47
   -22.18000000    0.5521018343E-44    0.1120906783E-45
   -22.16000000    0.3389441287E-42    0.6890973253E-44
   -22.14000000    0.1906045011E-40    0.3880999755E-42
   -22.12000000    0.9818451370E-39    0.2002500271E-40
   -22.10000000    0.4633049129E-37    0.9466348286E-39
   -22.08000000    0.2002694851E-35    0.4100053184E-37
   -22.06000000    0.7930438384E-34    0.1627088209E-35
   -22.04000000    0.2876904653E-32    0.5916518126E-34
   -22.02000000    0.9561185387E-31    0.1971402259E-32
   -22.00000000    0.2911179876E-29    0.6019499978E-31
   -21.98000000    0.8121035186E-28    0.1684402037E-29
   -21.96000000    0.2075648927E-26    0.4319738057E-28
   -21.94000000    0.4860857231E-25    0.1015368827E-26
   -21.92000000    0.1043051909E-23    0.2187640700E-25
   -21.90000000    0.2050936304E-22    0.4320636679E-24
   -21.88000000    0.3695492786E-21    0.7823049240E-23
   -21.86000000    0.6102236692E-20    0.1298677831E-21
   -21.84000000    0.9234786404E-19    0.1976825064E-20
   -21.82000000    0.1280892494E-17    0.2759467495E-19
   -21.80000000    0.1628455927E-16    0.3532858604E-18
   -21.78000000    0.1897794721E-15    0.4148875303E-17
   -21.76000000    0.2027533533E-14    0.4469954597E-16
   -21.74000000    0.1985966325E-13    0.4418928109E-15
   -21.72000000    0.1783628678E-12    0.4009150168E-14
   -21.70000000    0.1468974806E-11    0.3338864629E-13
   -21.68000000    0.1109572818E-10    0.2553032099E-12
   -21.66000000    0.7687578289E-10    0.1792818868E-11
   -21.64000000    0.4886341596E-09    0.1156550206E-10
   -21.62000000    0.2849808310E-08    0.6856166826E-10
   -21.60000000    0.1525359854E-07    0.3736336390E-09
   -21.58000000    0.7494681491E-07    0.1872569937E-08
   -21.56000000    0.3381208144E-06    0.8634986226E-08
   -21.54000000    0.1401067703E-05    0.3665634029E-07
   -21.52000000    0.5334156673E-05    0.1433394737E-06
   -21.50000000    0.1866668497E-04    0.5166731731E-06
   -21.48000000    0.6007147521E-04    0.1718102677E-05
   -21.46000000    0.1778729327E-03    0.5275561331E-05
   -21.44000000    0.4849273024E-03    0.1497410738E-04
   -21.42000000    0.1218168522E-02    0.3933747781E-04
   -21.40000000    0.2822328768E-02    0.9578405317E-04
   -21.38000000    0.6037618807E-02    0.2165364293E-03
   -21.36000000    0.1194188976E-01    0.4553742245E-03
   -21.34000000    0.2187507043E-01    0.8928756332E-03
   -21.32000000    0.3718554519E-01    0.1636586537E-02
   -21.30000000    0.5880625204E-01    0.2812711578E-02
   -21.28000000    0.8677900893E-01    0.4548291756E-02
   -21.26000000    0.1199370742E+00    0.6947033240E-02
   -21.24000000    0.1559483139E+00    0.1006599952E-01
   -21.22000000    0.1917820609E+00    0.1390164074E-01
   -21.20000000    0.2244535633E+00    0.1839071200E-01
   -21.18000000    0.2517496331E+00    0.2342570467E-01
   -21.16000000    0.2726495538E+00    0.2887869574E-01
   -21.14000000    0.2873192335E+00    0.3462508041E-01
   -21.12000000    0.2967636386E+00    0.4056035318E-01
   -21.10000000    0.3023476825E+00    0.4660730683E-01
   -21.08000000    0.3053885535E+00    0.5271507790E-01
   -21.06000000    0.3069244377E+00    0.5885356666E-01
   -21.04000000    0.3076565342E+00    0.6500669734E-01
   -21.02000000    0.3079999729E+00    0.7116669680E-01
   -21.00000000    0.3081729195E+00    0.7733015519E-01
   -20.98000000    0.3082779524E+00    0.8349571424E-01
   -20.96000000    0.3083584501E+00    0.8966288324E-01
   -20.94000000    0.3084309692E+00    0.9583150262E-01
   -20.92000000    0.3085012169E+00    0.1020015270E+00
   -20.90000000    0.3085709495E+00    0.1081729459E+00
   -20.88000000    0.3086406200E+00    0.1143457583E+00
   -20.86000000    0.3087102996E+00    0.1205199643E+00
   -20.84000000    0.3087799824E+00    0.1266955640E+00
   -20.82000000    0.3088496884E+00    0.1328725578E+00
   -20.80000000    0.3089194924E+00    0.1390509476E+00
   -20.78000000    0.3089895165E+00    0.1452307379E+00
   -20.76000000    0.3090599013E+00    0.1514119360E+00
   -20.74000000    0.3091307682E+00    0.1575945513E+00
   -20.72000000    0.3092021890E+00    0.1637785951E+00
   -20.70000000    0.3092741719E+00    0.1699640785E+00
   -20.68000000    0.3093466669E+00    0.1761510119E+00
   -20.66000000    0.3094195879E+00    0.1823394036E+00
   -20.64000000    0.3094928429E+00    0.1885292605E+00
   -20.62000000    0.3095663609E+00    0.1947205877E+00
   -20.60000000    0.3096401091E+00    0.2009133899E+00
   -20.58000000    0.3097140948E+00    0.2071076718E+00
   -20.56000000    0.3097883557E+00    0.2133034389E+00
   -20.54000000    0.3098629444E+00    0.2195006978E+00
   -20.52000000    0.3099379141E+00    0.2256994561E+00
   -20.50000000    0.3100133091E+00    0.2318997223E+00
   -20.48000000    0.3100891593E+00    0.2381015054E+00
   -20.46000000    0.3101654772E+00    0.2443048150E+00
   -20.44000000    0.3102422573E+00    0.2505096601E+00
   -20.42000000    0.3103194773E+00    0.2567160497E+00
   -20.40000000    0.3103971031E+00    0.2629239917E+00
   -20.38000000    0.3104750966E+00    0.2691334937E+00
   -20.36000000    0.3105534249E+00    0.2753445622E+00
   -20.34000000    0.3106320659E+00    0.2815572035E+00
   -20.32000000    0.3107110107E+00    0.2877714237E+00
   -20.30000000    0.3107902600E+00    0.2939872289E+00
   -20.28000000    0.3108698170E+00    0.3002046252E+00
   -20.26000000    0.3109496806E+00    0.3064236189E+00
   -20.24000000    0.3110298439E+00    0.3126442157E+00
   -20.22000000    0.3111102981E+00    0.3188664217E+00
   -20.20000000    0.3111910439E+00    0.3250902426E+00
   -20.18000000    0.3112721031E+00    0.3313156846E+00
   -20.16000000    0.3113535237E+00    0.3375427551E+00
   -20.14000000    0.3114353746E+00    0.3437714626E+00
   -20.12000000    0.3115177277E+00    0.3500018172E+00
   -20.10000000    0.3116006368E+00    0.3562338299E+00
   -20.08000000    0.3116841228E+00    0.3624675123E+00
   -20.06000000    0.3117681715E+00    0.3687028758E+00
   -20.04000000    0.3118527456E+00    0.3749399307E+00
   -20.02000000    0.3119378024E+00    0.3811786867E+00
   -20.00000000    0.3120233091E+00    0.3874191529E+00
   -19.98000000    0.3121092495E+00    0.3936613379E+00
   -19.96000000    0.3121956211E+00    0.3999052503E+00
   -19.94000000    0.3122824278E+00    0.4061508989E+00
   -19.92000000    0.3123696715E+00    0.4123982923E+00
   -19.90000000    0.3124573489E+00    0.4186474393E+00
   -19.88000000    0.3125454514E+00    0.4248983483E+00
   -19.86000000    0.3126339701E+00    0.4311510277E+00
   -19.84000000    0.3127229015E+00    0.4374054858E+00
   -19.82000000    0.3128122496E+00    0.4436617307E+00
   -19.80000000    0.3129020264E+00    0.4499197713E+00
   -19.78000000    0.3129922510E+00    0.4561796163E+00
   -19.76000000    0.3130829464E+00    0.4624412752E+00
   -19.74000000    0.3131741342E+00    0.4687047579E+00
   -19.72000000    0.3132658361E+00    0.4749700746E+00
   -19.70000000    0.3133580758E+00    0.4812372361E+00
   -19.68000000    0.3134508724E+00    0.4875062536E+00
   -19.66000000    0.3135442371E+00    0.4937771383E+00
   -19.64000000    0.3136381802E+00    0.5000499019E+00
   -19.62000000    0.3137327085E+00    0.5063245561E+00
   -19.60000000    0.3138278172E+00    0.5126011125E+00
   -19.58000000    0.3139235010E+00    0.5188795825E+00
   -19.56000000    0.3140197677E+00    0.5251599778E+00
   -19.54000000    0.3141166189E+00    0.5314423102E+00
   -19.52000000    0.3142140329E+00    0.5377265909E+00
   -19.50000000    0.3143119893E+00    0.5440128306E+00
   -19.48000000    0.3144104783E+00    0.5503010402E+00
   -19.46000000    0.3145094698E+00    0.5565912296E+00
   -19.44000000    0.3146089231E+00    0.5628834081E+00
   -19.42000000    0.3147088450E+00    0.5691775850E+00
   -19.40000000    0.3148092776E+00    0.5754737705E+00
   -19.38000000    0.3149102330E+00    0.5817719752E+00
   -19.36000000    0.3150117250E+00    0.5880722097E+00
   -19.34000000    0.3151138500E+00    0.5943744867E+00
   -19.32000000    0.3152167279E+00    0.6006788212E+00
   -19.30000000    0.3153203973E+00    0.6069852292E+00
   -19.28000000    0.3154248858E+00    0.6132937269E+00
   -19.26000000    0.3155303074E+00    0.6196043330E+00
   -19.24000000    0.3156367325E+00    0.6259170677E+00
   -19.22000000    0.3157440531E+00    0.6322319488E+00
   -19.20000000    0.3158521521E+00    0.6385489918E+00
   -19.18000000    0.3159610791E+00    0.6448682134E+00
   -19.16000000    0.3160708604E+00    0.6511896306E+00
   -19.14000000    0.3161813197E+00    0.6575132570E+00
   -19.12000000    0.3162923408E+00    0.6638391038E+00
   -19.10000000    0.3164041053E+00    0.6701671859E+00
   -19.08000000    0.3165167752E+00    0.6764975214E+00
   -19.06000000    0.3166301841E+00    0.6828301251E+00
   -19.04000000    0.3167441964E+00    0.6891650090E+00
   -19.02000000    0.3168590867E+00    0.6955021908E+00
   -19.00000000    0.3169751174E+00    0.7018416931E+00
   -18.98000000    0.3170920316E+00    0.7081835337E+00
   -18.96000000    0.3172095073E+00    0.7145277239E+00
   -18.94000000    0.3173278180E+00    0.7208742802E+00
   -18.92000000    0.3174473867E+00    0.7272232280E+00
   -18.90000000    0.3175679484E+00    0.7335745869E+00
   -18.88000000    0.3176889587E+00    0.7399283661E+00
   -18.86000000    0.3178106482E+00    0.7462845791E+00
   -18.84000000    0.3179337271E+00    0.7526432536E+00
   -18.82000000    0.3180580970E+00    0.7590044156E+00
   -18.80000000    0.3181829474E+00    0.7653680745E+00
   -18.78000000    0.3183082731E+00    0.7717342400E+00
   -18.76000000    0.3184350822E+00    0.7781029416E+00
   -18.74000000    0.3185636731E+00    0.7844742151E+00
   -18.72000000    0.3186929762E+00    0.7908480746E+00
   -18.70000000    0.3188223833E+00    0.7972245223E+00
   -18.68000000    0.3189529962E+00    0.8036035822E+00
   -18.66000000    0.3190858768E+00    0.8099852997E+00
   -18.64000000    0.3192201259E+00    0.8163697022E+00
   -18.62000000    0.3193543098E+00    0.8227567884E+00
   -18.60000000    0.3194890664E+00    0.8291465698E+00
   -18.58000000    0.3196262838E+00    0.8355390954E+00
   -18.56000000    0.3197658786E+00    0.8419344130E+00
   -18.54000000    0.3199056654E+00    0.8483325263E+00
   -18.52000000    0.3200449612E+00    0.8547334255E+00
   -18.50000000    0.3201860058E+00    0.8611371457E+00
   -18.48000000    0.3203304254E+00    0.8675437542E+00
   -18.46000000    0.3204763434E+00    0.8739532810E+00
   -18.44000000    0.3206212538E+00    0.8803657061E+00
   -18.42000000    0.3207663594E+00    0.8867810333E+00
   -18.40000000    0.3209150775E+00    0.8931993349E+00
   -18.38000000    0.3210676031E+00    0.8996206869E+00
   -18.36000000    0.3212203245E+00    0.9060450934E+00
   -18.34000000    0.3213715884E+00    0.9124725252E+00
   -18.32000000    0.3215247902E+00    0.9189030210E+00
   -18.30000000    0.3216833332E+00    0.9253366876E+00
   -18.28000000    0.3218449850E+00    0.9317735873E+00
   -18.26000000    0.3220049038E+00    0.9382136854E+00
   -18.24000000    0.3221632585E+00    0.9446569506E+00
   -18.22000000    0.3223254816E+00    0.9511034602E+00
   -18.20000000    0.3224940418E+00    0.9575533411E+00
   -18.18000000    0.3226642098E+00    0.9640066253E+00
   -18.16000000    0.3228309861E+00    0.9704632450E+00
   -18.14000000    0.3229971578E+00    0.9769231881E+00
   -18.12000000    0.3231697882E+00    0.9833865839E+00
   -18.10000000    0.3233496290E+00    0.9898535765E+00
   -18.08000000    0.3235294405E+00    0.9963241653E+00
   -18.06000000    0.3237046036E+00    0.1002798257E+01
   -18.04000000    0.3238805914E+00    0.1009275869E+01
   -18.02000000    0.3240655088E+00    0.1015757179E+01
   -18.00000000    0.3242579538E+00    0.1022242338E+01
   -17.98000000    0.3244483901E+00    0.1028731306E+01
   -17.96000000    0.3246330161E+00    0.1035223967E+01
   -17.94000000    0.3248201130E+00    0.1041720369E+01
   -17.92000000    0.3250187319E+00    0.1048220743E+01
   -17.90000000    0.3252253284E+00    0.1054725250E+01
   -17.88000000    0.3254281100E+00    0.1061233812E+01
   -17.86000000    0.3256239365E+00    0.1067746291E+01
   -17.84000000    0.3258237243E+00    0.1074262765E+01
   -17.82000000    0.3260376119E+00    0.1080783518E+01
   -17.80000000    0.3262601794E+00    0.1087308721E+01
   -17.78000000    0.3264772469E+00    0.1093838266E+01
   -17.76000000    0.3266858623E+00    0.1100371983E+01
   -17.74000000    0.3268995322E+00    0.1106909974E+01
   -17.72000000    0.3271302214E+00    0.1113452579E+01
   -17.70000000    0.3273713343E+00    0.1120000005E+01
   -17.68000000    0.3276059366E+00    0.1126552124E+01
   -17.66000000    0.3278301387E+00    0.1133108727E+01
   -17.64000000    0.3280596084E+00    0.1139669919E+01
   -17.62000000    0.3283090578E+00    0.1146236100E+01
   -17.60000000    0.3285717713E+00    0.1152807535E+01
   -17.58000000    0.3288276714E+00    0.1159384089E+01
   -17.56000000    0.3290704058E+00    0.1165965497E+01
   -17.54000000    0.3293171777E+00    0.1172551841E+01
   -17.52000000    0.3295868488E+00    0.1179143578E+01
   -17.50000000    0.3298745056E+00    0.1185741068E+01
   -17.48000000    0.3301569256E+00    0.1192344206E+01
   -17.46000000    0.3304231643E+00    0.1198952669E+01
   -17.44000000    0.3306902608E+00    0.1205566475E+01
   -17.42000000    0.3309821802E+00    0.1212186118E+01
   -17.40000000    0.3312983696E+00    0.1218812086E+01
   -17.38000000    0.3316134083E+00    0.1225444354E+01
   -17.36000000    0.3319097572E+00    0.1232082549E+01
   -17.34000000    0.3322018217E+00    0.1238726585E+01
   -17.32000000    0.3325191279E+00    0.1245376968E+01
   -17.30000000    0.3328687618E+00    0.1252034343E+01
   -17.28000000    0.3332252703E+00    0.1258698849E+01
   -17.26000000    0.3335624562E+00    0.1265370098E+01
   -17.24000000    0.3338876503E+00    0.1272047851E+01
   -17.22000000    0.3342342253E+00    0.1278732535E+01
   -17.20000000    0.3346202245E+00    0.1285424940E+01
   -17.18000000    0.3350248615E+00    0.1292125437E+01
   -17.16000000    0.3354137555E+00    0.1298833712E+01
   -17.14000000    0.3357827027E+00    0.1305549366E+01
   -17.12000000    0.3361650400E+00    0.1312272667E+01
   -17.10000000    0.3365917779E+00    0.1319004502E+01
   -17.08000000    0.3370529863E+00    0.1325745562E+01
   -17.06000000    0.3375091052E+00    0.1332495744E+01
   -17.04000000    0.3379399103E+00    0.1339254543E+01
   -17.02000000    0.3383713198E+00    0.1346021969E+01
   -17.00000000    0.3388458058E+00    0.1352798885E+01
   -16.98000000    0.3393711311E+00    0.1359586308E+01
   -16.96000000    0.3399101611E+00    0.1366384511E+01
   -16.94000000    0.3404258196E+00    0.1373193027E+01
   -16.92000000    0.3409277880E+00    0.1380011583E+01
   -16.90000000    0.3414636867E+00    0.1386840857E+01
   -16.88000000    0.3420636255E+00    0.1393682129E+01
   -16.86000000    0.3427041885E+00    0.1400536213E+01
   -16.84000000    0.3433362948E+00    0.1407402939E+01
   -16.82000000    0.3439452263E+00    0.1414281843E+01
   -16.80000000    0.3445712881E+00    0.1421173269E+01
   -16.78000000    0.3452649856E+00    0.1428078569E+01
   -16.76000000    0.3460286233E+00    0.1434999141E+01
   -16.74000000    0.3468139592E+00    0.1441935421E+01
   -16.72000000    0.3475804066E+00    0.1448887029E+01
   -16.70000000    0.3483461691E+00    0.1455853952E+01
   -16.68000000    0.3491713182E+00    0.1462837378E+01
   -16.66000000    0.3500910017E+00    0.1469839199E+01
   -16.64000000    0.3510764750E+00    0.1476860728E+01
   -16.62000000    0.3520707519E+00    0.1483902143E+01
   -16.60000000    0.3530589525E+00    0.1490963322E+01
   -16.58000000    0.3540916964E+00    0.1498045156E+01
   -16.56000000    0.3552329839E+00    0.1505149816E+01
   -16.54000000    0.3564916631E+00    0.1512279649E+01
   -16.52000000    0.3578161200E+00    0.1519435971E+01
   -16.50000000    0.3591600789E+00    0.1526619173E+01
   -16.48000000    0.3605450105E+00    0.1533830073E+01
   -16.46000000    0.3620469729E+00    0.1541071013E+01
   -16.44000000    0.3637215884E+00    0.1548345444E+01
   -16.42000000    0.3655526310E+00    0.1555656497E+01
   -16.40000000    0.3674844152E+00    0.1563006185E+01
   -16.38000000    0.3695032625E+00    0.1570396251E+01
   -16.36000000    0.3716765420E+00    0.1577829781E+01
   -16.34000000    0.3741048544E+00    0.1585311878E+01
   -16.32000000    0.3768418354E+00    0.1592848715E+01
   -16.30000000    0.3798749023E+00    0.1600446213E+01
   -16.28000000    0.3831940460E+00    0.1608110094E+01
   -16.26000000    0.3868782744E+00    0.1615847660E+01
   -16.24000000    0.3911105132E+00    0.1623669870E+01
   -16.22000000    0.3961129517E+00    0.1631592129E+01
   -16.20000000    0.4020826320E+00    0.1639633782E+01
   -16.18000000    0.4091974595E+00    0.1647817731E+01
   -16.16000000    0.4176599189E+00    0.1656170929E+01
   -16.14000000    0.4276630882E+00    0.1664724191E+01
   -16.12000000    0.4392035438E+00    0.1673508262E+01
   -16.10000000    0.4518077360E+00    0.1682544417E+01
   -16.08000000    0.4643542108E+00    0.1691831501E+01
   -16.06000000    0.4751536239E+00    0.1701334573E+01
   -16.04000000    0.4823037980E+00    0.1710980649E+01
   -16.02000000    0.4841829888E+00    0.1720664309E+01
   -16.00000000    0.4798870175E+00    0.1730262049E+01
   -15.98000000    0.4694661979E+00    0.1739651373E+01
   -15.96000000    0.4539094216E+00    0.1748729562E+01
   -15.94000000    0.4348943117E+00    0.1757427448E+01
   -15.92000000    0.4143703769E+00    0.1765714855E+01
   -15.90000000    0.3940911038E+00    0.1773596678E+01
   -15.88000000    0.3752515269E+00    0.1781101708E+01
   -15.86000000    0.3583675503E+00    0.1788269059E+01
   -15.84000000    0.3434216274E+00    0.1795137492E+01
   -15.82000000    0.3301515222E+00    0.1801740522E+01
   -15.80000000    0.3182895074E+00    0.1808106312E+01
   -15.78000000    0.3076341265E+00    0.1814258995E+01
   -15.76000000    0.2979932419E+00    0.1820218860E+01
   -15.74000000    0.2891332247E+00    0.1826001524E+01
   -15.72000000    0.2808214551E+00    0.1831617953E+01
   -15.70000000    0.2729195253E+00    0.1837076344E+01
   -15.68000000    0.2654154298E+00    0.1842384652E+01
   -15.66000000    0.2583469333E+00    0.1847551591E+01
   -15.64000000    0.2516906087E+00    0.1852585403E+01
   -15.62000000    0.2453330891E+00    0.1857492065E+01
   -15.60000000    0.2391534199E+00    0.1862275133E+01
   -15.58000000    0.2331231872E+00    0.1866937597E+01
   -15.56000000    0.2273101834E+00    0.1871483801E+01
   -15.54000000    0.2217779266E+00    0.1875919359E+01
   -15.52000000    0.2164915632E+00    0.1880249191E+01
   -15.50000000    0.2113371237E+00    0.1884475933E+01
   -15.48000000    0.2062346031E+00    0.1888600625E+01
   -15.46000000    0.2012160858E+00    0.1892624947E+01
   -15.44000000    0.1963766170E+00    0.1896552479E+01
   -15.42000000    0.1917522888E+00    0.1900387525E+01
   -15.40000000    0.1872676811E+00    0.1904132878E+01
   -15.38000000    0.1828154417E+00    0.1907789187E+01
   -15.36000000    0.1783740064E+00    0.1911356667E+01
   -15.34000000    0.1740233005E+00    0.1914837133E+01
   -15.32000000    0.1698409326E+00    0.1918233952E+01
   -15.30000000    0.1658048042E+00    0.1921550048E+01
   -15.28000000    0.1618176370E+00    0.1924786401E+01
   -15.26000000    0.1578197233E+00    0.1927942795E+01
   -15.24000000    0.1538529668E+00    0.1931019855E+01
   -15.22000000    0.1500056842E+00    0.1934019968E+01
   -15.20000000    0.1463168379E+00    0.1936946305E+01
   -15.18000000    0.1427681430E+00    0.1939801668E+01
   -15.16000000    0.1393911098E+00    0.1942589490E+01
   -15.14000000    0.1363948543E+00    0.1945317387E+01
   -15.12000000    0.1342196975E+00    0.1948001781E+01
   -15.10000000    0.1335194291E+00    0.1950672170E+01
   -15.08000000    0.1351300298E+00    0.1953374770E+01
   -15.06000000    0.1400224180E+00    0.1956175219E+01
   -15.04000000    0.1491517585E+00    0.1959158254E+01
   -15.02000000    0.1631443856E+00    0.1962421142E+01
   -15.00000000    0.1819148970E+00    0.1966059440E+01
   -14.98000000    0.2044359140E+00    0.1970148158E+01
   -14.96000000    0.2288470404E+00    0.1974725099E+01
   -14.94000000    0.2528982990E+00    0.1979783065E+01
   -14.92000000    0.2745299921E+00    0.1985273665E+01
   -14.90000000    0.2923381357E+00    0.1991120427E+01
   -14.88000000    0.3057721228E+00    0.1997235870E+01
   -14.86000000    0.3150585061E+00    0.2003537040E+01
   -14.84000000    0.3209442873E+00    0.2009955926E+01
   -14.82000000    0.3243814560E+00    0.2016443555E+01
   -14.80000000    0.3262584875E+00    0.2022968724E+01
   -14.78000000    0.3272459960E+00    0.2029513644E+01
   -14.76000000    0.3277691183E+00    0.2036069027E+01
   -14.74000000    0.3280647879E+00    0.2042630322E+01
   -14.72000000    0.3282585262E+00    0.2049195493E+01
   -14.70000000    0.3284162634E+00    0.2055763818E+01
   -14.68000000    0.3285674921E+00    0.2062335168E+01
   -14.66000000    0.3287184467E+00    0.2068909537E+01
   -14.64000000    0.3288665623E+00    0.2075486868E+01
   -14.62000000    0.3290116420E+00    0.2082067101E+01
   -14.60000000    0.3291573380E+00    0.2088650248E+01
   -14.58000000    0.3293064879E+00    0.2095236378E+01
   -14.56000000    0.3294589413E+00    0.2101825556E+01
   -14.54000000    0.3296148390E+00    0.2108417853E+01
   -14.52000000    0.3297795256E+00    0.2115013444E+01
   -14.50000000    0.3299671364E+00    0.2121612787E+01
   -14.48000000    0.3302050196E+00    0.2128216887E+01
   -14.46000000    0.3305424339E+00    0.2134827736E+01
   -14.44000000    0.3310629834E+00    0.2141448995E+01
   -14.42000000    0.3318960209E+00    0.2148086916E+01
   -14.40000000    0.3332213314E+00    0.2154751342E+01
   -14.38000000    0.3352632086E+00    0.2161456606E+01
   -14.36000000    0.3382733015E+00    0.2168222072E+01
   -14.34000000    0.3425062778E+00    0.2175072198E+01
   -14.32000000    0.3481969708E+00    0.2182036137E+01
   -14.30000000    0.3555478816E+00    0.2189147095E+01
   -14.28000000    0.3647278295E+00    0.2196441652E+01
   -14.26000000    0.3758678819E+00    0.2203959009E+01
   -14.24000000    0.3890284786E+00    0.2211739579E+01
   -14.22000000    0.4041146108E+00    0.2219821871E+01
   -14.20000000    0.4207425547E+00    0.2228236722E+01
   -14.18000000    0.4381066992E+00    0.2236998856E+01
   -14.16000000    0.4549338952E+00    0.2246097534E+01
   -14.14000000    0.4696101506E+00    0.2255489737E+01
   -14.12000000    0.4804997912E+00    0.2265099733E+01
   -14.10000000    0.4863716975E+00    0.2274827167E+01
   -14.08000000    0.4867637239E+00    0.2284562441E+01
   -14.06000000    0.4821190026E+00    0.2294204821E+01
   -14.04000000    0.4736285669E+00    0.2303677393E+01
   -14.02000000    0.4628558205E+00    0.2312934509E+01
   -14.00000000    0.4513120161E+00    0.2321960749E+01
   -13.98000000    0.4401463504E+00    0.2330763676E+01
   -13.96000000    0.4300284414E+00    0.2339364245E+01
   -13.94000000    0.4212003502E+00    0.2347788252E+01
   -13.92000000    0.4136173042E+00    0.2356060598E+01
   -13.90000000    0.4070953951E+00    0.2364202506E+01
   -13.88000000    0.4014185439E+00    0.2372230877E+01
   -13.86000000    0.3963948018E+00    0.2380158773E+01
   -13.84000000    0.3918746098E+00    0.2387996265E+01
   -13.82000000    0.3877487401E+00    0.2395751240E+01
   -13.80000000    0.3839390423E+00    0.2403430021E+01
   -13.78000000    0.3803889786E+00    0.2411037801E+01
   -13.76000000    0.3770565857E+00    0.2418578932E+01
   -13.74000000    0.3739098978E+00    0.2426057130E+01
   -13.72000000    0.3709238825E+00    0.2433475608E+01
   -13.70000000    0.3680783518E+00    0.2440837175E+01
   -13.68000000    0.3653567754E+00    0.2448144310E+01
   -13.66000000    0.3627455979E+00    0.2455399222E+01
   -13.64000000    0.3602335077E+00    0.2462603893E+01
   -13.62000000    0.3578107587E+00    0.2469760108E+01
   -13.60000000    0.3554689478E+00    0.2476869487E+01
   -13.58000000    0.3532009903E+00    0.2483933507E+01
   -13.56000000    0.3510007739E+00    0.2490953522E+01
   -13.54000000    0.3488627476E+00    0.2497930777E+01
   -13.52000000    0.3467819786E+00    0.2504866417E+01
   -13.50000000    0.3447543498E+00    0.2511761504E+01
   -13.48000000    0.3427762805E+00    0.2518617029E+01
   -13.46000000    0.3408443276E+00    0.2525433916E+01
   -13.44000000    0.3389553474E+00    0.2532213023E+01
   -13.42000000    0.3371068241E+00    0.2538955159E+01
   -13.40000000    0.3352965858E+00    0.2545661091E+01
   -13.38000000    0.3335223074E+00    0.2552331537E+01
   -13.36000000    0.3317816866E+00    0.2558967171E+01
   -13.34000000    0.3300729286E+00    0.2565568629E+01
   -13.32000000    0.3283945508E+00    0.2572136520E+01
   -13.30000000    0.3267448249E+00    0.2578671417E+01
   -13.28000000    0.3251219378E+00    0.2585173856E+01
   -13.26000000    0.3235246204E+00    0.2591644348E+01
   -13.24000000    0.3219520403E+00    0.2598083389E+01
   -13.22000000    0.3204030875E+00    0.2604491451E+01
   -13.20000000    0.3188763598E+00    0.2610868978E+01
   -13.18000000    0.3173709087E+00    0.2617216396E+01
   -13.16000000    0.3158863719E+00    0.2623534123E+01
   -13.14000000    0.3144221890E+00    0.2629822567E+01
   -13.12000000    0.3129772627E+00    0.2636082112E+01
   -13.10000000    0.3115506455E+00    0.2642313125E+01
   -13.08000000    0.3101419952E+00    0.2648515965E+01
   -13.06000000    0.3087509603E+00    0.2654690984E+01
   -13.04000000    0.3073765716E+00    0.2660838516E+01
   -13.02000000    0.3060177330E+00    0.2666958870E+01
   -13.00000000    0.3046740143E+00    0.2673052351E+01
   -12.98000000    0.3033454355E+00    0.2679119259E+01
   -12.96000000    0.3020316063E+00    0.2685159892E+01
   -12.94000000    0.3007316051E+00    0.2691174524E+01
   -12.92000000    0.2994447584E+00    0.2697163419E+01
   -12.90000000    0.2981710721E+00    0.2703126840E+01
   -12.88000000    0.2969106299E+00    0.2709065053E+01
   -12.86000000    0.2956628613E+00    0.2714978310E+01
   -12.84000000    0.2944268091E+00    0.2720866846E+01
   -12.82000000    0.2932020809E+00    0.2726730888E+01
   -12.80000000    0.2919890658E+00    0.2732570669E+01
   -12.78000000    0.2907879334E+00    0.2738386428E+01
   -12.76000000    0.2895978145E+00    0.2744178384E+01
   -12.74000000    0.2884175764E+00    0.2749946736E+01
   -12.72000000    0.2872472511E+00    0.2755691681E+01
   -12.70000000    0.2860878271E+00    0.2761413437E+01
   -12.68000000    0.2849393906E+00    0.2767112225E+01
   -12.66000000    0.2838004647E+00    0.2772788234E+01
   -12.64000000    0.2826699233E+00    0.2778441633E+01
   -12.62000000    0.2815486479E+00    0.2784072606E+01
   -12.60000000    0.2804380242E+00    0.2789681366E+01
   -12.58000000    0.2793374538E+00    0.2795268115E+01
   -12.56000000    0.2782454417E+00    0.2800833024E+01
   -12.54000000    0.2771641047E+00    0.2806376306E+01
   -12.52000000    0.2761027589E+00    0.2811898362E+01
   -12.50000000    0.2750807601E+00    0.2817399977E+01
   -12.48000000    0.2741373365E+00    0.2822882723E+01
   -12.46000000    0.2733543791E+00    0.2828349811E+01
   -12.44000000    0.2728868455E+00    0.2833807548E+01
   -12.42000000    0.2729866038E+00    0.2839267280E+01
   -12.40000000    0.2740046116E+00    0.2844747372E+01
   -12.38000000    0.2763567540E+00    0.2850274507E+01
   -12.36000000    0.2804398521E+00    0.2855883304E+01
   -12.34000000    0.2865001086E+00    0.2861613307E+01
   -12.32000000    0.2944923274E+00    0.2867503153E+01
   -12.30000000    0.3040000574E+00    0.2873583154E+01
   -12.28000000    0.3142773494E+00    0.2879868701E+01
   -12.26000000    0.3244155080E+00    0.2886357011E+01
   -12.24000000    0.3335708060E+00    0.2893028428E+01
   -12.22000000    0.3411594504E+00    0.2899851617E+01
   -12.20000000    0.3469499298E+00    0.2906790615E+01
   -12.18000000    0.3510372899E+00    0.2913811361E+01
   -12.16000000    0.3537334604E+00    0.2920886030E+01
   -12.14000000    0.3554307575E+00    0.2927994645E+01
   -12.12000000    0.3564902129E+00    0.2935124450E+01
   -12.10000000    0.3571826191E+00    0.2942268102E+01
   -12.08000000    0.3576816853E+00    0.2949421736E+01
   -12.06000000    0.3580878949E+00    0.2956583494E+01
   -12.04000000    0.3584568204E+00    0.2963752630E+01
   -12.02000000    0.3588167889E+00    0.2970928966E+01
   -12.00000000    0.3591773260E+00    0.2978112512E+01
   -11.98000000    0.3595371878E+00    0.2985303256E+01
   -11.96000000    0.3598945113E+00    0.2992501146E+01
   -11.94000000    0.3602527119E+00    0.2999706200E+01
   -11.92000000    0.3606174211E+00    0.3006918549E+01
   -11.90000000    0.3609897583E+00    0.3014138344E+01
   -11.88000000    0.3613651771E+00    0.3021365648E+01
   -11.86000000    0.3617392246E+00    0.3028600432E+01
   -11.84000000    0.3621127505E+00    0.3035842687E+01
   -11.82000000    0.3624907316E+00    0.3043092502E+01
   -11.80000000    0.3628770369E+00    0.3050350042E+01
   -11.78000000    0.3632709006E+00    0.3057615460E+01
   -11.76000000    0.3636675571E+00    0.3064888812E+01
   -11.74000000    0.3640620633E+00    0.3072170053E+01
   -11.72000000    0.3644542082E+00    0.3079459137E+01
   -11.70000000    0.3648506337E+00    0.3086756150E+01
   -11.68000000    0.3652597585E+00    0.3094061345E+01
   -11.66000000    0.3656816864E+00    0.3101374979E+01
   -11.64000000    0.3661045575E+00    0.3108697070E+01
   -11.62000000    0.3665157587E+00    0.3116027385E+01
   -11.60000000    0.3669183668E+00    0.3123365752E+01
   -11.58000000    0.3673318446E+00    0.3130712389E+01
   -11.56000000    0.3677713088E+00    0.3138067815E+01
   -11.54000000    0.3682274010E+00    0.3145432363E+01
   -11.52000000    0.3686728887E+00    0.3152805821E+01
   -11.50000000    0.3690925980E+00    0.3160187673E+01
   -11.48000000    0.3695037129E+00    0.3167577747E+01
   -11.46000000    0.3699408938E+00    0.3174976565E+01
   -11.44000000    0.3704190756E+00    0.3182384947E+01
   -11.42000000    0.3709136625E+00    0.3189803220E+01
   -11.40000000    0.3713824907E+00    0.3197230870E+01
   -11.38000000    0.3718105022E+00    0.3204667080E+01
   -11.36000000    0.3722307697E+00    0.3212111695E+01
   -11.34000000    0.3726951152E+00    0.3219565598E+01
   -11.32000000    0.3732192686E+00    0.3227029983E+01
   -11.30000000    0.3737598313E+00    0.3234505180E+01
   -11.28000000    0.3742538499E+00    0.3241990257E+01
   -11.26000000    0.3746860894E+00    0.3249483978E+01
   -11.24000000    0.3751124987E+00    0.3256986228E+01
   -11.22000000    0.3756076634E+00    0.3264498382E+01
   -11.20000000    0.3761852890E+00    0.3272022087E+01
   -11.18000000    0.3767765938E+00    0.3279557619E+01
   -11.16000000    0.3772962330E+00    0.3287103544E+01
   -11.14000000    0.3777322703E+00    0.3294658189E+01
   -11.12000000    0.3781655269E+00    0.3302221500E+01
   -11.10000000    0.3786922440E+00    0.3309795345E+01
   -11.08000000    0.3793244808E+00    0.3317381834E+01
   -11.06000000    0.3799708861E+00    0.3324981252E+01
   -11.04000000    0.3805237010E+00    0.3332591726E+01
   -11.02000000    0.3809695259E+00    0.3340211117E+01
   -11.00000000    0.3814106197E+00    0.3347839329E+01
   -10.98000000    0.3819675908E+00    0.3355478681E+01
   -10.96000000    0.3826557284E+00    0.3363131795E+01
   -10.94000000    0.3833621609E+00    0.3370799039E+01
   -10.92000000    0.3839547056E+00    0.3378478133E+01
   -10.90000000    0.3844170084E+00    0.3386166473E+01
   -10.88000000    0.3848708796E+00    0.3393863890E+01
   -10.86000000    0.3854578215E+00    0.3401573047E+01
   -10.84000000    0.3861965174E+00    0.3409296977E+01
   -10.82000000    0.3869607281E+00    0.3417036192E+01
   -10.80000000    0.3876022637E+00    0.3424788237E+01
   -10.78000000    0.3880980897E+00    0.3432550199E+01
   -10.76000000    0.3885755886E+00    0.3440321711E+01
   -10.74000000    0.3891894764E+00    0.3448105500E+01
   -10.72000000    0.3899697741E+00    0.3455904896E+01
   -10.70000000    0.3907901659E+00    0.3463720699E+01
   -10.68000000    0.3914899588E+00    0.3471550498E+01
   -10.66000000    0.3920319655E+00    0.3479391137E+01
   -10.64000000    0.3925407211E+00    0.3487241952E+01
   -10.62000000    0.3931812709E+00    0.3495105577E+01
   -10.60000000    0.3939969755E+00    0.3502985517E+01
   -10.58000000    0.3948672420E+00    0.3510882862E+01
   -10.56000000    0.3956272676E+00    0.3518795407E+01
   -10.54000000    0.3962300039E+00    0.3526720007E+01
   -10.52000000    0.3967897336E+00    0.3534655802E+01
   -10.50000000    0.3974673094E+00    0.3542605148E+01
   -10.48000000    0.3983141866E+00    0.3550571432E+01
   -10.46000000    0.3992276200E+00    0.3558555984E+01
   -10.44000000    0.4000544445E+00    0.3566557073E+01
   -10.42000000    0.4007374792E+00    0.3574571823E+01
   -10.40000000    0.4013654114E+00    0.3582599131E+01
   -10.38000000    0.4020848717E+00    0.3590640828E+01
   -10.36000000    0.4029617295E+00    0.3598700063E+01
   -10.34000000    0.4039212092E+00    0.3606778487E+01
   -10.32000000    0.4048210915E+00    0.3614874909E+01
   -10.30000000    0.4055884593E+00    0.3622986678E+01
   -10.28000000    0.4062894458E+00    0.3631112467E+01
   -10.26000000    0.4070634456E+00    0.3639253736E+01
   -10.24000000    0.4079856423E+00    0.3647413449E+01
   -10.22000000    0.4089949600E+00    0.3655593348E+01
   -10.20000000    0.4099590064E+00    0.3663792528E+01
   -10.18000000    0.4108072823E+00    0.3672008674E+01
   -10.16000000    0.4115966898E+00    0.3680240607E+01
   -10.14000000    0.4124483851E+00    0.3688489575E+01
   -10.12000000    0.4134270599E+00    0.3696758116E+01
   -10.10000000    0.4144839122E+00    0.3705047795E+01
   -10.08000000    0.4155119057E+00    0.3713358033E+01
   -10.06000000    0.4164514454E+00    0.3721687062E+01
   -10.04000000    0.4173437608E+00    0.3730033937E+01
   -10.02000000    0.4182858763E+00    0.3738399654E+01
   -10.00000000    0.4193348893E+00    0.3746786352E+01
    -9.98000000    0.4204548997E+00    0.3755195450E+01
    -9.96000000    0.4215569142E+00    0.3763626588E+01
    -9.94000000    0.4225899306E+00    0.3772078387E+01
    -9.92000000    0.4235902407E+00    0.3780550192E+01
    -9.90000000    0.4246402198E+00    0.3789042996E+01
    -9.88000000    0.4257827540E+00    0.3797558651E+01
    -9.86000000    0.4269813082E+00    0.3806098277E+01
    -9.84000000    0.4281631351E+00    0.3814661540E+01
    -9.82000000    0.4292955766E+00    0.3823247452E+01
    -9.80000000    0.4304164937E+00    0.3831855782E+01
    -9.78000000    0.4315922150E+00    0.3840487626E+01
    -9.76000000    0.4328492159E+00    0.3849144610E+01
    -9.74000000    0.4341483801E+00    0.3857827578E+01
    -9.72000000    0.4354270949E+00    0.3866536120E+01
    -9.70000000    0.4366668908E+00    0.3875269457E+01
    -9.68000000    0.4379157574E+00    0.3884027773E+01
    -9.66000000    0.4392374876E+00    0.3892812522E+01
    -9.64000000    0.4406397872E+00    0.3901625318E+01
    -9.62000000    0.4420637122E+00    0.3910466592E+01
    -9.60000000    0.4434541046E+00    0.3919335674E+01
    -9.58000000    0.4448373680E+00    0.3928232422E+01
    -9.56000000    0.4463229901E+00    0.3937158882E+01
    -9.54000000    0.4480425812E+00    0.3946119733E+01
    -9.52000000    0.4501334934E+00    0.3955122403E+01
    -9.50000000    0.4528440160E+00    0.3964179283E+01
    -9.48000000    0.4567050955E+00    0.3973313385E+01
    -9.46000000    0.4626200280E+00    0.3982565786E+01
    -9.44000000    0.4717635541E+00    0.3992001057E+01
    -9.42000000    0.4853046227E+00    0.4001707149E+01
    -9.40000000    0.5040540750E+00    0.4011788231E+01
    -9.38000000    0.5281422589E+00    0.4022351076E+01
    -9.36000000    0.5568045192E+00    0.4033487167E+01
    -9.34000000    0.5883511676E+00    0.4045254190E+01
    -9.32000000    0.6204000496E+00    0.4057662191E+01
    -9.30000000    0.6503834502E+00    0.4070669860E+01
    -9.28000000    0.6761935381E+00    0.4084193731E+01
    -9.26000000    0.6966993416E+00    0.4098127717E+01
    -9.24000000    0.7118883892E+00    0.4112365485E+01
    -9.22000000    0.7225880706E+00    0.4126817247E+01
    -9.20000000    0.7299682229E+00    0.4141416611E+01
    -9.18000000    0.7351198990E+00    0.4156119009E+01
    -9.16000000    0.7388783047E+00    0.4170896575E+01
    -9.14000000    0.7418438098E+00    0.4185733451E+01
    -9.12000000    0.7444488525E+00    0.4200622428E+01
    -9.10000000    0.7469787909E+00    0.4215562004E+01
    -9.08000000    0.7495683590E+00    0.4230553371E+01
    -9.06000000    0.7522311583E+00    0.4245597995E+01
    -9.04000000    0.7549293656E+00    0.4260696582E+01
    -9.02000000    0.7576408850E+00    0.4275849400E+01
    -9.00000000    0.7603866236E+00    0.4291057132E+01
    -8.98000000    0.7632162398E+00    0.4306321457E+01
    -8.96000000    0.7661729977E+00    0.4321644917E+01
    -8.94000000    0.7692622761E+00    0.4337030162E+01
    -8.92000000    0.7724468436E+00    0.4352479099E+01
    -8.90000000    0.7756793452E+00    0.4367992686E+01
    -8.88000000    0.7789510237E+00    0.4383571707E+01
    -8.86000000    0.7823109966E+00    0.4399217927E+01
    -8.84000000    0.7858298066E+00    0.4414934523E+01
    -8.82000000    0.7895366884E+00    0.4430725256E+01
    -8.80000000    0.7933934935E+00    0.4446593126E+01
    -8.78000000    0.7973364160E+00    0.4462539855E+01
    -8.76000000    0.8013476900E+00    0.4478566808E+01
    -8.74000000    0.8054855234E+00    0.4494676519E+01
    -8.72000000    0.8098395291E+00    0.4510873309E+01
    -8.70000000    0.8144534829E+00    0.4527162379E+01
    -8.68000000    0.8192925082E+00    0.4543548229E+01
    -8.66000000    0.8242900717E+00    0.4560034031E+01
    -8.64000000    0.8294301855E+00    0.4576622634E+01
    -8.62000000    0.8347824473E+00    0.4593318283E+01
    -8.60000000    0.8404537640E+00    0.4610127359E+01
    -8.58000000    0.8465059255E+00    0.4627057477E+01
    -8.56000000    0.8529233959E+00    0.4644115945E+01
    -8.54000000    0.8596631292E+00    0.4661309208E+01
    -8.52000000    0.8667347347E+00    0.4678643902E+01
    -8.50000000    0.8742328408E+00    0.4696128559E+01
    -8.48000000    0.8822967180E+00    0.4713774494E+01
    -8.46000000    0.8910445418E+00    0.4731595384E+01
    -8.44000000    0.9005498083E+00    0.4749606381E+01
    -8.42000000    0.9108847661E+00    0.4767824076E+01
    -8.40000000    0.9221979644E+00    0.4786268035E+01
    -8.38000000    0.9347706504E+00    0.4804963448E+01
    -8.36000000    0.9490198697E+00    0.4823943846E+01
    -8.34000000    0.9654544646E+00    0.4843252935E+01
    -8.32000000    0.9846036806E+00    0.4862945008E+01
    -8.30000000    0.1006912761E+01    0.4883083264E+01
    -8.28000000    0.1032564989E+01    0.4903734563E+01
    -8.26000000    0.1061199012E+01    0.4924958544E+01
    -8.24000000    0.1091573458E+01    0.4946790013E+01
    -8.22000000    0.1121350300E+01    0.4969217019E+01
    -8.20000000    0.1147226115E+01    0.4992161541E+01
    -8.18000000    0.1165544104E+01    0.5015472423E+01
    -8.16000000    0.1173272060E+01    0.5038937864E+01
    -8.14000000    0.1168968216E+01    0.5062317229E+01
    -8.12000000    0.1153275555E+01    0.5085382740E+01
    -8.10000000    0.1128688509E+01    0.5107956510E+01
    -8.08000000    0.1098716687E+01    0.5129930844E+01
    -8.06000000    0.1066869717E+01    0.5151268238E+01
    -8.04000000    0.1035903930E+01    0.5171986317E+01
    -8.02000000    0.1007530864E+01    0.5192136934E+01
    -8.00000000    0.9825041122E+00    0.5211787016E+01
    -7.98000000    0.9608744571E+00    0.5231004505E+01
    -7.96000000    0.9422571318E+00    0.5249849648E+01
    -7.94000000    0.9260650137E+00    0.5268370948E+01
    -7.92000000    0.9117082813E+00    0.5286605114E+01
    -7.90000000    0.8987375557E+00    0.5304579865E+01
    -7.88000000    0.8868883819E+00    0.5322317633E+01
    -7.86000000    0.8760222079E+00    0.5339838077E+01
    -7.84000000    0.8660245933E+00    0.5357158569E+01
    -7.82000000    0.8567455748E+00    0.5374293480E+01
    -7.80000000    0.8480198864E+00    0.5391253878E+01
    -7.78000000    0.8397294233E+00    0.5408048466E+01
    -7.76000000    0.8318376738E+00    0.5424685220E+01
    -7.74000000    0.8243613592E+00    0.5441172447E+01
    -7.72000000    0.8173069824E+00    0.5457518587E+01
    -7.70000000    0.8106289420E+00    0.5473731166E+01
    -7.68000000    0.8042413375E+00    0.5489815992E+01
    -7.66000000    0.7980678151E+00    0.5505777349E+01
    -7.64000000    0.7920849236E+00    0.5521619047E+01
    -7.62000000    0.7863225772E+00    0.5537345499E+01
    -7.60000000    0.7808203575E+00    0.5552961906E+01
    -7.58000000    0.7755753673E+00    0.5568473413E+01
    -7.56000000    0.7705280077E+00    0.5583883973E+01
    -7.54000000    0.7656022294E+00    0.5599196018E+01
    -7.52000000    0.7607661945E+00    0.5614411342E+01
    -7.50000000    0.7560549884E+00    0.5629532442E+01
    -7.48000000    0.7515293284E+00    0.5644563028E+01
    -7.46000000    0.7472072536E+00    0.5659507173E+01
    -7.44000000    0.7430363342E+00    0.5674367900E+01
    -7.42000000    0.7389367167E+00    0.5689146634E+01
    -7.40000000    0.7348741448E+00    0.5703844117E+01
    -7.38000000    0.7308891920E+00    0.5718461901E+01
    -7.36000000    0.7270511512E+00    0.5733002924E+01
    -7.34000000    0.7233823222E+00    0.5747470570E+01
    -7.32000000    0.7198306378E+00    0.5761867183E+01
    -7.30000000    0.7163190944E+00    0.5776193565E+01
    -7.28000000    0.7128198897E+00    0.5790449963E+01
    -7.26000000    0.7093761974E+00    0.5804637487E+01
    -7.24000000    0.7060517484E+00    0.5818758522E+01
    -7.22000000    0.7028636960E+00    0.5832815796E+01
    -7.20000000    0.6997666922E+00    0.5846811130E+01
    -7.18000000    0.6966985592E+00    0.5860745101E+01
    -7.16000000    0.6936373607E+00    0.5874617848E+01
    -7.14000000    0.6906158126E+00    0.5888430164E+01
    -7.12000000    0.6876851035E+00    0.5902183866E+01
    -7.10000000    0.6848652976E+00    0.5915881172E+01
    -7.08000000    0.6821264636E+00    0.5929523701E+01
    -7.06000000    0.6794154538E+00    0.5943112011E+01
    -7.04000000    0.6767040911E+00    0.5956646092E+01
    -7.02000000    0.6740149986E+00    0.5970126392E+01
    -7.00000000    0.6713991158E+00    0.5983554375E+01
    -6.98000000    0.6688839028E+00    0.5996932053E+01
    -6.96000000    0.6664431417E+00    0.6010260916E+01
    -6.94000000    0.6640212641E+00    0.6023541341E+01
    -6.92000000    0.6615892051E+00    0.6036773125E+01
    -6.90000000    0.6591733075E+00    0.6049956591E+01
    -6.88000000    0.6568259681E+00    0.6063093110E+01
    -6.86000000    0.6545693810E+00    0.6076184498E+01
    -6.84000000    0.6523724302E+00    0.6089231947E+01
    -6.82000000    0.6501838522E+00    0.6102235624E+01
    -6.80000000    0.6479845806E+00    0.6115195315E+01
    -6.78000000    0.6458044410E+00    0.6128111404E+01
    -6.76000000    0.6436884938E+00    0.6140985174E+01
    -6.74000000    0.6416500548E+00    0.6153818175E+01
    -6.72000000    0.6396579855E+00    0.6166611335E+01
    -6.70000000    0.6376690129E+00    0.6179364715E+01
    -6.68000000    0.6356711333E+00    0.6192078138E+01
    -6.66000000    0.6336944228E+00    0.6204752026E+01
    -6.64000000    0.6317786657E+00    0.6217387600E+01
    -6.62000000    0.6299309527E+00    0.6229986219E+01
    -6.60000000    0.6281175658E+00    0.6242548570E+01
    -6.58000000    0.6262996357E+00    0.6255074563E+01
    -6.56000000    0.6244749447E+00    0.6267564061E+01
    -6.54000000    0.6226797287E+00    0.6280017656E+01
    -6.52000000    0.6209473927E+00    0.6292436604E+01
    -6.50000000    0.6192702574E+00    0.6304822009E+01
    -6.48000000    0.6176084898E+00    0.6317174179E+01
    -6.46000000    0.6159361445E+00    0.6329492902E+01
    -6.44000000    0.6142701273E+00    0.6341778304E+01
    -6.42000000    0.6126480543E+00    0.6354031265E+01
    -6.40000000    0.6110827110E+00    0.6366252920E+01
    -6.38000000    0.6095485192E+00    0.6378443890E+01
    -6.36000000    0.6080145323E+00    0.6390604181E+01
    -6.34000000    0.6064810071E+00    0.6402733801E+01
    -6.32000000    0.6049750681E+00    0.6414833302E+01
    -6.30000000    0.6035147676E+00    0.6426903597E+01
    -6.28000000    0.6020887992E+00    0.6438945373E+01
    -6.26000000    0.6006745372E+00    0.6450958864E+01
    -6.24000000    0.5992667578E+00    0.6462944199E+01
    -6.22000000    0.5978799858E+00    0.6474901799E+01
    -6.20000000    0.5965261782E+00    0.6486832323E+01
    -6.18000000    0.5952004205E+00    0.6498736331E+01
    -6.16000000    0.5938913053E+00    0.6510614157E+01
    -6.14000000    0.5925973494E+00    0.6522466104E+01
    -6.12000000    0.5913260784E+00    0.6534292626E+01
    -6.10000000    0.5900803126E+00    0.6546094232E+01
    -6.08000000    0.5888537785E+00    0.6557871308E+01
    -6.06000000    0.5876419173E+00    0.6569624146E+01
    -6.04000000    0.5864503085E+00    0.6581353152E+01
    -6.02000000    0.5852870050E+00    0.6593058892E+01
    -6.00000000    0.5841494648E+00    0.6604741881E+01
    -5.98000000    0.5830258913E+00    0.6616402399E+01
    -5.96000000    0.5819111607E+00    0.6628040623E+01
    -5.94000000    0.5808159094E+00    0.6639656941E+01
    -5.92000000    0.5797542799E+00    0.6651252026E+01
    -5.90000000    0.5787243105E+00    0.6662826513E+01
    -5.88000000    0.5777076363E+00    0.6674380665E+01
    -5.86000000    0.5766921607E+00    0.6685914508E+01
    -5.84000000    0.5756897197E+00    0.6697428303E+01
    -5.82000000    0.5747234966E+00    0.6708922773E+01
    -5.80000000    0.5737982152E+00    0.6720398737E+01
    -5.78000000    0.5728915579E+00    0.6731856568E+01
    -5.76000000    0.5719810197E+00    0.6743296189E+01
    -5.74000000    0.5710739968E+00    0.6754717669E+01
    -5.72000000    0.5702011708E+00    0.6766121692E+01
    -5.70000000    0.5693783749E+00    0.6777509259E+01
    -5.68000000    0.5685844719E+00    0.6788880949E+01
    -5.66000000    0.5677857918E+00    0.6800236665E+01
    -5.64000000    0.5669790458E+00    0.6811576246E+01
    -5.62000000    0.5661982197E+00    0.6822900210E+01
    -5.60000000    0.5654738025E+00    0.6834209686E+01
    -5.58000000    0.5647937376E+00    0.6845505561E+01
    -5.56000000    0.5641164628E+00    0.6856787890E+01
    -5.54000000    0.5634223920E+00    0.6868056338E+01
    -5.52000000    0.5627402845E+00    0.6879311144E+01
    -5.50000000    0.5621138592E+00    0.6890553421E+01
    -5.48000000    0.5615480788E+00    0.6901784382E+01
    -5.46000000    0.5610015315E+00    0.6913004413E+01
    -5.44000000    0.5604360698E+00    0.6924213134E+01
    -5.42000000    0.5598642939E+00    0.6935410420E+01
    -5.40000000    0.5593365018E+00    0.6946597150E+01
    -5.38000000    0.5588812508E+00    0.6957774775E+01
    -5.36000000    0.5584704181E+00    0.6968944184E+01
    -5.34000000    0.5580517642E+00    0.6980105219E+01
    -5.32000000    0.5576117641E+00    0.6991257454E+01
    -5.30000000    0.5571941233E+00    0.7002401337E+01
    -5.28000000    0.5568503590E+00    0.7013538344E+01
    -5.26000000    0.5565793041E+00    0.7024669930E+01
    -5.24000000    0.5563273518E+00    0.7035796477E+01
    -5.22000000    0.5560511961E+00    0.7046917501E+01
    -5.20000000    0.5557705813E+00    0.7058032913E+01
    -5.18000000    0.5555481356E+00    0.7069143875E+01
    -5.16000000    0.5554177521E+00    0.7080252230E+01
    -5.14000000    0.5553444704E+00    0.7091359120E+01
    -5.12000000    0.5552641908E+00    0.7102464404E+01
    -5.10000000    0.5551590642E+00    0.7113567585E+01
    -5.08000000    0.5550811238E+00    0.7124669207E+01
    -5.06000000    0.5550943738E+00    0.7135771095E+01
    -5.04000000    0.5551988745E+00    0.7146875072E+01
    -5.02000000    0.5553207298E+00    0.7157981487E+01
    -5.00000000    0.5553726811E+00    0.7169088941E+01
    -4.98000000    0.5552993455E+00    0.7180194927E+01
    -4.96000000    0.5550233980E+00    0.7191295395E+01
    -4.94000000    0.5543068504E+00    0.7202381532E+01
    -4.92000000    0.5526330934E+00    0.7213434194E+01
    -4.90000000    0.5492086945E+00    0.7224418368E+01
    -4.88000000    0.5430968373E+00    0.7235280305E+01
    -4.86000000    0.5334248314E+00    0.7245948802E+01
    -4.84000000    0.5196143469E+00    0.7256341088E+01
    -4.82000000    0.5016174573E+00    0.7266373438E+01
    -4.80000000    0.4801212102E+00    0.7275975862E+01
    -4.78000000    0.4566103361E+00    0.7285108069E+01
    -4.76000000    0.4331568619E+00    0.7293771206E+01
    -4.74000000    0.4119235520E+00    0.7302009677E+01
    -4.72000000    0.3945685558E+00    0.7309901048E+01
    -4.70000000    0.3818477390E+00    0.7317538003E+01
    -4.68000000    0.3736074207E+00    0.7325010151E+01
    -4.66000000    0.3691099879E+00    0.7332392351E+01
    -4.64000000    0.3674430199E+00    0.7339741211E+01
    -4.62000000    0.3677801293E+00    0.7347096814E+01
    -4.60000000    0.3694450156E+00    0.7354485714E+01
    -4.58000000    0.3718934574E+00    0.7361923583E+01
    -4.56000000    0.3747314200E+00    0.7369418212E+01
    -4.54000000    0.3777670621E+00    0.7376973553E+01
    -4.52000000    0.3810056836E+00    0.7384593667E+01
    -4.50000000    0.3845408776E+00    0.7392284484E+01
    -4.48000000    0.3884147431E+00    0.7400052779E+01
    -4.46000000    0.3925703471E+00    0.7407904186E+01
    -4.44000000    0.3969341205E+00    0.7415842868E+01
    -4.42000000    0.4015324804E+00    0.7423873518E+01
    -4.40000000    0.4065123510E+00    0.7432003765E+01
    -4.38000000    0.4120416885E+00    0.7440244599E+01
    -4.36000000    0.4182010590E+00    0.7448608620E+01
    -4.34000000    0.4249934167E+00    0.7457108488E+01
    -4.32000000    0.4324758054E+00    0.7465758004E+01
    -4.30000000    0.4408851636E+00    0.7474575708E+01
    -4.28000000    0.4506324336E+00    0.7483588356E+01
    -4.26000000    0.4621702755E+00    0.7492831762E+01
    -4.24000000    0.4758514509E+00    0.7502348791E+01
    -4.22000000    0.4918593977E+00    0.7512185979E+01
    -4.20000000    0.5101518344E+00    0.7522389016E+01
    -4.18000000    0.5302899453E+00    0.7532994814E+01
    -4.16000000    0.5511475260E+00    0.7544017765E+01
    -4.14000000    0.5707134592E+00    0.7555432034E+01
    -4.12000000    0.5862809146E+00    0.7567157652E+01
    -4.10000000    0.5951167064E+00    0.7579059987E+01
    -4.08000000    0.5953489055E+00    0.7590966965E+01
    -4.06000000    0.5866023700E+00    0.7602699012E+01
    -4.04000000    0.5700485189E+00    0.7614099982E+01
    -4.02000000    0.5479116356E+00    0.7625058215E+01
    -4.00000000    0.5227723960E+00    0.7635513663E+01
    -3.98000000    0.4970059775E+00    0.7645453783E+01
    -3.96000000    0.4724620837E+00    0.7654903024E+01
    -3.94000000    0.4503069049E+00    0.7663909162E+01
    -3.92000000    0.4309652015E+00    0.7672528466E+01
    -3.90000000    0.4142169452E+00    0.7680812805E+01
    -3.88000000    0.3994972174E+00    0.7688802750E+01
    -3.86000000    0.3862792132E+00    0.7696528334E+01
    -3.84000000    0.3742941580E+00    0.7704014217E+01
    -3.82000000    0.3634566507E+00    0.7711283350E+01
    -3.80000000    0.3536371295E+00    0.7718356093E+01
    -3.78000000    0.3445580096E+00    0.7725247253E+01
    -3.76000000    0.3359254152E+00    0.7731965761E+01
    -3.74000000    0.3276276155E+00    0.7738518314E+01
    -3.72000000    0.3197565328E+00    0.7744913444E+01
    -3.70000000    0.3124204576E+00    0.7751161853E+01
    -3.68000000    0.3055598977E+00    0.7757273051E+01
    -3.66000000    0.2989706433E+00    0.7763252464E+01
    -3.64000000    0.2924969005E+00    0.7769102402E+01
    -3.62000000    0.2861683098E+00    0.7774825768E+01
    -3.60000000    0.2801293603E+00    0.7780428356E+01
    -3.58000000    0.2744495393E+00    0.7785917346E+01
    -3.56000000    0.2690298664E+00    0.7791297944E+01
    -3.54000000    0.2637023184E+00    0.7796571990E+01
    -3.52000000    0.2584010085E+00    0.7801740010E+01
    -3.50000000    0.2532134681E+00    0.7806804280E+01
    -3.48000000    0.2482636445E+00    0.7811769552E+01
    -3.46000000    0.2435642021E+00    0.7816640837E+01
    -3.44000000    0.2389997398E+00    0.7821420831E+01
    -3.42000000    0.2344502588E+00    0.7826109836E+01
    -3.40000000    0.2299124131E+00    0.7830708085E+01
    -3.38000000    0.2254880875E+00    0.7835217846E+01
    -3.36000000    0.2212612557E+00    0.7839643072E+01
    -3.34000000    0.2172026884E+00    0.7843987125E+01
    -3.32000000    0.2132029328E+00    0.7848251184E+01
    -3.30000000    0.2091897376E+00    0.7852434979E+01
    -3.28000000    0.2051983646E+00    0.7856538946E+01
    -3.26000000    0.2013223235E+00    0.7860565393E+01
    -3.24000000    0.1976050709E+00    0.7864517494E+01
    -3.22000000    0.1939927247E+00    0.7868397348E+01
    -3.20000000    0.1903946686E+00    0.7872205242E+01
    -3.18000000    0.1867799856E+00    0.7875940842E+01
    -3.16000000    0.1832036582E+00    0.7879604915E+01
    -3.14000000    0.1797387567E+00    0.7883199690E+01
    -3.12000000    0.1763936658E+00    0.7886727563E+01
    -3.10000000    0.1731046248E+00    0.7890189656E+01
    -3.08000000    0.1698068688E+00    0.7893585793E+01
    -3.06000000    0.1665024160E+00    0.7896915841E+01
    -3.04000000    0.1632512595E+00    0.7900180867E+01
    -3.02000000    0.1601003713E+00    0.7903382874E+01
    -3.00000000    0.1570316112E+00    0.7906523506E+01
    -2.98000000    0.1539840121E+00    0.7909603186E+01
    -2.96000000    0.1509213703E+00    0.7912621614E+01
    -2.94000000    0.1478684098E+00    0.7915578982E+01
    -2.92000000    0.1448779905E+00    0.7918476542E+01
    -2.90000000    0.1419697770E+00    0.7921315937E+01
    -2.88000000    0.1391095608E+00    0.7924098129E+01
    -2.86000000    0.1362492834E+00    0.7926823114E+01
    -2.84000000    0.1333795935E+00    0.7929490706E+01
    -2.82000000    0.1305360513E+00    0.7932101427E+01
    -2.80000000    0.1277552625E+00    0.7934656532E+01
    -2.78000000    0.1250330338E+00    0.7937157193E+01
    -2.76000000    0.1223309175E+00    0.7939603811E+01
    -2.74000000    0.1196204644E+00    0.7941996221E+01
    -2.72000000    0.1169131013E+00    0.7944334483E+01
    -2.70000000    0.1142432168E+00    0.7946619347E+01
    -2.68000000    0.1116268123E+00    0.7948851883E+01
    -2.66000000    0.1090440203E+00    0.7951032764E+01
    -2.64000000    0.1064634328E+00    0.7953162032E+01
    -2.62000000    0.1038775816E+00    0.7955239584E+01
    -2.60000000    0.1013084946E+00    0.7957265754E+01
    -2.58000000    0.9877935086E-01    0.7959241341E+01
    -2.56000000    0.9628721347E-01    0.7961167085E+01
    -2.54000000    0.9380787864E-01    0.7963043243E+01
    -2.52000000    0.9132464632E-01    0.7964869736E+01
    -2.50000000    0.8884599715E-01    0.7966646656E+01
    -2.48000000    0.8639276016E-01    0.7968374511E+01
    -2.46000000    0.8397218669E-01    0.7970053955E+01
    -2.44000000    0.8157011308E-01    0.7971685357E+01
    -2.42000000    0.7916877027E-01    0.7973268732E+01
    -2.40000000    0.7676717511E-01    0.7974804076E+01
    -2.38000000    0.7437994618E-01    0.7976291675E+01
    -2.36000000    0.7201791456E-01    0.7977732033E+01
    -2.34000000    0.6967514833E-01    0.7979125536E+01
    -2.32000000    0.6733712043E-01    0.7980472278E+01
    -2.30000000    0.6499816950E-01    0.7981772242E+01
    -2.28000000    0.6266652135E-01    0.7983025572E+01
    -2.26000000    0.6035226526E-01    0.7984232617E+01
    -2.24000000    0.5805453336E-01    0.7985393708E+01
    -2.22000000    0.5576325605E-01    0.7986508973E+01
    -2.20000000    0.5347168158E-01    0.7987578407E+01
    -2.18000000    0.5118341902E-01    0.7988602075E+01
    -2.16000000    0.4890621896E-01    0.7989580200E+01
    -2.14000000    0.4664152943E-01    0.7990513030E+01
    -2.12000000    0.4438292249E-01    0.7991400689E+01
    -2.10000000    0.4212428324E-01    0.7992243174E+01
    -2.08000000    0.3986666042E-01    0.7993040508E+01
    -2.06000000    0.3761549422E-01    0.7993792817E+01
    -2.04000000    0.3537270597E-01    0.7994500272E+01
    -2.02000000    0.3313410651E-01    0.7995162954E+01
    -2.00000000    0.3089483997E-01    0.7995780850E+01
    -1.98000000    0.2865510541E-01    0.7996353953E+01
    -1.96000000    0.2641888767E-01    0.7996882330E+01
    -1.94000000    0.2418840013E-01    0.7997366098E+01
    -1.92000000    0.2196263731E-01    0.7997805351E+01
    -1.90000000    0.1974281121E-01    0.7998200207E+01
    -1.88000000    0.1753906300E-01    0.7998550989E+01
    -1.86000000    0.1537309949E-01    0.7998858451E+01
    -1.84000000    0.1327872013E-01    0.7999124025E+01
    -1.82000000    0.1130514168E-01    0.7999350128E+01
    -1.80000000    0.9521991170E-02    0.7999540568E+01
    -1.78000000    0.8018343136E-02    0.7999700934E+01
    -1.76000000    0.6890646663E-02    0.7999838747E+01
    -1.74000000    0.6223342569E-02    0.7999963214E+01
    -1.72000000    0.6071066141E-02    0.8000084636E+01
    -1.70000000    0.6448285400E-02    0.8000213601E+01
    -1.68000000    0.7327002380E-02    0.8000360141E+01
    -1.66000000    0.8642016563E-02    0.8000532982E+01
    -1.64000000    0.1030416138E-01    0.8000739065E+01
    -1.62000000    0.1221929301E-01    0.8000983451E+01
    -1.60000000    0.1430567178E-01    0.8001269564E+01
    -1.58000000    0.1650206849E-01    0.8001599606E+01
    -1.56000000    0.1876609923E-01    0.8001974928E+01
    -1.54000000    0.2106946385E-01    0.8002396317E+01
    -1.52000000    0.2339562706E-01    0.8002864229E+01
    -1.50000000    0.2573852380E-01    0.8003379000E+01
    -1.48000000    0.2809823953E-01    0.8003940965E+01
    -1.46000000    0.3047476429E-01    0.8004550460E+01
    -1.44000000    0.3286555493E-01    0.8005207771E+01
    -1.42000000    0.3526888509E-01    0.8005913149E+01
    -1.40000000    0.3768740743E-01    0.8006666897E+01
    -1.38000000    0.4012600492E-01    0.8007469417E+01
    -1.36000000    0.4258619509E-01    0.8008321141E+01
    -1.34000000    0.4506488725E-01    0.8009222439E+01
    -1.32000000    0.4755986213E-01    0.8010173636E+01
    -1.30000000    0.5007480638E-01    0.8011175132E+01
    -1.28000000    0.5261649880E-01    0.8012227462E+01
    -1.26000000    0.5518716964E-01    0.8013331205E+01
    -1.24000000    0.5778241074E-01    0.8014486854E+01
    -1.22000000    0.6039843208E-01    0.8015694822E+01
    -1.20000000    0.6303959149E-01    0.8016955614E+01
    -1.18000000    0.6571547206E-01    0.8018269924E+01
    -1.16000000    0.6843017285E-01    0.8019638527E+01
    -1.14000000    0.7117792486E-01    0.8021062085E+01
    -1.12000000    0.7395216683E-01    0.8022541129E+01
    -1.10000000    0.7675721079E-01    0.8024076273E+01
    -1.08000000    0.7960649523E-01    0.8025668403E+01
    -1.06000000    0.8250802248E-01    0.8027318563E+01
    -1.04000000    0.8545548441E-01    0.8029027673E+01
    -1.02000000    0.8843811555E-01    0.8030796435E+01
    -1.00000000    0.9145821540E-01    0.8032625600E+01
    -0.98000000    0.9453339677E-01    0.8034516268E+01
    -0.96000000    0.9767854646E-01    0.8036469839E+01
    -0.94000000    0.1008893347E+00    0.8038487625E+01
    -0.92000000    0.1041497089E+00    0.8040570619E+01
    -0.90000000    0.1074563940E+00    0.8042719747E+01
    -0.88000000    0.1108298783E+00    0.8044936345E+01
    -0.86000000    0.1142956284E+00    0.8047222257E+01
    -0.84000000    0.1178567083E+00    0.8049579392E+01
    -0.82000000    0.1214928618E+00    0.8052009249E+01
    -0.80000000    0.1251906053E+00    0.8054513061E+01
    -0.78000000    0.1289688914E+00    0.8057092439E+01
    -0.76000000    0.1328664336E+00    0.8059749767E+01
    -0.74000000    0.1369024788E+00    0.8062487817E+01
    -0.72000000    0.1410585776E+00    0.8065308989E+01
    -0.70000000    0.1453075578E+00    0.8068215140E+01
    -0.68000000    0.1496584004E+00    0.8071208308E+01
    -0.66000000    0.1541615804E+00    0.8074291539E+01
    -0.64000000    0.1588633088E+00    0.8077468806E+01
    -0.62000000    0.1637609419E+00    0.8080744024E+01
    -0.60000000    0.1688167337E+00    0.8084120359E+01
    -0.58000000    0.1740199667E+00    0.8087600758E+01
    -0.56000000    0.1794249504E+00    0.8091189257E+01
    -0.54000000    0.1851142403E+00    0.8094891542E+01
    -0.52000000    0.1911250668E+00    0.8098714043E+01
    -0.50000000    0.1974281392E+00    0.8102662606E+01
    -0.48000000    0.2039925009E+00    0.8106742456E+01
    -0.46000000    0.2108656507E+00    0.8110959769E+01
    -0.44000000    0.2181712904E+00    0.8115323195E+01
    -0.42000000    0.2260205971E+00    0.8119843607E+01
    -0.40000000    0.2344417493E+00    0.8124532442E+01
    -0.38000000    0.2434207799E+00    0.8129400858E+01
    -0.36000000    0.2530178744E+00    0.8134461215E+01
    -0.34000000    0.2634291029E+00    0.8139729797E+01
    -0.32000000    0.2749256562E+00    0.8145228310E+01
    -0.30000000    0.2877552375E+00    0.8150983415E+01
    -0.28000000    0.3021497889E+00    0.8157026411E+01
    -0.26000000    0.3184705984E+00    0.8163395823E+01
    -0.24000000    0.3373611140E+00    0.8170143045E+01
    -0.22000000    0.3597487850E+00    0.8177338021E+01
    -0.20000000    0.3866582001E+00    0.8185071185E+01
    -0.18000000    0.4189147677E+00    0.8193449480E+01
    -0.16000000    0.4568079391E+00    0.8202585639E+01
    -0.14000000    0.4997105700E+00    0.8212579850E+01
    -0.12000000    0.5456818019E+00    0.8223493486E+01
    -0.10000000    0.5912506106E+00    0.8235318499E+01
    -0.08000000    0.6317023299E+00    0.8247952545E+01
    -0.06000000    0.6620460300E+00    0.8261193466E+01
    -0.04000000    0.6784290345E+00    0.8274762046E+01
    -0.02000000    0.6793790961E+00    0.8288349628E+01
    -0.00000000    0.6662381822E+00    0.8301674392E+01
     0.02000000    0.6425729332E+00    0.8314525851E+01
     0.04000000    0.6129121275E+00    0.8326784093E+01
     0.06000000    0.5814627600E+00    0.8338413348E+01
     0.08000000    0.5513181349E+00    0.8349439711E+01
     0.10000000    0.5242715790E+00    0.8359925143E+01
     0.12000000    0.5010225408E+00    0.8369945594E+01
     0.14000000    0.4815005824E+00    0.8379575605E+01
     0.16000000    0.4651680288E+00    0.8388878966E+01
     0.18000000    0.4512940796E+00    0.8397904847E+01
     0.20000000    0.4392042558E+00    0.8406688932E+01
     0.22000000    0.4284477350E+00    0.8415257887E+01
     0.24000000    0.4188124239E+00    0.8423634136E+01
     0.26000000    0.4101999265E+00    0.8431838134E+01
     0.28000000    0.4024750128E+00    0.8439887634E+01
     0.30000000    0.3954175109E+00    0.8447795985E+01
     0.32000000    0.3888047503E+00    0.8455572080E+01
     0.34000000    0.3825297193E+00    0.8463222674E+01
     0.36000000    0.3766297975E+00    0.8470755270E+01
     0.38000000    0.3711910080E+00    0.8478179090E+01
     0.40000000    0.3662154814E+00    0.8485503400E+01
     0.42000000    0.3615770576E+00    0.8492734941E+01
     0.44000000    0.3571064953E+00    0.8499877071E+01
     0.46000000    0.3527241982E+00    0.8506931555E+01
     0.48000000    0.3484929464E+00    0.8513901414E+01
     0.50000000    0.3445389687E+00    0.8520792193E+01
     0.52000000    0.3409145986E+00    0.8527610485E+01
     0.54000000    0.3375315315E+00    0.8534361116E+01
     0.56000000    0.3342278839E+00    0.8541045673E+01
     0.58000000    0.3309068916E+00    0.8547663811E+01
     0.60000000    0.3276176650E+00    0.8554216165E+01
     0.62000000    0.3245018411E+00    0.8560706201E+01
     0.64000000    0.3216544132E+00    0.8567139290E+01
     0.66000000    0.3190269775E+00    0.8573519829E+01
     0.68000000    0.3164631964E+00    0.8579849093E+01
     0.70000000    0.3138349229E+00    0.8586125792E+01
     0.72000000    0.3111547104E+00    0.8592348886E+01
     0.74000000    0.3085613157E+00    0.8598520112E+01
     0.76000000    0.3061901867E+00    0.8604643916E+01
     0.78000000    0.3040457454E+00    0.8610724831E+01
     0.80000000    0.3019913883E+00    0.8616764658E+01
     0.82000000    0.2998673262E+00    0.8622762005E+01
     0.84000000    0.2976310915E+00    0.8628714627E+01
     0.86000000    0.2953944665E+00    0.8634622516E+01
     0.88000000    0.2933227189E+00    0.8640488971E+01
     0.90000000    0.2914849782E+00    0.8646318670E+01
     0.92000000    0.2897886990E+00    0.8652114444E+01
     0.94000000    0.2880572256E+00    0.8657875589E+01
     0.96000000    0.2861830292E+00    0.8663599249E+01
     0.98000000    0.2842218776E+00    0.8669283687E+01
     1.00000000    0.2823443454E+00    0.8674930574E+01
     1.02000000    0.2806859302E+00    0.8680544292E+01
     1.04000000    0.2792262363E+00    0.8686128817E+01
     1.06000000    0.2778030672E+00    0.8691684878E+01
     1.08000000    0.2762502884E+00    0.8697209884E+01
     1.10000000    0.2745407667E+00    0.8702700699E+01
     1.12000000    0.2728106624E+00    0.8708156913E+01
     1.14000000    0.2712430277E+00    0.8713581773E+01
     1.16000000    0.2699096683E+00    0.8718979967E+01
     1.18000000    0.2687068411E+00    0.8724354103E+01
     1.20000000    0.2674408901E+00    0.8729702921E+01
     1.22000000    0.2659920441E+00    0.8735022762E+01
     1.24000000    0.2644178493E+00    0.8740311119E+01
     1.26000000    0.2629095182E+00    0.8745569309E+01
     1.28000000    0.2616412288E+00    0.8750802134E+01
     1.30000000    0.2606477218E+00    0.8756015088E+01
     1.32000000    0.2598504122E+00    0.8761212097E+01
     1.34000000    0.2592389283E+00    0.8766396875E+01
     1.36000000    0.2590938777E+00    0.8771578753E+01
     1.38000000    0.2601005483E+00    0.8776780764E+01
     1.40000000    0.2632728681E+00    0.8782046221E+01
     1.42000000    0.2697190472E+00    0.8787440602E+01
     1.44000000    0.2803486393E+00    0.8793047575E+01
     1.46000000    0.2956124464E+00    0.8798959824E+01
     1.48000000    0.3153209987E+00    0.8805266244E+01
     1.50000000    0.3385626671E+00    0.8812037497E+01
     1.52000000    0.3637527380E+00    0.8819312552E+01
     1.54000000    0.3888515315E+00    0.8827089583E+01
     1.56000000    0.4117502623E+00    0.8835324588E+01
     1.58000000    0.4307403889E+00    0.8843939396E+01
     1.60000000    0.4449076919E+00    0.8852837549E+01
     1.62000000    0.4542880708E+00    0.8861923311E+01
     1.64000000    0.4597106164E+00    0.8871117523E+01
     1.66000000    0.4623960052E+00    0.8880365443E+01
     1.68000000    0.4634951724E+00    0.8889635347E+01
     1.70000000    0.4637744341E+00    0.8898910835E+01
     1.72000000    0.4635631998E+00    0.8908182099E+01
     1.74000000    0.4629295748E+00    0.8917440691E+01
     1.76000000    0.4619265422E+00    0.8926679222E+01
     1.78000000    0.4607329235E+00    0.8935893880E+01
     1.80000000    0.4596106318E+00    0.8945086093E+01
     1.82000000    0.4587441705E+00    0.8954260976E+01
     1.84000000    0.4581137567E+00    0.8963423251E+01
     1.86000000    0.4575171555E+00    0.8972573594E+01
     1.88000000    0.4567301400E+00    0.8981708197E+01
     1.90000000    0.4556828218E+00    0.8990821854E+01
     1.92000000    0.4545157641E+00    0.8999912169E+01
     1.94000000    0.4534724152E+00    0.9008981617E+01
     1.96000000    0.4527102120E+00    0.9018035822E+01
     1.98000000    0.4521762869E+00    0.9027079347E+01
     2.00000000    0.4516457285E+00    0.9036112262E+01
     2.02000000    0.4508948537E+00    0.9045130159E+01
     2.04000000    0.4498753239E+00    0.9054127665E+01
     2.06000000    0.4487528999E+00    0.9063102723E+01
     2.08000000    0.4477804327E+00    0.9072058332E+01
     2.10000000    0.4471037789E+00    0.9081000408E+01
     2.12000000    0.4466499641E+00    0.9089933407E+01
     2.14000000    0.4461830178E+00    0.9098857067E+01
     2.16000000    0.4454871557E+00    0.9107766810E+01
     2.18000000    0.4445444841E+00    0.9116657700E+01
     2.20000000    0.4435828812E+00    0.9125529358E+01
     2.22000000    0.4429740724E+00    0.9134388839E+01
     2.24000000    0.4430853442E+00    0.9143250546E+01
     2.26000000    0.4442320127E+00    0.9152135186E+01
     2.28000000    0.4467956812E+00    0.9161071100E+01
     2.30000000    0.4514181566E+00    0.9170099463E+01
     2.32000000    0.4590734768E+00    0.9179280933E+01
     2.34000000    0.4708577960E+00    0.9188698088E+01
     2.36000000    0.4875130315E+00    0.9198448349E+01
     2.38000000    0.5089043053E+00    0.9208626435E+01
     2.40000000    0.5337602478E+00    0.9219301640E+01
     2.42000000    0.5598799601E+00    0.9230499239E+01
     2.44000000    0.5847569194E+00    0.9242194378E+01
     2.46000000    0.6063247584E+00    0.9254320873E+01
     2.48000000    0.6234607292E+00    0.9266790087E+01
     2.50000000    0.6360423476E+00    0.9279510934E+01
     2.52000000    0.6446271037E+00    0.9292403477E+01
     2.54000000    0.6500185471E+00    0.9305403847E+01
     2.56000000    0.6529739176E+00    0.9318463326E+01
     2.58000000    0.6541403599E+00    0.9331546133E+01
     2.60000000    0.6541278356E+00    0.9344628690E+01
     2.62000000    0.6535640404E+00    0.9357699971E+01
     2.64000000    0.6530489437E+00    0.9370760949E+01
     2.66000000    0.6530551439E+00    0.9383822052E+01
     2.68000000    0.6538977299E+00    0.9396900007E+01
     2.70000000    0.6558596734E+00    0.9410017200E+01
     2.72000000    0.6594264824E+00    0.9423205730E+01
     2.74000000    0.6654543267E+00    0.9436514817E+01
     2.76000000    0.6750802219E+00    0.9450016421E+01
     2.78000000    0.6893195892E+00    0.9463802813E+01
     2.80000000    0.7085093773E+00    0.9477973000E+01
     2.82000000    0.7318985870E+00    0.9492610972E+01
     2.84000000    0.7576515362E+00    0.9507764003E+01
     2.86000000    0.7833183969E+00    0.9523430371E+01
     2.88000000    0.8065668718E+00    0.9539561708E+01
     2.90000000    0.8258227312E+00    0.9556078163E+01
     2.92000000    0.8405312264E+00    0.9572888787E+01
     2.94000000    0.8509844170E+00    0.9589908476E+01
     2.96000000    0.8579040009E+00    0.9607066556E+01
     2.98000000    0.8620626545E+00    0.9624307809E+01
     3.00000000    0.8641229834E+00    0.9641590268E+01
     3.02000000    0.8646742080E+00    0.9658883753E+01
     3.04000000    0.8643124798E+00    0.9676170002E+01
     3.06000000    0.8636263096E+00    0.9693442528E+01
     3.08000000    0.8630704296E+00    0.9710703937E+01
     3.10000000    0.8628267916E+00    0.9727960473E+01
     3.12000000    0.8627759120E+00    0.9745215991E+01
     3.14000000    0.8626280071E+00    0.9762468551E+01
     3.16000000    0.8621479343E+00    0.9779711510E+01
     3.18000000    0.8613319107E+00    0.9796938148E+01
     3.20000000    0.8604162761E+00    0.9814146474E+01
     3.22000000    0.8597122495E+00    0.9831340719E+01
     3.24000000    0.8593855945E+00    0.9848528430E+01
     3.26000000    0.8593398233E+00    0.9865715227E+01
     3.28000000    0.8592847892E+00    0.9882900923E+01
     3.30000000    0.8589396527E+00    0.9900079716E+01
     3.32000000    0.8582279019E+00    0.9917244274E+01
     3.34000000    0.8573309816E+00    0.9934390893E+01
     3.36000000    0.8565639585E+00    0.9951522173E+01
     3.38000000    0.8561571321E+00    0.9968645315E+01
     3.40000000    0.8560939973E+00    0.9985767195E+01
     3.42000000    0.8561206488E+00    0.1000288961E+02
     3.44000000    0.8559225758E+00    0.1002000806E+02
     3.46000000    0.8553445690E+00    0.1003711495E+02
     3.48000000    0.8544983997E+00    0.1005420492E+02
     3.50000000    0.8536844809E+00    0.1007127861E+02
     3.52000000    0.8531847247E+00    0.1008834230E+02
     3.54000000    0.8530695062E+00    0.1010540369E+02
     3.56000000    0.8531485852E+00    0.1012246666E+02
     3.58000000    0.8530993418E+00    0.1013952865E+02
     3.60000000    0.8526880816E+00    0.1015658241E+02
     3.62000000    0.8519342329E+00    0.1017362110E+02
     3.64000000    0.8511003117E+00    0.1019064310E+02
     3.66000000    0.8505099053E+00    0.1020765330E+02
     3.68000000    0.8503213058E+00    0.1022465973E+02
     3.70000000    0.8504188610E+00    0.1024166811E+02
     3.72000000    0.8504969574E+00    0.1025867804E+02
     3.74000000    0.8502716587E+00    0.1027568348E+02
     3.76000000    0.8496708226E+00    0.1029267689E+02
     3.78000000    0.8488789442E+00    0.1030965447E+02
     3.80000000    0.8482143511E+00    0.1032661876E+02
     3.82000000    0.8479197671E+00    0.1034357716E+02
     3.84000000    0.8479979618E+00    0.1036053712E+02
     3.86000000    0.8482016019E+00    0.1037750115E+02
     3.88000000    0.8481955677E+00    0.1039446506E+02
     3.90000000    0.8477912473E+00    0.1041142088E+02
     3.92000000    0.8470863538E+00    0.1042836261E+02
     3.94000000    0.8463996773E+00    0.1044529060E+02
     3.96000000    0.8460435310E+00    0.1046221147E+02
     3.98000000    0.8461044251E+00    0.1047913356E+02
     4.00000000    0.8463924129E+00    0.1049606141E+02
     4.02000000    0.8465837895E+00    0.1051299309E+02
     4.04000000    0.8464422222E+00    0.1052992193E+02
     4.06000000    0.8459668336E+00    0.1054684127E+02
     4.08000000    0.8453844783E+00    0.1056374896E+02
     4.10000000    0.8450048045E+00    0.1058064905E+02
     4.12000000    0.8450275829E+00    0.1059754961E+02
     4.14000000    0.8454131765E+00    0.1061445787E+02
     4.16000000    0.8458985287E+00    0.1063137584E+02
     4.18000000    0.8461638247E+00    0.1064829912E+02
     4.20000000    0.8460546943E+00    0.1066522021E+02
     4.22000000    0.8457072052E+00    0.1068213435E+02
     4.24000000    0.8454711907E+00    0.1069904378E+02
     4.26000000    0.8456703526E+00    0.1071595719E+02
     4.28000000    0.8463715085E+00    0.1073288462E+02
     4.30000000    0.8473421198E+00    0.1074983146E+02
     4.32000000    0.8482337302E+00    0.1076679613E+02
     4.34000000    0.8488502499E+00    0.1078377314E+02
     4.36000000    0.8492967684E+00    0.1080075907E+02
     4.38000000    0.8499099578E+00    0.1081775727E+02
     4.40000000    0.8510467797E+00    0.1083477821E+02
     4.42000000    0.8529010131E+00    0.1085183623E+02
     4.44000000    0.8554667987E+00    0.1086894556E+02
     4.46000000    0.8586479854E+00    0.1088611852E+02
     4.48000000    0.8624279463E+00    0.1090336708E+02
     4.50000000    0.8669983235E+00    0.1092070705E+02
     4.52000000    0.8727622849E+00    0.1093816229E+02
     4.54000000    0.8801613018E+00    0.1095576552E+02
     4.56000000    0.8893488350E+00    0.1097355250E+02
     4.58000000    0.8998489839E+00    0.1099154948E+02
     4.60000000    0.9104176435E+00    0.1100975783E+02
     4.62000000    0.9192713815E+00    0.1102814326E+02
     4.64000000    0.9246517667E+00    0.1104663629E+02
     4.66000000    0.9254611756E+00    0.1106514552E+02
     4.68000000    0.9216094855E+00    0.1108357771E+02
     4.70000000    0.9138534255E+00    0.1110185477E+02
     4.72000000    0.9032322869E+00    0.1111991942E+02
     4.74000000    0.8904893186E+00    0.1113772921E+02
     4.76000000    0.8758896163E+00    0.1115524700E+02
     4.78000000    0.8595617374E+00    0.1117243823E+02
     4.80000000    0.8421154637E+00    0.1118928054E+02
     4.82000000    0.8251189110E+00    0.1120578292E+02
     4.84000000    0.8111612925E+00    0.1122200615E+02
     4.86000000    0.8035079803E+00    0.1123807631E+02
     4.88000000    0.8055123702E+00    0.1125418655E+02
     4.90000000    0.8199112576E+00    0.1127058478E+02
     4.92000000    0.8480553200E+00    0.1128754589E+02
     4.94000000    0.8891870757E+00    0.1130532963E+02
     4.96000000    0.9400450025E+00    0.1132413053E+02
     4.98000000    0.9951337794E+00    0.1134403320E+02
     5.00000000    0.1047794695E+01    0.1136498910E+02
     5.02000000    0.1091810012E+01    0.1138682530E+02
     5.04000000    0.1122948451E+01    0.1140928427E+02
     5.06000000    0.1139847348E+01    0.1143208121E+02
     5.08000000    0.1143946352E+01    0.1145496014E+02
     5.10000000    0.1138623492E+01    0.1147773261E+02
     5.12000000    0.1127972117E+01    0.1150029205E+02
     5.14000000    0.1115679395E+01    0.1152260564E+02
     5.16000000    0.1104301159E+01    0.1154469166E+02
     5.18000000    0.1095028832E+01    0.1156659224E+02
     5.20000000    0.1087900982E+01    0.1158835026E+02
     5.22000000    0.1082314809E+01    0.1160999656E+02
     5.24000000    0.1077613413E+01    0.1163154882E+02
     5.26000000    0.1073493602E+01    0.1165301870E+02
     5.28000000    0.1070062048E+01    0.1167441994E+02
     5.30000000    0.1067568138E+01    0.1169577130E+02
     5.32000000    0.1066047094E+01    0.1171709224E+02
     5.34000000    0.1065159440E+01    0.1173839543E+02
     5.36000000    0.1064354556E+01    0.1175968252E+02
     5.38000000    0.1063230462E+01    0.1178094713E+02
     5.40000000    0.1061811823E+01    0.1180218337E+02
     5.42000000    0.1060543187E+01    0.1182339423E+02
     5.44000000    0.1060030941E+01    0.1184459485E+02
     5.46000000    0.1060776247E+01    0.1186581037E+02
     5.48000000    0.1063162644E+01    0.1188707363E+02
     5.50000000    0.1067778655E+01    0.1190842920E+02
     5.52000000    0.1075889349E+01    0.1192994699E+02
     5.54000000    0.1089694383E+01    0.1195174088E+02
     5.56000000    0.1112048180E+01    0.1197398184E+02
     5.58000000    0.1145581029E+01    0.1199689346E+02
     5.60000000    0.1191524565E+01    0.1202072395E+02
     5.62000000    0.1248796520E+01    0.1204569988E+02
     5.64000000    0.1313846015E+01    0.1207197680E+02
     5.66000000    0.1381382397E+01    0.1209960445E+02
     5.68000000    0.1445627264E+01    0.1212851699E+02
     5.70000000    0.1501480404E+01    0.1215854660E+02
     5.72000000    0.1545167483E+01    0.1218944995E+02
     5.74000000    0.1574391023E+01    0.1222093777E+02
     5.76000000    0.1588344386E+01    0.1225270466E+02
     5.78000000    0.1587882472E+01    0.1228446231E+02
     5.80000000    0.1575762716E+01    0.1231597756E+02
     5.82000000    0.1556562535E+01    0.1234710881E+02
     5.84000000    0.1535955863E+01    0.1237782793E+02
     5.86000000    0.1519436688E+01    0.1240821667E+02
     5.88000000    0.1510962313E+01    0.1243843591E+02
     5.90000000    0.1512051087E+01    0.1246867693E+02
     5.92000000    0.1521609723E+01    0.1249910913E+02
     5.94000000    0.1536431597E+01    0.1252983776E+02
     5.96000000    0.1552127683E+01    0.1256088031E+02
     5.98000000    0.1564246204E+01    0.1259216524E+02
     6.00000000    0.1569367440E+01    0.1262355259E+02
     6.02000000    0.1565925342E+01    0.1265487109E+02
     6.04000000    0.1554466877E+01    0.1268596043E+02
     6.06000000    0.1537164049E+01    0.1271670371E+02
     6.08000000    0.1516696115E+01    0.1274703763E+02
     6.10000000    0.1494967624E+01    0.1277693699E+02
     6.12000000    0.1472260450E+01    0.1280638220E+02
     6.14000000    0.1447200766E+01    0.1283532621E+02
     6.16000000    0.1417487355E+01    0.1286367596E+02
     6.18000000    0.1380968244E+01    0.1289129532E+02
     6.20000000    0.1336573064E+01    0.1291802678E+02
     6.22000000    0.1284784202E+01    0.1294372247E+02
     6.24000000    0.1227586457E+01    0.1296827420E+02
     6.26000000    0.1168021250E+01    0.1299163462E+02
     6.28000000    0.1109544313E+01    0.1301382551E+02
     6.30000000    0.1055375212E+01    0.1303493301E+02
     6.32000000    0.1007976128E+01    0.1305509254E+02
     6.34000000    0.9687381644E+00    0.1307446730E+02
     6.36000000    0.9379040521E+00    0.1309322538E+02
     6.38000000    0.9147167414E+00    0.1311151971E+02
     6.40000000    0.8977434180E+00    0.1312947458E+02
     6.42000000    0.8852840060E+00    0.1314718026E+02
     6.44000000    0.8757509652E+00    0.1316469528E+02
     6.46000000    0.8679234388E+00    0.1318205375E+02
     6.48000000    0.8610327154E+00    0.1319927441E+02
     6.50000000    0.8547025508E+00    0.1321636846E+02
     6.52000000    0.8488131501E+00    0.1323334472E+02
     6.54000000    0.8433597340E+00    0.1325021191E+02
     6.56000000    0.8383432877E+00    0.1326697878E+02
     6.58000000    0.8336983980E+00    0.1328365275E+02
     6.60000000    0.8292633051E+00    0.1330023801E+02
     6.62000000    0.8248176881E+00    0.1331673437E+02
     6.64000000    0.8202010915E+00    0.1333313839E+02
     6.66000000    0.8154535314E+00    0.1334944746E+02
     6.68000000    0.8108506819E+00    0.1336566447E+02
     6.70000000    0.8067433876E+00    0.1338179934E+02
     6.72000000    0.8032737797E+00    0.1339786482E+02
     6.74000000    0.8001948239E+00    0.1341386871E+02
     6.76000000    0.7969900904E+00    0.1342980852E+02
     6.78000000    0.7932528089E+00    0.1344567357E+02
     6.80000000    0.7890333786E+00    0.1346145424E+02
     6.82000000    0.7848478005E+00    0.1347715120E+02
     6.84000000    0.7813035448E+00    0.1349277727E+02
     6.86000000    0.7786258521E+00    0.1350834978E+02
     6.88000000    0.7764656053E+00    0.1352387910E+02
     6.90000000    0.7741468574E+00    0.1353936203E+02
     6.92000000    0.7711590777E+00    0.1355478521E+02
     6.94000000    0.7675151631E+00    0.1357013552E+02
     6.96000000    0.7637214072E+00    0.1358540995E+02
     6.98000000    0.7604125064E+00    0.1360061820E+02
     7.00000000    0.7579337763E+00    0.1361577687E+02
     7.02000000    0.7561460045E+00    0.1363089979E+02
     7.04000000    0.7545391290E+00    0.1364599057E+02
     7.06000000    0.7525430395E+00    0.1366104143E+02
     7.08000000    0.7498432248E+00    0.1367603830E+02
     7.10000000    0.7465472730E+00    0.1369096924E+02
     7.12000000    0.7431368453E+00    0.1370583198E+02
     7.14000000    0.7402274804E+00    0.1372063653E+02
     7.16000000    0.7382352112E+00    0.1373540124E+02
     7.18000000    0.7371075784E+00    0.1375014339E+02
     7.20000000    0.7362827876E+00    0.1376486904E+02
     7.22000000    0.7349534454E+00    0.1377956811E+02
     7.24000000    0.7325386245E+00    0.1379421888E+02
     7.26000000    0.7291001896E+00    0.1380880089E+02
     7.28000000    0.7254090918E+00    0.1382330907E+02
     7.30000000    0.7225451664E+00    0.1383775997E+02
     7.32000000    0.7212205926E+00    0.1385218439E+02
     7.34000000    0.7212480334E+00    0.1386660935E+02
     7.36000000    0.7215420354E+00    0.1388104019E+02
     7.38000000    0.7207282753E+00    0.1389545475E+02
     7.40000000    0.7180258765E+00    0.1390981527E+02
     7.42000000    0.7138386165E+00    0.1392409204E+02
     7.44000000    0.7096207897E+00    0.1393828446E+02
     7.46000000    0.7070248982E+00    0.1395242496E+02
     7.48000000    0.7068254422E+00    0.1396656146E+02
     7.50000000    0.7083182054E+00    0.1398072783E+02
     7.52000000    0.7096454419E+00    0.1399492074E+02
     7.54000000    0.7089164827E+00    0.1400909907E+02
     7.56000000    0.7054459896E+00    0.1402320799E+02
     7.58000000    0.7002962629E+00    0.1403721391E+02
     7.60000000    0.6957120463E+00    0.1405112815E+02
     7.62000000    0.6937432202E+00    0.1406500302E+02
     7.64000000    0.6949071494E+00    0.1407890116E+02
     7.66000000    0.6977674793E+00    0.1409285651E+02
     7.68000000    0.6997534473E+00    0.1410685158E+02
     7.70000000    0.6987487115E+00    0.1412082655E+02
     7.72000000    0.6944551519E+00    0.1413471566E+02
     7.74000000    0.6886442597E+00    0.1414848854E+02
     7.76000000    0.6841013549E+00    0.1416217057E+02
     7.78000000    0.6829068381E+00    0.1417582871E+02
     7.80000000    0.6851340583E+00    0.1418953139E+02
     7.82000000    0.6887855810E+00    0.1420330710E+02
     7.84000000    0.6910070396E+00    0.1421712724E+02
     7.86000000    0.6898194158E+00    0.1423092363E+02
     7.88000000    0.6853027441E+00    0.1424462968E+02
     7.90000000    0.6795241363E+00    0.1425822016E+02
     7.92000000    0.6752834688E+00    0.1427172583E+02
     7.94000000    0.6744568171E+00    0.1428521497E+02
     7.96000000    0.6769272966E+00    0.1429875352E+02
     7.98000000    0.6807057515E+00    0.1431236763E+02
     8.00000000    0.6831231745E+00    0.1432603009E+02
     8.02000000    0.6823659319E+00    0.1433967741E+02
     8.04000000    0.6784693611E+00    0.1435324680E+02
     8.06000000    0.6732391178E+00    0.1436671158E+02
     8.08000000    0.6691935933E+00    0.1438009545E+02
     8.10000000    0.6681504588E+00    0.1439345846E+02
     8.12000000    0.6702413379E+00    0.1440686329E+02
     8.14000000    0.6738766828E+00    0.1442034082E+02
     8.16000000    0.6766591752E+00    0.1443387401E+02
     8.18000000    0.6767327610E+00    0.1444740866E+02
     8.20000000    0.6738162162E+00    0.1446088499E+02
     8.22000000    0.6693385647E+00    0.1447427176E+02
     8.24000000    0.6655975201E+00    0.1448758371E+02
     8.26000000    0.6644294616E+00    0.1450087230E+02
     8.28000000    0.6661708410E+00    0.1451419572E+02
     8.30000000    0.6695154212E+00    0.1452758602E+02
     8.32000000    0.6723303963E+00    0.1454103263E+02
     8.34000000    0.6729229061E+00    0.1455449109E+02
     8.36000000    0.6709957844E+00    0.1456791101E+02
     8.38000000    0.6677415746E+00    0.1458126584E+02
     8.40000000    0.6650590762E+00    0.1459456702E+02
     8.42000000    0.6644056411E+00    0.1460785513E+02
     8.44000000    0.6659931918E+00    0.1462117500E+02
     8.46000000    0.6687804676E+00    0.1463455060E+02
     8.48000000    0.6711927152E+00    0.1464797446E+02
     8.50000000    0.6720715911E+00    0.1466141589E+02
     8.52000000    0.6712863262E+00    0.1467484162E+02
     8.54000000    0.6697086339E+00    0.1468823579E+02
     8.56000000    0.6686403302E+00    0.1470160860E+02
     8.58000000    0.6690542107E+00    0.1471498968E+02
     8.60000000    0.6710678205E+00    0.1472841104E+02
     8.62000000    0.6739284751E+00    0.1474188961E+02
     8.64000000    0.6765110053E+00    0.1475541983E+02
     8.66000000    0.6780386390E+00    0.1476898060E+02
     8.68000000    0.6786018659E+00    0.1478255264E+02
     8.70000000    0.6791804025E+00    0.1479613624E+02
     8.72000000    0.6811989108E+00    0.1480976022E+02
     8.74000000    0.6859427442E+00    0.1482347908E+02
     8.76000000    0.6942227544E+00    0.1483736353E+02
     8.78000000    0.7064803507E+00    0.1485149314E+02
     8.80000000    0.7232100380E+00    0.1486595734E+02
     8.82000000    0.7453469443E+00    0.1488086428E+02
     8.84000000    0.7742608598E+00    0.1489634950E+02
     8.86000000    0.8112262922E+00    0.1491257402E+02
     8.88000000    0.8565675991E+00    0.1492970537E+02
     8.90000000    0.9089017805E+00    0.1494788341E+02
     8.92000000    0.9648777017E+00    0.1496718096E+02
     8.94000000    0.1019573013E+01    0.1498757242E+02
     8.96000000    0.1067427698E+01    0.1500892098E+02
     8.98000000    0.1103416143E+01    0.1503098930E+02
     9.00000000    0.1124116580E+01    0.1505347163E+02
     9.02000000    0.1128378762E+01    0.1507603921E+02
     9.04000000    0.1117392496E+01    0.1509838706E+02
     9.06000000    0.1094136715E+01    0.1512026979E+02
     9.08000000    0.1062420669E+01    0.1514151821E+02
     9.10000000    0.1025908518E+01    0.1516203638E+02
     9.12000000    0.9875150217E+00    0.1518178668E+02
     9.14000000    0.9493388471E+00    0.1520077345E+02
     9.16000000    0.9129817257E+00    0.1521903309E+02
     9.18000000    0.8798905694E+00    0.1523663090E+02
     9.20000000    0.8513979279E+00    0.1525365886E+02
     9.22000000    0.8283953779E+00    0.1527022677E+02
     9.24000000    0.8108718469E+00    0.1528644420E+02
     9.26000000    0.7976790420E+00    0.1530239778E+02
     9.28000000    0.7867674999E+00    0.1531813313E+02
     9.30000000    0.7758590672E+00    0.1533365031E+02
     9.32000000    0.7632658971E+00    0.1534891563E+02
     9.34000000    0.7484757497E+00    0.1536388515E+02
     9.36000000    0.7322306877E+00    0.1537852976E+02
     9.38000000    0.7160646410E+00    0.1539285105E+02
     9.40000000    0.7015213792E+00    0.1540688148E+02
     9.42000000    0.6894313536E+00    0.1542067011E+02
     9.44000000    0.6796010979E+00    0.1543426213E+02
     9.46000000    0.6710590406E+00    0.1544768331E+02
     9.48000000    0.6627065835E+00    0.1546093744E+02
     9.50000000    0.6540046396E+00    0.1547401754E+02
     9.52000000    0.6453095980E+00    0.1548692373E+02
     9.54000000    0.6376689242E+00    0.1549967711E+02
     9.56000000    0.6321853712E+00    0.1551232081E+02
     9.58000000    0.6292975746E+00    0.1552490677E+02
     9.60000000    0.6283774887E+00    0.1553747432E+02
     9.62000000    0.6278852141E+00    0.1555003202E+02
     9.64000000    0.6260324054E+00    0.1556255267E+02
     9.66000000    0.6216334053E+00    0.1557498534E+02
     9.68000000    0.6147050603E+00    0.1558727944E+02
     9.70000000    0.6064783121E+00    0.1559940900E+02
     9.72000000    0.5987745930E+00    0.1561138450E+02
     9.74000000    0.5930443919E+00    0.1562324538E+02
     9.76000000    0.5895714389E+00    0.1563503681E+02
     9.78000000    0.5872693004E+00    0.1564678220E+02
     9.80000000    0.5841637915E+00    0.1565846547E+02
     9.82000000    0.5782727899E+00    0.1567003093E+02
     9.84000000    0.5684054577E+00    0.1568139904E+02
     9.86000000    0.5544951892E+00    0.1569248894E+02
     9.88000000    0.5373557231E+00    0.1570323606E+02
     9.90000000    0.5180384810E+00    0.1571359683E+02
     9.92000000    0.4971504976E+00    0.1572353984E+02
     9.94000000    0.4745095506E+00    0.1573303003E+02
     9.96000000    0.4493493808E+00    0.1574201701E+02
     9.98000000    0.4209903492E+00    0.1575043682E+02
    10.00000000    0.3896031999E+00    0.1575822889E+02
    10.02000000    0.3565989951E+00    0.1576536087E+02
    10.04000000    0.3243646672E+00    0.1577184816E+02
    10.06000000    0.2954374003E+00    0.1577775691E+02
    10.08000000    0.2715477503E+00    0.1578318786E+02
    10.10000000    0.2530510232E+00    0.1578824888E+02
    10.12000000    0.2390459169E+00    0.1579302980E+02
    10.14000000    0.2280754561E+00    0.1579759131E+02
    10.16000000    0.2189661110E+00    0.1580197063E+02
    10.18000000    0.2113048473E+00    0.1580619673E+02
    10.20000000    0.2053181261E+00    0.1581030309E+02
    10.22000000    0.2013212345E+00    0.1581432952E+02
    10.24000000    0.1991743286E+00    0.1581831300E+02
    10.26000000    0.1981365259E+00    0.1582227573E+02
    10.28000000    0.1971969185E+00    0.1582621967E+02
    10.30000000    0.1956126363E+00    0.1583013192E+02
    10.32000000    0.1932507934E+00    0.1583399694E+02
    10.34000000    0.1905041101E+00    0.1583780702E+02
    10.36000000    0.1878874742E+00    0.1584156477E+02
    10.38000000    0.1856546588E+00    0.1584527787E+02
    10.40000000    0.1837193403E+00    0.1584895225E+02
    10.42000000    0.1818825112E+00    0.1585258990E+02
    10.44000000    0.1801081410E+00    0.1585619207E+02
    10.46000000    0.1785704419E+00    0.1585976347E+02
    10.48000000    0.1774241962E+00    0.1586331196E+02
    10.50000000    0.1765199857E+00    0.1586684236E+02
    10.52000000    0.1753635999E+00    0.1587034963E+02
    10.54000000    0.1734292837E+00    0.1587381822E+02
    10.56000000    0.1706246674E+00    0.1587723071E+02
    10.58000000    0.1675254052E+00    0.1588058122E+02
    10.60000000    0.1651184557E+00    0.1588388359E+02
    10.62000000    0.1641552734E+00    0.1588716669E+02
    10.64000000    0.1645543327E+00    0.1589045778E+02
    10.66000000    0.1653252438E+00    0.1589376428E+02
    10.68000000    0.1651468841E+00    0.1589706722E+02
    10.70000000    0.1632471661E+00    0.1590033216E+02
    10.72000000    0.1599706040E+00    0.1590353158E+02
    10.74000000    0.1566047978E+00    0.1590666367E+02
    10.76000000    0.1545558123E+00    0.1590975479E+02
    10.78000000    0.1544357102E+00    0.1591284350E+02
    10.80000000    0.1556934443E+00    0.1591595737E+02
    10.82000000    0.1570266292E+00    0.1591909790E+02
    10.84000000    0.1572546917E+00    0.1592224300E+02
    10.86000000    0.1560340102E+00    0.1592536368E+02
    10.88000000    0.1539618571E+00    0.1592844292E+02
    10.90000000    0.1520870490E+00    0.1593148466E+02
    10.92000000    0.1512404077E+00    0.1593450946E+02
    10.94000000    0.1516400787E+00    0.1593754227E+02
    10.96000000    0.1529491893E+00    0.1594060125E+02
    10.98000000    0.1546342823E+00    0.1594369394E+02
    11.00000000    0.1563365543E+00    0.1594682067E+02
    11.02000000    0.1580580626E+00    0.1594998183E+02
    11.04000000    0.1601372873E+00    0.1595318457E+02
    11.06000000    0.1630906842E+00    0.1595644639E+02
    11.08000000    0.1673948652E+00    0.1595979428E+02
    11.10000000    0.1732460415E+00    0.1596325921E+02
    11.12000000    0.1803303339E+00    0.1596686581E+02
    11.14000000    0.1876736522E+00    0.1597061928E+02
    11.16000000    0.1936620395E+00    0.1597449253E+02
    11.18000000    0.1962898132E+00    0.1597841832E+02
    11.20000000    0.1936101814E+00    0.1598229053E+02
    11.22000000    0.1842745823E+00    0.1598597602E+02
    11.24000000    0.1679934812E+00    0.1598933589E+02
    11.26000000    0.1457517017E+00    0.1599225092E+02
    11.28000000    0.1196713717E+00    0.1599464435E+02
    11.30000000    0.9253098122E-01    0.1599649497E+02
    11.32000000    0.6708727235E-01    0.1599783671E+02
    11.34000000    0.4543978254E-01    0.1599874551E+02
    11.36000000    0.2866140022E-01    0.1599931874E+02
    11.38000000    0.1679041690E-01    0.1599965455E+02
    11.40000000    0.9115062833E-02    0.1599983685E+02
    11.42000000    0.4577110110E-02    0.1599992839E+02
    11.44000000    0.2122748882E-02    0.1599997084E+02
    11.46000000    0.9081174872E-03    0.1599998901E+02
    11.48000000    0.3579968119E-03    0.1599999617E+02
    11.50000000    0.1299409324E-03    0.1599999876E+02
    11.52000000    0.4339518641E-04    0.1599999963E+02
    11.54000000    0.1332648160E-04    0.1599999990E+02
    11.56000000    0.3761472925E-05    0.1599999997E+02
    11.58000000    0.9754197852E-06    0.1599999999E+02
    11.60000000    0.2323086416E-06    0.1600000000E+02
    11.62000000    0.5079836566E-07    0.1600000000E+02
    11.64000000    0.1019606477E-07    0.1600000000E+02
    11.66000000    0.1878089444E-08    0.1600000000E+02
    11.68000000    0.3174060655E-09    0.1600000000E+02
    11.70000000    0.4921007086E-10    0.1600000000E+02
    11.72000000    0.6997867589E-11    0.1600000000E+02
    11.74000000    0.9126219172E-12    0.1600000000E+02
    11.76000000    0.1091380808E-12    0.1600000000E+02
    11.78000000    0.1196669585E-13    0.1600000000E+02
    11.80000000    0.1202933929E-14    0.1600000000E+02
    11.82000000    0.1108511303E-15    0.1600000000E+02
    11.84000000    0.9363414574E-17    0.1600000000E+02
    11.86000000    0.7249238234E-18    0.1600000000E+02
    11.88000000    0.5143818203E-19    0.1600000000E+02
    11.90000000    0.3344935045E-20    0.1600000000E+02
    11.92000000    0.1993309085E-21    0.1600000000E+02
    11.94000000    0.1088490408E-22    0.1600000000E+02
    11.96000000    0.5446500691E-24    0.1600000000E+02
    11.98000000    0.2497095763E-25    0.1600000000E+02
    12.00000000    0.1048964315E-26    0.1600000000E+02
    12.02000000    0.4037185391E-28    0.1600000000E+02
    12.04000000    0.1423557334E-29    0.1600000000E+02
    12.06000000    0.4598714882E-31    0.1600000000E+02
    12.08000000    0.1360978438E-32    0.1600000000E+02
    12.10000000    0.3689845370E-34    0.1600000000E+02
    12.12000000    0.9164252007E-36    0.1600000000E+02
    12.14000000    0.2085011060E-37    0.1600000000E+02
    12.16000000    0.4345436833E-39    0.1600000000E+02
    12.18000000    0.8295912410E-41    0.1600000000E+02
    12.20000000    0.1450751415E-42    0.1600000000E+02
    12.22000000    0.2323876284E-44    0.1600000000E+02
    12.24000000    0.3409711862E-46    0.1600000000E+02
    12.26000000    0.4582484479E-48    0.1600000000E+02
    12.28000000    0.5641016270E-50    0.1600000000E+02
    12.30000000    0.6360356931E-52    0.1600000000E+02
    12.32000000    0.6568534926E-54    0.1600000000E+02
    12.34000000    0.6213178743E-56    0.1600000000E+02
    12.36000000    0.5382861424E-58    0.1600000000E+02
    12.38000000    0.4271324256E-60    0.1600000000E+02
    12.40000000    0.3104260014E-62    0.1600000000E+02
    12.42000000    0.2066313833E-64    0.1600000000E+02
    12.44000000    0.1259719232E-66    0.1600000000E+02
    12.46000000    0.7033756781E-69    0.1600000000E+02
    12.48000000    0.3596947016E-71    0.1600000000E+02
    12.50000000    0.1684655068E-73    0.1600000000E+02
    12.52000000    0.7226291860E-76    0.1600000000E+02
    12.54000000    0.2838867862E-78    0.1600000000E+02
    12.56000000    0.1021533670E-80    0.1600000000E+02
    12.58000000    0.3496715174E-83    0.1600000000E+02
    12.60000000    0.1412625034E-84    0.1600000000E+02
    12.62000000    0.1311793264E-84    0.1600000000E+02
    12.64000000    0.1311686215E-84    0.1600000000E+02
    12.66000000    0.1311686215E-84    0.1600000000E+02
    12.68000000    0.1311686215E-84    0.1600000000E+02
    12.70000000    0.1311686215E-84    0.1600000000E+02
    12.72000000    0.1311686215E-84    0.1600000000E+02
    12.74000000    0.1311686215E-84    0.1600000000E+02
    12.76000000    0.1311686215E-84    0.1600000000E+02
    12.78000000    0.1311686215E-84    0.1600000000E+02
    12.80000000    0.1311686215E-84    0.1600000000E+02
    12.82000000    0.1311686215E-84    0.1600000000E+02
    12.84000000    0.1311686215E-84    0.1600000000E+02
    12.86000000    0.1311686215E-84    0.1600000000E+02
    12.88000000    0.1311686215E-84    0.1600000000E+02
    12.90000000    0.1311686215E-84    0.1600000000E+02
    12.92000000    0.1311686215E-84    0.1600000000E+02
    12.94000000    0.1311686215E-84    0.1600000000E+02
    12.96000000    0.1311686215E-84    0.1600000000E+02
    12.98000000    0.1311686215E-84    0.1600000000E+02
    13.00000000    0.1311686215E-84    0.1600000000E+02
    13.02000000    0.1311686215E-84    0.1600000000E+02
    13.04000000    0.1311686215E-84    0.1600000000E+02
    13.06000000    0.1311686215E-84    0.1600000000E+02
    13.08000000    0.1311686215E-84    0.1600000000E+02
    13.10000000    0.1311686215E-84    0.1600000000E+02
    13.12000000    0.1311686215E-84    0.1600000000E+02
    13.14000000    0.1311686215E-84    0.1600000000E+02
    13.16000000    0.1311686215E-84    0.1600000000E+02
    13.18000000    0.1311686215E-84    0.1600000000E+02
    13.20000000    0.1311686215E-84    0.1600000000E+02
    13.22000000    0.1311686215E-84    0.1600000000E+02
    13.24000000    0.1311686215E-84    0.1600000000E+02
    13.26000000    0.1311686215E-84    0.1600000000E+02
    13.28000000    0.1311686215E-84    0.1600000000E+02
    13.30000000    0.1311686215E-84    0.1600000000E+02
    13.32000000    0.1311686215E-84    0.1600000000E+02
    13.34000000    0.1311686215E-84    0.1600000000E+02
    13.36000000    0.1311686215E-84    0.1600000000E+02
    13.38000000    0.1311686215E-84    0.1600000000E+02
    13.40000000    0.1311686215E-84    0.1600000000E+02
    13.42000000    0.1311686215E-84    0.1600000000E+02
    13.44000000    0.1311686215E-84    0.1600000000E+02
    13.46000000    0.1311686215E-84    0.1600000000E+02
    13.48000000    0.1311686215E-84    0.1600000000E+02
    13.50000000    0.1311686215E-84    0.1600000000E+02
    13.52000000    0.1311686215E-84    0.1600000000E+02
    13.54000000    0.1311686215E-84    0.1600000000E+02
    13.56000000    0.1311686215E-84    0.1600000000E+02
    13.58000000    0.1311686215E-84    0.1600000000E+02
    13.60000000    0.1311686215E-84    0.1600000000E+02
    13.62000000    0.1311686215E-84    0.1600000000E+02
    13.64000000    0.1311686215E-84    0.1600000000E+02
    13.66000000    0.1311686215E-84    0.1600000000E+02
    13.68000000    0.1311686215E-84    0.1600000000E+02
    13.70000000    0.1311686215E-84    0.1600000000E+02
    13.72000000    0.1311686215E-84    0.1600000000E+02
    13.74000000    0.1311686215E-84    0.1600000000E+02
    13.76000000    0.1311686215E-84    0.1600000000E+02
    13.78000000    0.1311686215E-84    0.1600000000E+02
    13.80000000    0.1311686215E-84    0.1600000000E+02
    13.82000000    0.1311686215E-84    0.1600000000E+02
    13.84000000    0.1311686215E-84    0.1600000000E+02
    13.86000000    0.1311686215E-84    0.1600000000E+02
    13.88000000    0.1311686215E-84    0.1600000000E+02
    13.90000000    0.1311686215E-84    0.1600000000E+02
    13.92000000    0.1311686215E-84    0.1600000000E+02
    13.94000000    0.1311686215E-84    0.1600000000E+02
    13.96000000    0.1311686215E-84    0.1600000000E+02
    13.98000000    0.1311686215E-84    0.1600000000E+02
    14.00000000    0.1311686215E-84    0.1600000000E+02
    14.02000000    0.1311686215E-84    0.1600000000E+02
    14.04000000    0.1311686215E-84    0.1600000000E+02
    14.06000000    0.1311686215E-84    0.1600000000E+02
    14.08000000    0.1311686215E-84    0.1600000000E+02
    14.10000000    0.1311686215E-84    0.1600000000E+02
    14.12000000    0.1311686215E-84    0.1600000000E+02
    14.14000000    0.1311686215E-84    0.1600000000E+02
    14.16000000    0.1311686215E-84    0.1600000000E+02
    14.18000000    0.1311686215E-84    0.1600000000E+02
    14.20000000    0.1311686215E-84    0.1600000000E+02
    14.22000000    0.1311686215E-84    0.1600000000E+02
    14.24000000    0.1311686215E-84    0.1600000000E+02
    14.26000000    0.1311686215E-84    0.1600000000E+02
    14.28000000    0.1311686215E-84    0.1600000000E+02
    14.30000000    0.1311686215E-84    0.1600000000E+02
    14.32000000    0.1311686215E-84    0.1600000000E+02
    14.34000000    0.1311686215E-84    0.1600000000E+02
    14.36000000    0.1311686215E-84    0.1600000000E+02
    14.38000000    0.1311686215E-84    0.1600000000E+02
    14.40000000    0.1311686215E-84    0.1600000000E+02
    14.42000000    0.1311686215E-84    0.1600000000E+02
    14.44000000    0.1311686215E-84    0.1600000000E+02
    14.46000000    0.1311686215E-84    0.1600000000E+02
    14.48000000    0.1311686215E-84    0.1600000000E+02
    14.50000000    0.1311686215E-84    0.1600000000E+02
    14.52000000    0.1311686215E-84    0.1600000000E+02
    14.54000000    0.1311686215E-84    0.1600000000E+02
    14.56000000    0.1311686215E-84    0.1600000000E+02
    14.58000000    0.1311686215E-84    0.1600000000E+02
    14.60000000    0.1311686215E-84    0.1600000000E+02
    14.62000000    0.1311686215E-84    0.1600000000E+02
    14.64000000    0.1311686215E-84    0.1600000000E+02
    14.66000000    0.1311686215E-84    0.1600000000E+02
    14.68000000    0.1311686215E-84    0.1600000000E+02
    14.70000000    0.1311686215E-84    0.1600000000E+02
    14.72000000    0.1311686215E-84    0.1600000000E+02
    14.74000000    0.1311686215E-84    0.1600000000E+02
    14.76000000    0.1311686215E-84    0.1600000000E+02
    14.78000000    0.1311686215E-84    0.1600000000E+02
    14.80000000    0.1311686215E-84    0.1600000000E+02
    14.82000000    0.1311686215E-84    0.1600000000E+02
    14.84000000    0.1311686215E-84    0.1600000000E+02
    14.86000000    0.1311686215E-84    0.1600000000E+02
    14.88000000    0.1311686215E-84    0.1600000000E+02
    14.90000000    0.1311686215E-84    0.1600000000E+02
    14.92000000    0.1311686215E-84    0.1600000000E+02
    14.94000000    0.1311686215E-84    0.1600000000E+02
    14.96000000    0.1311686215E-84    0.1600000000E+02
    14.98000000    0.1311686215E-84    0.1600000000E+02
    15.00000000    0.1311686215E-84    0.1600000000E+02
