 &plot nbnd=   8, nks=  3001 /
            0.333333  0.577350  0.000000
  -14.331  -14.331  -12.286   -1.724   -1.724    8.891   11.144   11.144
            0.333000  0.576773  0.000000
  -14.337  -14.324  -12.286   -1.733   -1.714    8.891   11.141   11.148
            0.332667  0.576196  0.000000
  -14.344  -14.317  -12.286   -1.742   -1.705    8.891   11.138   11.151
            0.332333  0.575618  0.000000
  -14.351  -14.310  -12.286   -1.752   -1.696    8.891   11.134   11.154
            0.332000  0.575041  0.000000
  -14.358  -14.304  -12.286   -1.761   -1.687    8.891   11.130   11.157
            0.331667  0.574464  0.000000
  -14.365  -14.297  -12.285   -1.770   -1.677    8.891   11.125   11.160
            0.331333  0.573886  0.000000
  -14.372  -14.290  -12.284   -1.780   -1.668    8.891   11.121   11.163
            0.331000  0.573309  0.000000
  -14.379  -14.283  -12.284   -1.789   -1.658    8.891   11.116   11.166
            0.330667  0.572731  0.000000
  -14.387  -14.277  -12.283   -1.799   -1.649    8.892   11.111   11.169
            0.330333  0.572154  0.000000
  -14.394  -14.270  -12.282   -1.808   -1.640    8.892   11.105   11.172
            0.330000  0.571577  0.000000
  -14.402  -14.263  -12.281   -1.818   -1.630    8.892   11.100   11.175
            0.329667  0.570999  0.000000
  -14.409  -14.256  -12.280   -1.827   -1.621    8.893   11.094   11.178
            0.329333  0.570422  0.000000
  -14.417  -14.249  -12.279   -1.837   -1.611    8.893   11.088   11.181
            0.329000  0.569845  0.000000
  -14.424  -14.243  -12.278   -1.846   -1.602    8.893   11.081   11.184
            0.328667  0.569267  0.000000
  -14.432  -14.236  -12.276   -1.856   -1.592    8.894   11.075   11.186
            0.328333  0.568690  0.000000
  -14.440  -14.229  -12.275   -1.865   -1.583    8.894   11.068   11.189
            0.328000  0.568113  0.000000
  -14.448  -14.222  -12.273   -1.875   -1.573    8.895   11.061   11.192
            0.327667  0.567535  0.000000
  -14.456  -14.215  -12.272   -1.885   -1.564    8.895   11.054   11.194
            0.327333  0.566958  0.000000
  -14.464  -14.208  -12.270   -1.894   -1.554    8.896   11.046   11.197
            0.327000  0.566381  0.000000
  -14.472  -14.201  -12.268   -1.904   -1.545    8.897   11.038   11.200
            0.326667  0.565803  0.000000
  -14.481  -14.194  -12.266   -1.914   -1.535    8.897   11.030   11.202
            0.326333  0.565226  0.000000
  -14.489  -14.187  -12.264   -1.923   -1.525    8.898   11.022   11.205
            0.326000  0.564649  0.000000
  -14.497  -14.181  -12.262   -1.933   -1.516    8.899   11.013   11.207
            0.325667  0.564071  0.000000
  -14.506  -14.174  -12.260   -1.943   -1.506    8.899   11.005   11.209
            0.325333  0.563494  0.000000
  -14.514  -14.167  -12.258   -1.953   -1.496    8.900   10.996   11.212
            0.325000  0.562917  0.000000
  -14.523  -14.160  -12.255   -1.962   -1.487    8.901   10.987   11.214
            0.324667  0.562339  0.000000
  -14.531  -14.153  -12.253   -1.972   -1.477    8.902   10.977   11.216
            0.324333  0.561762  0.000000
  -14.540  -14.146  -12.250   -1.982   -1.467    8.903   10.968   11.219
            0.324000  0.561184  0.000000
  -14.549  -14.139  -12.248   -1.992   -1.458    8.903   10.958   11.221
            0.323667  0.560607  0.000000
  -14.557  -14.131  -12.245   -2.002   -1.448    8.904   10.948   11.223
            0.323333  0.560030  0.000000
  -14.566  -14.124  -12.242   -2.012   -1.438    8.905   10.938   11.225
            0.323000  0.559452  0.000000
  -14.575  -14.117  -12.240   -2.022   -1.428    8.906   10.928   11.227
            0.322667  0.558875  0.000000
  -14.584  -14.110  -12.237   -2.032   -1.419    8.907   10.917   11.229
            0.322333  0.558298  0.000000
  -14.593  -14.103  -12.234   -2.042   -1.409    8.908   10.907   11.231
            0.322000  0.557720  0.000000
  -14.602  -14.096  -12.231   -2.052   -1.399    8.909   10.896   11.233
            0.321667  0.557143  0.000000
  -14.611  -14.089  -12.228   -2.062   -1.389    8.910   10.885   11.235
            0.321333  0.556566  0.000000
  -14.621  -14.082  -12.224   -2.072   -1.379    8.911   10.873   11.237
            0.321000  0.555988  0.000000
  -14.630  -14.075  -12.221   -2.082   -1.369    8.912   10.862   11.239
            0.320667  0.555411  0.000000
  -14.639  -14.067  -12.218   -2.092   -1.359    8.913   10.850   11.240
            0.320333  0.554834  0.000000
  -14.649  -14.060  -12.214   -2.102   -1.349    8.915   10.839   11.242
            0.320000  0.554256  0.000000
  -14.658  -14.053  -12.211   -2.112   -1.340    8.916   10.827   11.244
            0.319667  0.553679  0.000000
  -14.667  -14.046  -12.207   -2.122   -1.330    8.917   10.815   11.246
            0.319333  0.553102  0.000000
  -14.677  -14.039  -12.204   -2.132   -1.320    8.918   10.803   11.247
            0.319000  0.552524  0.000000
  -14.687  -14.031  -12.200   -2.142   -1.310    8.919   10.790   11.249
            0.318667  0.551947  0.000000
  -14.696  -14.024  -12.196   -2.153   -1.300    8.921   10.778   11.250
            0.318333  0.551370  0.000000
  -14.706  -14.017  -12.192   -2.163   -1.290    8.922   10.765   11.252
            0.318000  0.550792  0.000000
  -14.715  -14.010  -12.188   -2.173   -1.280    8.923   10.752   11.253
            0.317667  0.550215  0.000000
  -14.725  -14.002  -12.185   -2.183   -1.270    8.924   10.740   11.255
            0.317333  0.549637  0.000000
  -14.735  -13.995  -12.181   -2.193   -1.259    8.926   10.727   11.256
            0.317000  0.549060  0.000000
  -14.745  -13.988  -12.176   -2.204   -1.249    8.927   10.713   11.257
            0.316667  0.548483  0.000000
  -14.755  -13.981  -12.172   -2.214   -1.239    8.928   10.700   11.258
            0.316333  0.547905  0.000000
  -14.765  -13.973  -12.168   -2.224   -1.229    8.930   10.687   11.260
            0.316000  0.547328  0.000000
  -14.774  -13.966  -12.164   -2.235   -1.219    8.931   10.673   11.261
            0.315667  0.546751  0.000000
  -14.784  -13.959  -12.160   -2.245   -1.209    8.933   10.660   11.262
            0.315333  0.546173  0.000000
  -14.794  -13.951  -12.155   -2.255   -1.199    8.934   10.646   11.263
            0.315000  0.545596  0.000000
  -14.804  -13.944  -12.151   -2.266   -1.189    8.935   10.632   11.264
            0.314667  0.545019  0.000000
  -14.815  -13.936  -12.146   -2.276   -1.178    8.937   10.618   11.265
            0.314333  0.544441  0.000000
  -14.825  -13.929  -12.142   -2.286   -1.168    8.938   10.604   11.266
            0.314000  0.543864  0.000000
  -14.835  -13.922  -12.137   -2.297   -1.158    8.940   10.590   11.267
            0.313667  0.543287  0.000000
  -14.845  -13.914  -12.132   -2.307   -1.148    8.941   10.576   11.268
            0.313333  0.542709  0.000000
  -14.855  -13.907  -12.128   -2.318   -1.137    8.943   10.562   11.269
            0.313000  0.542132  0.000000
  -14.866  -13.899  -12.123   -2.328   -1.127    8.944   10.547   11.270
            0.312667  0.541555  0.000000
  -14.876  -13.892  -12.118   -2.339   -1.117    8.946   10.533   11.270
            0.312333  0.540977  0.000000
  -14.886  -13.884  -12.113   -2.349   -1.107    8.947   10.518   11.271
            0.312000  0.540400  0.000000
  -14.897  -13.877  -12.108   -2.360   -1.096    8.949   10.504   11.272
            0.311667  0.539823  0.000000
  -14.907  -13.869  -12.103   -2.370   -1.086    8.951   10.489   11.273
            0.311333  0.539245  0.000000
  -14.917  -13.862  -12.098   -2.381   -1.076    8.952   10.474   11.273
            0.311000  0.538668  0.000000
  -14.928  -13.854  -12.093   -2.391   -1.065    8.954   10.460   11.274
            0.310667  0.538090  0.000000
  -14.938  -13.847  -12.088   -2.402   -1.055    8.955   10.445   11.274
            0.310333  0.537513  0.000000
  -14.949  -13.839  -12.083   -2.413   -1.044    8.957   10.430   11.275
            0.310000  0.536936  0.000000
  -14.959  -13.832  -12.078   -2.423   -1.034    8.958   10.415   11.275
            0.309667  0.536358  0.000000
  -14.970  -13.824  -12.073   -2.434   -1.023    8.960   10.399   11.276
            0.309333  0.535781  0.000000
  -14.980  -13.816  -12.067   -2.444   -1.013    8.962   10.384   11.276
            0.309000  0.535204  0.000000
  -14.991  -13.809  -12.062   -2.455   -1.003    8.963   10.369   11.276
            0.308667  0.534626  0.000000
  -15.002  -13.801  -12.057   -2.466   -0.992    8.965   10.354   11.276
            0.308333  0.534049  0.000000
  -15.012  -13.794  -12.051   -2.476   -0.982    8.966   10.338   11.277
            0.308000  0.533472  0.000000
  -15.023  -13.786  -12.046   -2.487   -0.971    8.968   10.323   11.277
            0.307667  0.532894  0.000000
  -15.034  -13.778  -12.040   -2.498   -0.961    8.970   10.307   11.277
            0.307333  0.532317  0.000000
  -15.044  -13.771  -12.035   -2.509   -0.950    8.971   10.292   11.277
            0.307000  0.531740  0.000000
  -15.055  -13.763  -12.029   -2.519   -0.939    8.973   10.276   11.277
            0.306667  0.531162  0.000000
  -15.066  -13.755  -12.023   -2.530   -0.929    8.974   10.261   11.277
            0.306333  0.530585  0.000000
  -15.077  -13.747  -12.018   -2.541   -0.918    8.976   10.245   11.277
            0.306000  0.530008  0.000000
  -15.087  -13.740  -12.012   -2.552   -0.908    8.978   10.229   11.277
            0.305667  0.529430  0.000000
  -15.098  -13.732  -12.006   -2.562   -0.897    8.979   10.214   11.277
            0.305333  0.528853  0.000000
  -15.109  -13.724  -12.000   -2.573   -0.886    8.981   10.198   11.277
            0.305000  0.528275  0.000000
  -15.120  -13.716  -11.994   -2.584   -0.876    8.982   10.182   11.277
            0.304667  0.527698  0.000000
  -15.131  -13.709  -11.989   -2.595   -0.865    8.984   10.166   11.277
            0.304333  0.527121  0.000000
  -15.142  -13.701  -11.983   -2.606   -0.854    8.985   10.150   11.276
            0.304000  0.526543  0.000000
  -15.153  -13.693  -11.977   -2.617   -0.844    8.987   10.134   11.276
            0.303667  0.525966  0.000000
  -15.164  -13.685  -11.971   -2.627   -0.833    8.989   10.118   11.276
            0.303333  0.525389  0.000000
  -15.175  -13.677  -11.965   -2.638   -0.822    8.990   10.102   11.275
            0.303000  0.524811  0.000000
  -15.186  -13.670  -11.959   -2.649   -0.811    8.992   10.086   11.275
            0.302667  0.524234  0.000000
  -15.197  -13.662  -11.952   -2.660   -0.801    8.993   10.070   11.275
            0.302333  0.523657  0.000000
  -15.208  -13.654  -11.946   -2.671   -0.790    8.995   10.054   11.274
            0.302000  0.523079  0.000000
  -15.219  -13.646  -11.940   -2.682   -0.779    8.996   10.038   11.274
            0.301667  0.522502  0.000000
  -15.230  -13.638  -11.934   -2.693   -0.768    8.997   10.021   11.273
            0.301333  0.521925  0.000000
  -15.241  -13.630  -11.928   -2.704   -0.757    8.999   10.005   11.273
            0.301000  0.521347  0.000000
  -15.252  -13.622  -11.921   -2.715   -0.746    9.000    9.989   11.272
            0.300667  0.520770  0.000000
  -15.263  -13.614  -11.915   -2.726   -0.736    9.002    9.973   11.271
            0.300333  0.520193  0.000000
  -15.274  -13.606  -11.909   -2.737   -0.725    9.003    9.956   11.271
            0.300000  0.519615  0.000000
  -15.285  -13.599  -11.902   -2.748   -0.714    9.004    9.940   11.270
            0.299667  0.519038  0.000000
  -15.296  -13.591  -11.896   -2.759   -0.703    9.006    9.924   11.269
            0.299333  0.518461  0.000000
  -15.307  -13.583  -11.889   -2.770   -0.692    9.007    9.907   11.268
            0.299000  0.517883  0.000000
  -15.318  -13.575  -11.883   -2.781   -0.681    9.008    9.891   11.268
            0.298667  0.517306  0.000000
  -15.329  -13.567  -11.876   -2.792   -0.670    9.009    9.874   11.267
            0.298333  0.516728  0.000000
  -15.341  -13.559  -11.870   -2.803   -0.659    9.010    9.858   11.266
            0.298000  0.516151  0.000000
  -15.352  -13.551  -11.863   -2.814   -0.648    9.012    9.841   11.265
            0.297667  0.515574  0.000000
  -15.363  -13.543  -11.856   -2.825   -0.637    9.013    9.825   11.264
            0.297333  0.514996  0.000000
  -15.374  -13.534  -11.850   -2.836   -0.626    9.014    9.809   11.263
            0.297000  0.514419  0.000000
  -15.385  -13.526  -11.843   -2.847   -0.615    9.015    9.792   11.262
            0.296667  0.513842  0.000000
  -15.397  -13.518  -11.836   -2.858   -0.604    9.016    9.775   11.261
            0.296333  0.513264  0.000000
  -15.408  -13.510  -11.830   -2.870   -0.593    9.017    9.759   11.260
            0.296000  0.512687  0.000000
  -15.419  -13.502  -11.823   -2.881   -0.582    9.018    9.742   11.258
            0.295667  0.512110  0.000000
  -15.430  -13.494  -11.816   -2.892   -0.571    9.019    9.726   11.257
            0.295333  0.511532  0.000000
  -15.441  -13.486  -11.809   -2.903   -0.559    9.019    9.709   11.256
            0.295000  0.510955  0.000000
  -15.453  -13.478  -11.802   -2.914   -0.548    9.020    9.693   11.255
            0.294667  0.510378  0.000000
  -15.464  -13.470  -11.795   -2.925   -0.537    9.021    9.676   11.257
            0.294333  0.509800  0.000000
  -15.475  -13.461  -11.789   -2.936   -0.526    9.022    9.659   11.245
            0.294000  0.509223  0.000000
  -15.487  -13.453  -11.782   -2.948   -0.515    9.022    9.643   11.228
            0.293667  0.508646  0.000000
  -15.498  -13.445  -11.775   -2.959   -0.504    9.023    9.626   11.211
            0.293333  0.508068  0.000000
  -15.509  -13.437  -11.768   -2.970   -0.492    9.023    9.609   11.194
            0.293000  0.507491  0.000000
  -15.520  -13.429  -11.761   -2.981   -0.481    9.024    9.593   11.177
            0.292667  0.506914  0.000000
  -15.532  -13.420  -11.754   -2.992   -0.470    9.024    9.576   11.159
            0.292333  0.506336  0.000000
  -15.543  -13.412  -11.746   -3.004   -0.459    9.025    9.559   11.142
            0.292000  0.505759  0.000000
  -15.554  -13.404  -11.739   -3.015   -0.447    9.025    9.543   11.125
            0.291667  0.505181  0.000000
  -15.566  -13.396  -11.732   -3.026   -0.436    9.025    9.526   11.107
            0.291333  0.504604  0.000000
  -15.577  -13.387  -11.725   -3.037   -0.425    9.025    9.509   11.090
            0.291000  0.504027  0.000000
  -15.588  -13.379  -11.718   -3.049   -0.414    9.025    9.493   11.072
            0.290667  0.503449  0.000000
  -15.600  -13.371  -11.711   -3.060   -0.402    9.025    9.476   11.055
            0.290333  0.502872  0.000000
  -15.611  -13.362  -11.703   -3.071   -0.391    9.025    9.459   11.037
            0.290000  0.502295  0.000000
  -15.622  -13.354  -11.696   -3.082   -0.379    9.025    9.442   11.019
            0.289667  0.501717  0.000000
  -15.634  -13.346  -11.689   -3.094   -0.368    9.025    9.426   11.002
            0.289333  0.501140  0.000000
  -15.645  -13.337  -11.682   -3.105   -0.357    9.025    9.409   10.984
            0.289000  0.500563  0.000000
  -15.656  -13.329  -11.674   -3.116   -0.345    9.025    9.392   10.966
            0.288667  0.499985  0.000000
  -15.668  -13.321  -11.667   -3.128   -0.334    9.024    9.376   10.948
            0.288333  0.499408  0.000000
  -15.679  -13.312  -11.659   -3.139   -0.322    9.024    9.359   10.931
            0.288000  0.498831  0.000000
  -15.690  -13.304  -11.652   -3.150   -0.311    9.023    9.342   10.913
            0.287667  0.498253  0.000000
  -15.702  -13.296  -11.645   -3.162   -0.299    9.022    9.325   10.895
            0.287333  0.497676  0.000000
  -15.713  -13.287  -11.637   -3.173   -0.288    9.022    9.309   10.877
            0.287000  0.497099  0.000000
  -15.724  -13.279  -11.630   -3.184   -0.276    9.021    9.292   10.859
            0.286667  0.496521  0.000000
  -15.736  -13.270  -11.622   -3.196   -0.265    9.020    9.275   10.842
            0.286333  0.495944  0.000000
  -15.747  -13.262  -11.615   -3.207   -0.253    9.019    9.258   10.824
            0.286000  0.495367  0.000000
  -15.758  -13.253  -11.607   -3.218   -0.242    9.018    9.242   10.806
            0.285667  0.494789  0.000000
  -15.770  -13.245  -11.600   -3.230   -0.230    9.016    9.225   10.788
            0.285333  0.494212  0.000000
  -15.781  -13.236  -11.592   -3.241   -0.219    9.015    9.208   10.770
            0.285000  0.493634  0.000000
  -15.793  -13.228  -11.584   -3.252   -0.207    9.014    9.191   10.752
            0.284667  0.493057  0.000000
  -15.804  -13.219  -11.577   -3.264   -0.196    9.012    9.175   10.734
            0.284333  0.492480  0.000000
  -15.815  -13.211  -11.569   -3.275   -0.184    9.010    9.158   10.716
            0.284000  0.491902  0.000000
  -15.827  -13.202  -11.561   -3.287   -0.172    9.009    9.141   10.699
            0.283667  0.491325  0.000000
  -15.838  -13.194  -11.554   -3.298   -0.161    9.007    9.124   10.681
            0.283333  0.490748  0.000000
  -15.849  -13.185  -11.546   -3.309   -0.149    9.005    9.108   10.663
            0.283000  0.490170  0.000000
  -15.861  -13.176  -11.538   -3.321   -0.137    9.003    9.091   10.645
            0.282667  0.489593  0.000000
  -15.872  -13.168  -11.530   -3.332   -0.126    9.000    9.074   10.627
            0.282333  0.489016  0.000000
  -15.883  -13.159  -11.523   -3.344   -0.114    8.998    9.058   10.609
            0.282000  0.488438  0.000000
  -15.895  -13.151  -11.515   -3.355   -0.102    8.996    9.041   10.592
            0.281667  0.487861  0.000000
  -15.906  -13.142  -11.507   -3.367   -0.090    8.993    9.024   10.574
            0.281333  0.487284  0.000000
  -15.918  -13.133  -11.499   -3.378   -0.079    8.991    9.007   10.556
            0.281000  0.486706  0.000000
  -15.929  -13.125  -11.491   -3.389   -0.067    8.988    8.991   10.538
            0.280667  0.486129  0.000000
  -15.940  -13.116  -11.483   -3.401   -0.055    8.974    8.985   10.520
            0.280333  0.485552  0.000000
  -15.952  -13.107  -11.476   -3.412   -0.043    8.957    8.982   10.503
            0.280000  0.484974  0.000000
  -15.963  -13.099  -11.468   -3.424   -0.031    8.941    8.979   10.485
            0.279667  0.484397  0.000000
  -15.974  -13.090  -11.460   -3.435   -0.020    8.924    8.975   10.467
            0.279333  0.483820  0.000000
  -15.986  -13.081  -11.452   -3.447   -0.008    8.907    8.972   10.449
            0.279000  0.483242  0.000000
  -15.997  -13.072  -11.444   -3.458    0.004    8.891    8.968   10.431
            0.278667  0.482665  0.000000
  -16.008  -13.064  -11.436   -3.470    0.016    8.874    8.965   10.414
            0.278333  0.482087  0.000000
  -16.020  -13.055  -11.428   -3.481    0.028    8.857    8.961   10.396
            0.278000  0.481510  0.000000
  -16.031  -13.046  -11.420   -3.493    0.040    8.841    8.957   10.378
            0.277667  0.480933  0.000000
  -16.042  -13.037  -11.412   -3.504    0.052    8.824    8.953   10.361
            0.277333  0.480355  0.000000
  -16.054  -13.029  -11.404   -3.516    0.064    8.807    8.949   10.343
            0.277000  0.479778  0.000000
  -16.065  -13.020  -11.395   -3.527    0.076    8.791    8.944   10.325
            0.276667  0.479201  0.000000
  -16.076  -13.011  -11.387   -3.539    0.088    8.774    8.940   10.308
            0.276333  0.478623  0.000000
  -16.088  -13.002  -11.379   -3.550    0.099    8.758    8.935   10.290
            0.276000  0.478046  0.000000
  -16.099  -12.993  -11.371   -3.562    0.111    8.741    8.930   10.272
            0.275667  0.477469  0.000000
  -16.110  -12.984  -11.363   -3.573    0.123    8.724    8.925   10.255
            0.275333  0.476891  0.000000
  -16.122  -12.976  -11.355   -3.585    0.136    8.708    8.920   10.237
            0.275000  0.476314  0.000000
  -16.133  -12.967  -11.346   -3.596    0.148    8.691    8.915   10.220
            0.274667  0.475737  0.000000
  -16.144  -12.958  -11.338   -3.608    0.160    8.675    8.910   10.202
            0.274333  0.475159  0.000000
  -16.156  -12.949  -11.330   -3.619    0.172    8.658    8.904   10.184
            0.274000  0.474582  0.000000
  -16.167  -12.940  -11.322   -3.631    0.184    8.642    8.899   10.167
            0.273667  0.474005  0.000000
  -16.178  -12.931  -11.313   -3.642    0.196    8.625    8.893   10.149
            0.273333  0.473427  0.000000
  -16.190  -12.922  -11.305   -3.654    0.208    8.609    8.887   10.132
            0.273000  0.472850  0.000000
  -16.201  -12.913  -11.297   -3.665    0.220    8.592    8.881   10.114
            0.272667  0.472273  0.000000
  -16.212  -12.904  -11.289   -3.677    0.232    8.576    8.875   10.097
            0.272333  0.471695  0.000000
  -16.223  -12.895  -11.280   -3.688    0.244    8.559    8.869   10.079
            0.272000  0.471118  0.000000
  -16.235  -12.886  -11.272   -3.700    0.256    8.543    8.862   10.062
            0.271667  0.470540  0.000000
  -16.246  -12.877  -11.263   -3.711    0.269    8.526    8.855   10.045
            0.271333  0.469963  0.000000
  -16.257  -12.868  -11.255   -3.723    0.281    8.510    8.849   10.027
            0.271000  0.469386  0.000000
  -16.269  -12.859  -11.247   -3.734    0.293    8.493    8.842   10.010
            0.270667  0.468808  0.000000
  -16.280  -12.850  -11.238   -3.746    0.305    8.477    8.835    9.992
            0.270333  0.468231  0.000000
  -16.291  -12.841  -11.230   -3.757    0.318    8.460    8.828    9.975
            0.270000  0.467654  0.000000
  -16.302  -12.832  -11.221   -3.769    0.330    8.444    8.821    9.958
            0.269667  0.467076  0.000000
  -16.314  -12.823  -11.213   -3.781    0.342    8.427    8.813    9.940
            0.269333  0.466499  0.000000
  -16.325  -12.814  -11.204   -3.792    0.354    8.411    8.806    9.923
            0.269000  0.465922  0.000000
  -16.336  -12.805  -11.196   -3.804    0.367    8.395    8.798    9.906
            0.268667  0.465344  0.000000
  -16.347  -12.796  -11.187   -3.815    0.379    8.378    8.790    9.888
            0.268333  0.464767  0.000000
  -16.359  -12.786  -11.179   -3.827    0.391    8.362    8.782    9.871
            0.268000  0.464190  0.000000
  -16.370  -12.777  -11.170   -3.838    0.404    8.346    8.774    9.854
            0.267667  0.463612  0.000000
  -16.381  -12.768  -11.162   -3.850    0.416    8.329    8.766    9.837
            0.267333  0.463035  0.000000
  -16.392  -12.759  -11.153   -3.861    0.428    8.313    8.758    9.820
            0.267000  0.462458  0.000000
  -16.403  -12.750  -11.144   -3.873    0.441    8.297    8.749    9.802
            0.266667  0.461880  0.000000
  -16.415  -12.741  -11.136   -3.884    0.453    8.280    8.741    9.785
            0.266333  0.461303  0.000000
  -16.426  -12.731  -11.127   -3.896    0.465    8.264    8.732    9.768
            0.266000  0.460726  0.000000
  -16.437  -12.722  -11.119   -3.907    0.478    8.248    8.723    9.751
            0.265667  0.460148  0.000000
  -16.448  -12.713  -11.110   -3.919    0.490    8.232    8.714    9.734
            0.265333  0.459571  0.000000
  -16.459  -12.704  -11.101   -3.931    0.503    8.215    8.705    9.717
            0.265000  0.458993  0.000000
  -16.470  -12.695  -11.093   -3.942    0.515    8.199    8.696    9.700
            0.264667  0.458416  0.000000
  -16.482  -12.685  -11.084   -3.954    0.528    8.183    8.687    9.683
            0.264333  0.457839  0.000000
  -16.493  -12.676  -11.075   -3.965    0.540    8.167    8.678    9.666
            0.264000  0.457261  0.000000
  -16.504  -12.667  -11.066   -3.977    0.553    8.150    8.668    9.649
            0.263667  0.456684  0.000000
  -16.515  -12.657  -11.058   -3.988    0.565    8.134    8.659    9.632
            0.263333  0.456107  0.000000
  -16.526  -12.648  -11.049   -4.000    0.578    8.118    8.649    9.615
            0.263000  0.455529  0.000000
  -16.537  -12.639  -11.040   -4.011    0.590    8.102    8.639    9.598
            0.262667  0.454952  0.000000
  -16.548  -12.630  -11.031   -4.023    0.603    8.086    8.629    9.581
            0.262333  0.454375  0.000000
  -16.560  -12.620  -11.023   -4.034    0.615    8.070    8.619    9.564
            0.262000  0.453797  0.000000
  -16.571  -12.611  -11.014   -4.046    0.628    8.054    8.609    9.547
            0.261667  0.453220  0.000000
  -16.582  -12.602  -11.005   -4.057    0.640    8.037    8.599    9.530
            0.261333  0.452643  0.000000
  -16.593  -12.592  -10.996   -4.069    0.653    8.021    8.589    9.513
            0.261000  0.452065  0.000000
  -16.604  -12.583  -10.987   -4.081    0.666    8.005    8.579    9.496
            0.260667  0.451488  0.000000
  -16.615  -12.573  -10.978   -4.092    0.678    7.989    8.568    9.479
            0.260333  0.450911  0.000000
  -16.626  -12.564  -10.969   -4.104    0.691    7.973    8.558    9.463
            0.260000  0.450333  0.000000
  -16.637  -12.555  -10.961   -4.115    0.704    7.957    8.547    9.446
            0.259667  0.449756  0.000000
  -16.648  -12.545  -10.952   -4.127    0.716    7.941    8.536    9.429
            0.259333  0.449179  0.000000
  -16.659  -12.536  -10.943   -4.138    0.729    7.925    8.525    9.412
            0.259000  0.448601  0.000000
  -16.670  -12.526  -10.934   -4.150    0.742    7.909    8.515    9.396
            0.258667  0.448024  0.000000
  -16.681  -12.517  -10.925   -4.161    0.754    7.893    8.504    9.379
            0.258333  0.447446  0.000000
  -16.692  -12.507  -10.916   -4.173    0.767    7.877    8.493    9.362
            0.258000  0.446869  0.000000
  -16.703  -12.498  -10.907   -4.184    0.780    7.861    8.481    9.345
            0.257667  0.446292  0.000000
  -16.714  -12.488  -10.898   -4.196    0.793    7.845    8.470    9.329
            0.257333  0.445714  0.000000
  -16.725  -12.479  -10.889   -4.207    0.805    7.829    8.459    9.312
            0.257000  0.445137  0.000000
  -16.736  -12.469  -10.880   -4.219    0.818    7.814    8.448    9.296
            0.256667  0.444560  0.000000
  -16.747  -12.460  -10.871   -4.230    0.831    7.798    8.436    9.279
            0.256333  0.443982  0.000000
  -16.758  -12.450  -10.862   -4.242    0.844    7.782    8.425    9.262
            0.256000  0.443405  0.000000
  -16.769  -12.441  -10.853   -4.253    0.856    7.766    8.413    9.246
            0.255667  0.442828  0.000000
  -16.780  -12.431  -10.844   -4.265    0.869    7.750    8.402    9.229
            0.255333  0.442250  0.000000
  -16.791  -12.421  -10.835   -4.276    0.882    7.734    8.390    9.213
            0.255000  0.441673  0.000000
  -16.802  -12.412  -10.826   -4.288    0.895    7.719    8.378    9.196
            0.254667  0.441096  0.000000
  -16.813  -12.402  -10.816   -4.299    0.908    7.703    8.367    9.180
            0.254333  0.440518  0.000000
  -16.824  -12.393  -10.807   -4.311    0.921    7.687    8.355    9.163
            0.254000  0.439941  0.000000
  -16.835  -12.383  -10.798   -4.322    0.934    7.671    8.343    9.147
            0.253667  0.439364  0.000000
  -16.846  -12.373  -10.789   -4.334    0.947    7.655    8.331    9.130
            0.253333  0.438786  0.000000
  -16.857  -12.364  -10.780   -4.345    0.959    7.640    8.319    9.114
            0.253000  0.438209  0.000000
  -16.867  -12.354  -10.771   -4.357    0.972    7.624    8.307    9.098
            0.252667  0.437632  0.000000
  -16.878  -12.344  -10.762   -4.368    0.985    7.608    8.295    9.081
            0.252333  0.437054  0.000000
  -16.889  -12.335  -10.752   -4.380    0.998    7.593    8.283    9.065
            0.252000  0.436477  0.000000
  -16.900  -12.325  -10.743   -4.391    1.011    7.577    8.270    9.049
            0.251667  0.435899  0.000000
  -16.911  -12.315  -10.734   -4.403    1.024    7.561    8.258    9.032
            0.251333  0.435322  0.000000
  -16.922  -12.306  -10.725   -4.414    1.037    7.546    8.246    9.016
            0.251000  0.434745  0.000000
  -16.933  -12.296  -10.715   -4.426    1.050    7.530    8.233    9.000
            0.250667  0.434167  0.000000
  -16.943  -12.286  -10.706   -4.437    1.063    7.515    8.221    8.984
            0.250333  0.433590  0.000000
  -16.954  -12.276  -10.697   -4.448    1.076    7.499    8.209    8.967
            0.250000  0.433013  0.000000
  -16.965  -12.266  -10.688   -4.460    1.089    7.483    8.196    8.951
            0.249667  0.432435  0.000000
  -16.976  -12.257  -10.678   -4.471    1.102    7.468    8.184    8.935
            0.249333  0.431858  0.000000
  -16.987  -12.247  -10.669   -4.483    1.115    7.452    8.171    8.919
            0.249000  0.431281  0.000000
  -16.997  -12.237  -10.660   -4.494    1.129    7.437    8.159    8.903
            0.248667  0.430703  0.000000
  -17.008  -12.227  -10.650   -4.506    1.142    7.421    8.146    8.887
            0.248333  0.430126  0.000000
  -17.019  -12.217  -10.641   -4.517    1.155    7.406    8.133    8.870
            0.248000  0.429549  0.000000
  -17.030  -12.208  -10.632   -4.529    1.168    7.390    8.121    8.854
            0.247667  0.428971  0.000000
  -17.040  -12.198  -10.622   -4.540    1.181    7.375    8.108    8.838
            0.247333  0.428394  0.000000
  -17.051  -12.188  -10.613   -4.551    1.194    7.360    8.095    8.822
            0.247000  0.427817  0.000000
  -17.062  -12.178  -10.604   -4.563    1.207    7.344    8.082    8.806
            0.246667  0.427239  0.000000
  -17.073  -12.168  -10.594   -4.574    1.220    7.329    8.070    8.790
            0.246333  0.426662  0.000000
  -17.083  -12.158  -10.585   -4.586    1.234    7.313    8.057    8.774
            0.246000  0.426084  0.000000
  -17.094  -12.148  -10.576   -4.597    1.247    7.298    8.044    8.758
            0.245667  0.425507  0.000000
  -17.105  -12.138  -10.566   -4.608    1.260    7.283    8.031    8.742
            0.245333  0.424930  0.000000
  -17.115  -12.129  -10.557   -4.620    1.273    7.267    8.018    8.726
            0.245000  0.424352  0.000000
  -17.126  -12.119  -10.547   -4.631    1.286    7.252    8.005    8.711
            0.244667  0.423775  0.000000
  -17.137  -12.109  -10.538   -4.643    1.300    7.237    7.992    8.695
            0.244333  0.423198  0.000000
  -17.147  -12.099  -10.528   -4.654    1.313    7.222    7.979    8.679
            0.244000  0.422620  0.000000
  -17.158  -12.089  -10.519   -4.665    1.326    7.206    7.966    8.663
            0.243667  0.422043  0.000000
  -17.169  -12.079  -10.509   -4.677    1.340    7.191    7.953    8.647
            0.243333  0.421466  0.000000
  -17.179  -12.069  -10.500   -4.688    1.353    7.176    7.940    8.631
            0.243000  0.420888  0.000000
  -17.190  -12.059  -10.490   -4.699    1.366    7.161    7.927    8.616
            0.242667  0.420311  0.000000
  -17.200  -12.049  -10.481   -4.711    1.379    7.145    7.914    8.600
            0.242333  0.419734  0.000000
  -17.211  -12.039  -10.471   -4.722    1.393    7.130    7.901    8.584
            0.242000  0.419156  0.000000
  -17.222  -12.029  -10.462   -4.733    1.406    7.115    7.888    8.568
            0.241667  0.418579  0.000000
  -17.232  -12.019  -10.452   -4.745    1.419    7.100    7.874    8.553
            0.241333  0.418002  0.000000
  -17.243  -12.008  -10.443   -4.756    1.433    7.085    7.861    8.537
            0.241000  0.417424  0.000000
  -17.253  -11.998  -10.433   -4.767    1.446    7.070    7.848    8.521
            0.240667  0.416847  0.000000
  -17.264  -11.988  -10.424   -4.779    1.460    7.055    7.835    8.506
            0.240333  0.416270  0.000000
  -17.274  -11.978  -10.414   -4.790    1.473    7.040    7.822    8.490
            0.240000  0.415692  0.000000
  -17.285  -11.968  -10.405   -4.801    1.486    7.025    7.808    8.475
            0.239667  0.415115  0.000000
  -17.295  -11.958  -10.395   -4.812    1.500    7.010    7.795    8.459
            0.239333  0.414537  0.000000
  -17.306  -11.948  -10.385   -4.824    1.513    6.995    7.782    8.443
            0.239000  0.413960  0.000000
  -17.316  -11.938  -10.376   -4.835    1.527    6.980    7.769    8.428
            0.238667  0.413383  0.000000
  -17.327  -11.928  -10.366   -4.846    1.540    6.965    7.755    8.412
            0.238333  0.412805  0.000000
  -17.337  -11.917  -10.356   -4.858    1.554    6.950    7.742    8.397
            0.238000  0.412228  0.000000
  -17.348  -11.907  -10.347   -4.869    1.567    6.935    7.729    8.381
            0.237667  0.411651  0.000000
  -17.358  -11.897  -10.337   -4.880    1.581    6.920    7.716    8.366
            0.237333  0.411073  0.000000
  -17.368  -11.887  -10.327   -4.891    1.594    6.905    7.702    8.351
            0.237000  0.410496  0.000000
  -17.379  -11.877  -10.318   -4.903    1.608    6.890    7.689    8.335
            0.236667  0.409919  0.000000
  -17.389  -11.866  -10.308   -4.914    1.621    6.875    7.676    8.320
            0.236333  0.409341  0.000000
  -17.400  -11.856  -10.298   -4.925    1.635    6.860    7.662    8.304
            0.236000  0.408764  0.000000
  -17.410  -11.846  -10.289   -4.936    1.648    6.846    7.649    8.289
            0.235667  0.408187  0.000000
  -17.420  -11.836  -10.279   -4.948    1.662    6.831    7.636    8.274
            0.235333  0.407609  0.000000
  -17.431  -11.825  -10.269   -4.959    1.675    6.816    7.622    8.259
            0.235000  0.407032  0.000000
  -17.441  -11.815  -10.260   -4.970    1.689    6.801    7.609    8.243
            0.234667  0.406455  0.000000
  -17.451  -11.805  -10.250   -4.981    1.702    6.787    7.596    8.228
            0.234333  0.405877  0.000000
  -17.462  -11.795  -10.240   -4.992    1.716    6.772    7.582    8.213
            0.234000  0.405300  0.000000
  -17.472  -11.784  -10.230   -5.003    1.730    6.757    7.569    8.198
            0.233667  0.404723  0.000000
  -17.482  -11.774  -10.221   -5.015    1.743    6.742    7.556    8.182
            0.233333  0.404145  0.000000
  -17.493  -11.764  -10.211   -5.026    1.757    6.728    7.542    8.167
            0.233000  0.403568  0.000000
  -17.503  -11.753  -10.201   -5.037    1.771    6.713    7.529    8.152
            0.232667  0.402990  0.000000
  -17.513  -11.743  -10.191   -5.048    1.784    6.698    7.515    8.137
            0.232333  0.402413  0.000000
  -17.523  -11.733  -10.181   -5.059    1.798    6.684    7.502    8.122
            0.232000  0.401836  0.000000
  -17.534  -11.722  -10.172   -5.070    1.812    6.669    7.489    8.107
            0.231667  0.401258  0.000000
  -17.544  -11.712  -10.162   -5.082    1.825    6.655    7.475    8.092
            0.231333  0.400681  0.000000
  -17.554  -11.701  -10.152   -5.093    1.839    6.640    7.462    8.077
            0.231000  0.400104  0.000000
  -17.564  -11.691  -10.142   -5.104    1.853    6.625    7.449    8.062
            0.230667  0.399526  0.000000
  -17.575  -11.681  -10.132   -5.115    1.866    6.611    7.435    8.047
            0.230333  0.398949  0.000000
  -17.585  -11.670  -10.123   -5.126    1.880    6.596    7.422    8.032
            0.230000  0.398372  0.000000
  -17.595  -11.660  -10.113   -5.137    1.894    6.582    7.408    8.017
            0.229667  0.397794  0.000000
  -17.605  -11.649  -10.103   -5.148    1.908    6.568    7.395    8.002
            0.229333  0.397217  0.000000
  -17.615  -11.639  -10.093   -5.159    1.921    6.553    7.382    7.987
            0.229000  0.396640  0.000000
  -17.625  -11.628  -10.083   -5.170    1.935    6.539    7.368    7.972
            0.228667  0.396062  0.000000
  -17.636  -11.618  -10.073   -5.181    1.949    6.524    7.355    7.957
            0.228333  0.395485  0.000000
  -17.646  -11.607  -10.063   -5.192    1.963    6.510    7.342    7.942
            0.228000  0.394908  0.000000
  -17.656  -11.597  -10.053   -5.203    1.976    6.495    7.328    7.927
            0.227667  0.394330  0.000000
  -17.666  -11.586  -10.043   -5.214    1.990    6.481    7.315    7.912
            0.227333  0.393753  0.000000
  -17.676  -11.576  -10.034   -5.226    2.004    6.467    7.302    7.898
            0.227000  0.393176  0.000000
  -17.686  -11.565  -10.024   -5.237    2.018    6.452    7.288    7.883
            0.226667  0.392598  0.000000
  -17.696  -11.555  -10.014   -5.248    2.032    6.438    7.275    7.868
            0.226333  0.392021  0.000000
  -17.706  -11.544  -10.004   -5.259    2.046    6.424    7.262    7.853
            0.226000  0.391443  0.000000
  -17.716  -11.534   -9.994   -5.270    2.059    6.410    7.248    7.839
            0.225667  0.390866  0.000000
  -17.726  -11.523   -9.984   -5.281    2.073    6.395    7.235    7.824
            0.225333  0.390289  0.000000
  -17.736  -11.512   -9.974   -5.291    2.087    6.381    7.222    7.809
            0.225000  0.389711  0.000000
  -17.746  -11.502   -9.964   -5.302    2.101    6.367    7.208    7.795
            0.224667  0.389134  0.000000
  -17.756  -11.491   -9.954   -5.313    2.115    6.353    7.195    7.780
            0.224333  0.388557  0.000000
  -17.766  -11.481   -9.944   -5.324    2.129    6.339    7.182    7.766
            0.224000  0.387979  0.000000
  -17.776  -11.470   -9.934   -5.335    2.143    6.324    7.168    7.751
            0.223667  0.387402  0.000000
  -17.786  -11.459   -9.924   -5.346    2.157    6.310    7.155    7.736
            0.223333  0.386825  0.000000
  -17.796  -11.449   -9.914   -5.357    2.171    6.296    7.142    7.722
            0.223000  0.386247  0.000000
  -17.806  -11.438   -9.904   -5.368    2.185    6.282    7.129    7.707
            0.222667  0.385670  0.000000
  -17.816  -11.427   -9.894   -5.379    2.199    6.268    7.115    7.693
            0.222333  0.385093  0.000000
  -17.826  -11.417   -9.884   -5.390    2.213    6.254    7.102    7.678
            0.222000  0.384515  0.000000
  -17.836  -11.406   -9.874   -5.401    2.227    6.240    7.089    7.664
            0.221667  0.383938  0.000000
  -17.846  -11.395   -9.864   -5.412    2.241    6.226    7.075    7.649
            0.221333  0.383361  0.000000
  -17.855  -11.385   -9.854   -5.423    2.255    6.212    7.062    7.635
            0.221000  0.382783  0.000000
  -17.865  -11.374   -9.844   -5.433    2.269    6.198    7.049    7.621
            0.220667  0.382206  0.000000
  -17.875  -11.363   -9.834   -5.444    2.283    6.184    7.036    7.606
            0.220333  0.381629  0.000000
  -17.885  -11.352   -9.824   -5.455    2.297    6.170    7.023    7.592
            0.220000  0.381051  0.000000
  -17.895  -11.342   -9.813   -5.466    2.311    6.156    7.009    7.578
            0.219667  0.380474  0.000000
  -17.905  -11.331   -9.803   -5.477    2.325    6.142    6.996    7.563
            0.219333  0.379896  0.000000
  -17.914  -11.320   -9.793   -5.488    2.339    6.128    6.983    7.549
            0.219000  0.379319  0.000000
  -17.924  -11.309   -9.783   -5.498    2.353    6.115    6.970    7.535
            0.218667  0.378742  0.000000
  -17.934  -11.299   -9.773   -5.509    2.367    6.101    6.957    7.521
            0.218333  0.378164  0.000000
  -17.944  -11.288   -9.763   -5.520    2.381    6.087    6.944    7.506
            0.218000  0.377587  0.000000
  -17.953  -11.277   -9.753   -5.531    2.395    6.073    6.930    7.492
            0.217667  0.377010  0.000000
  -17.963  -11.266   -9.743   -5.541    2.409    6.059    6.917    7.478
            0.217333  0.376432  0.000000
  -17.973  -11.255   -9.733   -5.552    2.423    6.046    6.904    7.464
            0.217000  0.375855  0.000000
  -17.983  -11.244   -9.723   -5.563    2.437    6.032    6.891    7.450
            0.216667  0.375278  0.000000
  -17.992  -11.234   -9.712   -5.574    2.452    6.018    6.878    7.436
            0.216333  0.374700  0.000000
  -18.002  -11.223   -9.702   -5.584    2.466    6.004    6.865    7.421
            0.216000  0.374123  0.000000
  -18.012  -11.212   -9.692   -5.595    2.480    5.991    6.852    7.407
            0.215667  0.373546  0.000000
  -18.021  -11.201   -9.682   -5.606    2.494    5.977    6.839    7.393
            0.215333  0.372968  0.000000
  -18.031  -11.190   -9.672   -5.617    2.508    5.963    6.826    7.379
            0.215000  0.372391  0.000000
  -18.041  -11.179   -9.662   -5.627    2.522    5.950    6.813    7.365
            0.214667  0.371814  0.000000
  -18.050  -11.168   -9.651   -5.638    2.537    5.936    6.800    7.351
            0.214333  0.371236  0.000000
  -18.060  -11.157   -9.641   -5.649    2.551    5.923    6.787    7.337
            0.214000  0.370659  0.000000
  -18.070  -11.146   -9.631   -5.659    2.565    5.909    6.774    7.323
            0.213667  0.370082  0.000000
  -18.079  -11.135   -9.621   -5.670    2.579    5.896    6.761    7.309
            0.213333  0.369504  0.000000
  -18.089  -11.125   -9.611   -5.681    2.593    5.882    6.748    7.296
            0.213000  0.368927  0.000000
  -18.098  -11.114   -9.600   -5.691    2.608    5.868    6.735    7.282
            0.212667  0.368349  0.000000
  -18.108  -11.103   -9.590   -5.702    2.622    5.855    6.722    7.268
            0.212333  0.367772  0.000000
  -18.117  -11.092   -9.580   -5.712    2.636    5.842    6.709    7.254
            0.212000  0.367195  0.000000
  -18.127  -11.081   -9.570   -5.723    2.650    5.828    6.696    7.240
            0.211667  0.366617  0.000000
  -18.136  -11.070   -9.560   -5.734    2.665    5.815    6.683    7.226
            0.211333  0.366040  0.000000
  -18.146  -11.059   -9.549   -5.744    2.679    5.801    6.670    7.213
            0.211000  0.365463  0.000000
  -18.155  -11.048   -9.539   -5.755    2.693    5.788    6.657    7.199
            0.210667  0.364885  0.000000
  -18.165  -11.037   -9.529   -5.765    2.707    5.775    6.644    7.185
            0.210333  0.364308  0.000000
  -18.174  -11.025   -9.519   -5.776    2.722    5.761    6.631    7.171
            0.210000  0.363731  0.000000
  -18.184  -11.014   -9.508   -5.786    2.736    5.748    6.618    7.158
            0.209667  0.363153  0.000000
  -18.193  -11.003   -9.498   -5.797    2.750    5.735    6.606    7.144
            0.209333  0.362576  0.000000
  -18.203  -10.992   -9.488   -5.807    2.765    5.721    6.593    7.130
            0.209000  0.361999  0.000000
  -18.212  -10.981   -9.478   -5.818    2.779    5.708    6.580    7.117
            0.208667  0.361421  0.000000
  -18.221  -10.970   -9.467   -5.828    2.793    5.695    6.567    7.103
            0.208333  0.360844  0.000000
  -18.231  -10.959   -9.457   -5.839    2.808    5.682    6.554    7.090
            0.208000  0.360267  0.000000
  -18.240  -10.948   -9.447   -5.849    2.822    5.668    6.541    7.076
            0.207667  0.359689  0.000000
  -18.250  -10.937   -9.436   -5.860    2.836    5.655    6.529    7.062
            0.207333  0.359112  0.000000
  -18.259  -10.926   -9.426   -5.870    2.851    5.642    6.516    7.049
            0.207000  0.358535  0.000000
  -18.268  -10.915   -9.416   -5.881    2.865    5.629    6.503    7.035
            0.206667  0.357957  0.000000
  -18.278  -10.903   -9.406   -5.891    2.879    5.616    6.491    7.022
            0.206333  0.357380  0.000000
  -18.287  -10.892   -9.395   -5.901    2.894    5.603    6.478    7.009
            0.206000  0.356802  0.000000
  -18.296  -10.881   -9.385   -5.912    2.908    5.590    6.465    6.995
            0.205667  0.356225  0.000000
  -18.305  -10.870   -9.375   -5.922    2.923    5.576    6.452    6.982
            0.205333  0.355648  0.000000
  -18.315  -10.859   -9.364   -5.933    2.937    5.563    6.440    6.968
            0.205000  0.355070  0.000000
  -18.324  -10.848   -9.354   -5.943    2.951    5.550    6.427    6.955
            0.204667  0.354493  0.000000
  -18.333  -10.836   -9.344   -5.953    2.966    5.537    6.415    6.942
            0.204333  0.353916  0.000000
  -18.342  -10.825   -9.333   -5.964    2.980    5.524    6.402    6.928
            0.204000  0.353338  0.000000
  -18.352  -10.814   -9.323   -5.974    2.995    5.511    6.389    6.915
            0.203667  0.352761  0.000000
  -18.361  -10.803   -9.313   -5.984    3.009    5.498    6.377    6.902
            0.203333  0.352184  0.000000
  -18.370  -10.791   -9.302   -5.995    3.024    5.486    6.364    6.888
            0.203000  0.351606  0.000000
  -18.379  -10.780   -9.292   -6.005    3.038    5.473    6.352    6.875
            0.202667  0.351029  0.000000
  -18.388  -10.769   -9.282   -6.015    3.053    5.460    6.339    6.862
            0.202333  0.350452  0.000000
  -18.397  -10.758   -9.271   -6.025    3.067    5.447    6.327    6.849
            0.202000  0.349874  0.000000
  -18.407  -10.746   -9.261   -6.036    3.081    5.434    6.314    6.836
            0.201667  0.349297  0.000000
  -18.416  -10.735   -9.251   -6.046    3.096    5.421    6.302    6.822
            0.201333  0.348720  0.000000
  -18.425  -10.724   -9.240   -6.056    3.110    5.408    6.289    6.809
            0.201000  0.348142  0.000000
  -18.434  -10.712   -9.230   -6.066    3.125    5.396    6.277    6.796
            0.200667  0.347565  0.000000
  -18.443  -10.701   -9.219   -6.077    3.139    5.383    6.264    6.783
            0.200333  0.346988  0.000000
  -18.452  -10.690   -9.209   -6.087    3.154    5.370    6.252    6.770
            0.200000  0.346410  0.000000
  -18.461  -10.678   -9.199   -6.097    3.168    5.357    6.239    6.757
            0.199667  0.345833  0.000000
  -18.470  -10.667   -9.188   -6.107    3.183    5.345    6.227    6.744
            0.199333  0.345255  0.000000
  -18.479  -10.656   -9.178   -6.117    3.198    5.332    6.215    6.731
            0.199000  0.344678  0.000000
  -18.488  -10.644   -9.167   -6.128    3.212    5.319    6.202    6.718
            0.198667  0.344101  0.000000
  -18.497  -10.633   -9.157   -6.138    3.227    5.307    6.190    6.705
            0.198333  0.343523  0.000000
  -18.506  -10.622   -9.147   -6.148    3.241    5.294    6.177    6.692
            0.198000  0.342946  0.000000
  -18.515  -10.610   -9.136   -6.158    3.256    5.282    6.165    6.679
            0.197667  0.342369  0.000000
  -18.524  -10.599   -9.126   -6.168    3.270    5.269    6.153    6.666
            0.197333  0.341791  0.000000
  -18.533  -10.587   -9.115   -6.178    3.285    5.256    6.141    6.653
            0.197000  0.341214  0.000000
  -18.542  -10.576   -9.105   -6.188    3.299    5.244    6.128    6.641
            0.196667  0.340637  0.000000
  -18.551  -10.565   -9.095   -6.198    3.314    5.231    6.116    6.628
            0.196333  0.340059  0.000000
  -18.560  -10.553   -9.084   -6.208    3.329    5.219    6.104    6.615
            0.196000  0.339482  0.000000
  -18.569  -10.542   -9.074   -6.218    3.343    5.206    6.092    6.602
            0.195667  0.338905  0.000000
  -18.578  -10.530   -9.063   -6.228    3.358    5.194    6.079    6.589
            0.195333  0.338327  0.000000
  -18.587  -10.519   -9.053   -6.238    3.372    5.181    6.067    6.577
            0.195000  0.337750  0.000000
  -18.595  -10.507   -9.042   -6.248    3.387    5.169    6.055    6.564
            0.194667  0.337173  0.000000
  -18.604  -10.496   -9.032   -6.258    3.402    5.157    6.043    6.551
            0.194333  0.336595  0.000000
  -18.613  -10.484   -9.022   -6.268    3.416    5.144    6.031    6.539
            0.194000  0.336018  0.000000
  -18.622  -10.473   -9.011   -6.278    3.431    5.132    6.019    6.526
            0.193667  0.335441  0.000000
  -18.631  -10.461   -9.001   -6.288    3.446    5.120    6.007    6.513
            0.193333  0.334863  0.000000
  -18.639  -10.450   -8.990   -6.298    3.460    5.107    5.995    6.501
            0.193000  0.334286  0.000000
  -18.648  -10.438   -8.980   -6.308    3.475    5.095    5.982    6.488
            0.192667  0.333708  0.000000
  -18.657  -10.427   -8.969   -6.318    3.489    5.083    5.970    6.475
            0.192333  0.333131  0.000000
  -18.666  -10.415   -8.959   -6.328    3.504    5.070    5.958    6.463
            0.192000  0.332554  0.000000
  -18.675  -10.404   -8.948   -6.338    3.519    5.058    5.946    6.450
            0.191667  0.331976  0.000000
  -18.683  -10.392   -8.938   -6.348    3.533    5.046    5.934    6.438
            0.191333  0.331399  0.000000
  -18.692  -10.381   -8.928   -6.358    3.548    5.034    5.922    6.425
            0.191000  0.330822  0.000000
  -18.701  -10.369   -8.917   -6.368    3.563    5.022    5.910    6.413
            0.190667  0.330244  0.000000
  -18.709  -10.358   -8.907   -6.377    3.578    5.009    5.898    6.400
            0.190333  0.329667  0.000000
  -18.718  -10.346   -8.896   -6.387    3.592    4.997    5.887    6.388
            0.190000  0.329090  0.000000
  -18.727  -10.334   -8.886   -6.397    3.607    4.985    5.875    6.376
            0.189667  0.328512  0.000000
  -18.735  -10.323   -8.875   -6.407    3.622    4.973    5.863    6.363
            0.189333  0.327935  0.000000
  -18.744  -10.311   -8.865   -6.417    3.636    4.961    5.851    6.351
            0.189000  0.327358  0.000000
  -18.753  -10.300   -8.854   -6.426    3.651    4.949    5.839    6.339
            0.188667  0.326780  0.000000
  -18.761  -10.288   -8.844   -6.436    3.666    4.937    5.827    6.326
            0.188333  0.326203  0.000000
  -18.770  -10.276   -8.833   -6.446    3.680    4.925    5.815    6.314
            0.188000  0.325626  0.000000
  -18.778  -10.265   -8.823   -6.456    3.695    4.913    5.804    6.302
            0.187667  0.325048  0.000000
  -18.787  -10.253   -8.812   -6.465    3.710    4.901    5.792    6.289
            0.187333  0.324471  0.000000
  -18.795  -10.241   -8.802   -6.475    3.725    4.889    5.780    6.277
            0.187000  0.323894  0.000000
  -18.804  -10.230   -8.791   -6.485    3.739    4.877    5.768    6.265
            0.186667  0.323316  0.000000
  -18.812  -10.218   -8.781   -6.494    3.754    4.865    5.757    6.253
            0.186333  0.322739  0.000000
  -18.821  -10.206   -8.770   -6.504    3.769    4.853    5.745    6.241
            0.186000  0.322161  0.000000
  -18.829  -10.195   -8.760   -6.514    3.784    4.841    5.733    6.229
            0.185667  0.321584  0.000000
  -18.838  -10.183   -8.749   -6.523    3.798    4.830    5.722    6.216
            0.185333  0.321007  0.000000
  -18.846  -10.171   -8.739   -6.533    3.813    4.818    5.710    6.204
            0.185000  0.320429  0.000000
  -18.855  -10.160   -8.728   -6.543    3.828    4.806    5.698    6.192
            0.184667  0.319852  0.000000
  -18.863  -10.148   -8.718   -6.552    3.843    4.794    5.687    6.180
            0.184333  0.319275  0.000000
  -18.872  -10.136   -8.708   -6.562    3.857    4.782    5.675    6.168
            0.184000  0.318697  0.000000
  -18.880  -10.124   -8.697   -6.572    3.872    4.771    5.663    6.156
            0.183667  0.318120  0.000000
  -18.888  -10.113   -8.687   -6.581    3.887    4.759    5.652    6.144
            0.183333  0.317543  0.000000
  -18.897  -10.101   -8.676   -6.591    3.902    4.747    5.640    6.132
            0.183000  0.316965  0.000000
  -18.905  -10.089   -8.666   -6.600    3.916    4.736    5.629    6.120
            0.182667  0.316388  0.000000
  -18.914  -10.077   -8.655   -6.610    3.931    4.724    5.617    6.108
            0.182333  0.315811  0.000000
  -18.922  -10.066   -8.645   -6.619    3.946    4.712    5.606    6.096
            0.182000  0.315233  0.000000
  -18.930  -10.054   -8.634   -6.629    3.961    4.701    5.594    6.085
            0.181667  0.314656  0.000000
  -18.939  -10.042   -8.624   -6.638    3.976    4.689    5.583    6.073
            0.181333  0.314079  0.000000
  -18.947  -10.030   -8.613   -6.648    3.990    4.678    5.571    6.061
            0.181000  0.313501  0.000000
  -18.955  -10.018   -8.603   -6.657    4.005    4.666    5.560    6.049
            0.180667  0.312924  0.000000
  -18.963  -10.007   -8.592   -6.667    4.020    4.654    5.549    6.037
            0.180333  0.312346  0.000000
  -18.972   -9.995   -8.582   -6.676    4.035    4.643    5.537    6.025
            0.180000  0.311769  0.000000
  -18.980   -9.983   -8.571   -6.685    4.050    4.631    5.526    6.014
            0.179667  0.311192  0.000000
  -18.988   -9.971   -8.561   -6.695    4.064    4.620    5.515    6.002
            0.179333  0.310614  0.000000
  -18.996   -9.959   -8.550   -6.704    4.079    4.608    5.503    5.990
            0.179000  0.310037  0.000000
  -19.004   -9.947   -8.540   -6.714    4.094    4.597    5.492    5.979
            0.178667  0.309460  0.000000
  -19.013   -9.935   -8.529   -6.723    4.109    4.586    5.481    5.967
            0.178333  0.308882  0.000000
  -19.021   -9.924   -8.519   -6.732    4.124    4.574    5.469    5.955
            0.178000  0.308305  0.000000
  -19.029   -9.912   -8.508   -6.742    4.139    4.563    5.458    5.944
            0.177667  0.307728  0.000000
  -19.037   -9.900   -8.498   -6.751    4.153    4.552    5.447    5.932
            0.177333  0.307150  0.000000
  -19.045   -9.888   -8.487   -6.760    4.168    4.540    5.436    5.920
            0.177000  0.306573  0.000000
  -19.053   -9.876   -8.477   -6.770    4.183    4.529    5.425    5.909
            0.176667  0.305996  0.000000
  -19.061   -9.864   -8.466   -6.779    4.198    4.518    5.413    5.897
            0.176333  0.305418  0.000000
  -19.070   -9.852   -8.456   -6.788    4.213    4.506    5.402    5.886
            0.176000  0.304841  0.000000
  -19.078   -9.840   -8.445   -6.797    4.228    4.495    5.391    5.874
            0.175667  0.304264  0.000000
  -19.086   -9.828   -8.435   -6.807    4.242    4.484    5.380    5.863
            0.175333  0.303686  0.000000
  -19.094   -9.817   -8.424   -6.816    4.257    4.473    5.369    5.851
            0.175000  0.303109  0.000000
  -19.102   -9.805   -8.414   -6.825    4.272    4.461    5.358    5.840
            0.174667  0.302532  0.000000
  -19.110   -9.793   -8.403   -6.834    4.287    4.450    5.347    5.829
            0.174333  0.301954  0.000000
  -19.118   -9.781   -8.393   -6.843    4.302    4.439    5.336    5.817
            0.174000  0.301377  0.000000
  -19.126   -9.769   -8.382   -6.853    4.317    4.428    5.325    5.806
            0.173667  0.300799  0.000000
  -19.134   -9.757   -8.372   -6.862    4.331    4.417    5.314    5.794
            0.173333  0.300222  0.000000
  -19.142   -9.745   -8.361   -6.871    4.346    4.406    5.303    5.783
            0.173000  0.299645  0.000000
  -19.150   -9.733   -8.351   -6.880    4.361    4.395    5.292    5.772
            0.172667  0.299067  0.000000
  -19.158   -9.721   -8.340   -6.889    4.376    4.384    5.281    5.761
            0.172333  0.298490  0.000000
  -19.165   -9.709   -8.330   -6.898    4.373    4.391    5.270    5.749
            0.172000  0.297913  0.000000
  -19.173   -9.697   -8.319   -6.907    4.362    4.406    5.259    5.738
            0.171667  0.297335  0.000000
  -19.181   -9.685   -8.309   -6.916    4.351    4.421    5.248    5.727
            0.171333  0.296758  0.000000
  -19.189   -9.673   -8.298   -6.925    4.340    4.435    5.237    5.716
            0.171000  0.296181  0.000000
  -19.197   -9.661   -8.288   -6.934    4.329    4.450    5.226    5.705
            0.170667  0.295603  0.000000
  -19.205   -9.649   -8.277   -6.943    4.318    4.465    5.216    5.693
            0.170333  0.295026  0.000000
  -19.213   -9.637   -8.267   -6.952    4.307    4.480    5.205    5.682
            0.170000  0.294449  0.000000
  -19.220   -9.625   -8.256   -6.961    4.296    4.495    5.194    5.671
            0.169667  0.293871  0.000000
  -19.228   -9.613   -8.246   -6.970    4.285    4.510    5.183    5.660
            0.169333  0.293294  0.000000
  -19.236   -9.601   -8.235   -6.979    4.275    4.525    5.172    5.649
            0.169000  0.292717  0.000000
  -19.244   -9.589   -8.225   -6.988    4.264    4.540    5.162    5.638
            0.168667  0.292139  0.000000
  -19.252   -9.577   -8.214   -6.997    4.253    4.554    5.151    5.627
            0.168333  0.291562  0.000000
  -19.259   -9.565   -8.204   -7.006    4.242    4.569    5.140    5.616
            0.168000  0.290985  0.000000
  -19.267   -9.552   -8.193   -7.015    4.231    4.584    5.130    5.605
            0.167667  0.290407  0.000000
  -19.275   -9.540   -8.183   -7.024    4.221    4.599    5.119    5.594
            0.167333  0.289830  0.000000
  -19.282   -9.528   -8.172   -7.033    4.210    4.614    5.108    5.583
            0.167000  0.289252  0.000000
  -19.290   -9.516   -8.162   -7.042    4.199    4.629    5.098    5.572
            0.166667  0.288675  0.000000
  -19.298   -9.504   -8.151   -7.050    4.189    4.644    5.087    5.561
            0.166333  0.288098  0.000000
  -19.306   -9.492   -8.141   -7.059    4.178    4.659    5.077    5.550
            0.166000  0.287520  0.000000
  -19.313   -9.480   -8.130   -7.068    4.167    4.673    5.066    5.540
            0.165667  0.286943  0.000000
  -19.321   -9.468   -8.120   -7.077    4.157    4.688    5.056    5.529
            0.165333  0.286366  0.000000
  -19.328   -9.456   -8.110   -7.086    4.146    4.703    5.045    5.518
            0.165000  0.285788  0.000000
  -19.336   -9.444   -8.099   -7.094    4.136    4.718    5.035    5.507
            0.164667  0.285211  0.000000
  -19.344   -9.431   -8.089   -7.103    4.125    4.733    5.024    5.496
            0.164333  0.284634  0.000000
  -19.351   -9.419   -8.078   -7.112    4.115    4.748    5.014    5.486
            0.164000  0.284056  0.000000
  -19.359   -9.407   -8.068   -7.121    4.104    4.763    5.003    5.475
            0.163667  0.283479  0.000000
  -19.366   -9.395   -8.057   -7.129    4.094    4.777    4.993    5.464
            0.163333  0.282902  0.000000
  -19.374   -9.383   -8.047   -7.138    4.083    4.792    4.982    5.454
            0.163000  0.282324  0.000000
  -19.381   -9.371   -8.036   -7.147    4.073    4.807    4.972    5.443
            0.162667  0.281747  0.000000
  -19.389   -9.359   -8.026   -7.155    4.062    4.822    4.962    5.432
            0.162333  0.281170  0.000000
  -19.396   -9.346   -8.016   -7.164    4.052    4.837    4.951    5.422
            0.162000  0.280592  0.000000
  -19.404   -9.334   -8.005   -7.173    4.042    4.852    4.941    5.411
            0.161667  0.280015  0.000000
  -19.411   -9.322   -7.995   -7.181    4.031    4.867    4.931    5.401
            0.161333  0.279438  0.000000
  -19.419   -9.310   -7.984   -7.190    4.021    4.882    4.920    5.390
            0.161000  0.278860  0.000000
  -19.426   -9.298   -7.974   -7.199    4.011    4.896    4.910    5.380
            0.160667  0.278283  0.000000
  -19.434   -9.286   -7.963   -7.207    4.000    4.900    4.911    5.369
            0.160333  0.277705  0.000000
  -19.441   -9.273   -7.953   -7.216    3.990    4.890    4.926    5.359
            0.160000  0.277128  0.000000
  -19.448   -9.261   -7.943   -7.224    3.980    4.880    4.941    5.348
            0.159667  0.276551  0.000000
  -19.456   -9.249   -7.932   -7.233    3.970    4.869    4.956    5.338
            0.159333  0.275973  0.000000
  -19.463   -9.237   -7.922   -7.241    3.959    4.859    4.971    5.327
            0.159000  0.275396  0.000000
  -19.470   -9.224   -7.911   -7.250    3.949    4.849    4.986    5.317
            0.158667  0.274819  0.000000
  -19.478   -9.212   -7.901   -7.258    3.939    4.839    5.000    5.307
            0.158333  0.274241  0.000000
  -19.485   -9.200   -7.891   -7.267    3.929    4.829    5.015    5.296
            0.158000  0.273664  0.000000
  -19.492   -9.188   -7.880   -7.275    3.919    4.819    5.030    5.286
            0.157667  0.273087  0.000000
  -19.500   -9.176   -7.870   -7.284    3.909    4.809    5.045    5.276
            0.157333  0.272509  0.000000
  -19.507   -9.163   -7.860   -7.292    3.899    4.799    5.060    5.265
            0.157000  0.271932  0.000000
  -19.514   -9.151   -7.849   -7.300    3.889    4.789    5.075    5.255
            0.156667  0.271355  0.000000
  -19.521   -9.139   -7.839   -7.309    3.879    4.779    5.089    5.245
            0.156333  0.270777  0.000000
  -19.529   -9.127   -7.828   -7.317    3.869    4.769    5.104    5.235
            0.156000  0.270200  0.000000
  -19.536   -9.114   -7.818   -7.326    3.859    4.759    5.119    5.224
            0.155667  0.269623  0.000000
  -19.543   -9.102   -7.808   -7.334    3.849    4.749    5.134    5.214
            0.155333  0.269045  0.000000
  -19.550   -9.090   -7.797   -7.342    3.839    4.739    5.149    5.204
            0.155000  0.268468  0.000000
  -19.557   -9.078   -7.787   -7.351    3.829    4.729    5.164    5.194
            0.154667  0.267891  0.000000
  -19.564   -9.065   -7.777   -7.359    3.819    4.719    5.178    5.184
            0.154333  0.267313  0.000000
  -19.572   -9.053   -7.766   -7.367    3.809    4.709    5.174    5.193
            0.154000  0.266736  0.000000
  -19.579   -9.041   -7.756   -7.375    3.799    4.699    5.164    5.208
            0.153667  0.266158  0.000000
  -19.586   -9.028   -7.746   -7.384    3.789    4.690    5.154    5.223
            0.153333  0.265581  0.000000
  -19.593   -9.016   -7.735   -7.392    3.779    4.680    5.144    5.238
            0.153000  0.265004  0.000000
  -19.600   -9.004   -7.725   -7.400    3.770    4.670    5.134    5.252
            0.152667  0.264426  0.000000
  -19.607   -8.992   -7.715   -7.408    3.760    4.660    5.124    5.267
            0.152333  0.263849  0.000000
  -19.614   -8.979   -7.704   -7.416    3.750    4.651    5.114    5.282
            0.152000  0.263272  0.000000
  -19.621   -8.967   -7.694   -7.425    3.740    4.641    5.104    5.297
            0.151667  0.262694  0.000000
  -19.628   -8.955   -7.684   -7.433    3.731    4.631    5.094    5.312
            0.151333  0.262117  0.000000
  -19.635   -8.942   -7.673   -7.441    3.721    4.622    5.084    5.326
            0.151000  0.261540  0.000000
  -19.642   -8.930   -7.663   -7.449    3.711    4.612    5.074    5.341
            0.150667  0.260962  0.000000
  -19.649   -8.918   -7.653   -7.457    3.702    4.602    5.064    5.356
            0.150333  0.260385  0.000000
  -19.656   -8.905   -7.643   -7.465    3.692    4.593    5.054    5.371
            0.150000  0.259808  0.000000
  -19.663   -8.893   -7.632   -7.473    3.682    4.583    5.045    5.385
            0.149667  0.259230  0.000000
  -19.670   -8.881   -7.622   -7.481    3.673    4.574    5.035    5.400
            0.149333  0.258653  0.000000
  -19.677   -8.868   -7.612   -7.489    3.663    4.564    5.025    5.415
            0.149000  0.258076  0.000000
  -19.684   -8.856   -7.602   -7.497    3.654    4.554    5.015    5.430
            0.148667  0.257498  0.000000
  -19.691   -8.844   -7.591   -7.505    3.644    4.545    5.006    5.444
            0.148333  0.256921  0.000000
  -19.698   -8.831   -7.581   -7.513    3.635    4.535    4.996    5.459
            0.148000  0.256344  0.000000
  -19.704   -8.819   -7.571   -7.521    3.625    4.526    4.986    5.474
            0.147667  0.255766  0.000000
  -19.711   -8.807   -7.561   -7.529    3.616    4.517    4.977    5.489
            0.147333  0.255189  0.000000
  -19.718   -8.794   -7.550   -7.537    3.606    4.507    4.967    5.503
            0.147000  0.254611  0.000000
  -19.725   -8.782   -7.545   -7.540    3.597    4.498    4.957    5.518
            0.146667  0.254034  0.000000
  -19.732   -8.770   -7.553   -7.530    3.587    4.488    4.948    5.533
            0.146333  0.253457  0.000000
  -19.739   -8.757   -7.561   -7.520    3.578    4.479    4.938    5.548
            0.146000  0.252879  0.000000
  -19.745   -8.745   -7.569   -7.510    3.569    4.470    4.929    5.562
            0.145667  0.252302  0.000000
  -19.752   -8.733   -7.577   -7.499    3.559    4.460    4.919    5.577
            0.145333  0.251725  0.000000
  -19.759   -8.720   -7.585   -7.489    3.550    4.451    4.910    5.592
            0.145000  0.251147  0.000000
  -19.766   -8.708   -7.593   -7.479    3.541    4.442    4.900    5.606
            0.144667  0.250570  0.000000
  -19.772   -8.695   -7.600   -7.469    3.531    4.432    4.891    5.621
            0.144333  0.249993  0.000000
  -19.779   -8.683   -7.608   -7.459    3.522    4.423    4.881    5.636
            0.144000  0.249415  0.000000
  -19.786   -8.671   -7.616   -7.448    3.513    4.414    4.872    5.650
            0.143667  0.248838  0.000000
  -19.792   -8.658   -7.624   -7.438    3.504    4.405    4.862    5.665
            0.143333  0.248261  0.000000
  -19.799   -8.646   -7.632   -7.428    3.494    4.396    4.853    5.680
            0.143000  0.247683  0.000000
  -19.806   -8.633   -7.639   -7.418    3.485    4.386    4.844    5.694
            0.142667  0.247106  0.000000
  -19.812   -8.621   -7.647   -7.408    3.476    4.377    4.834    5.709
            0.142333  0.246529  0.000000
  -19.819   -8.609   -7.655   -7.398    3.467    4.368    4.825    5.724
            0.142000  0.245951  0.000000
  -19.825   -8.596   -7.662   -7.388    3.458    4.359    4.816    5.738
            0.141667  0.245374  0.000000
  -19.832   -8.584   -7.670   -7.378    3.449    4.350    4.807    5.753
            0.141333  0.244797  0.000000
  -19.839   -8.572   -7.678   -7.367    3.440    4.341    4.797    5.768
            0.141000  0.244219  0.000000
  -19.845   -8.559   -7.685   -7.357    3.431    4.332    4.788    5.782
            0.140667  0.243642  0.000000
  -19.852   -8.547   -7.693   -7.347    3.422    4.323    4.779    5.797
            0.140333  0.243064  0.000000
  -19.858   -8.534   -7.701   -7.337    3.413    4.314    4.770    5.811
            0.140000  0.242487  0.000000
  -19.865   -8.522   -7.708   -7.327    3.404    4.305    4.761    5.826
            0.139667  0.241910  0.000000
  -19.871   -8.510   -7.716   -7.317    3.395    4.296    4.751    5.841
            0.139333  0.241332  0.000000
  -19.878   -8.497   -7.723   -7.307    3.386    4.287    4.742    5.855
            0.139000  0.240755  0.000000
  -19.884   -8.485   -7.731   -7.297    3.377    4.278    4.733    5.870
            0.138667  0.240178  0.000000
  -19.890   -8.472   -7.738   -7.287    3.368    4.269    4.724    5.884
            0.138333  0.239600  0.000000
  -19.897   -8.460   -7.746   -7.277    3.359    4.260    4.715    5.899
            0.138000  0.239023  0.000000
  -19.903   -8.447   -7.754   -7.267    3.350    4.252    4.706    5.913
            0.137667  0.238446  0.000000
  -19.910   -8.435   -7.761   -7.257    3.341    4.243    4.697    5.928
            0.137333  0.237868  0.000000
  -19.916   -8.423   -7.768   -7.247    3.333    4.234    4.688    5.942
            0.137000  0.237291  0.000000
  -19.922   -8.410   -7.776   -7.237    3.324    4.225    4.679    5.957
            0.136667  0.236714  0.000000
  -19.929   -8.398   -7.783   -7.227    3.315    4.216    4.670    5.971
            0.136333  0.236136  0.000000
  -19.935   -8.385   -7.791   -7.217    3.306    4.208    4.661    5.986
            0.136000  0.235559  0.000000
  -19.942   -8.373   -7.798   -7.207    3.298    4.199    4.652    6.000
            0.135667  0.234982  0.000000
  -19.948   -8.361   -7.806   -7.197    3.289    4.190    4.644    6.015
            0.135333  0.234404  0.000000
  -19.954   -8.348   -7.813   -7.187    3.280    4.182    4.635    6.029
            0.135000  0.233827  0.000000
  -19.960   -8.336   -7.820   -7.177    3.272    4.173    4.626    6.044
            0.134667  0.233250  0.000000
  -19.967   -8.323   -7.828   -7.167    3.263    4.164    4.617    6.058
            0.134333  0.232672  0.000000
  -19.973   -8.311   -7.835   -7.157    3.254    4.156    4.608    6.073
            0.134000  0.232095  0.000000
  -19.979   -8.299   -7.842   -7.147    3.246    4.147    4.600    6.087
            0.133667  0.231517  0.000000
  -19.985   -8.286   -7.849   -7.137    3.237    4.138    4.591    6.102
            0.133333  0.230940  0.000000
  -19.992   -8.274   -7.857   -7.127    3.229    4.130    4.582    6.116
            0.133000  0.230363  0.000000
  -19.998   -8.261   -7.864   -7.117    3.220    4.121    4.573    6.131
            0.132667  0.229785  0.000000
  -20.004   -8.249   -7.871   -7.108    3.212    4.113    4.565    6.145
            0.132333  0.229208  0.000000
  -20.010   -8.236   -7.878   -7.098    3.203    4.104    4.556    6.159
            0.132000  0.228631  0.000000
  -20.016   -8.224   -7.886   -7.088    3.195    4.096    4.547    6.174
            0.131667  0.228053  0.000000
  -20.022   -8.212   -7.893   -7.078    3.186    4.087    4.539    6.188
            0.131333  0.227476  0.000000
  -20.029   -8.199   -7.900   -7.068    3.178    4.079    4.530    6.202
            0.131000  0.226899  0.000000
  -20.035   -8.187   -7.907   -7.058    3.169    4.071    4.522    6.217
            0.130667  0.226321  0.000000
  -20.041   -8.174   -7.914   -7.048    3.161    4.062    4.513    6.231
            0.130333  0.225744  0.000000
  -20.047   -8.162   -7.921   -7.039    3.153    4.054    4.505    6.245
            0.130000  0.225167  0.000000
  -20.053   -8.149   -7.929   -7.029    3.144    4.045    4.496    6.260
            0.129667  0.224589  0.000000
  -20.059   -8.137   -7.936   -7.019    3.136    4.037    4.488    6.274
            0.129333  0.224012  0.000000
  -20.065   -8.125   -7.943   -7.009    3.128    4.029    4.479    6.288
            0.129000  0.223435  0.000000
  -20.071   -8.112   -7.950   -7.000    3.119    4.021    4.471    6.303
            0.128667  0.222857  0.000000
  -20.077   -8.100   -7.957   -6.990    3.111    4.012    4.462    6.317
            0.128333  0.222280  0.000000
  -20.083   -8.087   -7.964   -6.980    3.103    4.004    4.454    6.318
            0.128000  0.221703  0.000000
  -20.089   -8.075   -7.971   -6.970    3.095    3.996    4.446    6.309
            0.127667  0.221125  0.000000
  -20.095   -8.063   -7.978   -6.961    3.086    3.988    4.437    6.301
            0.127333  0.220548  0.000000
  -20.101   -8.050   -7.985   -6.951    3.078    3.979    4.429    6.293
            0.127000  0.219970  0.000000
  -20.107   -8.038   -7.992   -6.941    3.070    3.971    4.421    6.285
            0.126667  0.219393  0.000000
  -20.113   -8.025   -7.999   -6.931    3.062    3.963    4.412    6.277
            0.126333  0.218816  0.000000
  -20.118   -8.013   -8.006   -6.922    3.054    3.955    4.404    6.269
            0.126000  0.218238  0.000000
  -20.124   -8.012   -8.001   -6.912    3.046    3.947    4.396    6.261
            0.125667  0.217661  0.000000
  -20.130   -8.019   -7.988   -6.902    3.038    3.939    4.388    6.253
            0.125333  0.217084  0.000000
  -20.136   -8.026   -7.976   -6.893    3.030    3.931    4.379    6.245
            0.125000  0.216506  0.000000
  -20.142   -8.033   -7.963   -6.883    3.022    3.923    4.371    6.237
            0.124667  0.215929  0.000000
  -20.148   -8.040   -7.951   -6.873    3.014    3.915    4.363    6.229
            0.124333  0.215352  0.000000
  -20.153   -8.047   -7.939   -6.864    3.006    3.907    4.355    6.221
            0.124000  0.214774  0.000000
  -20.159   -8.053   -7.926   -6.854    2.998    3.899    4.347    6.214
            0.123667  0.214197  0.000000
  -20.165   -8.060   -7.914   -6.845    2.990    3.891    4.339    6.206
            0.123333  0.213620  0.000000
  -20.171   -8.067   -7.901   -6.835    2.982    3.883    4.331    6.198
            0.123000  0.213042  0.000000
  -20.177   -8.074   -7.889   -6.825    2.974    3.875    4.323    6.190
            0.122667  0.212465  0.000000
  -20.182   -8.081   -7.877   -6.816    2.966    3.867    4.315    6.182
            0.122333  0.211888  0.000000
  -20.188   -8.087   -7.864   -6.806    2.958    3.859    4.307    6.174
            0.122000  0.211310  0.000000
  -20.194   -8.094   -7.852   -6.797    2.950    3.851    4.299    6.167
            0.121667  0.210733  0.000000
  -20.199   -8.101   -7.840   -6.787    2.942    3.844    4.291    6.159
            0.121333  0.210155  0.000000
  -20.205   -8.107   -7.827   -6.778    2.935    3.836    4.283    6.151
            0.121000  0.209578  0.000000
  -20.211   -8.114   -7.815   -6.768    2.927    3.828    4.275    6.144
            0.120667  0.209001  0.000000
  -20.216   -8.121   -7.802   -6.759    2.919    3.820    4.267    6.136
            0.120333  0.208423  0.000000
  -20.222   -8.127   -7.790   -6.749    2.911    3.812    4.259    6.128
            0.120000  0.207846  0.000000
  -20.228   -8.134   -7.778   -6.740    2.904    3.805    4.251    6.121
            0.119667  0.207269  0.000000
  -20.233   -8.140   -7.765   -6.730    2.896    3.797    4.243    6.113
            0.119333  0.206691  0.000000
  -20.239   -8.147   -7.753   -6.721    2.888    3.789    4.236    6.105
            0.119000  0.206114  0.000000
  -20.244   -8.153   -7.741   -6.711    2.881    3.782    4.228    6.098
            0.118667  0.205537  0.000000
  -20.250   -8.160   -7.728   -6.702    2.873    3.774    4.220    6.090
            0.118333  0.204959  0.000000
  -20.255   -8.166   -7.716   -6.693    2.866    3.766    4.212    6.083
            0.118000  0.204382  0.000000
  -20.261   -8.173   -7.704   -6.683    2.858    3.759    4.205    6.075
            0.117667  0.203805  0.000000
  -20.266   -8.179   -7.691   -6.674    2.850    3.751    4.197    6.068
            0.117333  0.203227  0.000000
  -20.272   -8.186   -7.679   -6.664    2.843    3.744    4.189    6.060
            0.117000  0.202650  0.000000
  -20.277   -8.192   -7.667   -6.655    2.835    3.736    4.182    6.053
            0.116667  0.202073  0.000000
  -20.283   -8.199   -7.654   -6.646    2.828    3.729    4.174    6.045
            0.116333  0.201495  0.000000
  -20.288   -8.205   -7.642   -6.636    2.820    3.721    4.166    6.038
            0.116000  0.200918  0.000000
  -20.294   -8.212   -7.630   -6.627    2.813    3.714    4.159    6.031
            0.115667  0.200341  0.000000
  -20.299   -8.218   -7.617   -6.618    2.805    3.706    4.151    6.023
            0.115333  0.199763  0.000000
  -20.304   -8.224   -7.605   -6.609    2.798    3.699    4.144    6.016
            0.115000  0.199186  0.000000
  -20.310   -8.231   -7.593   -6.599    2.791    3.691    4.136    6.008
            0.114667  0.198608  0.000000
  -20.315   -8.237   -7.580   -6.590    2.783    3.684    4.129    6.001
            0.114333  0.198031  0.000000
  -20.320   -8.243   -7.568   -6.581    2.776    3.677    4.121    5.994
            0.114000  0.197454  0.000000
  -20.326   -8.250   -7.556   -6.572    2.769    3.669    4.114    5.987
            0.113667  0.196876  0.000000
  -20.331   -8.256   -7.544   -6.562    2.761    3.662    4.106    5.979
            0.113333  0.196299  0.000000
  -20.336   -8.262   -7.531   -6.553    2.754    3.655    4.099    5.972
            0.113000  0.195722  0.000000
  -20.342   -8.268   -7.519   -6.544    2.747    3.647    4.092    5.965
            0.112667  0.195144  0.000000
  -20.347   -8.274   -7.507   -6.535    2.740    3.640    4.084    5.958
            0.112333  0.194567  0.000000
  -20.352   -8.281   -7.495   -6.526    2.732    3.633    4.077    5.951
            0.112000  0.193990  0.000000
  -20.357   -8.287   -7.482   -6.517    2.725    3.626    4.069    5.943
            0.111667  0.193412  0.000000
  -20.363   -8.293   -7.470   -6.507    2.718    3.619    4.062    5.936
            0.111333  0.192835  0.000000
  -20.368   -8.299   -7.458   -6.498    2.711    3.611    4.055    5.929
            0.111000  0.192258  0.000000
  -20.373   -8.305   -7.446   -6.489    2.704    3.604    4.048    5.922
            0.110667  0.191680  0.000000
  -20.378   -8.311   -7.433   -6.480    2.697    3.597    4.040    5.915
            0.110333  0.191103  0.000000
  -20.383   -8.317   -7.421   -6.471    2.689    3.590    4.033    5.908
            0.110000  0.190526  0.000000
  -20.389   -8.324   -7.409   -6.462    2.682    3.583    4.026    5.901
            0.109667  0.189948  0.000000
  -20.394   -8.330   -7.397   -6.453    2.675    3.576    4.019    5.894
            0.109333  0.189371  0.000000
  -20.399   -8.336   -7.385   -6.444    2.668    3.569    4.012    5.887
            0.109000  0.188794  0.000000
  -20.404   -8.342   -7.372   -6.435    2.661    3.562    4.005    5.880
            0.108667  0.188216  0.000000
  -20.409   -8.348   -7.360   -6.426    2.654    3.555    3.997    5.873
            0.108333  0.187639  0.000000
  -20.414   -8.354   -7.348   -6.417    2.647    3.548    3.990    5.866
            0.108000  0.187061  0.000000
  -20.419   -8.360   -7.336   -6.408    2.640    3.541    3.983    5.859
            0.107667  0.186484  0.000000
  -20.424   -8.366   -7.324   -6.399    2.634    3.534    3.976    5.853
            0.107333  0.185907  0.000000
  -20.429   -8.372   -7.311   -6.390    2.627    3.527    3.969    5.846
            0.107000  0.185329  0.000000
  -20.434   -8.377   -7.299   -6.381    2.620    3.520    3.962    5.839
            0.106667  0.184752  0.000000
  -20.439   -8.383   -7.287   -6.372    2.613    3.513    3.955    5.832
            0.106333  0.184175  0.000000
  -20.444   -8.389   -7.275   -6.363    2.606    3.506    3.948    5.825
            0.106000  0.183597  0.000000
  -20.449   -8.395   -7.263   -6.355    2.599    3.499    3.941    5.818
            0.105667  0.183020  0.000000
  -20.454   -8.401   -7.251   -6.346    2.592    3.493    3.934    5.812
            0.105333  0.182443  0.000000
  -20.459   -8.407   -7.239   -6.337    2.586    3.486    3.928    5.805
            0.105000  0.181865  0.000000
  -20.464   -8.413   -7.227   -6.328    2.579    3.479    3.921    5.798
            0.104667  0.181288  0.000000
  -20.469   -8.418   -7.214   -6.319    2.572    3.472    3.914    5.792
            0.104333  0.180711  0.000000
  -20.474   -8.424   -7.202   -6.310    2.566    3.466    3.907    5.785
            0.104000  0.180133  0.000000
  -20.479   -8.430   -7.190   -6.302    2.559    3.459    3.900    5.778
            0.103667  0.179556  0.000000
  -20.484   -8.436   -7.178   -6.293    2.552    3.452    3.893    5.772
            0.103333  0.178979  0.000000
  -20.488   -8.441   -7.166   -6.284    2.546    3.446    3.887    5.765
            0.103000  0.178401  0.000000
  -20.493   -8.447   -7.154   -6.275    2.539    3.439    3.880    5.759
            0.102667  0.177824  0.000000
  -20.498   -8.453   -7.142   -6.267    2.532    3.432    3.873    5.752
            0.102333  0.177247  0.000000
  -20.503   -8.459   -7.130   -6.258    2.526    3.426    3.867    5.745
            0.102000  0.176669  0.000000
  -20.508   -8.464   -7.118   -6.249    2.519    3.419    3.860    5.739
            0.101667  0.176092  0.000000
  -20.512   -8.470   -7.106   -6.241    2.513    3.412    3.853    5.732
            0.101333  0.175514  0.000000
  -20.517   -8.475   -7.094   -6.232    2.506    3.406    3.847    5.726
            0.101000  0.174937  0.000000
  -20.522   -8.481   -7.082   -6.224    2.500    3.399    3.840    5.719
            0.100667  0.174360  0.000000
  -20.527   -8.487   -7.070   -6.215    2.493    3.393    3.833    5.713
            0.100333  0.173782  0.000000
  -20.531   -8.492   -7.058   -6.206    2.487    3.386    3.827    5.707
            0.100000  0.173205  0.000000
  -20.536   -8.498   -7.046   -6.198    2.480    3.380    3.820    5.700
            0.099667  0.172628  0.000000
  -20.541   -8.503   -7.034   -6.189    2.474    3.374    3.814    5.694
            0.099333  0.172050  0.000000
  -20.545   -8.509   -7.022   -6.181    2.467    3.367    3.807    5.688
            0.099000  0.171473  0.000000
  -20.550   -8.514   -7.010   -6.172    2.461    3.361    3.801    5.681
            0.098667  0.170896  0.000000
  -20.555   -8.520   -6.998   -6.164    2.455    3.354    3.794    5.675
            0.098333  0.170318  0.000000
  -20.559   -8.525   -6.986   -6.155    2.448    3.348    3.788    5.669
            0.098000  0.169741  0.000000
  -20.564   -8.531   -6.975   -6.147    2.442    3.342    3.782    5.662
            0.097667  0.169164  0.000000
  -20.568   -8.536   -6.963   -6.138    2.436    3.335    3.775    5.656
            0.097333  0.168586  0.000000
  -20.573   -8.541   -6.951   -6.130    2.430    3.329    3.769    5.650
            0.097000  0.168009  0.000000
  -20.577   -8.547   -6.939   -6.122    2.423    3.323    3.762    5.644
            0.096667  0.167432  0.000000
  -20.582   -8.552   -6.927   -6.113    2.417    3.317    3.756    5.637
            0.096333  0.166854  0.000000
  -20.587   -8.558   -6.915   -6.105    2.411    3.310    3.750    5.631
            0.096000  0.166277  0.000000
  -20.591   -8.563   -6.903   -6.096    2.405    3.304    3.744    5.625
            0.095667  0.165700  0.000000
  -20.596   -8.568   -6.892   -6.088    2.399    3.298    3.737    5.619
            0.095333  0.165122  0.000000
  -20.600   -8.574   -6.880   -6.080    2.393    3.292    3.731    5.613
            0.095000  0.164545  0.000000
  -20.604   -8.579   -6.868   -6.071    2.386    3.286    3.725    5.607
            0.094667  0.163967  0.000000
  -20.609   -8.584   -6.856   -6.063    2.380    3.280    3.719    5.601
            0.094333  0.163390  0.000000
  -20.613   -8.589   -6.844   -6.055    2.374    3.274    3.712    5.595
            0.094000  0.162813  0.000000
  -20.618   -8.595   -6.833   -6.047    2.368    3.267    3.706    5.589
            0.093667  0.162235  0.000000
  -20.622   -8.600   -6.821   -6.039    2.362    3.261    3.700    5.583
            0.093333  0.161658  0.000000
  -20.627   -8.605   -6.809   -6.030    2.356    3.255    3.694    5.577
            0.093000  0.161081  0.000000
  -20.631   -8.610   -6.797   -6.022    2.350    3.249    3.688    5.571
            0.092667  0.160503  0.000000
  -20.635   -8.615   -6.786   -6.014    2.344    3.243    3.682    5.565
            0.092333  0.159926  0.000000
  -20.640   -8.620   -6.774   -6.006    2.338    3.237    3.676    5.559
            0.092000  0.159349  0.000000
  -20.644   -8.626   -6.762   -5.998    2.332    3.232    3.670    5.553
            0.091667  0.158771  0.000000
  -20.648   -8.631   -6.751   -5.990    2.327    3.226    3.664    5.547
            0.091333  0.158194  0.000000
  -20.652   -8.636   -6.739   -5.982    2.321    3.220    3.658    5.541
            0.091000  0.157617  0.000000
  -20.657   -8.641   -6.727   -5.974    2.315    3.214    3.652    5.536
            0.090667  0.157039  0.000000
  -20.661   -8.646   -6.716   -5.966    2.309    3.208    3.646    5.530
            0.090333  0.156462  0.000000
  -20.665   -8.651   -6.704   -5.957    2.303    3.202    3.640    5.524
            0.090000  0.155885  0.000000
  -20.669   -8.656   -6.693   -5.949    2.297    3.196    3.634    5.518
            0.089667  0.155307  0.000000
  -20.674   -8.661   -6.681   -5.942    2.292    3.191    3.628    5.512
            0.089333  0.154730  0.000000
  -20.678   -8.666   -6.669   -5.934    2.286    3.185    3.622    5.507
            0.089000  0.154153  0.000000
  -20.682   -8.671   -6.658   -5.926    2.280    3.179    3.617    5.501
            0.088667  0.153575  0.000000
  -20.686   -8.676   -6.646   -5.918    2.274    3.173    3.611    5.495
            0.088333  0.152998  0.000000
  -20.690   -8.681   -6.635   -5.910    2.269    3.168    3.605    5.490
            0.088000  0.152420  0.000000
  -20.695   -8.686   -6.623   -5.902    2.263    3.162    3.599    5.484
            0.087667  0.151843  0.000000
  -20.699   -8.691   -6.612   -5.894    2.257    3.156    3.594    5.478
            0.087333  0.151266  0.000000
  -20.703   -8.695   -6.600   -5.886    2.252    3.151    3.588    5.473
            0.087000  0.150688  0.000000
  -20.707   -8.700   -6.589   -5.878    2.246    3.145    3.582    5.467
            0.086667  0.150111  0.000000
  -20.711   -8.705   -6.577   -5.871    2.241    3.139    3.577    5.462
            0.086333  0.149534  0.000000
  -20.715   -8.710   -6.566   -5.863    2.235    3.134    3.571    5.456
            0.086000  0.148956  0.000000
  -20.719   -8.715   -6.555   -5.855    2.230    3.128    3.565    5.451
            0.085667  0.148379  0.000000
  -20.723   -8.720   -6.543   -5.847    2.224    3.123    3.560    5.445
            0.085333  0.147802  0.000000
  -20.727   -8.724   -6.532   -5.840    2.219    3.117    3.554    5.440
            0.085000  0.147224  0.000000
  -20.731   -8.729   -6.520   -5.832    2.213    3.112    3.548    5.434
            0.084667  0.146647  0.000000
  -20.735   -8.734   -6.509   -5.824    2.208    3.106    3.543    5.429
            0.084333  0.146070  0.000000
  -20.739   -8.738   -6.498   -5.817    2.202    3.101    3.537    5.423
            0.084000  0.145492  0.000000
  -20.743   -8.743   -6.486   -5.809    2.197    3.095    3.532    5.418
            0.083667  0.144915  0.000000
  -20.747   -8.748   -6.475   -5.802    2.191    3.090    3.526    5.413
            0.083333  0.144338  0.000000
  -20.751   -8.753   -6.464   -5.794    2.186    3.084    3.521    5.407
            0.083000  0.143760  0.000000
  -20.755   -8.757   -6.453   -5.786    2.181    3.079    3.516    5.402
            0.082667  0.143183  0.000000
  -20.759   -8.762   -6.441   -5.779    2.175    3.074    3.510    5.397
            0.082333  0.142606  0.000000
  -20.762   -8.766   -6.430   -5.771    2.170    3.068    3.505    5.391
            0.082000  0.142028  0.000000
  -20.766   -8.771   -6.419   -5.764    2.165    3.063    3.499    5.386
            0.081667  0.141451  0.000000
  -20.770   -8.776   -6.408   -5.756    2.160    3.058    3.494    5.381
            0.081333  0.140873  0.000000
  -20.774   -8.780   -6.397   -5.749    2.154    3.053    3.489    5.376
            0.081000  0.140296  0.000000
  -20.778   -8.785   -6.386   -5.742    2.149    3.047    3.483    5.371
            0.080667  0.139719  0.000000
  -20.782   -8.789   -6.374   -5.734    2.144    3.042    3.478    5.365
            0.080333  0.139141  0.000000
  -20.785   -8.794   -6.363   -5.727    2.139    3.037    3.473    5.360
            0.080000  0.138564  0.000000
  -20.789   -8.798   -6.352   -5.719    2.134    3.032    3.468    5.355
            0.079667  0.137987  0.000000
  -20.793   -8.803   -6.341   -5.712    2.129    3.027    3.462    5.350
            0.079333  0.137409  0.000000
  -20.797   -8.807   -6.330   -5.705    2.123    3.022    3.457    5.345
            0.079000  0.136832  0.000000
  -20.800   -8.811   -6.319   -5.698    2.118    3.016    3.452    5.340
            0.078667  0.136255  0.000000
  -20.804   -8.816   -6.308   -5.690    2.113    3.011    3.447    5.335
            0.078333  0.135677  0.000000
  -20.808   -8.820   -6.297   -5.683    2.108    3.006    3.442    5.330
            0.078000  0.135100  0.000000
  -20.811   -8.825   -6.286   -5.676    2.103    3.001    3.437    5.325
            0.077667  0.134523  0.000000
  -20.815   -8.829   -6.275   -5.669    2.098    2.996    3.432    5.320
            0.077333  0.133945  0.000000
  -20.819   -8.833   -6.264   -5.662    2.093    2.991    3.427    5.315
            0.077000  0.133368  0.000000
  -20.822   -8.838   -6.253   -5.654    2.088    2.986    3.422    5.310
            0.076667  0.132791  0.000000
  -20.826   -8.842   -6.243   -5.647    2.083    2.981    3.417    5.305
            0.076333  0.132213  0.000000
  -20.830   -8.846   -6.232   -5.640    2.079    2.976    3.412    5.300
            0.076000  0.131636  0.000000
  -20.833   -8.850   -6.221   -5.633    2.074    2.971    3.407    5.295
            0.075667  0.131059  0.000000
  -20.837   -8.855   -6.210   -5.626    2.069    2.966    3.402    5.290
            0.075333  0.130481  0.000000
  -20.840   -8.859   -6.199   -5.619    2.064    2.962    3.397    5.285
            0.075000  0.129904  0.000000
  -20.844   -8.863   -6.189   -5.612    2.059    2.957    3.392    5.281
            0.074667  0.129326  0.000000
  -20.847   -8.867   -6.178   -5.605    2.054    2.952    3.387    5.276
            0.074333  0.128749  0.000000
  -20.851   -8.871   -6.167   -5.598    2.050    2.947    3.382    5.271
            0.074000  0.128172  0.000000
  -20.854   -8.876   -6.156   -5.591    2.045    2.942    3.377    5.266
            0.073667  0.127594  0.000000
  -20.858   -8.880   -6.146   -5.584    2.040    2.938    3.372    5.262
            0.073333  0.127017  0.000000
  -20.861   -8.884   -6.135   -5.577    2.035    2.933    3.368    5.257
            0.073000  0.126440  0.000000
  -20.865   -8.888   -6.124   -5.571    2.031    2.928    3.363    5.252
            0.072667  0.125862  0.000000
  -20.868   -8.892   -6.114   -5.564    2.026    2.923    3.358    5.248
            0.072333  0.125285  0.000000
  -20.871   -8.896   -6.103   -5.557    2.021    2.919    3.353    5.243
            0.072000  0.124708  0.000000
  -20.875   -8.900   -6.093   -5.550    2.017    2.914    3.349    5.238
            0.071667  0.124130  0.000000
  -20.878   -8.904   -6.082   -5.543    2.012    2.909    3.344    5.234
            0.071333  0.123553  0.000000
  -20.882   -8.908   -6.072   -5.537    2.007    2.905    3.339    5.229
            0.071000  0.122976  0.000000
  -20.885   -8.912   -6.061   -5.530    2.003    2.900    3.335    5.225
            0.070667  0.122398  0.000000
  -20.888   -8.916   -6.051   -5.523    1.998    2.896    3.330    5.220
            0.070333  0.121821  0.000000
  -20.892   -8.920   -6.040   -5.517    1.994    2.891    3.325    5.216
            0.070000  0.121244  0.000000
  -20.895   -8.924   -6.030   -5.510    1.989    2.887    3.321    5.211
            0.069667  0.120666  0.000000
  -20.898   -8.928   -6.020   -5.503    1.985    2.882    3.316    5.207
            0.069333  0.120089  0.000000
  -20.901   -8.932   -6.009   -5.497    1.980    2.878    3.312    5.202
            0.069000  0.119512  0.000000
  -20.905   -8.936   -5.999   -5.490    1.976    2.873    3.307    5.198
            0.068667  0.118934  0.000000
  -20.908   -8.939   -5.989   -5.484    1.971    2.869    3.303    5.193
            0.068333  0.118357  0.000000
  -20.911   -8.943   -5.978   -5.477    1.967    2.864    3.298    5.189
            0.068000  0.117779  0.000000
  -20.914   -8.947   -5.968   -5.471    1.963    2.860    3.294    5.184
            0.067667  0.117202  0.000000
  -20.918   -8.951   -5.958   -5.464    1.958    2.855    3.289    5.180
            0.067333  0.116625  0.000000
  -20.921   -8.955   -5.948   -5.458    1.954    2.851    3.285    5.176
            0.067000  0.116047  0.000000
  -20.924   -8.958   -5.938   -5.451    1.950    2.847    3.281    5.172
            0.066667  0.115470  0.000000
  -20.927   -8.962   -5.928   -5.445    1.945    2.842    3.276    5.167
            0.066333  0.114893  0.000000
  -20.930   -8.966   -5.917   -5.439    1.941    2.838    3.272    5.163
            0.066000  0.114315  0.000000
  -20.933   -8.970   -5.907   -5.432    1.937    2.834    3.268    5.159
            0.065667  0.113738  0.000000
  -20.936   -8.973   -5.897   -5.426    1.933    2.830    3.263    5.154
            0.065333  0.113161  0.000000
  -20.939   -8.977   -5.887   -5.420    1.928    2.825    3.259    5.150
            0.065000  0.112583  0.000000
  -20.943   -8.981   -5.877   -5.414    1.924    2.821    3.255    5.146
            0.064667  0.112006  0.000000
  -20.946   -8.984   -5.867   -5.407    1.920    2.817    3.250    5.142
            0.064333  0.111429  0.000000
  -20.949   -8.988   -5.857   -5.401    1.916    2.813    3.246    5.138
            0.064000  0.110851  0.000000
  -20.952   -8.991   -5.848   -5.395    1.912    2.809    3.242    5.134
            0.063667  0.110274  0.000000
  -20.955   -8.995   -5.838   -5.389    1.908    2.804    3.238    5.130
            0.063333  0.109697  0.000000
  -20.958   -8.999   -5.828   -5.383    1.904    2.800    3.234    5.126
            0.063000  0.109119  0.000000
  -20.961   -9.002   -5.818   -5.377    1.900    2.796    3.230    5.122
            0.062667  0.108542  0.000000
  -20.964   -9.006   -5.808   -5.371    1.896    2.792    3.226    5.117
            0.062333  0.107965  0.000000
  -20.966   -9.009   -5.799   -5.365    1.892    2.788    3.221    5.113
            0.062000  0.107387  0.000000
  -20.969   -9.013   -5.789   -5.359    1.888    2.784    3.217    5.109
            0.061667  0.106810  0.000000
  -20.972   -9.016   -5.779   -5.353    1.884    2.780    3.213    5.106
            0.061333  0.106232  0.000000
  -20.975   -9.020   -5.769   -5.347    1.880    2.776    3.209    5.102
            0.061000  0.105655  0.000000
  -20.978   -9.023   -5.760   -5.341    1.876    2.772    3.205    5.098
            0.060667  0.105078  0.000000
  -20.981   -9.026   -5.750   -5.335    1.872    2.768    3.201    5.094
            0.060333  0.104500  0.000000
  -20.984   -9.030   -5.741   -5.329    1.868    2.764    3.197    5.090
            0.060000  0.103923  0.000000
  -20.987   -9.033   -5.731   -5.323    1.864    2.761    3.193    5.086
            0.059667  0.103346  0.000000
  -20.989   -9.036   -5.722   -5.317    1.860    2.757    3.190    5.082
            0.059333  0.102768  0.000000
  -20.992   -9.040   -5.712   -5.312    1.856    2.753    3.186    5.078
            0.059000  0.102191  0.000000
  -20.995   -9.043   -5.703   -5.306    1.853    2.749    3.182    5.075
            0.058667  0.101614  0.000000
  -20.998   -9.046   -5.693   -5.300    1.849    2.745    3.178    5.071
            0.058333  0.101036  0.000000
  -21.001   -9.050   -5.684   -5.295    1.845    2.741    3.174    5.067
            0.058000  0.100459  0.000000
  -21.003   -9.053   -5.675   -5.289    1.841    2.738    3.170    5.063
            0.057667  0.099882  0.000000
  -21.006   -9.056   -5.665   -5.283    1.838    2.734    3.167    5.060
            0.057333  0.099304  0.000000
  -21.009   -9.059   -5.656   -5.278    1.834    2.730    3.163    5.056
            0.057000  0.098727  0.000000
  -21.011   -9.063   -5.647   -5.272    1.830    2.727    3.159    5.052
            0.056667  0.098150  0.000000
  -21.014   -9.066   -5.638   -5.266    1.827    2.723    3.155    5.049
            0.056333  0.097572  0.000000
  -21.017   -9.069   -5.629   -5.261    1.823    2.719    3.152    5.045
            0.056000  0.096995  0.000000
  -21.019   -9.072   -5.620   -5.255    1.819    2.716    3.148    5.041
            0.055667  0.096417  0.000000
  -21.022   -9.075   -5.610   -5.250    1.816    2.712    3.144    5.038
            0.055333  0.095840  0.000000
  -21.025   -9.078   -5.601   -5.244    1.812    2.708    3.141    5.034
            0.055000  0.095263  0.000000
  -21.027   -9.082   -5.592   -5.239    1.809    2.705    3.137    5.031
            0.054667  0.094685  0.000000
  -21.030   -9.085   -5.583   -5.234    1.805    2.701    3.134    5.027
            0.054333  0.094108  0.000000
  -21.032   -9.088   -5.575   -5.228    1.802    2.698    3.130    5.024
            0.054000  0.093531  0.000000
  -21.035   -9.091   -5.566   -5.223    1.798    2.694    3.127    5.020
            0.053667  0.092953  0.000000
  -21.037   -9.094   -5.557   -5.218    1.795    2.691    3.123    5.017
            0.053333  0.092376  0.000000
  -21.040   -9.097   -5.548   -5.212    1.791    2.687    3.120    5.013
            0.053000  0.091799  0.000000
  -21.043   -9.100   -5.539   -5.207    1.788    2.684    3.116    5.010
            0.052667  0.091221  0.000000
  -21.045   -9.103   -5.530   -5.202    1.785    2.680    3.113    5.007
            0.052333  0.090644  0.000000
  -21.047   -9.106   -5.522   -5.197    1.781    2.677    3.109    5.003
            0.052000  0.090067  0.000000
  -21.050   -9.109   -5.513   -5.192    1.778    2.674    3.106    5.000
            0.051667  0.089489  0.000000
  -21.052   -9.112   -5.504   -5.187    1.775    2.670    3.102    4.996
            0.051333  0.088912  0.000000
  -21.055   -9.114   -5.496   -5.181    1.771    2.667    3.099    4.993
            0.051000  0.088335  0.000000
  -21.057   -9.117   -5.487   -5.176    1.768    2.664    3.096    4.990
            0.050667  0.087757  0.000000
  -21.060   -9.120   -5.479   -5.171    1.765    2.660    3.092    4.987
            0.050333  0.087180  0.000000
  -21.062   -9.123   -5.470   -5.166    1.761    2.657    3.089    4.983
            0.050000  0.086603  0.000000
  -21.064   -9.126   -5.462   -5.161    1.758    2.654    3.086    4.980
            0.049667  0.086025  0.000000
  -21.067   -9.129   -5.453   -5.156    1.755    2.651    3.083    4.977
            0.049333  0.085448  0.000000
  -21.069   -9.131   -5.445   -5.151    1.752    2.647    3.079    4.974
            0.049000  0.084870  0.000000
  -21.071   -9.134   -5.437   -5.147    1.749    2.644    3.076    4.971
            0.048667  0.084293  0.000000
  -21.074   -9.137   -5.428   -5.142    1.746    2.641    3.073    4.967
            0.048333  0.083716  0.000000
  -21.076   -9.140   -5.420   -5.137    1.742    2.638    3.070    4.964
            0.048000  0.083138  0.000000
  -21.078   -9.142   -5.412   -5.132    1.739    2.635    3.067    4.961
            0.047667  0.082561  0.000000
  -21.080   -9.145   -5.404   -5.127    1.736    2.632    3.063    4.958
            0.047333  0.081984  0.000000
  -21.083   -9.148   -5.396   -5.123    1.733    2.629    3.060    4.955
            0.047000  0.081406  0.000000
  -21.085   -9.150   -5.388   -5.118    1.730    2.626    3.057    4.952
            0.046667  0.080829  0.000000
  -21.087   -9.153   -5.380   -5.113    1.727    2.623    3.054    4.949
            0.046333  0.080252  0.000000
  -21.089   -9.156   -5.372   -5.109    1.724    2.620    3.051    4.946
            0.046000  0.079674  0.000000
  -21.091   -9.158   -5.364   -5.104    1.721    2.617    3.048    4.943
            0.045667  0.079097  0.000000
  -21.094   -9.161   -5.356   -5.099    1.718    2.614    3.045    4.940
            0.045333  0.078520  0.000000
  -21.096   -9.163   -5.348   -5.095    1.715    2.611    3.042    4.937
            0.045000  0.077942  0.000000
  -21.098   -9.166   -5.340   -5.090    1.712    2.608    3.039    4.934
            0.044667  0.077365  0.000000
  -21.100   -9.168   -5.332   -5.086    1.710    2.605    3.036    4.932
            0.044333  0.076788  0.000000
  -21.102   -9.171   -5.325   -5.081    1.707    2.602    3.033    4.929
            0.044000  0.076210  0.000000
  -21.104   -9.173   -5.317   -5.077    1.704    2.599    3.031    4.926
            0.043667  0.075633  0.000000
  -21.106   -9.176   -5.309   -5.073    1.701    2.596    3.028    4.923
            0.043333  0.075056  0.000000
  -21.108   -9.178   -5.302   -5.068    1.698    2.594    3.025    4.920
            0.043000  0.074478  0.000000
  -21.110   -9.181   -5.294   -5.064    1.696    2.591    3.022    4.917
            0.042667  0.073901  0.000000
  -21.112   -9.183   -5.287   -5.059    1.693    2.588    3.019    4.915
            0.042333  0.073323  0.000000
  -21.114   -9.186   -5.279   -5.055    1.690    2.585    3.016    4.912
            0.042000  0.072746  0.000000
  -21.116   -9.188   -5.272   -5.051    1.687    2.582    3.014    4.909
            0.041667  0.072169  0.000000
  -21.118   -9.190   -5.265   -5.047    1.685    2.580    3.011    4.907
            0.041333  0.071591  0.000000
  -21.120   -9.193   -5.257   -5.043    1.682    2.577    3.008    4.904
            0.041000  0.071014  0.000000
  -21.122   -9.195   -5.250   -5.038    1.679    2.574    3.006    4.901
            0.040667  0.070437  0.000000
  -21.124   -9.197   -5.243   -5.034    1.677    2.572    3.003    4.899
            0.040333  0.069859  0.000000
  -21.126   -9.200   -5.236   -5.030    1.674    2.569    3.000    4.896
            0.040000  0.069282  0.000000
  -21.128   -9.202   -5.228   -5.026    1.672    2.567    2.998    4.894
            0.039667  0.068705  0.000000
  -21.130   -9.204   -5.221   -5.022    1.669    2.564    2.995    4.891
            0.039333  0.068127  0.000000
  -21.132   -9.206   -5.214   -5.018    1.666    2.561    2.992    4.888
            0.039000  0.067550  0.000000
  -21.134   -9.208   -5.207   -5.014    1.664    2.559    2.990    4.886
            0.038667  0.066973  0.000000
  -21.135   -9.211   -5.200   -5.010    1.661    2.556    2.987    4.883
            0.038333  0.066395  0.000000
  -21.137   -9.213   -5.194   -5.006    1.659    2.554    2.985    4.881
            0.038000  0.065818  0.000000
  -21.139   -9.215   -5.187   -5.002    1.657    2.551    2.982    4.878
            0.037667  0.065241  0.000000
  -21.141   -9.217   -5.180   -4.999    1.654    2.549    2.980    4.876
            0.037333  0.064663  0.000000
  -21.143   -9.219   -5.173   -4.995    1.652    2.547    2.977    4.874
            0.037000  0.064086  0.000000
  -21.144   -9.221   -5.167   -4.991    1.649    2.544    2.975    4.871
            0.036667  0.063509  0.000000
  -21.146   -9.223   -5.160   -4.987    1.647    2.542    2.973    4.869
            0.036333  0.062931  0.000000
  -21.148   -9.225   -5.153   -4.984    1.645    2.539    2.970    4.867
            0.036000  0.062354  0.000000
  -21.149   -9.228   -5.147   -4.980    1.642    2.537    2.968    4.864
            0.035667  0.061776  0.000000
  -21.151   -9.230   -5.140   -4.976    1.640    2.535    2.966    4.862
            0.035333  0.061199  0.000000
  -21.153   -9.232   -5.134   -4.973    1.638    2.532    2.963    4.860
            0.035000  0.060622  0.000000
  -21.154   -9.234   -5.127   -4.969    1.635    2.530    2.961    4.857
            0.034667  0.060044  0.000000
  -21.156   -9.235   -5.121   -4.965    1.633    2.528    2.959    4.855
            0.034333  0.059467  0.000000
  -21.158   -9.237   -5.115   -4.962    1.631    2.526    2.956    4.853
            0.034000  0.058890  0.000000
  -21.159   -9.239   -5.109   -4.958    1.629    2.524    2.954    4.851
            0.033667  0.058312  0.000000
  -21.161   -9.241   -5.102   -4.955    1.627    2.521    2.952    4.849
            0.033333  0.057735  0.000000
  -21.163   -9.243   -5.096   -4.952    1.625    2.519    2.950    4.846
            0.033000  0.057158  0.000000
  -21.164   -9.245   -5.090   -4.948    1.622    2.517    2.948    4.844
            0.032667  0.056580  0.000000
  -21.166   -9.247   -5.084   -4.945    1.620    2.515    2.946    4.842
            0.032333  0.056003  0.000000
  -21.167   -9.249   -5.078   -4.942    1.618    2.513    2.943    4.840
            0.032000  0.055426  0.000000
  -21.169   -9.251   -5.072   -4.938    1.616    2.511    2.941    4.838
            0.031667  0.054848  0.000000
  -21.170   -9.252   -5.066   -4.935    1.614    2.509    2.939    4.836
            0.031333  0.054271  0.000000
  -21.172   -9.254   -5.061   -4.932    1.612    2.507    2.937    4.834
            0.031000  0.053694  0.000000
  -21.173   -9.256   -5.055   -4.929    1.610    2.505    2.935    4.832
            0.030667  0.053116  0.000000
  -21.175   -9.258   -5.049   -4.925    1.608    2.503    2.933    4.830
            0.030333  0.052539  0.000000
  -21.176   -9.259   -5.043   -4.922    1.606    2.501    2.931    4.828
            0.030000  0.051962  0.000000
  -21.177   -9.261   -5.038   -4.919    1.604    2.499    2.929    4.826
            0.029667  0.051384  0.000000
  -21.179   -9.263   -5.032   -4.916    1.602    2.497    2.927    4.824
            0.029333  0.050807  0.000000
  -21.180   -9.264   -5.027   -4.913    1.600    2.495    2.925    4.822
            0.029000  0.050229  0.000000
  -21.182   -9.266   -5.021   -4.910    1.599    2.493    2.923    4.820
            0.028667  0.049652  0.000000
  -21.183   -9.268   -5.016   -4.907    1.597    2.491    2.921    4.819
            0.028333  0.049075  0.000000
  -21.184   -9.269   -5.011   -4.904    1.595    2.489    2.920    4.817
            0.028000  0.048497  0.000000
  -21.186   -9.271   -5.005   -4.901    1.593    2.487    2.918    4.815
            0.027667  0.047920  0.000000
  -21.187   -9.272   -5.000   -4.898    1.591    2.486    2.916    4.813
            0.027333  0.047343  0.000000
  -21.188   -9.274   -4.995   -4.896    1.589    2.484    2.914    4.811
            0.027000  0.046765  0.000000
  -21.190   -9.275   -4.990   -4.893    1.588    2.482    2.912    4.810
            0.026667  0.046188  0.000000
  -21.191   -9.277   -4.985   -4.890    1.586    2.480    2.911    4.808
            0.026333  0.045611  0.000000
  -21.192   -9.278   -4.980   -4.887    1.584    2.479    2.909    4.806
            0.026000  0.045033  0.000000
  -21.193   -9.280   -4.975   -4.885    1.583    2.477    2.907    4.804
            0.025667  0.044456  0.000000
  -21.195   -9.281   -4.970   -4.882    1.581    2.475    2.906    4.803
            0.025333  0.043879  0.000000
  -21.196   -9.283   -4.965   -4.879    1.579    2.474    2.904    4.801
            0.025000  0.043301  0.000000
  -21.197   -9.284   -4.961   -4.877    1.578    2.472    2.902    4.800
            0.024667  0.042724  0.000000
  -21.198   -9.286   -4.956   -4.874    1.576    2.470    2.901    4.798
            0.024333  0.042147  0.000000
  -21.199   -9.287   -4.951   -4.872    1.575    2.469    2.899    4.796
            0.024000  0.041569  0.000000
  -21.200   -9.288   -4.947   -4.869    1.573    2.467    2.897    4.795
            0.023667  0.040992  0.000000
  -21.202   -9.290   -4.942   -4.867    1.571    2.466    2.896    4.793
            0.023333  0.040415  0.000000
  -21.203   -9.291   -4.938   -4.864    1.570    2.464    2.894    4.792
            0.023000  0.039837  0.000000
  -21.204   -9.292   -4.933   -4.862    1.568    2.463    2.893    4.790
            0.022667  0.039260  0.000000
  -21.205   -9.294   -4.929   -4.860    1.567    2.461    2.891    4.789
            0.022333  0.038682  0.000000
  -21.206   -9.295   -4.925   -4.857    1.566    2.460    2.890    4.787
            0.022000  0.038105  0.000000
  -21.207   -9.296   -4.920   -4.855    1.564    2.458    2.888    4.786
            0.021667  0.037528  0.000000
  -21.208   -9.297   -4.916   -4.853    1.563    2.457    2.887    4.785
            0.021333  0.036950  0.000000
  -21.209   -9.299   -4.912   -4.850    1.561    2.455    2.886    4.783
            0.021000  0.036373  0.000000
  -21.210   -9.300   -4.908   -4.848    1.560    2.454    2.884    4.782
            0.020667  0.035796  0.000000
  -21.211   -9.301   -4.904   -4.846    1.559    2.453    2.883    4.781
            0.020333  0.035218  0.000000
  -21.212   -9.302   -4.900   -4.844    1.557    2.451    2.882    4.779
            0.020000  0.034641  0.000000
  -21.213   -9.303   -4.896   -4.842    1.556    2.450    2.880    4.778
            0.019667  0.034064  0.000000
  -21.214   -9.304   -4.892   -4.840    1.555    2.449    2.879    4.777
            0.019333  0.033486  0.000000
  -21.215   -9.306   -4.889   -4.838    1.554    2.448    2.878    4.775
            0.019000  0.032909  0.000000
  -21.216   -9.307   -4.885   -4.836    1.552    2.446    2.876    4.774
            0.018667  0.032332  0.000000
  -21.217   -9.308   -4.881   -4.834    1.551    2.445    2.875    4.773
            0.018333  0.031754  0.000000
  -21.217   -9.309   -4.878   -4.832    1.550    2.444    2.874    4.772
            0.018000  0.031177  0.000000
  -21.218   -9.310   -4.874   -4.830    1.549    2.443    2.873    4.771
            0.017667  0.030600  0.000000
  -21.219   -9.311   -4.871   -4.828    1.548    2.442    2.872    4.769
            0.017333  0.030022  0.000000
  -21.220   -9.312   -4.867   -4.826    1.546    2.440    2.870    4.768
            0.017000  0.029445  0.000000
  -21.221   -9.313   -4.864   -4.825    1.545    2.439    2.869    4.767
            0.016667  0.028868  0.000000
  -21.222   -9.314   -4.861   -4.823    1.544    2.438    2.868    4.766
            0.016333  0.028290  0.000000
  -21.222   -9.315   -4.858   -4.821    1.543    2.437    2.867    4.765
            0.016000  0.027713  0.000000
  -21.223   -9.316   -4.855   -4.819    1.542    2.436    2.866    4.764
            0.015667  0.027135  0.000000
  -21.224   -9.316   -4.851   -4.818    1.541    2.435    2.865    4.763
            0.015333  0.026558  0.000000
  -21.225   -9.317   -4.848   -4.816    1.540    2.434    2.864    4.762
            0.015000  0.025981  0.000000
  -21.225   -9.318   -4.846   -4.815    1.539    2.433    2.863    4.761
            0.014667  0.025403  0.000000
  -21.226   -9.319   -4.843   -4.813    1.538    2.432    2.862    4.760
            0.014333  0.024826  0.000000
  -21.227   -9.320   -4.840   -4.812    1.537    2.431    2.861    4.759
            0.014000  0.024249  0.000000
  -21.227   -9.321   -4.837   -4.810    1.536    2.430    2.860    4.758
            0.013667  0.023671  0.000000
  -21.228   -9.321   -4.834   -4.809    1.536    2.429    2.859    4.757
            0.013333  0.023094  0.000000
  -21.229   -9.322   -4.832   -4.807    1.535    2.429    2.858    4.756
            0.013000  0.022517  0.000000
  -21.229   -9.323   -4.829   -4.806    1.534    2.428    2.858    4.756
            0.012667  0.021939  0.000000
  -21.230   -9.324   -4.827   -4.804    1.533    2.427    2.857    4.755
            0.012333  0.021362  0.000000
  -21.230   -9.324   -4.824   -4.803    1.532    2.426    2.856    4.754
            0.012000  0.020785  0.000000
  -21.231   -9.325   -4.822   -4.802    1.531    2.425    2.855    4.753
            0.011667  0.020207  0.000000
  -21.232   -9.326   -4.820   -4.801    1.531    2.425    2.854    4.752
            0.011333  0.019630  0.000000
  -21.232   -9.326   -4.817   -4.799    1.530    2.424    2.854    4.752
            0.011000  0.019053  0.000000
  -21.233   -9.327   -4.815   -4.798    1.529    2.423    2.853    4.751
            0.010667  0.018475  0.000000
  -21.233   -9.328   -4.813   -4.797    1.529    2.422    2.852    4.750
            0.010333  0.017898  0.000000
  -21.234   -9.328   -4.811   -4.796    1.528    2.422    2.852    4.750
            0.010000  0.017321  0.000000
  -21.234   -9.329   -4.809   -4.795    1.527    2.421    2.851    4.749
            0.009667  0.016743  0.000000
  -21.235   -9.329   -4.807   -4.794    1.527    2.420    2.850    4.748
            0.009333  0.016166  0.000000
  -21.235   -9.330   -4.805   -4.793    1.526    2.420    2.850    4.748
            0.009000  0.015588  0.000000
  -21.235   -9.330   -4.803   -4.792    1.525    2.419    2.849    4.747
            0.008667  0.015011  0.000000
  -21.236   -9.331   -4.802   -4.791    1.525    2.419    2.848    4.747
            0.008333  0.014434  0.000000
  -21.236   -9.331   -4.800   -4.790    1.524    2.418    2.848    4.746
            0.008000  0.013856  0.000000
  -21.237   -9.332   -4.798   -4.789    1.524    2.418    2.847    4.746
            0.007667  0.013279  0.000000
  -21.237   -9.332   -4.797   -4.789    1.523    2.417    2.847    4.745
            0.007333  0.012702  0.000000
  -21.237   -9.333   -4.795   -4.788    1.523    2.417    2.846    4.745
            0.007000  0.012124  0.000000
  -21.238   -9.333   -4.794   -4.787    1.522    2.416    2.846    4.744
            0.006667  0.011547  0.000000
  -21.238   -9.333   -4.793   -4.786    1.522    2.416    2.845    4.744
            0.006333  0.010970  0.000000
  -21.238   -9.334   -4.791   -4.786    1.521    2.415    2.845    4.743
            0.006000  0.010392  0.000000
  -21.239   -9.334   -4.790   -4.785    1.521    2.415    2.845    4.743
            0.005667  0.009815  0.000000
  -21.239   -9.334   -4.789   -4.784    1.521    2.414    2.844    4.742
            0.005333  0.009238  0.000000
  -21.239   -9.335   -4.788   -4.784    1.520    2.414    2.844    4.742
            0.005000  0.008660  0.000000
  -21.239   -9.335   -4.787   -4.783    1.520    2.414    2.843    4.742
            0.004667  0.008083  0.000000
  -21.240   -9.335   -4.786   -4.783    1.520    2.413    2.843    4.741
            0.004333  0.007506  0.000000
  -21.240   -9.336   -4.785   -4.782    1.519    2.413    2.843    4.741
            0.004000  0.006928  0.000000
  -21.240   -9.336   -4.784   -4.782    1.519    2.413    2.843    4.741
            0.003667  0.006351  0.000000
  -21.240   -9.336   -4.783   -4.781    1.519    2.413    2.842    4.741
            0.003333  0.005774  0.000000
  -21.240   -9.336   -4.783   -4.781    1.519    2.412    2.842    4.740
            0.003000  0.005196  0.000000
  -21.241   -9.336   -4.782   -4.781    1.518    2.412    2.842    4.740
            0.002667  0.004619  0.000000
  -21.241   -9.337   -4.781   -4.780    1.518    2.412    2.842    4.740
            0.002333  0.004041  0.000000
  -21.241   -9.337   -4.781   -4.780    1.518    2.412    2.842    4.740
            0.002000  0.003464  0.000000
  -21.241   -9.337   -4.781   -4.780    1.518    2.412    2.841    4.740
            0.001667  0.002887  0.000000
  -21.241   -9.337   -4.780   -4.780    1.518    2.412    2.841    4.740
            0.001333  0.002309  0.000000
  -21.241   -9.337   -4.780   -4.780    1.518    2.411    2.841    4.740
            0.001000  0.001732  0.000000
  -21.241   -9.337   -4.780   -4.780    1.518    2.411    2.841    4.739
            0.000667  0.001155  0.000000
  -21.241   -9.337   -4.779   -4.779    1.518    2.411    2.841    4.739
            0.000333  0.000577  0.000000
  -21.241   -9.337   -4.779   -4.779    1.518    2.411    2.841    4.739
            0.000000  0.000000  0.000000
  -21.241   -9.337   -4.779   -4.779    1.518    2.411    2.841    4.739
            0.000500  0.000289  0.000000
  -21.241   -9.337   -4.779   -4.779    1.518    2.411    2.841    4.739
            0.001000  0.000577  0.000000
  -21.241   -9.337   -4.779   -4.779    1.518    2.411    2.841    4.739
            0.001500  0.000866  0.000000
  -21.241   -9.337   -4.780   -4.779    1.518    2.411    2.841    4.739
            0.002000  0.001155  0.000000
  -21.241   -9.337   -4.780   -4.780    1.518    2.411    2.841    4.739
            0.002500  0.001443  0.000000
  -21.241   -9.337   -4.780   -4.780    1.518    2.412    2.841    4.740
            0.003000  0.001732  0.000000
  -21.241   -9.337   -4.780   -4.780    1.518    2.412    2.841    4.740
            0.003500  0.002021  0.000000
  -21.241   -9.337   -4.781   -4.780    1.518    2.412    2.841    4.740
            0.004000  0.002309  0.000000
  -21.241   -9.337   -4.781   -4.780    1.518    2.412    2.842    4.740
            0.004500  0.002598  0.000000
  -21.241   -9.337   -4.781   -4.780    1.518    2.412    2.842    4.740
            0.005000  0.002887  0.000000
  -21.241   -9.336   -4.782   -4.781    1.518    2.412    2.842    4.740
            0.005500  0.003175  0.000000
  -21.240   -9.336   -4.782   -4.781    1.519    2.412    2.842    4.740
            0.006000  0.003464  0.000000
  -21.240   -9.336   -4.783   -4.781    1.519    2.412    2.842    4.740
            0.006500  0.003753  0.000000
  -21.240   -9.336   -4.784   -4.782    1.519    2.413    2.842    4.741
            0.007000  0.004041  0.000000
  -21.240   -9.336   -4.784   -4.782    1.519    2.413    2.843    4.741
            0.007500  0.004330  0.000000
  -21.240   -9.336   -4.785   -4.782    1.519    2.413    2.843    4.741
            0.008000  0.004619  0.000000
  -21.240   -9.335   -4.786   -4.783    1.520    2.413    2.843    4.741
            0.008500  0.004907  0.000000
  -21.239   -9.335   -4.787   -4.783    1.520    2.414    2.843    4.742
            0.009000  0.005196  0.000000
  -21.239   -9.335   -4.787   -4.784    1.520    2.414    2.844    4.742
            0.009500  0.005485  0.000000
  -21.239   -9.335   -4.788   -4.784    1.520    2.414    2.844    4.742
            0.010000  0.005774  0.000000
  -21.239   -9.334   -4.789   -4.785    1.521    2.415    2.844    4.743
            0.010500  0.006062  0.000000
  -21.239   -9.334   -4.790   -4.785    1.521    2.415    2.845    4.743
            0.011000  0.006351  0.000000
  -21.238   -9.334   -4.791   -4.786    1.521    2.415    2.845    4.743
            0.011500  0.006640  0.000000
  -21.238   -9.333   -4.792   -4.786    1.522    2.416    2.845    4.744
            0.012000  0.006928  0.000000
  -21.238   -9.333   -4.794   -4.787    1.522    2.416    2.846    4.744
            0.012500  0.007217  0.000000
  -21.237   -9.333   -4.795   -4.788    1.523    2.416    2.846    4.744
            0.013000  0.007506  0.000000
  -21.237   -9.332   -4.796   -4.788    1.523    2.417    2.847    4.745
            0.013500  0.007794  0.000000
  -21.237   -9.332   -4.797   -4.789    1.523    2.417    2.847    4.745
            0.014000  0.008083  0.000000
  -21.237   -9.332   -4.799   -4.790    1.524    2.418    2.847    4.746
            0.014500  0.008372  0.000000
  -21.236   -9.331   -4.800   -4.790    1.524    2.418    2.848    4.746
            0.015000  0.008660  0.000000
  -21.236   -9.331   -4.802   -4.791    1.525    2.419    2.848    4.747
            0.015500  0.008949  0.000000
  -21.236   -9.330   -4.803   -4.792    1.525    2.419    2.849    4.747
            0.016000  0.009238  0.000000
  -21.235   -9.330   -4.805   -4.793    1.526    2.420    2.849    4.748
            0.016500  0.009526  0.000000
  -21.235   -9.330   -4.806   -4.794    1.526    2.420    2.850    4.748
            0.017000  0.009815  0.000000
  -21.234   -9.329   -4.808   -4.794    1.527    2.421    2.850    4.749
            0.017500  0.010104  0.000000
  -21.234   -9.329   -4.810   -4.795    1.527    2.421    2.851    4.749
            0.018000  0.010392  0.000000
  -21.234   -9.328   -4.811   -4.796    1.528    2.422    2.852    4.750
            0.018500  0.010681  0.000000
  -21.233   -9.328   -4.813   -4.797    1.529    2.422    2.852    4.750
            0.019000  0.010970  0.000000
  -21.233   -9.327   -4.815   -4.798    1.529    2.423    2.853    4.751
            0.019500  0.011258  0.000000
  -21.232   -9.326   -4.817   -4.799    1.530    2.424    2.853    4.752
            0.020000  0.011547  0.000000
  -21.232   -9.326   -4.819   -4.800    1.530    2.424    2.854    4.752
            0.020500  0.011836  0.000000
  -21.231   -9.325   -4.821   -4.801    1.531    2.425    2.855    4.753
            0.021000  0.012124  0.000000
  -21.231   -9.325   -4.823   -4.802    1.532    2.426    2.855    4.754
            0.021500  0.012413  0.000000
  -21.230   -9.324   -4.825   -4.803    1.532    2.426    2.856    4.754
            0.022000  0.012702  0.000000
  -21.230   -9.324   -4.827   -4.805    1.533    2.427    2.857    4.755
            0.022500  0.012990  0.000000
  -21.229   -9.323   -4.829   -4.806    1.534    2.428    2.858    4.756
            0.023000  0.013279  0.000000
  -21.229   -9.322   -4.831   -4.807    1.535    2.428    2.858    4.756
            0.023500  0.013568  0.000000
  -21.228   -9.322   -4.834   -4.808    1.535    2.429    2.859    4.757
            0.024000  0.013856  0.000000
  -21.228   -9.321   -4.836   -4.809    1.536    2.430    2.860    4.758
            0.024500  0.014145  0.000000
  -21.227   -9.320   -4.838   -4.811    1.537    2.431    2.861    4.759
            0.025000  0.014434  0.000000
  -21.226   -9.320   -4.841   -4.812    1.538    2.432    2.861    4.759
            0.025500  0.014722  0.000000
  -21.226   -9.319   -4.843   -4.813    1.538    2.432    2.862    4.760
            0.026000  0.015011  0.000000
  -21.225   -9.318   -4.846   -4.814    1.539    2.433    2.863    4.761
            0.026500  0.015300  0.000000
  -21.225   -9.317   -4.848   -4.816    1.540    2.434    2.864    4.762
            0.027000  0.015588  0.000000
  -21.224   -9.317   -4.851   -4.817    1.541    2.435    2.865    4.763
            0.027500  0.015877  0.000000
  -21.223   -9.316   -4.854   -4.819    1.542    2.436    2.866    4.764
            0.028000  0.016166  0.000000
  -21.223   -9.315   -4.856   -4.820    1.543    2.437    2.867    4.765
            0.028500  0.016454  0.000000
  -21.222   -9.314   -4.859   -4.821    1.544    2.438    2.868    4.765
            0.029000  0.016743  0.000000
  -21.221   -9.313   -4.862   -4.823    1.545    2.439    2.868    4.766
            0.029500  0.017032  0.000000
  -21.221   -9.313   -4.865   -4.824    1.545    2.439    2.869    4.767
            0.030000  0.017321  0.000000
  -21.220   -9.312   -4.868   -4.826    1.546    2.440    2.870    4.768
            0.030500  0.017609  0.000000
  -21.219   -9.311   -4.871   -4.828    1.547    2.441    2.871    4.769
            0.031000  0.017898  0.000000
  -21.219   -9.310   -4.874   -4.829    1.548    2.442    2.872    4.770
            0.031500  0.018187  0.000000
  -21.218   -9.309   -4.877   -4.831    1.549    2.443    2.873    4.771
            0.032000  0.018475  0.000000
  -21.217   -9.308   -4.880   -4.832    1.550    2.444    2.874    4.772
            0.032500  0.018764  0.000000
  -21.216   -9.307   -4.883   -4.834    1.551    2.445    2.876    4.773
            0.033000  0.019053  0.000000
  -21.215   -9.306   -4.886   -4.836    1.553    2.447    2.877    4.774
            0.033500  0.019341  0.000000
  -21.215   -9.306   -4.889   -4.837    1.554    2.448    2.878    4.775
            0.034000  0.019630  0.000000
  -21.214   -9.305   -4.892   -4.839    1.555    2.449    2.879    4.776
            0.034500  0.019919  0.000000
  -21.213   -9.304   -4.896   -4.841    1.556    2.450    2.880    4.778
            0.035000  0.020207  0.000000
  -21.212   -9.303   -4.899   -4.843    1.557    2.451    2.881    4.779
            0.035500  0.020496  0.000000
  -21.211   -9.302   -4.903   -4.844    1.558    2.452    2.882    4.780
            0.036000  0.020785  0.000000
  -21.211   -9.301   -4.906   -4.846    1.559    2.453    2.883    4.781
            0.036500  0.021073  0.000000
  -21.210   -9.300   -4.910   -4.848    1.560    2.454    2.885    4.782
            0.037000  0.021362  0.000000
  -21.209   -9.299   -4.913   -4.850    1.561    2.456    2.886    4.783
            0.037500  0.021651  0.000000
  -21.208   -9.298   -4.917   -4.852    1.563    2.457    2.887    4.785
            0.038000  0.021939  0.000000
  -21.207   -9.296   -4.920   -4.854    1.564    2.458    2.888    4.786
            0.038500  0.022228  0.000000
  -21.206   -9.295   -4.924   -4.856    1.565    2.459    2.889    4.787
            0.039000  0.022517  0.000000
  -21.205   -9.294   -4.928   -4.858    1.566    2.461    2.891    4.788
            0.039500  0.022805  0.000000
  -21.204   -9.293   -4.932   -4.860    1.568    2.462    2.892    4.789
            0.040000  0.023094  0.000000
  -21.203   -9.292   -4.935   -4.862    1.569    2.463    2.893    4.791
            0.040500  0.023383  0.000000
  -21.202   -9.291   -4.939   -4.864    1.570    2.464    2.895    4.792
            0.041000  0.023671  0.000000
  -21.202   -9.290   -4.943   -4.866    1.572    2.466    2.896    4.793
            0.041500  0.023960  0.000000
  -21.201   -9.289   -4.947   -4.868    1.573    2.467    2.897    4.795
            0.042000  0.024249  0.000000
  -21.200   -9.287   -4.951   -4.870    1.574    2.468    2.899    4.796
            0.042500  0.024537  0.000000
  -21.199   -9.286   -4.955   -4.872    1.576    2.470    2.900    4.797
            0.043000  0.024826  0.000000
  -21.198   -9.285   -4.959   -4.874    1.577    2.471    2.901    4.799
            0.043500  0.025115  0.000000
  -21.197   -9.284   -4.963   -4.876    1.578    2.473    2.903    4.800
            0.044000  0.025403  0.000000
  -21.196   -9.283   -4.968   -4.879    1.580    2.474    2.904    4.802
            0.044500  0.025692  0.000000
  -21.194   -9.281   -4.972   -4.881    1.581    2.475    2.906    4.803
            0.045000  0.025981  0.000000
  -21.193   -9.280   -4.976   -4.883    1.583    2.477    2.907    4.804
            0.045500  0.026269  0.000000
  -21.192   -9.279   -4.981   -4.885    1.584    2.478    2.909    4.806
            0.046000  0.026558  0.000000
  -21.191   -9.277   -4.985   -4.888    1.585    2.480    2.910    4.807
            0.046500  0.026847  0.000000
  -21.190   -9.276   -4.989   -4.890    1.587    2.481    2.912    4.809
            0.047000  0.027135  0.000000
  -21.189   -9.275   -4.994   -4.892    1.588    2.483    2.913    4.810
            0.047500  0.027424  0.000000
  -21.188   -9.274   -4.998   -4.895    1.590    2.484    2.915    4.812
            0.048000  0.027713  0.000000
  -21.187   -9.272   -5.003   -4.897    1.591    2.486    2.916    4.813
            0.048500  0.028001  0.000000
  -21.186   -9.271   -5.007   -4.899    1.593    2.487    2.918    4.815
            0.049000  0.028290  0.000000
  -21.185   -9.269   -5.012   -4.902    1.595    2.489    2.919    4.816
            0.049500  0.028579  0.000000
  -21.183   -9.268   -5.017   -4.904    1.596    2.491    2.921    4.818
            0.050000  0.028868  0.000000
  -21.182   -9.267   -5.021   -4.907    1.598    2.492    2.923    4.820
            0.050500  0.029156  0.000000
  -21.181   -9.265   -5.026   -4.909    1.599    2.494    2.924    4.821
            0.051000  0.029445  0.000000
  -21.180   -9.264   -5.031   -4.912    1.601    2.495    2.926    4.823
            0.051500  0.029734  0.000000
  -21.179   -9.262   -5.036   -4.914    1.603    2.497    2.928    4.825
            0.052000  0.030022  0.000000
  -21.177   -9.261   -5.041   -4.917    1.604    2.499    2.929    4.826
            0.052500  0.030311  0.000000
  -21.176   -9.259   -5.046   -4.919    1.606    2.500    2.931    4.828
            0.053000  0.030600  0.000000
  -21.175   -9.258   -5.051   -4.922    1.608    2.502    2.933    4.830
            0.053500  0.030888  0.000000
  -21.174   -9.256   -5.056   -4.925    1.609    2.504    2.934    4.831
            0.054000  0.031177  0.000000
  -21.172   -9.255   -5.061   -4.927    1.611    2.506    2.936    4.833
            0.054500  0.031466  0.000000
  -21.171   -9.253   -5.066   -4.930    1.613    2.507    2.938    4.835
            0.055000  0.031754  0.000000
  -21.170   -9.252   -5.071   -4.933    1.615    2.509    2.940    4.837
            0.055500  0.032043  0.000000
  -21.169   -9.250   -5.076   -4.935    1.616    2.511    2.942    4.838
            0.056000  0.032332  0.000000
  -21.167   -9.249   -5.082   -4.938    1.618    2.513    2.943    4.840
            0.056500  0.032620  0.000000
  -21.166   -9.247   -5.087   -4.941    1.620    2.515    2.945    4.842
            0.057000  0.032909  0.000000
  -21.165   -9.246   -5.092   -4.943    1.622    2.516    2.947    4.844
            0.057500  0.033198  0.000000
  -21.163   -9.244   -5.098   -4.946    1.624    2.518    2.949    4.846
            0.058000  0.033486  0.000000
  -21.162   -9.242   -5.103   -4.949    1.625    2.520    2.951    4.847
            0.058500  0.033775  0.000000
  -21.160   -9.241   -5.108   -4.952    1.627    2.522    2.953    4.849
            0.059000  0.034064  0.000000
  -21.159   -9.239   -5.114   -4.955    1.629    2.524    2.955    4.851
            0.059500  0.034352  0.000000
  -21.158   -9.237   -5.119   -4.958    1.631    2.526    2.957    4.853
            0.060000  0.034641  0.000000
  -21.156   -9.236   -5.125   -4.961    1.633    2.528    2.959    4.855
            0.060500  0.034930  0.000000
  -21.155   -9.234   -5.131   -4.963    1.635    2.530    2.960    4.857
            0.061000  0.035218  0.000000
  -21.153   -9.232   -5.136   -4.966    1.637    2.532    2.962    4.859
            0.061500  0.035507  0.000000
  -21.152   -9.230   -5.142   -4.969    1.639    2.534    2.964    4.861
            0.062000  0.035796  0.000000
  -21.151   -9.229   -5.148   -4.972    1.641    2.536    2.966    4.863
            0.062500  0.036084  0.000000
  -21.149   -9.227   -5.154   -4.975    1.643    2.538    2.969    4.865
            0.063000  0.036373  0.000000
  -21.148   -9.225   -5.159   -4.978    1.645    2.540    2.971    4.867
            0.063500  0.036662  0.000000
  -21.146   -9.223   -5.165   -4.981    1.647    2.542    2.973    4.869
            0.064000  0.036950  0.000000
  -21.145   -9.222   -5.171   -4.984    1.649    2.544    2.975    4.871
            0.064500  0.037239  0.000000
  -21.143   -9.220   -5.177   -4.988    1.651    2.546    2.977    4.873
            0.065000  0.037528  0.000000
  -21.142   -9.218   -5.183   -4.991    1.653    2.548    2.979    4.875
            0.065500  0.037816  0.000000
  -21.140   -9.216   -5.189   -4.994    1.655    2.550    2.981    4.877
            0.066000  0.038105  0.000000
  -21.138   -9.214   -5.195   -4.997    1.657    2.552    2.983    4.879
            0.066500  0.038394  0.000000
  -21.137   -9.212   -5.201   -5.000    1.659    2.554    2.985    4.881
            0.067000  0.038682  0.000000
  -21.135   -9.211   -5.208   -5.003    1.662    2.557    2.988    4.884
            0.067500  0.038971  0.000000
  -21.134   -9.209   -5.214   -5.006    1.664    2.559    2.990    4.886
            0.068000  0.039260  0.000000
  -21.132   -9.207   -5.220   -5.010    1.666    2.561    2.992    4.888
            0.068500  0.039548  0.000000
  -21.131   -9.205   -5.226   -5.013    1.668    2.563    2.994    4.890
            0.069000  0.039837  0.000000
  -21.129   -9.203   -5.233   -5.016    1.670    2.565    2.996    4.892
            0.069500  0.040126  0.000000
  -21.127   -9.201   -5.239   -5.019    1.673    2.568    2.999    4.894
            0.070000  0.040415  0.000000
  -21.126   -9.199   -5.245   -5.023    1.675    2.570    3.001    4.897
            0.070500  0.040703  0.000000
  -21.124   -9.197   -5.252   -5.026    1.677    2.572    3.003    4.899
            0.071000  0.040992  0.000000
  -21.122   -9.195   -5.258   -5.029    1.679    2.574    3.006    4.901
            0.071500  0.041281  0.000000
  -21.121   -9.193   -5.265   -5.033    1.682    2.577    3.008    4.904
            0.072000  0.041569  0.000000
  -21.119   -9.191   -5.271   -5.036    1.684    2.579    3.010    4.906
            0.072500  0.041858  0.000000
  -21.117   -9.189   -5.278   -5.040    1.686    2.581    3.013    4.908
            0.073000  0.042147  0.000000
  -21.115   -9.187   -5.285   -5.043    1.689    2.584    3.015    4.910
            0.073500  0.042435  0.000000
  -21.114   -9.185   -5.291   -5.046    1.691    2.586    3.017    4.913
            0.074000  0.042724  0.000000
  -21.112   -9.183   -5.298   -5.050    1.693    2.588    3.020    4.915
            0.074500  0.043013  0.000000
  -21.110   -9.181   -5.305   -5.053    1.696    2.591    3.022    4.918
            0.075000  0.043301  0.000000
  -21.109   -9.179   -5.311   -5.057    1.698    2.593    3.025    4.920
            0.075500  0.043590  0.000000
  -21.107   -9.176   -5.318   -5.060    1.700    2.596    3.027    4.922
            0.076000  0.043879  0.000000
  -21.105   -9.174   -5.325   -5.064    1.703    2.598    3.030    4.925
            0.076500  0.044167  0.000000
  -21.103   -9.172   -5.332   -5.067    1.705    2.601    3.032    4.927
            0.077000  0.044456  0.000000
  -21.101   -9.170   -5.339   -5.071    1.708    2.603    3.035    4.930
            0.077500  0.044745  0.000000
  -21.100   -9.168   -5.346   -5.074    1.710    2.606    3.037    4.932
            0.078000  0.045033  0.000000
  -21.098   -9.166   -5.353   -5.078    1.713    2.608    3.040    4.935
            0.078500  0.045322  0.000000
  -21.096   -9.163   -5.360   -5.082    1.715    2.611    3.042    4.937
            0.079000  0.045611  0.000000
  -21.094   -9.161   -5.367   -5.085    1.718    2.613    3.045    4.940
            0.079500  0.045899  0.000000
  -21.092   -9.159   -5.374   -5.089    1.720    2.616    3.047    4.942
            0.080000  0.046188  0.000000
  -21.090   -9.157   -5.381   -5.093    1.723    2.618    3.050    4.945
            0.080500  0.046477  0.000000
  -21.088   -9.155   -5.389   -5.096    1.725    2.621    3.053    4.947
            0.081000  0.046765  0.000000
  -21.086   -9.152   -5.396   -5.100    1.728    2.624    3.055    4.950
            0.081500  0.047054  0.000000
  -21.085   -9.150   -5.403   -5.104    1.731    2.626    3.058    4.953
            0.082000  0.047343  0.000000
  -21.083   -9.148   -5.410   -5.107    1.733    2.629    3.060    4.955
            0.082500  0.047631  0.000000
  -21.081   -9.145   -5.418   -5.111    1.736    2.631    3.063    4.958
            0.083000  0.047920  0.000000
  -21.079   -9.143   -5.425   -5.115    1.739    2.634    3.066    4.961
            0.083500  0.048209  0.000000
  -21.077   -9.141   -5.432   -5.119    1.741    2.637    3.069    4.963
            0.084000  0.048497  0.000000
  -21.075   -9.138   -5.440   -5.122    1.744    2.640    3.071    4.966
            0.084500  0.048786  0.000000
  -21.073   -9.136   -5.447   -5.126    1.747    2.642    3.074    4.969
            0.085000  0.049075  0.000000
  -21.071   -9.134   -5.455   -5.130    1.749    2.645    3.077    4.971
            0.085500  0.049363  0.000000
  -21.069   -9.131   -5.463   -5.134    1.752    2.648    3.080    4.974
            0.086000  0.049652  0.000000
  -21.067   -9.129   -5.470   -5.138    1.755    2.651    3.082    4.977
            0.086500  0.049941  0.000000
  -21.065   -9.126   -5.478   -5.142    1.758    2.653    3.085    4.980
            0.087000  0.050229  0.000000
  -21.063   -9.124   -5.485   -5.146    1.760    2.656    3.088    4.982
            0.087500  0.050518  0.000000
  -21.061   -9.121   -5.493   -5.149    1.763    2.659    3.091    4.985
            0.088000  0.050807  0.000000
  -21.059   -9.119   -5.501   -5.153    1.766    2.662    3.094    4.988
            0.088500  0.051095  0.000000
  -21.057   -9.116   -5.509   -5.157    1.769    2.665    3.097    4.991
            0.089000  0.051384  0.000000
  -21.054   -9.114   -5.516   -5.161    1.772    2.667    3.100    4.994
            0.089500  0.051673  0.000000
  -21.052   -9.111   -5.524   -5.165    1.775    2.670    3.102    4.997
            0.090000  0.051962  0.000000
  -21.050   -9.109   -5.532   -5.169    1.777    2.673    3.105    4.999
            0.090500  0.052250  0.000000
  -21.048   -9.106   -5.540   -5.173    1.780    2.676    3.108    5.002
            0.091000  0.052539  0.000000
  -21.046   -9.104   -5.548   -5.177    1.783    2.679    3.111    5.005
            0.091500  0.052828  0.000000
  -21.044   -9.101   -5.556   -5.181    1.786    2.682    3.114    5.008
            0.092000  0.053116  0.000000
  -21.042   -9.099   -5.564   -5.185    1.789    2.685    3.117    5.011
            0.092500  0.053405  0.000000
  -21.039   -9.096   -5.572   -5.189    1.792    2.688    3.120    5.014
            0.093000  0.053694  0.000000
  -21.037   -9.094   -5.580   -5.193    1.795    2.691    3.123    5.017
            0.093500  0.053982  0.000000
  -21.035   -9.091   -5.588   -5.198    1.798    2.694    3.126    5.020
            0.094000  0.054271  0.000000
  -21.033   -9.088   -5.596   -5.202    1.801    2.697    3.129    5.023
            0.094500  0.054560  0.000000
  -21.031   -9.086   -5.604   -5.206    1.804    2.700    3.132    5.026
            0.095000  0.054848  0.000000
  -21.028   -9.083   -5.613   -5.210    1.807    2.703    3.136    5.029
            0.095500  0.055137  0.000000
  -21.026   -9.080   -5.621   -5.214    1.810    2.706    3.139    5.032
            0.096000  0.055426  0.000000
  -21.024   -9.078   -5.629   -5.218    1.813    2.709    3.142    5.035
            0.096500  0.055714  0.000000
  -21.022   -9.075   -5.637   -5.222    1.816    2.712    3.145    5.038
            0.097000  0.056003  0.000000
  -21.019   -9.072   -5.646   -5.227    1.819    2.716    3.148    5.041
            0.097500  0.056292  0.000000
  -21.017   -9.069   -5.654   -5.231    1.823    2.719    3.151    5.045
            0.098000  0.056580  0.000000
  -21.015   -9.067   -5.663   -5.235    1.826    2.722    3.154    5.048
            0.098500  0.056869  0.000000
  -21.012   -9.064   -5.671   -5.239    1.829    2.725    3.158    5.051
            0.099000  0.057158  0.000000
  -21.010   -9.061   -5.680   -5.244    1.832    2.728    3.161    5.054
            0.099500  0.057446  0.000000
  -21.008   -9.058   -5.688   -5.248    1.835    2.731    3.164    5.057
            0.100000  0.057735  0.000000
  -21.005   -9.056   -5.697   -5.252    1.838    2.735    3.167    5.060
            0.100500  0.058024  0.000000
  -21.003   -9.053   -5.705   -5.256    1.842    2.738    3.171    5.064
            0.101000  0.058312  0.000000
  -21.001   -9.050   -5.714   -5.261    1.845    2.741    3.174    5.067
            0.101500  0.058601  0.000000
  -20.998   -9.047   -5.722   -5.265    1.848    2.744    3.177    5.070
            0.102000  0.058890  0.000000
  -20.996   -9.044   -5.731   -5.269    1.851    2.748    3.181    5.073
            0.102500  0.059178  0.000000
  -20.994   -9.041   -5.740   -5.274    1.855    2.751    3.184    5.077
            0.103000  0.059467  0.000000
  -20.991   -9.039   -5.748   -5.278    1.858    2.754    3.187    5.080
            0.103500  0.059756  0.000000
  -20.989   -9.036   -5.757   -5.282    1.861    2.758    3.191    5.083
            0.104000  0.060044  0.000000
  -20.986   -9.033   -5.766   -5.287    1.865    2.761    3.194    5.086
            0.104500  0.060333  0.000000
  -20.984   -9.030   -5.775   -5.291    1.868    2.764    3.197    5.090
            0.105000  0.060622  0.000000
  -20.981   -9.027   -5.784   -5.296    1.871    2.768    3.201    5.093
            0.105500  0.060910  0.000000
  -20.979   -9.024   -5.792   -5.300    1.875    2.771    3.204    5.097
            0.106000  0.061199  0.000000
  -20.976   -9.021   -5.801   -5.304    1.878    2.775    3.208    5.100
            0.106500  0.061488  0.000000
  -20.974   -9.018   -5.810   -5.309    1.881    2.778    3.211    5.103
            0.107000  0.061776  0.000000
  -20.971   -9.015   -5.819   -5.313    1.885    2.781    3.215    5.107
            0.107500  0.062065  0.000000
  -20.969   -9.012   -5.828   -5.318    1.888    2.785    3.218    5.110
            0.108000  0.062354  0.000000
  -20.966   -9.009   -5.837   -5.322    1.892    2.788    3.222    5.114
            0.108500  0.062643  0.000000
  -20.964   -9.006   -5.846   -5.327    1.895    2.792    3.225    5.117
            0.109000  0.062931  0.000000
  -20.961   -9.003   -5.855   -5.331    1.899    2.795    3.229    5.121
            0.109500  0.063220  0.000000
  -20.959   -9.000   -5.864   -5.336    1.902    2.799    3.232    5.124
            0.110000  0.063509  0.000000
  -20.956   -8.997   -5.874   -5.340    1.906    2.803    3.236    5.128
            0.110500  0.063797  0.000000
  -20.953   -8.994   -5.883   -5.345    1.909    2.806    3.239    5.131
            0.111000  0.064086  0.000000
  -20.951   -8.990   -5.892   -5.349    1.913    2.810    3.243    5.135
            0.111500  0.064375  0.000000
  -20.948   -8.987   -5.901   -5.354    1.916    2.813    3.247    5.138
            0.112000  0.064663  0.000000
  -20.946   -8.984   -5.910   -5.359    1.920    2.817    3.250    5.142
            0.112500  0.064952  0.000000
  -20.943   -8.981   -5.920   -5.363    1.924    2.820    3.254    5.145
            0.113000  0.065241  0.000000
  -20.940   -8.978   -5.929   -5.368    1.927    2.824    3.258    5.149
            0.113500  0.065529  0.000000
  -20.938   -8.975   -5.938   -5.372    1.931    2.828    3.261    5.153
            0.114000  0.065818  0.000000
  -20.935   -8.972   -5.948   -5.377    1.935    2.831    3.265    5.156
            0.114500  0.066107  0.000000
  -20.932   -8.968   -5.957   -5.382    1.938    2.835    3.269    5.160
            0.115000  0.066395  0.000000
  -20.930   -8.965   -5.967   -5.386    1.942    2.839    3.273    5.164
            0.115500  0.066684  0.000000
  -20.927   -8.962   -5.976   -5.391    1.946    2.843    3.276    5.167
            0.116000  0.066973  0.000000
  -20.924   -8.959   -5.986   -5.396    1.949    2.846    3.280    5.171
            0.116500  0.067261  0.000000
  -20.921   -8.955   -5.995   -5.400    1.953    2.850    3.284    5.175
            0.117000  0.067550  0.000000
  -20.919   -8.952   -6.005   -5.405    1.957    2.854    3.288    5.179
            0.117500  0.067839  0.000000
  -20.916   -8.949   -6.014   -5.410    1.961    2.858    3.292    5.182
            0.118000  0.068127  0.000000
  -20.913   -8.946   -6.024   -5.414    1.964    2.861    3.295    5.186
            0.118500  0.068416  0.000000
  -20.910   -8.942   -6.033   -5.419    1.968    2.865    3.299    5.190
            0.119000  0.068705  0.000000
  -20.908   -8.939   -6.043   -5.424    1.972    2.869    3.303    5.194
            0.119500  0.068993  0.000000
  -20.905   -8.936   -6.053   -5.429    1.976    2.873    3.307    5.197
            0.120000  0.069282  0.000000
  -20.902   -8.932   -6.062   -5.433    1.980    2.877    3.311    5.201
            0.120500  0.069571  0.000000
  -20.899   -8.929   -6.072   -5.438    1.983    2.881    3.315    5.205
            0.121000  0.069859  0.000000
  -20.896   -8.926   -6.082   -5.443    1.987    2.885    3.319    5.209
            0.121500  0.070148  0.000000
  -20.893   -8.922   -6.092   -5.448    1.991    2.888    3.323    5.213
            0.122000  0.070437  0.000000
  -20.891   -8.919   -6.101   -5.452    1.995    2.892    3.327    5.217
            0.122500  0.070725  0.000000
  -20.888   -8.915   -6.111   -5.457    1.999    2.896    3.331    5.221
            0.123000  0.071014  0.000000
  -20.885   -8.912   -6.121   -5.462    2.003    2.900    3.335    5.225
            0.123500  0.071303  0.000000
  -20.882   -8.908   -6.131   -5.467    2.007    2.904    3.339    5.229
            0.124000  0.071591  0.000000
  -20.879   -8.905   -6.141   -5.472    2.011    2.908    3.343    5.233
            0.124500  0.071880  0.000000
  -20.876   -8.901   -6.151   -5.476    2.015    2.912    3.347    5.237
            0.125000  0.072169  0.000000
  -20.873   -8.898   -6.161   -5.481    2.019    2.916    3.351    5.241
            0.125500  0.072457  0.000000
  -20.870   -8.894   -6.171   -5.486    2.023    2.920    3.355    5.245
            0.126000  0.072746  0.000000
  -20.867   -8.891   -6.181   -5.491    2.027    2.924    3.359    5.249
            0.126500  0.073035  0.000000
  -20.864   -8.887   -6.191   -5.496    2.031    2.929    3.363    5.253
            0.127000  0.073323  0.000000
  -20.861   -8.884   -6.201   -5.501    2.035    2.933    3.367    5.257
            0.127500  0.073612  0.000000
  -20.858   -8.880   -6.211   -5.506    2.039    2.937    3.372    5.261
            0.128000  0.073901  0.000000
  -20.855   -8.877   -6.221   -5.511    2.043    2.941    3.376    5.265
            0.128500  0.074190  0.000000
  -20.852   -8.873   -6.231   -5.515    2.047    2.945    3.380    5.269
            0.129000  0.074478  0.000000
  -20.849   -8.870   -6.241   -5.520    2.051    2.949    3.384    5.273
            0.129500  0.074767  0.000000
  -20.846   -8.866   -6.251   -5.525    2.056    2.953    3.388    5.277
            0.130000  0.075056  0.000000
  -20.843   -8.862   -6.262   -5.530    2.060    2.958    3.393    5.281
            0.130500  0.075344  0.000000
  -20.840   -8.859   -6.272   -5.535    2.064    2.962    3.397    5.285
            0.131000  0.075633  0.000000
  -20.837   -8.855   -6.282   -5.540    2.068    2.966    3.401    5.290
            0.131500  0.075922  0.000000
  -20.834   -8.851   -6.292   -5.545    2.072    2.970    3.405    5.294
            0.132000  0.076210  0.000000
  -20.831   -8.848   -6.303   -5.550    2.077    2.974    3.410    5.298
            0.132500  0.076499  0.000000
  -20.828   -8.844   -6.313   -5.555    2.081    2.979    3.414    5.302
            0.133000  0.076788  0.000000
  -20.825   -8.840   -6.323   -5.560    2.085    2.983    3.418    5.307
            0.133500  0.077076  0.000000
  -20.822   -8.837   -6.334   -5.565    2.089    2.987    3.423    5.311
            0.134000  0.077365  0.000000
  -20.818   -8.833   -6.344   -5.570    2.094    2.992    3.427    5.315
            0.134500  0.077654  0.000000
  -20.815   -8.829   -6.355   -5.575    2.098    2.996    3.431    5.319
            0.135000  0.077942  0.000000
  -20.812   -8.825   -6.365   -5.580    2.102    3.000    3.436    5.324
            0.135500  0.078231  0.000000
  -20.809   -8.822   -6.375   -5.585    2.107    3.005    3.440    5.328
            0.136000  0.078520  0.000000
  -20.806   -8.818   -6.386   -5.590    2.111    3.009    3.445    5.332
            0.136500  0.078808  0.000000
  -20.802   -8.814   -6.396   -5.595    2.115    3.013    3.449    5.337
            0.137000  0.079097  0.000000
  -20.799   -8.810   -6.407   -5.600    2.120    3.018    3.454    5.341
            0.137500  0.079386  0.000000
  -20.796   -8.806   -6.417   -5.605    2.124    3.022    3.458    5.345
            0.138000  0.079674  0.000000
  -20.793   -8.802   -6.428   -5.610    2.129    3.027    3.463    5.350
            0.138500  0.079963  0.000000
  -20.790   -8.799   -6.439   -5.615    2.133    3.031    3.467    5.354
            0.139000  0.080252  0.000000
  -20.786   -8.795   -6.449   -5.620    2.137    3.036    3.472    5.359
            0.139500  0.080540  0.000000
  -20.783   -8.791   -6.460   -5.625    2.142    3.040    3.476    5.363
            0.140000  0.080829  0.000000
  -20.780   -8.787   -6.471   -5.630    2.146    3.045    3.481    5.368
            0.140500  0.081118  0.000000
  -20.776   -8.783   -6.481   -5.636    2.151    3.049    3.485    5.372
            0.141000  0.081406  0.000000
  -20.773   -8.779   -6.492   -5.641    2.155    3.054    3.490    5.377
            0.141500  0.081695  0.000000
  -20.770   -8.775   -6.503   -5.646    2.160    3.058    3.494    5.381
            0.142000  0.081984  0.000000
  -20.767   -8.771   -6.513   -5.651    2.164    3.063    3.499    5.386
            0.142500  0.082272  0.000000
  -20.763   -8.767   -6.524   -5.656    2.169    3.067    3.504    5.390
            0.143000  0.082561  0.000000
  -20.760   -8.763   -6.535   -5.661    2.174    3.072    3.508    5.395
            0.143500  0.082850  0.000000
  -20.756   -8.759   -6.546   -5.666    2.178    3.077    3.513    5.399
            0.144000  0.083138  0.000000
  -20.753   -8.755   -6.557   -5.671    2.183    3.081    3.518    5.404
            0.144500  0.083427  0.000000
  -20.750   -8.751   -6.567   -5.676    2.187    3.086    3.522    5.409
            0.145000  0.083716  0.000000
  -20.746   -8.747   -6.578   -5.682    2.192    3.091    3.527    5.413
            0.145500  0.084004  0.000000
  -20.743   -8.743   -6.589   -5.687    2.197    3.095    3.532    5.418
            0.146000  0.084293  0.000000
  -20.739   -8.739   -6.600   -5.692    2.201    3.100    3.537    5.422
            0.146500  0.084582  0.000000
  -20.736   -8.735   -6.611   -5.697    2.206    3.105    3.541    5.427
            0.147000  0.084870  0.000000
  -20.733   -8.731   -6.622   -5.702    2.211    3.109    3.546    5.432
            0.147500  0.085159  0.000000
  -20.729   -8.727   -6.633   -5.707    2.216    3.114    3.551    5.436
            0.148000  0.085448  0.000000
  -20.726   -8.723   -6.644   -5.713    2.220    3.119    3.556    5.441
            0.148500  0.085737  0.000000
  -20.722   -8.719   -6.655   -5.718    2.225    3.124    3.561    5.446
            0.149000  0.086025  0.000000
  -20.719   -8.714   -6.666   -5.723    2.230    3.128    3.566    5.451
            0.149500  0.086314  0.000000
  -20.715   -8.710   -6.677   -5.728    2.235    3.133    3.570    5.455
            0.150000  0.086603  0.000000
  -20.712   -8.706   -6.688   -5.733    2.239    3.138    3.575    5.460
            0.150500  0.086891  0.000000
  -20.708   -8.702   -6.699   -5.739    2.244    3.143    3.580    5.465
            0.151000  0.087180  0.000000
  -20.705   -8.698   -6.710   -5.744    2.249    3.148    3.585    5.470
            0.151500  0.087469  0.000000
  -20.701   -8.694   -6.721   -5.749    2.254    3.153    3.590    5.475
            0.152000  0.087757  0.000000
  -20.698   -8.689   -6.733   -5.754    2.259    3.158    3.595    5.479
            0.152500  0.088046  0.000000
  -20.694   -8.685   -6.744   -5.759    2.264    3.163    3.600    5.484
            0.153000  0.088335  0.000000
  -20.690   -8.681   -6.755   -5.765    2.269    3.167    3.605    5.489
            0.153500  0.088623  0.000000
  -20.687   -8.677   -6.766   -5.770    2.273    3.172    3.610    5.494
            0.154000  0.088912  0.000000
  -20.683   -8.672   -6.777   -5.775    2.278    3.177    3.615    5.499
            0.154500  0.089201  0.000000
  -20.680   -8.668   -6.789   -5.780    2.283    3.182    3.620    5.504
            0.155000  0.089489  0.000000
  -20.676   -8.664   -6.800   -5.786    2.288    3.187    3.625    5.509
            0.155500  0.089778  0.000000
  -20.672   -8.659   -6.811   -5.791    2.293    3.192    3.630    5.514
            0.156000  0.090067  0.000000
  -20.669   -8.655   -6.822   -5.796    2.298    3.197    3.635    5.519
            0.156500  0.090355  0.000000
  -20.665   -8.651   -6.834   -5.801    2.303    3.202    3.640    5.524
            0.157000  0.090644  0.000000
  -20.661   -8.646   -6.845   -5.807    2.308    3.207    3.645    5.529
            0.157500  0.090933  0.000000
  -20.658   -8.642   -6.856   -5.812    2.313    3.212    3.651    5.534
            0.158000  0.091221  0.000000
  -20.654   -8.638   -6.868   -5.817    2.318    3.218    3.656    5.539
            0.158500  0.091510  0.000000
  -20.650   -8.633   -6.879   -5.822    2.324    3.223    3.661    5.544
            0.159000  0.091799  0.000000
  -20.646   -8.629   -6.891   -5.828    2.329    3.228    3.666    5.549
            0.159500  0.092087  0.000000
  -20.643   -8.624   -6.902   -5.833    2.334    3.233    3.671    5.554
            0.160000  0.092376  0.000000
  -20.639   -8.620   -6.913   -5.838    2.339    3.238    3.676    5.559
            0.160500  0.092665  0.000000
  -20.635   -8.615   -6.925   -5.844    2.344    3.243    3.682    5.564
            0.161000  0.092953  0.000000
  -20.631   -8.611   -6.936   -5.849    2.349    3.248    3.687    5.569
            0.161500  0.093242  0.000000
  -20.628   -8.607   -6.948   -5.854    2.354    3.254    3.692    5.574
            0.162000  0.093531  0.000000
  -20.624   -8.602   -6.959   -5.859    2.359    3.259    3.697    5.579
            0.162500  0.093819  0.000000
  -20.620   -8.598   -6.971   -5.865    2.365    3.264    3.703    5.585
            0.163000  0.094108  0.000000
  -20.616   -8.593   -6.982   -5.870    2.370    3.269    3.708    5.590
            0.163500  0.094397  0.000000
  -20.612   -8.589   -6.994   -5.875    2.375    3.274    3.713    5.595
            0.164000  0.094685  0.000000
  -20.609   -8.584   -7.006   -5.881    2.380    3.280    3.719    5.600
            0.164500  0.094974  0.000000
  -20.605   -8.579   -7.017   -5.886    2.386    3.285    3.724    5.605
            0.165000  0.095263  0.000000
  -20.601   -8.575   -7.029   -5.891    2.391    3.290    3.729    5.611
            0.165500  0.095551  0.000000
  -20.597   -8.570   -7.040   -5.897    2.396    3.296    3.735    5.616
            0.166000  0.095840  0.000000
  -20.593   -8.566   -7.052   -5.902    2.402    3.301    3.740    5.621
            0.166500  0.096129  0.000000
  -20.589   -8.561   -7.064   -5.907    2.407    3.306    3.746    5.626
            0.167000  0.096417  0.000000
  -20.585   -8.556   -7.075   -5.913    2.412    3.312    3.751    5.632
            0.167500  0.096706  0.000000
  -20.581   -8.552   -7.087   -5.918    2.418    3.317    3.757    5.637
            0.168000  0.096995  0.000000
  -20.578   -8.547   -7.099   -5.923    2.423    3.323    3.762    5.642
            0.168500  0.097284  0.000000
  -20.574   -8.542   -7.110   -5.929    2.428    3.328    3.768    5.648
            0.169000  0.097572  0.000000
  -20.570   -8.538   -7.122   -5.934    2.434    3.333    3.773    5.653
            0.169500  0.097861  0.000000
  -20.566   -8.533   -7.134   -5.939    2.439    3.339    3.779    5.658
            0.170000  0.098150  0.000000
  -20.562   -8.528   -7.146   -5.945    2.445    3.344    3.784    5.664
            0.170500  0.098438  0.000000
  -20.558   -8.524   -7.157   -5.950    2.450    3.350    3.790    5.669
            0.171000  0.098727  0.000000
  -20.554   -8.519   -7.169   -5.955    2.456    3.355    3.795    5.675
            0.171500  0.099016  0.000000
  -20.550   -8.514   -7.181   -5.961    2.461    3.361    3.801    5.680
            0.172000  0.099304  0.000000
  -20.546   -8.509   -7.193   -5.966    2.467    3.366    3.806    5.685
            0.172500  0.099593  0.000000
  -20.542   -8.505   -7.205   -5.971    2.472    3.372    3.812    5.691
            0.173000  0.099882  0.000000
  -20.538   -8.500   -7.216   -5.977    2.478    3.377    3.818    5.696
            0.173500  0.100170  0.000000
  -20.534   -8.495   -7.228   -5.982    2.483    3.383    3.823    5.702
            0.174000  0.100459  0.000000
  -20.529   -8.490   -7.240   -5.987    2.489    3.389    3.829    5.707
            0.174500  0.100748  0.000000
  -20.525   -8.485   -7.252   -5.993    2.494    3.394    3.835    5.713
            0.175000  0.101036  0.000000
  -20.521   -8.481   -7.264   -5.998    2.500    3.400    3.840    5.718
            0.175500  0.101325  0.000000
  -20.517   -8.476   -7.276   -6.003    2.506    3.405    3.846    5.724
            0.176000  0.101614  0.000000
  -20.513   -8.471   -7.288   -6.009    2.511    3.411    3.852    5.729
            0.176500  0.101902  0.000000
  -20.509   -8.466   -7.300   -6.014    2.517    3.417    3.858    5.735
            0.177000  0.102191  0.000000
  -20.505   -8.461   -7.312   -6.019    2.523    3.422    3.863    5.741
            0.177500  0.102480  0.000000
  -20.501   -8.456   -7.324   -6.025    2.528    3.428    3.869    5.746
            0.178000  0.102768  0.000000
  -20.496   -8.451   -7.336   -6.030    2.534    3.434    3.875    5.752
            0.178500  0.103057  0.000000
  -20.492   -8.446   -7.348   -6.036    2.540    3.440    3.881    5.757
            0.179000  0.103346  0.000000
  -20.488   -8.441   -7.360   -6.041    2.545    3.445    3.887    5.763
            0.179500  0.103634  0.000000
  -20.484   -8.437   -7.372   -6.046    2.551    3.451    3.892    5.769
            0.180000  0.103923  0.000000
  -20.480   -8.432   -7.384   -6.052    2.557    3.457    3.898    5.774
            0.180500  0.104212  0.000000
  -20.476   -8.427   -7.396   -6.057    2.563    3.463    3.904    5.780
            0.181000  0.104500  0.000000
  -20.471   -8.422   -7.408   -6.062    2.568    3.468    3.910    5.786
            0.181500  0.104789  0.000000
  -20.467   -8.417   -7.420   -6.068    2.574    3.474    3.916    5.791
            0.182000  0.105078  0.000000
  -20.463   -8.412   -7.432   -6.073    2.580    3.480    3.922    5.797
            0.182500  0.105366  0.000000
  -20.459   -8.407   -7.444   -6.079    2.586    3.486    3.928    5.803
            0.183000  0.105655  0.000000
  -20.454   -8.401   -7.456   -6.084    2.592    3.492    3.934    5.809
            0.183500  0.105944  0.000000
  -20.450   -8.396   -7.469   -6.089    2.598    3.498    3.940    5.814
            0.184000  0.106232  0.000000
  -20.446   -8.391   -7.481   -6.095    2.604    3.504    3.946    5.820
            0.184500  0.106521  0.000000
  -20.441   -8.386   -7.493   -6.100    2.609    3.510    3.952    5.826
            0.185000  0.106810  0.000000
  -20.437   -8.381   -7.505   -6.105    2.615    3.515    3.958    5.832
            0.185500  0.107098  0.000000
  -20.433   -8.376   -7.517   -6.111    2.621    3.521    3.964    5.838
            0.186000  0.107387  0.000000
  -20.428   -8.371   -7.529   -6.116    2.627    3.527    3.970    5.843
            0.186500  0.107676  0.000000
  -20.424   -8.366   -7.542   -6.122    2.633    3.533    3.976    5.849
            0.187000  0.107965  0.000000
  -20.420   -8.361   -7.554   -6.127    2.639    3.539    3.982    5.855
            0.187500  0.108253  0.000000
  -20.415   -8.355   -7.566   -6.132    2.645    3.545    3.988    5.861
            0.188000  0.108542  0.000000
  -20.411   -8.350   -7.578   -6.138    2.651    3.551    3.994    5.867
            0.188500  0.108831  0.000000
  -20.406   -8.345   -7.591   -6.143    2.657    3.557    4.001    5.873
            0.189000  0.109119  0.000000
  -20.402   -8.340   -7.603   -6.148    2.663    3.563    4.007    5.879
            0.189500  0.109408  0.000000
  -20.398   -8.335   -7.615   -6.154    2.669    3.570    4.013    5.884
            0.190000  0.109697  0.000000
  -20.393   -8.329   -7.628   -6.159    2.675    3.576    4.019    5.890
            0.190500  0.109985  0.000000
  -20.389   -8.324   -7.640   -6.165    2.682    3.582    4.025    5.896
            0.191000  0.110274  0.000000
  -20.384   -8.319   -7.652   -6.170    2.688    3.588    4.031    5.902
            0.191500  0.110563  0.000000
  -20.380   -8.314   -7.664   -6.175    2.694    3.594    4.038    5.908
            0.192000  0.110851  0.000000
  -20.375   -8.308   -7.677   -6.181    2.700    3.600    4.044    5.914
            0.192500  0.111140  0.000000
  -20.371   -8.303   -7.689   -6.186    2.706    3.606    4.050    5.920
            0.193000  0.111429  0.000000
  -20.366   -8.298   -7.702   -6.191    2.712    3.613    4.057    5.926
            0.193500  0.111717  0.000000
  -20.362   -8.292   -7.714   -6.197    2.718    3.619    4.063    5.932
            0.194000  0.112006  0.000000
  -20.357   -8.287   -7.726   -6.202    2.725    3.625    4.069    5.938
            0.194500  0.112295  0.000000
  -20.353   -8.282   -7.739   -6.208    2.731    3.631    4.075    5.944
            0.195000  0.112583  0.000000
  -20.348   -8.276   -7.751   -6.213    2.737    3.637    4.082    5.950
            0.195500  0.112872  0.000000
  -20.344   -8.271   -7.764   -6.218    2.743    3.644    4.088    5.956
            0.196000  0.113161  0.000000
  -20.339   -8.266   -7.776   -6.224    2.750    3.650    4.095    5.962
            0.196500  0.113449  0.000000
  -20.335   -8.260   -7.788   -6.229    2.756    3.656    4.101    5.968
            0.197000  0.113738  0.000000
  -20.330   -8.255   -7.801   -6.234    2.762    3.663    4.107    5.974
            0.197500  0.114027  0.000000
  -20.325   -8.249   -7.813   -6.240    2.769    3.669    4.114    5.980
            0.198000  0.114315  0.000000
  -20.321   -8.244   -7.826   -6.245    2.775    3.675    4.120    5.986
            0.198500  0.114604  0.000000
  -20.316   -8.239   -7.838   -6.251    2.781    3.682    4.127    5.992
            0.199000  0.114893  0.000000
  -20.311   -8.233   -7.851   -6.256    2.788    3.688    4.133    5.998
            0.199500  0.115181  0.000000
  -20.307   -8.228   -7.863   -6.261    2.794    3.694    4.140    6.004
            0.200000  0.115470  0.000000
  -20.302   -8.222   -7.876   -6.267    2.800    3.701    4.146    6.010
            0.200500  0.115759  0.000000
  -20.297   -8.217   -7.888   -6.272    2.807    3.707    4.153    6.016
            0.201000  0.116047  0.000000
  -20.293   -8.211   -7.901   -6.277    2.813    3.713    4.159    6.022
            0.201500  0.116336  0.000000
  -20.288   -8.206   -7.913   -6.283    2.820    3.720    4.166    6.028
            0.202000  0.116625  0.000000
  -20.283   -8.200   -7.926   -6.288    2.826    3.726    4.172    6.034
            0.202500  0.116913  0.000000
  -20.279   -8.195   -7.939   -6.293    2.833    3.733    4.179    6.040
            0.203000  0.117202  0.000000
  -20.274   -8.189   -7.951   -6.299    2.839    3.739    4.186    6.046
            0.203500  0.117491  0.000000
  -20.269   -8.183   -7.964   -6.304    2.846    3.746    4.192    6.052
            0.204000  0.117779  0.000000
  -20.264   -8.178   -7.976   -6.309    2.852    3.752    4.199    6.058
            0.204500  0.118068  0.000000
  -20.260   -8.172   -7.989   -6.315    2.859    3.759    4.206    6.064
            0.205000  0.118357  0.000000
  -20.255   -8.167   -8.001   -6.320    2.865    3.765    4.212    6.070
            0.205500  0.118645  0.000000
  -20.250   -8.161   -8.014   -6.326    2.872    3.772    4.219    6.076
            0.206000  0.118934  0.000000
  -20.245   -8.155   -8.027   -6.331    2.878    3.779    4.226    6.082
            0.206500  0.119223  0.000000
  -20.240   -8.150   -8.039   -6.336    2.885    3.785    4.232    6.088
            0.207000  0.119512  0.000000
  -20.236   -8.144   -8.052   -6.342    2.892    3.792    4.239    6.093
            0.207500  0.119800  0.000000
  -20.231   -8.138   -8.065   -6.347    2.898    3.798    4.246    6.099
            0.208000  0.120089  0.000000
  -20.226   -8.133   -8.077   -6.352    2.905    3.805    4.253    6.105
            0.208500  0.120378  0.000000
  -20.221   -8.127   -8.090   -6.358    2.912    3.812    4.259    6.111
            0.209000  0.120666  0.000000
  -20.216   -8.121   -8.103   -6.363    2.918    3.818    4.266    6.116
            0.209500  0.120955  0.000000
  -20.211   -8.116   -8.115   -6.368    2.925    3.825    4.273    6.122
            0.210000  0.121244  0.000000
  -20.206   -8.128   -8.110   -6.374    2.932    3.832    4.280    6.127
            0.210500  0.121532  0.000000
  -20.202   -8.141   -8.104   -6.379    2.938    3.838    4.287    6.133
            0.211000  0.121821  0.000000
  -20.197   -8.153   -8.098   -6.384    2.945    3.845    4.294    6.138
            0.211500  0.122110  0.000000
  -20.192   -8.166   -8.092   -6.389    2.952    3.852    4.301    6.143
            0.212000  0.122398  0.000000
  -20.187   -8.179   -8.087   -6.395    2.959    3.859    4.307    6.148
            0.212500  0.122687  0.000000
  -20.182   -8.192   -8.081   -6.400    2.966    3.865    4.314    6.153
            0.213000  0.122976  0.000000
  -20.177   -8.204   -8.075   -6.405    2.972    3.872    4.321    6.158
            0.213500  0.123264  0.000000
  -20.172   -8.217   -8.069   -6.411    2.979    3.879    4.328    6.163
            0.214000  0.123553  0.000000
  -20.167   -8.230   -8.063   -6.416    2.986    3.886    4.335    6.167
            0.214500  0.123842  0.000000
  -20.162   -8.243   -8.058   -6.421    2.993    3.893    4.342    6.171
            0.215000  0.124130  0.000000
  -20.157   -8.255   -8.052   -6.427    3.000    3.900    4.349    6.175
            0.215500  0.124419  0.000000
  -20.152   -8.268   -8.046   -6.432    3.007    3.906    4.356    6.179
            0.216000  0.124708  0.000000
  -20.147   -8.281   -8.040   -6.437    3.014    3.913    4.363    6.182
            0.216500  0.124996  0.000000
  -20.142   -8.294   -8.034   -6.442    3.020    3.920    4.370    6.185
            0.217000  0.125285  0.000000
  -20.137   -8.307   -8.028   -6.448    3.027    3.927    4.377    6.187
            0.217500  0.125574  0.000000
  -20.132   -8.319   -8.022   -6.453    3.034    3.934    4.384    6.189
            0.218000  0.125862  0.000000
  -20.127   -8.332   -8.016   -6.458    3.041    3.941    4.392    6.191
            0.218500  0.126151  0.000000
  -20.122   -8.345   -8.010   -6.464    3.048    3.948    4.399    6.191
            0.219000  0.126440  0.000000
  -20.116   -8.358   -8.004   -6.469    3.055    3.955    4.406    6.191
            0.219500  0.126728  0.000000
  -20.111   -8.371   -7.998   -6.474    3.062    3.962    4.413    6.190
            0.220000  0.127017  0.000000
  -20.106   -8.384   -7.992   -6.479    3.069    3.969    4.420    6.189
            0.220500  0.127306  0.000000
  -20.101   -8.397   -7.986   -6.485    3.076    3.976    4.427    6.186
            0.221000  0.127594  0.000000
  -20.096   -8.409   -7.980   -6.490    3.083    3.983    4.435    6.183
            0.221500  0.127883  0.000000
  -20.091   -8.422   -7.974   -6.495    3.091    3.990    4.442    6.179
            0.222000  0.128172  0.000000
  -20.086   -8.435   -7.968   -6.500    3.098    3.997    4.449    6.174
            0.222500  0.128460  0.000000
  -20.080   -8.448   -7.962   -6.506    3.105    4.004    4.456    6.169
            0.223000  0.128749  0.000000
  -20.075   -8.461   -7.956   -6.511    3.112    4.011    4.463    6.162
            0.223500  0.129038  0.000000
  -20.070   -8.474   -7.950   -6.516    3.119    4.018    4.471    6.155
            0.224000  0.129326  0.000000
  -20.065   -8.487   -7.944   -6.521    3.126    4.025    4.478    6.147
            0.224500  0.129615  0.000000
  -20.060   -8.500   -7.938   -6.527    3.133    4.032    4.485    6.139
            0.225000  0.129904  0.000000
  -20.054   -8.513   -7.932   -6.532    3.141    4.039    4.493    6.130
            0.225500  0.130192  0.000000
  -20.049   -8.525   -7.926   -6.537    3.148    4.046    4.500    6.121
            0.226000  0.130481  0.000000
  -20.044   -8.538   -7.919   -6.542    3.155    4.054    4.507    6.112
            0.226500  0.130770  0.000000
  -20.039   -8.551   -7.913   -6.548    3.162    4.061    4.515    6.102
            0.227000  0.131059  0.000000
  -20.033   -8.564   -7.907   -6.553    3.169    4.068    4.522    6.092
            0.227500  0.131347  0.000000
  -20.028   -8.577   -7.901   -6.558    3.177    4.075    4.530    6.081
            0.228000  0.131636  0.000000
  -20.023   -8.590   -7.895   -6.563    3.184    4.082    4.537    6.070
            0.228500  0.131925  0.000000
  -20.017   -8.603   -7.889   -6.568    3.191    4.089    4.544    6.059
            0.229000  0.132213  0.000000
  -20.012   -8.616   -7.882   -6.574    3.199    4.097    4.552    6.048
            0.229500  0.132502  0.000000
  -20.007   -8.629   -7.876   -6.579    3.206    4.104    4.559    6.037
            0.230000  0.132791  0.000000
  -20.001   -8.642   -7.870   -6.584    3.213    4.111    4.567    6.026
            0.230500  0.133079  0.000000
  -19.996   -8.655   -7.864   -6.589    3.221    4.118    4.574    6.014
            0.231000  0.133368  0.000000
  -19.991   -8.668   -7.857   -6.594    3.228    4.126    4.582    6.002
            0.231500  0.133657  0.000000
  -19.985   -8.681   -7.851   -6.600    3.236    4.133    4.589    5.990
            0.232000  0.133945  0.000000
  -19.980   -8.694   -7.845   -6.605    3.243    4.140    4.597    5.979
            0.232500  0.134234  0.000000
  -19.975   -8.707   -7.839   -6.610    3.250    4.148    4.604    5.967
            0.233000  0.134523  0.000000
  -19.969   -8.720   -7.832   -6.615    3.258    4.155    4.612    5.955
            0.233500  0.134811  0.000000
  -19.964   -8.733   -7.826   -6.620    3.265    4.162    4.620    5.942
            0.234000  0.135100  0.000000
  -19.958   -8.746   -7.820   -6.625    3.273    4.170    4.627    5.930
            0.234500  0.135389  0.000000
  -19.953   -8.759   -7.813   -6.631    3.280    4.177    4.635    5.918
            0.235000  0.135677  0.000000
  -19.947   -8.772   -7.807   -6.636    3.288    4.184    4.643    5.906
            0.235500  0.135966  0.000000
  -19.942   -8.785   -7.800   -6.641    3.295    4.192    4.650    5.893
            0.236000  0.136255  0.000000
  -19.936   -8.798   -7.794   -6.646    3.303    4.199    4.658    5.881
            0.236500  0.136543  0.000000
  -19.931   -8.811   -7.788   -6.651    3.310    4.206    4.666    5.868
            0.237000  0.136832  0.000000
  -19.925   -8.824   -7.781   -6.656    3.318    4.214    4.673    5.856
            0.237500  0.137121  0.000000
  -19.920   -8.837   -7.775   -6.661    3.326    4.221    4.681    5.843
            0.238000  0.137409  0.000000
  -19.914   -8.850   -7.768   -6.667    3.333    4.229    4.689    5.831
            0.238500  0.137698  0.000000
  -19.909   -8.863   -7.762   -6.672    3.341    4.236    4.697    5.818
            0.239000  0.137987  0.000000
  -19.903   -8.877   -7.756   -6.677    3.348    4.244    4.704    5.806
            0.239500  0.138275  0.000000
  -19.898   -8.890   -7.749   -6.682    3.356    4.251    4.712    5.793
            0.240000  0.138564  0.000000
  -19.892   -8.903   -7.743   -6.687    3.364    4.258    4.720    5.780
            0.240500  0.138853  0.000000
  -19.887   -8.916   -7.736   -6.692    3.371    4.266    4.728    5.767
            0.241000  0.139141  0.000000
  -19.881   -8.929   -7.730   -6.697    3.379    4.273    4.736    5.755
            0.241500  0.139430  0.000000
  -19.875   -8.942   -7.723   -6.702    3.387    4.281    4.743    5.742
            0.242000  0.139719  0.000000
  -19.870   -8.955   -7.717   -6.707    3.395    4.288    4.751    5.729
            0.242500  0.140007  0.000000
  -19.864   -8.968   -7.710   -6.712    3.402    4.296    4.759    5.717
            0.243000  0.140296  0.000000
  -19.859   -8.981   -7.703   -6.718    3.410    4.303    4.767    5.704
            0.243500  0.140585  0.000000
  -19.853   -8.994   -7.697   -6.723    3.418    4.311    4.775    5.691
            0.244000  0.140873  0.000000
  -19.847   -9.008   -7.690   -6.728    3.426    4.318    4.783    5.678
            0.244500  0.141162  0.000000
  -19.842   -9.021   -7.684   -6.733    3.433    4.326    4.791    5.665
            0.245000  0.141451  0.000000
  -19.836   -9.034   -7.677   -6.738    3.441    4.333    4.799    5.652
            0.245500  0.141739  0.000000
  -19.830   -9.047   -7.671   -6.743    3.449    4.341    4.807    5.640
            0.246000  0.142028  0.000000
  -19.825   -9.060   -7.664   -6.748    3.457    4.348    4.815    5.627
            0.246500  0.142317  0.000000
  -19.819   -9.073   -7.657   -6.753    3.465    4.356    4.823    5.614
            0.247000  0.142606  0.000000
  -19.813   -9.086   -7.651   -6.758    3.473    4.363    4.831    5.601
            0.247500  0.142894  0.000000
  -19.807   -9.099   -7.644   -6.763    3.481    4.371    4.839    5.588
            0.248000  0.143183  0.000000
  -19.802   -9.113   -7.637   -6.768    3.488    4.378    4.847    5.575
            0.248500  0.143472  0.000000
  -19.796   -9.126   -7.631   -6.773    3.496    4.386    4.855    5.563
            0.249000  0.143760  0.000000
  -19.790   -9.139   -7.624   -6.778    3.504    4.394    4.863    5.550
            0.249500  0.144049  0.000000
  -19.784   -9.152   -7.617   -6.783    3.512    4.401    4.871    5.537
            0.250000  0.144338  0.000000
  -19.779   -9.165   -7.611   -6.788    3.520    4.409    4.879    5.524
            0.250500  0.144626  0.000000
  -19.773   -9.178   -7.604   -6.793    3.528    4.416    4.888    5.511
            0.251000  0.144915  0.000000
  -19.767   -9.191   -7.597   -6.798    3.536    4.424    4.896    5.498
            0.251500  0.145204  0.000000
  -19.761   -9.205   -7.590   -6.803    3.544    4.431    4.904    5.486
            0.252000  0.145492  0.000000
  -19.755   -9.218   -7.584   -6.808    3.552    4.439    4.912    5.473
            0.252500  0.145781  0.000000
  -19.749   -9.231   -7.577   -6.813    3.560    4.446    4.920    5.460
            0.253000  0.146070  0.000000
  -19.744   -9.244   -7.570   -6.818    3.569    4.453    4.928    5.447
            0.253500  0.146358  0.000000
  -19.738   -9.257   -7.563   -6.823    3.577    4.461    4.937    5.435
            0.254000  0.146647  0.000000
  -19.732   -9.271   -7.556   -6.828    3.585    4.468    4.945    5.422
            0.254500  0.146936  0.000000
  -19.726   -9.284   -7.550   -6.833    3.593    4.476    4.953    5.409
            0.255000  0.147224  0.000000
  -19.720   -9.297   -7.543   -6.838    3.601    4.483    4.962    5.396
            0.255500  0.147513  0.000000
  -19.714   -9.310   -7.536   -6.843    3.609    4.490    4.970    5.384
            0.256000  0.147802  0.000000
  -19.708   -9.323   -7.529   -6.848    3.617    4.498    4.978    5.371
            0.256500  0.148090  0.000000
  -19.702   -9.336   -7.522   -6.852    3.625    4.505    4.986    5.359
            0.257000  0.148379  0.000000
  -19.696   -9.350   -7.515   -6.857    3.634    4.512    4.995    5.346
            0.257500  0.148668  0.000000
  -19.690   -9.363   -7.508   -6.862    3.642    4.520    5.003    5.334
            0.258000  0.148956  0.000000
  -19.684   -9.376   -7.502   -6.867    3.650    4.527    5.012    5.321
            0.258500  0.149245  0.000000
  -19.678   -9.389   -7.495   -6.872    3.658    4.534    5.020    5.309
            0.259000  0.149534  0.000000
  -19.672   -9.402   -7.488   -6.877    3.667    4.541    5.028    5.296
            0.259500  0.149822  0.000000
  -19.666   -9.416   -7.481   -6.882    3.675    4.548    5.037    5.284
            0.260000  0.150111  0.000000
  -19.660   -9.429   -7.474   -6.887    3.683    4.555    5.045    5.272
            0.260500  0.150400  0.000000
  -19.654   -9.442   -7.467   -6.892    3.692    4.562    5.054    5.260
            0.261000  0.150688  0.000000
  -19.648   -9.455   -7.460   -6.897    3.700    4.569    5.062    5.248
            0.261500  0.150977  0.000000
  -19.642   -9.469   -7.453   -6.901    3.708    4.576    5.071    5.236
            0.262000  0.151266  0.000000
  -19.636   -9.482   -7.446   -6.906    3.717    4.582    5.079    5.224
            0.262500  0.151554  0.000000
  -19.630   -9.495   -7.439   -6.911    3.725    4.589    5.088    5.212
            0.263000  0.151843  0.000000
  -19.624   -9.508   -7.432   -6.916    3.733    4.595    5.096    5.200
            0.263500  0.152132  0.000000
  -19.618   -9.521   -7.425   -6.921    3.742    4.602    5.105    5.189
            0.264000  0.152420  0.000000
  -19.612   -9.535   -7.418   -6.926    3.750    4.608    5.113    5.178
            0.264500  0.152709  0.000000
  -19.606   -9.548   -7.411   -6.930    3.759    4.614    5.122    5.166
            0.265000  0.152998  0.000000
  -19.600   -9.561   -7.404   -6.935    3.767    4.620    5.131    5.155
            0.265500  0.153286  0.000000
  -19.594   -9.574   -7.397   -6.940    3.775    4.625    5.139    5.145
            0.266000  0.153575  0.000000
  -19.587   -9.588   -7.390   -6.945    3.784    4.631    5.134    5.148
            0.266500  0.153864  0.000000
  -19.581   -9.601   -7.382   -6.950    3.792    4.636    5.124    5.156
            0.267000  0.154153  0.000000
  -19.575   -9.614   -7.375   -6.954    3.801    4.641    5.113    5.165
            0.267500  0.154441  0.000000
  -19.569   -9.627   -7.368   -6.959    3.809    4.646    5.104    5.174
            0.268000  0.154730  0.000000
  -19.563   -9.641   -7.361   -6.964    3.818    4.650    5.094    5.182
            0.268500  0.155019  0.000000
  -19.556   -9.654   -7.354   -6.969    3.827    4.654    5.085    5.191
            0.269000  0.155307  0.000000
  -19.550   -9.667   -7.347   -6.974    3.835    4.658    5.076    5.200
            0.269500  0.155596  0.000000
  -19.544   -9.680   -7.340   -6.978    3.844    4.661    5.068    5.209
            0.270000  0.155885  0.000000
  -19.538   -9.694   -7.333   -6.983    3.852    4.664    5.060    5.217
            0.270500  0.156173  0.000000
  -19.532   -9.707   -7.325   -6.988    3.861    4.666    5.053    5.226
            0.271000  0.156462  0.000000
  -19.525   -9.720   -7.318   -6.993    3.870    4.668    5.046    5.235
            0.271500  0.156751  0.000000
  -19.519   -9.733   -7.311   -6.997    3.878    4.669    5.040    5.244
            0.272000  0.157039  0.000000
  -19.513   -9.747   -7.304   -7.002    3.887    4.670    5.034    5.252
            0.272500  0.157328  0.000000
  -19.506   -9.760   -7.297   -7.007    3.896    4.670    5.029    5.261
            0.273000  0.157617  0.000000
  -19.500   -9.773   -7.289   -7.011    3.904    4.669    5.025    5.270
            0.273500  0.157905  0.000000
  -19.494   -9.786   -7.282   -7.016    3.913    4.667    5.021    5.279
            0.274000  0.158194  0.000000
  -19.488   -9.800   -7.275   -7.021    3.922    4.665    5.019    5.288
            0.274500  0.158483  0.000000
  -19.481   -9.813   -7.268   -7.025    3.931    4.662    5.017    5.297
            0.275000  0.158771  0.000000
  -19.475   -9.826   -7.260   -7.030    3.939    4.659    5.015    5.306
            0.275500  0.159060  0.000000
  -19.469   -9.839   -7.253   -7.035    3.948    4.654    5.015    5.315
            0.276000  0.159349  0.000000
  -19.462   -9.853   -7.246   -7.039    3.957    4.649    5.015    5.323
            0.276500  0.159637  0.000000
  -19.456   -9.866   -7.238   -7.044    3.966    4.644    5.015    5.332
            0.277000  0.159926  0.000000
  -19.449   -9.879   -7.231   -7.049    3.974    4.637    5.017    5.341
            0.277500  0.160215  0.000000
  -19.443   -9.892   -7.224   -7.053    3.983    4.631    5.019    5.350
            0.278000  0.160503  0.000000
  -19.437   -9.906   -7.216   -7.058    3.992    4.623    5.021    5.359
            0.278500  0.160792  0.000000
  -19.430   -9.919   -7.209   -7.063    4.001    4.615    5.024    5.368
            0.279000  0.161081  0.000000
  -19.424   -9.932   -7.202   -7.067    4.010    4.607    5.028    5.377
            0.279500  0.161369  0.000000
  -19.417   -9.945   -7.194   -7.072    4.019    4.598    5.032    5.386
            0.280000  0.161658  0.000000
  -19.411   -9.959   -7.187   -7.077    4.028    4.589    5.036    5.395
            0.280500  0.161947  0.000000
  -19.404   -9.972   -7.180   -7.081    4.037    4.579    5.041    5.404
            0.281000  0.162235  0.000000
  -19.398   -9.985   -7.172   -7.086    4.046    4.569    5.046    5.413
            0.281500  0.162524  0.000000
  -19.391   -9.999   -7.165   -7.090    4.055    4.559    5.051    5.423
            0.282000  0.162813  0.000000
  -19.385  -10.012   -7.157   -7.095    4.064    4.548    5.057    5.432
            0.282500  0.163101  0.000000
  -19.378  -10.025   -7.150   -7.099    4.073    4.537    5.063    5.441
            0.283000  0.163390  0.000000
  -19.372  -10.038   -7.142   -7.104    4.082    4.526    5.069    5.450
            0.283500  0.163679  0.000000
  -19.365  -10.052   -7.135   -7.109    4.091    4.515    5.076    5.459
            0.284000  0.163967  0.000000
  -19.359  -10.065   -7.127   -7.113    4.100    4.504    5.083    5.468
            0.284500  0.164256  0.000000
  -19.352  -10.078   -7.120   -7.118    4.109    4.492    5.089    5.477
            0.285000  0.164545  0.000000
  -19.346  -10.091   -7.122   -7.113    4.118    4.481    5.096    5.486
            0.285500  0.164834  0.000000
  -19.339  -10.105   -7.127   -7.105    4.127    4.469    5.103    5.496
            0.286000  0.165122  0.000000
  -19.333  -10.118   -7.131   -7.098    4.136    4.457    5.111    5.505
            0.286500  0.165411  0.000000
  -19.326  -10.131   -7.136   -7.090    4.145    4.445    5.118    5.514
            0.287000  0.165700  0.000000
  -19.319  -10.144   -7.140   -7.082    4.154    4.432    5.126    5.523
            0.287500  0.165988  0.000000
  -19.313  -10.158   -7.145   -7.075    4.163    4.420    5.133    5.532
            0.288000  0.166277  0.000000
  -19.306  -10.171   -7.149   -7.067    4.172    4.408    5.141    5.542
            0.288500  0.166566  0.000000
  -19.300  -10.184   -7.154   -7.060    4.182    4.395    5.149    5.551
            0.289000  0.166854  0.000000
  -19.293  -10.198   -7.158   -7.052    4.191    4.382    5.157    5.560
            0.289500  0.167143  0.000000
  -19.286  -10.211   -7.163   -7.045    4.200    4.370    5.165    5.569
            0.290000  0.167432  0.000000
  -19.280  -10.224   -7.167   -7.037    4.209    4.357    5.173    5.579
            0.290500  0.167720  0.000000
  -19.273  -10.237   -7.172   -7.029    4.218    4.344    5.182    5.588
            0.291000  0.168009  0.000000
  -19.266  -10.251   -7.176   -7.022    4.228    4.331    5.190    5.597
            0.291500  0.168298  0.000000
  -19.259  -10.264   -7.180   -7.014    4.237    4.318    5.198    5.607
            0.292000  0.168586  0.000000
  -19.253  -10.277   -7.185   -7.007    4.246    4.305    5.207    5.616
            0.292500  0.168875  0.000000
  -19.246  -10.290   -7.189   -6.999    4.256    4.292    5.215    5.625
            0.293000  0.169164  0.000000
  -19.239  -10.304   -7.194   -6.991    4.265    4.279    5.224    5.634
            0.293500  0.169452  0.000000
  -19.233  -10.317   -7.198   -6.984    4.266    4.274    5.232    5.644
            0.294000  0.169741  0.000000
  -19.226  -10.330   -7.202   -6.976    4.253    4.284    5.241    5.653
            0.294500  0.170030  0.000000
  -19.219  -10.343   -7.207   -6.968    4.240    4.293    5.250    5.662
            0.295000  0.170318  0.000000
  -19.212  -10.357   -7.211   -6.961    4.227    4.302    5.258    5.672
            0.295500  0.170607  0.000000
  -19.205  -10.370   -7.216   -6.953    4.213    4.312    5.267    5.681
            0.296000  0.170896  0.000000
  -19.199  -10.383   -7.220   -6.945    4.200    4.321    5.276    5.690
            0.296500  0.171184  0.000000
  -19.192  -10.396   -7.224   -6.938    4.187    4.330    5.285    5.700
            0.297000  0.171473  0.000000
  -19.185  -10.410   -7.229   -6.930    4.173    4.340    5.294    5.709
            0.297500  0.171762  0.000000
  -19.178  -10.423   -7.233   -6.922    4.160    4.349    5.303    5.718
            0.298000  0.172050  0.000000
  -19.171  -10.436   -7.237   -6.914    4.147    4.359    5.312    5.728
            0.298500  0.172339  0.000000
  -19.165  -10.449   -7.242   -6.907    4.133    4.368    5.321    5.737
            0.299000  0.172628  0.000000
  -19.158  -10.463   -7.246   -6.899    4.120    4.378    5.330    5.746
            0.299500  0.172916  0.000000
  -19.151  -10.476   -7.250   -6.891    4.106    4.387    5.339    5.756
            0.300000  0.173205  0.000000
  -19.144  -10.489   -7.254   -6.883    4.093    4.397    5.348    5.765
            0.300500  0.173494  0.000000
  -19.137  -10.502   -7.259   -6.875    4.079    4.406    5.357    5.774
            0.301000  0.173782  0.000000
  -19.130  -10.516   -7.263   -6.868    4.066    4.416    5.367    5.783
            0.301500  0.174071  0.000000
  -19.123  -10.529   -7.267   -6.860    4.052    4.425    5.376    5.793
            0.302000  0.174360  0.000000
  -19.116  -10.542   -7.272   -6.852    4.039    4.435    5.385    5.802
            0.302500  0.174648  0.000000
  -19.109  -10.555   -7.276   -6.844    4.025    4.445    5.394    5.811
            0.303000  0.174937  0.000000
  -19.102  -10.569   -7.280   -6.836    4.012    4.454    5.404    5.820
            0.303500  0.175226  0.000000
  -19.095  -10.582   -7.284   -6.829    3.998    4.464    5.413    5.829
            0.304000  0.175514  0.000000
  -19.088  -10.595   -7.289   -6.821    3.985    4.474    5.422    5.838
            0.304500  0.175803  0.000000
  -19.082  -10.608   -7.293   -6.813    3.971    4.483    5.432    5.847
            0.305000  0.176092  0.000000
  -19.075  -10.621   -7.297   -6.805    3.957    4.493    5.441    5.856
            0.305500  0.176381  0.000000
  -19.068  -10.635   -7.301   -6.797    3.944    4.503    5.451    5.865
            0.306000  0.176669  0.000000
  -19.061  -10.648   -7.305   -6.789    3.930    4.512    5.460    5.874
            0.306500  0.176958  0.000000
  -19.053  -10.661   -7.310   -6.781    3.917    4.522    5.470    5.882
            0.307000  0.177247  0.000000
  -19.046  -10.674   -7.314   -6.773    3.903    4.532    5.479    5.891
            0.307500  0.177535  0.000000
  -19.039  -10.688   -7.318   -6.765    3.889    4.541    5.489    5.899
            0.308000  0.177824  0.000000
  -19.032  -10.701   -7.322   -6.757    3.876    4.551    5.499    5.908
            0.308500  0.178113  0.000000
  -19.025  -10.714   -7.326   -6.750    3.862    4.561    5.508    5.916
            0.309000  0.178401  0.000000
  -19.018  -10.727   -7.330   -6.742    3.848    4.571    5.518    5.924
            0.309500  0.178690  0.000000
  -19.011  -10.740   -7.334   -6.734    3.835    4.581    5.527    5.931
            0.310000  0.178979  0.000000
  -19.004  -10.754   -7.339   -6.726    3.821    4.590    5.537    5.939
            0.310500  0.179267  0.000000
  -18.997  -10.767   -7.343   -6.718    3.807    4.600    5.547    5.946
            0.311000  0.179556  0.000000
  -18.990  -10.780   -7.347   -6.710    3.793    4.610    5.557    5.953
            0.311500  0.179845  0.000000
  -18.983  -10.793   -7.351   -6.702    3.780    4.620    5.566    5.959
            0.312000  0.180133  0.000000
  -18.976  -10.806   -7.355   -6.694    3.766    4.630    5.576    5.965
            0.312500  0.180422  0.000000
  -18.968  -10.820   -7.359   -6.686    3.752    4.640    5.586    5.971
            0.313000  0.180711  0.000000
  -18.961  -10.833   -7.363   -6.678    3.739    4.650    5.596    5.976
            0.313500  0.180999  0.000000
  -18.954  -10.846   -7.367   -6.670    3.725    4.659    5.606    5.981
            0.314000  0.181288  0.000000
  -18.947  -10.859   -7.371   -6.662    3.711    4.669    5.615    5.985
            0.314500  0.181577  0.000000
  -18.940  -10.872   -7.375   -6.654    3.697    4.679    5.625    5.989
            0.315000  0.181865  0.000000
  -18.933  -10.886   -7.379   -6.646    3.684    4.689    5.635    5.993
            0.315500  0.182154  0.000000
  -18.925  -10.899   -7.383   -6.637    3.670    4.699    5.645    5.996
            0.316000  0.182443  0.000000
  -18.918  -10.912   -7.387   -6.629    3.656    4.709    5.655    5.998
            0.316500  0.182731  0.000000
  -18.911  -10.925   -7.391   -6.621    3.642    4.719    5.665    6.000
            0.317000  0.183020  0.000000
  -18.904  -10.938   -7.395   -6.613    3.629    4.729    5.675    6.002
            0.317500  0.183309  0.000000
  -18.896  -10.952   -7.399   -6.605    3.615    4.739    5.685    6.003
            0.318000  0.183597  0.000000
  -18.889  -10.965   -7.403   -6.597    3.601    4.749    5.695    6.004
            0.318500  0.183886  0.000000
  -18.882  -10.978   -7.407   -6.589    3.588    4.759    5.705    6.005
            0.319000  0.184175  0.000000
  -18.875  -10.991   -7.411   -6.581    3.574    4.769    5.715    6.006
            0.319500  0.184463  0.000000
  -18.867  -11.004   -7.415   -6.573    3.560    4.780    5.725    6.006
            0.320000  0.184752  0.000000
  -18.860  -11.017   -7.419   -6.565    3.546    4.790    5.735    6.006
            0.320500  0.185041  0.000000
  -18.853  -11.030   -7.423   -6.556    3.533    4.800    5.745    6.006
            0.321000  0.185329  0.000000
  -18.845  -11.044   -7.427   -6.548    3.519    4.810    5.756    6.006
            0.321500  0.185618  0.000000
  -18.838  -11.057   -7.431   -6.540    3.505    4.820    5.766    6.005
            0.322000  0.185907  0.000000
  -18.831  -11.070   -7.435   -6.532    3.491    4.830    5.776    6.005
            0.322500  0.186195  0.000000
  -18.823  -11.083   -7.439   -6.524    3.478    4.840    5.786    6.004
            0.323000  0.186484  0.000000
  -18.816  -11.096   -7.443   -6.516    3.464    4.850    5.796    6.004
            0.323500  0.186773  0.000000
  -18.809  -11.109   -7.447   -6.507    3.450    4.861    5.807    6.003
            0.324000  0.187061  0.000000
  -18.801  -11.123   -7.450   -6.499    3.436    4.871    5.817    6.002
            0.324500  0.187350  0.000000
  -18.794  -11.136   -7.454   -6.491    3.423    4.881    5.827    6.001
            0.325000  0.187639  0.000000
  -18.786  -11.149   -7.458   -6.483    3.409    4.891    5.837    6.000
            0.325500  0.187928  0.000000
  -18.779  -11.162   -7.462   -6.475    3.395    4.902    5.848    5.999
            0.326000  0.188216  0.000000
  -18.771  -11.175   -7.466   -6.466    3.381    4.912    5.858    5.998
            0.326500  0.188505  0.000000
  -18.764  -11.188   -7.470   -6.458    3.368    4.922    5.868    5.997
            0.327000  0.188794  0.000000
  -18.757  -11.201   -7.473   -6.450    3.354    4.932    5.879    5.996
            0.327500  0.189082  0.000000
  -18.749  -11.214   -7.477   -6.442    3.340    4.943    5.889    5.995
            0.328000  0.189371  0.000000
  -18.742  -11.227   -7.481   -6.433    3.326    4.953    5.899    5.994
            0.328500  0.189660  0.000000
  -18.734  -11.241   -7.485   -6.425    3.313    4.963    5.910    5.993
            0.329000  0.189948  0.000000
  -18.727  -11.254   -7.489   -6.417    3.299    4.974    5.920    5.992
            0.329500  0.190237  0.000000
  -18.719  -11.267   -7.492   -6.409    3.285    4.984    5.931    5.990
            0.330000  0.190526  0.000000
  -18.712  -11.280   -7.496   -6.400    3.271    4.994    5.941    5.989
            0.330500  0.190814  0.000000
  -18.704  -11.293   -7.500   -6.392    3.258    5.005    5.952    5.988
            0.331000  0.191103  0.000000
  -18.697  -11.306   -7.504   -6.384    3.244    5.015    5.962    5.987
            0.331500  0.191392  0.000000
  -18.689  -11.319   -7.507   -6.375    3.230    5.025    5.973    5.985
            0.332000  0.191680  0.000000
  -18.682  -11.332   -7.511   -6.367    3.217    5.036    5.983    5.984
            0.332500  0.191969  0.000000
  -18.674  -11.345   -7.515   -6.359    3.203    5.046    5.983    5.994
            0.333000  0.192258  0.000000
  -18.666  -11.358   -7.518   -6.350    3.189    5.057    5.982    6.004
            0.333500  0.192546  0.000000
  -18.659  -11.371   -7.522   -6.342    3.175    5.067    5.980    6.015
            0.334000  0.192835  0.000000
  -18.651  -11.385   -7.526   -6.334    3.162    5.077    5.979    6.026
            0.334500  0.193124  0.000000
  -18.644  -11.398   -7.529   -6.325    3.148    5.088    5.978    6.036
            0.335000  0.193412  0.000000
  -18.636  -11.411   -7.533   -6.317    3.134    5.098    5.976    6.047
            0.335500  0.193701  0.000000
  -18.628  -11.424   -7.537   -6.309    3.121    5.109    5.975    6.057
            0.336000  0.193990  0.000000
  -18.621  -11.437   -7.540   -6.300    3.107    5.119    5.974    6.068
            0.336500  0.194278  0.000000
  -18.613  -11.450   -7.544   -6.292    3.093    5.130    5.972    6.079
            0.337000  0.194567  0.000000
  -18.605  -11.463   -7.548   -6.283    3.080    5.140    5.971    6.089
            0.337500  0.194856  0.000000
  -18.598  -11.476   -7.551   -6.275    3.066    5.151    5.970    6.100
            0.338000  0.195144  0.000000
  -18.590  -11.489   -7.555   -6.267    3.052    5.161    5.969    6.111
            0.338500  0.195433  0.000000
  -18.582  -11.502   -7.559   -6.258    3.039    5.172    5.967    6.122
            0.339000  0.195722  0.000000
  -18.575  -11.515   -7.562   -6.250    3.025    5.182    5.966    6.132
            0.339500  0.196010  0.000000
  -18.567  -11.528   -7.566   -6.242    3.011    5.193    5.965    6.143
            0.340000  0.196299  0.000000
  -18.559  -11.541   -7.569   -6.233    2.998    5.203    5.963    6.154
            0.340500  0.196588  0.000000
  -18.552  -11.554   -7.573   -6.225    2.984    5.214    5.962    6.165
            0.341000  0.196876  0.000000
  -18.544  -11.567   -7.576   -6.216    2.970    5.224    5.961    6.176
            0.341500  0.197165  0.000000
  -18.536  -11.580   -7.580   -6.208    2.957    5.235    5.960    6.187
            0.342000  0.197454  0.000000
  -18.528  -11.593   -7.583   -6.199    2.943    5.245    5.958    6.197
            0.342500  0.197742  0.000000
  -18.521  -11.606   -7.587   -6.191    2.929    5.256    5.957    6.208
            0.343000  0.198031  0.000000
  -18.513  -11.619   -7.590   -6.182    2.916    5.266    5.956    6.219
            0.343500  0.198320  0.000000
  -18.505  -11.632   -7.594   -6.174    2.902    5.277    5.955    6.230
            0.344000  0.198608  0.000000
  -18.497  -11.645   -7.597   -6.166    2.889    5.288    5.953    6.241
            0.344500  0.198897  0.000000
  -18.489  -11.658   -7.601   -6.157    2.875    5.298    5.952    6.252
            0.345000  0.199186  0.000000
  -18.482  -11.671   -7.604   -6.149    2.861    5.309    5.951    6.263
            0.345500  0.199475  0.000000
  -18.474  -11.684   -7.608   -6.140    2.848    5.319    5.950    6.274
            0.346000  0.199763  0.000000
  -18.466  -11.697   -7.611   -6.132    2.834    5.330    5.949    6.285
            0.346500  0.200052  0.000000
  -18.458  -11.710   -7.615   -6.123    2.821    5.340    5.948    6.296
            0.347000  0.200341  0.000000
  -18.450  -11.723   -7.618   -6.115    2.807    5.351    5.947    6.307
            0.347500  0.200629  0.000000
  -18.442  -11.736   -7.622   -6.106    2.794    5.361    5.946    6.318
            0.348000  0.200918  0.000000
  -18.435  -11.749   -7.625   -6.098    2.780    5.372    5.945    6.329
            0.348500  0.201207  0.000000
  -18.427  -11.762   -7.628   -6.089    2.767    5.382    5.944    6.340
            0.349000  0.201495  0.000000
  -18.419  -11.775   -7.632   -6.081    2.753    5.393    5.943    6.351
            0.349500  0.201784  0.000000
  -18.411  -11.788   -7.635   -6.072    2.739    5.403    5.942    6.362
            0.350000  0.202073  0.000000
  -18.403  -11.800   -7.639   -6.064    2.726    5.414    5.941    6.373
            0.350500  0.202361  0.000000
  -18.395  -11.813   -7.642   -6.055    2.712    5.424    5.940    6.385
            0.351000  0.202650  0.000000
  -18.387  -11.826   -7.645   -6.046    2.699    5.435    5.939    6.396
            0.351500  0.202939  0.000000
  -18.379  -11.839   -7.649   -6.038    2.685    5.445    5.938    6.407
            0.352000  0.203227  0.000000
  -18.371  -11.852   -7.652   -6.029    2.672    5.456    5.937    6.418
            0.352500  0.203516  0.000000
  -18.363  -11.865   -7.655   -6.021    2.659    5.466    5.937    6.429
            0.353000  0.203805  0.000000
  -18.355  -11.878   -7.659   -6.012    2.645    5.476    5.936    6.441
            0.353500  0.204093  0.000000
  -18.347  -11.891   -7.662   -6.004    2.632    5.487    5.935    6.452
            0.354000  0.204382  0.000000
  -18.339  -11.904   -7.665   -5.995    2.618    5.497    5.935    6.463
            0.354500  0.204671  0.000000
  -18.331  -11.917   -7.668   -5.987    2.605    5.507    5.934    6.474
            0.355000  0.204959  0.000000
  -18.323  -11.929   -7.672   -5.978    2.591    5.518    5.934    6.486
            0.355500  0.205248  0.000000
  -18.315  -11.942   -7.675   -5.969    2.578    5.528    5.933    6.497
            0.356000  0.205537  0.000000
  -18.307  -11.955   -7.678   -5.961    2.564    5.538    5.933    6.508
            0.356500  0.205825  0.000000
  -18.299  -11.968   -7.681   -5.952    2.551    5.548    5.933    6.520
            0.357000  0.206114  0.000000
  -18.291  -11.981   -7.685   -5.944    2.538    5.558    5.932    6.531
            0.357500  0.206403  0.000000
  -18.283  -11.994   -7.688   -5.935    2.524    5.568    5.932    6.542
            0.358000  0.206691  0.000000
  -18.275  -12.007   -7.691   -5.927    2.511    5.578    5.932    6.554
            0.358500  0.206980  0.000000
  -18.267  -12.019   -7.694   -5.918    2.498    5.587    5.932    6.565
            0.359000  0.207269  0.000000
  -18.259  -12.032   -7.697   -5.909    2.484    5.597    5.933    6.576
            0.359500  0.207557  0.000000
  -18.251  -12.045   -7.701   -5.901    2.471    5.606    5.933    6.588
            0.360000  0.207846  0.000000
  -18.243  -12.058   -7.704   -5.892    2.457    5.616    5.933    6.599
            0.360500  0.208135  0.000000
  -18.235  -12.071   -7.707   -5.884    2.444    5.625    5.934    6.611
            0.361000  0.208423  0.000000
  -18.226  -12.084   -7.710   -5.875    2.431    5.634    5.935    6.622
            0.361500  0.208712  0.000000
  -18.218  -12.096   -7.713   -5.866    2.418    5.643    5.936    6.634
            0.362000  0.209001  0.000000
  -18.210  -12.109   -7.716   -5.858    2.404    5.652    5.937    6.645
            0.362500  0.209289  0.000000
  -18.202  -12.122   -7.719   -5.849    2.391    5.661    5.938    6.657
            0.363000  0.209578  0.000000
  -18.194  -12.135   -7.723   -5.840    2.378    5.669    5.940    6.668
            0.363500  0.209867  0.000000
  -18.186  -12.148   -7.726   -5.832    2.364    5.677    5.942    6.680
            0.364000  0.210155  0.000000
  -18.177  -12.160   -7.729   -5.823    2.351    5.685    5.944    6.691
            0.364500  0.210444  0.000000
  -18.169  -12.173   -7.732   -5.815    2.338    5.693    5.946    6.703
            0.365000  0.210733  0.000000
  -18.161  -12.186   -7.735   -5.806    2.325    5.700    5.949    6.715
            0.365500  0.211022  0.000000
  -18.153  -12.199   -7.738   -5.797    2.312    5.708    5.952    6.726
            0.366000  0.211310  0.000000
  -18.145  -12.211   -7.741   -5.789    2.298    5.714    5.955    6.738
            0.366500  0.211599  0.000000
  -18.136  -12.224   -7.744   -5.780    2.285    5.721    5.959    6.750
            0.367000  0.211888  0.000000
  -18.128  -12.237   -7.747   -5.771    2.272    5.727    5.963    6.761
            0.367500  0.212176  0.000000
  -18.120  -12.250   -7.750   -5.763    2.259    5.733    5.967    6.773
            0.368000  0.212465  0.000000
  -18.112  -12.262   -7.753   -5.754    2.246    5.738    5.972    6.785
            0.368500  0.212754  0.000000
  -18.103  -12.275   -7.756   -5.745    2.232    5.743    5.977    6.796
            0.369000  0.213042  0.000000
  -18.095  -12.288   -7.759   -5.737    2.219    5.748    5.983    6.808
            0.369500  0.213331  0.000000
  -18.087  -12.300   -7.762   -5.728    2.206    5.753    5.989    6.820
            0.370000  0.213620  0.000000
  -18.079  -12.313   -7.765   -5.720    2.193    5.757    5.995    6.831
            0.370500  0.213908  0.000000
  -18.070  -12.326   -7.768   -5.711    2.180    5.760    6.001    6.843
            0.371000  0.214197  0.000000
  -18.062  -12.339   -7.771   -5.702    2.167    5.764    6.008    6.855
            0.371500  0.214486  0.000000
  -18.054  -12.351   -7.774   -5.694    2.154    5.767    6.016    6.867
            0.372000  0.214774  0.000000
  -18.045  -12.364   -7.777   -5.685    2.141    5.769    6.023    6.879
            0.372500  0.215063  0.000000
  -18.037  -12.377   -7.780   -5.676    2.128    5.772    6.031    6.890
            0.373000  0.215352  0.000000
  -18.029  -12.389   -7.782   -5.668    2.115    5.774    6.040    6.902
            0.373500  0.215640  0.000000
  -18.020  -12.402   -7.785   -5.659    2.102    5.776    6.048    6.914
            0.374000  0.215929  0.000000
  -18.012  -12.415   -7.788   -5.650    2.089    5.778    6.057    6.926
            0.374500  0.216218  0.000000
  -18.003  -12.427   -7.791   -5.642    2.076    5.779    6.066    6.938
            0.375000  0.216506  0.000000
  -17.995  -12.440   -7.794   -5.633    2.063    5.780    6.075    6.950
            0.375500  0.216795  0.000000
  -17.987  -12.452   -7.797   -5.624    2.050    5.781    6.084    6.962
            0.376000  0.217084  0.000000
  -17.978  -12.465   -7.800   -5.616    2.037    5.782    6.094    6.974
            0.376500  0.217372  0.000000
  -17.970  -12.478   -7.802   -5.607    2.024    5.783    6.104    6.986
            0.377000  0.217661  0.000000
  -17.961  -12.490   -7.805   -5.598    2.011    5.784    6.114    6.998
            0.377500  0.217950  0.000000
  -17.953  -12.503   -7.808   -5.590    1.998    5.784    6.124    7.010
            0.378000  0.218238  0.000000
  -17.945  -12.516   -7.811   -5.581    1.985    5.785    6.134    7.022
            0.378500  0.218527  0.000000
  -17.936  -12.528   -7.814   -5.572    1.973    5.785    6.144    7.034
            0.379000  0.218816  0.000000
  -17.928  -12.541   -7.816   -5.564    1.960    5.785    6.155    7.046
            0.379500  0.219104  0.000000
  -17.919  -12.553   -7.819   -5.555    1.947    5.785    6.165    7.058
            0.380000  0.219393  0.000000
  -17.911  -12.566   -7.822   -5.546    1.934    5.785    6.176    7.070
            0.380500  0.219682  0.000000
  -17.902  -12.578   -7.825   -5.538    1.921    5.785    6.187    7.082
            0.381000  0.219970  0.000000
  -17.894  -12.591   -7.827   -5.529    1.908    5.785    6.197    7.094
            0.381500  0.220259  0.000000
  -17.885  -12.603   -7.830   -5.521    1.896    5.785    6.208    7.106
            0.382000  0.220548  0.000000
  -17.877  -12.616   -7.833   -5.512    1.883    5.785    6.219    7.118
            0.382500  0.220836  0.000000
  -17.868  -12.629   -7.835   -5.503    1.870    5.784    6.231    7.130
            0.383000  0.221125  0.000000
  -17.860  -12.641   -7.838   -5.495    1.857    5.784    6.242    7.142
            0.383500  0.221414  0.000000
  -17.851  -12.654   -7.841   -5.486    1.845    5.783    6.253    7.155
            0.384000  0.221703  0.000000
  -17.843  -12.666   -7.843   -5.477    1.832    5.783    6.264    7.167
            0.384500  0.221991  0.000000
  -17.834  -12.679   -7.846   -5.469    1.819    5.782    6.276    7.179
            0.385000  0.222280  0.000000
  -17.826  -12.691   -7.849   -5.460    1.807    5.782    6.287    7.191
            0.385500  0.222569  0.000000
  -17.817  -12.704   -7.851   -5.451    1.794    5.781    6.298    7.203
            0.386000  0.222857  0.000000
  -17.808  -12.716   -7.854   -5.443    1.782    5.781    6.310    7.216
            0.386500  0.223146  0.000000
  -17.800  -12.729   -7.857   -5.434    1.769    5.780    6.322    7.228
            0.387000  0.223435  0.000000
  -17.791  -12.741   -7.859   -5.425    1.756    5.779    6.333    7.240
            0.387500  0.223723  0.000000
  -17.783  -12.754   -7.862   -5.417    1.744    5.779    6.345    7.253
            0.388000  0.224012  0.000000
  -17.774  -12.766   -7.864   -5.408    1.731    5.778    6.357    7.265
            0.388500  0.224301  0.000000
  -17.765  -12.778   -7.867   -5.400    1.719    5.777    6.368    7.277
            0.389000  0.224589  0.000000
  -17.757  -12.791   -7.869   -5.391    1.706    5.777    6.380    7.289
            0.389500  0.224878  0.000000
  -17.748  -12.803   -7.872   -5.382    1.694    5.776    6.392    7.302
            0.390000  0.225167  0.000000
  -17.739  -12.816   -7.875   -5.374    1.681    5.775    6.404    7.314
            0.390500  0.225455  0.000000
  -17.731  -12.828   -7.877   -5.365    1.669    5.774    6.416    7.327
            0.391000  0.225744  0.000000
  -17.722  -12.841   -7.880   -5.357    1.656    5.773    6.427    7.339
            0.391500  0.226033  0.000000
  -17.713  -12.853   -7.882   -5.348    1.644    5.773    6.439    7.351
            0.392000  0.226321  0.000000
  -17.705  -12.865   -7.885   -5.339    1.632    5.772    6.451    7.364
            0.392500  0.226610  0.000000
  -17.696  -12.878   -7.887   -5.331    1.619    5.771    6.463    7.376
            0.393000  0.226899  0.000000
  -17.687  -12.890   -7.889   -5.322    1.607    5.770    6.475    7.389
            0.393500  0.227187  0.000000
  -17.679  -12.902   -7.892   -5.314    1.595    5.769    6.488    7.401
            0.394000  0.227476  0.000000
  -17.670  -12.915   -7.894   -5.305    1.582    5.768    6.500    7.414
            0.394500  0.227765  0.000000
  -17.661  -12.927   -7.897   -5.297    1.570    5.767    6.512    7.426
            0.395000  0.228053  0.000000
  -17.653  -12.939   -7.899   -5.288    1.558    5.766    6.524    7.439
            0.395500  0.228342  0.000000
  -17.644  -12.952   -7.902   -5.279    1.546    5.766    6.536    7.451
            0.396000  0.228631  0.000000
  -17.635  -12.964   -7.904   -5.271    1.533    5.765    6.548    7.464
            0.396500  0.228919  0.000000
  -17.626  -12.976   -7.906   -5.262    1.521    5.764    6.561    7.476
            0.397000  0.229208  0.000000
  -17.618  -12.989   -7.909   -5.254    1.509    5.763    6.573    7.489
            0.397500  0.229497  0.000000
  -17.609  -13.001   -7.911   -5.245    1.497    5.762    6.585    7.501
            0.398000  0.229785  0.000000
  -17.600  -13.013   -7.914   -5.237    1.485    5.761    6.597    7.514
            0.398500  0.230074  0.000000
  -17.591  -13.026   -7.916   -5.228    1.473    5.760    6.610    7.527
            0.399000  0.230363  0.000000
  -17.582  -13.038   -7.918   -5.220    1.461    5.759    6.622    7.539
            0.399500  0.230651  0.000000
  -17.574  -13.050   -7.921   -5.211    1.449    5.758    6.634    7.552
            0.400000  0.230940  0.000000
  -17.565  -13.062   -7.923   -5.203    1.436    5.757    6.647    7.564
            0.400500  0.231229  0.000000
  -17.556  -13.075   -7.925   -5.194    1.424    5.756    6.659    7.577
            0.401000  0.231517  0.000000
  -17.547  -13.087   -7.927   -5.186    1.412    5.755    6.672    7.590
            0.401500  0.231806  0.000000
  -17.538  -13.099   -7.930   -5.177    1.401    5.754    6.684    7.603
            0.402000  0.232095  0.000000
  -17.530  -13.111   -7.932   -5.169    1.389    5.754    6.697    7.615
            0.402500  0.232383  0.000000
  -17.521  -13.123   -7.934   -5.160    1.377    5.753    6.709    7.628
            0.403000  0.232672  0.000000
  -17.512  -13.136   -7.936   -5.152    1.365    5.752    6.722    7.641
            0.403500  0.232961  0.000000
  -17.503  -13.148   -7.939   -5.144    1.353    5.751    6.734    7.653
            0.404000  0.233250  0.000000
  -17.494  -13.160   -7.941   -5.135    1.341    5.750    6.747    7.666
            0.404500  0.233538  0.000000
  -17.485  -13.172   -7.943   -5.127    1.329    5.749    6.759    7.679
            0.405000  0.233827  0.000000
  -17.477  -13.184   -7.945   -5.118    1.317    5.748    6.772    7.692
            0.405500  0.234116  0.000000
  -17.468  -13.197   -7.948   -5.110    1.306    5.747    6.785    7.705
            0.406000  0.234404  0.000000
  -17.459  -13.209   -7.950   -5.102    1.294    5.746    6.797    7.717
            0.406500  0.234693  0.000000
  -17.450  -13.221   -7.952   -5.093    1.282    5.745    6.810    7.730
            0.407000  0.234982  0.000000
  -17.441  -13.233   -7.954   -5.085    1.271    5.744    6.823    7.743
            0.407500  0.235270  0.000000
  -17.432  -13.245   -7.956   -5.076    1.259    5.743    6.835    7.756
            0.408000  0.235559  0.000000
  -17.423  -13.257   -7.958   -5.068    1.247    5.742    6.848    7.769
            0.408500  0.235848  0.000000
  -17.414  -13.269   -7.960   -5.060    1.236    5.741    6.861    7.782
            0.409000  0.236136  0.000000
  -17.405  -13.281   -7.963   -5.051    1.224    5.740    6.873    7.795
            0.409500  0.236425  0.000000
  -17.396  -13.293   -7.965   -5.043    1.213    5.739    6.886    7.808
            0.410000  0.236714  0.000000
  -17.387  -13.305   -7.967   -5.035    1.201    5.738    6.899    7.821
            0.410500  0.237002  0.000000
  -17.378  -13.317   -7.969   -5.026    1.190    5.738    6.912    7.834
            0.411000  0.237291  0.000000
  -17.370  -13.329   -7.971   -5.018    1.178    5.737    6.925    7.847
            0.411500  0.237580  0.000000
  -17.361  -13.342   -7.973   -5.010    1.167    5.736    6.938    7.860
            0.412000  0.237868  0.000000
  -17.352  -13.354   -7.975   -5.002    1.155    5.735    6.950    7.873
            0.412500  0.238157  0.000000
  -17.343  -13.366   -7.977   -4.993    1.144    5.734    6.963    7.886
            0.413000  0.238446  0.000000
  -17.334  -13.378   -7.979   -4.985    1.133    5.733    6.976    7.899
            0.413500  0.238734  0.000000
  -17.325  -13.390   -7.981   -4.977    1.121    5.732    6.989    7.912
            0.414000  0.239023  0.000000
  -17.316  -13.401   -7.983   -4.969    1.110    5.731    7.002    7.925
            0.414500  0.239312  0.000000
  -17.307  -13.413   -7.985   -4.961    1.099    5.730    7.015    7.938
            0.415000  0.239600  0.000000
  -17.298  -13.425   -7.987   -4.952    1.087    5.729    7.028    7.951
            0.415500  0.239889  0.000000
  -17.289  -13.437   -7.989   -4.944    1.076    5.728    7.041    7.964
            0.416000  0.240178  0.000000
  -17.280  -13.449   -7.991   -4.936    1.065    5.727    7.054    7.977
            0.416500  0.240466  0.000000
  -17.271  -13.461   -7.993   -4.928    1.054    5.727    7.067    7.990
            0.417000  0.240755  0.000000
  -17.262  -13.473   -7.995   -4.920    1.043    5.726    7.080    8.003
            0.417500  0.241044  0.000000
  -17.253  -13.485   -7.997   -4.912    1.032    5.725    7.093    8.016
            0.418000  0.241332  0.000000
  -17.244  -13.497   -7.999   -4.904    1.021    5.724    7.106    8.030
            0.418500  0.241621  0.000000
  -17.235  -13.509   -8.001   -4.896    1.010    5.723    7.119    8.043
            0.419000  0.241910  0.000000
  -17.226  -13.521   -8.002   -4.888    0.999    5.722    7.132    8.056
            0.419500  0.242198  0.000000
  -17.216  -13.532   -8.004   -4.880    0.988    5.721    7.145    8.069
            0.420000  0.242487  0.000000
  -17.207  -13.544   -8.006   -4.872    0.977    5.720    7.159    8.082
            0.420500  0.242776  0.000000
  -17.198  -13.556   -8.008   -4.864    0.966    5.719    7.172    8.096
            0.421000  0.243064  0.000000
  -17.189  -13.568   -8.010   -4.856    0.955    5.719    7.185    8.109
            0.421500  0.243353  0.000000
  -17.180  -13.580   -8.012   -4.848    0.945    5.718    7.198    8.122
            0.422000  0.243642  0.000000
  -17.171  -13.592   -8.013   -4.840    0.934    5.717    7.211    8.136
            0.422500  0.243930  0.000000
  -17.162  -13.603   -8.015   -4.832    0.923    5.716    7.224    8.149
            0.423000  0.244219  0.000000
  -17.153  -13.615   -8.017   -4.824    0.912    5.715    7.238    8.162
            0.423500  0.244508  0.000000
  -17.144  -13.627   -8.019   -4.816    0.902    5.714    7.251    8.175
            0.424000  0.244797  0.000000
  -17.135  -13.639   -8.021   -4.808    0.891    5.714    7.264    8.189
            0.424500  0.245085  0.000000
  -17.126  -13.650   -8.022   -4.800    0.880    5.713    7.277    8.202
            0.425000  0.245374  0.000000
  -17.117  -13.662   -8.024   -4.792    0.870    5.712    7.291    8.215
            0.425500  0.245663  0.000000
  -17.108  -13.674   -8.026   -4.785    0.859    5.711    7.304    8.229
            0.426000  0.245951  0.000000
  -17.098  -13.685   -8.028   -4.777    0.849    5.710    7.317    8.242
            0.426500  0.246240  0.000000
  -17.089  -13.697   -8.029   -4.769    0.839    5.709    7.331    8.256
            0.427000  0.246529  0.000000
  -17.080  -13.709   -8.031   -4.761    0.828    5.709    7.344    8.269
            0.427500  0.246817  0.000000
  -17.071  -13.720   -8.033   -4.753    0.818    5.708    7.357    8.283
            0.428000  0.247106  0.000000
  -17.062  -13.732   -8.034   -4.746    0.807    5.707    7.371    8.296
            0.428500  0.247395  0.000000
  -17.053  -13.744   -8.036   -4.738    0.797    5.706    7.384    8.309
            0.429000  0.247683  0.000000
  -17.044  -13.755   -8.038   -4.730    0.787    5.705    7.398    8.323
            0.429500  0.247972  0.000000
  -17.035  -13.767   -8.039   -4.723    0.777    5.705    7.411    8.336
            0.430000  0.248261  0.000000
  -17.026  -13.778   -8.041   -4.715    0.767    5.704    7.425    8.350
            0.430500  0.248549  0.000000
  -17.016  -13.790   -8.043   -4.708    0.756    5.703    7.438    8.363
            0.431000  0.248838  0.000000
  -17.007  -13.801   -8.044   -4.700    0.746    5.702    7.452    8.377
            0.431500  0.249127  0.000000
  -16.998  -13.813   -8.046   -4.692    0.736    5.701    7.465    8.390
            0.432000  0.249415  0.000000
  -16.989  -13.824   -8.047   -4.685    0.726    5.701    7.479    8.404
            0.432500  0.249704  0.000000
  -16.980  -13.836   -8.049   -4.677    0.716    5.700    7.492    8.418
            0.433000  0.249993  0.000000
  -16.971  -13.847   -8.051   -4.670    0.707    5.699    7.506    8.431
            0.433500  0.250281  0.000000
  -16.962  -13.859   -8.052   -4.663    0.697    5.698    7.519    8.445
            0.434000  0.250570  0.000000
  -16.953  -13.870   -8.054   -4.655    0.687    5.698    7.533    8.458
            0.434500  0.250859  0.000000
  -16.943  -13.882   -8.055   -4.648    0.677    5.697    7.546    8.472
            0.435000  0.251147  0.000000
  -16.934  -13.893   -8.057   -4.640    0.667    5.696    7.560    8.486
            0.435500  0.251436  0.000000
  -16.925  -13.905   -8.058   -4.633    0.658    5.695    7.573    8.499
            0.436000  0.251725  0.000000
  -16.916  -13.916   -8.060   -4.626    0.648    5.695    7.587    8.513
            0.436500  0.252013  0.000000
  -16.907  -13.927   -8.061   -4.618    0.638    5.694    7.601    8.527
            0.437000  0.252302  0.000000
  -16.898  -13.939   -8.063   -4.611    0.629    5.693    7.614    8.540
            0.437500  0.252591  0.000000
  -16.889  -13.950   -8.064   -4.604    0.619    5.692    7.628    8.554
            0.438000  0.252879  0.000000
  -16.879  -13.961   -8.066   -4.597    0.610    5.692    7.642    8.568
            0.438500  0.253168  0.000000
  -16.870  -13.973   -8.067   -4.590    0.601    5.691    7.655    8.581
            0.439000  0.253457  0.000000
  -16.861  -13.984   -8.069   -4.582    0.591    5.690    7.669    8.595
            0.439500  0.253745  0.000000
  -16.852  -13.995   -8.070   -4.575    0.582    5.690    7.683    8.609
            0.440000  0.254034  0.000000
  -16.843  -14.006   -8.071   -4.568    0.573    5.689    7.697    8.623
            0.440500  0.254323  0.000000
  -16.834  -14.018   -8.073   -4.561    0.563    5.688    7.710    8.636
            0.441000  0.254611  0.000000
  -16.825  -14.029   -8.074   -4.554    0.554    5.688    7.724    8.650
            0.441500  0.254900  0.000000
  -16.816  -14.040   -8.076   -4.547    0.545    5.687    7.738    8.664
            0.442000  0.255189  0.000000
  -16.806  -14.051   -8.077   -4.540    0.536    5.686    7.752    8.678
            0.442500  0.255477  0.000000
  -16.797  -14.062   -8.078   -4.533    0.527    5.686    7.766    8.692
            0.443000  0.255766  0.000000
  -16.788  -14.073   -8.080   -4.527    0.518    5.685    7.779    8.706
            0.443500  0.256055  0.000000
  -16.779  -14.084   -8.081   -4.520    0.509    5.684    7.793    8.719
            0.444000  0.256344  0.000000
  -16.770  -14.096   -8.082   -4.513    0.500    5.684    7.807    8.733
            0.444500  0.256632  0.000000
  -16.761  -14.107   -8.084   -4.506    0.492    5.683    7.821    8.747
            0.445000  0.256921  0.000000
  -16.752  -14.118   -8.085   -4.499    0.483    5.682    7.835    8.761
            0.445500  0.257210  0.000000
  -16.743  -14.129   -8.086   -4.493    0.474    5.682    7.849    8.775
            0.446000  0.257498  0.000000
  -16.734  -14.140   -8.087   -4.486    0.465    5.681    7.863    8.789
            0.446500  0.257787  0.000000
  -16.724  -14.151   -8.089   -4.479    0.457    5.680    7.877    8.803
            0.447000  0.258076  0.000000
  -16.715  -14.162   -8.090   -4.473    0.448    5.680    7.891    8.817
            0.447500  0.258364  0.000000
  -16.706  -14.172   -8.091   -4.466    0.440    5.679    7.905    8.831
            0.448000  0.258653  0.000000
  -16.697  -14.183   -8.092   -4.460    0.431    5.679    7.919    8.845
            0.448500  0.258942  0.000000
  -16.688  -14.194   -8.094   -4.453    0.423    5.678    7.933    8.859
            0.449000  0.259230  0.000000
  -16.679  -14.205   -8.095   -4.447    0.415    5.677    7.947    8.873
            0.449500  0.259519  0.000000
  -16.670  -14.216   -8.096   -4.440    0.407    5.677    7.961    8.887
            0.450000  0.259808  0.000000
  -16.661  -14.227   -8.097   -4.434    0.398    5.676    7.975    8.901
            0.450500  0.260096  0.000000
  -16.652  -14.238   -8.098   -4.428    0.390    5.676    7.989    8.915
            0.451000  0.260385  0.000000
  -16.643  -14.248   -8.099   -4.421    0.382    5.675    8.003    8.929
            0.451500  0.260674  0.000000
  -16.634  -14.259   -8.101   -4.415    0.374    5.675    8.017    8.943
            0.452000  0.260962  0.000000
  -16.625  -14.270   -8.102   -4.409    0.366    5.674    8.031    8.957
            0.452500  0.261251  0.000000
  -16.616  -14.280   -8.103   -4.403    0.358    5.673    8.045    8.971
            0.453000  0.261540  0.000000
  -16.607  -14.291   -8.104   -4.397    0.350    5.673    8.059    8.985
            0.453500  0.261828  0.000000
  -16.598  -14.302   -8.105   -4.391    0.343    5.672    8.073    8.999
            0.454000  0.262117  0.000000
  -16.589  -14.312   -8.106   -4.385    0.335    5.672    8.087    9.013
            0.454500  0.262406  0.000000
  -16.580  -14.323   -8.107   -4.379    0.327    5.671    8.101    9.027
            0.455000  0.262694  0.000000
  -16.571  -14.333   -8.108   -4.373    0.320    5.671    8.116    9.041
            0.455500  0.262983  0.000000
  -16.562  -14.344   -8.109   -4.367    0.312    5.670    8.130    9.056
            0.456000  0.263272  0.000000
  -16.553  -14.354   -8.110   -4.361    0.305    5.670    8.144    9.070
            0.456500  0.263560  0.000000
  -16.544  -14.365   -8.111   -4.355    0.297    5.669    8.158    9.084
            0.457000  0.263849  0.000000
  -16.536  -14.375   -8.112   -4.349    0.290    5.669    8.172    9.098
            0.457500  0.264138  0.000000
  -16.527  -14.385   -8.113   -4.344    0.283    5.668    8.187    9.112
            0.458000  0.264426  0.000000
  -16.518  -14.396   -8.114   -4.338    0.276    5.668    8.201    9.126
            0.458500  0.264715  0.000000
  -16.509  -14.406   -8.115   -4.332    0.268    5.667    8.215    9.141
            0.459000  0.265004  0.000000
  -16.500  -14.416   -8.116   -4.327    0.261    5.667    8.229    9.155
            0.459500  0.265292  0.000000
  -16.491  -14.426   -8.117   -4.321    0.254    5.666    8.244    9.169
            0.460000  0.265581  0.000000
  -16.483  -14.437   -8.118   -4.316    0.247    5.666    8.258    9.183
            0.460500  0.265870  0.000000
  -16.474  -14.447   -8.119   -4.311    0.241    5.665    8.272    9.198
            0.461000  0.266158  0.000000
  -16.465  -14.457   -8.120   -4.305    0.234    5.665    8.287    9.212
            0.461500  0.266447  0.000000
  -16.457  -14.467   -8.121   -4.300    0.227    5.664    8.301    9.226
            0.462000  0.266736  0.000000
  -16.448  -14.477   -8.122   -4.295    0.220    5.664    8.315    9.240
            0.462500  0.267024  0.000000
  -16.439  -14.487   -8.123   -4.289    0.214    5.663    8.330    9.255
            0.463000  0.267313  0.000000
  -16.431  -14.497   -8.124   -4.284    0.207    5.663    8.344    9.269
            0.463500  0.267602  0.000000
  -16.422  -14.507   -8.124   -4.279    0.201    5.663    8.358    9.283
            0.464000  0.267891  0.000000
  -16.413  -14.516   -8.125   -4.274    0.194    5.662    8.373    9.298
            0.464500  0.268179  0.000000
  -16.405  -14.526   -8.126   -4.269    0.188    5.662    8.387    9.312
            0.465000  0.268468  0.000000
  -16.396  -14.536   -8.127   -4.264    0.182    5.661    8.402    9.326
            0.465500  0.268757  0.000000
  -16.388  -14.546   -8.128   -4.259    0.176    5.661    8.416    9.341
            0.466000  0.269045  0.000000
  -16.380  -14.555   -8.129   -4.255    0.170    5.660    8.431    9.355
            0.466500  0.269334  0.000000
  -16.371  -14.565   -8.129   -4.250    0.164    5.660    8.445    9.369
            0.467000  0.269623  0.000000
  -16.363  -14.574   -8.130   -4.245    0.158    5.660    8.460    9.384
            0.467500  0.269911  0.000000
  -16.354  -14.584   -8.131   -4.240    0.152    5.659    8.474    9.398
            0.468000  0.270200  0.000000
  -16.346  -14.593   -8.132   -4.236    0.146    5.659    8.489    9.412
            0.468500  0.270489  0.000000
  -16.338  -14.603   -8.132   -4.231    0.140    5.659    8.503    9.427
            0.469000  0.270777  0.000000
  -16.330  -14.612   -8.133   -4.227    0.135    5.658    8.518    9.441
            0.469500  0.271066  0.000000
  -16.321  -14.621   -8.134   -4.222    0.129    5.658    8.532    9.456
            0.470000  0.271355  0.000000
  -16.313  -14.631   -8.135   -4.218    0.124    5.657    8.547    9.470
            0.470500  0.271643  0.000000
  -16.305  -14.640   -8.135   -4.214    0.118    5.657    8.561    9.484
            0.471000  0.271932  0.000000
  -16.297  -14.649   -8.136   -4.210    0.113    5.657    8.576    9.499
            0.471500  0.272221  0.000000
  -16.289  -14.658   -8.137   -4.205    0.108    5.656    8.590    9.513
            0.472000  0.272509  0.000000
  -16.281  -14.667   -8.137   -4.201    0.103    5.656    8.605    9.528
            0.472500  0.272798  0.000000
  -16.273  -14.676   -8.138   -4.197    0.098    5.656    8.620    9.542
            0.473000  0.273087  0.000000
  -16.266  -14.684   -8.139   -4.193    0.093    5.655    8.634    9.557
            0.473500  0.273375  0.000000
  -16.258  -14.693   -8.139   -4.189    0.088    5.655    8.649    9.571
            0.474000  0.273664  0.000000
  -16.250  -14.702   -8.140   -4.186    0.083    5.655    8.663    9.586
            0.474500  0.273953  0.000000
  -16.242  -14.710   -8.140   -4.182    0.078    5.654    8.678    9.600
            0.475000  0.274241  0.000000
  -16.235  -14.719   -8.141   -4.178    0.074    5.654    8.693    9.615
            0.475500  0.274530  0.000000
  -16.227  -14.727   -8.142   -4.174    0.069    5.654    8.707    9.629
            0.476000  0.274819  0.000000
  -16.220  -14.735   -8.142   -4.171    0.065    5.654    8.722    9.644
            0.476500  0.275107  0.000000
  -16.212  -14.744   -8.143   -4.167    0.060    5.653    8.737    9.658
            0.477000  0.275396  0.000000
  -16.205  -14.752   -8.143   -4.164    0.056    5.653    8.751    9.673
            0.477500  0.275685  0.000000
  -16.198  -14.760   -8.144   -4.160    0.052    5.653    8.766    9.687
            0.478000  0.275973  0.000000
  -16.191  -14.768   -8.144   -4.157    0.047    5.652    8.781    9.702
            0.478500  0.276262  0.000000
  -16.184  -14.775   -8.145   -4.154    0.043    5.652    8.796    9.716
            0.479000  0.276551  0.000000
  -16.177  -14.783   -8.145   -4.151    0.039    5.652    8.810    9.731
            0.479500  0.276839  0.000000
  -16.170  -14.791   -8.146   -4.148    0.036    5.652    8.825    9.745
            0.480000  0.277128  0.000000
  -16.163  -14.798   -8.146   -4.144    0.032    5.651    8.840    9.760
            0.480500  0.277417  0.000000
  -16.156  -14.806   -8.147   -4.141    0.028    5.651    8.855    9.774
            0.481000  0.277705  0.000000
  -16.150  -14.813   -8.147   -4.139    0.024    5.651    8.869    9.788
            0.481500  0.277994  0.000000
  -16.143  -14.820   -8.148   -4.136    0.021    5.651    8.884    9.803
            0.482000  0.278283  0.000000
  -16.137  -14.827   -8.148   -4.133    0.017    5.651    8.899    9.817
            0.482500  0.278572  0.000000
  -16.131  -14.834   -8.149   -4.130    0.014    5.650    8.914    9.832
            0.483000  0.278860  0.000000
  -16.124  -14.841   -8.149   -4.128    0.011    5.650    8.928    9.846
            0.483500  0.279149  0.000000
  -16.118  -14.848   -8.149   -4.125    0.008    5.650    8.943    9.861
            0.484000  0.279438  0.000000
  -16.112  -14.854   -8.150   -4.123    0.005    5.650    8.958    9.875
            0.484500  0.279726  0.000000
  -16.107  -14.861   -8.150   -4.120    0.002    5.650    8.973    9.890
            0.485000  0.280015  0.000000
  -16.101  -14.867   -8.150   -4.118   -0.001    5.649    8.987    9.904
            0.485500  0.280304  0.000000
  -16.095  -14.873   -8.151   -4.116   -0.004    5.649    9.002    9.903
            0.486000  0.280592  0.000000
  -16.090  -14.879   -8.151   -4.113   -0.007    5.649    9.017    9.887
            0.486500  0.280881  0.000000
  -16.085  -14.885   -8.151   -4.111   -0.009    5.649    9.032    9.872
            0.487000  0.281170  0.000000
  -16.079  -14.890   -8.152   -4.109   -0.012    5.649    9.047    9.857
            0.487500  0.281458  0.000000
  -16.074  -14.896   -8.152   -4.107   -0.014    5.649    9.061    9.842
            0.488000  0.281747  0.000000
  -16.070  -14.901   -8.152   -4.105   -0.017    5.648    9.076    9.826
            0.488500  0.282036  0.000000
  -16.065  -14.906   -8.153   -4.104   -0.019    5.648    9.091    9.811
            0.489000  0.282324  0.000000
  -16.060  -14.911   -8.153   -4.102   -0.021    5.648    9.106    9.796
            0.489500  0.282613  0.000000
  -16.056  -14.916   -8.153   -4.100   -0.023    5.648    9.120    9.781
            0.490000  0.282902  0.000000
  -16.052  -14.920   -8.153   -4.099   -0.025    5.648    9.135    9.766
            0.490500  0.283190  0.000000
  -16.048  -14.925   -8.154   -4.097   -0.027    5.648    9.150    9.751
            0.491000  0.283479  0.000000
  -16.044  -14.929   -8.154   -4.096   -0.029    5.648    9.164    9.736
            0.491500  0.283768  0.000000
  -16.040  -14.933   -8.154   -4.094   -0.030    5.648    9.179    9.721
            0.492000  0.284056  0.000000
  -16.037  -14.936   -8.154   -4.093   -0.032    5.647    9.193    9.706
            0.492500  0.284345  0.000000
  -16.033  -14.940   -8.154   -4.092   -0.034    5.647    9.208    9.691
            0.493000  0.284634  0.000000
  -16.030  -14.943   -8.155   -4.091   -0.035    5.647    9.222    9.676
            0.493500  0.284922  0.000000
  -16.027  -14.947   -8.155   -4.090   -0.036    5.647    9.236    9.662
            0.494000  0.285211  0.000000
  -16.025  -14.949   -8.155   -4.089   -0.037    5.647    9.251    9.647
            0.494500  0.285500  0.000000
  -16.022  -14.952   -8.155   -4.088   -0.039    5.647    9.265    9.633
            0.495000  0.285788  0.000000
  -16.020  -14.955   -8.155   -4.087   -0.040    5.647    9.278    9.619
            0.495500  0.286077  0.000000
  -16.018  -14.957   -8.155   -4.086   -0.041    5.647    9.292    9.605
            0.496000  0.286366  0.000000
  -16.016  -14.959   -8.155   -4.085   -0.041    5.647    9.305    9.592
            0.496500  0.286654  0.000000
  -16.014  -14.961   -8.155   -4.085   -0.042    5.647    9.318    9.579
            0.497000  0.286943  0.000000
  -16.013  -14.962   -8.156   -4.084   -0.043    5.647    9.330    9.567
            0.497500  0.287232  0.000000
  -16.012  -14.964   -8.156   -4.084   -0.043    5.647    9.342    9.555
            0.498000  0.287520  0.000000
  -16.011  -14.965   -8.156   -4.084   -0.044    5.647    9.352    9.545
            0.498500  0.287809  0.000000
  -16.010  -14.966   -8.156   -4.083   -0.044    5.647    9.361    9.536
            0.499000  0.288098  0.000000
  -16.009  -14.966   -8.156   -4.083   -0.044    5.647    9.368    9.529
            0.499500  0.288386  0.000000
  -16.009  -14.966   -8.156   -4.083   -0.044    5.647    9.372    9.524
            0.500000  0.288675  0.000000
  -16.009  -14.967   -8.156   -4.083   -0.044    5.647    9.374    9.523
            0.499833  0.288964  0.000000
  -16.009  -14.967   -8.156   -4.083   -0.044    5.647    9.374    9.523
            0.499667  0.289252  0.000000
  -16.009  -14.967   -8.156   -4.083   -0.044    5.647    9.374    9.523
            0.499500  0.289541  0.000000
  -16.009  -14.967   -8.156   -4.083   -0.044    5.647    9.374    9.523
            0.499333  0.289830  0.000000
  -16.009  -14.967   -8.156   -4.083   -0.044    5.647    9.374    9.523
            0.499167  0.290119  0.000000
  -16.009  -14.967   -8.156   -4.083   -0.044    5.647    9.374    9.523
            0.499000  0.290407  0.000000
  -16.009  -14.967   -8.156   -4.083   -0.044    5.647    9.374    9.523
            0.498833  0.290696  0.000000
  -16.009  -14.967   -8.156   -4.083   -0.044    5.647    9.374    9.523
            0.498667  0.290985  0.000000
  -16.009  -14.967   -8.156   -4.083   -0.044    5.647    9.374    9.523
            0.498500  0.291273  0.000000
  -16.009  -14.966   -8.156   -4.083   -0.044    5.648    9.374    9.523
            0.498333  0.291562  0.000000
  -16.009  -14.966   -8.157   -4.083   -0.044    5.648    9.374    9.523
            0.498167  0.291851  0.000000
  -16.009  -14.966   -8.157   -4.083   -0.044    5.648    9.374    9.523
            0.498000  0.292139  0.000000
  -16.009  -14.966   -8.157   -4.083   -0.045    5.648    9.374    9.523
            0.497833  0.292428  0.000000
  -16.009  -14.966   -8.157   -4.083   -0.045    5.649    9.374    9.523
            0.497667  0.292717  0.000000
  -16.009  -14.966   -8.157   -4.083   -0.045    5.649    9.374    9.523
            0.497500  0.293005  0.000000
  -16.009  -14.966   -8.158   -4.082   -0.045    5.649    9.374    9.523
            0.497333  0.293294  0.000000
  -16.008  -14.966   -8.158   -4.082   -0.045    5.650    9.374    9.523
            0.497167  0.293583  0.000000
  -16.008  -14.966   -8.158   -4.082   -0.045    5.650    9.375    9.523
            0.497000  0.293871  0.000000
  -16.008  -14.966   -8.159   -4.082   -0.045    5.651    9.375    9.523
            0.496833  0.294160  0.000000
  -16.008  -14.966   -8.159   -4.082   -0.045    5.651    9.375    9.523
            0.496667  0.294449  0.000000
  -16.008  -14.966   -8.159   -4.082   -0.045    5.652    9.375    9.523
            0.496500  0.294737  0.000000
  -16.008  -14.966   -8.160   -4.082   -0.045    5.652    9.375    9.524
            0.496333  0.295026  0.000000
  -16.008  -14.966   -8.160   -4.082   -0.045    5.653    9.375    9.524
            0.496167  0.295315  0.000000
  -16.008  -14.966   -8.160   -4.082   -0.045    5.653    9.375    9.524
            0.496000  0.295603  0.000000
  -16.008  -14.966   -8.161   -4.082   -0.045    5.654    9.375    9.524
            0.495833  0.295892  0.000000
  -16.008  -14.966   -8.161   -4.081   -0.045    5.654    9.375    9.524
            0.495667  0.296181  0.000000
  -16.008  -14.965   -8.162   -4.081   -0.045    5.655    9.375    9.524
            0.495500  0.296469  0.000000
  -16.008  -14.965   -8.162   -4.081   -0.045    5.655    9.376    9.524
            0.495333  0.296758  0.000000
  -16.008  -14.965   -8.163   -4.081   -0.045    5.656    9.376    9.524
            0.495167  0.297047  0.000000
  -16.007  -14.965   -8.163   -4.081   -0.045    5.657    9.376    9.525
            0.495000  0.297335  0.000000
  -16.007  -14.965   -8.164   -4.081   -0.045    5.658    9.376    9.525
            0.494833  0.297624  0.000000
  -16.007  -14.965   -8.164   -4.081   -0.045    5.658    9.376    9.525
            0.494667  0.297913  0.000000
  -16.007  -14.965   -8.165   -4.081   -0.045    5.659    9.376    9.525
            0.494500  0.298201  0.000000
  -16.007  -14.965   -8.165   -4.080   -0.045    5.660    9.376    9.525
            0.494333  0.298490  0.000000
  -16.007  -14.965   -8.166   -4.080   -0.045    5.661    9.377    9.525
            0.494167  0.298779  0.000000
  -16.007  -14.965   -8.167   -4.080   -0.045    5.661    9.377    9.526
            0.494000  0.299067  0.000000
  -16.007  -14.964   -8.167   -4.080   -0.045    5.662    9.377    9.526
            0.493833  0.299356  0.000000
  -16.007  -14.964   -8.168   -4.080   -0.045    5.663    9.377    9.526
            0.493667  0.299645  0.000000
  -16.006  -14.964   -8.169   -4.080   -0.045    5.664    9.377    9.526
            0.493500  0.299933  0.000000
  -16.006  -14.964   -8.169   -4.079   -0.045    5.665    9.377    9.526
            0.493333  0.300222  0.000000
  -16.006  -14.964   -8.170   -4.079   -0.045    5.666    9.378    9.526
            0.493167  0.300511  0.000000
  -16.006  -14.964   -8.171   -4.079   -0.045    5.667    9.378    9.527
            0.493000  0.300799  0.000000
  -16.006  -14.964   -8.171   -4.079   -0.045    5.668    9.378    9.527
            0.492833  0.301088  0.000000
  -16.006  -14.964   -8.172   -4.079   -0.045    5.669    9.378    9.527
            0.492667  0.301377  0.000000
  -16.006  -14.963   -8.173   -4.078   -0.046    5.670    9.378    9.527
            0.492500  0.301666  0.000000
  -16.005  -14.963   -8.174   -4.078   -0.046    5.671    9.379    9.528
            0.492333  0.301954  0.000000
  -16.005  -14.963   -8.175   -4.078   -0.046    5.672    9.379    9.528
            0.492167  0.302243  0.000000
  -16.005  -14.963   -8.175   -4.078   -0.046    5.673    9.379    9.528
            0.492000  0.302532  0.000000
  -16.005  -14.963   -8.176   -4.077   -0.046    5.674    9.379    9.528
            0.491833  0.302820  0.000000
  -16.005  -14.963   -8.177   -4.077   -0.046    5.676    9.379    9.528
            0.491667  0.303109  0.000000
  -16.005  -14.962   -8.178   -4.077   -0.046    5.677    9.380    9.529
            0.491500  0.303398  0.000000
  -16.005  -14.962   -8.179   -4.077   -0.046    5.678    9.380    9.529
            0.491333  0.303686  0.000000
  -16.004  -14.962   -8.180   -4.077   -0.046    5.679    9.380    9.529
            0.491167  0.303975  0.000000
  -16.004  -14.962   -8.181   -4.076   -0.046    5.680    9.380    9.529
            0.491000  0.304264  0.000000
  -16.004  -14.962   -8.182   -4.076   -0.046    5.682    9.381    9.530
            0.490833  0.304552  0.000000
  -16.004  -14.962   -8.183   -4.076   -0.046    5.683    9.381    9.530
            0.490667  0.304841  0.000000
  -16.004  -14.961   -8.184   -4.075   -0.046    5.684    9.381    9.530
            0.490500  0.305130  0.000000
  -16.003  -14.961   -8.185   -4.075   -0.046    5.686    9.381    9.531
            0.490333  0.305418  0.000000
  -16.003  -14.961   -8.186   -4.075   -0.046    5.687    9.382    9.531
            0.490167  0.305707  0.000000
  -16.003  -14.961   -8.187   -4.075   -0.046    5.688    9.382    9.531
            0.490000  0.305996  0.000000
  -16.003  -14.961   -8.188   -4.074   -0.046    5.690    9.382    9.531
            0.489833  0.306284  0.000000
  -16.003  -14.960   -8.189   -4.074   -0.047    5.691    9.382    9.532
            0.489667  0.306573  0.000000
  -16.002  -14.960   -8.190   -4.074   -0.047    5.693    9.383    9.532
            0.489500  0.306862  0.000000
  -16.002  -14.960   -8.191   -4.073   -0.047    5.694    9.383    9.532
            0.489333  0.307150  0.000000
  -16.002  -14.960   -8.192   -4.073   -0.047    5.696    9.383    9.533
            0.489167  0.307439  0.000000
  -16.002  -14.960   -8.193   -4.073   -0.047    5.697    9.384    9.533
            0.489000  0.307728  0.000000
  -16.002  -14.959   -8.194   -4.073   -0.047    5.699    9.384    9.533
            0.488833  0.308016  0.000000
  -16.001  -14.959   -8.196   -4.072   -0.047    5.701    9.384    9.534
            0.488667  0.308305  0.000000
  -16.001  -14.959   -8.197   -4.072   -0.047    5.702    9.385    9.534
            0.488500  0.308594  0.000000
  -16.001  -14.959   -8.198   -4.072   -0.047    5.704    9.385    9.534
            0.488333  0.308882  0.000000
  -16.001  -14.958   -8.199   -4.071   -0.047    5.705    9.385    9.535
            0.488167  0.309171  0.000000
  -16.000  -14.958   -8.200   -4.071   -0.047    5.707    9.386    9.535
            0.488000  0.309460  0.000000
  -16.000  -14.958   -8.202   -4.071   -0.047    5.709    9.386    9.535
            0.487833  0.309748  0.000000
  -16.000  -14.958   -8.203   -4.070   -0.047    5.711    9.386    9.536
            0.487667  0.310037  0.000000
  -16.000  -14.957   -8.204   -4.070   -0.048    5.712    9.387    9.536
            0.487500  0.310326  0.000000
  -15.999  -14.957   -8.206   -4.070   -0.048    5.714    9.387    9.536
            0.487333  0.310614  0.000000
  -15.999  -14.957   -8.207   -4.069   -0.048    5.716    9.387    9.537
            0.487167  0.310903  0.000000
  -15.999  -14.957   -8.208   -4.069   -0.048    5.718    9.388    9.537
            0.487000  0.311192  0.000000
  -15.999  -14.956   -8.210   -4.068   -0.048    5.720    9.388    9.538
            0.486833  0.311480  0.000000
  -15.998  -14.956   -8.211   -4.068   -0.048    5.721    9.388    9.538
            0.486667  0.311769  0.000000
  -15.998  -14.956   -8.212   -4.068   -0.048    5.723    9.389    9.538
            0.486500  0.312058  0.000000
  -15.998  -14.956   -8.214   -4.067   -0.048    5.725    9.389    9.539
            0.486333  0.312346  0.000000
  -15.998  -14.955   -8.215   -4.067   -0.048    5.727    9.389    9.539
            0.486167  0.312635  0.000000
  -15.997  -14.955   -8.217   -4.066   -0.048    5.729    9.390    9.540
            0.486000  0.312924  0.000000
  -15.997  -14.955   -8.218   -4.066   -0.048    5.731    9.390    9.540
            0.485833  0.313213  0.000000
  -15.997  -14.955   -8.220   -4.066   -0.049    5.733    9.391    9.540
            0.485667  0.313501  0.000000
  -15.996  -14.954   -8.221   -4.065   -0.049    5.735    9.391    9.541
            0.485500  0.313790  0.000000
  -15.996  -14.954   -8.223   -4.065   -0.049    5.737    9.391    9.541
            0.485333  0.314079  0.000000
  -15.996  -14.954   -8.224   -4.064   -0.049    5.739    9.392    9.542
            0.485167  0.314367  0.000000
  -15.996  -14.953   -8.226   -4.064   -0.049    5.741    9.392    9.542
            0.485000  0.314656  0.000000
  -15.995  -14.953   -8.227   -4.064   -0.049    5.744    9.393    9.543
            0.484833  0.314945  0.000000
  -15.995  -14.953   -8.229   -4.063   -0.049    5.746    9.393    9.543
            0.484667  0.315233  0.000000
  -15.995  -14.952   -8.231   -4.063   -0.049    5.748    9.393    9.543
            0.484500  0.315522  0.000000
  -15.994  -14.952   -8.232   -4.062   -0.049    5.750    9.394    9.544
            0.484333  0.315811  0.000000
  -15.994  -14.952   -8.234   -4.062   -0.049    5.752    9.394    9.544
            0.484167  0.316099  0.000000
  -15.994  -14.952   -8.236   -4.061   -0.050    5.755    9.395    9.545
            0.484000  0.316388  0.000000
  -15.993  -14.951   -8.237   -4.061   -0.050    5.757    9.395    9.545
            0.483833  0.316677  0.000000
  -15.993  -14.951   -8.239   -4.060   -0.050    5.759    9.396    9.546
            0.483667  0.316965  0.000000
  -15.993  -14.951   -8.241   -4.060   -0.050    5.761    9.396    9.546
            0.483500  0.317254  0.000000
  -15.992  -14.950   -8.242   -4.059   -0.050    5.764    9.397    9.547
            0.483333  0.317543  0.000000
  -15.992  -14.950   -8.244   -4.059   -0.050    5.766    9.397    9.547
            0.483167  0.317831  0.000000
  -15.992  -14.950   -8.246   -4.059   -0.050    5.769    9.398    9.548
            0.483000  0.318120  0.000000
  -15.991  -14.949   -8.248   -4.058   -0.050    5.771    9.398    9.548
            0.482833  0.318409  0.000000
  -15.991  -14.949   -8.249   -4.058   -0.050    5.773    9.398    9.549
            0.482667  0.318697  0.000000
  -15.991  -14.949   -8.251   -4.057   -0.051    5.776    9.399    9.549
            0.482500  0.318986  0.000000
  -15.990  -14.948   -8.253   -4.057   -0.051    5.778    9.399    9.550
            0.482333  0.319275  0.000000
  -15.990  -14.948   -8.255   -4.056   -0.051    5.781    9.400    9.550
            0.482167  0.319563  0.000000
  -15.990  -14.948   -8.257   -4.056   -0.051    5.783    9.400    9.551
            0.482000  0.319852  0.000000
  -15.989  -14.947   -8.259   -4.055   -0.051    5.786    9.401    9.551
            0.481833  0.320141  0.000000
  -15.989  -14.947   -8.260   -4.055   -0.051    5.788    9.401    9.552
            0.481667  0.320429  0.000000
  -15.988  -14.946   -8.262   -4.054   -0.051    5.791    9.402    9.552
            0.481500  0.320718  0.000000
  -15.988  -14.946   -8.264   -4.053   -0.051    5.794    9.402    9.553
            0.481333  0.321007  0.000000
  -15.988  -14.946   -8.266   -4.053   -0.052    5.796    9.403    9.553
            0.481167  0.321295  0.000000
  -15.987  -14.945   -8.268   -4.052   -0.052    5.799    9.403    9.554
            0.481000  0.321584  0.000000
  -15.987  -14.945   -8.270   -4.052   -0.052    5.802    9.404    9.555
            0.480833  0.321873  0.000000
  -15.987  -14.945   -8.272   -4.051   -0.052    5.804    9.405    9.555
            0.480667  0.322161  0.000000
  -15.986  -14.944   -8.274   -4.051   -0.052    5.807    9.405    9.556
            0.480500  0.322450  0.000000
  -15.986  -14.944   -8.276   -4.050   -0.052    5.810    9.406    9.556
            0.480333  0.322739  0.000000
  -15.985  -14.943   -8.278   -4.050   -0.052    5.812    9.406    9.557
            0.480167  0.323027  0.000000
  -15.985  -14.943   -8.280   -4.049   -0.053    5.815    9.407    9.557
            0.480000  0.323316  0.000000
  -15.985  -14.943   -8.282   -4.048   -0.053    5.818    9.407    9.558
            0.479833  0.323605  0.000000
  -15.984  -14.942   -8.284   -4.048   -0.053    5.821    9.408    9.559
            0.479667  0.323894  0.000000
  -15.984  -14.942   -8.287   -4.047   -0.053    5.824    9.408    9.559
            0.479500  0.324182  0.000000
  -15.983  -14.941   -8.289   -4.047   -0.053    5.827    9.409    9.560
            0.479333  0.324471  0.000000
  -15.983  -14.941   -8.291   -4.046   -0.053    5.830    9.410    9.560
            0.479167  0.324760  0.000000
  -15.983  -14.941   -8.293   -4.046   -0.053    5.832    9.410    9.561
            0.479000  0.325048  0.000000
  -15.982  -14.940   -8.295   -4.045   -0.054    5.835    9.411    9.562
            0.478833  0.325337  0.000000
  -15.982  -14.940   -8.297   -4.044   -0.054    5.838    9.411    9.562
            0.478667  0.325626  0.000000
  -15.981  -14.939   -8.300   -4.044   -0.054    5.841    9.412    9.563
            0.478500  0.325914  0.000000
  -15.981  -14.939   -8.302   -4.043   -0.054    5.844    9.412    9.564
            0.478333  0.326203  0.000000
  -15.980  -14.938   -8.304   -4.042   -0.054    5.847    9.413    9.564
            0.478167  0.326492  0.000000
  -15.980  -14.938   -8.306   -4.042   -0.054    5.851    9.414    9.565
            0.478000  0.326780  0.000000
  -15.980  -14.938   -8.308   -4.041   -0.055    5.854    9.414    9.566
            0.477833  0.327069  0.000000
  -15.979  -14.937   -8.311   -4.041   -0.055    5.857    9.415    9.566
            0.477667  0.327358  0.000000
  -15.979  -14.937   -8.313   -4.040   -0.055    5.860    9.415    9.567
            0.477500  0.327646  0.000000
  -15.978  -14.936   -8.315   -4.039   -0.055    5.863    9.416    9.568
            0.477333  0.327935  0.000000
  -15.978  -14.936   -8.318   -4.039   -0.055    5.866    9.417    9.568
            0.477167  0.328224  0.000000
  -15.977  -14.935   -8.320   -4.038   -0.055    5.869    9.417    9.569
            0.477000  0.328512  0.000000
  -15.977  -14.935   -8.322   -4.037   -0.056    5.873    9.418    9.570
            0.476833  0.328801  0.000000
  -15.976  -14.934   -8.325   -4.037   -0.056    5.876    9.419    9.570
            0.476667  0.329090  0.000000
  -15.976  -14.934   -8.327   -4.036   -0.056    5.879    9.419    9.571
            0.476500  0.329378  0.000000
  -15.975  -14.933   -8.330   -4.035   -0.056    5.882    9.420    9.572
            0.476333  0.329667  0.000000
  -15.975  -14.933   -8.332   -4.035   -0.056    5.886    9.421    9.572
            0.476167  0.329956  0.000000
  -15.974  -14.933   -8.334   -4.034   -0.056    5.889    9.421    9.573
            0.476000  0.330244  0.000000
  -15.974  -14.932   -8.337   -4.033   -0.057    5.892    9.422    9.574
            0.475833  0.330533  0.000000
  -15.973  -14.932   -8.339   -4.033   -0.057    5.896    9.423    9.574
            0.475667  0.330822  0.000000
  -15.973  -14.931   -8.342   -4.032   -0.057    5.899    9.423    9.575
            0.475500  0.331110  0.000000
  -15.972  -14.931   -8.344   -4.031   -0.057    5.902    9.424    9.576
            0.475333  0.331399  0.000000
  -15.972  -14.930   -8.347   -4.030   -0.057    5.906    9.425    9.577
            0.475167  0.331688  0.000000
  -15.971  -14.930   -8.349   -4.030   -0.057    5.909    9.425    9.577
            0.475000  0.331976  0.000000
  -15.971  -14.929   -8.352   -4.029   -0.058    5.913    9.426    9.578
            0.474833  0.332265  0.000000
  -15.970  -14.929   -8.355   -4.028   -0.058    5.916    9.427    9.579
            0.474667  0.332554  0.000000
  -15.970  -14.928   -8.357   -4.028   -0.058    5.920    9.427    9.580
            0.474500  0.332842  0.000000
  -15.969  -14.928   -8.360   -4.027   -0.058    5.923    9.428    9.580
            0.474333  0.333131  0.000000
  -15.969  -14.927   -8.362   -4.026   -0.058    5.927    9.429    9.581
            0.474167  0.333420  0.000000
  -15.968  -14.927   -8.365   -4.025   -0.059    5.931    9.429    9.582
            0.474000  0.333708  0.000000
  -15.968  -14.926   -8.368   -4.025   -0.059    5.934    9.430    9.583
            0.473833  0.333997  0.000000
  -15.967  -14.926   -8.370   -4.024   -0.059    5.938    9.431    9.583
            0.473667  0.334286  0.000000
  -15.967  -14.925   -8.373   -4.023   -0.059    5.941    9.432    9.584
            0.473500  0.334574  0.000000
  -15.966  -14.925   -8.376   -4.022   -0.059    5.945    9.432    9.585
            0.473333  0.334863  0.000000
  -15.966  -14.924   -8.378   -4.022   -0.060    5.949    9.433    9.586
            0.473167  0.335152  0.000000
  -15.965  -14.923   -8.381   -4.021   -0.060    5.952    9.434    9.586
            0.473000  0.335441  0.000000
  -15.965  -14.923   -8.384   -4.020   -0.060    5.956    9.435    9.587
            0.472833  0.335729  0.000000
  -15.964  -14.922   -8.387   -4.019   -0.060    5.960    9.435    9.588
            0.472667  0.336018  0.000000
  -15.964  -14.922   -8.389   -4.019   -0.060    5.964    9.436    9.589
            0.472500  0.336307  0.000000
  -15.963  -14.921   -8.392   -4.018   -0.061    5.968    9.437    9.590
            0.472333  0.336595  0.000000
  -15.962  -14.921   -8.395   -4.017   -0.061    5.971    9.438    9.591
            0.472167  0.336884  0.000000
  -15.962  -14.920   -8.398   -4.016   -0.061    5.975    9.438    9.591
            0.472000  0.337173  0.000000
  -15.961  -14.920   -8.401   -4.015   -0.061    5.979    9.439    9.592
            0.471833  0.337461  0.000000
  -15.961  -14.919   -8.403   -4.015   -0.061    5.983    9.440    9.593
            0.471667  0.337750  0.000000
  -15.960  -14.919   -8.406   -4.014   -0.062    5.987    9.441    9.594
            0.471500  0.338039  0.000000
  -15.960  -14.918   -8.409   -4.013   -0.062    5.991    9.442    9.595
            0.471333  0.338327  0.000000
  -15.959  -14.917   -8.412   -4.012   -0.062    5.995    9.442    9.595
            0.471167  0.338616  0.000000
  -15.958  -14.917   -8.415   -4.011   -0.062    5.999    9.443    9.596
            0.471000  0.338905  0.000000
  -15.958  -14.916   -8.418   -4.010   -0.063    6.003    9.444    9.597
            0.470833  0.339193  0.000000
  -15.957  -14.916   -8.421   -4.010   -0.063    6.007    9.445    9.598
            0.470667  0.339482  0.000000
  -15.957  -14.915   -8.424   -4.009   -0.063    6.011    9.446    9.599
            0.470500  0.339771  0.000000
  -15.956  -14.915   -8.427   -4.008   -0.063    6.015    9.446    9.600
            0.470333  0.340059  0.000000
  -15.955  -14.914   -8.430   -4.007   -0.063    6.019    9.447    9.601
            0.470167  0.340348  0.000000
  -15.955  -14.913   -8.433   -4.006   -0.064    6.023    9.448    9.602
            0.470000  0.340637  0.000000
  -15.954  -14.913   -8.436   -4.005   -0.064    6.027    9.449    9.602
            0.469833  0.340925  0.000000
  -15.954  -14.912   -8.439   -4.004   -0.064    6.031    9.450    9.603
            0.469667  0.341214  0.000000
  -15.953  -14.912   -8.442   -4.004   -0.064    6.035    9.450    9.604
            0.469500  0.341503  0.000000
  -15.952  -14.911   -8.445   -4.003   -0.065    6.040    9.451    9.605
            0.469333  0.341791  0.000000
  -15.952  -14.910   -8.448   -4.002   -0.065    6.044    9.452    9.606
            0.469167  0.342080  0.000000
  -15.951  -14.910   -8.451   -4.001   -0.065    6.048    9.453    9.607
            0.469000  0.342369  0.000000
  -15.951  -14.909   -8.454   -4.000   -0.065    6.052    9.454    9.608
            0.468833  0.342657  0.000000
  -15.950  -14.908   -8.457   -3.999   -0.066    6.056    9.455    9.609
            0.468667  0.342946  0.000000
  -15.949  -14.908   -8.460   -3.998   -0.066    6.061    9.456    9.610
            0.468500  0.343235  0.000000
  -15.949  -14.907   -8.463   -3.997   -0.066    6.065    9.456    9.611
            0.468333  0.343523  0.000000
  -15.948  -14.907   -8.467   -3.996   -0.066    6.069    9.457    9.612
            0.468167  0.343812  0.000000
  -15.947  -14.906   -8.470   -3.996   -0.067    6.074    9.458    9.612
            0.468000  0.344101  0.000000
  -15.947  -14.905   -8.473   -3.995   -0.067    6.078    9.459    9.613
            0.467833  0.344389  0.000000
  -15.946  -14.905   -8.476   -3.994   -0.067    6.082    9.460    9.614
            0.467667  0.344678  0.000000
  -15.945  -14.904   -8.479   -3.993   -0.067    6.087    9.461    9.615
            0.467500  0.344967  0.000000
  -15.945  -14.903   -8.483   -3.992   -0.068    6.091    9.462    9.616
            0.467333  0.345255  0.000000
  -15.944  -14.903   -8.486   -3.991   -0.068    6.096    9.463    9.617
            0.467167  0.345544  0.000000
  -15.943  -14.902   -8.489   -3.990   -0.068    6.100    9.464    9.618
            0.467000  0.345833  0.000000
  -15.943  -14.901   -8.492   -3.989   -0.068    6.105    9.464    9.619
            0.466833  0.346121  0.000000
  -15.942  -14.901   -8.496   -3.988   -0.069    6.109    9.465    9.620
            0.466667  0.346410  0.000000
  -15.941  -14.900   -8.499   -3.987   -0.069    6.114    9.466    9.621
            0.466500  0.346699  0.000000
  -15.941  -14.900   -8.502   -3.986   -0.069    6.118    9.467    9.622
            0.466333  0.346988  0.000000
  -15.940  -14.899   -8.506   -3.985   -0.070    6.123    9.468    9.623
            0.466167  0.347276  0.000000
  -15.939  -14.898   -8.509   -3.984   -0.070    6.127    9.469    9.624
            0.466000  0.347565  0.000000
  -15.939  -14.898   -8.512   -3.983   -0.070    6.132    9.470    9.625
            0.465833  0.347854  0.000000
  -15.938  -14.897   -8.516   -3.982   -0.070    6.137    9.471    9.626
            0.465667  0.348142  0.000000
  -15.937  -14.896   -8.519   -3.981   -0.071    6.141    9.472    9.627
            0.465500  0.348431  0.000000
  -15.937  -14.895   -8.522   -3.980   -0.071    6.146    9.473    9.628
            0.465333  0.348720  0.000000
  -15.936  -14.895   -8.526   -3.979   -0.071    6.151    9.474    9.629
            0.465167  0.349008  0.000000
  -15.935  -14.894   -8.529   -3.978   -0.071    6.155    9.475    9.630
            0.465000  0.349297  0.000000
  -15.935  -14.893   -8.533   -3.977   -0.072    6.160    9.476    9.631
            0.464833  0.349586  0.000000
  -15.934  -14.893   -8.536   -3.976   -0.072    6.165    9.477    9.632
            0.464667  0.349874  0.000000
  -15.933  -14.892   -8.540   -3.975   -0.072    6.169    9.478    9.633
            0.464500  0.350163  0.000000
  -15.932  -14.891   -8.543   -3.974   -0.073    6.174    9.479    9.634
            0.464333  0.350452  0.000000
  -15.932  -14.891   -8.547   -3.973   -0.073    6.179    9.480    9.635
            0.464167  0.350740  0.000000
  -15.931  -14.890   -8.550   -3.972   -0.073    6.184    9.481    9.636
            0.464000  0.351029  0.000000
  -15.930  -14.889   -8.554   -3.971   -0.074    6.189    9.482    9.637
            0.463833  0.351318  0.000000
  -15.930  -14.888   -8.557   -3.970   -0.074    6.194    9.483    9.639
            0.463667  0.351606  0.000000
  -15.929  -14.888   -8.561   -3.969   -0.074    6.198    9.484    9.640
            0.463500  0.351895  0.000000
  -15.928  -14.887   -8.564   -3.968   -0.074    6.203    9.485    9.641
            0.463333  0.352184  0.000000
  -15.927  -14.886   -8.568   -3.967   -0.075    6.208    9.486    9.642
            0.463167  0.352472  0.000000
  -15.927  -14.886   -8.571   -3.966   -0.075    6.213    9.487    9.643
            0.463000  0.352761  0.000000
  -15.926  -14.885   -8.575   -3.965   -0.075    6.218    9.488    9.644
            0.462833  0.353050  0.000000
  -15.925  -14.884   -8.579   -3.964   -0.076    6.223    9.489    9.645
            0.462667  0.353338  0.000000
  -15.924  -14.883   -8.582   -3.963   -0.076    6.228    9.490    9.646
            0.462500  0.353627  0.000000
  -15.924  -14.883   -8.586   -3.962   -0.076    6.233    9.491    9.647
            0.462333  0.353916  0.000000
  -15.923  -14.882   -8.590   -3.961   -0.077    6.238    9.492    9.648
            0.462167  0.354204  0.000000
  -15.922  -14.881   -8.593   -3.960   -0.077    6.243    9.493    9.649
            0.462000  0.354493  0.000000
  -15.921  -14.880   -8.597   -3.958   -0.077    6.248    9.494    9.651
            0.461833  0.354782  0.000000
  -15.920  -14.880   -8.601   -3.957   -0.078    6.253    9.495    9.652
            0.461667  0.355070  0.000000
  -15.920  -14.879   -8.604   -3.956   -0.078    6.258    9.496    9.653
            0.461500  0.355359  0.000000
  -15.919  -14.878   -8.608   -3.955   -0.078    6.264    9.497    9.654
            0.461333  0.355648  0.000000
  -15.918  -14.877   -8.612   -3.954   -0.079    6.269    9.498    9.655
            0.461167  0.355936  0.000000
  -15.917  -14.877   -8.616   -3.953   -0.079    6.274    9.499    9.656
            0.461000  0.356225  0.000000
  -15.917  -14.876   -8.619   -3.952   -0.079    6.279    9.500    9.657
            0.460833  0.356514  0.000000
  -15.916  -14.875   -8.623   -3.951   -0.080    6.284    9.501    9.659
            0.460667  0.356802  0.000000
  -15.915  -14.874   -8.627   -3.950   -0.080    6.289    9.502    9.660
            0.460500  0.357091  0.000000
  -15.914  -14.874   -8.631   -3.948   -0.080    6.295    9.503    9.661
            0.460333  0.357380  0.000000
  -15.913  -14.873   -8.634   -3.947   -0.081    6.300    9.505    9.662
            0.460167  0.357668  0.000000
  -15.913  -14.872   -8.638   -3.946   -0.081    6.305    9.506    9.663
            0.460000  0.357957  0.000000
  -15.912  -14.871   -8.642   -3.945   -0.081    6.310    9.507    9.664
            0.459833  0.358246  0.000000
  -15.911  -14.870   -8.646   -3.944   -0.082    6.316    9.508    9.666
            0.459667  0.358535  0.000000
  -15.910  -14.870   -8.650   -3.943   -0.082    6.321    9.509    9.667
            0.459500  0.358823  0.000000
  -15.909  -14.869   -8.654   -3.942   -0.082    6.326    9.510    9.668
            0.459333  0.359112  0.000000
  -15.909  -14.868   -8.658   -3.940   -0.083    6.332    9.511    9.669
            0.459167  0.359401  0.000000
  -15.908  -14.867   -8.661   -3.939   -0.083    6.337    9.512    9.670
            0.459000  0.359689  0.000000
  -15.907  -14.866   -8.665   -3.938   -0.083    6.343    9.513    9.672
            0.458833  0.359978  0.000000
  -15.906  -14.866   -8.669   -3.937   -0.084    6.348    9.515    9.673
            0.458667  0.360267  0.000000
  -15.905  -14.865   -8.673   -3.936   -0.084    6.354    9.516    9.674
            0.458500  0.360555  0.000000
  -15.904  -14.864   -8.677   -3.934   -0.084    6.359    9.517    9.675
            0.458333  0.360844  0.000000
  -15.904  -14.863   -8.681   -3.933   -0.085    6.364    9.518    9.676
            0.458167  0.361133  0.000000
  -15.903  -14.862   -8.685   -3.932   -0.085    6.370    9.519    9.678
            0.458000  0.361421  0.000000
  -15.902  -14.862   -8.689   -3.931   -0.086    6.375    9.520    9.679
            0.457833  0.361710  0.000000
  -15.901  -14.861   -8.693   -3.930   -0.086    6.381    9.521    9.680
            0.457667  0.361999  0.000000
  -15.900  -14.860   -8.697   -3.928   -0.086    6.387    9.523    9.681
            0.457500  0.362287  0.000000
  -15.899  -14.859   -8.701   -3.927   -0.087    6.392    9.524    9.683
            0.457333  0.362576  0.000000
  -15.898  -14.858   -8.705   -3.926   -0.087    6.398    9.525    9.684
            0.457167  0.362865  0.000000
  -15.898  -14.857   -8.709   -3.925   -0.087    6.403    9.526    9.685
            0.457000  0.363153  0.000000
  -15.897  -14.857   -8.713   -3.924   -0.088    6.409    9.527    9.686
            0.456833  0.363442  0.000000
  -15.896  -14.856   -8.717   -3.922   -0.088    6.415    9.528    9.688
            0.456667  0.363731  0.000000
  -15.895  -14.855   -8.721   -3.921   -0.089    6.420    9.530    9.689
            0.456500  0.364019  0.000000
  -15.894  -14.854   -8.726   -3.920   -0.089    6.426    9.531    9.690
            0.456333  0.364308  0.000000
  -15.893  -14.853   -8.730   -3.919   -0.089    6.432    9.532    9.691
            0.456167  0.364597  0.000000
  -15.892  -14.852   -8.734   -3.917   -0.090    6.437    9.533    9.693
            0.456000  0.364885  0.000000
  -15.891  -14.851   -8.738   -3.916   -0.090    6.443    9.534    9.694
            0.455833  0.365174  0.000000
  -15.891  -14.851   -8.742   -3.915   -0.091    6.449    9.536    9.695
            0.455667  0.365463  0.000000
  -15.890  -14.850   -8.746   -3.914   -0.091    6.455    9.537    9.697
            0.455500  0.365751  0.000000
  -15.889  -14.849   -8.750   -3.912   -0.091    6.460    9.538    9.698
            0.455333  0.366040  0.000000
  -15.888  -14.848   -8.755   -3.911   -0.092    6.466    9.539    9.699
            0.455167  0.366329  0.000000
  -15.887  -14.847   -8.759   -3.910   -0.092    6.472    9.540    9.701
            0.455000  0.366617  0.000000
  -15.886  -14.846   -8.763   -3.908   -0.093    6.478    9.542    9.702
            0.454833  0.366906  0.000000
  -15.885  -14.845   -8.767   -3.907   -0.093    6.484    9.543    9.703
            0.454667  0.367195  0.000000
  -15.884  -14.844   -8.771   -3.906   -0.093    6.489    9.544    9.705
            0.454500  0.367483  0.000000
  -15.883  -14.844   -8.776   -3.904   -0.094    6.495    9.545    9.706
            0.454333  0.367772  0.000000
  -15.882  -14.843   -8.780   -3.903   -0.094    6.501    9.547    9.707
            0.454167  0.368061  0.000000
  -15.881  -14.842   -8.784   -3.902   -0.095    6.507    9.548    9.709
            0.454000  0.368349  0.000000
  -15.880  -14.841   -8.788   -3.901   -0.095    6.513    9.549    9.710
            0.453833  0.368638  0.000000
  -15.880  -14.840   -8.793   -3.899   -0.096    6.519    9.550    9.711
            0.453667  0.368927  0.000000
  -15.879  -14.839   -8.797   -3.898   -0.096    6.525    9.552    9.713
            0.453500  0.369215  0.000000
  -15.878  -14.838   -8.801   -3.897   -0.096    6.531    9.553    9.714
            0.453333  0.369504  0.000000
  -15.877  -14.837   -8.806   -3.895   -0.097    6.537    9.554    9.715
            0.453167  0.369793  0.000000
  -15.876  -14.836   -8.810   -3.894   -0.097    6.543    9.556    9.717
            0.453000  0.370082  0.000000
  -15.875  -14.835   -8.814   -3.893   -0.098    6.549    9.557    9.718
            0.452833  0.370370  0.000000
  -15.874  -14.835   -8.819   -3.891   -0.098    6.555    9.558    9.719
            0.452667  0.370659  0.000000
  -15.873  -14.834   -8.823   -3.890   -0.099    6.561    9.559    9.721
            0.452500  0.370948  0.000000
  -15.872  -14.833   -8.827   -3.888   -0.099    6.567    9.561    9.722
            0.452333  0.371236  0.000000
  -15.871  -14.832   -8.832   -3.887   -0.100    6.573    9.562    9.724
            0.452167  0.371525  0.000000
  -15.870  -14.831   -8.836   -3.886   -0.100    6.579    9.563    9.725
            0.452000  0.371814  0.000000
  -15.869  -14.830   -8.841   -3.884   -0.100    6.586    9.565    9.726
            0.451833  0.372102  0.000000
  -15.868  -14.829   -8.845   -3.883   -0.101    6.592    9.566    9.728
            0.451667  0.372391  0.000000
  -15.867  -14.828   -8.849   -3.882   -0.101    6.598    9.567    9.729
            0.451500  0.372680  0.000000
  -15.866  -14.827   -8.854   -3.880   -0.102    6.604    9.569    9.731
            0.451333  0.372968  0.000000
  -15.865  -14.826   -8.858   -3.879   -0.102    6.610    9.570    9.732
            0.451167  0.373257  0.000000
  -15.864  -14.825   -8.863   -3.877   -0.103    6.617    9.571    9.734
            0.451000  0.373546  0.000000
  -15.863  -14.824   -8.867   -3.876   -0.103    6.623    9.573    9.735
            0.450833  0.373834  0.000000
  -15.862  -14.823   -8.872   -3.875   -0.104    6.629    9.574    9.736
            0.450667  0.374123  0.000000
  -15.861  -14.822   -8.876   -3.873   -0.104    6.635    9.575    9.738
            0.450500  0.374412  0.000000
  -15.860  -14.821   -8.881   -3.872   -0.105    6.642    9.577    9.739
            0.450333  0.374700  0.000000
  -15.859  -14.820   -8.885   -3.870   -0.105    6.648    9.578    9.741
            0.450167  0.374989  0.000000
  -15.858  -14.819   -8.890   -3.869   -0.106    6.654    9.579    9.742
            0.450000  0.375278  0.000000
  -15.857  -14.818   -8.894   -3.867   -0.106    6.661    9.581    9.744
            0.449833  0.375566  0.000000
  -15.856  -14.817   -8.899   -3.866   -0.107    6.667    9.582    9.745
            0.449667  0.375855  0.000000
  -15.855  -14.816   -8.903   -3.865   -0.107    6.673    9.583    9.747
            0.449500  0.376144  0.000000
  -15.854  -14.815   -8.908   -3.863   -0.108    6.680    9.585    9.748
            0.449333  0.376432  0.000000
  -15.853  -14.815   -8.913   -3.862   -0.108    6.686    9.586    9.750
            0.449167  0.376721  0.000000
  -15.852  -14.814   -8.917   -3.860   -0.109    6.692    9.588    9.751
            0.449000  0.377010  0.000000
  -15.851  -14.813   -8.922   -3.859   -0.109    6.699    9.589    9.753
            0.448833  0.377298  0.000000
  -15.850  -14.812   -8.926   -3.857   -0.110    6.705    9.590    9.754
            0.448667  0.377587  0.000000
  -15.849  -14.811   -8.931   -3.856   -0.110    6.712    9.592    9.756
            0.448500  0.377876  0.000000
  -15.848  -14.810   -8.936   -3.854   -0.111    6.718    9.593    9.757
            0.448333  0.378164  0.000000
  -15.847  -14.809   -8.940   -3.853   -0.111    6.725    9.595    9.759
            0.448167  0.378453  0.000000
  -15.846  -14.808   -8.945   -3.851   -0.112    6.731    9.596    9.760
            0.448000  0.378742  0.000000
  -15.845  -14.807   -8.950   -3.850   -0.112    6.738    9.597    9.762
            0.447833  0.379030  0.000000
  -15.844  -14.806   -8.954   -3.848   -0.113    6.744    9.599    9.763
            0.447667  0.379319  0.000000
  -15.843  -14.805   -8.959   -3.847   -0.113    6.751    9.600    9.765
            0.447500  0.379608  0.000000
  -15.842  -14.803   -8.964   -3.845   -0.114    6.757    9.602    9.766
            0.447333  0.379896  0.000000
  -15.841  -14.802   -8.968   -3.844   -0.114    6.764    9.603    9.768
            0.447167  0.380185  0.000000
  -15.840  -14.801   -8.973   -3.842   -0.115    6.771    9.604    9.769
            0.447000  0.380474  0.000000
  -15.838  -14.800   -8.978   -3.841   -0.115    6.777    9.606    9.771
            0.446833  0.380763  0.000000
  -15.837  -14.799   -8.983   -3.839   -0.116    6.784    9.607    9.772
            0.446667  0.381051  0.000000
  -15.836  -14.798   -8.987   -3.838   -0.116    6.790    9.609    9.774
            0.446500  0.381340  0.000000
  -15.835  -14.797   -8.992   -3.836   -0.117    6.797    9.610    9.775
            0.446333  0.381629  0.000000
  -15.834  -14.796   -8.997   -3.835   -0.118    6.804    9.612    9.777
            0.446167  0.381917  0.000000
  -15.833  -14.795   -9.002   -3.833   -0.118    6.811    9.613    9.779
            0.446000  0.382206  0.000000
  -15.832  -14.794   -9.006   -3.832   -0.119    6.817    9.615    9.780
            0.445833  0.382495  0.000000
  -15.831  -14.793   -9.011   -3.830   -0.119    6.824    9.616    9.782
            0.445667  0.382783  0.000000
  -15.830  -14.792   -9.016   -3.829   -0.120    6.831    9.618    9.783
            0.445500  0.383072  0.000000
  -15.829  -14.791   -9.021   -3.827   -0.120    6.837    9.619    9.785
            0.445333  0.383361  0.000000
  -15.828  -14.790   -9.026   -3.825   -0.121    6.844    9.621    9.787
            0.445167  0.383649  0.000000
  -15.826  -14.789   -9.030   -3.824   -0.121    6.851    9.622    9.788
            0.445000  0.383938  0.000000
  -15.825  -14.788   -9.035   -3.822   -0.122    6.858    9.623    9.790
            0.444833  0.384227  0.000000
  -15.824  -14.787   -9.040   -3.821   -0.123    6.865    9.625    9.791
            0.444667  0.384515  0.000000
  -15.823  -14.786   -9.045   -3.819   -0.123    6.871    9.626    9.793
            0.444500  0.384804  0.000000
  -15.822  -14.785   -9.050   -3.818   -0.124    6.878    9.628    9.795
            0.444333  0.385093  0.000000
  -15.821  -14.784   -9.055   -3.816   -0.124    6.885    9.629    9.796
            0.444167  0.385381  0.000000
  -15.820  -14.783   -9.060   -3.814   -0.125    6.892    9.631    9.798
            0.444000  0.385670  0.000000
  -15.819  -14.781   -9.065   -3.813   -0.126    6.899    9.633    9.799
            0.443833  0.385959  0.000000
  -15.817  -14.780   -9.069   -3.811   -0.126    6.906    9.634    9.801
            0.443667  0.386247  0.000000
  -15.816  -14.779   -9.074   -3.810   -0.127    6.913    9.636    9.803
            0.443500  0.386536  0.000000
  -15.815  -14.778   -9.079   -3.808   -0.127    6.920    9.637    9.804
            0.443333  0.386825  0.000000
  -15.814  -14.777   -9.084   -3.806   -0.128    6.927    9.639    9.806
            0.443167  0.387113  0.000000
  -15.813  -14.776   -9.089   -3.805   -0.129    6.933    9.640    9.808
            0.443000  0.387402  0.000000
  -15.812  -14.775   -9.094   -3.803   -0.129    6.940    9.642    9.809
            0.442833  0.387691  0.000000
  -15.811  -14.774   -9.099   -3.801   -0.130    6.947    9.643    9.811
            0.442667  0.387979  0.000000
  -15.809  -14.773   -9.104   -3.800   -0.130    6.954    9.645    9.813
            0.442500  0.388268  0.000000
  -15.808  -14.772   -9.109   -3.798   -0.131    6.961    9.646    9.814
            0.442333  0.388557  0.000000
  -15.807  -14.771   -9.114   -3.796   -0.132    6.968    9.648    9.816
            0.442167  0.388845  0.000000
  -15.806  -14.769   -9.119   -3.795   -0.132    6.976    9.649    9.818
            0.442000  0.389134  0.000000
  -15.805  -14.768   -9.124   -3.793   -0.133    6.983    9.651    9.819
            0.441833  0.389423  0.000000
  -15.804  -14.767   -9.129   -3.791   -0.133    6.990    9.653    9.821
            0.441667  0.389711  0.000000
  -15.802  -14.766   -9.134   -3.790   -0.134    6.997    9.654    9.823
            0.441500  0.390000  0.000000
  -15.801  -14.765   -9.139   -3.788   -0.135    7.004    9.656    9.825
            0.441333  0.390289  0.000000
  -15.800  -14.764   -9.144   -3.786   -0.135    7.011    9.657    9.826
            0.441167  0.390577  0.000000
  -15.799  -14.763   -9.149   -3.785   -0.136    7.018    9.659    9.828
            0.441000  0.390866  0.000000
  -15.798  -14.762   -9.154   -3.783   -0.137    7.025    9.661    9.830
            0.440833  0.391155  0.000000
  -15.797  -14.760   -9.159   -3.781   -0.137    7.032    9.662    9.831
            0.440667  0.391443  0.000000
  -15.795  -14.759   -9.164   -3.780   -0.138    7.040    9.664    9.833
            0.440500  0.391732  0.000000
  -15.794  -14.758   -9.170   -3.778   -0.139    7.047    9.665    9.835
            0.440333  0.392021  0.000000
  -15.793  -14.757   -9.175   -3.776   -0.139    7.054    9.667    9.837
            0.440167  0.392310  0.000000
  -15.792  -14.756   -9.180   -3.775   -0.140    7.061    9.669    9.838
            0.440000  0.392598  0.000000
  -15.790  -14.755   -9.185   -3.773   -0.141    7.068    9.670    9.840
            0.439833  0.392887  0.000000
  -15.789  -14.754   -9.190   -3.771   -0.141    7.076    9.672    9.842
            0.439667  0.393176  0.000000
  -15.788  -14.752   -9.195   -3.769   -0.142    7.083    9.673    9.844
            0.439500  0.393464  0.000000
  -15.787  -14.751   -9.200   -3.768   -0.143    7.090    9.675    9.845
            0.439333  0.393753  0.000000
  -15.786  -14.750   -9.205   -3.766   -0.143    7.097    9.677    9.847
            0.439167  0.394042  0.000000
  -15.784  -14.749   -9.211   -3.764   -0.144    7.105    9.678    9.849
            0.439000  0.394330  0.000000
  -15.783  -14.748   -9.216   -3.762   -0.145    7.112    9.680    9.851
            0.438833  0.394619  0.000000
  -15.782  -14.747   -9.221   -3.761   -0.145    7.119    9.682    9.852
            0.438667  0.394908  0.000000
  -15.781  -14.746   -9.226   -3.759   -0.146    7.127    9.683    9.854
            0.438500  0.395196  0.000000
  -15.779  -14.744   -9.231   -3.757   -0.147    7.134    9.685    9.856
            0.438333  0.395485  0.000000
  -15.778  -14.743   -9.236   -3.755   -0.147    7.141    9.687    9.858
            0.438167  0.395774  0.000000
  -15.777  -14.742   -9.242   -3.754   -0.148    7.149    9.688    9.860
            0.438000  0.396062  0.000000
  -15.776  -14.741   -9.247   -3.752   -0.149    7.156    9.690    9.861
            0.437833  0.396351  0.000000
  -15.774  -14.740   -9.252   -3.750   -0.150    7.163    9.692    9.863
            0.437667  0.396640  0.000000
  -15.773  -14.738   -9.257   -3.748   -0.150    7.171    9.693    9.865
            0.437500  0.396928  0.000000
  -15.772  -14.737   -9.263   -3.747   -0.151    7.178    9.695    9.867
            0.437333  0.397217  0.000000
  -15.771  -14.736   -9.268   -3.745   -0.152    7.186    9.697    9.869
            0.437167  0.397506  0.000000
  -15.769  -14.735   -9.273   -3.743   -0.152    7.193    9.698    9.870
            0.437000  0.397794  0.000000
  -15.768  -14.734   -9.278   -3.741   -0.153    7.201    9.700    9.872
            0.436833  0.398083  0.000000
  -15.767  -14.732   -9.284   -3.739   -0.154    7.208    9.702    9.874
            0.436667  0.398372  0.000000
  -15.766  -14.731   -9.289   -3.737   -0.155    7.215    9.703    9.876
            0.436500  0.398660  0.000000
  -15.764  -14.730   -9.294   -3.736   -0.155    7.223    9.705    9.878
            0.436333  0.398949  0.000000
  -15.763  -14.729   -9.299   -3.734   -0.156    7.230    9.707    9.880
            0.436167  0.399238  0.000000
  -15.762  -14.728   -9.305   -3.732   -0.157    7.238    9.708    9.882
            0.436000  0.399526  0.000000
  -15.760  -14.726   -9.310   -3.730   -0.158    7.246    9.710    9.883
            0.435833  0.399815  0.000000
  -15.759  -14.725   -9.315   -3.728   -0.158    7.253    9.712    9.885
            0.435667  0.400104  0.000000
  -15.758  -14.724   -9.321   -3.727   -0.159    7.261    9.714    9.887
            0.435500  0.400392  0.000000
  -15.757  -14.723   -9.326   -3.725   -0.160    7.268    9.715    9.889
            0.435333  0.400681  0.000000
  -15.755  -14.722   -9.331   -3.723   -0.161    7.276    9.717    9.891
            0.435167  0.400970  0.000000
  -15.754  -14.720   -9.337   -3.721   -0.161    7.283    9.719    9.893
            0.435000  0.401258  0.000000
  -15.753  -14.719   -9.342   -3.719   -0.162    7.291    9.721    9.895
            0.434833  0.401547  0.000000
  -15.751  -14.718   -9.347   -3.717   -0.163    7.299    9.722    9.897
            0.434667  0.401836  0.000000
  -15.750  -14.717   -9.353   -3.715   -0.164    7.306    9.724    9.898
            0.434500  0.402124  0.000000
  -15.749  -14.715   -9.358   -3.714   -0.165    7.314    9.726    9.900
            0.434333  0.402413  0.000000
  -15.747  -14.714   -9.363   -3.712   -0.165    7.322    9.728    9.902
            0.434167  0.402702  0.000000
  -15.746  -14.713   -9.369   -3.710   -0.166    7.329    9.729    9.904
            0.434000  0.402990  0.000000
  -15.745  -14.712   -9.374   -3.708   -0.167    7.337    9.731    9.906
            0.433833  0.403279  0.000000
  -15.743  -14.710   -9.380   -3.706   -0.168    7.345    9.733    9.908
            0.433667  0.403568  0.000000
  -15.742  -14.709   -9.385   -3.704   -0.168    7.352    9.735    9.910
            0.433500  0.403857  0.000000
  -15.741  -14.708   -9.390   -3.702   -0.169    7.360    9.736    9.912
            0.433333  0.404145  0.000000
  -15.739  -14.707   -9.396   -3.700   -0.170    7.368    9.738    9.914
            0.433167  0.404434  0.000000
  -15.738  -14.705   -9.401   -3.698   -0.171    7.375    9.740    9.916
            0.433000  0.404723  0.000000
  -15.737  -14.704   -9.407   -3.696   -0.172    7.383    9.742    9.918
            0.432833  0.405011  0.000000
  -15.735  -14.703   -9.412   -3.695   -0.173    7.391    9.744    9.920
            0.432667  0.405300  0.000000
  -15.734  -14.702   -9.418   -3.693   -0.173    7.399    9.745    9.922
            0.432500  0.405589  0.000000
  -15.733  -14.700   -9.423   -3.691   -0.174    7.406    9.747    9.923
            0.432333  0.405877  0.000000
  -15.731  -14.699   -9.429   -3.689   -0.175    7.414    9.749    9.925
            0.432167  0.406166  0.000000
  -15.730  -14.698   -9.434   -3.687   -0.176    7.422    9.751    9.927
            0.432000  0.406455  0.000000
  -15.728  -14.697   -9.440   -3.685   -0.177    7.430    9.753    9.929
            0.431833  0.406743  0.000000
  -15.727  -14.695   -9.445   -3.683   -0.178    7.438    9.754    9.931
            0.431667  0.407032  0.000000
  -15.726  -14.694   -9.451   -3.681   -0.178    7.446    9.756    9.933
            0.431500  0.407321  0.000000
  -15.724  -14.693   -9.456   -3.679   -0.179    7.453    9.758    9.935
            0.431333  0.407609  0.000000
  -15.723  -14.691   -9.462   -3.677   -0.180    7.461    9.760    9.937
            0.431167  0.407898  0.000000
  -15.721  -14.690   -9.467   -3.675   -0.181    7.469    9.762    9.939
            0.431000  0.408187  0.000000
  -15.720  -14.689   -9.473   -3.673   -0.182    7.477    9.763    9.941
            0.430833  0.408475  0.000000
  -15.719  -14.688   -9.478   -3.671   -0.183    7.485    9.765    9.943
            0.430667  0.408764  0.000000
  -15.717  -14.686   -9.484   -3.669   -0.184    7.493    9.767    9.945
            0.430500  0.409053  0.000000
  -15.716  -14.685   -9.489   -3.667   -0.184    7.501    9.769    9.947
            0.430333  0.409341  0.000000
  -15.714  -14.684   -9.495   -3.665   -0.185    7.509    9.771    9.949
            0.430167  0.409630  0.000000
  -15.713  -14.682   -9.500   -3.663   -0.186    7.517    9.773    9.951
            0.430000  0.409919  0.000000
  -15.712  -14.681   -9.506   -3.661   -0.187    7.525    9.775    9.953
            0.429833  0.410207  0.000000
  -15.710  -14.680   -9.511   -3.659   -0.188    7.533    9.776    9.955
            0.429667  0.410496  0.000000
  -15.709  -14.678   -9.517   -3.657   -0.189    7.540    9.778    9.957
            0.429500  0.410785  0.000000
  -15.707  -14.677   -9.523   -3.655   -0.190    7.548    9.780    9.959
            0.429333  0.411073  0.000000
  -15.706  -14.676   -9.528   -3.653   -0.191    7.556    9.782    9.961
            0.429167  0.411362  0.000000
  -15.705  -14.675   -9.534   -3.651   -0.192    7.564    9.784    9.964
            0.429000  0.411651  0.000000
  -15.703  -14.673   -9.539   -3.649   -0.192    7.572    9.786    9.966
            0.428833  0.411939  0.000000
  -15.702  -14.672   -9.545   -3.647   -0.193    7.580    9.788    9.968
            0.428667  0.412228  0.000000
  -15.700  -14.671   -9.550   -3.645   -0.194    7.589    9.790    9.970
            0.428500  0.412517  0.000000
  -15.699  -14.669   -9.556   -3.643   -0.195    7.597    9.791    9.972
            0.428333  0.412805  0.000000
  -15.697  -14.668   -9.562   -3.641   -0.196    7.605    9.793    9.974
            0.428167  0.413094  0.000000
  -15.696  -14.667   -9.567   -3.639   -0.197    7.613    9.795    9.976
            0.428000  0.413383  0.000000
  -15.694  -14.665   -9.573   -3.637   -0.198    7.621    9.797    9.978
            0.427833  0.413671  0.000000
  -15.693  -14.664   -9.579   -3.635   -0.199    7.629    9.799    9.980
            0.427667  0.413960  0.000000
  -15.692  -14.663   -9.584   -3.633   -0.200    7.637    9.801    9.982
            0.427500  0.414249  0.000000
  -15.690  -14.661   -9.590   -3.631   -0.201    7.645    9.803    9.984
            0.427333  0.414537  0.000000
  -15.689  -14.660   -9.596   -3.628   -0.202    7.653    9.805    9.986
            0.427167  0.414826  0.000000
  -15.687  -14.658   -9.601   -3.626   -0.203    7.661    9.807    9.988
            0.427000  0.415115  0.000000
  -15.686  -14.657   -9.607   -3.624   -0.204    7.669    9.809    9.991
            0.426833  0.415404  0.000000
  -15.684  -14.656   -9.613   -3.622   -0.205    7.678    9.811    9.993
            0.426667  0.415692  0.000000
  -15.683  -14.654   -9.618   -3.620   -0.206    7.686    9.813    9.995
            0.426500  0.415981  0.000000
  -15.681  -14.653   -9.624   -3.618   -0.207    7.694    9.814    9.997
            0.426333  0.416270  0.000000
  -15.680  -14.652   -9.630   -3.616   -0.208    7.702    9.816   10.000
            0.426167  0.416558  0.000000
  -15.678  -14.650   -9.635   -3.614   -0.209    7.710    9.818   10.001
            0.426000  0.416847  0.000000
  -15.677  -14.649   -9.641   -3.612   -0.210    7.718    9.820   10.003
            0.425833  0.417136  0.000000
  -15.675  -14.648   -9.647   -3.610   -0.211    7.727    9.822   10.005
            0.425667  0.417424  0.000000
  -15.674  -14.646   -9.652   -3.607   -0.212    7.735    9.824   10.003
            0.425500  0.417713  0.000000
  -15.672  -14.645   -9.658   -3.605   -0.213    7.743    9.826   10.001
            0.425333  0.418002  0.000000
  -15.671  -14.643   -9.664   -3.603   -0.214    7.751    9.828    9.999
            0.425167  0.418290  0.000000
  -15.669  -14.642   -9.670   -3.601   -0.215    7.760    9.830    9.997
            0.425000  0.418579  0.000000
  -15.668  -14.641   -9.675   -3.599   -0.216    7.768    9.832    9.996
            0.424833  0.418868  0.000000
  -15.666  -14.639   -9.681   -3.597   -0.217    7.776    9.834    9.993
            0.424667  0.419156  0.000000
  -15.665  -14.638   -9.687   -3.595   -0.218    7.784    9.836    9.991
            0.424500  0.419445  0.000000
  -15.663  -14.637   -9.693   -3.592   -0.219    7.793    9.838    9.989
            0.424333  0.419734  0.000000
  -15.662  -14.635   -9.698   -3.590   -0.220    7.801    9.840    9.986
            0.424167  0.420022  0.000000
  -15.660  -14.634   -9.704   -3.588   -0.221    7.809    9.842    9.984
            0.424000  0.420311  0.000000
  -15.659  -14.632   -9.710   -3.586   -0.222    7.817    9.844    9.982
            0.423833  0.420600  0.000000
  -15.657  -14.631   -9.716   -3.584   -0.223    7.826    9.846    9.980
            0.423667  0.420888  0.000000
  -15.656  -14.630   -9.721   -3.582   -0.224    7.834    9.848    9.978
            0.423500  0.421177  0.000000
  -15.654  -14.628   -9.727   -3.579   -0.225    7.842    9.850    9.976
            0.423333  0.421466  0.000000
  -15.652  -14.627   -9.733   -3.577   -0.226    7.851    9.852    9.973
            0.423167  0.421754  0.000000
  -15.651  -14.625   -9.739   -3.575   -0.227    7.859    9.854    9.971
            0.423000  0.422043  0.000000
  -15.649  -14.624   -9.745   -3.573   -0.228    7.868    9.856    9.969
            0.422833  0.422332  0.000000
  -15.648  -14.623   -9.750   -3.571   -0.229    7.876    9.858    9.967
            0.422667  0.422620  0.000000
  -15.646  -14.621   -9.756   -3.568   -0.230    7.884    9.860    9.965
            0.422500  0.422909  0.000000
  -15.645  -14.620   -9.762   -3.566   -0.231    7.893    9.862    9.962
            0.422333  0.423198  0.000000
  -15.643  -14.618   -9.768   -3.564   -0.232    7.901    9.864    9.960
            0.422167  0.423486  0.000000
  -15.641  -14.617   -9.774   -3.562   -0.233    7.909    9.866    9.958
            0.422000  0.423775  0.000000
  -15.640  -14.616   -9.779   -3.560   -0.235    7.918    9.868    9.956
            0.421833  0.424064  0.000000
  -15.638  -14.614   -9.785   -3.557   -0.236    7.926    9.870    9.953
            0.421667  0.424352  0.000000
  -15.637  -14.613   -9.791   -3.555   -0.237    7.935    9.872    9.951
            0.421500  0.424641  0.000000
  -15.635  -14.611   -9.797   -3.553   -0.238    7.943    9.874    9.949
            0.421333  0.424930  0.000000
  -15.634  -14.610   -9.803   -3.551   -0.239    7.952    9.876    9.946
            0.421167  0.425218  0.000000
  -15.632  -14.608   -9.809   -3.548   -0.240    7.960    9.879    9.944
            0.421000  0.425507  0.000000
  -15.630  -14.607   -9.814   -3.546   -0.241    7.968    9.881    9.942
            0.420833  0.425796  0.000000
  -15.629  -14.606   -9.820   -3.544   -0.242    7.977    9.883    9.940
            0.420667  0.426084  0.000000
  -15.627  -14.604   -9.826   -3.542   -0.243    7.985    9.885    9.937
            0.420500  0.426373  0.000000
  -15.626  -14.603   -9.832   -3.539   -0.245    7.994    9.887    9.935
            0.420333  0.426662  0.000000
  -15.624  -14.601   -9.838   -3.537   -0.246    8.002    9.889    9.933
            0.420167  0.426951  0.000000
  -15.622  -14.600   -9.844   -3.535   -0.247    8.011    9.891    9.930
            0.420000  0.427239  0.000000
  -15.621  -14.598   -9.850   -3.532   -0.248    8.019    9.893    9.928
            0.419833  0.427528  0.000000
  -15.619  -14.597   -9.856   -3.530   -0.249    8.028    9.895    9.925
            0.419667  0.427817  0.000000
  -15.618  -14.595   -9.861   -3.528   -0.250    8.036    9.897    9.923
            0.419500  0.428105  0.000000
  -15.616  -14.594   -9.867   -3.526   -0.252    8.045    9.899    9.921
            0.419333  0.428394  0.000000
  -15.614  -14.593   -9.873   -3.523   -0.253    8.054    9.901    9.918
            0.419167  0.428683  0.000000
  -15.613  -14.591   -9.879   -3.521   -0.254    8.062    9.904    9.916
            0.419000  0.428971  0.000000
  -15.611  -14.590   -9.885   -3.519   -0.255    8.071    9.906    9.913
            0.418833  0.429260  0.000000
  -15.609  -14.588   -9.891   -3.516   -0.256    8.079    9.908    9.911
            0.418667  0.429549  0.000000
  -15.608  -14.587   -9.897   -3.514   -0.257    8.088    9.909    9.910
            0.418500  0.429837  0.000000
  -15.606  -14.585   -9.903   -3.512   -0.259    8.096    9.906    9.912
            0.418333  0.430126  0.000000
  -15.604  -14.584   -9.909   -3.509   -0.260    8.105    9.904    9.914
            0.418167  0.430415  0.000000
  -15.603  -14.582   -9.915   -3.507   -0.261    8.114    9.901    9.916
            0.418000  0.430703  0.000000
  -15.601  -14.581   -9.920   -3.505   -0.262    8.122    9.899    9.918
            0.417833  0.430992  0.000000
  -15.599  -14.579   -9.926   -3.502   -0.263    8.131    9.896    9.920
            0.417667  0.431281  0.000000
  -15.598  -14.578   -9.932   -3.500   -0.265    8.139    9.894    9.923
            0.417500  0.431569  0.000000
  -15.596  -14.576   -9.938   -3.498   -0.266    8.148    9.891    9.925
            0.417333  0.431858  0.000000
  -15.594  -14.575   -9.944   -3.495   -0.267    8.157    9.889    9.927
            0.417167  0.432147  0.000000
  -15.593  -14.573   -9.950   -3.493   -0.268    8.165    9.886    9.929
            0.417000  0.432435  0.000000
  -15.591  -14.572   -9.956   -3.491   -0.270    8.174    9.884    9.931
            0.416833  0.432724  0.000000
  -15.589  -14.570   -9.962   -3.488   -0.271    8.183    9.881    9.933
            0.416667  0.433013  0.000000
  -15.588  -14.569   -9.968   -3.486   -0.272    8.191    9.879    9.936
            0.416500  0.433301  0.000000
  -15.586  -14.567   -9.974   -3.483   -0.273    8.200    9.876    9.938
            0.416333  0.433590  0.000000
  -15.584  -14.566   -9.980   -3.481   -0.275    8.208    9.874    9.940
            0.416167  0.433879  0.000000
  -15.583  -14.565   -9.986   -3.479   -0.276    8.217    9.871    9.942
            0.416000  0.434167  0.000000
  -15.581  -14.563   -9.992   -3.476   -0.277    8.226    9.869    9.944
            0.415833  0.434456  0.000000
  -15.579  -14.562   -9.998   -3.474   -0.278    8.235    9.866    9.946
            0.415667  0.434745  0.000000
  -15.578  -14.560  -10.004   -3.471   -0.280    8.243    9.864    9.949
            0.415500  0.435033  0.000000
  -15.576  -14.559  -10.010   -3.469   -0.281    8.252    9.861    9.951
            0.415333  0.435322  0.000000
  -15.574  -14.557  -10.016   -3.467   -0.282    8.261    9.858    9.953
            0.415167  0.435611  0.000000
  -15.573  -14.556  -10.022   -3.464   -0.284    8.269    9.856    9.955
            0.415000  0.435899  0.000000
  -15.571  -14.554  -10.028   -3.462   -0.285    8.278    9.853    9.957
            0.414833  0.436188  0.000000
  -15.569  -14.552  -10.034   -3.459   -0.286    8.287    9.851    9.959
            0.414667  0.436477  0.000000
  -15.567  -14.551  -10.040   -3.457   -0.288    8.296    9.848    9.962
            0.414500  0.436765  0.000000
  -15.566  -14.549  -10.046   -3.454   -0.289    8.304    9.845    9.964
            0.414333  0.437054  0.000000
  -15.564  -14.548  -10.052   -3.452   -0.290    8.313    9.843    9.966
            0.414167  0.437343  0.000000
  -15.562  -14.546  -10.058   -3.450   -0.291    8.322    9.840    9.968
            0.414000  0.437632  0.000000
  -15.560  -14.545  -10.064   -3.447   -0.293    8.331    9.838    9.970
            0.413833  0.437920  0.000000
  -15.559  -14.543  -10.070   -3.445   -0.294    8.339    9.835    9.973
            0.413667  0.438209  0.000000
  -15.557  -14.542  -10.076   -3.442   -0.296    8.348    9.832    9.975
            0.413500  0.438498  0.000000
  -15.555  -14.540  -10.082   -3.440   -0.297    8.357    9.830    9.977
            0.413333  0.438786  0.000000
  -15.553  -14.539  -10.088   -3.437   -0.298    8.366    9.827    9.979
            0.413167  0.439075  0.000000
  -15.552  -14.537  -10.094   -3.435   -0.300    8.374    9.824    9.982
            0.413000  0.439364  0.000000
  -15.550  -14.536  -10.100   -3.432   -0.301    8.383    9.822    9.984
            0.412833  0.439652  0.000000
  -15.548  -14.534  -10.106   -3.430   -0.302    8.392    9.819    9.986
            0.412667  0.439941  0.000000
  -15.546  -14.533  -10.112   -3.427   -0.304    8.401    9.816    9.988
            0.412500  0.440230  0.000000
  -15.545  -14.531  -10.118   -3.425   -0.305    8.410    9.814    9.991
            0.412333  0.440518  0.000000
  -15.543  -14.530  -10.124   -3.422   -0.306    8.418    9.811    9.993
            0.412167  0.440807  0.000000
  -15.541  -14.528  -10.130   -3.420   -0.308    8.427    9.808    9.995
            0.412000  0.441096  0.000000
  -15.539  -14.527  -10.136   -3.417   -0.309    8.436    9.806    9.997
            0.411833  0.441384  0.000000
  -15.538  -14.525  -10.142   -3.415   -0.311    8.445    9.803   10.000
            0.411667  0.441673  0.000000
  -15.536  -14.524  -10.148   -3.412   -0.312    8.454    9.800   10.002
            0.411500  0.441962  0.000000
  -15.534  -14.522  -10.154   -3.410   -0.313    8.463    9.797   10.004
            0.411333  0.442250  0.000000
  -15.532  -14.520  -10.160   -3.407   -0.315    8.471    9.795   10.006
            0.411167  0.442539  0.000000
  -15.530  -14.519  -10.166   -3.405   -0.316    8.480    9.792   10.009
            0.411000  0.442828  0.000000
  -15.529  -14.517  -10.172   -3.402   -0.318    8.489    9.789   10.011
            0.410833  0.443116  0.000000
  -15.527  -14.516  -10.179   -3.400   -0.319    8.498    9.786   10.013
            0.410667  0.443405  0.000000
  -15.525  -14.514  -10.185   -3.397   -0.321    8.507    9.784   10.015
            0.410500  0.443694  0.000000
  -15.523  -14.513  -10.191   -3.395   -0.322    8.516    9.781   10.018
            0.410333  0.443982  0.000000
  -15.521  -14.511  -10.197   -3.392   -0.324    8.525    9.778   10.020
            0.410167  0.444271  0.000000
  -15.520  -14.510  -10.203   -3.389   -0.325    8.533    9.775   10.022
            0.410000  0.444560  0.000000
  -15.518  -14.508  -10.209   -3.387   -0.326    8.542    9.773   10.025
            0.409833  0.444848  0.000000
  -15.516  -14.507  -10.215   -3.384   -0.328    8.551    9.770   10.027
            0.409667  0.445137  0.000000
  -15.514  -14.505  -10.221   -3.382   -0.329    8.560    9.767   10.029
            0.409500  0.445426  0.000000
  -15.512  -14.503  -10.227   -3.379   -0.331    8.569    9.764   10.031
            0.409333  0.445714  0.000000
  -15.511  -14.502  -10.233   -3.377   -0.332    8.578    9.762   10.034
            0.409167  0.446003  0.000000
  -15.509  -14.500  -10.239   -3.374   -0.334    8.587    9.759   10.036
            0.409000  0.446292  0.000000
  -15.507  -14.499  -10.245   -3.371   -0.335    8.596    9.756   10.038
            0.408833  0.446580  0.000000
  -15.505  -14.497  -10.251   -3.369   -0.337    8.605    9.753   10.041
            0.408667  0.446869  0.000000
  -15.503  -14.496  -10.258   -3.366   -0.338    8.614    9.750   10.043
            0.408500  0.447158  0.000000
  -15.501  -14.494  -10.264   -3.364   -0.340    8.622    9.748   10.045
            0.408333  0.447446  0.000000
  -15.499  -14.492  -10.270   -3.361   -0.341    8.631    9.745   10.048
            0.408167  0.447735  0.000000
  -15.498  -14.491  -10.276   -3.358   -0.343    8.640    9.742   10.050
            0.408000  0.448024  0.000000
  -15.496  -14.489  -10.282   -3.356   -0.344    8.649    9.739   10.052
            0.407833  0.448312  0.000000
  -15.494  -14.488  -10.288   -3.353   -0.346    8.658    9.736   10.055
            0.407667  0.448601  0.000000
  -15.492  -14.486  -10.294   -3.350   -0.348    8.667    9.733   10.057
            0.407500  0.448890  0.000000
  -15.490  -14.485  -10.300   -3.348   -0.349    8.676    9.731   10.059
            0.407333  0.449179  0.000000
  -15.488  -14.483  -10.306   -3.345   -0.351    8.685    9.728   10.062
            0.407167  0.449467  0.000000
  -15.486  -14.481  -10.312   -3.343   -0.352    8.694    9.725   10.064
            0.407000  0.449756  0.000000
  -15.485  -14.480  -10.319   -3.340   -0.354    8.703    9.722   10.066
            0.406833  0.450045  0.000000
  -15.483  -14.478  -10.325   -3.337   -0.355    8.712    9.719   10.069
            0.406667  0.450333  0.000000
  -15.481  -14.477  -10.331   -3.335   -0.357    8.721    9.716   10.071
            0.406500  0.450622  0.000000
  -15.479  -14.475  -10.337   -3.332   -0.359    8.730    9.714   10.073
            0.406333  0.450911  0.000000
  -15.477  -14.474  -10.343   -3.329   -0.360    8.739    9.711   10.076
            0.406167  0.451199  0.000000
  -15.475  -14.472  -10.349   -3.327   -0.362    8.748    9.708   10.078
            0.406000  0.451488  0.000000
  -15.473  -14.470  -10.355   -3.324   -0.363    8.757    9.705   10.080
            0.405833  0.451777  0.000000
  -15.471  -14.469  -10.361   -3.321   -0.365    8.766    9.702   10.083
            0.405667  0.452065  0.000000
  -15.469  -14.467  -10.368   -3.319   -0.367    8.775    9.699   10.085
            0.405500  0.452354  0.000000
  -15.468  -14.466  -10.374   -3.316   -0.368    8.784    9.696   10.087
            0.405333  0.452643  0.000000
  -15.466  -14.464  -10.380   -3.313   -0.370    8.793    9.694   10.090
            0.405167  0.452931  0.000000
  -15.464  -14.462  -10.386   -3.310   -0.371    8.802    9.691   10.092
            0.405000  0.453220  0.000000
  -15.462  -14.461  -10.392   -3.308   -0.373    8.811    9.688   10.095
            0.404833  0.453509  0.000000
  -15.460  -14.459  -10.398   -3.305   -0.375    8.820    9.685   10.097
            0.404667  0.453797  0.000000
  -15.458  -14.458  -10.404   -3.302   -0.376    8.829    9.682   10.099
            0.404500  0.454086  0.000000
  -15.456  -14.456  -10.410   -3.300   -0.378    8.838    9.679   10.102
            0.404333  0.454375  0.000000
  -15.454  -14.454  -10.417   -3.297   -0.380    8.847    9.676   10.104
            0.404167  0.454663  0.000000
  -15.452  -14.453  -10.423   -3.294   -0.381    8.856    9.673   10.107
            0.404000  0.454952  0.000000
  -15.450  -14.451  -10.429   -3.291   -0.383    8.865    9.670   10.109
            0.403833  0.455241  0.000000
  -15.448  -14.450  -10.435   -3.289   -0.385    8.874    9.668   10.111
            0.403667  0.455529  0.000000
  -15.446  -14.448  -10.441   -3.286   -0.386    8.883    9.665   10.114
            0.403500  0.455818  0.000000
  -15.444  -14.446  -10.447   -3.283   -0.388    8.892    9.662   10.116
            0.403333  0.456107  0.000000
  -15.442  -14.445  -10.453   -3.280   -0.390    8.901    9.659   10.119
            0.403167  0.456395  0.000000
  -15.441  -14.443  -10.459   -3.278   -0.391    8.910    9.656   10.121
            0.403000  0.456684  0.000000
  -15.439  -14.442  -10.466   -3.275   -0.393    8.919    9.653   10.123
            0.402833  0.456973  0.000000
  -15.437  -14.440  -10.472   -3.272   -0.395    8.928    9.650   10.126
            0.402667  0.457261  0.000000
  -15.435  -14.438  -10.478   -3.269   -0.397    8.937    9.647   10.128
            0.402500  0.457550  0.000000
  -15.433  -14.437  -10.484   -3.267   -0.398    8.946    9.644   10.131
            0.402333  0.457839  0.000000
  -15.431  -14.435  -10.490   -3.264   -0.400    8.955    9.641   10.133
            0.402167  0.458127  0.000000
  -15.429  -14.434  -10.496   -3.261   -0.402    8.964    9.638   10.136
            0.402000  0.458416  0.000000
  -15.427  -14.432  -10.502   -3.258   -0.404    8.973    9.636   10.138
            0.401833  0.458705  0.000000
  -15.425  -14.430  -10.509   -3.256   -0.405    8.982    9.633   10.140
            0.401667  0.458993  0.000000
  -15.423  -14.429  -10.515   -3.253   -0.407    8.991    9.630   10.143
            0.401500  0.459282  0.000000
  -15.421  -14.427  -10.521   -3.250   -0.409    9.000    9.627   10.145
            0.401333  0.459571  0.000000
  -15.419  -14.426  -10.527   -3.247   -0.411    9.009    9.624   10.148
            0.401167  0.459859  0.000000
  -15.417  -14.424  -10.533   -3.244   -0.412    9.018    9.621   10.150
            0.401000  0.460148  0.000000
  -15.415  -14.422  -10.539   -3.241   -0.414    9.027    9.618   10.153
            0.400833  0.460437  0.000000
  -15.413  -14.421  -10.545   -3.239   -0.416    9.036    9.615   10.155
            0.400667  0.460726  0.000000
  -15.411  -14.419  -10.552   -3.236   -0.418    9.045    9.612   10.157
            0.400500  0.461014  0.000000
  -15.409  -14.418  -10.558   -3.233   -0.420    9.054    9.609   10.160
            0.400333  0.461303  0.000000
  -15.407  -14.416  -10.564   -3.230   -0.421    9.063    9.606   10.162
            0.400167  0.461592  0.000000
  -15.405  -14.414  -10.570   -3.227   -0.423    9.072    9.603   10.165
            0.400000  0.461880  0.000000
  -15.403  -14.413  -10.576   -3.224   -0.425    9.081    9.600   10.167
            0.399833  0.462169  0.000000
  -15.401  -14.411  -10.582   -3.222   -0.427    9.090    9.597   10.170
            0.399667  0.462458  0.000000
  -15.399  -14.410  -10.588   -3.219   -0.429    9.099    9.595   10.172
            0.399500  0.462746  0.000000
  -15.397  -14.408  -10.595   -3.216   -0.431    9.108    9.592   10.175
            0.399333  0.463035  0.000000
  -15.395  -14.406  -10.601   -3.213   -0.432    9.117    9.589   10.177
            0.399167  0.463324  0.000000
  -15.393  -14.405  -10.607   -3.210   -0.434    9.126    9.586   10.180
            0.399000  0.463612  0.000000
  -15.391  -14.403  -10.613   -3.207   -0.436    9.135    9.583   10.182
            0.398833  0.463901  0.000000
  -15.389  -14.401  -10.619   -3.204   -0.438    9.144    9.580   10.185
            0.398667  0.464190  0.000000
  -15.387  -14.400  -10.625   -3.202   -0.440    9.153    9.577   10.187
            0.398500  0.464478  0.000000
  -15.384  -14.398  -10.631   -3.199   -0.442    9.162    9.574   10.190
            0.398333  0.464767  0.000000
  -15.382  -14.397  -10.638   -3.196   -0.444    9.171    9.571   10.192
            0.398167  0.465056  0.000000
  -15.380  -14.395  -10.644   -3.193   -0.446    9.180    9.568   10.195
            0.398000  0.465344  0.000000
  -15.378  -14.393  -10.650   -3.190   -0.447    9.189    9.565   10.197
            0.397833  0.465633  0.000000
  -15.376  -14.392  -10.656   -3.187   -0.449    9.198    9.562   10.200
            0.397667  0.465922  0.000000
  -15.374  -14.390  -10.662   -3.184   -0.451    9.207    9.559   10.202
            0.397500  0.466210  0.000000
  -15.372  -14.389  -10.668   -3.181   -0.453    9.216    9.556   10.205
            0.397333  0.466499  0.000000
  -15.370  -14.387  -10.674   -3.178   -0.455    9.226    9.554   10.207
            0.397167  0.466788  0.000000
  -15.368  -14.385  -10.681   -3.175   -0.457    9.235    9.551   10.210
            0.397000  0.467076  0.000000
  -15.366  -14.384  -10.687   -3.173   -0.459    9.244    9.548   10.212
            0.396833  0.467365  0.000000
  -15.364  -14.382  -10.693   -3.170   -0.461    9.253    9.545   10.215
            0.396667  0.467654  0.000000
  -15.362  -14.380  -10.699   -3.167   -0.463    9.262    9.542   10.217
            0.396500  0.467942  0.000000
  -15.360  -14.379  -10.705   -3.164   -0.465    9.271    9.539   10.220
            0.396333  0.468231  0.000000
  -15.358  -14.377  -10.711   -3.161   -0.467    9.280    9.536   10.222
            0.396167  0.468520  0.000000
  -15.355  -14.376  -10.717   -3.158   -0.469    9.289    9.533   10.225
            0.396000  0.468808  0.000000
  -15.353  -14.374  -10.723   -3.155   -0.471    9.298    9.530   10.227
            0.395833  0.469097  0.000000
  -15.351  -14.372  -10.730   -3.152   -0.473    9.307    9.527   10.230
            0.395667  0.469386  0.000000
  -15.349  -14.371  -10.736   -3.149   -0.475    9.316    9.524   10.232
            0.395500  0.469674  0.000000
  -15.347  -14.369  -10.742   -3.146   -0.477    9.325    9.521   10.235
            0.395333  0.469963  0.000000
  -15.345  -14.368  -10.748   -3.143   -0.479    9.334    9.518   10.237
            0.395167  0.470252  0.000000
  -15.343  -14.366  -10.754   -3.140   -0.481    9.343    9.515   10.240
            0.395000  0.470540  0.000000
  -15.341  -14.364  -10.760   -3.137   -0.483    9.352    9.513   10.242
            0.394833  0.470829  0.000000
  -15.339  -14.363  -10.766   -3.134   -0.485    9.361    9.510   10.245
            0.394667  0.471118  0.000000
  -15.337  -14.361  -10.772   -3.131   -0.487    9.370    9.507   10.247
            0.394500  0.471406  0.000000
  -15.334  -14.359  -10.779   -3.128   -0.489    9.379    9.504   10.250
            0.394333  0.471695  0.000000
  -15.332  -14.358  -10.785   -3.125   -0.491    9.388    9.501   10.253
            0.394167  0.471984  0.000000
  -15.330  -14.356  -10.791   -3.122   -0.493    9.397    9.498   10.255
            0.394000  0.472273  0.000000
  -15.328  -14.355  -10.797   -3.119   -0.495    9.406    9.495   10.258
            0.393833  0.472561  0.000000
  -15.326  -14.353  -10.803   -3.116   -0.497    9.414    9.492   10.260
            0.393667  0.472850  0.000000
  -15.324  -14.351  -10.809   -3.113   -0.499    9.423    9.489   10.263
            0.393500  0.473139  0.000000
  -15.322  -14.350  -10.815   -3.110   -0.501    9.432    9.486   10.265
            0.393333  0.473427  0.000000
  -15.319  -14.348  -10.821   -3.107   -0.503    9.441    9.483   10.268
            0.393167  0.473716  0.000000
  -15.317  -14.347  -10.827   -3.104   -0.505    9.450    9.481   10.270
            0.393000  0.474005  0.000000
  -15.315  -14.345  -10.834   -3.101   -0.508    9.459    9.478   10.273
            0.392833  0.474293  0.000000
  -15.313  -14.343  -10.840   -3.098   -0.510    9.468    9.475   10.275
            0.392667  0.474582  0.000000
  -15.311  -14.342  -10.846   -3.095   -0.512    9.472    9.477   10.278
            0.392500  0.474871  0.000000
  -15.309  -14.340  -10.852   -3.092   -0.514    9.469    9.486   10.281
            0.392333  0.475159  0.000000
  -15.306  -14.339  -10.858   -3.089   -0.516    9.466    9.495   10.283
            0.392167  0.475448  0.000000
  -15.304  -14.337  -10.864   -3.086   -0.518    9.463    9.504   10.286
            0.392000  0.475737  0.000000
  -15.302  -14.335  -10.870   -3.083   -0.520    9.460    9.513   10.288
            0.391833  0.476025  0.000000
  -15.300  -14.334  -10.876   -3.080   -0.522    9.457    9.522   10.291
            0.391667  0.476314  0.000000
  -15.298  -14.332  -10.882   -3.076   -0.525    9.455    9.531   10.293
            0.391500  0.476603  0.000000
  -15.296  -14.330  -10.888   -3.073   -0.527    9.452    9.540   10.296
            0.391333  0.476891  0.000000
  -15.293  -14.329  -10.895   -3.070   -0.529    9.449    9.549   10.299
            0.391167  0.477180  0.000000
  -15.291  -14.327  -10.901   -3.067   -0.531    9.446    9.557   10.301
            0.391000  0.477469  0.000000
  -15.289  -14.326  -10.907   -3.064   -0.533    9.443    9.566   10.304
            0.390833  0.477757  0.000000
  -15.287  -14.324  -10.913   -3.061   -0.535    9.440    9.575   10.306
            0.390667  0.478046  0.000000
  -15.285  -14.322  -10.919   -3.058   -0.538    9.437    9.584   10.309
            0.390500  0.478335  0.000000
  -15.282  -14.321  -10.925   -3.055   -0.540    9.434    9.593   10.312
            0.390333  0.478623  0.000000
  -15.280  -14.319  -10.931   -3.052   -0.542    9.432    9.602   10.314
            0.390167  0.478912  0.000000
  -15.278  -14.318  -10.937   -3.049   -0.544    9.429    9.611   10.317
            0.390000  0.479201  0.000000
  -15.276  -14.316  -10.943   -3.045   -0.547    9.426    9.620   10.319
            0.389833  0.479489  0.000000
  -15.274  -14.315  -10.949   -3.042   -0.549    9.423    9.628   10.322
            0.389667  0.479778  0.000000
  -15.271  -14.313  -10.955   -3.039   -0.551    9.420    9.637   10.325
            0.389500  0.480067  0.000000
  -15.269  -14.311  -10.961   -3.036   -0.553    9.417    9.646   10.327
            0.389333  0.480355  0.000000
  -15.267  -14.310  -10.967   -3.033   -0.555    9.415    9.655   10.330
            0.389167  0.480644  0.000000
  -15.265  -14.308  -10.973   -3.030   -0.558    9.412    9.664   10.332
            0.389000  0.480933  0.000000
  -15.262  -14.307  -10.979   -3.027   -0.560    9.409    9.673   10.335
            0.388833  0.481221  0.000000
  -15.260  -14.305  -10.986   -3.023   -0.562    9.406    9.681   10.338
            0.388667  0.481510  0.000000
  -15.258  -14.303  -10.992   -3.020   -0.565    9.403    9.690   10.340
            0.388500  0.481799  0.000000
  -15.256  -14.302  -10.998   -3.017   -0.567    9.400    9.699   10.343
            0.388333  0.482087  0.000000
  -15.253  -14.300  -11.004   -3.014   -0.569    9.398    9.708   10.345
            0.388167  0.482376  0.000000
  -15.251  -14.299  -11.010   -3.011   -0.571    9.395    9.716   10.348
            0.388000  0.482665  0.000000
  -15.249  -14.297  -11.016   -3.008   -0.574    9.392    9.725   10.351
            0.387833  0.482954  0.000000
  -15.247  -14.296  -11.022   -3.004   -0.576    9.389    9.734   10.353
            0.387667  0.483242  0.000000
  -15.244  -14.294  -11.028   -3.001   -0.578    9.386    9.743   10.356
            0.387500  0.483531  0.000000
  -15.242  -14.292  -11.034   -2.998   -0.581    9.384    9.751   10.358
            0.387333  0.483820  0.000000
  -15.240  -14.291  -11.040   -2.995   -0.583    9.381    9.760   10.361
            0.387167  0.484108  0.000000
  -15.238  -14.289  -11.046   -2.992   -0.585    9.378    9.769   10.364
            0.387000  0.484397  0.000000
  -15.235  -14.288  -11.052   -2.989   -0.588    9.375    9.778   10.366
            0.386833  0.484686  0.000000
  -15.233  -14.286  -11.058   -2.985   -0.590    9.372    9.786   10.369
            0.386667  0.484974  0.000000
  -15.231  -14.285  -11.064   -2.982   -0.592    9.370    9.795   10.372
            0.386500  0.485263  0.000000
  -15.228  -14.283  -11.070   -2.979   -0.595    9.367    9.804   10.374
            0.386333  0.485552  0.000000
  -15.226  -14.281  -11.076   -2.976   -0.597    9.364    9.812   10.377
            0.386167  0.485840  0.000000
  -15.224  -14.280  -11.082   -2.972   -0.600    9.361    9.821   10.379
            0.386000  0.486129  0.000000
  -15.222  -14.278  -11.088   -2.969   -0.602    9.359    9.830   10.382
            0.385833  0.486418  0.000000
  -15.219  -14.277  -11.094   -2.966   -0.604    9.356    9.838   10.385
            0.385667  0.486706  0.000000
  -15.217  -14.275  -11.100   -2.963   -0.607    9.353    9.847   10.387
            0.385500  0.486995  0.000000
  -15.215  -14.274  -11.106   -2.959   -0.609    9.350    9.856   10.390
            0.385333  0.487284  0.000000
  -15.212  -14.272  -11.112   -2.956   -0.612    9.348    9.864   10.393
            0.385167  0.487572  0.000000
  -15.210  -14.271  -11.118   -2.953   -0.614    9.345    9.873   10.395
            0.385000  0.487861  0.000000
  -15.208  -14.269  -11.124   -2.950   -0.616    9.342    9.881   10.398
            0.384833  0.488150  0.000000
  -15.205  -14.268  -11.130   -2.946   -0.619    9.340    9.890   10.401
            0.384667  0.488438  0.000000
  -15.203  -14.266  -11.135   -2.943   -0.621    9.337    9.898   10.403
            0.384500  0.488727  0.000000
  -15.201  -14.265  -11.141   -2.940   -0.624    9.334    9.907   10.406
            0.384333  0.489016  0.000000
  -15.198  -14.263  -11.147   -2.937   -0.626    9.331    9.915   10.409
            0.384167  0.489304  0.000000
  -15.196  -14.261  -11.153   -2.933   -0.629    9.329    9.924   10.411
            0.384000  0.489593  0.000000
  -15.194  -14.260  -11.159   -2.930   -0.631    9.326    9.933   10.414
            0.383833  0.489882  0.000000
  -15.191  -14.258  -11.165   -2.927   -0.634    9.323    9.941   10.416
            0.383667  0.490170  0.000000
  -15.189  -14.257  -11.171   -2.923   -0.636    9.321    9.949   10.419
            0.383500  0.490459  0.000000
  -15.187  -14.255  -11.177   -2.920   -0.639    9.318    9.958   10.422
            0.383333  0.490748  0.000000
  -15.184  -14.254  -11.183   -2.917   -0.641    9.315    9.966   10.424
            0.383167  0.491036  0.000000
  -15.182  -14.252  -11.189   -2.914   -0.644    9.313    9.975   10.427
            0.383000  0.491325  0.000000
  -15.180  -14.251  -11.195   -2.910   -0.646    9.310    9.983   10.430
            0.382833  0.491614  0.000000
  -15.177  -14.249  -11.201   -2.907   -0.649    9.307    9.992   10.432
            0.382667  0.491902  0.000000
  -15.175  -14.248  -11.207   -2.904   -0.651    9.305   10.000   10.435
            0.382500  0.492191  0.000000
  -15.173  -14.246  -11.212   -2.900   -0.654    9.302   10.008   10.438
            0.382333  0.492480  0.000000
  -15.170  -14.245  -11.218   -2.897   -0.656    9.299   10.017   10.440
            0.382167  0.492768  0.000000
  -15.168  -14.243  -11.224   -2.894   -0.659    9.297   10.025   10.443
            0.382000  0.493057  0.000000
  -15.165  -14.242  -11.230   -2.890   -0.662    9.294   10.033   10.446
            0.381833  0.493346  0.000000
  -15.163  -14.240  -11.236   -2.887   -0.664    9.291   10.042   10.448
            0.381667  0.493634  0.000000
  -15.161  -14.239  -11.242   -2.884   -0.667    9.289   10.050   10.451
            0.381500  0.493923  0.000000
  -15.158  -14.237  -11.248   -2.880   -0.669    9.286   10.058   10.454
            0.381333  0.494212  0.000000
  -15.156  -14.236  -11.253   -2.877   -0.672    9.284   10.067   10.456
            0.381167  0.494501  0.000000
  -15.154  -14.235  -11.259   -2.874   -0.674    9.281   10.075   10.459
            0.381000  0.494789  0.000000
  -15.151  -14.233  -11.265   -2.870   -0.677    9.278   10.083   10.462
            0.380833  0.495078  0.000000
  -15.149  -14.232  -11.271   -2.867   -0.680    9.276   10.091   10.464
            0.380667  0.495367  0.000000
  -15.146  -14.230  -11.277   -2.863   -0.682    9.273   10.099   10.467
            0.380500  0.495655  0.000000
  -15.144  -14.229  -11.283   -2.860   -0.685    9.271   10.108   10.470
            0.380333  0.495944  0.000000
  -15.142  -14.227  -11.288   -2.857   -0.688    9.268   10.116   10.472
            0.380167  0.496233  0.000000
  -15.139  -14.226  -11.294   -2.853   -0.690    9.266   10.124   10.475
            0.380000  0.496521  0.000000
  -15.137  -14.224  -11.300   -2.850   -0.693    9.263   10.132   10.478
            0.379833  0.496810  0.000000
  -15.134  -14.223  -11.306   -2.846   -0.696    9.260   10.140   10.480
            0.379667  0.497099  0.000000
  -15.132  -14.222  -11.312   -2.843   -0.698    9.258   10.148   10.483
            0.379500  0.497387  0.000000
  -15.129  -14.220  -11.317   -2.840   -0.701    9.255   10.156   10.486
            0.379333  0.497676  0.000000
  -15.127  -14.219  -11.323   -2.836   -0.704    9.253   10.164   10.488
            0.379167  0.497965  0.000000
  -15.125  -14.217  -11.329   -2.833   -0.706    9.250   10.172   10.491
            0.379000  0.498253  0.000000
  -15.122  -14.216  -11.335   -2.829   -0.709    9.248   10.180   10.494
            0.378833  0.498542  0.000000
  -15.120  -14.214  -11.340   -2.826   -0.712    9.245   10.188   10.496
            0.378667  0.498831  0.000000
  -15.117  -14.213  -11.346   -2.823   -0.714    9.243   10.196   10.499
            0.378500  0.499119  0.000000
  -15.115  -14.212  -11.352   -2.819   -0.717    9.240   10.204   10.502
            0.378333  0.499408  0.000000
  -15.112  -14.210  -11.358   -2.816   -0.720    9.238   10.212   10.504
            0.378167  0.499697  0.000000
  -15.110  -14.209  -11.363   -2.812   -0.723    9.235   10.220   10.507
            0.378000  0.499985  0.000000
  -15.107  -14.207  -11.369   -2.809   -0.725    9.233   10.228   10.510
            0.377833  0.500274  0.000000
  -15.105  -14.206  -11.375   -2.805   -0.728    9.230   10.235   10.512
            0.377667  0.500563  0.000000
  -15.103  -14.205  -11.381   -2.802   -0.731    9.228   10.243   10.515
            0.377500  0.500851  0.000000
  -15.100  -14.203  -11.386   -2.798   -0.734    9.225   10.251   10.518
            0.377333  0.501140  0.000000
  -15.098  -14.202  -11.392   -2.795   -0.736    9.223   10.259   10.520
            0.377167  0.501429  0.000000
  -15.095  -14.201  -11.398   -2.791   -0.739    9.221   10.266   10.523
            0.377000  0.501717  0.000000
  -15.093  -14.199  -11.403   -2.788   -0.742    9.218   10.274   10.526
            0.376833  0.502006  0.000000
  -15.090  -14.198  -11.409   -2.785   -0.745    9.216   10.282   10.528
            0.376667  0.502295  0.000000
  -15.088  -14.197  -11.415   -2.781   -0.748    9.213   10.289   10.531
            0.376500  0.502583  0.000000
  -15.085  -14.195  -11.420   -2.778   -0.750    9.211   10.297   10.534
            0.376333  0.502872  0.000000
  -15.083  -14.194  -11.426   -2.774   -0.753    9.208   10.305   10.537
            0.376167  0.503161  0.000000
  -15.080  -14.193  -11.431   -2.771   -0.756    9.206   10.312   10.539
            0.376000  0.503449  0.000000
  -15.078  -14.191  -11.437   -2.767   -0.759    9.204   10.320   10.542
            0.375833  0.503738  0.000000
  -15.075  -14.190  -11.443   -2.764   -0.762    9.201   10.327   10.545
            0.375667  0.504027  0.000000
  -15.073  -14.189  -11.448   -2.760   -0.765    9.199   10.335   10.547
            0.375500  0.504315  0.000000
  -15.070  -14.187  -11.454   -2.757   -0.767    9.197   10.342   10.550
            0.375333  0.504604  0.000000
  -15.068  -14.186  -11.460   -2.753   -0.770    9.194   10.350   10.553
            0.375167  0.504893  0.000000
  -15.065  -14.185  -11.465   -2.749   -0.773    9.192   10.357   10.555
            0.375000  0.505181  0.000000
  -15.063  -14.183  -11.471   -2.746   -0.776    9.189   10.364   10.558
            0.374833  0.505470  0.000000
  -15.060  -14.182  -11.476   -2.742   -0.779    9.187   10.372   10.561
            0.374667  0.505759  0.000000
  -15.058  -14.181  -11.482   -2.739   -0.782    9.185   10.379   10.563
            0.374500  0.506048  0.000000
  -15.055  -14.180  -11.487   -2.735   -0.785    9.182   10.386   10.566
            0.374333  0.506336  0.000000
  -15.053  -14.178  -11.493   -2.732   -0.788    9.180   10.394   10.569
            0.374167  0.506625  0.000000
  -15.050  -14.177  -11.498   -2.728   -0.790    9.178   10.401   10.571
            0.374000  0.506914  0.000000
  -15.048  -14.176  -11.504   -2.725   -0.793    9.176   10.408   10.574
            0.373833  0.507202  0.000000
  -15.045  -14.175  -11.509   -2.721   -0.796    9.173   10.415   10.577
            0.373667  0.507491  0.000000
  -15.042  -14.173  -11.515   -2.718   -0.799    9.171   10.422   10.579
            0.373500  0.507780  0.000000
  -15.040  -14.172  -11.520   -2.714   -0.802    9.169   10.429   10.582
            0.373333  0.508068  0.000000
  -15.037  -14.171  -11.526   -2.710   -0.805    9.166   10.436   10.585
            0.373167  0.508357  0.000000
  -15.035  -14.170  -11.531   -2.707   -0.808    9.164   10.443   10.587
            0.373000  0.508646  0.000000
  -15.032  -14.169  -11.537   -2.703   -0.811    9.162   10.450   10.590
            0.372833  0.508934  0.000000
  -15.030  -14.167  -11.542   -2.700   -0.814    9.160   10.457   10.593
            0.372667  0.509223  0.000000
  -15.027  -14.166  -11.548   -2.696   -0.817    9.157   10.464   10.595
            0.372500  0.509512  0.000000
  -15.025  -14.165  -11.553   -2.692   -0.820    9.155   10.471   10.598
            0.372333  0.509800  0.000000
  -15.022  -14.164  -11.559   -2.689   -0.823    9.153   10.478   10.601
            0.372167  0.510089  0.000000
  -15.019  -14.163  -11.564   -2.685   -0.826    9.151   10.485   10.604
            0.372000  0.510378  0.000000
  -15.017  -14.161  -11.569   -2.682   -0.829    9.149   10.491   10.606
            0.371833  0.510666  0.000000
  -15.014  -14.160  -11.575   -2.678   -0.832    9.146   10.498   10.609
            0.371667  0.510955  0.000000
  -15.012  -14.159  -11.580   -2.674   -0.835    9.144   10.505   10.612
            0.371500  0.511244  0.000000
  -15.009  -14.158  -11.585   -2.671   -0.838    9.142   10.511   10.614
            0.371333  0.511532  0.000000
  -15.007  -14.157  -11.591   -2.667   -0.841    9.140   10.518   10.617
            0.371167  0.511821  0.000000
  -15.004  -14.156  -11.596   -2.663   -0.844    9.138   10.525   10.620
            0.371000  0.512110  0.000000
  -15.001  -14.155  -11.602   -2.660   -0.847    9.135   10.531   10.622
            0.370833  0.512398  0.000000
  -14.999  -14.154  -11.607   -2.656   -0.850    9.133   10.538   10.625
            0.370667  0.512687  0.000000
  -14.996  -14.152  -11.612   -2.653   -0.853    9.131   10.544   10.628
            0.370500  0.512976  0.000000
  -14.994  -14.151  -11.617   -2.649   -0.856    9.129   10.551   10.630
            0.370333  0.513264  0.000000
  -14.991  -14.150  -11.623   -2.645   -0.860    9.127   10.557   10.633
            0.370167  0.513553  0.000000
  -14.988  -14.149  -11.628   -2.642   -0.863    9.125   10.563   10.636
            0.370000  0.513842  0.000000
  -14.986  -14.148  -11.633   -2.638   -0.866    9.123   10.570   10.638
            0.369833  0.514130  0.000000
  -14.983  -14.147  -11.639   -2.634   -0.869    9.121   10.576   10.641
            0.369667  0.514419  0.000000
  -14.980  -14.146  -11.644   -2.631   -0.872    9.119   10.582   10.644
            0.369500  0.514708  0.000000
  -14.978  -14.145  -11.649   -2.627   -0.875    9.116   10.588   10.646
            0.369333  0.514996  0.000000
  -14.975  -14.144  -11.654   -2.623   -0.878    9.114   10.594   10.649
            0.369167  0.515285  0.000000
  -14.973  -14.143  -11.659   -2.620   -0.881    9.112   10.601   10.652
            0.369000  0.515574  0.000000
  -14.970  -14.142  -11.665   -2.616   -0.884    9.110   10.607   10.654
            0.368833  0.515862  0.000000
  -14.967  -14.141  -11.670   -2.612   -0.888    9.108   10.613   10.657
            0.368667  0.516151  0.000000
  -14.965  -14.140  -11.675   -2.608   -0.891    9.106   10.619   10.660
            0.368500  0.516440  0.000000
  -14.962  -14.139  -11.680   -2.605   -0.894    9.104   10.625   10.662
            0.368333  0.516728  0.000000
  -14.959  -14.138  -11.685   -2.601   -0.897    9.102   10.630   10.665
            0.368167  0.517017  0.000000
  -14.957  -14.137  -11.690   -2.597   -0.900    9.100   10.636   10.668
            0.368000  0.517306  0.000000
  -14.954  -14.136  -11.695   -2.594   -0.904    9.098   10.642   10.670
            0.367833  0.517595  0.000000
  -14.951  -14.135  -11.701   -2.590   -0.907    9.096   10.648   10.673
            0.367667  0.517883  0.000000
  -14.949  -14.134  -11.706   -2.586   -0.910    9.094   10.654   10.676
            0.367500  0.518172  0.000000
  -14.946  -14.133  -11.711   -2.582   -0.913    9.092   10.659   10.678
            0.367333  0.518461  0.000000
  -14.943  -14.132  -11.716   -2.579   -0.916    9.090   10.665   10.681
            0.367167  0.518749  0.000000
  -14.941  -14.131  -11.721   -2.575   -0.920    9.088   10.671   10.683
            0.367000  0.519038  0.000000
  -14.938  -14.131  -11.726   -2.571   -0.923    9.086   10.676   10.686
            0.366833  0.519327  0.000000
  -14.935  -14.130  -11.731   -2.567   -0.926    9.084   10.682   10.689
            0.366667  0.519615  0.000000
  -14.933  -14.129  -11.736   -2.564   -0.929    9.082   10.687   10.691
            0.366500  0.519904  0.000000
  -14.930  -14.128  -11.741   -2.560   -0.933    9.080   10.693   10.694
            0.366333  0.520193  0.000000
  -14.927  -14.127  -11.746   -2.556   -0.936    9.079   10.697   10.698
            0.366167  0.520481  0.000000
  -14.925  -14.126  -11.751   -2.552   -0.939    9.077   10.699   10.704
            0.366000  0.520770  0.000000
  -14.922  -14.125  -11.756   -2.549   -0.942    9.075   10.702   10.709
            0.365833  0.521059  0.000000
  -14.919  -14.125  -11.761   -2.545   -0.946    9.073   10.705   10.714
            0.365667  0.521347  0.000000
  -14.917  -14.124  -11.766   -2.541   -0.949    9.071   10.707   10.719
            0.365500  0.521636  0.000000
  -14.914  -14.123  -11.771   -2.537   -0.952    9.069   10.710   10.725
            0.365333  0.521925  0.000000
  -14.911  -14.122  -11.775   -2.533   -0.956    9.067   10.713   10.730
            0.365167  0.522213  0.000000
  -14.908  -14.122  -11.780   -2.530   -0.959    9.065   10.715   10.735
            0.365000  0.522502  0.000000
  -14.906  -14.121  -11.785   -2.526   -0.962    9.064   10.718   10.740
            0.364833  0.522791  0.000000
  -14.903  -14.120  -11.790   -2.522   -0.966    9.062   10.720   10.745
            0.364667  0.523079  0.000000
  -14.900  -14.119  -11.795   -2.518   -0.969    9.060   10.723   10.750
            0.364500  0.523368  0.000000
  -14.898  -14.119  -11.800   -2.514   -0.972    9.058   10.726   10.755
            0.364333  0.523657  0.000000
  -14.895  -14.118  -11.804   -2.511   -0.976    9.056   10.728   10.760
            0.364167  0.523945  0.000000
  -14.892  -14.117  -11.809   -2.507   -0.979    9.055   10.731   10.765
            0.364000  0.524234  0.000000
  -14.889  -14.117  -11.814   -2.503   -0.982    9.053   10.734   10.770
            0.363833  0.524523  0.000000
  -14.887  -14.116  -11.819   -2.499   -0.986    9.051   10.736   10.775
            0.363667  0.524811  0.000000
  -14.884  -14.115  -11.823   -2.495   -0.989    9.049   10.739   10.780
            0.363500  0.525100  0.000000
  -14.881  -14.115  -11.828   -2.491   -0.993    9.047   10.741   10.784
            0.363333  0.525389  0.000000
  -14.878  -14.114  -11.833   -2.488   -0.996    9.046   10.744   10.789
            0.363167  0.525677  0.000000
  -14.876  -14.113  -11.838   -2.484   -0.999    9.044   10.747   10.794
            0.363000  0.525966  0.000000
  -14.873  -14.113  -11.842   -2.480   -1.003    9.042   10.749   10.798
            0.362833  0.526255  0.000000
  -14.870  -14.112  -11.847   -2.476   -1.006    9.041   10.752   10.803
            0.362667  0.526543  0.000000
  -14.867  -14.112  -11.851   -2.472   -1.010    9.039   10.754   10.808
            0.362500  0.526832  0.000000
  -14.865  -14.111  -11.856   -2.468   -1.013    9.037   10.757   10.812
            0.362333  0.527121  0.000000
  -14.862  -14.111  -11.861   -2.464   -1.016    9.035   10.760   10.817
            0.362167  0.527409  0.000000
  -14.859  -14.110  -11.865   -2.461   -1.020    9.034   10.762   10.821
            0.362000  0.527698  0.000000
  -14.856  -14.110  -11.870   -2.457   -1.023    9.032   10.765   10.826
            0.361833  0.527987  0.000000
  -14.854  -14.109  -11.874   -2.453   -1.027    9.030   10.767   10.830
            0.361667  0.528275  0.000000
  -14.851  -14.109  -11.879   -2.449   -1.030    9.029   10.770   10.834
            0.361500  0.528564  0.000000
  -14.848  -14.108  -11.883   -2.445   -1.034    9.027   10.773   10.839
            0.361333  0.528853  0.000000
  -14.845  -14.108  -11.888   -2.441   -1.037    9.025   10.775   10.843
            0.361167  0.529142  0.000000
  -14.842  -14.107  -11.892   -2.437   -1.041    9.024   10.778   10.847
            0.361000  0.529430  0.000000
  -14.840  -14.107  -11.897   -2.433   -1.044    9.022   10.780   10.851
            0.360833  0.529719  0.000000
  -14.837  -14.106  -11.901   -2.429   -1.048    9.021   10.783   10.856
            0.360667  0.530008  0.000000
  -14.834  -14.106  -11.906   -2.425   -1.051    9.019   10.786   10.860
            0.360500  0.530296  0.000000
  -14.831  -14.106  -11.910   -2.422   -1.055    9.017   10.788   10.864
            0.360333  0.530585  0.000000
  -14.828  -14.105  -11.914   -2.418   -1.058    9.016   10.791   10.868
            0.360167  0.530874  0.000000
  -14.826  -14.105  -11.919   -2.414   -1.062    9.014   10.793   10.872
            0.360000  0.531162  0.000000
  -14.823  -14.105  -11.923   -2.410   -1.065    9.013   10.796   10.876
            0.359833  0.531451  0.000000
  -14.820  -14.104  -11.927   -2.406   -1.069    9.011   10.798   10.880
            0.359667  0.531740  0.000000
  -14.817  -14.104  -11.932   -2.402   -1.073    9.010   10.801   10.884
            0.359500  0.532028  0.000000
  -14.814  -14.104  -11.936   -2.398   -1.076    9.008   10.803   10.888
            0.359333  0.532317  0.000000
  -14.812  -14.103  -11.940   -2.394   -1.080    9.007   10.806   10.892
            0.359167  0.532606  0.000000
  -14.809  -14.103  -11.944   -2.390   -1.083    9.005   10.809   10.896
            0.359000  0.532894  0.000000
  -14.806  -14.103  -11.949   -2.386   -1.087    9.004   10.811   10.900
            0.358833  0.533183  0.000000
  -14.803  -14.103  -11.953   -2.382   -1.091    9.002   10.814   10.904
            0.358667  0.533472  0.000000
  -14.800  -14.102  -11.957   -2.378   -1.094    9.001   10.816   10.908
            0.358500  0.533760  0.000000
  -14.797  -14.102  -11.961   -2.374   -1.098    8.999   10.819   10.911
            0.358333  0.534049  0.000000
  -14.794  -14.102  -11.965   -2.370   -1.101    8.998   10.821   10.915
            0.358167  0.534338  0.000000
  -14.792  -14.102  -11.969   -2.366   -1.105    8.996   10.824   10.919
            0.358000  0.534626  0.000000
  -14.789  -14.102  -11.973   -2.362   -1.109    8.995   10.826   10.923
            0.357833  0.534915  0.000000
  -14.786  -14.102  -11.978   -2.358   -1.112    8.993   10.829   10.926
            0.357667  0.535204  0.000000
  -14.783  -14.102  -11.982   -2.354   -1.116    8.992   10.831   10.930
            0.357500  0.535492  0.000000
  -14.780  -14.102  -11.986   -2.350   -1.120    8.991   10.834   10.934
            0.357333  0.535781  0.000000
  -14.777  -14.102  -11.990   -2.346   -1.123    8.989   10.836   10.937
            0.357167  0.536070  0.000000
  -14.774  -14.101  -11.994   -2.342   -1.127    8.988   10.839   10.941
            0.357000  0.536358  0.000000
  -14.772  -14.101  -11.998   -2.338   -1.131    8.986   10.841   10.944
            0.356833  0.536647  0.000000
  -14.769  -14.101  -12.001   -2.334   -1.134    8.985   10.844   10.948
            0.356667  0.536936  0.000000
  -14.766  -14.101  -12.005   -2.330   -1.138    8.984   10.846   10.951
            0.356500  0.537224  0.000000
  -14.763  -14.101  -12.009   -2.326   -1.142    8.982   10.849   10.955
            0.356333  0.537513  0.000000
  -14.760  -14.102  -12.013   -2.322   -1.145    8.981   10.851   10.958
            0.356167  0.537802  0.000000
  -14.757  -14.102  -12.017   -2.318   -1.149    8.980   10.854   10.961
            0.356000  0.538090  0.000000
  -14.754  -14.102  -12.021   -2.314   -1.153    8.978   10.856   10.965
            0.355833  0.538379  0.000000
  -14.751  -14.102  -12.025   -2.310   -1.157    8.977   10.859   10.968
            0.355667  0.538668  0.000000
  -14.749  -14.102  -12.028   -2.306   -1.160    8.976   10.861   10.972
            0.355500  0.538956  0.000000
  -14.746  -14.102  -12.032   -2.302   -1.164    8.974   10.864   10.975
            0.355333  0.539245  0.000000
  -14.743  -14.102  -12.036   -2.298   -1.168    8.973   10.866   10.978
            0.355167  0.539534  0.000000
  -14.740  -14.102  -12.040   -2.294   -1.172    8.972   10.869   10.981
            0.355000  0.539823  0.000000
  -14.737  -14.103  -12.043   -2.290   -1.175    8.971   10.871   10.985
            0.354833  0.540111  0.000000
  -14.734  -14.103  -12.047   -2.286   -1.179    8.969   10.874   10.988
            0.354667  0.540400  0.000000
  -14.731  -14.103  -12.051   -2.282   -1.183    8.968   10.876   10.991
            0.354500  0.540689  0.000000
  -14.728  -14.103  -12.054   -2.277   -1.187    8.967   10.879   10.994
            0.354333  0.540977  0.000000
  -14.725  -14.104  -12.058   -2.273   -1.191    8.966   10.881   10.997
            0.354167  0.541266  0.000000
  -14.722  -14.104  -12.061   -2.269   -1.194    8.964   10.884   11.000
            0.354000  0.541555  0.000000
  -14.719  -14.104  -12.065   -2.265   -1.198    8.963   10.886   11.003
            0.353833  0.541843  0.000000
  -14.716  -14.105  -12.068   -2.261   -1.202    8.962   10.888   11.006
            0.353667  0.542132  0.000000
  -14.713  -14.105  -12.072   -2.257   -1.206    8.961   10.891   11.010
            0.353500  0.542421  0.000000
  -14.711  -14.105  -12.075   -2.253   -1.210    8.960   10.893   11.013
            0.353333  0.542709  0.000000
  -14.708  -14.106  -12.079   -2.249   -1.213    8.958   10.896   11.015
            0.353167  0.542998  0.000000
  -14.705  -14.106  -12.082   -2.245   -1.217    8.957   10.898   11.018
            0.353000  0.543287  0.000000
  -14.702  -14.107  -12.086   -2.241   -1.221    8.956   10.901   11.021
            0.352833  0.543575  0.000000
  -14.699  -14.107  -12.089   -2.236   -1.225    8.955   10.903   11.024
            0.352667  0.543864  0.000000
  -14.696  -14.108  -12.092   -2.232   -1.229    8.954   10.905   11.027
            0.352500  0.544153  0.000000
  -14.693  -14.108  -12.096   -2.228   -1.233    8.953   10.908   11.030
            0.352333  0.544441  0.000000
  -14.690  -14.109  -12.099   -2.224   -1.237    8.952   10.910   11.033
            0.352167  0.544730  0.000000
  -14.687  -14.109  -12.102   -2.220   -1.241    8.951   10.913   11.036
            0.352000  0.545019  0.000000
  -14.684  -14.110  -12.105   -2.216   -1.244    8.950   10.915   11.038
            0.351833  0.545307  0.000000
  -14.681  -14.111  -12.109   -2.212   -1.248    8.948   10.917   11.041
            0.351667  0.545596  0.000000
  -14.678  -14.111  -12.112   -2.207   -1.252    8.947   10.920   11.044
            0.351500  0.545885  0.000000
  -14.675  -14.112  -12.115   -2.203   -1.256    8.946   10.922   11.047
            0.351333  0.546173  0.000000
  -14.672  -14.113  -12.118   -2.199   -1.260    8.945   10.925   11.049
            0.351167  0.546462  0.000000
  -14.669  -14.113  -12.121   -2.195   -1.264    8.944   10.927   11.052
            0.351000  0.546751  0.000000
  -14.666  -14.114  -12.124   -2.191   -1.268    8.943   10.929   11.055
            0.350833  0.547039  0.000000
  -14.663  -14.115  -12.127   -2.187   -1.272    8.942   10.932   11.057
            0.350667  0.547328  0.000000
  -14.660  -14.115  -12.130   -2.182   -1.276    8.941   10.934   11.060
            0.350500  0.547617  0.000000
  -14.657  -14.116  -12.133   -2.178   -1.280    8.940   10.936   11.062
            0.350333  0.547905  0.000000
  -14.654  -14.117  -12.136   -2.174   -1.284    8.939   10.939   11.065
            0.350167  0.548194  0.000000
  -14.651  -14.118  -12.139   -2.170   -1.288    8.938   10.941   11.067
            0.350000  0.548483  0.000000
  -14.648  -14.119  -12.142   -2.166   -1.292    8.937   10.943   11.070
            0.349833  0.548771  0.000000
  -14.645  -14.120  -12.145   -2.161   -1.296    8.936   10.946   11.072
            0.349667  0.549060  0.000000
  -14.642  -14.121  -12.148   -2.157   -1.300    8.935   10.948   11.075
            0.349500  0.549349  0.000000
  -14.639  -14.122  -12.151   -2.153   -1.304    8.935   10.950   11.077
            0.349333  0.549637  0.000000
  -14.636  -14.122  -12.153   -2.149   -1.308    8.934   10.953   11.080
            0.349167  0.549926  0.000000
  -14.633  -14.123  -12.156   -2.145   -1.312    8.933   10.955   11.082
            0.349000  0.550215  0.000000
  -14.630  -14.124  -12.159   -2.140   -1.316    8.932   10.957   11.084
            0.348833  0.550503  0.000000
  -14.627  -14.125  -12.162   -2.136   -1.320    8.931   10.960   11.087
            0.348667  0.550792  0.000000
  -14.624  -14.127  -12.164   -2.132   -1.324    8.930   10.962   11.089
            0.348500  0.551081  0.000000
  -14.621  -14.128  -12.167   -2.128   -1.328    8.929   10.964   11.091
            0.348333  0.551370  0.000000
  -14.618  -14.129  -12.170   -2.123   -1.332    8.928   10.966   11.093
            0.348167  0.551658  0.000000
  -14.615  -14.130  -12.172   -2.119   -1.336    8.927   10.969   11.096
            0.348000  0.551947  0.000000
  -14.612  -14.131  -12.175   -2.115   -1.340    8.927   10.971   11.098
            0.347833  0.552236  0.000000
  -14.609  -14.132  -12.177   -2.111   -1.344    8.926   10.973   11.100
            0.347667  0.552524  0.000000
  -14.606  -14.133  -12.180   -2.106   -1.348    8.925   10.975   11.102
            0.347500  0.552813  0.000000
  -14.602  -14.135  -12.182   -2.102   -1.352    8.924   10.978   11.104
            0.347333  0.553102  0.000000
  -14.599  -14.136  -12.185   -2.098   -1.356    8.923   10.980   11.106
            0.347167  0.553390  0.000000
  -14.596  -14.137  -12.187   -2.094   -1.361    8.923   10.982   11.108
            0.347000  0.553679  0.000000
  -14.593  -14.138  -12.190   -2.089   -1.365    8.922   10.984   11.110
            0.346833  0.553968  0.000000
  -14.590  -14.140  -12.192   -2.085   -1.369    8.921   10.987   11.112
            0.346667  0.554256  0.000000
  -14.587  -14.141  -12.194   -2.081   -1.373    8.920   10.989   11.114
            0.346500  0.554545  0.000000
  -14.584  -14.142  -12.197   -2.076   -1.377    8.919   10.991   11.116
            0.346333  0.554834  0.000000
  -14.581  -14.144  -12.199   -2.072   -1.381    8.919   10.993   11.118
            0.346167  0.555122  0.000000
  -14.578  -14.145  -12.201   -2.068   -1.385    8.918   10.996   11.120
            0.346000  0.555411  0.000000
  -14.575  -14.147  -12.204   -2.064   -1.389    8.917   10.998   11.122
            0.345833  0.555700  0.000000
  -14.572  -14.148  -12.206   -2.059   -1.394    8.917   11.000   11.123
            0.345667  0.555988  0.000000
  -14.569  -14.150  -12.208   -2.055   -1.398    8.916   11.002   11.125
            0.345500  0.556277  0.000000
  -14.566  -14.151  -12.210   -2.051   -1.402    8.915   11.004   11.127
            0.345333  0.556566  0.000000
  -14.562  -14.153  -12.212   -2.046   -1.406    8.914   11.006   11.129
            0.345167  0.556854  0.000000
  -14.559  -14.154  -12.214   -2.042   -1.410    8.914   11.009   11.130
            0.345000  0.557143  0.000000
  -14.556  -14.156  -12.216   -2.038   -1.414    8.913   11.011   11.132
            0.344833  0.557432  0.000000
  -14.553  -14.158  -12.218   -2.033   -1.419    8.912   11.013   11.134
            0.344667  0.557720  0.000000
  -14.550  -14.159  -12.220   -2.029   -1.423    8.912   11.015   11.135
            0.344500  0.558009  0.000000
  -14.547  -14.161  -12.222   -2.025   -1.427    8.911   11.017   11.137
            0.344333  0.558298  0.000000
  -14.544  -14.163  -12.224   -2.020   -1.431    8.911   11.019   11.138
            0.344167  0.558586  0.000000
  -14.541  -14.164  -12.226   -2.016   -1.436    8.910   11.022   11.140
            0.344000  0.558875  0.000000
  -14.537  -14.166  -12.228   -2.012   -1.440    8.909   11.024   11.141
            0.343833  0.559164  0.000000
  -14.534  -14.168  -12.230   -2.007   -1.444    8.909   11.026   11.143
            0.343667  0.559452  0.000000
  -14.531  -14.170  -12.232   -2.003   -1.448    8.908   11.028   11.144
            0.343500  0.559741  0.000000
  -14.528  -14.171  -12.233   -1.998   -1.452    8.908   11.030   11.145
            0.343333  0.560030  0.000000
  -14.525  -14.173  -12.235   -1.994   -1.457    8.907   11.032   11.147
            0.343167  0.560318  0.000000
  -14.522  -14.175  -12.237   -1.990   -1.461    8.907   11.034   11.148
            0.343000  0.560607  0.000000
  -14.519  -14.177  -12.239   -1.985   -1.465    8.906   11.036   11.149
            0.342833  0.560896  0.000000
  -14.516  -14.179  -12.240   -1.981   -1.470    8.905   11.038   11.150
            0.342667  0.561184  0.000000
  -14.512  -14.181  -12.242   -1.977   -1.474    8.905   11.040   11.151
            0.342500  0.561473  0.000000
  -14.509  -14.183  -12.244   -1.972   -1.478    8.904   11.043   11.153
            0.342333  0.561762  0.000000
  -14.506  -14.185  -12.245   -1.968   -1.482    8.904   11.045   11.154
            0.342167  0.562050  0.000000
  -14.503  -14.187  -12.247   -1.963   -1.487    8.903   11.047   11.155
            0.342000  0.562339  0.000000
  -14.500  -14.189  -12.248   -1.959   -1.491    8.903   11.049   11.156
            0.341833  0.562628  0.000000
  -14.497  -14.191  -12.250   -1.954   -1.495    8.902   11.051   11.157
            0.341667  0.562917  0.000000
  -14.493  -14.193  -12.251   -1.950   -1.500    8.902   11.053   11.158
            0.341500  0.563205  0.000000
  -14.490  -14.195  -12.253   -1.946   -1.504    8.902   11.055   11.159
            0.341333  0.563494  0.000000
  -14.487  -14.198  -12.254   -1.941   -1.508    8.901   11.057   11.159
            0.341167  0.563783  0.000000
  -14.484  -14.200  -12.255   -1.937   -1.513    8.901   11.059   11.160
            0.341000  0.564071  0.000000
  -14.481  -14.202  -12.257   -1.932   -1.517    8.900   11.061   11.161
            0.340833  0.564360  0.000000
  -14.477  -14.204  -12.258   -1.928   -1.521    8.900   11.063   11.162
            0.340667  0.564649  0.000000
  -14.474  -14.206  -12.259   -1.923   -1.526    8.899   11.065   11.162
            0.340500  0.564937  0.000000
  -14.471  -14.209  -12.260   -1.919   -1.530    8.899   11.067   11.163
            0.340333  0.565226  0.000000
  -14.468  -14.211  -12.262   -1.915   -1.534    8.899   11.069   11.164
            0.340167  0.565515  0.000000
  -14.465  -14.213  -12.263   -1.910   -1.539    8.898   11.071   11.164
            0.340000  0.565803  0.000000
  -14.461  -14.216  -12.264   -1.906   -1.543    8.898   11.073   11.165
            0.339833  0.566092  0.000000
  -14.458  -14.218  -12.265   -1.901   -1.548    8.897   11.075   11.165
            0.339667  0.566381  0.000000
  -14.455  -14.221  -12.266   -1.897   -1.552    8.897   11.077   11.166
            0.339500  0.566669  0.000000
  -14.452  -14.223  -12.267   -1.892   -1.556    8.897   11.079   11.166
            0.339333  0.566958  0.000000
  -14.449  -14.225  -12.268   -1.888   -1.561    8.896   11.080   11.166
            0.339167  0.567247  0.000000
  -14.445  -14.228  -12.269   -1.883   -1.565    8.896   11.082   11.167
            0.339000  0.567535  0.000000
  -14.442  -14.230  -12.270   -1.879   -1.570    8.896   11.084   11.167
            0.338833  0.567824  0.000000
  -14.439  -14.233  -12.271   -1.874   -1.574    8.895   11.086   11.167
            0.338667  0.568113  0.000000
  -14.436  -14.236  -12.272   -1.870   -1.579    8.895   11.088   11.167
            0.338500  0.568401  0.000000
  -14.432  -14.238  -12.273   -1.865   -1.583    8.895   11.090   11.167
            0.338333  0.568690  0.000000
  -14.429  -14.241  -12.274   -1.861   -1.587    8.895   11.092   11.167
            0.338167  0.568979  0.000000
  -14.426  -14.243  -12.275   -1.856   -1.592    8.894   11.094   11.167
            0.338000  0.569267  0.000000
  -14.423  -14.246  -12.276   -1.852   -1.596    8.894   11.096   11.167
            0.337833  0.569556  0.000000
  -14.419  -14.249  -12.276   -1.847   -1.601    8.894   11.097   11.167
            0.337667  0.569845  0.000000
  -14.416  -14.252  -12.277   -1.843   -1.605    8.894   11.099   11.167
            0.337500  0.570133  0.000000
  -14.413  -14.254  -12.278   -1.838   -1.610    8.893   11.101   11.167
            0.337333  0.570422  0.000000
  -14.410  -14.257  -12.278   -1.834   -1.614    8.893   11.103   11.167
            0.337167  0.570711  0.000000
  -14.406  -14.260  -12.279   -1.829   -1.619    8.893   11.105   11.166
            0.337000  0.570999  0.000000
  -14.403  -14.263  -12.280   -1.825   -1.623    8.893   11.107   11.166
            0.336833  0.571288  0.000000
  -14.400  -14.265  -12.280   -1.820   -1.628    8.893   11.108   11.166
            0.336667  0.571577  0.000000
  -14.397  -14.268  -12.281   -1.816   -1.632    8.892   11.110   11.165
            0.336500  0.571865  0.000000
  -14.393  -14.271  -12.281   -1.811   -1.637    8.892   11.112   11.165
            0.336333  0.572154  0.000000
  -14.390  -14.274  -12.282   -1.806   -1.641    8.892   11.114   11.164
            0.336167  0.572443  0.000000
  -14.387  -14.277  -12.282   -1.802   -1.646    8.892   11.116   11.164
            0.336000  0.572731  0.000000
  -14.384  -14.280  -12.283   -1.797   -1.650    8.892   11.117   11.163
            0.335833  0.573020  0.000000
  -14.380  -14.283  -12.283   -1.793   -1.655    8.892   11.119   11.162
            0.335667  0.573309  0.000000
  -14.377  -14.286  -12.284   -1.788   -1.659    8.891   11.121   11.161
            0.335500  0.573597  0.000000
  -14.374  -14.289  -12.284   -1.784   -1.664    8.891   11.123   11.161
            0.335333  0.573886  0.000000
  -14.370  -14.292  -12.284   -1.779   -1.669    8.891   11.124   11.160
            0.335167  0.574175  0.000000
  -14.367  -14.295  -12.285   -1.774   -1.673    8.891   11.126   11.159
            0.335000  0.574464  0.000000
  -14.364  -14.298  -12.285   -1.770   -1.678    8.891   11.128   11.158
            0.334833  0.574752  0.000000
  -14.360  -14.301  -12.285   -1.765   -1.682    8.891   11.130   11.157
            0.334667  0.575041  0.000000
  -14.357  -14.305  -12.286   -1.761   -1.687    8.891   11.131   11.156
            0.334500  0.575330  0.000000
  -14.354  -14.308  -12.286   -1.756   -1.691    8.891   11.133   11.154
            0.334333  0.575618  0.000000
  -14.350  -14.311  -12.286   -1.751   -1.696    8.891   11.135   11.153
            0.334167  0.575907  0.000000
  -14.347  -14.314  -12.286   -1.747   -1.701    8.891   11.136   11.152
            0.334000  0.576196  0.000000
  -14.344  -14.317  -12.286   -1.742   -1.705    8.891   11.138   11.151
            0.333833  0.576484  0.000000
  -14.341  -14.321  -12.286   -1.738   -1.710    8.891   11.140   11.149
            0.333667  0.576773  0.000000
  -14.337  -14.324  -12.286   -1.733   -1.714    8.891   11.141   11.148
            0.333500  0.577062  0.000000
  -14.334  -14.327  -12.286   -1.728   -1.719    8.891   11.143   11.146
            0.333333  0.577350  0.000000
  -14.331  -14.331  -12.286   -1.724   -1.724    8.891   11.144   11.144
