 &plot nbnd=  16, nks=  1501 /
            0.000000  0.000000  0.000000
  -20.943  -20.943   -9.041   -9.041   -4.487   -4.487   -4.477   -4.477   -1.150   -1.150
    0.787    0.787    3.092    3.092    4.401    4.401
            0.000667  0.001155  0.000000
  -20.943  -20.943   -9.041   -9.041   -4.487   -4.487   -4.478   -4.478   -1.150   -1.150
    0.787    0.787    3.092    3.092    4.401    4.401
            0.001333  0.002309  0.000000
  -20.943  -20.943   -9.041   -9.041   -4.487   -4.487   -4.478   -4.478   -1.150   -1.150
    0.787    0.787    3.092    3.092    4.401    4.401
            0.002000  0.003464  0.000000
  -20.943  -20.943   -9.040   -9.040   -4.488   -4.488   -4.478   -4.478   -1.150   -1.150
    0.787    0.787    3.092    3.092    4.401    4.401
            0.002667  0.004619  0.000000
  -20.943  -20.943   -9.040   -9.040   -4.488   -4.488   -4.479   -4.479   -1.150   -1.150
    0.787    0.787    3.093    3.093    4.401    4.401
            0.003333  0.005774  0.000000
  -20.942  -20.942   -9.040   -9.040   -4.489   -4.489   -4.480   -4.480   -1.149   -1.149
    0.788    0.788    3.093    3.093    4.402    4.402
            0.004000  0.006928  0.000000
  -20.942  -20.942   -9.039   -9.039   -4.490   -4.490   -4.481   -4.481   -1.149   -1.149
    0.788    0.788    3.094    3.094    4.402    4.402
            0.004667  0.008083  0.000000
  -20.942  -20.942   -9.039   -9.039   -4.492   -4.492   -4.482   -4.482   -1.148   -1.148
    0.789    0.789    3.094    3.094    4.403    4.403
            0.005333  0.009238  0.000000
  -20.941  -20.941   -9.038   -9.038   -4.494   -4.494   -4.483   -4.483   -1.148   -1.148
    0.789    0.789    3.095    3.095    4.403    4.403
            0.006000  0.010392  0.000000
  -20.941  -20.941   -9.038   -9.038   -4.495   -4.495   -4.485   -4.485   -1.147   -1.147
    0.790    0.790    3.096    3.096    4.404    4.404
            0.006667  0.011547  0.000000
  -20.940  -20.940   -9.037   -9.037   -4.498   -4.498   -4.487   -4.487   -1.146   -1.146
    0.791    0.791    3.096    3.096    4.405    4.405
            0.007333  0.012702  0.000000
  -20.939  -20.939   -9.036   -9.036   -4.500   -4.500   -4.488   -4.488   -1.145   -1.145
    0.792    0.792    3.097    3.097    4.406    4.406
            0.008000  0.013856  0.000000
  -20.939  -20.939   -9.035   -9.035   -4.503   -4.503   -4.490   -4.490   -1.144   -1.144
    0.793    0.793    3.098    3.098    4.407    4.407
            0.008667  0.015011  0.000000
  -20.938  -20.938   -9.034   -9.034   -4.506   -4.506   -4.492   -4.492   -1.143   -1.143
    0.794    0.794    3.099    3.099    4.408    4.408
            0.009333  0.016166  0.000000
  -20.937  -20.937   -9.033   -9.033   -4.509   -4.509   -4.494   -4.494   -1.142   -1.142
    0.795    0.795    3.100    3.100    4.409    4.409
            0.010000  0.017321  0.000000
  -20.936  -20.936   -9.032   -9.032   -4.513   -4.513   -4.496   -4.496   -1.141   -1.141
    0.796    0.796    3.102    3.102    4.410    4.410
            0.010667  0.018475  0.000000
  -20.935  -20.935   -9.031   -9.031   -4.517   -4.517   -4.499   -4.499   -1.139   -1.139
    0.798    0.798    3.103    3.103    4.412    4.412
            0.011333  0.019630  0.000000
  -20.934  -20.934   -9.030   -9.030   -4.521   -4.521   -4.501   -4.501   -1.138   -1.138
    0.799    0.799    3.104    3.104    4.413    4.413
            0.012000  0.020785  0.000000
  -20.933  -20.933   -9.029   -9.029   -4.526   -4.525   -4.504   -4.504   -1.136   -1.136
    0.801    0.801    3.106    3.106    4.414    4.414
            0.012667  0.021939  0.000000
  -20.932  -20.932   -9.027   -9.027   -4.530   -4.530   -4.506   -4.506   -1.135   -1.135
    0.802    0.802    3.107    3.107    4.416    4.416
            0.013333  0.023094  0.000000
  -20.931  -20.931   -9.026   -9.026   -4.535   -4.535   -4.509   -4.509   -1.133   -1.133
    0.804    0.804    3.109    3.109    4.418    4.418
            0.014000  0.024249  0.000000
  -20.929  -20.929   -9.024   -9.024   -4.540   -4.540   -4.512   -4.512   -1.131   -1.131
    0.806    0.806    3.111    3.111    4.419    4.419
            0.014667  0.025403  0.000000
  -20.928  -20.928   -9.023   -9.023   -4.546   -4.546   -4.515   -4.515   -1.129   -1.129
    0.807    0.807    3.113    3.113    4.421    4.421
            0.015333  0.026558  0.000000
  -20.927  -20.927   -9.021   -9.021   -4.552   -4.552   -4.518   -4.518   -1.127   -1.127
    0.809    0.809    3.115    3.115    4.423    4.423
            0.016000  0.027713  0.000000
  -20.925  -20.925   -9.019   -9.019   -4.558   -4.558   -4.522   -4.522   -1.125   -1.125
    0.811    0.811    3.117    3.117    4.425    4.425
            0.016667  0.028868  0.000000
  -20.924  -20.924   -9.017   -9.017   -4.564   -4.564   -4.525   -4.525   -1.123   -1.123
    0.814    0.814    3.119    3.119    4.427    4.427
            0.017333  0.030022  0.000000
  -20.922  -20.922   -9.015   -9.015   -4.571   -4.571   -4.529   -4.529   -1.121   -1.121
    0.816    0.816    3.121    3.121    4.429    4.429
            0.018000  0.031177  0.000000
  -20.920  -20.920   -9.013   -9.013   -4.577   -4.577   -4.532   -4.532   -1.118   -1.118
    0.818    0.818    3.123    3.123    4.431    4.432
            0.018667  0.032332  0.000000
  -20.919  -20.919   -9.011   -9.011   -4.584   -4.584   -4.536   -4.536   -1.116   -1.116
    0.820    0.820    3.125    3.125    4.434    4.434
            0.019333  0.033486  0.000000
  -20.917  -20.917   -9.009   -9.009   -4.592   -4.592   -4.540   -4.540   -1.114   -1.114
    0.823    0.823    3.128    3.128    4.436    4.436
            0.020000  0.034641  0.000000
  -20.915  -20.915   -9.007   -9.007   -4.599   -4.599   -4.544   -4.544   -1.111   -1.111
    0.825    0.825    3.130    3.130    4.439    4.439
            0.020667  0.035796  0.000000
  -20.913  -20.913   -9.005   -9.005   -4.607   -4.607   -4.548   -4.548   -1.108   -1.108
    0.828    0.828    3.133    3.133    4.441    4.441
            0.021333  0.036950  0.000000
  -20.911  -20.911   -9.002   -9.002   -4.615   -4.615   -4.553   -4.553   -1.106   -1.106
    0.831    0.831    3.136    3.136    4.444    4.444
            0.022000  0.038105  0.000000
  -20.909  -20.909   -9.000   -9.000   -4.623   -4.623   -4.557   -4.557   -1.103   -1.103
    0.834    0.834    3.138    3.138    4.447    4.447
            0.022667  0.039260  0.000000
  -20.907  -20.907   -8.997   -8.997   -4.632   -4.632   -4.562   -4.562   -1.100   -1.100
    0.837    0.837    3.141    3.141    4.449    4.450
            0.023333  0.040415  0.000000
  -20.905  -20.905   -8.995   -8.995   -4.641   -4.641   -4.567   -4.567   -1.097   -1.097
    0.839    0.840    3.144    3.144    4.452    4.452
            0.024000  0.041569  0.000000
  -20.902  -20.902   -8.992   -8.992   -4.650   -4.650   -4.572   -4.572   -1.094   -1.094
    0.843    0.843    3.147    3.147    4.455    4.455
            0.024667  0.042724  0.000000
  -20.900  -20.900   -8.989   -8.989   -4.659   -4.659   -4.577   -4.577   -1.090   -1.090
    0.846    0.846    3.150    3.150    4.458    4.459
            0.025333  0.043879  0.000000
  -20.898  -20.898   -8.986   -8.986   -4.668   -4.668   -4.582   -4.582   -1.087   -1.087
    0.849    0.849    3.154    3.154    4.462    4.462
            0.026000  0.045033  0.000000
  -20.895  -20.895   -8.984   -8.984   -4.678   -4.678   -4.587   -4.587   -1.084   -1.084
    0.852    0.852    3.157    3.157    4.465    4.465
            0.026667  0.046188  0.000000
  -20.893  -20.893   -8.981   -8.981   -4.688   -4.688   -4.593   -4.593   -1.080   -1.080
    0.856    0.856    3.160    3.160    4.468    4.468
            0.027333  0.047343  0.000000
  -20.890  -20.890   -8.978   -8.978   -4.698   -4.698   -4.598   -4.598   -1.077   -1.077
    0.859    0.859    3.164    3.164    4.472    4.472
            0.028000  0.048497  0.000000
  -20.888  -20.888   -8.974   -8.974   -4.708   -4.708   -4.604   -4.604   -1.073   -1.073
    0.863    0.863    3.167    3.167    4.475    4.475
            0.028667  0.049652  0.000000
  -20.885  -20.885   -8.971   -8.971   -4.719   -4.719   -4.610   -4.610   -1.069   -1.069
    0.866    0.867    3.171    3.171    4.479    4.479
            0.029333  0.050807  0.000000
  -20.882  -20.882   -8.968   -8.968   -4.730   -4.730   -4.616   -4.616   -1.065   -1.065
    0.870    0.870    3.174    3.174    4.482    4.482
            0.030000  0.051962  0.000000
  -20.880  -20.880   -8.965   -8.965   -4.741   -4.741   -4.622   -4.622   -1.062   -1.062
    0.874    0.874    3.178    3.178    4.486    4.486
            0.030667  0.053116  0.000000
  -20.877  -20.877   -8.961   -8.961   -4.752   -4.752   -4.628   -4.628   -1.058   -1.058
    0.878    0.878    3.182    3.182    4.490    4.490
            0.031333  0.054271  0.000000
  -20.874  -20.874   -8.958   -8.958   -4.763   -4.763   -4.634   -4.634   -1.054   -1.054
    0.882    0.882    3.186    3.186    4.494    4.494
            0.032000  0.055426  0.000000
  -20.871  -20.871   -8.954   -8.954   -4.775   -4.775   -4.641   -4.641   -1.049   -1.049
    0.886    0.886    3.190    3.190    4.498    4.498
            0.032667  0.056580  0.000000
  -20.868  -20.868   -8.950   -8.950   -4.787   -4.787   -4.647   -4.647   -1.045   -1.045
    0.890    0.890    3.194    3.194    4.502    4.502
            0.033333  0.057735  0.000000
  -20.865  -20.865   -8.947   -8.947   -4.799   -4.799   -4.654   -4.654   -1.041   -1.041
    0.895    0.895    3.198    3.198    4.506    4.506
            0.034000  0.058890  0.000000
  -20.861  -20.861   -8.943   -8.943   -4.811   -4.811   -4.661   -4.661   -1.036   -1.036
    0.899    0.899    3.203    3.203    4.510    4.511
            0.034667  0.060044  0.000000
  -20.858  -20.858   -8.939   -8.939   -4.824   -4.824   -4.668   -4.668   -1.032   -1.032
    0.903    0.904    3.207    3.207    4.515    4.515
            0.035333  0.061199  0.000000
  -20.855  -20.855   -8.935   -8.935   -4.837   -4.837   -4.675   -4.675   -1.027   -1.027
    0.908    0.908    3.212    3.212    4.519    4.519
            0.036000  0.062354  0.000000
  -20.851  -20.851   -8.931   -8.931   -4.849   -4.849   -4.682   -4.682   -1.022   -1.022
    0.913    0.913    3.216    3.216    4.524    4.524
            0.036667  0.063509  0.000000
  -20.848  -20.848   -8.927   -8.927   -4.863   -4.863   -4.690   -4.690   -1.018   -1.018
    0.917    0.917    3.221    3.221    4.528    4.528
            0.037333  0.064663  0.000000
  -20.845  -20.845   -8.923   -8.923   -4.876   -4.876   -4.697   -4.697   -1.013   -1.013
    0.922    0.922    3.226    3.226    4.533    4.533
            0.038000  0.065818  0.000000
  -20.841  -20.841   -8.919   -8.919   -4.889   -4.889   -4.705   -4.705   -1.008   -1.008
    0.927    0.927    3.230    3.230    4.538    4.538
            0.038667  0.066973  0.000000
  -20.837  -20.837   -8.914   -8.914   -4.903   -4.903   -4.713   -4.713   -1.003   -1.003
    0.932    0.932    3.235    3.235    4.543    4.543
            0.039333  0.068127  0.000000
  -20.834  -20.834   -8.910   -8.910   -4.917   -4.917   -4.721   -4.721   -0.998   -0.998
    0.937    0.937    3.240    3.240    4.548    4.548
            0.040000  0.069282  0.000000
  -20.830  -20.830   -8.905   -8.905   -4.931   -4.931   -4.729   -4.729   -0.992   -0.992
    0.942    0.942    3.245    3.245    4.553    4.553
            0.040667  0.070437  0.000000
  -20.826  -20.826   -8.901   -8.901   -4.946   -4.945   -4.737   -4.737   -0.987   -0.987
    0.947    0.948    3.250    3.250    4.558    4.558
            0.041333  0.071591  0.000000
  -20.822  -20.822   -8.896   -8.896   -4.960   -4.960   -4.745   -4.745   -0.982   -0.982
    0.953    0.953    3.256    3.256    4.563    4.563
            0.042000  0.072746  0.000000
  -20.818  -20.818   -8.892   -8.892   -4.975   -4.975   -4.754   -4.754   -0.976   -0.976
    0.958    0.958    3.261    3.261    4.568    4.568
            0.042667  0.073901  0.000000
  -20.814  -20.814   -8.887   -8.887   -4.990   -4.990   -4.762   -4.762   -0.971   -0.971
    0.964    0.964    3.266    3.266    4.574    4.574
            0.043333  0.075056  0.000000
  -20.810  -20.810   -8.882   -8.882   -5.005   -5.005   -4.771   -4.771   -0.965   -0.965
    0.969    0.969    3.272    3.272    4.579    4.579
            0.044000  0.076210  0.000000
  -20.806  -20.806   -8.877   -8.877   -5.020   -5.020   -4.779   -4.779   -0.959   -0.959
    0.975    0.975    3.277    3.277    4.585    4.585
            0.044667  0.077365  0.000000
  -20.802  -20.802   -8.872   -8.872   -5.035   -5.035   -4.788   -4.788   -0.953   -0.953
    0.981    0.981    3.283    3.283    4.590    4.590
            0.045333  0.078520  0.000000
  -20.798  -20.798   -8.867   -8.867   -5.051   -5.051   -4.797   -4.797   -0.947   -0.947
    0.987    0.987    3.289    3.289    4.596    4.596
            0.046000  0.079674  0.000000
  -20.794  -20.794   -8.862   -8.862   -5.066   -5.066   -4.807   -4.807   -0.941   -0.941
    0.992    0.992    3.295    3.295    4.602    4.602
            0.046667  0.080829  0.000000
  -20.789  -20.789   -8.857   -8.857   -5.082   -5.082   -4.816   -4.816   -0.935   -0.935
    0.998    0.999    3.301    3.301    4.607    4.608
            0.047333  0.081984  0.000000
  -20.785  -20.785   -8.851   -8.851   -5.098   -5.098   -4.825   -4.825   -0.929   -0.929
    1.005    1.005    3.307    3.307    4.613    4.614
            0.048000  0.083138  0.000000
  -20.780  -20.780   -8.846   -8.846   -5.115   -5.115   -4.835   -4.835   -0.923   -0.923
    1.011    1.011    3.313    3.313    4.619    4.620
            0.048667  0.084293  0.000000
  -20.776  -20.776   -8.841   -8.841   -5.131   -5.131   -4.844   -4.844   -0.917   -0.917
    1.017    1.017    3.319    3.319    4.626    4.626
            0.049333  0.085448  0.000000
  -20.771  -20.771   -8.835   -8.835   -5.148   -5.148   -4.854   -4.854   -0.910   -0.910
    1.023    1.023    3.325    3.325    4.632    4.632
            0.050000  0.086603  0.000000
  -20.766  -20.766   -8.829   -8.829   -5.164   -5.164   -4.864   -4.864   -0.904   -0.904
    1.030    1.030    3.331    3.331    4.638    4.638
            0.050667  0.087757  0.000000
  -20.762  -20.762   -8.824   -8.824   -5.181   -5.181   -4.874   -4.874   -0.897   -0.897
    1.036    1.036    3.338    3.338    4.644    4.645
            0.051333  0.088912  0.000000
  -20.757  -20.757   -8.818   -8.818   -5.198   -5.198   -4.884   -4.884   -0.890   -0.890
    1.043    1.043    3.344    3.344    4.651    4.651
            0.052000  0.090067  0.000000
  -20.752  -20.752   -8.812   -8.812   -5.216   -5.216   -4.894   -4.894   -0.883   -0.883
    1.050    1.050    3.351    3.351    4.657    4.657
            0.052667  0.091221  0.000000
  -20.747  -20.747   -8.806   -8.806   -5.233   -5.233   -4.905   -4.905   -0.877   -0.877
    1.056    1.057    3.358    3.358    4.664    4.664
            0.053333  0.092376  0.000000
  -20.742  -20.742   -8.800   -8.800   -5.251   -5.251   -4.915   -4.915   -0.870   -0.870
    1.063    1.063    3.364    3.364    4.671    4.671
            0.054000  0.093531  0.000000
  -20.737  -20.737   -8.794   -8.794   -5.268   -5.268   -4.926   -4.926   -0.862   -0.862
    1.070    1.070    3.371    3.371    4.677    4.678
            0.054667  0.094685  0.000000
  -20.732  -20.732   -8.788   -8.788   -5.286   -5.286   -4.936   -4.936   -0.855   -0.855
    1.077    1.077    3.378    3.378    4.684    4.684
            0.055333  0.095840  0.000000
  -20.727  -20.727   -8.782   -8.782   -5.304   -5.304   -4.947   -4.947   -0.848   -0.848
    1.085    1.085    3.385    3.385    4.691    4.691
            0.056000  0.096995  0.000000
  -20.721  -20.721   -8.776   -8.776   -5.322   -5.322   -4.958   -4.958   -0.841   -0.841
    1.092    1.092    3.392    3.392    4.698    4.698
            0.056667  0.098150  0.000000
  -20.716  -20.716   -8.769   -8.769   -5.340   -5.340   -4.969   -4.969   -0.833   -0.833
    1.099    1.099    3.400    3.400    4.705    4.706
            0.057333  0.099304  0.000000
  -20.711  -20.711   -8.763   -8.763   -5.359   -5.359   -4.980   -4.980   -0.826   -0.826
    1.106    1.106    3.407    3.407    4.713    4.713
            0.058000  0.100459  0.000000
  -20.705  -20.705   -8.757   -8.757   -5.377   -5.377   -4.991   -4.991   -0.818   -0.818
    1.114    1.114    3.414    3.414    4.720    4.720
            0.058667  0.101614  0.000000
  -20.700  -20.700   -8.750   -8.750   -5.396   -5.396   -5.003   -5.003   -0.811   -0.811
    1.121    1.122    3.422    3.422    4.727    4.727
            0.059333  0.102768  0.000000
  -20.694  -20.694   -8.743   -8.743   -5.415   -5.415   -5.014   -5.014   -0.803   -0.803
    1.129    1.129    3.429    3.429    4.735    4.735
            0.060000  0.103923  0.000000
  -20.689  -20.689   -8.737   -8.737   -5.434   -5.434   -5.026   -5.026   -0.795   -0.795
    1.137    1.137    3.437    3.437    4.742    4.742
            0.060667  0.105078  0.000000
  -20.683  -20.683   -8.730   -8.730   -5.453   -5.453   -5.038   -5.038   -0.787   -0.787
    1.145    1.145    3.445    3.445    4.750    4.750
            0.061333  0.106232  0.000000
  -20.677  -20.677   -8.723   -8.723   -5.472   -5.472   -5.049   -5.049   -0.779   -0.779
    1.153    1.153    3.452    3.452    4.758    4.758
            0.062000  0.107387  0.000000
  -20.671  -20.671   -8.716   -8.716   -5.491   -5.491   -5.061   -5.061   -0.771   -0.771
    1.161    1.161    3.460    3.460    4.765    4.766
            0.062667  0.108542  0.000000
  -20.666  -20.666   -8.709   -8.709   -5.511   -5.511   -5.073   -5.073   -0.763   -0.763
    1.169    1.169    3.468    3.468    4.773    4.773
            0.063333  0.109697  0.000000
  -20.660  -20.660   -8.702   -8.702   -5.530   -5.530   -5.085   -5.085   -0.754   -0.754
    1.177    1.177    3.476    3.476    4.781    4.781
            0.064000  0.110851  0.000000
  -20.654  -20.654   -8.695   -8.695   -5.550   -5.550   -5.098   -5.098   -0.746   -0.746
    1.185    1.185    3.484    3.484    4.789    4.789
            0.064667  0.112006  0.000000
  -20.648  -20.648   -8.688   -8.688   -5.570   -5.570   -5.110   -5.110   -0.737   -0.737
    1.194    1.194    3.493    3.493    4.797    4.798
            0.065333  0.113161  0.000000
  -20.641  -20.641   -8.680   -8.680   -5.590   -5.590   -5.122   -5.122   -0.729   -0.729
    1.202    1.202    3.501    3.501    4.806    4.806
            0.066000  0.114315  0.000000
  -20.635  -20.635   -8.673   -8.673   -5.610   -5.610   -5.135   -5.135   -0.720   -0.720
    1.210    1.211    3.509    3.509    4.814    4.814
            0.066667  0.115470  0.000000
  -20.629  -20.629   -8.666   -8.666   -5.630   -5.630   -5.148   -5.148   -0.711   -0.711
    1.219    1.219    3.518    3.518    4.822    4.822
            0.067333  0.116625  0.000000
  -20.623  -20.623   -8.658   -8.658   -5.650   -5.650   -5.160   -5.160   -0.703   -0.703
    1.228    1.228    3.526    3.526    4.831    4.831
            0.068000  0.117779  0.000000
  -20.616  -20.616   -8.651   -8.651   -5.671   -5.671   -5.173   -5.173   -0.694   -0.694
    1.237    1.237    3.535    3.535    4.839    4.839
            0.068667  0.118934  0.000000
  -20.610  -20.610   -8.643   -8.643   -5.691   -5.691   -5.186   -5.186   -0.685   -0.685
    1.245    1.245    3.544    3.544    4.848    4.848
            0.069333  0.120089  0.000000
  -20.603  -20.603   -8.635   -8.635   -5.712   -5.712   -5.199   -5.199   -0.676   -0.676
    1.254    1.254    3.553    3.553    4.857    4.857
            0.070000  0.121244  0.000000
  -20.597  -20.597   -8.627   -8.627   -5.733   -5.733   -5.213   -5.213   -0.666   -0.666
    1.263    1.263    3.561    3.561    4.865    4.866
            0.070667  0.122398  0.000000
  -20.590  -20.590   -8.620   -8.620   -5.753   -5.753   -5.226   -5.226   -0.657   -0.657
    1.273    1.273    3.570    3.570    4.874    4.875
            0.071333  0.123553  0.000000
  -20.584  -20.584   -8.612   -8.612   -5.774   -5.774   -5.239   -5.239   -0.648   -0.648
    1.282    1.282    3.579    3.580    4.883    4.883
            0.072000  0.124708  0.000000
  -20.577  -20.577   -8.604   -8.604   -5.795   -5.795   -5.253   -5.253   -0.638   -0.638
    1.291    1.291    3.589    3.589    4.892    4.893
            0.072667  0.125862  0.000000
  -20.570  -20.570   -8.595   -8.595   -5.816   -5.816   -5.266   -5.266   -0.629   -0.629
    1.300    1.300    3.598    3.598    4.902    4.902
            0.073333  0.127017  0.000000
  -20.563  -20.563   -8.587   -8.587   -5.838   -5.838   -5.280   -5.280   -0.619   -0.619
    1.310    1.310    3.607    3.607    4.911    4.911
            0.074000  0.128172  0.000000
  -20.556  -20.556   -8.579   -8.579   -5.859   -5.859   -5.294   -5.294   -0.610   -0.610
    1.319    1.320    3.617    3.617    4.920    4.920
            0.074667  0.129326  0.000000
  -20.549  -20.549   -8.571   -8.571   -5.880   -5.880   -5.308   -5.308   -0.600   -0.600
    1.329    1.329    3.626    3.626    4.929    4.930
            0.075333  0.130481  0.000000
  -20.542  -20.542   -8.562   -8.562   -5.902   -5.902   -5.322   -5.322   -0.590   -0.590
    1.339    1.339    3.636    3.636    4.939    4.939
            0.076000  0.131636  0.000000
  -20.535  -20.535   -8.554   -8.554   -5.923   -5.923   -5.336   -5.336   -0.580   -0.580
    1.349    1.349    3.645    3.645    4.948    4.949
            0.076667  0.132791  0.000000
  -20.528  -20.528   -8.545   -8.545   -5.945   -5.945   -5.350   -5.350   -0.570   -0.570
    1.359    1.359    3.655    3.655    4.958    4.958
            0.077333  0.133945  0.000000
  -20.521  -20.521   -8.537   -8.537   -5.967   -5.967   -5.364   -5.364   -0.560   -0.560
    1.369    1.369    3.665    3.665    4.968    4.968
            0.078000  0.135100  0.000000
  -20.513  -20.513   -8.528   -8.528   -5.989   -5.989   -5.378   -5.378   -0.550   -0.550
    1.379    1.379    3.675    3.675    4.978    4.978
            0.078667  0.136255  0.000000
  -20.506  -20.506   -8.519   -8.519   -6.011   -6.011   -5.393   -5.393   -0.539   -0.539
    1.389    1.389    3.685    3.685    4.987    4.988
            0.079333  0.137409  0.000000
  -20.499  -20.499   -8.511   -8.510   -6.033   -6.033   -5.407   -5.407   -0.529   -0.529
    1.399    1.399    3.695    3.695    4.997    4.998
            0.080000  0.138564  0.000000
  -20.491  -20.491   -8.502   -8.502   -6.055   -6.055   -5.422   -5.422   -0.518   -0.518
    1.409    1.409    3.705    3.705    5.007    5.008
            0.080667  0.139719  0.000000
  -20.484  -20.484   -8.493   -8.493   -6.077   -6.077   -5.437   -5.437   -0.508   -0.508
    1.420    1.420    3.715    3.715    5.018    5.018
            0.081333  0.140873  0.000000
  -20.476  -20.476   -8.484   -8.484   -6.099   -6.099   -5.452   -5.452   -0.497   -0.497
    1.430    1.430    3.726    3.726    5.028    5.028
            0.082000  0.142028  0.000000
  -20.468  -20.468   -8.475   -8.474   -6.122   -6.122   -5.466   -5.466   -0.486   -0.486
    1.441    1.441    3.736    3.736    5.038    5.038
            0.082667  0.143183  0.000000
  -20.461  -20.461   -8.465   -8.465   -6.144   -6.144   -5.481   -5.481   -0.475   -0.475
    1.452    1.452    3.747    3.747    5.048    5.049
            0.083333  0.144338  0.000000
  -20.453  -20.453   -8.456   -8.456   -6.166   -6.166   -5.496   -5.496   -0.465   -0.465
    1.462    1.462    3.757    3.757    5.059    5.059
            0.084000  0.145492  0.000000
  -20.445  -20.445   -8.447   -8.447   -6.189   -6.189   -5.512   -5.512   -0.454   -0.454
    1.473    1.473    3.768    3.768    5.069    5.070
            0.084667  0.146647  0.000000
  -20.437  -20.437   -8.437   -8.437   -6.212   -6.212   -5.527   -5.527   -0.442   -0.442
    1.484    1.484    3.779    3.779    5.080    5.080
            0.085333  0.147802  0.000000
  -20.429  -20.429   -8.428   -8.428   -6.234   -6.234   -5.542   -5.542   -0.431   -0.431
    1.495    1.495    3.790    3.790    5.091    5.091
            0.086000  0.148956  0.000000
  -20.421  -20.421   -8.418   -8.418   -6.257   -6.257   -5.558   -5.558   -0.420   -0.420
    1.506    1.506    3.801    3.801    5.102    5.102
            0.086667  0.150111  0.000000
  -20.413  -20.413   -8.409   -8.409   -6.280   -6.280   -5.573   -5.573   -0.409   -0.409
    1.517    1.517    3.812    3.812    5.112    5.113
            0.087333  0.151266  0.000000
  -20.405  -20.405   -8.399   -8.399   -6.303   -6.303   -5.589   -5.589   -0.397   -0.397
    1.529    1.529    3.823    3.823    5.123    5.124
            0.088000  0.152420  0.000000
  -20.397  -20.397   -8.389   -8.389   -6.326   -6.326   -5.604   -5.604   -0.386   -0.386
    1.540    1.540    3.834    3.834    5.134    5.135
            0.088667  0.153575  0.000000
  -20.388  -20.388   -8.379   -8.379   -6.349   -6.349   -5.620   -5.620   -0.374   -0.374
    1.552    1.552    3.845    3.845    5.146    5.146
            0.089333  0.154730  0.000000
  -20.380  -20.380   -8.370   -8.369   -6.372   -6.372   -5.636   -5.636   -0.362   -0.362
    1.563    1.563    3.857    3.857    5.157    5.157
            0.090000  0.155885  0.000000
  -20.371  -20.371   -8.360   -8.359   -6.395   -6.395   -5.652   -5.652   -0.350   -0.350
    1.575    1.575    3.868    3.868    5.168    5.168
            0.090667  0.157039  0.000000
  -20.363  -20.363   -8.349   -8.349   -6.418   -6.418   -5.668   -5.668   -0.339   -0.339
    1.586    1.586    3.880    3.880    5.179    5.180
            0.091333  0.158194  0.000000
  -20.354  -20.354   -8.339   -8.339   -6.441   -6.441   -5.684   -5.684   -0.327   -0.327
    1.598    1.598    3.891    3.891    5.191    5.191
            0.092000  0.159349  0.000000
  -20.346  -20.346   -8.329   -8.329   -6.465   -6.465   -5.700   -5.700   -0.314   -0.314
    1.610    1.610    3.903    3.903    5.202    5.203
            0.092667  0.160503  0.000000
  -20.337  -20.337   -8.319   -8.319   -6.488   -6.488   -5.717   -5.717   -0.302   -0.302
    1.622    1.622    3.915    3.915    5.214    5.214
            0.093333  0.161658  0.000000
  -20.329  -20.328   -8.309   -8.309   -6.512   -6.512   -5.733   -5.733   -0.290   -0.290
    1.634    1.634    3.927    3.927    5.226    5.226
            0.094000  0.162813  0.000000
  -20.320  -20.320   -8.298   -8.298   -6.535   -6.535   -5.749   -5.749   -0.278   -0.278
    1.646    1.646    3.939    3.939    5.237    5.238
            0.094667  0.163967  0.000000
  -20.311  -20.311   -8.288   -8.288   -6.559   -6.559   -5.766   -5.766   -0.265   -0.265
    1.659    1.659    3.951    3.951    5.249    5.250
            0.095333  0.165122  0.000000
  -20.302  -20.302   -8.277   -8.277   -6.582   -6.582   -5.782   -5.782   -0.253   -0.253
    1.671    1.671    3.963    3.963    5.261    5.261
            0.096000  0.166277  0.000000
  -20.293  -20.293   -8.266   -8.266   -6.606   -6.606   -5.799   -5.799   -0.240   -0.240
    1.683    1.683    3.975    3.975    5.273    5.273
            0.096667  0.167432  0.000000
  -20.284  -20.284   -8.256   -8.256   -6.629   -6.629   -5.816   -5.816   -0.228   -0.228
    1.696    1.696    3.987    3.987    5.285    5.286
            0.097333  0.168586  0.000000
  -20.275  -20.275   -8.245   -8.245   -6.653   -6.653   -5.832   -5.832   -0.215   -0.215
    1.708    1.708    4.000    4.000    5.298    5.298
            0.098000  0.169741  0.000000
  -20.266  -20.266   -8.234   -8.234   -6.677   -6.677   -5.849   -5.849   -0.202   -0.202
    1.721    1.721    4.012    4.012    5.310    5.310
            0.098667  0.170896  0.000000
  -20.257  -20.257   -8.223   -8.223   -6.701   -6.701   -5.866   -5.866   -0.189   -0.189
    1.734    1.734    4.025    4.025    5.322    5.322
            0.099333  0.172050  0.000000
  -20.247  -20.247   -8.212   -8.212   -6.725   -6.725   -5.883   -5.883   -0.176   -0.176
    1.747    1.747    4.038    4.038    5.335    5.335
            0.100000  0.173205  0.000000
  -20.238  -20.238   -8.201   -8.201   -6.749   -6.749   -5.900   -5.900   -0.163   -0.163
    1.759    1.760    4.050    4.050    5.347    5.347
            0.100667  0.174360  0.000000
  -20.229  -20.229   -8.190   -8.190   -6.772   -6.772   -5.917   -5.917   -0.150   -0.150
    1.772    1.773    4.063    4.063    5.360    5.360
            0.101333  0.175514  0.000000
  -20.219  -20.219   -8.179   -8.179   -6.796   -6.796   -5.935   -5.935   -0.136   -0.136
    1.786    1.786    4.076    4.076    5.372    5.373
            0.102000  0.176669  0.000000
  -20.210  -20.210   -8.168   -8.168   -6.820   -6.820   -5.952   -5.952   -0.123   -0.123
    1.799    1.799    4.089    4.089    5.385    5.385
            0.102667  0.177824  0.000000
  -20.200  -20.200   -8.156   -8.156   -6.845   -6.844   -5.969   -5.969   -0.109   -0.109
    1.812    1.812    4.102    4.102    5.398    5.398
            0.103333  0.178979  0.000000
  -20.190  -20.190   -8.145   -8.145   -6.869   -6.869   -5.987   -5.987   -0.096   -0.096
    1.825    1.825    4.115    4.115    5.411    5.411
            0.104000  0.180133  0.000000
  -20.181  -20.181   -8.134   -8.133   -6.893   -6.893   -6.004   -6.004   -0.082   -0.082
    1.839    1.839    4.129    4.129    5.424    5.424
            0.104667  0.181288  0.000000
  -20.171  -20.171   -8.122   -8.122   -6.917   -6.917   -6.022   -6.022   -0.068   -0.068
    1.852    1.852    4.142    4.142    5.437    5.437
            0.105333  0.182443  0.000000
  -20.161  -20.161   -8.110   -8.110   -6.941   -6.941   -6.039   -6.039   -0.055   -0.055
    1.866    1.866    4.155    4.155    5.450    5.451
            0.106000  0.183597  0.000000
  -20.151  -20.151   -8.099   -8.099   -6.965   -6.965   -6.057   -6.057   -0.041   -0.041
    1.880    1.880    4.169    4.169    5.464    5.464
            0.106667  0.184752  0.000000
  -20.141  -20.141   -8.087   -8.087   -6.990   -6.990   -6.075   -6.075   -0.027   -0.027
    1.893    1.894    4.182    4.182    5.477    5.477
            0.107333  0.185907  0.000000
  -20.131  -20.131   -8.075   -8.075   -7.014   -7.014   -6.093   -6.093   -0.013   -0.013
    1.907    1.907    4.196    4.196    5.490    5.491
            0.108000  0.187061  0.000000
  -20.121  -20.121   -8.063   -8.063   -7.038   -7.038   -6.110   -6.110    0.002    0.002
    1.921    1.921    4.210    4.210    5.504    5.504
            0.108667  0.188216  0.000000
  -20.111  -20.111   -8.051   -8.051   -7.063   -7.063   -6.128   -6.128    0.016    0.016
    1.935    1.935    4.224    4.224    5.517    5.518
            0.109333  0.189371  0.000000
  -20.101  -20.101   -8.039   -8.039   -7.087   -7.087   -6.146   -6.146    0.030    0.030
    1.949    1.950    4.238    4.238    5.531    5.531
            0.110000  0.190526  0.000000
  -20.091  -20.091   -8.027   -8.027   -7.111   -7.111   -6.164   -6.164    0.045    0.045
    1.964    1.964    4.252    4.252    5.545    5.545
            0.110667  0.191680  0.000000
  -20.080  -20.080   -8.015   -8.015   -7.136   -7.136   -6.183   -6.182    0.059    0.059
    1.978    1.978    4.266    4.266    5.559    5.559
            0.111333  0.192835  0.000000
  -20.070  -20.070   -8.003   -8.003   -7.160   -7.160   -6.201   -6.201    0.074    0.074
    1.992    1.992    4.280    4.280    5.573    5.573
            0.112000  0.193990  0.000000
  -20.059  -20.059   -7.990   -7.990   -7.185   -7.185   -6.219   -6.219    0.089    0.089
    2.007    2.007    4.294    4.294    5.587    5.587
            0.112667  0.195144  0.000000
  -20.049  -20.049   -7.978   -7.978   -7.209   -7.209   -6.237   -6.237    0.103    0.103
    2.021    2.021    4.309    4.309    5.601    5.601
            0.113333  0.196299  0.000000
  -20.038  -20.038   -7.966   -7.965   -7.234   -7.234   -6.256   -6.256    0.118    0.118
    2.036    2.036    4.323    4.323    5.615    5.615
            0.114000  0.197454  0.000000
  -20.028  -20.028   -7.953   -7.953   -7.258   -7.258   -6.274   -6.274    0.133    0.133
    2.051    2.051    4.337    4.338    5.629    5.629
            0.114667  0.198608  0.000000
  -20.017  -20.017   -7.940   -7.940   -7.283   -7.283   -6.292   -6.292    0.148    0.148
    2.066    2.066    4.352    4.352    5.643    5.643
            0.115333  0.199763  0.000000
  -20.006  -20.006   -7.928   -7.928   -7.307   -7.307   -6.311   -6.311    0.163    0.163
    2.080    2.081    4.367    4.367    5.658    5.658
            0.116000  0.200918  0.000000
  -19.996  -19.996   -7.915   -7.915   -7.332   -7.332   -6.330   -6.330    0.179    0.179
    2.095    2.095    4.382    4.382    5.672    5.672
            0.116667  0.202073  0.000000
  -19.985  -19.985   -7.902   -7.902   -7.357   -7.357   -6.348   -6.348    0.194    0.194
    2.110    2.111    4.396    4.396    5.687    5.687
            0.117333  0.203227  0.000000
  -19.974  -19.974   -7.889   -7.889   -7.381   -7.381   -6.367   -6.367    0.209    0.209
    2.126    2.126    4.411    4.411    5.701    5.702
            0.118000  0.204382  0.000000
  -19.963  -19.963   -7.876   -7.876   -7.406   -7.406   -6.386   -6.386    0.225    0.225
    2.141    2.141    4.426    4.426    5.716    5.716
            0.118667  0.205537  0.000000
  -19.952  -19.952   -7.863   -7.863   -7.431   -7.431   -6.404   -6.404    0.240    0.240
    2.156    2.156    4.442    4.442    5.731    5.731
            0.119333  0.206691  0.000000
  -19.941  -19.941   -7.850   -7.850   -7.455   -7.455   -6.423   -6.423    0.256    0.256
    2.172    2.172    4.457    4.457    5.746    5.746
            0.120000  0.207846  0.000000
  -19.929  -19.929   -7.837   -7.837   -7.480   -7.480   -6.442   -6.442    0.272    0.272
    2.187    2.187    4.472    4.472    5.761    5.761
            0.120667  0.209001  0.000000
  -19.918  -19.918   -7.824   -7.824   -7.505   -7.505   -6.461   -6.461    0.288    0.288
    2.203    2.203    4.487    4.487    5.776    5.776
            0.121333  0.210155  0.000000
  -19.907  -19.907   -7.811   -7.811   -7.530   -7.529   -6.480   -6.480    0.304    0.304
    2.218    2.218    4.503    4.503    5.791    5.791
            0.122000  0.211310  0.000000
  -19.896  -19.896   -7.797   -7.797   -7.554   -7.554   -6.499   -6.499    0.320    0.320
    2.234    2.234    4.518    4.518    5.806    5.806
            0.122667  0.212465  0.000000
  -19.884  -19.884   -7.784   -7.784   -7.579   -7.579   -6.518   -6.518    0.336    0.336
    2.250    2.250    4.534    4.534    5.821    5.821
            0.123333  0.213620  0.000000
  -19.873  -19.873   -7.771   -7.770   -7.604   -7.604   -6.537   -6.537    0.352    0.352
    2.266    2.266    4.550    4.550    5.837    5.837
            0.124000  0.214774  0.000000
  -19.861  -19.861   -7.757   -7.757   -7.629   -7.629   -6.557   -6.556    0.368    0.368
    2.282    2.282    4.566    4.566    5.852    5.852
            0.124667  0.215929  0.000000
  -19.850  -19.850   -7.743   -7.743   -7.653   -7.653   -6.576   -6.576    0.385    0.385
    2.298    2.298    4.581    4.581    5.867    5.868
            0.125333  0.217084  0.000000
  -19.838  -19.838   -7.730   -7.730   -7.678   -7.678   -6.595   -6.595    0.401    0.401
    2.314    2.314    4.597    4.597    5.883    5.883
            0.126000  0.218238  0.000000
  -19.826  -19.826   -7.716   -7.716   -7.703   -7.703   -6.614   -6.614    0.418    0.418
    2.330    2.331    4.613    4.613    5.899    5.899
            0.126667  0.219393  0.000000
  -19.815  -19.814   -7.728   -7.728   -7.702   -7.702   -6.634   -6.634    0.434    0.434
    2.347    2.347    4.630    4.630    5.914    5.915
            0.127333  0.220548  0.000000
  -19.803  -19.803   -7.753   -7.753   -7.688   -7.688   -6.653   -6.653    0.451    0.451
    2.363    2.363    4.646    4.646    5.930    5.931
            0.128000  0.221703  0.000000
  -19.791  -19.791   -7.777   -7.777   -7.674   -7.674   -6.673   -6.673    0.468    0.468
    2.380    2.380    4.662    4.662    5.946    5.946
            0.128667  0.222857  0.000000
  -19.779  -19.779   -7.802   -7.802   -7.660   -7.660   -6.692   -6.692    0.485    0.485
    2.396    2.397    4.679    4.679    5.962    5.962
            0.129333  0.224012  0.000000
  -19.767  -19.767   -7.827   -7.827   -7.646   -7.646   -6.712   -6.712    0.502    0.502
    2.413    2.413    4.695    4.695    5.978    5.978
            0.130000  0.225167  0.000000
  -19.755  -19.755   -7.852   -7.852   -7.632   -7.632   -6.731   -6.731    0.519    0.519
    2.430    2.430    4.712    4.712    5.994    5.995
            0.130667  0.226321  0.000000
  -19.743  -19.743   -7.877   -7.877   -7.618   -7.618   -6.751   -6.751    0.536    0.536
    2.447    2.447    4.728    4.728    6.011    6.011
            0.131333  0.227476  0.000000
  -19.730  -19.730   -7.901   -7.901   -7.604   -7.603   -6.770   -6.770    0.553    0.553
    2.464    2.464    4.745    4.745    6.027    6.027
            0.132000  0.228631  0.000000
  -19.718  -19.718   -7.926   -7.926   -7.589   -7.589   -6.790   -6.790    0.570    0.570
    2.481    2.481    4.762    4.762    6.043    6.043
            0.132667  0.229785  0.000000
  -19.706  -19.706   -7.951   -7.951   -7.575   -7.575   -6.810   -6.810    0.588    0.588
    2.498    2.498    4.779    4.779    6.060    6.060
            0.133333  0.230940  0.000000
  -19.694  -19.694   -7.976   -7.976   -7.560   -7.560   -6.830   -6.830    0.605    0.605
    2.515    2.515    4.796    4.796    6.076    6.076
            0.134000  0.232095  0.000000
  -19.681  -19.681   -8.001   -8.001   -7.546   -7.546   -6.849   -6.849    0.623    0.623
    2.532    2.533    4.813    4.813    6.093    6.093
            0.134667  0.233250  0.000000
  -19.669  -19.669   -8.026   -8.026   -7.531   -7.531   -6.869   -6.869    0.641    0.641
    2.550    2.550    4.830    4.830    6.110    6.110
            0.135333  0.234404  0.000000
  -19.656  -19.656   -8.050   -8.050   -7.516   -7.516   -6.889   -6.889    0.658    0.658
    2.567    2.567    4.847    4.847    6.126    6.127
            0.136000  0.235559  0.000000
  -19.643  -19.643   -8.075   -8.075   -7.502   -7.502   -6.909   -6.909    0.676    0.676
    2.585    2.585    4.864    4.864    6.143    6.143
            0.136667  0.236714  0.000000
  -19.631  -19.631   -8.100   -8.100   -7.487   -7.487   -6.929   -6.929    0.694    0.694
    2.602    2.603    4.882    4.882    6.160    6.160
            0.137333  0.237868  0.000000
  -19.618  -19.618   -8.125   -8.125   -7.472   -7.472   -6.949   -6.949    0.712    0.712
    2.620    2.620    4.899    4.899    6.177    6.177
            0.138000  0.239023  0.000000
  -19.605  -19.605   -8.150   -8.150   -7.457   -7.457   -6.969   -6.969    0.730    0.730
    2.638    2.638    4.917    4.917    6.194    6.194
            0.138667  0.240178  0.000000
  -19.592  -19.592   -8.175   -8.175   -7.442   -7.442   -6.989   -6.989    0.749    0.749
    2.656    2.656    4.935    4.935    6.181    6.182
            0.139333  0.241332  0.000000
  -19.580  -19.580   -8.199   -8.199   -7.427   -7.427   -7.009   -7.009    0.767    0.767
    2.674    2.674    4.952    4.952    6.152    6.152
            0.140000  0.242487  0.000000
  -19.567  -19.567   -8.224   -8.224   -7.412   -7.412   -7.029   -7.029    0.785    0.785
    2.692    2.692    4.970    4.970    6.123    6.123
            0.140667  0.243642  0.000000
  -19.554  -19.554   -8.249   -8.249   -7.397   -7.397   -7.049   -7.049    0.804    0.804
    2.710    2.710    4.988    4.988    6.094    6.094
            0.141333  0.244797  0.000000
  -19.540  -19.540   -8.274   -8.274   -7.381   -7.381   -7.070   -7.070    0.822    0.822
    2.728    2.728    5.006    5.006    6.065    6.065
            0.142000  0.245951  0.000000
  -19.527  -19.527   -8.299   -8.299   -7.366   -7.366   -7.090   -7.090    0.841    0.841
    2.747    2.747    5.024    5.024    6.035    6.036
            0.142667  0.247106  0.000000
  -19.514  -19.514   -8.323   -8.323   -7.351   -7.351   -7.110   -7.110    0.860    0.860
    2.765    2.765    5.042    5.042    6.006    6.006
            0.143333  0.248261  0.000000
  -19.501  -19.501   -8.348   -8.348   -7.335   -7.335   -7.130   -7.130    0.879    0.879
    2.784    2.784    5.061    5.061    5.977    5.977
            0.144000  0.249415  0.000000
  -19.488  -19.488   -8.373   -8.373   -7.320   -7.320   -7.151   -7.150    0.898    0.898
    2.802    2.802    5.079    5.079    5.948    5.948
            0.144667  0.250570  0.000000
  -19.474  -19.474   -8.398   -8.398   -7.304   -7.304   -7.171   -7.171    0.917    0.917
    2.821    2.821    5.097    5.097    5.918    5.918
            0.145333  0.251725  0.000000
  -19.461  -19.461   -8.422   -8.422   -7.289   -7.289   -7.191   -7.191    0.936    0.936
    2.840    2.840    5.116    5.116    5.889    5.889
            0.146000  0.252879  0.000000
  -19.447  -19.447   -8.447   -8.447   -7.274   -7.273   -7.211   -7.211    0.955    0.955
    2.858    2.859    5.134    5.134    5.859    5.860
            0.146667  0.254034  0.000000
  -19.434  -19.434   -8.472   -8.472   -7.260   -7.258   -7.231   -7.229    0.974    0.974
    2.877    2.877    5.153    5.153    5.830    5.830
            0.147333  0.255189  0.000000
  -19.420  -19.420   -8.497   -8.497   -7.257   -7.256   -7.238   -7.236    0.993    0.993
    2.896    2.896    5.172    5.172    5.801    5.801
            0.148000  0.256344  0.000000
  -19.406  -19.406   -8.521   -8.521   -7.275   -7.274   -7.224   -7.223    1.013    1.013
    2.915    2.916    5.191    5.191    5.771    5.771
            0.148667  0.257498  0.000000
  -19.393  -19.393   -8.546   -8.546   -7.295   -7.294   -7.208   -7.208    1.032    1.032
    2.935    2.935    5.210    5.210    5.742    5.742
            0.149333  0.258653  0.000000
  -19.379  -19.379   -8.571   -8.571   -7.315   -7.314   -7.192   -7.192    1.052    1.052
    2.954    2.954    5.229    5.229    5.712    5.712
            0.150000  0.259808  0.000000
  -19.365  -19.365   -8.595   -8.595   -7.335   -7.335   -7.176   -7.176    1.072    1.072
    2.973    2.973    5.248    5.248    5.683    5.683
            0.150667  0.260962  0.000000
  -19.351  -19.351   -8.620   -8.620   -7.356   -7.355   -7.160   -7.160    1.092    1.092
    2.993    2.993    5.267    5.267    5.653    5.653
            0.151333  0.262117  0.000000
  -19.337  -19.337   -8.645   -8.645   -7.376   -7.376   -7.144   -7.144    1.111    1.111
    3.012    3.012    5.286    5.286    5.624    5.624
            0.152000  0.263272  0.000000
  -19.323  -19.323   -8.669   -8.669   -7.397   -7.397   -7.128   -7.128    1.131    1.131
    3.032    3.032    5.305    5.306    5.594    5.594
            0.152667  0.264426  0.000000
  -19.309  -19.309   -8.694   -8.694   -7.417   -7.417   -7.111   -7.111    1.151    1.152
    3.051    3.052    5.325    5.325    5.564    5.565
            0.153333  0.265581  0.000000
  -19.295  -19.295   -8.718   -8.718   -7.438   -7.438   -7.095   -7.095    1.172    1.172
    3.071    3.071    5.344    5.344    5.535    5.535
            0.154000  0.266736  0.000000
  -19.281  -19.281   -8.743   -8.743   -7.458   -7.458   -7.079   -7.079    1.192    1.192
    3.091    3.091    5.364    5.364    5.505    5.505
            0.154667  0.267891  0.000000
  -19.266  -19.266   -8.768   -8.767   -7.479   -7.479   -7.062   -7.062    1.212    1.212
    3.111    3.111    5.384    5.384    5.476    5.476
            0.155333  0.269045  0.000000
  -19.252  -19.252   -8.792   -8.792   -7.500   -7.500   -7.045   -7.045    1.233    1.233
    3.131    3.131    5.403    5.403    5.446    5.446
            0.156000  0.270200  0.000000
  -19.238  -19.238   -8.817   -8.817   -7.520   -7.520   -7.029   -7.029    1.253    1.253
    3.151    3.151    5.416    5.417    5.423    5.423
            0.156667  0.271355  0.000000
  -19.223  -19.223   -8.841   -8.841   -7.541   -7.541   -7.012   -7.012    1.274    1.274
    3.171    3.171    5.387    5.387    5.443    5.443
            0.157333  0.272509  0.000000
  -19.209  -19.209   -8.866   -8.866   -7.562   -7.562   -6.995   -6.995    1.294    1.294
    3.192    3.192    5.357    5.357    5.463    5.463
            0.158000  0.273664  0.000000
  -19.194  -19.194   -8.890   -8.890   -7.583   -7.583   -6.978   -6.978    1.315    1.315
    3.212    3.212    5.327    5.328    5.483    5.483
            0.158667  0.274819  0.000000
  -19.180  -19.180   -8.915   -8.914   -7.603   -7.603   -6.961   -6.961    1.336    1.336
    3.232    3.233    5.298    5.298    5.504    5.504
            0.159333  0.275973  0.000000
  -19.165  -19.165   -8.939   -8.939   -7.624   -7.624   -6.944   -6.944    1.357    1.357
    3.253    3.253    5.268    5.268    5.524    5.524
            0.160000  0.277128  0.000000
  -19.150  -19.150   -8.963   -8.963   -7.645   -7.645   -6.927   -6.927    1.378    1.378
    3.274    3.274    5.238    5.238    5.544    5.544
            0.160667  0.278283  0.000000
  -19.135  -19.135   -8.988   -8.988   -7.666   -7.666   -6.910   -6.910    1.399    1.399
    3.294    3.294    5.209    5.209    5.565    5.565
            0.161333  0.279438  0.000000
  -19.121  -19.121   -9.012   -9.012   -7.687   -7.687   -6.893   -6.893    1.420    1.420
    3.315    3.315    5.179    5.179    5.585    5.585
            0.162000  0.280592  0.000000
  -19.106  -19.106   -9.036   -9.036   -7.707   -7.707   -6.876   -6.876    1.442    1.442
    3.336    3.336    5.149    5.149    5.606    5.606
            0.162667  0.281747  0.000000
  -19.091  -19.091   -9.061   -9.061   -7.728   -7.728   -6.859   -6.859    1.463    1.463
    3.357    3.357    5.119    5.120    5.626    5.626
            0.163333  0.282902  0.000000
  -19.076  -19.076   -9.085   -9.085   -7.749   -7.749   -6.841   -6.841    1.484    1.484
    3.378    3.378    5.090    5.090    5.647    5.647
            0.164000  0.284056  0.000000
  -19.061  -19.061   -9.109   -9.109   -7.770   -7.770   -6.824   -6.824    1.506    1.506
    3.399    3.399    5.060    5.060    5.668    5.668
            0.164667  0.285211  0.000000
  -19.046  -19.045   -9.134   -9.134   -7.791   -7.791   -6.806   -6.806    1.528    1.528
    3.420    3.420    5.030    5.030    5.689    5.689
            0.165333  0.286366  0.000000
  -19.030  -19.030   -9.158   -9.158   -7.812   -7.812   -6.789   -6.789    1.549    1.549
    3.442    3.442    5.000    5.001    5.710    5.710
            0.166000  0.287520  0.000000
  -19.015  -19.015   -9.182   -9.182   -7.833   -7.833   -6.771   -6.771    1.571    1.571
    3.463    3.463    4.971    4.971    5.731    5.731
            0.166667  0.288675  0.000000
  -19.000  -19.000   -9.206   -9.206   -7.854   -7.854   -6.754   -6.754    1.593    1.593
    3.484    3.485    4.941    4.941    5.752    5.752
            0.167333  0.289830  0.000000
  -18.984  -18.984   -9.231   -9.230   -7.875   -7.875   -6.736   -6.736    1.615    1.615
    3.506    3.506    4.911    4.911    5.773    5.774
            0.168000  0.290985  0.000000
  -18.969  -18.969   -9.255   -9.255   -7.896   -7.896   -6.718   -6.718    1.637    1.637
    3.528    3.528    4.881    4.882    5.795    5.795
            0.168667  0.292139  0.000000
  -18.954  -18.953   -9.279   -9.279   -7.916   -7.916   -6.700   -6.700    1.659    1.659
    3.549    3.549    4.852    4.852    5.816    5.816
            0.169333  0.293294  0.000000
  -18.938  -18.938   -9.303   -9.303   -7.937   -7.937   -6.683   -6.683    1.681    1.681
    3.571    3.571    4.822    4.822    5.838    5.838
            0.170000  0.294449  0.000000
  -18.922  -18.922   -9.327   -9.327   -7.958   -7.958   -6.665   -6.665    1.704    1.704
    3.593    3.593    4.792    4.792    5.859    5.859
            0.170667  0.295603  0.000000
  -18.907  -18.907   -9.351   -9.351   -7.979   -7.979   -6.647   -6.647    1.726    1.726
    3.615    3.615    4.763    4.763    5.881    5.881
            0.171333  0.296758  0.000000
  -18.891  -18.891   -9.375   -9.375   -8.000   -8.000   -6.629   -6.629    1.749    1.749
    3.637    3.637    4.733    4.733    5.903    5.903
            0.172000  0.297913  0.000000
  -18.875  -18.875   -9.399   -9.399   -8.021   -8.021   -6.610   -6.610    1.771    1.771
    3.659    3.659    4.703    4.703    5.925    5.925
            0.172667  0.299067  0.000000
  -18.859  -18.859   -9.423   -9.423   -8.042   -8.042   -6.592   -6.592    1.794    1.794
    3.681    3.682    4.673    4.674    5.947    5.947
            0.173333  0.300222  0.000000
  -18.844  -18.844   -9.447   -9.447   -8.063   -8.063   -6.574   -6.574    1.817    1.817
    3.704    3.704    4.644    4.644    5.969    5.969
            0.174000  0.301377  0.000000
  -18.828  -18.828   -9.471   -9.471   -8.084   -8.084   -6.556   -6.556    1.840    1.840
    3.726    3.726    4.614    4.614    5.991    5.991
            0.174667  0.302532  0.000000
  -18.812  -18.812   -9.495   -9.495   -8.105   -8.105   -6.537   -6.537    1.863    1.863
    3.749    3.749    4.584    4.584    6.013    6.013
            0.175333  0.303686  0.000000
  -18.796  -18.796   -9.519   -9.519   -8.126   -8.126   -6.519   -6.519    1.886    1.886
    3.771    3.771    4.555    4.555    6.035    6.035
            0.176000  0.304841  0.000000
  -18.780  -18.780   -9.543   -9.543   -8.147   -8.147   -6.501   -6.501    1.909    1.909
    3.794    3.794    4.525    4.525    6.057    6.058
            0.176667  0.305996  0.000000
  -18.763  -18.763   -9.566   -9.566   -8.168   -8.168   -6.482   -6.482    1.932    1.932
    3.816    3.817    4.495    4.495    6.080    6.080
            0.177333  0.307150  0.000000
  -18.747  -18.747   -9.590   -9.590   -8.189   -8.189   -6.463   -6.463    1.955    1.955
    3.839    3.839    4.466    4.466    6.102    6.102
            0.178000  0.308305  0.000000
  -18.731  -18.731   -9.614   -9.614   -8.210   -8.210   -6.445   -6.445    1.979    1.979
    3.862    3.862    4.436    4.436    6.125    6.125
            0.178667  0.309460  0.000000
  -18.715  -18.715   -9.638   -9.638   -8.231   -8.231   -6.426   -6.426    2.002    2.002
    3.885    3.885    4.406    4.406    6.148    6.148
            0.179333  0.310614  0.000000
  -18.698  -18.698   -9.661   -9.661   -8.252   -8.252   -6.407   -6.407    2.026    2.026
    3.908    3.908    4.377    4.377    6.170    6.170
            0.180000  0.311769  0.000000
  -18.682  -18.682   -9.685   -9.685   -8.273   -8.273   -6.389   -6.389    2.049    2.049
    3.931    3.931    4.347    4.347    6.193    6.193
            0.180667  0.312924  0.000000
  -18.665  -18.665   -9.709   -9.709   -8.294   -8.294   -6.370   -6.370    2.073    2.073
    3.955    3.955    4.317    4.318    6.216    6.216
            0.181333  0.314079  0.000000
  -18.649  -18.649   -9.732   -9.732   -8.315   -8.315   -6.351   -6.351    2.097    2.097
    3.978    3.978    4.288    4.288    6.239    6.239
            0.182000  0.315233  0.000000
  -18.632  -18.632   -9.756   -9.756   -8.336   -8.336   -6.332   -6.332    2.121    2.121
    4.001    4.001    4.258    4.258    6.262    6.262
            0.182667  0.316388  0.000000
  -18.615  -18.615   -9.779   -9.779   -8.357   -8.357   -6.313   -6.313    2.145    2.145
    4.025    4.025    4.229    4.229    6.285    6.285
            0.183333  0.317543  0.000000
  -18.599  -18.599   -9.803   -9.803   -8.378   -8.378   -6.294   -6.294    2.169    2.169
    4.048    4.048    4.199    4.199    6.309    6.309
            0.184000  0.318697  0.000000
  -18.582  -18.582   -9.826   -9.826   -8.399   -8.399   -6.275   -6.275    2.193    2.193
    4.072    4.072    4.170    4.170    6.332    6.332
            0.184667  0.319852  0.000000
  -18.565  -18.565   -9.850   -9.850   -8.420   -8.420   -6.256   -6.255    2.217    2.217
    4.096    4.096    4.140    4.140    6.355    6.355
            0.185333  0.321007  0.000000
  -18.548  -18.548   -9.873   -9.873   -8.441   -8.441   -6.236   -6.236    2.242    2.242
    4.110    4.111    4.119    4.120    6.379    6.379
            0.186000  0.322161  0.000000
  -18.531  -18.531   -9.897   -9.897   -8.462   -8.462   -6.217   -6.217    2.266    2.266
    4.081    4.081    4.143    4.143    6.403    6.403
            0.186667  0.323316  0.000000
  -18.514  -18.514   -9.920   -9.920   -8.483   -8.483   -6.198   -6.198    2.291    2.291
    4.051    4.052    4.167    4.167    6.426    6.426
            0.187333  0.324471  0.000000
  -18.497  -18.497   -9.943   -9.943   -8.504   -8.504   -6.178   -6.178    2.315    2.315
    4.022    4.022    4.191    4.192    6.450    6.450
            0.188000  0.325626  0.000000
  -18.480  -18.480   -9.967   -9.967   -8.525   -8.525   -6.159   -6.159    2.340    2.340
    3.993    3.993    4.215    4.216    6.474    6.474
            0.188667  0.326780  0.000000
  -18.463  -18.463   -9.990   -9.990   -8.546   -8.546   -6.139   -6.139    2.365    2.365
    3.963    3.963    4.240    4.240    6.498    6.498
            0.189333  0.327935  0.000000
  -18.446  -18.446  -10.013  -10.013   -8.567   -8.567   -6.120   -6.120    2.390    2.390
    3.934    3.934    4.264    4.264    6.522    6.522
            0.190000  0.329090  0.000000
  -18.429  -18.429  -10.037  -10.036   -8.588   -8.588   -6.100   -6.100    2.415    2.415
    3.904    3.904    4.288    4.289    6.546    6.546
            0.190667  0.330244  0.000000
  -18.411  -18.411  -10.060  -10.060   -8.609   -8.609   -6.081   -6.080    2.440    2.440
    3.875    3.875    4.313    4.313    6.570    6.570
            0.191333  0.331399  0.000000
  -18.394  -18.394  -10.083  -10.083   -8.630   -8.630   -6.061   -6.061    2.465    2.465
    3.846    3.846    4.337    4.338    6.594    6.594
            0.192000  0.332554  0.000000
  -18.376  -18.376  -10.106  -10.106   -8.651   -8.651   -6.041   -6.041    2.490    2.490
    3.816    3.816    4.362    4.362    6.618    6.618
            0.192667  0.333708  0.000000
  -18.359  -18.359  -10.129  -10.129   -8.672   -8.672   -6.021   -6.021    2.516    2.516
    3.787    3.787    4.387    4.387    6.643    6.643
            0.193333  0.334863  0.000000
  -18.341  -18.341  -10.152  -10.152   -8.692   -8.692   -6.001   -6.001    2.541    2.541
    3.758    3.758    4.412    4.412    6.667    6.667
            0.194000  0.336018  0.000000
  -18.324  -18.324  -10.175  -10.175   -8.713   -8.713   -5.982   -5.981    2.566    2.566
    3.728    3.729    4.436    4.437    6.692    6.692
            0.194667  0.337173  0.000000
  -18.306  -18.306  -10.198  -10.198   -8.734   -8.734   -5.962   -5.962    2.592    2.592
    3.699    3.699    4.461    4.462    6.716    6.716
            0.195333  0.338327  0.000000
  -18.288  -18.288  -10.221  -10.221   -8.755   -8.755   -5.942   -5.942    2.618    2.618
    3.670    3.670    4.486    4.487    6.741    6.741
            0.196000  0.339482  0.000000
  -18.271  -18.271  -10.244  -10.244   -8.776   -8.776   -5.922   -5.921    2.643    2.643
    3.641    3.641    4.512    4.512    6.766    6.766
            0.196667  0.340637  0.000000
  -18.253  -18.253  -10.267  -10.267   -8.797   -8.797   -5.901   -5.901    2.669    2.669
    3.611    3.612    4.537    4.537    6.791    6.791
            0.197333  0.341791  0.000000
  -18.235  -18.235  -10.290  -10.290   -8.818   -8.818   -5.881   -5.881    2.695    2.695
    3.582    3.582    4.562    4.562    6.816    6.816
            0.198000  0.342946  0.000000
  -18.217  -18.217  -10.312  -10.312   -8.838   -8.838   -5.861   -5.861    2.721    2.721
    3.553    3.553    4.587    4.588    6.841    6.841
            0.198667  0.344101  0.000000
  -18.199  -18.199  -10.335  -10.335   -8.859   -8.859   -5.841   -5.841    2.747    2.747
    3.524    3.524    4.613    4.613    6.866    6.866
            0.199333  0.345255  0.000000
  -18.181  -18.181  -10.358  -10.358   -8.880   -8.880   -5.820   -5.820    2.774    2.774
    3.495    3.495    4.638    4.639    6.891    6.891
            0.200000  0.346410  0.000000
  -18.163  -18.163  -10.381  -10.381   -8.901   -8.901   -5.800   -5.800    2.800    2.800
    3.466    3.466    4.664    4.664    6.916    6.916
            0.200667  0.347565  0.000000
  -18.145  -18.145  -10.403  -10.403   -8.922   -8.921   -5.780   -5.780    2.826    2.826
    3.437    3.437    4.690    4.690    6.942    6.942
            0.201333  0.348720  0.000000
  -18.127  -18.127  -10.426  -10.426   -8.942   -8.942   -5.759   -5.759    2.853    2.853
    3.408    3.408    4.715    4.716    6.967    6.967
            0.202000  0.349874  0.000000
  -18.108  -18.108  -10.448  -10.448   -8.963   -8.963   -5.739   -5.739    2.879    2.879
    3.379    3.379    4.741    4.741    6.993    6.993
            0.202667  0.351029  0.000000
  -18.090  -18.090  -10.471  -10.471   -8.984   -8.984   -5.718   -5.718    2.906    2.906
    3.350    3.350    4.767    4.767    7.018    7.018
            0.203333  0.352184  0.000000
  -18.072  -18.072  -10.494  -10.493   -9.004   -9.004   -5.698   -5.698    2.933    2.933
    3.321    3.321    4.793    4.793    7.044    7.044
            0.204000  0.353338  0.000000
  -18.053  -18.053  -10.516  -10.516   -9.025   -9.025   -5.677   -5.677    2.959    2.959
    3.292    3.292    4.819    4.820    7.070    7.070
            0.204667  0.354493  0.000000
  -18.035  -18.035  -10.538  -10.538   -9.046   -9.046   -5.656   -5.656    2.986    2.986
    3.263    3.263    4.846    4.846    7.095    7.095
            0.205333  0.355648  0.000000
  -18.017  -18.017  -10.561  -10.561   -9.066   -9.066   -5.636   -5.636    3.013    3.013
    3.234    3.235    4.872    4.872    7.121    7.121
            0.206000  0.356802  0.000000
  -17.998  -17.998  -10.583  -10.583   -9.087   -9.087   -5.615   -5.615    3.040    3.040
    3.206    3.206    4.898    4.898    7.147    7.147
            0.206667  0.357957  0.000000
  -17.979  -17.979  -10.605  -10.605   -9.108   -9.108   -5.594   -5.594    3.067    3.067
    3.177    3.177    4.925    4.925    7.173    7.173
            0.207333  0.359112  0.000000
  -17.961  -17.961  -10.628  -10.628   -9.128   -9.128   -5.573   -5.573    3.095    3.095
    3.148    3.148    4.951    4.951    7.200    7.200
            0.208000  0.360267  0.000000
  -17.942  -17.942  -10.650  -10.650   -9.149   -9.149   -5.552   -5.552    3.119    3.120
    3.122    3.122    4.978    4.978    7.226    7.226
            0.208667  0.361421  0.000000
  -17.923  -17.923  -10.672  -10.672   -9.169   -9.169   -5.531   -5.531    3.091    3.091
    3.149    3.149    5.004    5.004    7.252    7.252
            0.209333  0.362576  0.000000
  -17.904  -17.904  -10.694  -10.694   -9.190   -9.190   -5.510   -5.510    3.062    3.062
    3.177    3.177    5.031    5.031    7.279    7.279
            0.210000  0.363731  0.000000
  -17.886  -17.886  -10.717  -10.717   -9.210   -9.210   -5.489   -5.489    3.033    3.034
    3.205    3.205    5.058    5.058    7.305    7.305
            0.210667  0.364885  0.000000
  -17.867  -17.867  -10.739  -10.739   -9.231   -9.231   -5.468   -5.468    3.005    3.005
    3.232    3.232    5.085    5.085    7.332    7.332
            0.211333  0.366040  0.000000
  -17.848  -17.848  -10.761  -10.761   -9.251   -9.251   -5.447   -5.447    2.976    2.976
    3.260    3.260    5.112    5.112    7.358    7.358
            0.212000  0.367195  0.000000
  -17.829  -17.829  -10.783  -10.783   -9.272   -9.272   -5.426   -5.426    2.948    2.948
    3.288    3.288    5.139    5.139    7.385    7.385
            0.212667  0.368349  0.000000
  -17.810  -17.810  -10.805  -10.805   -9.292   -9.292   -5.405   -5.405    2.919    2.919
    3.316    3.316    5.166    5.166    7.412    7.412
            0.213333  0.369504  0.000000
  -17.791  -17.791  -10.827  -10.827   -9.313   -9.313   -5.384   -5.383    2.891    2.891
    3.344    3.344    5.193    5.193    7.438    7.438
            0.214000  0.370659  0.000000
  -17.771  -17.771  -10.849  -10.848   -9.333   -9.333   -5.362   -5.362    2.862    2.863
    3.372    3.372    5.220    5.221    7.465    7.465
            0.214667  0.371814  0.000000
  -17.752  -17.752  -10.870  -10.870   -9.353   -9.353   -5.341   -5.341    2.834    2.834
    3.400    3.400    5.248    5.248    7.492    7.492
            0.215333  0.372968  0.000000
  -17.733  -17.733  -10.892  -10.892   -9.374   -9.374   -5.320   -5.320    2.806    2.806
    3.429    3.429    5.275    5.275    7.519    7.519
            0.216000  0.374123  0.000000
  -17.714  -17.714  -10.914  -10.914   -9.394   -9.394   -5.298   -5.298    2.777    2.777
    3.457    3.457    5.303    5.303    7.547    7.547
            0.216667  0.375278  0.000000
  -17.694  -17.694  -10.936  -10.936   -9.414   -9.414   -5.277   -5.277    2.749    2.749
    3.485    3.485    5.330    5.330    7.574    7.574
            0.217333  0.376432  0.000000
  -17.675  -17.675  -10.957  -10.957   -9.435   -9.435   -5.255   -5.255    2.721    2.721
    3.514    3.514    5.358    5.358    7.601    7.601
            0.218000  0.377587  0.000000
  -17.655  -17.655  -10.979  -10.979   -9.455   -9.455   -5.234   -5.234    2.693    2.693
    3.543    3.543    5.386    5.386    7.629    7.629
            0.218667  0.378742  0.000000
  -17.636  -17.636  -11.001  -11.001   -9.475   -9.475   -5.212   -5.212    2.664    2.665
    3.571    3.571    5.414    5.414    7.656    7.656
            0.219333  0.379896  0.000000
  -17.616  -17.616  -11.022  -11.022   -9.495   -9.495   -5.191   -5.190    2.636    2.636
    3.600    3.600    5.441    5.442    7.684    7.684
            0.220000  0.381051  0.000000
  -17.597  -17.597  -11.044  -11.044   -9.515   -9.515   -5.169   -5.169    2.608    2.608
    3.629    3.629    5.469    5.470    7.711    7.711
            0.220667  0.382206  0.000000
  -17.577  -17.577  -11.065  -11.065   -9.536   -9.536   -5.147   -5.147    2.580    2.580
    3.658    3.658    5.498    5.498    7.739    7.739
            0.221333  0.383361  0.000000
  -17.557  -17.557  -11.087  -11.087   -9.556   -9.556   -5.125   -5.125    2.552    2.552
    3.687    3.687    5.526    5.526    7.767    7.767
            0.222000  0.384515  0.000000
  -17.538  -17.538  -11.108  -11.108   -9.576   -9.576   -5.104   -5.104    2.524    2.524
    3.716    3.716    5.554    5.554    7.794    7.794
            0.222667  0.385670  0.000000
  -17.518  -17.518  -11.130  -11.129   -9.596   -9.596   -5.082   -5.082    2.496    2.496
    3.746    3.746    5.582    5.582    7.822    7.822
            0.223333  0.386825  0.000000
  -17.498  -17.498  -11.151  -11.151   -9.616   -9.616   -5.060   -5.060    2.468    2.468
    3.775    3.775    5.611    5.611    7.850    7.850
            0.224000  0.387979  0.000000
  -17.478  -17.478  -11.172  -11.172   -9.636   -9.636   -5.038   -5.038    2.440    2.441
    3.804    3.804    5.639    5.639    7.878    7.878
            0.224667  0.389134  0.000000
  -17.458  -17.458  -11.193  -11.193   -9.656   -9.656   -5.016   -5.016    2.413    2.413
    3.834    3.834    5.667    5.668    7.907    7.907
            0.225333  0.390289  0.000000
  -17.438  -17.438  -11.215  -11.215   -9.676   -9.676   -4.994   -4.994    2.385    2.385
    3.863    3.863    5.696    5.696    7.935    7.935
            0.226000  0.391443  0.000000
  -17.418  -17.418  -11.236  -11.236   -9.696   -9.696   -4.972   -4.972    2.357    2.357
    3.893    3.893    5.725    5.725    7.963    7.963
            0.226667  0.392598  0.000000
  -17.398  -17.398  -11.257  -11.257   -9.716   -9.716   -4.950   -4.950    2.329    2.329
    3.923    3.923    5.753    5.754    7.991    7.991
            0.227333  0.393753  0.000000
  -17.378  -17.378  -11.278  -11.278   -9.736   -9.736   -4.928   -4.928    2.302    2.302
    3.953    3.953    5.782    5.783    8.020    8.020
            0.228000  0.394908  0.000000
  -17.358  -17.358  -11.299  -11.299   -9.755   -9.755   -4.906   -4.906    2.274    2.274
    3.983    3.983    5.811    5.811    8.048    8.048
            0.228667  0.396062  0.000000
  -17.337  -17.337  -11.320  -11.320   -9.775   -9.775   -4.884   -4.884    2.246    2.247
    4.013    4.013    5.840    5.840    8.077    8.077
            0.229333  0.397217  0.000000
  -17.317  -17.317  -11.341  -11.341   -9.795   -9.795   -4.862   -4.862    2.219    2.219
    4.043    4.043    5.869    5.869    8.106    8.106
            0.230000  0.398372  0.000000
  -17.297  -17.297  -11.362  -11.362   -9.815   -9.815   -4.840   -4.840    2.191    2.191
    4.073    4.073    5.898    5.899    8.134    8.134
            0.230667  0.399526  0.000000
  -17.276  -17.276  -11.383  -11.383   -9.834   -9.834   -4.818   -4.818    2.164    2.164
    4.103    4.103    5.928    5.928    8.163    8.163
            0.231333  0.400681  0.000000
  -17.256  -17.256  -11.403  -11.403   -9.854   -9.854   -4.796   -4.795    2.136    2.137
    4.134    4.134    5.957    5.957    8.192    8.192
            0.232000  0.401836  0.000000
  -17.236  -17.236  -11.424  -11.424   -9.874   -9.874   -4.773   -4.773    2.109    2.109
    4.164    4.164    5.986    5.986    8.221    8.221
            0.232667  0.402990  0.000000
  -17.215  -17.215  -11.445  -11.445   -9.893   -9.893   -4.751   -4.751    2.082    2.082
    4.195    4.195    6.015    6.016    8.250    8.250
            0.233333  0.404145  0.000000
  -17.195  -17.194  -11.466  -11.466   -9.913   -9.913   -4.729   -4.729    2.054    2.055
    4.226    4.226    6.045    6.045    8.279    8.279
            0.234000  0.405300  0.000000
  -17.174  -17.174  -11.486  -11.486   -9.932   -9.932   -4.706   -4.706    2.027    2.027
    4.256    4.256    6.075    6.075    8.308    8.308
            0.234667  0.406455  0.000000
  -17.153  -17.153  -11.507  -11.507   -9.952   -9.952   -4.684   -4.684    2.000    2.000
    4.287    4.287    6.104    6.104    8.337    8.337
            0.235333  0.407609  0.000000
  -17.133  -17.133  -11.527  -11.527   -9.971   -9.971   -4.662   -4.662    1.973    1.973
    4.318    4.318    6.134    6.134    8.367    8.367
            0.236000  0.408764  0.000000
  -17.112  -17.112  -11.548  -11.548   -9.991   -9.991   -4.639   -4.639    1.946    1.946
    4.349    4.349    6.164    6.164    8.396    8.396
            0.236667  0.409919  0.000000
  -17.091  -17.091  -11.568  -11.568  -10.010  -10.010   -4.617   -4.617    1.919    1.919
    4.380    4.380    6.193    6.194    8.426    8.426
            0.237333  0.411073  0.000000
  -17.070  -17.070  -11.589  -11.589  -10.029  -10.029   -4.594   -4.594    1.892    1.892
    4.411    4.411    6.223    6.224    8.455    8.455
            0.238000  0.412228  0.000000
  -17.049  -17.049  -11.609  -11.609  -10.049  -10.049   -4.572   -4.572    1.865    1.865
    4.443    4.443    6.253    6.253    8.485    8.485
            0.238667  0.413383  0.000000
  -17.029  -17.029  -11.630  -11.630  -10.068  -10.068   -4.549   -4.549    1.838    1.838
    4.474    4.474    6.283    6.283    8.514    8.514
            0.239333  0.414537  0.000000
  -17.008  -17.008  -11.650  -11.650  -10.087  -10.087   -4.527   -4.527    1.811    1.811
    4.505    4.505    6.313    6.314    8.544    8.544
            0.240000  0.415692  0.000000
  -16.987  -16.987  -11.670  -11.670  -10.106  -10.106   -4.504   -4.504    1.784    1.784
    4.537    4.537    6.343    6.344    8.574    8.574
            0.240667  0.416847  0.000000
  -16.966  -16.966  -11.690  -11.690  -10.126  -10.126   -4.481   -4.481    1.757    1.757
    4.569    4.569    6.374    6.374    8.604    8.604
            0.241333  0.418002  0.000000
  -16.945  -16.944  -11.711  -11.711  -10.145  -10.145   -4.459   -4.459    1.730    1.731
    4.600    4.600    6.404    6.404    8.633    8.633
            0.242000  0.419156  0.000000
  -16.923  -16.923  -11.731  -11.731  -10.164  -10.164   -4.436   -4.436    1.704    1.704
    4.632    4.632    6.434    6.435    8.663    8.663
            0.242667  0.420311  0.000000
  -16.902  -16.902  -11.751  -11.751  -10.183  -10.183   -4.413   -4.413    1.677    1.677
    4.664    4.664    6.465    6.465    8.693    8.693
            0.243333  0.421466  0.000000
  -16.881  -16.881  -11.771  -11.771  -10.202  -10.202   -4.391   -4.391    1.650    1.651
    4.696    4.696    6.495    6.496    8.724    8.724
            0.244000  0.422620  0.000000
  -16.860  -16.860  -11.791  -11.791  -10.221  -10.221   -4.368   -4.368    1.624    1.624
    4.728    4.728    6.526    6.526    8.754    8.754
            0.244667  0.423775  0.000000
  -16.839  -16.839  -11.811  -11.811  -10.240  -10.240   -4.345   -4.345    1.597    1.597
    4.760    4.760    6.556    6.557    8.784    8.784
            0.245333  0.424930  0.000000
  -16.817  -16.817  -11.831  -11.831  -10.259  -10.259   -4.323   -4.322    1.571    1.571
    4.792    4.792    6.587    6.587    8.814    8.814
            0.246000  0.426084  0.000000
  -16.796  -16.796  -11.850  -11.850  -10.277  -10.277   -4.300   -4.300    1.544    1.545
    4.825    4.825    6.618    6.618    8.845    8.845
            0.246667  0.427239  0.000000
  -16.774  -16.774  -11.870  -11.870  -10.296  -10.296   -4.277   -4.277    1.518    1.518
    4.857    4.857    6.649    6.649    8.875    8.875
            0.247333  0.428394  0.000000
  -16.753  -16.753  -11.890  -11.890  -10.315  -10.315   -4.254   -4.254    1.492    1.492
    4.890    4.890    6.679    6.680    8.905    8.905
            0.248000  0.429549  0.000000
  -16.732  -16.732  -11.910  -11.910  -10.334  -10.334   -4.231   -4.231    1.465    1.466
    4.922    4.922    6.710    6.711    8.936    8.936
            0.248667  0.430703  0.000000
  -16.710  -16.710  -11.929  -11.929  -10.352  -10.352   -4.208   -4.208    1.439    1.439
    4.955    4.955    6.741    6.742    8.966    8.966
            0.249333  0.431858  0.000000
  -16.689  -16.689  -11.949  -11.949  -10.371  -10.371   -4.186   -4.185    1.413    1.413
    4.988    4.988    6.772    6.773    8.997    8.997
            0.250000  0.433013  0.000000
  -16.667  -16.667  -11.969  -11.968  -10.390  -10.390   -4.163   -4.163    1.387    1.387
    5.020    5.020    6.803    6.804    9.028    9.028
            0.250667  0.434167  0.000000
  -16.645  -16.645  -11.988  -11.988  -10.408  -10.408   -4.140   -4.140    1.361    1.361
    5.053    5.053    6.835    6.835    9.058    9.058
            0.251333  0.435322  0.000000
  -16.624  -16.624  -12.008  -12.007  -10.427  -10.427   -4.117   -4.117    1.335    1.335
    5.086    5.086    6.866    6.866    9.089    9.089
            0.252000  0.436477  0.000000
  -16.602  -16.602  -12.027  -12.027  -10.445  -10.445   -4.094   -4.094    1.309    1.309
    5.119    5.119    6.897    6.897    9.120    9.120
            0.252667  0.437632  0.000000
  -16.580  -16.580  -12.046  -12.046  -10.463  -10.463   -4.071   -4.071    1.283    1.283
    5.153    5.153    6.928    6.929    9.151    9.151
            0.253333  0.438786  0.000000
  -16.558  -16.558  -12.066  -12.066  -10.482  -10.482   -4.048   -4.048    1.257    1.257
    5.186    5.186    6.960    6.960    9.182    9.182
            0.254000  0.439941  0.000000
  -16.537  -16.537  -12.085  -12.085  -10.500  -10.500   -4.025   -4.025    1.231    1.231
    5.219    5.219    6.991    6.991    9.213    9.213
            0.254667  0.441096  0.000000
  -16.515  -16.515  -12.104  -12.104  -10.518  -10.518   -4.002   -4.002    1.205    1.206
    5.253    5.253    7.022    7.023    9.244    9.244
            0.255333  0.442250  0.000000
  -16.493  -16.493  -12.123  -12.123  -10.536  -10.536   -3.979   -3.979    1.180    1.180
    5.286    5.286    7.054    7.054    9.275    9.275
            0.256000  0.443405  0.000000
  -16.471  -16.471  -12.143  -12.143  -10.555  -10.555   -3.956   -3.956    1.154    1.154
    5.320    5.320    7.085    7.086    9.306    9.306
            0.256667  0.444560  0.000000
  -16.449  -16.449  -12.162  -12.162  -10.573  -10.573   -3.933   -3.933    1.128    1.129
    5.353    5.353    7.117    7.117    9.337    9.337
            0.257333  0.445714  0.000000
  -16.427  -16.427  -12.181  -12.181  -10.591  -10.591   -3.910   -3.910    1.103    1.103
    5.387    5.387    7.149    7.149    9.368    9.368
            0.258000  0.446869  0.000000
  -16.405  -16.405  -12.200  -12.200  -10.609  -10.609   -3.887   -3.887    1.077    1.078
    5.421    5.421    7.180    7.180    9.399    9.399
            0.258667  0.448024  0.000000
  -16.383  -16.383  -12.219  -12.219  -10.627  -10.627   -3.864   -3.864    1.052    1.052
    5.455    5.455    7.212    7.212    9.430    9.430
            0.259333  0.449179  0.000000
  -16.361  -16.361  -12.238  -12.238  -10.645  -10.645   -3.841   -3.841    1.027    1.027
    5.489    5.489    7.244    7.244    9.460    9.461
            0.260000  0.450333  0.000000
  -16.339  -16.339  -12.257  -12.257  -10.662  -10.662   -3.818   -3.818    1.001    1.001
    5.523    5.523    7.275    7.276    9.491    9.491
            0.260667  0.451488  0.000000
  -16.317  -16.317  -12.275  -12.275  -10.680  -10.680   -3.795   -3.795    0.976    0.976
    5.558    5.558    7.307    7.307    9.522    9.522
            0.261333  0.452643  0.000000
  -16.295  -16.295  -12.294  -12.294  -10.698  -10.698   -3.772   -3.772    0.951    0.951
    5.592    5.592    7.339    7.339    9.553    9.553
            0.262000  0.453797  0.000000
  -16.273  -16.272  -12.313  -12.313  -10.716  -10.716   -3.749   -3.748    0.925    0.926
    5.626    5.626    7.371    7.371    9.583    9.583
            0.262667  0.454952  0.000000
  -16.250  -16.250  -12.332  -12.332  -10.733  -10.733   -3.726   -3.725    0.900    0.900
    5.661    5.661    7.403    7.403    9.613    9.613
            0.263333  0.456107  0.000000
  -16.228  -16.228  -12.350  -12.350  -10.751  -10.751   -3.702   -3.702    0.875    0.875
    5.695    5.695    7.434    7.435    9.643    9.643
            0.264000  0.457261  0.000000
  -16.206  -16.206  -12.369  -12.369  -10.768  -10.768   -3.679   -3.679    0.850    0.850
    5.730    5.730    7.466    7.467    9.671    9.672
            0.264667  0.458416  0.000000
  -16.183  -16.183  -12.387  -12.387  -10.786  -10.786   -3.656   -3.656    0.825    0.825
    5.765    5.765    7.498    7.499    9.699    9.699
            0.265333  0.459571  0.000000
  -16.161  -16.161  -12.406  -12.406  -10.803  -10.803   -3.633   -3.633    0.800    0.800
    5.799    5.799    7.530    7.531    9.724    9.725
            0.266000  0.460726  0.000000
  -16.139  -16.139  -12.424  -12.424  -10.820  -10.820   -3.610   -3.610    0.775    0.776
    5.834    5.834    7.562    7.562    9.747    9.748
            0.266667  0.461880  0.000000
  -16.116  -16.116  -12.443  -12.443  -10.838  -10.838   -3.587   -3.587    0.751    0.751
    5.869    5.869    7.594    7.594    9.766    9.767
            0.267333  0.463035  0.000000
  -16.094  -16.094  -12.461  -12.461  -10.855  -10.855   -3.564   -3.564    0.726    0.726
    5.904    5.904    7.626    7.626    9.781    9.782
            0.268000  0.464190  0.000000
  -16.072  -16.072  -12.479  -12.479  -10.872  -10.872   -3.541   -3.541    0.701    0.701
    5.940    5.940    7.658    7.658    9.792    9.793
            0.268667  0.465344  0.000000
  -16.049  -16.049  -12.498  -12.498  -10.889  -10.889   -3.518   -3.518    0.677    0.677
    5.975    5.975    7.690    7.690    9.800    9.800
            0.269333  0.466499  0.000000
  -16.027  -16.027  -12.516  -12.516  -10.906  -10.906   -3.495   -3.495    0.652    0.652
    6.010    6.010    7.722    7.722    9.805    9.806
            0.270000  0.467654  0.000000
  -16.004  -16.004  -12.534  -12.534  -10.923  -10.923   -3.472   -3.471    0.627    0.628
    6.046    6.046    7.754    7.754    9.809    9.810
            0.270667  0.468808  0.000000
  -15.982  -15.982  -12.552  -12.552  -10.940  -10.940   -3.448   -3.448    0.603    0.603
    6.081    6.081    7.786    7.786    9.812    9.813
            0.271333  0.469963  0.000000
  -15.959  -15.959  -12.570  -12.570  -10.957  -10.957   -3.425   -3.425    0.578    0.579
    6.117    6.117    7.818    7.818    9.814    9.815
            0.272000  0.471118  0.000000
  -15.937  -15.937  -12.588  -12.588  -10.974  -10.974   -3.402   -3.402    0.554    0.554
    6.152    6.152    7.849    7.850    9.816    9.816
            0.272667  0.472273  0.000000
  -15.914  -15.914  -12.606  -12.606  -10.990  -10.990   -3.379   -3.379    0.530    0.530
    6.188    6.188    7.881    7.882    9.817    9.817
            0.273333  0.473427  0.000000
  -15.891  -15.891  -12.624  -12.624  -11.007  -11.007   -3.356   -3.356    0.506    0.506
    6.224    6.224    7.913    7.913    9.817    9.818
            0.274000  0.474582  0.000000
  -15.869  -15.869  -12.642  -12.642  -11.024  -11.024   -3.333   -3.333    0.481    0.481
    6.260    6.260    7.945    7.945    9.818    9.818
            0.274667  0.475737  0.000000
  -15.846  -15.846  -12.660  -12.660  -11.040  -11.040   -3.310   -3.310    0.457    0.457
    6.296    6.296    7.976    7.977    9.817    9.818
            0.275333  0.476891  0.000000
  -15.824  -15.824  -12.678  -12.677  -11.056  -11.056   -3.287   -3.287    0.433    0.433
    6.332    6.332    8.008    8.008    9.817    9.818
            0.276000  0.478046  0.000000
  -15.801  -15.801  -12.695  -12.695  -11.073  -11.073   -3.264   -3.264    0.409    0.409
    6.368    6.368    8.039    8.040    9.817    9.817
            0.276667  0.479201  0.000000
  -15.778  -15.778  -12.713  -12.713  -11.089  -11.089   -3.241   -3.241    0.385    0.385
    6.405    6.405    8.071    8.071    9.816    9.816
            0.277333  0.480355  0.000000
  -15.756  -15.756  -12.731  -12.731  -11.105  -11.105   -3.218   -3.218    0.361    0.361
    6.441    6.441    8.102    8.102    9.815    9.816
            0.278000  0.481510  0.000000
  -15.733  -15.733  -12.748  -12.748  -11.121  -11.121   -3.195   -3.195    0.337    0.338
    6.477    6.477    8.133    8.134    9.814    9.815
            0.278667  0.482665  0.000000
  -15.710  -15.710  -12.766  -12.766  -11.137  -11.137   -3.172   -3.172    0.314    0.314
    6.514    6.514    8.164    8.165    9.813    9.814
            0.279333  0.483820  0.000000
  -15.688  -15.688  -12.783  -12.783  -11.153  -11.153   -3.149   -3.149    0.290    0.290
    6.551    6.551    8.195    8.196    9.812    9.813
            0.280000  0.484974  0.000000
  -15.665  -15.665  -12.801  -12.801  -11.169  -11.169   -3.126   -3.126    0.266    0.266
    6.587    6.587    8.226    8.227    9.811    9.812
            0.280667  0.486129  0.000000
  -15.642  -15.642  -12.818  -12.818  -11.185  -11.185   -3.103   -3.103    0.243    0.243
    6.624    6.624    8.257    8.257    9.810    9.811
            0.281333  0.487284  0.000000
  -15.619  -15.619  -12.835  -12.835  -11.201  -11.201   -3.080   -3.080    0.219    0.219
    6.661    6.661    8.287    8.288    9.809    9.809
            0.282000  0.488438  0.000000
  -15.597  -15.597  -12.853  -12.853  -11.217  -11.217   -3.058   -3.058    0.196    0.196
    6.698    6.698    8.318    8.318    9.808    9.809
            0.282667  0.489593  0.000000
  -15.574  -15.574  -12.870  -12.870  -11.232  -11.232   -3.035   -3.035    0.172    0.172
    6.735    6.735    8.348    8.348    9.807    9.808
            0.283333  0.490748  0.000000
  -15.551  -15.551  -12.887  -12.887  -11.248  -11.248   -3.012   -3.012    0.149    0.149
    6.772    6.772    8.378    8.378    9.807    9.807
            0.284000  0.491902  0.000000
  -15.529  -15.528  -12.904  -12.904  -11.263  -11.263   -2.989   -2.989    0.125    0.126
    6.809    6.809    8.407    8.408    9.806    9.806
            0.284667  0.493057  0.000000
  -15.506  -15.506  -12.921  -12.921  -11.278  -11.278   -2.966   -2.966    0.102    0.102
    6.846    6.847    8.437    8.437    9.806    9.806
            0.285333  0.494212  0.000000
  -15.483  -15.483  -12.938  -12.938  -11.294  -11.294   -2.944   -2.943    0.079    0.079
    6.884    6.884    8.466    8.466    9.805    9.806
            0.286000  0.495367  0.000000
  -15.460  -15.460  -12.955  -12.955  -11.309  -11.309   -2.921   -2.921    0.056    0.056
    6.921    6.921    8.495    8.495    9.805    9.806
            0.286667  0.496521  0.000000
  -15.438  -15.438  -12.972  -12.972  -11.324  -11.324   -2.898   -2.898    0.033    0.033
    6.959    6.959    8.523    8.523    9.806    9.806
            0.287333  0.497676  0.000000
  -15.415  -15.415  -12.989  -12.989  -11.339  -11.339   -2.875   -2.875    0.010    0.010
    6.996    6.996    8.551    8.552    9.806    9.807
            0.288000  0.498831  0.000000
  -15.392  -15.392  -13.006  -13.006  -11.354  -11.354   -2.853   -2.853   -0.013   -0.013
    7.034    7.034    8.579    8.579    9.807    9.808
            0.288667  0.499985  0.000000
  -15.369  -15.369  -13.023  -13.023  -11.369  -11.369   -2.830   -2.830   -0.036   -0.036
    7.072    7.072    8.606    8.606    9.809    9.809
            0.289333  0.501140  0.000000
  -15.347  -15.347  -13.039  -13.039  -11.383  -11.383   -2.807   -2.807   -0.059   -0.059
    7.110    7.110    8.633    8.633    9.811    9.811
            0.290000  0.502295  0.000000
  -15.324  -15.324  -13.056  -13.056  -11.398  -11.398   -2.785   -2.785   -0.082   -0.082
    7.148    7.148    8.659    8.660    9.813    9.813
            0.290667  0.503449  0.000000
  -15.301  -15.301  -13.073  -13.073  -11.412  -11.412   -2.762   -2.762   -0.104   -0.104
    7.186    7.186    8.685    8.685    9.816    9.816
            0.291333  0.504604  0.000000
  -15.279  -15.279  -13.089  -13.089  -11.427  -11.427   -2.740   -2.740   -0.127   -0.127
    7.224    7.224    8.710    8.710    9.819    9.819
            0.292000  0.505759  0.000000
  -15.256  -15.256  -13.106  -13.106  -11.441  -11.441   -2.717   -2.717   -0.150   -0.150
    7.262    7.262    8.735    8.735    9.823    9.823
            0.292667  0.506914  0.000000
  -15.234  -15.234  -13.122  -13.122  -11.455  -11.455   -2.695   -2.695   -0.172   -0.172
    7.300    7.300    8.759    8.759    9.828    9.828
            0.293333  0.508068  0.000000
  -15.211  -15.211  -13.139  -13.139  -11.469  -11.469   -2.672   -2.672   -0.195   -0.195
    7.338    7.339    8.782    8.782    9.833    9.833
            0.294000  0.509223  0.000000
  -15.188  -15.188  -13.155  -13.155  -11.483  -11.483   -2.650   -2.650   -0.217   -0.217
    7.377    7.377    8.804    8.805    9.839    9.839
            0.294667  0.510378  0.000000
  -15.166  -15.166  -13.172  -13.172  -11.497  -11.497   -2.628   -2.628   -0.240   -0.239
    7.415    7.415    8.826    8.827    9.846    9.846
            0.295333  0.511532  0.000000
  -15.143  -15.143  -13.188  -13.188  -11.511  -11.511   -2.605   -2.605   -0.262   -0.262
    7.454    7.454    8.847    8.848    9.853    9.853
            0.296000  0.512687  0.000000
  -15.121  -15.121  -13.204  -13.204  -11.525  -11.525   -2.583   -2.583   -0.284   -0.284
    7.493    7.493    8.867    8.868    9.862    9.862
            0.296667  0.513842  0.000000
  -15.099  -15.098  -13.220  -13.220  -11.538  -11.538   -2.561   -2.561   -0.306   -0.306
    7.531    7.531    8.887    8.887    9.871    9.871
            0.297333  0.514996  0.000000
  -15.076  -15.076  -13.236  -13.236  -11.552  -11.552   -2.539   -2.538   -0.328   -0.328
    7.570    7.570    8.905    8.905    9.881    9.881
            0.298000  0.516151  0.000000
  -15.054  -15.054  -13.253  -13.253  -11.565  -11.565   -2.516   -2.516   -0.350   -0.350
    7.609    7.609    8.923    8.923    9.892    9.892
            0.298667  0.517306  0.000000
  -15.031  -15.031  -13.269  -13.269  -11.578  -11.578   -2.494   -2.494   -0.372   -0.372
    7.648    7.648    8.939    8.940    9.904    9.904
            0.299333  0.518461  0.000000
  -15.009  -15.009  -13.285  -13.285  -11.591  -11.591   -2.472   -2.472   -0.394   -0.394
    7.687    7.687    8.955    8.955    9.917    9.917
            0.300000  0.519615  0.000000
  -14.987  -14.987  -13.301  -13.300  -11.604  -11.604   -2.450   -2.450   -0.416   -0.416
    7.726    7.726    8.970    8.970    9.931    9.931
            0.300667  0.520770  0.000000
  -14.965  -14.965  -13.316  -13.316  -11.617  -11.617   -2.428   -2.428   -0.438   -0.438
    7.765    7.765    8.984    8.984    9.946    9.946
            0.301333  0.521925  0.000000
  -14.943  -14.943  -13.332  -13.332  -11.629  -11.629   -2.406   -2.406   -0.460   -0.459
    7.804    7.804    8.997    8.997    9.962    9.962
            0.302000  0.523079  0.000000
  -14.921  -14.920  -13.348  -13.348  -11.642  -11.642   -2.384   -2.384   -0.481   -0.481
    7.843    7.843    9.009    9.009    9.979    9.979
            0.302667  0.524234  0.000000
  -14.899  -14.898  -13.364  -13.364  -11.654  -11.654   -2.362   -2.362   -0.503   -0.503
    7.882    7.882    9.020    9.020    9.996    9.996
            0.303333  0.525389  0.000000
  -14.877  -14.877  -13.379  -13.379  -11.666  -11.666   -2.341   -2.341   -0.524   -0.524
    7.922    7.922    9.030    9.030   10.015   10.015
            0.304000  0.526543  0.000000
  -14.855  -14.855  -13.395  -13.395  -11.678  -11.678   -2.319   -2.319   -0.546   -0.546
    7.961    7.961    9.040    9.040   10.034   10.034
            0.304667  0.527698  0.000000
  -14.833  -14.833  -13.411  -13.411  -11.690  -11.690   -2.297   -2.297   -0.567   -0.567
    8.001    8.001    9.048    9.049   10.054   10.054
            0.305333  0.528853  0.000000
  -14.811  -14.811  -13.426  -13.426  -11.702  -11.702   -2.276   -2.275   -0.589   -0.588
    8.040    8.040    9.056    9.057   10.075   10.075
            0.306000  0.530008  0.000000
  -14.789  -14.789  -13.442  -13.442  -11.714  -11.714   -2.254   -2.254   -0.610   -0.610
    8.079    8.080    9.064    9.064   10.096   10.096
            0.306667  0.531162  0.000000
  -14.768  -14.768  -13.457  -13.457  -11.725  -11.725   -2.232   -2.232   -0.631   -0.631
    8.119    8.119    9.070    9.070   10.118   10.118
            0.307333  0.532317  0.000000
  -14.746  -14.746  -13.473  -13.472  -11.736  -11.736   -2.211   -2.211   -0.652   -0.652
    8.159    8.159    9.076    9.076   10.140   10.141
            0.308000  0.533472  0.000000
  -14.725  -14.725  -13.488  -13.488  -11.747  -11.747   -2.189   -2.189   -0.673   -0.673
    8.198    8.198    9.082    9.082   10.163   10.164
            0.308667  0.534626  0.000000
  -14.704  -14.704  -13.503  -13.503  -11.758  -11.758   -2.168   -2.168   -0.694   -0.694
    8.238    8.238    9.087    9.087   10.187   10.187
            0.309333  0.535781  0.000000
  -14.682  -14.682  -13.518  -13.518  -11.769  -11.769   -2.147   -2.147   -0.715   -0.715
    8.277    8.277    9.091    9.092   10.210   10.210
            0.310000  0.536936  0.000000
  -14.661  -14.661  -13.534  -13.534  -11.780  -11.780   -2.125   -2.125   -0.736   -0.736
    8.317    8.317    9.096    9.096   10.234   10.234
            0.310667  0.538090  0.000000
  -14.640  -14.640  -13.549  -13.549  -11.790  -11.790   -2.104   -2.104   -0.757   -0.757
    8.356    8.356    9.099    9.100   10.257   10.257
            0.311333  0.539245  0.000000
  -14.619  -14.619  -13.564  -13.564  -11.800  -11.800   -2.083   -2.083   -0.778   -0.778
    8.396    8.396    9.103    9.103   10.280   10.280
            0.312000  0.540400  0.000000
  -14.598  -14.598  -13.579  -13.579  -11.810  -11.810   -2.062   -2.062   -0.798   -0.798
    8.435    8.435    9.106    9.106   10.302   10.303
            0.312667  0.541555  0.000000
  -14.578  -14.578  -13.594  -13.594  -11.820  -11.820   -2.041   -2.041   -0.819   -0.819
    8.474    8.474    9.109    9.110   10.324   10.324
            0.313333  0.542709  0.000000
  -14.557  -14.557  -13.609  -13.609  -11.829  -11.829   -2.020   -2.020   -0.840   -0.840
    8.513    8.513    9.113    9.113   10.343   10.343
            0.314000  0.543864  0.000000
  -14.537  -14.537  -13.624  -13.624  -11.839  -11.839   -1.999   -1.999   -0.860   -0.860
    8.552    8.552    9.116    9.116   10.359   10.359
            0.314667  0.545019  0.000000
  -14.517  -14.517  -13.638  -13.638  -11.848  -11.848   -1.978   -1.978   -0.881   -0.881
    8.591    8.591    9.119    9.119   10.371   10.371
            0.315333  0.546173  0.000000
  -14.496  -14.496  -13.653  -13.653  -11.857  -11.857   -1.958   -1.957   -0.901   -0.901
    8.629    8.629    9.122    9.122   10.377   10.377
            0.316000  0.547328  0.000000
  -14.476  -14.476  -13.668  -13.668  -11.866  -11.866   -1.937   -1.937   -0.921   -0.921
    8.666    8.666    9.126    9.126   10.376   10.377
            0.316667  0.548483  0.000000
  -14.457  -14.457  -13.683  -13.683  -11.874  -11.874   -1.916   -1.916   -0.942   -0.941
    8.704    8.704    9.130    9.130   10.370   10.370
            0.317333  0.549637  0.000000
  -14.437  -14.437  -13.697  -13.697  -11.882  -11.882   -1.896   -1.896   -0.962   -0.962
    8.740    8.740    9.135    9.135   10.359   10.359
            0.318000  0.550792  0.000000
  -14.417  -14.417  -13.712  -13.712  -11.890  -11.890   -1.875   -1.875   -0.982   -0.982
    8.775    8.775    9.141    9.141   10.336   10.336
            0.318667  0.551947  0.000000
  -14.398  -14.398  -13.726  -13.726  -11.898  -11.898   -1.855   -1.855   -1.002   -1.002
    8.809    8.809    9.148    9.148   10.313   10.313
            0.319333  0.553102  0.000000
  -14.379  -14.379  -13.741  -13.741  -11.905  -11.905   -1.834   -1.834   -1.022   -1.022
    8.842    8.842    9.156    9.156   10.289   10.289
            0.320000  0.554256  0.000000
  -14.360  -14.360  -13.755  -13.755  -11.912  -11.912   -1.814   -1.814   -1.042   -1.042
    8.872    8.872    9.167    9.167   10.266   10.266
            0.320667  0.555411  0.000000
  -14.341  -14.341  -13.769  -13.769  -11.919  -11.919   -1.794   -1.794   -1.062   -1.062
    8.900    8.900    9.180    9.180   10.242   10.242
            0.321333  0.556566  0.000000
  -14.323  -14.323  -13.784  -13.784  -11.926  -11.926   -1.774   -1.774   -1.081   -1.081
    8.924    8.924    9.197    9.197   10.219   10.219
            0.322000  0.557720  0.000000
  -14.304  -14.304  -13.798  -13.798  -11.932  -11.932   -1.754   -1.754   -1.101   -1.101
    8.945    8.945    9.216    9.216   10.196   10.196
            0.322667  0.558875  0.000000
  -14.286  -14.286  -13.812  -13.812  -11.938  -11.938   -1.734   -1.734   -1.121   -1.121
    8.963    8.963    9.239    9.239   10.173   10.173
            0.323333  0.560030  0.000000
  -14.268  -14.268  -13.826  -13.826  -11.944  -11.944   -1.714   -1.714   -1.140   -1.140
    8.978    8.978    9.266    9.266   10.149   10.149
            0.324000  0.561184  0.000000
  -14.251  -14.251  -13.840  -13.840  -11.949  -11.949   -1.694   -1.694   -1.160   -1.160
    8.989    8.989    9.295    9.295   10.126   10.127
            0.324667  0.562339  0.000000
  -14.233  -14.233  -13.855  -13.855  -11.955  -11.955   -1.674   -1.674   -1.179   -1.179
    8.999    8.999    9.327    9.327   10.104   10.104
            0.325333  0.563494  0.000000
  -14.216  -14.216  -13.869  -13.869  -11.959  -11.959   -1.655   -1.655   -1.199   -1.199
    9.006    9.006    9.361    9.361   10.081   10.081
            0.326000  0.564649  0.000000
  -14.199  -14.199  -13.882  -13.882  -11.964  -11.964   -1.635   -1.635   -1.218   -1.218
    9.011    9.011    9.396    9.396   10.058   10.058
            0.326667  0.565803  0.000000
  -14.182  -14.182  -13.896  -13.896  -11.968  -11.968   -1.616   -1.616   -1.237   -1.237
    9.016    9.016    9.433    9.433   10.035   10.035
            0.327333  0.566958  0.000000
  -14.166  -14.166  -13.910  -13.910  -11.972  -11.972   -1.596   -1.596   -1.256   -1.256
    9.019    9.019    9.471    9.471   10.013   10.013
            0.328000  0.568113  0.000000
  -14.150  -14.150  -13.924  -13.924  -11.975  -11.975   -1.577   -1.577   -1.276   -1.275
    9.022    9.022    9.510    9.510    9.990    9.990
            0.328667  0.569267  0.000000
  -14.134  -14.134  -13.938  -13.938  -11.978  -11.978   -1.558   -1.558   -1.295   -1.294
    9.024    9.024    9.549    9.549    9.968    9.968
            0.329333  0.570422  0.000000
  -14.119  -14.119  -13.951  -13.951  -11.981  -11.981   -1.539   -1.539   -1.314   -1.313
    9.025    9.025    9.588    9.588    9.946    9.946
            0.330000  0.571577  0.000000
  -14.104  -14.104  -13.965  -13.965  -11.983  -11.983   -1.520   -1.520   -1.332   -1.332
    9.027    9.027    9.628    9.628    9.923    9.923
            0.330667  0.572731  0.000000
  -14.089  -14.089  -13.979  -13.979  -11.985  -11.985   -1.501   -1.501   -1.351   -1.351
    9.027    9.027    9.668    9.668    9.901    9.901
            0.331333  0.573886  0.000000
  -14.074  -14.074  -13.992  -13.992  -11.986  -11.986   -1.482   -1.482   -1.370   -1.370
    9.028    9.028    9.708    9.708    9.879    9.879
            0.332000  0.575041  0.000000
  -14.060  -14.060  -14.006  -14.006  -11.987  -11.987   -1.463   -1.463   -1.389   -1.389
    9.028    9.028    9.747    9.747    9.857    9.857
            0.332667  0.576196  0.000000
  -14.046  -14.046  -14.019  -14.019  -11.988  -11.988   -1.445   -1.444   -1.407   -1.407
    9.029    9.029    9.784    9.784    9.835    9.835
            0.333333  0.577350  0.000000
  -14.034  -14.034  -14.031  -14.031  -11.988  -11.988   -1.426   -1.426   -1.426   -1.426
    9.029    9.029    9.813    9.813    9.813    9.813
            0.333667  0.576773  0.000000
  -14.039  -14.039  -14.026  -14.026  -11.988  -11.988   -1.435   -1.435   -1.417   -1.417
    9.029    9.029    9.802    9.802    9.821    9.821
            0.334000  0.576196  0.000000
  -14.046  -14.046  -14.019  -14.019  -11.988  -11.988   -1.444   -1.444   -1.407   -1.407
    9.029    9.029    9.791    9.791    9.823    9.823
            0.334333  0.575618  0.000000
  -14.053  -14.052  -14.013  -14.013  -11.988  -11.988   -1.454   -1.454   -1.398   -1.398
    9.028    9.028    9.781    9.781    9.821    9.821
            0.334667  0.575041  0.000000
  -14.059  -14.059  -14.007  -14.006  -11.987  -11.987   -1.463   -1.463   -1.389   -1.389
    9.028    9.028    9.770    9.770    9.815    9.815
            0.335000  0.574464  0.000000
  -14.066  -14.066  -14.000  -14.000  -11.987  -11.987   -1.472   -1.472   -1.380   -1.380
    9.028    9.028    9.759    9.759    9.808    9.808
            0.335333  0.573886  0.000000
  -14.072  -14.072  -13.994  -13.994  -11.986  -11.986   -1.481   -1.481   -1.371   -1.371
    9.028    9.028    9.748    9.748    9.800    9.800
            0.335667  0.573309  0.000000
  -14.079  -14.079  -13.988  -13.988  -11.985  -11.985   -1.490   -1.490   -1.362   -1.362
    9.028    9.028    9.737    9.737    9.792    9.792
            0.336000  0.572731  0.000000
  -14.086  -14.085  -13.982  -13.982  -11.985  -11.985   -1.500   -1.499   -1.353   -1.352
    9.028    9.028    9.727    9.727    9.783    9.783
            0.336333  0.572154  0.000000
  -14.092  -14.092  -13.976  -13.976  -11.984  -11.984   -1.509   -1.509   -1.344   -1.343
    9.028    9.028    9.716    9.716    9.774    9.774
            0.336667  0.571577  0.000000
  -14.099  -14.099  -13.970  -13.970  -11.983  -11.983   -1.518   -1.518   -1.334   -1.334
    9.027    9.027    9.705    9.705    9.764    9.764
            0.337000  0.570999  0.000000
  -14.105  -14.105  -13.965  -13.965  -11.981  -11.981   -1.527   -1.527   -1.325   -1.325
    9.027    9.027    9.695    9.695    9.755    9.755
            0.337333  0.570422  0.000000
  -14.112  -14.112  -13.959  -13.959  -11.980  -11.980   -1.536   -1.536   -1.316   -1.316
    9.027    9.027    9.684    9.684    9.746    9.746
            0.337667  0.569845  0.000000
  -14.118  -14.118  -13.954  -13.953  -11.979  -11.979   -1.545   -1.545   -1.308   -1.307
    9.027    9.027    9.673    9.673    9.736    9.736
            0.338000  0.569267  0.000000
  -14.125  -14.125  -13.948  -13.948  -11.977  -11.977   -1.554   -1.554   -1.299   -1.298
    9.026    9.026    9.663    9.663    9.727    9.727
            0.338333  0.568690  0.000000
  -14.131  -14.131  -13.943  -13.943  -11.976  -11.976   -1.563   -1.563   -1.290   -1.290
    9.026    9.026    9.652    9.652    9.717    9.717
            0.338667  0.568113  0.000000
  -14.138  -14.138  -13.938  -13.938  -11.974  -11.974   -1.572   -1.572   -1.281   -1.281
    9.026    9.026    9.641    9.642    9.708    9.708
            0.339000  0.567535  0.000000
  -14.144  -14.144  -13.932  -13.932  -11.972  -11.972   -1.581   -1.581   -1.272   -1.272
    9.026    9.026    9.631    9.631    9.699    9.699
            0.339333  0.566958  0.000000
  -14.151  -14.151  -13.927  -13.927  -11.970  -11.970   -1.590   -1.590   -1.263   -1.263
    9.025    9.025    9.620    9.620    9.689    9.689
            0.339667  0.566381  0.000000
  -14.157  -14.157  -13.923  -13.923  -11.968  -11.968   -1.599   -1.599   -1.254   -1.254
    9.025    9.025    9.610    9.610    9.680    9.680
            0.340000  0.565803  0.000000
  -14.163  -14.163  -13.918  -13.918  -11.966  -11.966   -1.608   -1.608   -1.245   -1.245
    9.025    9.025    9.599    9.599    9.671    9.671
            0.340333  0.565226  0.000000
  -14.170  -14.170  -13.913  -13.913  -11.963  -11.963   -1.617   -1.617   -1.237   -1.237
    9.024    9.024    9.589    9.589    9.661    9.661
            0.340667  0.564649  0.000000
  -14.176  -14.176  -13.908  -13.908  -11.961  -11.961   -1.626   -1.626   -1.228   -1.228
    9.024    9.024    9.578    9.579    9.652    9.652
            0.341000  0.564071  0.000000
  -14.183  -14.183  -13.904  -13.904  -11.958  -11.958   -1.635   -1.634   -1.219   -1.219
    9.023    9.023    9.568    9.568    9.643    9.643
            0.341333  0.563494  0.000000
  -14.189  -14.189  -13.900  -13.899  -11.956  -11.956   -1.643   -1.643   -1.211   -1.210
    9.023    9.023    9.558    9.558    9.634    9.634
            0.341667  0.562917  0.000000
  -14.195  -14.195  -13.895  -13.895  -11.953  -11.953   -1.652   -1.652   -1.202   -1.202
    9.023    9.023    9.547    9.547    9.625    9.625
            0.342000  0.562339  0.000000
  -14.202  -14.202  -13.891  -13.891  -11.950  -11.950   -1.661   -1.661   -1.193   -1.193
    9.022    9.022    9.537    9.537    9.616    9.616
            0.342333  0.561762  0.000000
  -14.208  -14.208  -13.887  -13.887  -11.947  -11.947   -1.670   -1.670   -1.185   -1.185
    9.022    9.022    9.527    9.527    9.607    9.607
            0.342667  0.561184  0.000000
  -14.214  -14.214  -13.883  -13.883  -11.944  -11.944   -1.679   -1.679   -1.176   -1.176
    9.021    9.021    9.516    9.516    9.598    9.598
            0.343000  0.560607  0.000000
  -14.221  -14.221  -13.879  -13.879  -11.940  -11.940   -1.687   -1.687   -1.168   -1.167
    9.021    9.021    9.506    9.506    9.589    9.589
            0.343333  0.560030  0.000000
  -14.227  -14.227  -13.875  -13.875  -11.937  -11.937   -1.696   -1.696   -1.159   -1.159
    9.020    9.020    9.496    9.496    9.580    9.580
            0.343667  0.559452  0.000000
  -14.233  -14.233  -13.872  -13.872  -11.933  -11.933   -1.705   -1.705   -1.151   -1.150
    9.019    9.020    9.485    9.485    9.572    9.572
            0.344000  0.558875  0.000000
  -14.239  -14.239  -13.868  -13.868  -11.930  -11.930   -1.714   -1.714   -1.142   -1.142
    9.019    9.019    9.475    9.475    9.563    9.563
            0.344333  0.558298  0.000000
  -14.246  -14.246  -13.865  -13.864  -11.926  -11.926   -1.722   -1.722   -1.134   -1.133
    9.018    9.018    9.465    9.465    9.555    9.555
            0.344667  0.557720  0.000000
  -14.252  -14.252  -13.861  -13.861  -11.922  -11.922   -1.731   -1.731   -1.125   -1.125
    9.018    9.018    9.455    9.455    9.546    9.546
            0.345000  0.557143  0.000000
  -14.258  -14.258  -13.858  -13.858  -11.918  -11.918   -1.740   -1.740   -1.117   -1.117
    9.017    9.017    9.445    9.445    9.538    9.538
            0.345333  0.556566  0.000000
  -14.264  -14.264  -13.855  -13.855  -11.914  -11.914   -1.748   -1.748   -1.108   -1.108
    9.016    9.016    9.434    9.434    9.529    9.529
            0.345667  0.555988  0.000000
  -14.271  -14.271  -13.852  -13.852  -11.910  -11.910   -1.757   -1.757   -1.100   -1.100
    9.015    9.015    9.424    9.424    9.521    9.521
            0.346000  0.555411  0.000000
  -14.277  -14.277  -13.849  -13.849  -11.905  -11.905   -1.766   -1.766   -1.092   -1.092
    9.014    9.014    9.414    9.414    9.513    9.513
            0.346333  0.554834  0.000000
  -14.283  -14.283  -13.846  -13.846  -11.901  -11.901   -1.774   -1.774   -1.083   -1.083
    9.013    9.013    9.404    9.404    9.505    9.505
            0.346667  0.554256  0.000000
  -14.289  -14.289  -13.843  -13.843  -11.896  -11.896   -1.783   -1.783   -1.075   -1.075
    9.013    9.013    9.394    9.394    9.497    9.497
            0.347000  0.553679  0.000000
  -14.295  -14.295  -13.840  -13.840  -11.891  -11.891   -1.791   -1.791   -1.067   -1.067
    9.012    9.012    9.384    9.384    9.489    9.489
            0.347333  0.553102  0.000000
  -14.301  -14.301  -13.838  -13.838  -11.887  -11.887   -1.800   -1.800   -1.059   -1.059
    9.010    9.010    9.374    9.374    9.481    9.481
            0.347667  0.552524  0.000000
  -14.308  -14.308  -13.835  -13.835  -11.882  -11.882   -1.809   -1.808   -1.051   -1.050
    9.009    9.009    9.364    9.364    9.474    9.474
            0.348000  0.551947  0.000000
  -14.314  -14.314  -13.833  -13.833  -11.877  -11.877   -1.817   -1.817   -1.042   -1.042
    9.008    9.008    9.354    9.354    9.466    9.466
            0.348333  0.551370  0.000000
  -14.320  -14.320  -13.831  -13.831  -11.871  -11.871   -1.826   -1.825   -1.034   -1.034
    9.007    9.007    9.344    9.344    9.458    9.458
            0.348667  0.550792  0.000000
  -14.326  -14.326  -13.828  -13.828  -11.866  -11.866   -1.834   -1.834   -1.026   -1.026
    9.006    9.006    9.334    9.334    9.451    9.451
            0.349000  0.550215  0.000000
  -14.332  -14.332  -13.826  -13.826  -11.861  -11.861   -1.842   -1.842   -1.018   -1.018
    9.004    9.004    9.324    9.324    9.444    9.444
            0.349333  0.549637  0.000000
  -14.338  -14.338  -13.824  -13.824  -11.855  -11.855   -1.851   -1.851   -1.010   -1.010
    9.003    9.003    9.314    9.314    9.437    9.437
            0.349667  0.549060  0.000000
  -14.344  -14.344  -13.823  -13.823  -11.850  -11.850   -1.859   -1.859   -1.002   -1.002
    9.001    9.001    9.304    9.304    9.430    9.430
            0.350000  0.548483  0.000000
  -14.350  -14.350  -13.821  -13.821  -11.844  -11.844   -1.868   -1.868   -0.994   -0.994
    8.999    8.999    9.295    9.295    9.423    9.423
            0.350333  0.547905  0.000000
  -14.356  -14.356  -13.819  -13.819  -11.838  -11.838   -1.876   -1.876   -0.986   -0.986
    8.998    8.998    9.285    9.285    9.416    9.416
            0.350667  0.547328  0.000000
  -14.362  -14.362  -13.817  -13.817  -11.832  -11.832   -1.885   -1.884   -0.978   -0.978
    8.996    8.996    9.275    9.275    9.410    9.410
            0.351000  0.546751  0.000000
  -14.368  -14.368  -13.816  -13.816  -11.826  -11.826   -1.893   -1.893   -0.970   -0.970
    8.994    8.994    9.265    9.265    9.403    9.403
            0.351333  0.546173  0.000000
  -14.374  -14.374  -13.814  -13.814  -11.820  -11.820   -1.901   -1.901   -0.962   -0.962
    8.992    8.992    9.255    9.255    9.397    9.397
            0.351667  0.545596  0.000000
  -14.380  -14.380  -13.813  -13.813  -11.813  -11.813   -1.910   -1.909   -0.955   -0.955
    8.990    8.990    9.246    9.246    9.391    9.391
            0.352000  0.545019  0.000000
  -14.386  -14.386  -13.812  -13.812  -11.807  -11.807   -1.918   -1.918   -0.947   -0.947
    8.987    8.987    9.236    9.236    9.385    9.385
            0.352333  0.544441  0.000000
  -14.392  -14.392  -13.811  -13.811  -11.801  -11.801   -1.926   -1.926   -0.939   -0.939
    8.985    8.985    9.226    9.226    9.379    9.379
            0.352667  0.543864  0.000000
  -14.398  -14.398  -13.810  -13.810  -11.794  -11.794   -1.934   -1.934   -0.931   -0.931
    8.982    8.983    9.217    9.217    9.373    9.373
            0.353000  0.543287  0.000000
  -14.404  -14.404  -13.809  -13.809  -11.787  -11.787   -1.943   -1.943   -0.924   -0.923
    8.980    8.980    9.207    9.207    9.368    9.368
            0.353333  0.542709  0.000000
  -14.410  -14.410  -13.808  -13.808  -11.780  -11.780   -1.951   -1.951   -0.916   -0.916
    8.977    8.977    9.197    9.197    9.363    9.363
            0.353667  0.542132  0.000000
  -14.415  -14.415  -13.807  -13.807  -11.774  -11.774   -1.959   -1.959   -0.908   -0.908
    8.974    8.974    9.188    9.188    9.357    9.358
            0.354000  0.541555  0.000000
  -14.421  -14.421  -13.806  -13.806  -11.767  -11.767   -1.967   -1.967   -0.901   -0.900
    8.971    8.971    9.178    9.178    9.353    9.353
            0.354333  0.540977  0.000000
  -14.427  -14.427  -13.806  -13.806  -11.759  -11.759   -1.976   -1.975   -0.893   -0.893
    8.968    8.968    9.169    9.169    9.348    9.348
            0.354667  0.540400  0.000000
  -14.433  -14.433  -13.805  -13.805  -11.752  -11.752   -1.984   -1.984   -0.885   -0.885
    8.965    8.965    9.159    9.159    9.343    9.343
            0.355000  0.539823  0.000000
  -14.439  -14.439  -13.805  -13.805  -11.745  -11.745   -1.992   -1.992   -0.878   -0.878
    8.961    8.961    9.149    9.150    9.339    9.339
            0.355333  0.539245  0.000000
  -14.445  -14.445  -13.804  -13.804  -11.738  -11.738   -2.000   -2.000   -0.870   -0.870
    8.958    8.958    9.140    9.140    9.335    9.335
            0.355667  0.538668  0.000000
  -14.451  -14.450  -13.804  -13.804  -11.730  -11.730   -2.008   -2.008   -0.863   -0.863
    8.954    8.954    9.131    9.131    9.330    9.331
            0.356000  0.538090  0.000000
  -14.456  -14.456  -13.804  -13.804  -11.723  -11.723   -2.016   -2.016   -0.855   -0.855
    8.950    8.950    9.121    9.121    9.327    9.327
            0.356333  0.537513  0.000000
  -14.462  -14.462  -13.803  -13.803  -11.715  -11.715   -2.024   -2.024   -0.848   -0.848
    8.946    8.946    9.112    9.112    9.323    9.323
            0.356667  0.536936  0.000000
  -14.468  -14.468  -13.803  -13.803  -11.707  -11.707   -2.032   -2.032   -0.840   -0.840
    8.942    8.942    9.102    9.102    9.319    9.320
            0.357000  0.536358  0.000000
  -14.474  -14.474  -13.803  -13.803  -11.699  -11.699   -2.040   -2.040   -0.833   -0.833
    8.938    8.938    9.093    9.093    9.316    9.316
            0.357333  0.535781  0.000000
  -14.479  -14.479  -13.803  -13.803  -11.691  -11.691   -2.048   -2.048   -0.826   -0.826
    8.933    8.933    9.083    9.083    9.313    9.313
            0.357667  0.535204  0.000000
  -14.485  -14.485  -13.804  -13.804  -11.683  -11.683   -2.056   -2.056   -0.818   -0.818
    8.929    8.929    9.074    9.074    9.310    9.310
            0.358000  0.534626  0.000000
  -14.491  -14.491  -13.804  -13.804  -11.675  -11.675   -2.064   -2.064   -0.811   -0.811
    8.924    8.924    9.065    9.065    9.307    9.307
            0.358333  0.534049  0.000000
  -14.496  -14.496  -13.804  -13.804  -11.667  -11.667   -2.072   -2.072   -0.804   -0.804
    8.919    8.919    9.055    9.055    9.305    9.305
            0.358667  0.533472  0.000000
  -14.502  -14.502  -13.804  -13.804  -11.659  -11.659   -2.080   -2.080   -0.797   -0.796
    8.914    8.914    9.046    9.046    9.302    9.302
            0.359000  0.532894  0.000000
  -14.508  -14.508  -13.805  -13.805  -11.650  -11.650   -2.088   -2.088   -0.789   -0.789
    8.909    8.909    9.037    9.037    9.300    9.300
            0.359333  0.532317  0.000000
  -14.514  -14.513  -13.805  -13.805  -11.642  -11.642   -2.096   -2.096   -0.782   -0.782
    8.904    8.904    9.028    9.028    9.298    9.298
            0.359667  0.531740  0.000000
  -14.519  -14.519  -13.806  -13.806  -11.633  -11.633   -2.104   -2.104   -0.775   -0.775
    8.898    8.898    9.018    9.018    9.296    9.296
            0.360000  0.531162  0.000000
  -14.525  -14.525  -13.806  -13.806  -11.625  -11.625   -2.112   -2.112   -0.768   -0.768
    8.893    8.893    9.009    9.009    9.294    9.294
            0.360333  0.530585  0.000000
  -14.530  -14.530  -13.807  -13.807  -11.616  -11.616   -2.120   -2.120   -0.761   -0.761
    8.887    8.887    9.000    9.000    9.293    9.293
            0.360667  0.530008  0.000000
  -14.536  -14.536  -13.808  -13.808  -11.607  -11.607   -2.128   -2.128   -0.754   -0.754
    8.882    8.882    8.991    8.991    9.291    9.291
            0.361000  0.529430  0.000000
  -14.542  -14.542  -13.809  -13.809  -11.598  -11.598   -2.135   -2.135   -0.747   -0.747
    8.876    8.876    8.982    8.982    9.290    9.290
            0.361333  0.528853  0.000000
  -14.547  -14.547  -13.809  -13.809  -11.590  -11.590   -2.143   -2.143   -0.740   -0.740
    8.870    8.870    8.973    8.973    9.289    9.289
            0.361667  0.528275  0.000000
  -14.553  -14.553  -13.810  -13.810  -11.581  -11.581   -2.151   -2.151   -0.733   -0.733
    8.864    8.864    8.964    8.964    9.288    9.288
            0.362000  0.527698  0.000000
  -14.558  -14.558  -13.811  -13.811  -11.572  -11.572   -2.159   -2.159   -0.726   -0.726
    8.858    8.858    8.954    8.954    9.287    9.287
            0.362333  0.527121  0.000000
  -14.564  -14.564  -13.812  -13.812  -11.562  -11.562   -2.167   -2.166   -0.719   -0.719
    8.851    8.852    8.945    8.945    9.286    9.286
            0.362667  0.526543  0.000000
  -14.569  -14.569  -13.814  -13.814  -11.553  -11.553   -2.174   -2.174   -0.712   -0.712
    8.845    8.845    8.936    8.936    9.285    9.286
            0.363000  0.525966  0.000000
  -14.575  -14.575  -13.815  -13.815  -11.544  -11.544   -2.182   -2.182   -0.705   -0.705
    8.839    8.839    8.927    8.927    9.285    9.285
            0.363333  0.525389  0.000000
  -14.580  -14.580  -13.816  -13.816  -11.535  -11.535   -2.190   -2.190   -0.698   -0.698
    8.832    8.832    8.918    8.918    9.284    9.285
            0.363667  0.524811  0.000000
  -14.586  -14.586  -13.817  -13.817  -11.525  -11.525   -2.197   -2.197   -0.692   -0.692
    8.826    8.826    8.909    8.909    9.284    9.284
            0.364000  0.524234  0.000000
  -14.591  -14.591  -13.818  -13.818  -11.516  -11.516   -2.205   -2.205   -0.685   -0.685
    8.819    8.819    8.900    8.901    9.284    9.284
            0.364333  0.523657  0.000000
  -14.597  -14.597  -13.820  -13.820  -11.506  -11.506   -2.213   -2.213   -0.678   -0.678
    8.813    8.813    8.892    8.892    9.284    9.284
            0.364667  0.523079  0.000000
  -14.602  -14.602  -13.821  -13.821  -11.497  -11.497   -2.220   -2.220   -0.671   -0.671
    8.806    8.806    8.883    8.883    9.284    9.284
            0.365000  0.522502  0.000000
  -14.608  -14.608  -13.823  -13.823  -11.487  -11.487   -2.228   -2.228   -0.665   -0.665
    8.799    8.799    8.874    8.874    9.284    9.284
            0.365333  0.521925  0.000000
  -14.613  -14.613  -13.824  -13.824  -11.477  -11.477   -2.236   -2.236   -0.658   -0.658
    8.792    8.792    8.865    8.865    9.284    9.284
            0.365667  0.521347  0.000000
  -14.619  -14.619  -13.826  -13.826  -11.467  -11.467   -2.243   -2.243   -0.652   -0.651
    8.785    8.785    8.856    8.856    9.284    9.284
            0.366000  0.520770  0.000000
  -14.624  -14.624  -13.827  -13.827  -11.458  -11.458   -2.251   -2.251   -0.645   -0.645
    8.779    8.779    8.847    8.847    9.285    9.285
            0.366333  0.520193  0.000000
  -14.629  -14.629  -13.829  -13.829  -11.448  -11.448   -2.258   -2.258   -0.638   -0.638
    8.772    8.772    8.839    8.839    9.285    9.285
            0.366667  0.519615  0.000000
  -14.635  -14.635  -13.831  -13.831  -11.438  -11.438   -2.266   -2.266   -0.632   -0.632
    8.765    8.765    8.830    8.830    9.286    9.286
            0.367000  0.519038  0.000000
  -14.640  -14.640  -13.832  -13.832  -11.428  -11.428   -2.273   -2.273   -0.625   -0.625
    8.757    8.757    8.821    8.821    9.286    9.286
            0.367333  0.518461  0.000000
  -14.645  -14.645  -13.834  -13.834  -11.418  -11.418   -2.281   -2.281   -0.619   -0.619
    8.750    8.750    8.812    8.812    9.287    9.287
            0.367667  0.517883  0.000000
  -14.651  -14.651  -13.836  -13.836  -11.407  -11.407   -2.288   -2.288   -0.613   -0.612
    8.743    8.743    8.804    8.804    9.287    9.287
            0.368000  0.517306  0.000000
  -14.656  -14.656  -13.838  -13.838  -11.397  -11.397   -2.296   -2.296   -0.606   -0.606
    8.736    8.736    8.795    8.795    9.288    9.288
            0.368333  0.516728  0.000000
  -14.661  -14.661  -13.840  -13.840  -11.387  -11.387   -2.303   -2.303   -0.600   -0.600
    8.729    8.729    8.786    8.786    9.289    9.289
            0.368667  0.516151  0.000000
  -14.667  -14.667  -13.842  -13.842  -11.377  -11.377   -2.311   -2.310   -0.593   -0.593
    8.722    8.722    8.778    8.778    9.290    9.290
            0.369000  0.515574  0.000000
  -14.672  -14.672  -13.844  -13.844  -11.366  -11.366   -2.318   -2.318   -0.587   -0.587
    8.714    8.714    8.769    8.769    9.291    9.291
            0.369333  0.514996  0.000000
  -14.677  -14.677  -13.846  -13.846  -11.356  -11.356   -2.325   -2.325   -0.581   -0.581
    8.707    8.707    8.760    8.760    9.292    9.292
            0.369667  0.514419  0.000000
  -14.682  -14.682  -13.848  -13.848  -11.346  -11.346   -2.333   -2.333   -0.575   -0.574
    8.700    8.700    8.752    8.752    9.293    9.293
            0.370000  0.513842  0.000000
  -14.688  -14.688  -13.850  -13.850  -11.335  -11.335   -2.340   -2.340   -0.568   -0.568
    8.693    8.693    8.743    8.743    9.294    9.294
            0.370333  0.513264  0.000000
  -14.693  -14.693  -13.852  -13.852  -11.325  -11.325   -2.347   -2.347   -0.562   -0.562
    8.685    8.685    8.735    8.735    9.295    9.295
            0.370667  0.512687  0.000000
  -14.698  -14.698  -13.854  -13.854  -11.314  -11.314   -2.355   -2.355   -0.556   -0.556
    8.678    8.678    8.726    8.726    9.296    9.296
            0.371000  0.512110  0.000000
  -14.703  -14.703  -13.856  -13.856  -11.303  -11.303   -2.362   -2.362   -0.550   -0.550
    8.671    8.671    8.718    8.718    9.297    9.297
            0.371333  0.511532  0.000000
  -14.709  -14.709  -13.859  -13.859  -11.293  -11.293   -2.369   -2.369   -0.544   -0.544
    8.663    8.663    8.709    8.709    9.298    9.298
            0.371667  0.510955  0.000000
  -14.714  -14.714  -13.861  -13.861  -11.282  -11.282   -2.376   -2.376   -0.538   -0.538
    8.656    8.656    8.701    8.701    9.299    9.299
            0.372000  0.510378  0.000000
  -14.719  -14.719  -13.863  -13.863  -11.271  -11.271   -2.384   -2.384   -0.532   -0.532
    8.648    8.648    8.692    8.692    9.301    9.301
            0.372333  0.509800  0.000000
  -14.724  -14.724  -13.866  -13.866  -11.260  -11.260   -2.391   -2.391   -0.526   -0.526
    8.641    8.641    8.684    8.684    9.302    9.302
            0.372667  0.509223  0.000000
  -14.729  -14.729  -13.868  -13.868  -11.250  -11.249   -2.398   -2.398   -0.520   -0.520
    8.634    8.634    8.676    8.676    9.303    9.303
            0.373000  0.508646  0.000000
  -14.734  -14.734  -13.870  -13.870  -11.239  -11.239   -2.405   -2.405   -0.514   -0.514
    8.626    8.626    8.667    8.667    9.305    9.305
            0.373333  0.508068  0.000000
  -14.739  -14.739  -13.873  -13.873  -11.228  -11.228   -2.412   -2.412   -0.508   -0.508
    8.619    8.619    8.659    8.659    9.306    9.306
            0.373667  0.507491  0.000000
  -14.744  -14.744  -13.875  -13.875  -11.217  -11.217   -2.420   -2.420   -0.502   -0.502
    8.611    8.611    8.651    8.651    9.307    9.307
            0.374000  0.506914  0.000000
  -14.750  -14.750  -13.878  -13.878  -11.206  -11.206   -2.427   -2.427   -0.496   -0.496
    8.604    8.604    8.642    8.642    9.309    9.309
            0.374333  0.506336  0.000000
  -14.755  -14.755  -13.880  -13.880  -11.195  -11.195   -2.434   -2.434   -0.490   -0.490
    8.596    8.596    8.634    8.634    9.310    9.310
            0.374667  0.505759  0.000000
  -14.760  -14.760  -13.883  -13.883  -11.184  -11.184   -2.441   -2.441   -0.484   -0.484
    8.589    8.589    8.626    8.626    9.312    9.312
            0.375000  0.505181  0.000000
  -14.765  -14.765  -13.885  -13.885  -11.172  -11.172   -2.448   -2.448   -0.479   -0.479
    8.581    8.582    8.618    8.618    9.313    9.313
            0.375333  0.504604  0.000000
  -14.770  -14.770  -13.888  -13.888  -11.161  -11.161   -2.455   -2.455   -0.473   -0.473
    8.574    8.574    8.609    8.609    9.314    9.315
            0.375667  0.504027  0.000000
  -14.775  -14.775  -13.890  -13.890  -11.150  -11.150   -2.462   -2.462   -0.467   -0.467
    8.567    8.567    8.601    8.601    9.316    9.316
            0.376000  0.503449  0.000000
  -14.780  -14.780  -13.893  -13.893  -11.139  -11.139   -2.469   -2.469   -0.462   -0.461
    8.559    8.559    8.593    8.593    9.317    9.318
            0.376333  0.502872  0.000000
  -14.785  -14.785  -13.896  -13.896  -11.128  -11.128   -2.476   -2.476   -0.456   -0.456
    8.552    8.552    8.585    8.585    9.319    9.319
            0.376667  0.502295  0.000000
  -14.790  -14.790  -13.898  -13.898  -11.116  -11.116   -2.483   -2.483   -0.450   -0.450
    8.544    8.544    8.577    8.577    9.320    9.320
            0.377000  0.501717  0.000000
  -14.795  -14.795  -13.901  -13.901  -11.105  -11.105   -2.490   -2.490   -0.445   -0.445
    8.537    8.537    8.569    8.569    9.322    9.322
            0.377333  0.501140  0.000000
  -14.800  -14.800  -13.904  -13.904  -11.094  -11.094   -2.497   -2.497   -0.439   -0.439
    8.529    8.529    8.561    8.561    9.323    9.323
            0.377667  0.500563  0.000000
  -14.805  -14.805  -13.907  -13.907  -11.082  -11.082   -2.504   -2.504   -0.434   -0.434
    8.522    8.522    8.553    8.553    9.325    9.325
            0.378000  0.499985  0.000000
  -14.809  -14.809  -13.909  -13.909  -11.071  -11.071   -2.511   -2.511   -0.428   -0.428
    8.515    8.515    8.545    8.545    9.326    9.326
            0.378333  0.499408  0.000000
  -14.814  -14.814  -13.912  -13.912  -11.060  -11.059   -2.518   -2.518   -0.423   -0.423
    8.507    8.507    8.537    8.537    9.328    9.328
            0.378667  0.498831  0.000000
  -14.819  -14.819  -13.915  -13.915  -11.048  -11.048   -2.525   -2.525   -0.417   -0.417
    8.500    8.500    8.529    8.529    9.329    9.329
            0.379000  0.498253  0.000000
  -14.824  -14.824  -13.918  -13.918  -11.037  -11.037   -2.532   -2.531   -0.412   -0.412
    8.492    8.492    8.521    8.521    9.331    9.331
            0.379333  0.497676  0.000000
  -14.829  -14.829  -13.920  -13.920  -11.025  -11.025   -2.538   -2.538   -0.406   -0.406
    8.485    8.485    8.513    8.513    9.332    9.332
            0.379667  0.497099  0.000000
  -14.834  -14.834  -13.923  -13.923  -11.013  -11.013   -2.545   -2.545   -0.401   -0.401
    8.478    8.478    8.505    8.505    9.334    9.334
            0.380000  0.496521  0.000000
  -14.839  -14.839  -13.926  -13.926  -11.002  -11.002   -2.552   -2.552   -0.396   -0.396
    8.470    8.470    8.497    8.497    9.335    9.335
            0.380333  0.495944  0.000000
  -14.844  -14.844  -13.929  -13.929  -10.990  -10.990   -2.559   -2.559   -0.390   -0.390
    8.463    8.463    8.489    8.489    9.337    9.337
            0.380667  0.495367  0.000000
  -14.848  -14.848  -13.932  -13.932  -10.979  -10.979   -2.566   -2.565   -0.385   -0.385
    8.456    8.456    8.481    8.481    9.338    9.338
            0.381000  0.494789  0.000000
  -14.853  -14.853  -13.935  -13.935  -10.967  -10.967   -2.572   -2.572   -0.380   -0.380
    8.448    8.448    8.473    8.473    9.340    9.340
            0.381333  0.494212  0.000000
  -14.858  -14.858  -13.938  -13.938  -10.955  -10.955   -2.579   -2.579   -0.375   -0.375
    8.441    8.441    8.466    8.466    9.341    9.341
            0.381667  0.493634  0.000000
  -14.863  -14.863  -13.941  -13.941  -10.944  -10.944   -2.586   -2.586   -0.370   -0.370
    8.434    8.434    8.458    8.458    9.342    9.343
            0.382000  0.493057  0.000000
  -14.867  -14.867  -13.944  -13.944  -10.932  -10.932   -2.592   -2.592   -0.364   -0.364
    8.426    8.426    8.450    8.450    9.344    9.344
            0.382333  0.492480  0.000000
  -14.872  -14.872  -13.947  -13.947  -10.920  -10.920   -2.599   -2.599   -0.359   -0.359
    8.419    8.419    8.442    8.442    9.345    9.345
            0.382667  0.491902  0.000000
  -14.877  -14.877  -13.950  -13.950  -10.908  -10.908   -2.606   -2.606   -0.354   -0.354
    8.412    8.412    8.435    8.435    9.347    9.347
            0.383000  0.491325  0.000000
  -14.882  -14.882  -13.953  -13.953  -10.897  -10.897   -2.612   -2.612   -0.349   -0.349
    8.404    8.404    8.427    8.427    9.348    9.348
            0.383333  0.490748  0.000000
  -14.886  -14.886  -13.956  -13.956  -10.885  -10.885   -2.619   -2.619   -0.344   -0.344
    8.397    8.397    8.419    8.419    9.349    9.349
            0.383667  0.490170  0.000000
  -14.891  -14.891  -13.959  -13.959  -10.873  -10.873   -2.626   -2.626   -0.339   -0.339
    8.390    8.390    8.412    8.412    9.351    9.351
            0.384000  0.489593  0.000000
  -14.896  -14.896  -13.962  -13.962  -10.861  -10.861   -2.632   -2.632   -0.334   -0.334
    8.383    8.383    8.404    8.404    9.352    9.352
            0.384333  0.489016  0.000000
  -14.900  -14.900  -13.965  -13.965  -10.849  -10.849   -2.639   -2.639   -0.329   -0.329
    8.376    8.376    8.396    8.396    9.353    9.353
            0.384667  0.488438  0.000000
  -14.905  -14.905  -13.968  -13.968  -10.837  -10.837   -2.645   -2.645   -0.324   -0.324
    8.368    8.368    8.389    8.389    9.354    9.354
            0.385000  0.487861  0.000000
  -14.910  -14.910  -13.971  -13.971  -10.825  -10.825   -2.652   -2.652   -0.319   -0.319
    8.361    8.361    8.381    8.381    9.356    9.356
            0.385333  0.487284  0.000000
  -14.914  -14.914  -13.974  -13.974  -10.814  -10.814   -2.658   -2.658   -0.315   -0.315
    8.354    8.354    8.374    8.374    9.357    9.357
            0.385667  0.486706  0.000000
  -14.919  -14.919  -13.977  -13.977  -10.802  -10.802   -2.665   -2.665   -0.310   -0.310
    8.347    8.347    8.366    8.366    9.358    9.358
            0.386000  0.486129  0.000000
  -14.924  -14.924  -13.980  -13.980  -10.790  -10.790   -2.671   -2.671   -0.305   -0.305
    8.340    8.340    8.359    8.359    9.359    9.359
            0.386333  0.485552  0.000000
  -14.928  -14.928  -13.983  -13.983  -10.778  -10.778   -2.678   -2.678   -0.300   -0.300
    8.333    8.333    8.351    8.351    9.360    9.360
            0.386667  0.484974  0.000000
  -14.933  -14.933  -13.986  -13.986  -10.766  -10.766   -2.684   -2.684   -0.295   -0.295
    8.325    8.325    8.344    8.344    9.361    9.361
            0.387000  0.484397  0.000000
  -14.937  -14.937  -13.989  -13.989  -10.754  -10.754   -2.691   -2.691   -0.291   -0.291
    8.318    8.318    8.336    8.336    9.362    9.362
            0.387333  0.483820  0.000000
  -14.942  -14.942  -13.993  -13.993  -10.742  -10.742   -2.697   -2.697   -0.286   -0.286
    8.311    8.311    8.329    8.329    9.363    9.363
            0.387667  0.483242  0.000000
  -14.946  -14.946  -13.996  -13.996  -10.730  -10.730   -2.703   -2.703   -0.281   -0.281
    8.304    8.304    8.321    8.321    9.364    9.364
            0.388000  0.482665  0.000000
  -14.951  -14.951  -13.999  -13.999  -10.718  -10.718   -2.710   -2.710   -0.277   -0.277
    8.297    8.297    8.314    8.314    9.365    9.365
            0.388333  0.482087  0.000000
  -14.955  -14.955  -14.002  -14.002  -10.706  -10.705   -2.716   -2.716   -0.272   -0.272
    8.290    8.290    8.307    8.307    9.366    9.366
            0.388667  0.481510  0.000000
  -14.960  -14.960  -14.005  -14.005  -10.693  -10.693   -2.722   -2.722   -0.268   -0.268
    8.283    8.283    8.299    8.299    9.367    9.367
            0.389000  0.480933  0.000000
  -14.964  -14.964  -14.008  -14.008  -10.681  -10.681   -2.729   -2.729   -0.263   -0.263
    8.276    8.276    8.292    8.292    9.368    9.368
            0.389333  0.480355  0.000000
  -14.969  -14.969  -14.012  -14.012  -10.669  -10.669   -2.735   -2.735   -0.259   -0.259
    8.269    8.269    8.285    8.285    9.369    9.369
            0.389667  0.479778  0.000000
  -14.973  -14.973  -14.015  -14.015  -10.657  -10.657   -2.741   -2.741   -0.254   -0.254
    8.262    8.262    8.277    8.277    9.369    9.370
            0.390000  0.479201  0.000000
  -14.978  -14.978  -14.018  -14.018  -10.645  -10.645   -2.748   -2.747   -0.250   -0.250
    8.255    8.255    8.270    8.270    9.370    9.370
            0.390333  0.478623  0.000000
  -14.982  -14.982  -14.021  -14.021  -10.633  -10.633   -2.754   -2.754   -0.245   -0.245
    8.248    8.248    8.263    8.263    9.371    9.371
            0.390667  0.478046  0.000000
  -14.987  -14.987  -14.024  -14.024  -10.621  -10.621   -2.760   -2.760   -0.241   -0.241
    8.241    8.241    8.256    8.256    9.371    9.372
            0.391000  0.477469  0.000000
  -14.991  -14.991  -14.027  -14.027  -10.609  -10.609   -2.766   -2.766   -0.236   -0.236
    8.234    8.234    8.249    8.249    9.372    9.372
            0.391333  0.476891  0.000000
  -14.995  -14.995  -14.031  -14.031  -10.596  -10.596   -2.772   -2.772   -0.232   -0.232
    8.227    8.227    8.241    8.241    9.373    9.373
            0.391667  0.476314  0.000000
  -15.000  -15.000  -14.034  -14.034  -10.584  -10.584   -2.779   -2.778   -0.228   -0.228
    8.221    8.221    8.234    8.234    9.373    9.373
            0.392000  0.475737  0.000000
  -15.004  -15.004  -14.037  -14.037  -10.572  -10.572   -2.785   -2.785   -0.223   -0.223
    8.214    8.214    8.227    8.227    9.374    9.374
            0.392333  0.475159  0.000000
  -15.008  -15.008  -14.040  -14.040  -10.560  -10.560   -2.791   -2.791   -0.219   -0.219
    8.207    8.207    8.220    8.220    9.374    9.374
            0.392667  0.474582  0.000000
  -15.013  -15.013  -14.043  -14.043  -10.548  -10.548   -2.797   -2.797   -0.215   -0.215
    8.200    8.200    8.213    8.213    9.374    9.375
            0.393000  0.474005  0.000000
  -15.017  -15.017  -14.047  -14.047  -10.536  -10.535   -2.803   -2.803   -0.211   -0.211
    8.193    8.193    8.206    8.206    9.375    9.375
            0.393333  0.473427  0.000000
  -15.021  -15.021  -14.050  -14.050  -10.523  -10.523   -2.809   -2.809   -0.207   -0.206
    8.186    8.186    8.199    8.199    9.375    9.375
            0.393667  0.472850  0.000000
  -15.026  -15.026  -14.053  -14.053  -10.511  -10.511   -2.815   -2.815   -0.202   -0.202
    8.180    8.180    8.192    8.192    9.375    9.376
            0.394000  0.472273  0.000000
  -15.030  -15.030  -14.056  -14.056  -10.499  -10.499   -2.821   -2.821   -0.198   -0.198
    8.173    8.173    8.185    8.185    9.376    9.376
            0.394333  0.471695  0.000000
  -15.034  -15.034  -14.060  -14.060  -10.487  -10.487   -2.827   -2.827   -0.194   -0.194
    8.166    8.166    8.178    8.178    9.376    9.376
            0.394667  0.471118  0.000000
  -15.039  -15.039  -14.063  -14.063  -10.474  -10.474   -2.833   -2.833   -0.190   -0.190
    8.159    8.159    8.171    8.171    9.376    9.376
            0.395000  0.470540  0.000000
  -15.043  -15.043  -14.066  -14.066  -10.462  -10.462   -2.839   -2.839   -0.186   -0.186
    8.153    8.153    8.164    8.164    9.376    9.376
            0.395333  0.469963  0.000000
  -15.047  -15.047  -14.069  -14.069  -10.450  -10.450   -2.845   -2.845   -0.182   -0.182
    8.146    8.146    8.157    8.157    9.376    9.376
            0.395667  0.469386  0.000000
  -15.051  -15.051  -14.072  -14.072  -10.438  -10.438   -2.851   -2.851   -0.178   -0.178
    8.139    8.139    8.150    8.150    9.376    9.376
            0.396000  0.468808  0.000000
  -15.055  -15.055  -14.076  -14.076  -10.425  -10.425   -2.857   -2.857   -0.174   -0.174
    8.133    8.133    8.144    8.144    9.376    9.376
            0.396333  0.468231  0.000000
  -15.060  -15.060  -14.079  -14.079  -10.413  -10.413   -2.863   -2.863   -0.170   -0.170
    8.126    8.126    8.137    8.137    9.376    9.376
            0.396667  0.467654  0.000000
  -15.064  -15.064  -14.082  -14.082  -10.401  -10.401   -2.869   -2.869   -0.166   -0.166
    8.120    8.120    8.130    8.130    9.376    9.376
            0.397000  0.467076  0.000000
  -15.068  -15.068  -14.085  -14.085  -10.389  -10.389   -2.875   -2.875   -0.162   -0.162
    8.113    8.113    8.123    8.123    9.375    9.376
            0.397333  0.466499  0.000000
  -15.072  -15.072  -14.089  -14.089  -10.376  -10.376   -2.880   -2.880   -0.158   -0.158
    8.106    8.106    8.116    8.116    9.375    9.375
            0.397667  0.465922  0.000000
  -15.076  -15.076  -14.092  -14.092  -10.364  -10.364   -2.886   -2.886   -0.155   -0.155
    8.100    8.100    8.110    8.110    9.375    9.375
            0.398000  0.465344  0.000000
  -15.080  -15.080  -14.095  -14.095  -10.352  -10.352   -2.892   -2.892   -0.151   -0.151
    8.093    8.093    8.103    8.103    9.374    9.375
            0.398333  0.464767  0.000000
  -15.084  -15.084  -14.098  -14.098  -10.339  -10.339   -2.898   -2.898   -0.147   -0.147
    8.087    8.087    8.096    8.096    9.373    9.374
            0.398667  0.464190  0.000000
  -15.089  -15.089  -14.102  -14.102  -10.327  -10.327   -2.904   -2.904   -0.143   -0.143
    8.080    8.080    8.090    8.090    9.373    9.373
            0.399000  0.463612  0.000000
  -15.093  -15.093  -14.105  -14.105  -10.315  -10.315   -2.909   -2.909   -0.140   -0.139
    8.074    8.074    8.083    8.083    9.371    9.372
            0.399333  0.463035  0.000000
  -15.097  -15.097  -14.108  -14.108  -10.303  -10.303   -2.915   -2.915   -0.136   -0.136
    8.067    8.067    8.076    8.076    9.370    9.370
            0.399667  0.462458  0.000000
  -15.101  -15.101  -14.111  -14.111  -10.290  -10.290   -2.921   -2.921   -0.132   -0.132
    8.061    8.061    8.070    8.070    9.366    9.367
            0.400000  0.461880  0.000000
  -15.105  -15.105  -14.114  -14.114  -10.278  -10.278   -2.927   -2.926   -0.129   -0.128
    8.055    8.055    8.063    8.063    9.360    9.361
            0.400333  0.461303  0.000000
  -15.109  -15.109  -14.118  -14.118  -10.266  -10.266   -2.932   -2.932   -0.125   -0.125
    8.048    8.048    8.057    8.057    9.348    9.349
            0.400667  0.460726  0.000000
  -15.113  -15.113  -14.121  -14.121  -10.254  -10.253   -2.938   -2.938   -0.121   -0.121
    8.042    8.042    8.050    8.050    9.333    9.334
            0.401000  0.460148  0.000000
  -15.117  -15.117  -14.124  -14.124  -10.241  -10.241   -2.944   -2.943   -0.118   -0.118
    8.035    8.035    8.044    8.044    9.317    9.317
            0.401333  0.459571  0.000000
  -15.121  -15.121  -14.127  -14.127  -10.229  -10.229   -2.949   -2.949   -0.114   -0.114
    8.029    8.029    8.037    8.037    9.299    9.300
            0.401667  0.458993  0.000000
  -15.125  -15.125  -14.131  -14.131  -10.217  -10.217   -2.955   -2.955   -0.111   -0.111
    8.023    8.023    8.031    8.031    9.282    9.282
            0.402000  0.458416  0.000000
  -15.129  -15.129  -14.134  -14.134  -10.204  -10.204   -2.960   -2.960   -0.107   -0.107
    8.017    8.017    8.024    8.024    9.264    9.265
            0.402333  0.457839  0.000000
  -15.133  -15.133  -14.137  -14.137  -10.192  -10.192   -2.966   -2.966   -0.104   -0.104
    8.010    8.010    8.018    8.018    9.247    9.247
            0.402667  0.457261  0.000000
  -15.137  -15.137  -14.140  -14.140  -10.180  -10.180   -2.971   -2.971   -0.100   -0.100
    8.004    8.004    8.011    8.011    9.229    9.229
            0.403000  0.456684  0.000000
  -15.141  -15.141  -14.143  -14.143  -10.168  -10.168   -2.977   -2.977   -0.097   -0.097
    7.998    7.998    8.005    8.005    9.211    9.211
            0.403333  0.456107  0.000000
  -15.144  -15.144  -14.147  -14.147  -10.155  -10.155   -2.983   -2.982   -0.093   -0.093
    7.992    7.992    7.999    7.999    9.193    9.194
            0.403667  0.455529  0.000000
  -15.148  -15.148  -14.150  -14.150  -10.143  -10.143   -2.988   -2.988   -0.090   -0.090
    7.985    7.985    7.992    7.992    9.176    9.176
            0.404000  0.454952  0.000000
  -15.152  -15.152  -14.153  -14.153  -10.131  -10.131   -2.994   -2.993   -0.087   -0.087
    7.979    7.979    7.986    7.986    9.158    9.158
            0.404333  0.454375  0.000000
  -15.156  -15.156  -14.156  -14.156  -10.118  -10.118   -2.999   -2.999   -0.083   -0.083
    7.973    7.973    7.980    7.980    9.140    9.140
            0.404667  0.453797  0.000000
  -15.160  -15.160  -14.159  -14.159  -10.106  -10.106   -3.004   -3.004   -0.080   -0.080
    7.967    7.967    7.973    7.973    9.122    9.122
            0.405000  0.453220  0.000000
  -15.164  -15.164  -14.163  -14.163  -10.094  -10.094   -3.010   -3.010   -0.077   -0.077
    7.961    7.961    7.967    7.967    9.104    9.104
            0.405333  0.452643  0.000000
  -15.168  -15.168  -14.166  -14.166  -10.082  -10.082   -3.015   -3.015   -0.073   -0.073
    7.955    7.955    7.961    7.961    9.086    9.086
            0.405667  0.452065  0.000000
  -15.171  -15.171  -14.169  -14.169  -10.069  -10.069   -3.021   -3.021   -0.070   -0.070
    7.949    7.949    7.955    7.955    9.068    9.069
            0.406000  0.451488  0.000000
  -15.175  -15.175  -14.172  -14.172  -10.057  -10.057   -3.026   -3.026   -0.067   -0.067
    7.943    7.943    7.948    7.948    9.051    9.051
            0.406333  0.450911  0.000000
  -15.179  -15.179  -14.175  -14.175  -10.045  -10.045   -3.031   -3.031   -0.064   -0.064
    7.936    7.936    7.942    7.942    9.033    9.033
            0.406667  0.450333  0.000000
  -15.183  -15.183  -14.178  -14.178  -10.033  -10.033   -3.037   -3.037   -0.061   -0.061
    7.930    7.930    7.936    7.936    9.015    9.015
            0.407000  0.449756  0.000000
  -15.187  -15.187  -14.182  -14.182  -10.021  -10.021   -3.042   -3.042   -0.057   -0.057
    7.924    7.924    7.930    7.930    8.997    8.997
            0.407333  0.449179  0.000000
  -15.190  -15.190  -14.185  -14.185  -10.008  -10.008   -3.047   -3.047   -0.054   -0.054
    7.918    7.918    7.924    7.924    8.979    8.979
            0.407667  0.448601  0.000000
  -15.194  -15.194  -14.188  -14.188   -9.996   -9.996   -3.053   -3.052   -0.051   -0.051
    7.913    7.913    7.918    7.918    8.961    8.961
            0.408000  0.448024  0.000000
  -15.198  -15.198  -14.191  -14.191   -9.984   -9.984   -3.058   -3.058   -0.048   -0.048
    7.907    7.907    7.912    7.912    8.944    8.944
            0.408333  0.447446  0.000000
  -15.201  -15.201  -14.194  -14.194   -9.972   -9.972   -3.063   -3.063   -0.045   -0.045
    7.901    7.901    7.906    7.906    8.926    8.926
            0.408667  0.446869  0.000000
  -15.205  -15.205  -14.197  -14.197   -9.960   -9.960   -3.068   -3.068   -0.042   -0.042
    7.895    7.895    7.900    7.900    8.908    8.908
            0.409000  0.446292  0.000000
  -15.209  -15.209  -14.200  -14.200   -9.947   -9.947   -3.073   -3.073   -0.039   -0.039
    7.889    7.889    7.894    7.894    8.890    8.890
            0.409333  0.445714  0.000000
  -15.213  -15.213  -14.204  -14.204   -9.935   -9.935   -3.079   -3.079   -0.036   -0.036
    7.883    7.883    7.888    7.888    8.873    8.873
            0.409667  0.445137  0.000000
  -15.216  -15.216  -14.207  -14.207   -9.923   -9.923   -3.084   -3.084   -0.033   -0.033
    7.877    7.877    7.882    7.882    8.855    8.855
            0.410000  0.444560  0.000000
  -15.220  -15.220  -14.210  -14.210   -9.911   -9.911   -3.089   -3.089   -0.030   -0.030
    7.871    7.871    7.876    7.876    8.837    8.837
            0.410333  0.443982  0.000000
  -15.223  -15.223  -14.213  -14.213   -9.899   -9.899   -3.094   -3.094   -0.027   -0.027
    7.866    7.866    7.870    7.870    8.819    8.819
            0.410667  0.443405  0.000000
  -15.227  -15.227  -14.216  -14.216   -9.887   -9.887   -3.099   -3.099   -0.024   -0.024
    7.860    7.860    7.864    7.864    8.802    8.802
            0.411000  0.442828  0.000000
  -15.231  -15.231  -14.219  -14.219   -9.874   -9.874   -3.104   -3.104   -0.022   -0.021
    7.854    7.854    7.858    7.858    8.784    8.784
            0.411333  0.442250  0.000000
  -15.234  -15.234  -14.222  -14.222   -9.862   -9.862   -3.109   -3.109   -0.019   -0.019
    7.848    7.848    7.852    7.852    8.766    8.766
            0.411667  0.441673  0.000000
  -15.238  -15.238  -14.225  -14.225   -9.850   -9.850   -3.114   -3.114   -0.016   -0.016
    7.843    7.843    7.846    7.846    8.749    8.749
            0.412000  0.441096  0.000000
  -15.241  -15.241  -14.228  -14.228   -9.838   -9.838   -3.119   -3.119   -0.013   -0.013
    7.837    7.837    7.841    7.841    8.731    8.731
            0.412333  0.440518  0.000000
  -15.245  -15.245  -14.231  -14.231   -9.826   -9.826   -3.124   -3.124   -0.010   -0.010
    7.831    7.831    7.835    7.835    8.714    8.714
            0.412667  0.439941  0.000000
  -15.248  -15.248  -14.234  -14.234   -9.814   -9.814   -3.129   -3.129   -0.008   -0.007
    7.826    7.826    7.829    7.829    8.696    8.696
            0.413000  0.439364  0.000000
  -15.252  -15.252  -14.238  -14.238   -9.802   -9.802   -3.134   -3.134   -0.005   -0.005
    7.820    7.820    7.823    7.823    8.678    8.678
            0.413333  0.438786  0.000000
  -15.255  -15.255  -14.241  -14.241   -9.790   -9.790   -3.139   -3.139   -0.002   -0.002
    7.814    7.814    7.818    7.818    8.661    8.661
            0.413667  0.438209  0.000000
  -15.259  -15.259  -14.244  -14.244   -9.778   -9.778   -3.144   -3.144    0.001    0.001
    7.809    7.809    7.812    7.812    8.643    8.643
            0.414000  0.437632  0.000000
  -15.262  -15.262  -14.247  -14.247   -9.766   -9.766   -3.149   -3.149    0.003    0.003
    7.803    7.803    7.806    7.806    8.626    8.626
            0.414333  0.437054  0.000000
  -15.266  -15.266  -14.250  -14.250   -9.754   -9.754   -3.154   -3.154    0.006    0.006
    7.798    7.798    7.801    7.801    8.608    8.608
            0.414667  0.436477  0.000000
  -15.269  -15.269  -14.253  -14.253   -9.742   -9.742   -3.159   -3.159    0.009    0.009
    7.792    7.792    7.795    7.795    8.591    8.591
            0.415000  0.435899  0.000000
  -15.273  -15.273  -14.256  -14.256   -9.730   -9.730   -3.164   -3.164    0.011    0.011
    7.787    7.787    7.789    7.789    8.574    8.574
            0.415333  0.435322  0.000000
  -15.276  -15.276  -14.259  -14.259   -9.718   -9.718   -3.169   -3.169    0.014    0.014
    7.781    7.781    7.784    7.784    8.556    8.556
            0.415667  0.434745  0.000000
  -15.280  -15.280  -14.262  -14.262   -9.706   -9.706   -3.173   -3.173    0.016    0.016
    7.776    7.776    7.778    7.778    8.539    8.539
            0.416000  0.434167  0.000000
  -15.283  -15.283  -14.265  -14.265   -9.694   -9.694   -3.178   -3.178    0.019    0.019
    7.770    7.770    7.773    7.773    8.521    8.521
            0.416333  0.433590  0.000000
  -15.286  -15.286  -14.268  -14.268   -9.682   -9.682   -3.183   -3.183    0.021    0.021
    7.765    7.765    7.767    7.767    8.504    8.504
            0.416667  0.433013  0.000000
  -15.290  -15.290  -14.271  -14.271   -9.670   -9.670   -3.188   -3.188    0.024    0.024
    7.759    7.759    7.762    7.762    8.487    8.487
            0.417000  0.432435  0.000000
  -15.293  -15.293  -14.274  -14.274   -9.658   -9.658   -3.193   -3.193    0.026    0.026
    7.754    7.754    7.756    7.756    8.469    8.470
            0.417333  0.431858  0.000000
  -15.297  -15.296  -14.277  -14.277   -9.646   -9.646   -3.197   -3.197    0.029    0.029
    7.749    7.749    7.751    7.751    8.452    8.452
            0.417667  0.431281  0.000000
  -15.300  -15.300  -14.280  -14.280   -9.634   -9.634   -3.202   -3.202    0.031    0.031
    7.743    7.743    7.745    7.745    8.435    8.435
            0.418000  0.430703  0.000000
  -15.303  -15.303  -14.282  -14.282   -9.623   -9.622   -3.207   -3.207    0.034    0.034
    7.738    7.738    7.740    7.740    8.418    8.418
            0.418333  0.430126  0.000000
  -15.306  -15.306  -14.285  -14.285   -9.611   -9.611   -3.211   -3.211    0.036    0.036
    7.733    7.733    7.735    7.735    8.401    8.401
            0.418667  0.429549  0.000000
  -15.310  -15.310  -14.288  -14.288   -9.599   -9.599   -3.216   -3.216    0.038    0.039
    7.727    7.727    7.729    7.729    8.384    8.384
            0.419000  0.428971  0.000000
  -15.313  -15.313  -14.291  -14.291   -9.587   -9.587   -3.221   -3.221    0.041    0.041
    7.722    7.722    7.724    7.724    8.366    8.366
            0.419333  0.428394  0.000000
  -15.316  -15.316  -14.294  -14.294   -9.575   -9.575   -3.225   -3.225    0.043    0.043
    7.717    7.717    7.719    7.719    8.349    8.349
            0.419667  0.427817  0.000000
  -15.320  -15.320  -14.297  -14.297   -9.563   -9.563   -3.230   -3.230    0.046    0.046
    7.712    7.712    7.713    7.713    8.332    8.332
            0.420000  0.427239  0.000000
  -15.323  -15.323  -14.300  -14.300   -9.552   -9.552   -3.234   -3.234    0.048    0.048
    7.707    7.707    7.708    7.708    8.315    8.315
            0.420333  0.426662  0.000000
  -15.326  -15.326  -14.303  -14.303   -9.540   -9.540   -3.239   -3.239    0.050    0.050
    7.701    7.701    7.703    7.703    8.298    8.298
            0.420667  0.426084  0.000000
  -15.329  -15.329  -14.306  -14.306   -9.528   -9.528   -3.244   -3.244    0.052    0.052
    7.696    7.696    7.698    7.698    8.281    8.281
            0.421000  0.425507  0.000000
  -15.332  -15.332  -14.309  -14.309   -9.516   -9.516   -3.248   -3.248    0.055    0.055
    7.691    7.691    7.692    7.692    8.264    8.264
            0.421333  0.424930  0.000000
  -15.336  -15.336  -14.312  -14.312   -9.505   -9.505   -3.253   -3.253    0.057    0.057
    7.686    7.686    7.687    7.687    8.248    8.248
            0.421667  0.424352  0.000000
  -15.339  -15.339  -14.314  -14.314   -9.493   -9.493   -3.257   -3.257    0.059    0.059
    7.681    7.681    7.682    7.682    8.231    8.231
            0.422000  0.423775  0.000000
  -15.342  -15.342  -14.317  -14.317   -9.481   -9.481   -3.262   -3.262    0.061    0.061
    7.676    7.676    7.677    7.677    8.214    8.214
            0.422333  0.423198  0.000000
  -15.345  -15.345  -14.320  -14.320   -9.470   -9.470   -3.266   -3.266    0.063    0.063
    7.671    7.671    7.672    7.672    8.197    8.197
            0.422667  0.422620  0.000000
  -15.348  -15.348  -14.323  -14.323   -9.458   -9.458   -3.270   -3.270    0.066    0.066
    7.666    7.666    7.667    7.667    8.180    8.180
            0.423000  0.422043  0.000000
  -15.351  -15.351  -14.326  -14.326   -9.447   -9.447   -3.275   -3.275    0.068    0.068
    7.661    7.661    7.662    7.662    8.164    8.164
            0.423333  0.421466  0.000000
  -15.354  -15.354  -14.329  -14.329   -9.435   -9.435   -3.279   -3.279    0.070    0.070
    7.656    7.656    7.657    7.657    8.147    8.147
            0.423667  0.420888  0.000000
  -15.358  -15.358  -14.331  -14.331   -9.423   -9.423   -3.284   -3.284    0.072    0.072
    7.651    7.651    7.652    7.652    8.130    8.130
            0.424000  0.420311  0.000000
  -15.361  -15.361  -14.334  -14.334   -9.412   -9.412   -3.288   -3.288    0.074    0.074
    7.646    7.646    7.647    7.647    8.114    8.114
            0.424333  0.419734  0.000000
  -15.364  -15.364  -14.337  -14.337   -9.400   -9.400   -3.292   -3.292    0.076    0.076
    7.641    7.641    7.642    7.642    8.097    8.097
            0.424667  0.419156  0.000000
  -15.367  -15.367  -14.340  -14.340   -9.389   -9.389   -3.297   -3.297    0.078    0.078
    7.636    7.636    7.637    7.637    8.081    8.081
            0.425000  0.418579  0.000000
  -15.370  -15.370  -14.342  -14.342   -9.377   -9.377   -3.301   -3.301    0.080    0.080
    7.631    7.631    7.632    7.632    8.064    8.064
            0.425333  0.418002  0.000000
  -15.373  -15.373  -14.345  -14.345   -9.366   -9.366   -3.305   -3.305    0.082    0.082
    7.626    7.626    7.627    7.627    8.048    8.048
            0.425667  0.417424  0.000000
  -15.376  -15.376  -14.348  -14.348   -9.354   -9.354   -3.309   -3.309    0.084    0.084
    7.621    7.621    7.622    7.622    8.031    8.031
            0.426000  0.416847  0.000000
  -15.379  -15.379  -14.351  -14.351   -9.343   -9.343   -3.314   -3.314    0.086    0.086
    7.617    7.617    7.617    7.617    8.015    8.015
            0.426333  0.416270  0.000000
  -15.382  -15.382  -14.353  -14.353   -9.332   -9.332   -3.318   -3.318    0.088    0.088
    7.612    7.612    7.612    7.612    7.998    7.998
            0.426667  0.415692  0.000000
  -15.385  -15.385  -14.356  -14.356   -9.320   -9.320   -3.322   -3.322    0.090    0.090
    7.607    7.607    7.607    7.607    7.982    7.982
            0.427000  0.415115  0.000000
  -15.388  -15.388  -14.359  -14.359   -9.309   -9.309   -3.326   -3.326    0.092    0.092
    7.602    7.602    7.603    7.603    7.966    7.966
            0.427333  0.414537  0.000000
  -15.391  -15.391  -14.362  -14.362   -9.298   -9.298   -3.330   -3.330    0.094    0.094
    7.598    7.598    7.598    7.598    7.950    7.950
            0.427667  0.413960  0.000000
  -15.394  -15.394  -14.364  -14.364   -9.286   -9.286   -3.335   -3.335    0.096    0.096
    7.593    7.593    7.593    7.593    7.933    7.933
            0.428000  0.413383  0.000000
  -15.396  -15.396  -14.367  -14.367   -9.275   -9.275   -3.339   -3.339    0.098    0.098
    7.588    7.588    7.588    7.588    7.917    7.917
            0.428333  0.412805  0.000000
  -15.399  -15.399  -14.370  -14.370   -9.264   -9.264   -3.343   -3.343    0.099    0.100
    7.583    7.583    7.584    7.584    7.901    7.901
            0.428667  0.412228  0.000000
  -15.402  -15.402  -14.372  -14.372   -9.253   -9.253   -3.347   -3.347    0.101    0.101
    7.579    7.579    7.579    7.579    7.885    7.885
            0.429000  0.411651  0.000000
  -15.405  -15.405  -14.375  -14.375   -9.241   -9.241   -3.351   -3.351    0.103    0.103
    7.574    7.574    7.574    7.574    7.869    7.869
            0.429333  0.411073  0.000000
  -15.408  -15.408  -14.378  -14.378   -9.230   -9.230   -3.355   -3.355    0.105    0.105
    7.569    7.569    7.570    7.570    7.853    7.853
            0.429667  0.410496  0.000000
  -15.411  -15.411  -14.380  -14.380   -9.219   -9.219   -3.359   -3.359    0.107    0.107
    7.565    7.565    7.565    7.565    7.837    7.837
            0.430000  0.409919  0.000000
  -15.414  -15.414  -14.383  -14.383   -9.208   -9.208   -3.363   -3.363    0.108    0.109
    7.560    7.560    7.561    7.561    7.821    7.821
            0.430333  0.409341  0.000000
  -15.417  -15.417  -14.385  -14.385   -9.197   -9.197   -3.367   -3.367    0.110    0.110
    7.556    7.556    7.556    7.556    7.805    7.805
            0.430667  0.408764  0.000000
  -15.419  -15.419  -14.388  -14.388   -9.186   -9.186   -3.371   -3.371    0.112    0.112
    7.551    7.551    7.552    7.552    7.789    7.789
            0.431000  0.408187  0.000000
  -15.422  -15.422  -14.391  -14.391   -9.175   -9.175   -3.375   -3.375    0.114    0.114
    7.546    7.546    7.547    7.547    7.774    7.774
            0.431333  0.407609  0.000000
  -15.425  -15.425  -14.393  -14.393   -9.164   -9.164   -3.379   -3.379    0.115    0.115
    7.542    7.542    7.543    7.543    7.758    7.758
            0.431667  0.407032  0.000000
  -15.428  -15.428  -14.396  -14.396   -9.153   -9.153   -3.383   -3.383    0.117    0.117
    7.537    7.537    7.538    7.538    7.742    7.742
            0.432000  0.406455  0.000000
  -15.430  -15.430  -14.398  -14.398   -9.142   -9.142   -3.387   -3.387    0.119    0.119
    7.533    7.533    7.534    7.534    7.726    7.726
            0.432333  0.405877  0.000000
  -15.433  -15.433  -14.401  -14.401   -9.131   -9.131   -3.391   -3.391    0.120    0.120
    7.528    7.528    7.529    7.529    7.711    7.711
            0.432667  0.405300  0.000000
  -15.436  -15.436  -14.403  -14.403   -9.120   -9.120   -3.395   -3.395    0.122    0.122
    7.524    7.524    7.525    7.525    7.695    7.695
            0.433000  0.404723  0.000000
  -15.439  -15.439  -14.406  -14.406   -9.109   -9.109   -3.398   -3.398    0.124    0.124
    7.520    7.520    7.521    7.521    7.680    7.680
            0.433333  0.404145  0.000000
  -15.441  -15.441  -14.408  -14.408   -9.098   -9.098   -3.402   -3.402    0.125    0.125
    7.515    7.515    7.516    7.516    7.664    7.664
            0.433667  0.403568  0.000000
  -15.444  -15.444  -14.411  -14.411   -9.087   -9.087   -3.406   -3.406    0.127    0.127
    7.511    7.511    7.512    7.512    7.649    7.649
            0.434000  0.402990  0.000000
  -15.447  -15.447  -14.413  -14.413   -9.076   -9.076   -3.410   -3.410    0.129    0.129
    7.506    7.506    7.508    7.508    7.634    7.634
            0.434333  0.402413  0.000000
  -15.449  -15.449  -14.416  -14.416   -9.066   -9.066   -3.414   -3.414    0.130    0.130
    7.502    7.502    7.503    7.503    7.618    7.618
            0.434667  0.401836  0.000000
  -15.452  -15.452  -14.418  -14.418   -9.055   -9.055   -3.417   -3.417    0.132    0.132
    7.498    7.498    7.499    7.499    7.603    7.603
            0.435000  0.401258  0.000000
  -15.455  -15.455  -14.421  -14.421   -9.044   -9.044   -3.421   -3.421    0.133    0.133
    7.494    7.494    7.495    7.495    7.588    7.588
            0.435333  0.400681  0.000000
  -15.457  -15.457  -14.423  -14.423   -9.033   -9.033   -3.425   -3.425    0.135    0.135
    7.489    7.489    7.491    7.491    7.572    7.572
            0.435667  0.400104  0.000000
  -15.460  -15.460  -14.426  -14.426   -9.023   -9.023   -3.429   -3.428    0.136    0.136
    7.485    7.485    7.486    7.486    7.557    7.557
            0.436000  0.399526  0.000000
  -15.462  -15.462  -14.428  -14.428   -9.012   -9.012   -3.432   -3.432    0.138    0.138
    7.481    7.481    7.482    7.482    7.542    7.542
            0.436333  0.398949  0.000000
  -15.465  -15.465  -14.431  -14.431   -9.001   -9.001   -3.436   -3.436    0.139    0.139
    7.477    7.477    7.478    7.478    7.527    7.527
            0.436667  0.398372  0.000000
  -15.468  -15.468  -14.433  -14.433   -8.991   -8.991   -3.440   -3.439    0.141    0.141
    7.472    7.472    7.474    7.474    7.512    7.512
            0.437000  0.397794  0.000000
  -15.470  -15.470  -14.435  -14.435   -8.980   -8.980   -3.443   -3.443    0.142    0.142
    7.468    7.468    7.470    7.470    7.497    7.497
            0.437333  0.397217  0.000000
  -15.473  -15.473  -14.438  -14.438   -8.970   -8.970   -3.447   -3.447    0.144    0.144
    7.464    7.464    7.466    7.466    7.482    7.482
            0.437667  0.396640  0.000000
  -15.475  -15.475  -14.440  -14.440   -8.959   -8.959   -3.450   -3.450    0.145    0.145
    7.460    7.460    7.462    7.462    7.468    7.468
            0.438000  0.396062  0.000000
  -15.478  -15.478  -14.442  -14.442   -8.949   -8.949   -3.454   -3.454    0.146    0.146
    7.453    7.453    7.456    7.456    7.458    7.458
            0.438333  0.395485  0.000000
  -15.480  -15.480  -14.445  -14.445   -8.939   -8.939   -3.457   -3.457    0.148    0.148
    7.438    7.438    7.452    7.452    7.454    7.454
            0.438667  0.394908  0.000000
  -15.483  -15.483  -14.447  -14.447   -8.928   -8.928   -3.461   -3.461    0.149    0.149
    7.423    7.423    7.448    7.448    7.450    7.450
            0.439000  0.394330  0.000000
  -15.485  -15.485  -14.450  -14.450   -8.918   -8.918   -3.464   -3.464    0.151    0.151
    7.409    7.409    7.444    7.444    7.446    7.446
            0.439333  0.393753  0.000000
  -15.488  -15.488  -14.452  -14.452   -8.907   -8.907   -3.468   -3.468    0.152    0.152
    7.394    7.394    7.440    7.440    7.442    7.442
            0.439667  0.393176  0.000000
  -15.490  -15.490  -14.454  -14.454   -8.897   -8.897   -3.471   -3.471    0.153    0.153
    7.380    7.380    7.436    7.436    7.438    7.438
            0.440000  0.392598  0.000000
  -15.493  -15.493  -14.456  -14.456   -8.887   -8.887   -3.475   -3.475    0.155    0.155
    7.365    7.365    7.432    7.432    7.434    7.434
            0.440333  0.392021  0.000000
  -15.495  -15.495  -14.459  -14.459   -8.877   -8.877   -3.478   -3.478    0.156    0.156
    7.351    7.351    7.428    7.428    7.430    7.430
            0.440667  0.391443  0.000000
  -15.497  -15.497  -14.461  -14.461   -8.867   -8.867   -3.482   -3.482    0.157    0.157
    7.336    7.336    7.424    7.424    7.426    7.426
            0.441000  0.390866  0.000000
  -15.500  -15.500  -14.463  -14.463   -8.856   -8.856   -3.485   -3.485    0.159    0.159
    7.322    7.322    7.420    7.420    7.422    7.422
            0.441333  0.390289  0.000000
  -15.502  -15.502  -14.466  -14.466   -8.846   -8.846   -3.488   -3.488    0.160    0.160
    7.308    7.308    7.416    7.416    7.418    7.418
            0.441667  0.389711  0.000000
  -15.504  -15.504  -14.468  -14.468   -8.836   -8.836   -3.492   -3.492    0.161    0.161
    7.294    7.294    7.412    7.412    7.415    7.415
            0.442000  0.389134  0.000000
  -15.507  -15.507  -14.470  -14.470   -8.826   -8.826   -3.495   -3.495    0.162    0.162
    7.279    7.279    7.409    7.409    7.411    7.411
            0.442333  0.388557  0.000000
  -15.509  -15.509  -14.472  -14.472   -8.816   -8.816   -3.498   -3.498    0.164    0.164
    7.265    7.265    7.405    7.405    7.407    7.407
            0.442667  0.387979  0.000000
  -15.511  -15.511  -14.474  -14.474   -8.806   -8.806   -3.502   -3.502    0.165    0.165
    7.251    7.251    7.401    7.401    7.403    7.403
            0.443000  0.387402  0.000000
  -15.514  -15.514  -14.477  -14.477   -8.796   -8.796   -3.505   -3.505    0.166    0.166
    7.237    7.237    7.397    7.397    7.400    7.400
            0.443333  0.386825  0.000000
  -15.516  -15.516  -14.479  -14.479   -8.786   -8.786   -3.508   -3.508    0.167    0.167
    7.223    7.223    7.394    7.394    7.396    7.396
            0.443667  0.386247  0.000000
  -15.518  -15.518  -14.481  -14.481   -8.776   -8.776   -3.512   -3.511    0.168    0.168
    7.210    7.210    7.390    7.390    7.392    7.392
            0.444000  0.385670  0.000000
  -15.521  -15.521  -14.483  -14.483   -8.767   -8.767   -3.515   -3.515    0.170    0.170
    7.196    7.196    7.386    7.386    7.389    7.389
            0.444333  0.385093  0.000000
  -15.523  -15.523  -14.485  -14.485   -8.757   -8.757   -3.518   -3.518    0.171    0.171
    7.182    7.182    7.382    7.382    7.385    7.385
            0.444667  0.384515  0.000000
  -15.525  -15.525  -14.487  -14.487   -8.747   -8.747   -3.521   -3.521    0.172    0.172
    7.168    7.168    7.379    7.379    7.381    7.381
            0.445000  0.383938  0.000000
  -15.527  -15.527  -14.490  -14.490   -8.737   -8.737   -3.524   -3.524    0.173    0.173
    7.155    7.155    7.375    7.375    7.378    7.378
            0.445333  0.383361  0.000000
  -15.530  -15.530  -14.492  -14.492   -8.728   -8.728   -3.527   -3.527    0.174    0.174
    7.141    7.141    7.372    7.372    7.374    7.374
            0.445667  0.382783  0.000000
  -15.532  -15.532  -14.494  -14.494   -8.718   -8.718   -3.531   -3.531    0.175    0.175
    7.128    7.128    7.368    7.368    7.371    7.371
            0.446000  0.382206  0.000000
  -15.534  -15.534  -14.496  -14.496   -8.709   -8.708   -3.534   -3.534    0.176    0.176
    7.114    7.114    7.364    7.364    7.367    7.367
            0.446333  0.381629  0.000000
  -15.536  -15.536  -14.498  -14.498   -8.699   -8.699   -3.537   -3.537    0.177    0.178
    7.101    7.101    7.361    7.361    7.364    7.364
            0.446667  0.381051  0.000000
  -15.538  -15.538  -14.500  -14.500   -8.689   -8.689   -3.540   -3.540    0.179    0.179
    7.087    7.087    7.357    7.357    7.360    7.360
            0.447000  0.380474  0.000000
  -15.540  -15.540  -14.502  -14.502   -8.680   -8.680   -3.543   -3.543    0.180    0.180
    7.074    7.074    7.354    7.354    7.357    7.357
            0.447333  0.379896  0.000000
  -15.543  -15.543  -14.504  -14.504   -8.671   -8.671   -3.546   -3.546    0.181    0.181
    7.061    7.061    7.350    7.350    7.353    7.353
            0.447667  0.379319  0.000000
  -15.545  -15.545  -14.506  -14.506   -8.661   -8.661   -3.549   -3.549    0.182    0.182
    7.048    7.048    7.347    7.347    7.350    7.350
            0.448000  0.378742  0.000000
  -15.547  -15.547  -14.508  -14.508   -8.652   -8.652   -3.552   -3.552    0.183    0.183
    7.035    7.035    7.343    7.343    7.346    7.346
            0.448333  0.378164  0.000000
  -15.549  -15.549  -14.510  -14.510   -8.642   -8.642   -3.555   -3.555    0.184    0.184
    7.022    7.022    7.340    7.340    7.343    7.343
            0.448667  0.377587  0.000000
  -15.551  -15.551  -14.512  -14.512   -8.633   -8.633   -3.558   -3.558    0.185    0.185
    7.009    7.009    7.337    7.337    7.340    7.340
            0.449000  0.377010  0.000000
  -15.553  -15.553  -14.514  -14.514   -8.624   -8.624   -3.561   -3.561    0.186    0.186
    6.996    6.996    7.333    7.333    7.336    7.336
            0.449333  0.376432  0.000000
  -15.555  -15.555  -14.516  -14.516   -8.615   -8.615   -3.564   -3.564    0.187    0.187
    6.983    6.983    7.330    7.330    7.333    7.333
            0.449667  0.375855  0.000000
  -15.557  -15.557  -14.518  -14.518   -8.606   -8.606   -3.567   -3.567    0.188    0.188
    6.970    6.970    7.327    7.327    7.330    7.330
            0.450000  0.375278  0.000000
  -15.559  -15.559  -14.520  -14.520   -8.596   -8.596   -3.569   -3.569    0.189    0.189
    6.958    6.958    7.323    7.323    7.326    7.326
            0.450333  0.374700  0.000000
  -15.561  -15.561  -14.522  -14.522   -8.587   -8.587   -3.572   -3.572    0.190    0.190
    6.945    6.945    7.320    7.320    7.323    7.323
            0.450667  0.374123  0.000000
  -15.563  -15.563  -14.524  -14.524   -8.578   -8.578   -3.575   -3.575    0.191    0.191
    6.932    6.932    7.317    7.317    7.320    7.320
            0.451000  0.373546  0.000000
  -15.565  -15.565  -14.526  -14.526   -8.569   -8.569   -3.578   -3.578    0.192    0.192
    6.920    6.920    7.314    7.314    7.317    7.317
            0.451333  0.372968  0.000000
  -15.567  -15.567  -14.528  -14.528   -8.560   -8.560   -3.581   -3.581    0.193    0.193
    6.907    6.907    7.310    7.310    7.314    7.314
            0.451667  0.372391  0.000000
  -15.569  -15.569  -14.530  -14.530   -8.552   -8.552   -3.584   -3.584    0.194    0.194
    6.895    6.895    7.307    7.307    7.310    7.310
            0.452000  0.371814  0.000000
  -15.571  -15.571  -14.532  -14.532   -8.543   -8.543   -3.586   -3.586    0.194    0.194
    6.883    6.883    7.304    7.304    7.307    7.307
            0.452333  0.371236  0.000000
  -15.573  -15.573  -14.533  -14.533   -8.534   -8.534   -3.589   -3.589    0.195    0.195
    6.870    6.870    7.301    7.301    7.304    7.304
            0.452667  0.370659  0.000000
  -15.575  -15.575  -14.535  -14.535   -8.525   -8.525   -3.592   -3.592    0.196    0.196
    6.858    6.858    7.298    7.298    7.301    7.301
            0.453000  0.370082  0.000000
  -15.577  -15.577  -14.537  -14.537   -8.516   -8.516   -3.595   -3.595    0.197    0.197
    6.846    6.846    7.295    7.295    7.298    7.298
            0.453333  0.369504  0.000000
  -15.579  -15.579  -14.539  -14.539   -8.508   -8.508   -3.597   -3.597    0.198    0.198
    6.834    6.834    7.292    7.292    7.295    7.295
            0.453667  0.368927  0.000000
  -15.581  -15.581  -14.541  -14.541   -8.499   -8.499   -3.600   -3.600    0.199    0.199
    6.822    6.822    7.289    7.289    7.292    7.292
            0.454000  0.368349  0.000000
  -15.583  -15.583  -14.543  -14.543   -8.491   -8.491   -3.603   -3.603    0.200    0.200
    6.810    6.810    7.285    7.285    7.289    7.289
            0.454333  0.367772  0.000000
  -15.584  -15.584  -14.544  -14.544   -8.482   -8.482   -3.605   -3.605    0.201    0.201
    6.798    6.798    7.282    7.282    7.286    7.286
            0.454667  0.367195  0.000000
  -15.586  -15.586  -14.546  -14.546   -8.474   -8.474   -3.608   -3.608    0.201    0.201
    6.787    6.787    7.279    7.279    7.283    7.283
            0.455000  0.366617  0.000000
  -15.588  -15.588  -14.548  -14.548   -8.465   -8.465   -3.610   -3.610    0.202    0.202
    6.775    6.775    7.276    7.276    7.280    7.280
            0.455333  0.366040  0.000000
  -15.590  -15.590  -14.550  -14.550   -8.457   -8.457   -3.613   -3.613    0.203    0.203
    6.763    6.763    7.274    7.274    7.277    7.277
            0.455667  0.365463  0.000000
  -15.592  -15.592  -14.551  -14.551   -8.448   -8.448   -3.615   -3.615    0.204    0.204
    6.752    6.752    7.271    7.271    7.274    7.274
            0.456000  0.364885  0.000000
  -15.593  -15.593  -14.553  -14.553   -8.440   -8.440   -3.618   -3.618    0.205    0.205
    6.740    6.740    7.268    7.268    7.271    7.271
            0.456333  0.364308  0.000000
  -15.595  -15.595  -14.555  -14.555   -8.432   -8.432   -3.621   -3.621    0.205    0.205
    6.729    6.729    7.265    7.265    7.268    7.268
            0.456667  0.363731  0.000000
  -15.597  -15.597  -14.557  -14.557   -8.424   -8.424   -3.623   -3.623    0.206    0.206
    6.717    6.717    7.262    7.262    7.266    7.266
            0.457000  0.363153  0.000000
  -15.599  -15.599  -14.558  -14.558   -8.415   -8.415   -3.626   -3.626    0.207    0.207
    6.706    6.706    7.259    7.259    7.263    7.263
            0.457333  0.362576  0.000000
  -15.600  -15.600  -14.560  -14.560   -8.407   -8.407   -3.628   -3.628    0.208    0.208
    6.695    6.695    7.256    7.256    7.260    7.260
            0.457667  0.361999  0.000000
  -15.602  -15.602  -14.562  -14.562   -8.399   -8.399   -3.630   -3.630    0.208    0.208
    6.684    6.684    7.254    7.254    7.257    7.257
            0.458000  0.361421  0.000000
  -15.604  -15.604  -14.563  -14.563   -8.391   -8.391   -3.633   -3.633    0.209    0.209
    6.673    6.673    7.251    7.251    7.254    7.254
            0.458333  0.360844  0.000000
  -15.606  -15.606  -14.565  -14.565   -8.383   -8.383   -3.635   -3.635    0.210    0.210
    6.662    6.662    7.248    7.248    7.252    7.252
            0.458667  0.360267  0.000000
  -15.607  -15.607  -14.566  -14.566   -8.375   -8.375   -3.638   -3.638    0.211    0.211
    6.651    6.651    7.245    7.245    7.249    7.249
            0.459000  0.359689  0.000000
  -15.609  -15.609  -14.568  -14.568   -8.368   -8.368   -3.640   -3.640    0.211    0.211
    6.640    6.640    7.243    7.243    7.246    7.246
            0.459333  0.359112  0.000000
  -15.611  -15.611  -14.570  -14.570   -8.360   -8.360   -3.642   -3.642    0.212    0.212
    6.629    6.629    7.240    7.240    7.244    7.244
            0.459667  0.358535  0.000000
  -15.612  -15.612  -14.571  -14.571   -8.352   -8.352   -3.645   -3.645    0.213    0.213
    6.618    6.618    7.237    7.237    7.241    7.241
            0.460000  0.357957  0.000000
  -15.614  -15.614  -14.573  -14.573   -8.344   -8.344   -3.647   -3.647    0.213    0.213
    6.608    6.608    7.235    7.235    7.238    7.238
            0.460333  0.357380  0.000000
  -15.615  -15.615  -14.574  -14.574   -8.337   -8.337   -3.649   -3.649    0.214    0.214
    6.597    6.597    7.232    7.232    7.236    7.236
            0.460667  0.356802  0.000000
  -15.617  -15.617  -14.576  -14.576   -8.329   -8.329   -3.652   -3.652    0.215    0.215
    6.587    6.587    7.229    7.229    7.233    7.233
            0.461000  0.356225  0.000000
  -15.619  -15.619  -14.578  -14.578   -8.321   -8.321   -3.654   -3.654    0.215    0.216
    6.576    6.576    7.227    7.227    7.231    7.231
            0.461333  0.355648  0.000000
  -15.620  -15.620  -14.579  -14.579   -8.314   -8.314   -3.656   -3.656    0.216    0.216
    6.566    6.566    7.224    7.224    7.228    7.228
            0.461667  0.355070  0.000000
  -15.622  -15.622  -14.581  -14.581   -8.306   -8.306   -3.658   -3.658    0.217    0.217
    6.556    6.556    7.222    7.222    7.226    7.226
            0.462000  0.354493  0.000000
  -15.623  -15.623  -14.582  -14.582   -8.299   -8.299   -3.660   -3.660    0.217    0.217
    6.545    6.545    7.219    7.219    7.223    7.223
            0.462333  0.353916  0.000000
  -15.625  -15.625  -14.584  -14.584   -8.292   -8.292   -3.663   -3.663    0.218    0.218
    6.535    6.535    7.217    7.217    7.221    7.221
            0.462667  0.353338  0.000000
  -15.626  -15.626  -14.585  -14.585   -8.284   -8.284   -3.665   -3.665    0.219    0.219
    6.525    6.525    7.214    7.214    7.218    7.218
            0.463000  0.352761  0.000000
  -15.628  -15.628  -14.587  -14.587   -8.277   -8.277   -3.667   -3.667    0.219    0.219
    6.515    6.515    7.212    7.212    7.216    7.216
            0.463333  0.352184  0.000000
  -15.629  -15.629  -14.588  -14.588   -8.270   -8.270   -3.669   -3.669    0.220    0.220
    6.505    6.505    7.209    7.209    7.213    7.213
            0.463667  0.351606  0.000000
  -15.631  -15.631  -14.589  -14.589   -8.263   -8.263   -3.671   -3.671    0.221    0.221
    6.496    6.496    7.207    7.207    7.211    7.211
            0.464000  0.351029  0.000000
  -15.632  -15.632  -14.591  -14.591   -8.256   -8.256   -3.673   -3.673    0.221    0.221
    6.486    6.486    7.205    7.205    7.209    7.209
            0.464333  0.350452  0.000000
  -15.634  -15.634  -14.592  -14.592   -8.249   -8.249   -3.675   -3.675    0.222    0.222
    6.476    6.476    7.202    7.202    7.206    7.206
            0.464667  0.349874  0.000000
  -15.635  -15.635  -14.594  -14.594   -8.242   -8.242   -3.677   -3.677    0.222    0.222
    6.467    6.467    7.200    7.200    7.204    7.204
            0.465000  0.349297  0.000000
  -15.637  -15.637  -14.595  -14.595   -8.235   -8.235   -3.679   -3.679    0.223    0.223
    6.457    6.457    7.198    7.198    7.202    7.202
            0.465333  0.348720  0.000000
  -15.638  -15.638  -14.596  -14.596   -8.228   -8.228   -3.681   -3.681    0.223    0.223
    6.448    6.448    7.195    7.195    7.199    7.199
            0.465667  0.348142  0.000000
  -15.639  -15.639  -14.598  -14.598   -8.221   -8.221   -3.683   -3.683    0.224    0.224
    6.438    6.438    7.193    7.193    7.197    7.197
            0.466000  0.347565  0.000000
  -15.641  -15.641  -14.599  -14.599   -8.214   -8.214   -3.685   -3.685    0.225    0.225
    6.429    6.429    7.191    7.191    7.195    7.195
            0.466333  0.346988  0.000000
  -15.642  -15.642  -14.600  -14.600   -8.208   -8.208   -3.687   -3.687    0.225    0.225
    6.420    6.420    7.189    7.189    7.193    7.193
            0.466667  0.346410  0.000000
  -15.643  -15.643  -14.602  -14.602   -8.201   -8.201   -3.689   -3.689    0.226    0.226
    6.411    6.411    7.186    7.186    7.191    7.191
            0.467000  0.345833  0.000000
  -15.645  -15.645  -14.603  -14.603   -8.195   -8.195   -3.691   -3.691    0.226    0.226
    6.402    6.402    7.184    7.184    7.188    7.188
            0.467333  0.345255  0.000000
  -15.646  -15.646  -14.604  -14.604   -8.188   -8.188   -3.693   -3.693    0.227    0.227
    6.393    6.393    7.182    7.182    7.186    7.186
            0.467667  0.344678  0.000000
  -15.647  -15.647  -14.606  -14.606   -8.182   -8.182   -3.695   -3.695    0.227    0.227
    6.384    6.384    7.180    7.180    7.184    7.184
            0.468000  0.344101  0.000000
  -15.649  -15.649  -14.607  -14.607   -8.175   -8.175   -3.697   -3.697    0.228    0.228
    6.375    6.375    7.178    7.178    7.182    7.182
            0.468333  0.343523  0.000000
  -15.650  -15.650  -14.608  -14.608   -8.169   -8.169   -3.698   -3.698    0.228    0.228
    6.367    6.367    7.176    7.176    7.180    7.180
            0.468667  0.342946  0.000000
  -15.651  -15.651  -14.610  -14.610   -8.163   -8.162   -3.700   -3.700    0.229    0.229
    6.358    6.358    7.174    7.174    7.178    7.178
            0.469000  0.342369  0.000000
  -15.653  -15.653  -14.611  -14.611   -8.156   -8.156   -3.702   -3.702    0.229    0.229
    6.349    6.349    7.172    7.172    7.176    7.176
            0.469333  0.341791  0.000000
  -15.654  -15.654  -14.612  -14.612   -8.150   -8.150   -3.704   -3.704    0.230    0.230
    6.341    6.341    7.169    7.169    7.174    7.174
            0.469667  0.341214  0.000000
  -15.655  -15.655  -14.613  -14.613   -8.144   -8.144   -3.706   -3.706    0.230    0.230
    6.333    6.333    7.167    7.167    7.172    7.172
            0.470000  0.340637  0.000000
  -15.656  -15.656  -14.614  -14.614   -8.138   -8.138   -3.707   -3.707    0.231    0.231
    6.324    6.324    7.165    7.165    7.170    7.170
            0.470333  0.340059  0.000000
  -15.658  -15.658  -14.616  -14.616   -8.132   -8.132   -3.709   -3.709    0.231    0.231
    6.316    6.316    7.164    7.164    7.168    7.168
            0.470667  0.339482  0.000000
  -15.659  -15.659  -14.617  -14.617   -8.126   -8.126   -3.711   -3.711    0.231    0.231
    6.308    6.308    7.162    7.162    7.166    7.166
            0.471000  0.338905  0.000000
  -15.660  -15.660  -14.618  -14.618   -8.120   -8.120   -3.712   -3.712    0.232    0.232
    6.300    6.300    7.160    7.160    7.164    7.164
            0.471333  0.338327  0.000000
  -15.661  -15.661  -14.619  -14.619   -8.114   -8.114   -3.714   -3.714    0.232    0.232
    6.292    6.292    7.158    7.158    7.162    7.162
            0.471667  0.337750  0.000000
  -15.662  -15.662  -14.620  -14.620   -8.109   -8.108   -3.716   -3.716    0.233    0.233
    6.284    6.284    7.156    7.156    7.160    7.160
            0.472000  0.337173  0.000000
  -15.663  -15.663  -14.621  -14.621   -8.103   -8.103   -3.717   -3.717    0.233    0.233
    6.276    6.276    7.154    7.154    7.159    7.159
            0.472333  0.336595  0.000000
  -15.664  -15.664  -14.622  -14.622   -8.097   -8.097   -3.719   -3.719    0.234    0.234
    6.269    6.269    7.152    7.152    7.157    7.157
            0.472667  0.336018  0.000000
  -15.666  -15.666  -14.623  -14.623   -8.092   -8.092   -3.720   -3.720    0.234    0.234
    6.261    6.261    7.150    7.150    7.155    7.155
            0.473000  0.335441  0.000000
  -15.667  -15.667  -14.625  -14.625   -8.086   -8.086   -3.722   -3.722    0.234    0.234
    6.254    6.254    7.149    7.149    7.153    7.153
            0.473333  0.334863  0.000000
  -15.668  -15.668  -14.626  -14.626   -8.081   -8.081   -3.724   -3.724    0.235    0.235
    6.246    6.246    7.147    7.147    7.151    7.151
            0.473667  0.334286  0.000000
  -15.669  -15.669  -14.627  -14.627   -8.075   -8.075   -3.725   -3.725    0.235    0.235
    6.239    6.239    7.145    7.145    7.150    7.150
            0.474000  0.333708  0.000000
  -15.670  -15.670  -14.628  -14.628   -8.070   -8.070   -3.727   -3.727    0.236    0.236
    6.231    6.231    7.143    7.143    7.148    7.148
            0.474333  0.333131  0.000000
  -15.671  -15.671  -14.629  -14.629   -8.065   -8.065   -3.728   -3.728    0.236    0.236
    6.224    6.224    7.142    7.142    7.146    7.146
            0.474667  0.332554  0.000000
  -15.672  -15.672  -14.630  -14.630   -8.059   -8.059   -3.730   -3.730    0.236    0.236
    6.217    6.217    7.140    7.140    7.145    7.145
            0.475000  0.331976  0.000000
  -15.673  -15.673  -14.631  -14.631   -8.054   -8.054   -3.731   -3.731    0.237    0.237
    6.210    6.210    7.138    7.138    7.143    7.143
            0.475333  0.331399  0.000000
  -15.674  -15.674  -14.632  -14.632   -8.049   -8.049   -3.732   -3.732    0.237    0.237
    6.203    6.203    7.137    7.137    7.141    7.141
            0.475667  0.330822  0.000000
  -15.675  -15.675  -14.633  -14.633   -8.044   -8.044   -3.734   -3.734    0.237    0.237
    6.196    6.196    7.135    7.135    7.140    7.140
            0.476000  0.330244  0.000000
  -15.676  -15.676  -14.634  -14.634   -8.039   -8.039   -3.735   -3.735    0.238    0.238
    6.190    6.190    7.134    7.134    7.138    7.138
            0.476333  0.329667  0.000000
  -15.677  -15.677  -14.635  -14.635   -8.034   -8.034   -3.737   -3.737    0.238    0.238
    6.183    6.183    7.132    7.132    7.137    7.137
            0.476667  0.329090  0.000000
  -15.678  -15.678  -14.636  -14.636   -8.029   -8.029   -3.738   -3.738    0.239    0.239
    6.176    6.176    7.130    7.130    7.135    7.135
            0.477000  0.328512  0.000000
  -15.679  -15.679  -14.637  -14.637   -8.025   -8.025   -3.739   -3.739    0.239    0.239
    6.170    6.170    7.129    7.129    7.134    7.134
            0.477333  0.327935  0.000000
  -15.680  -15.680  -14.637  -14.637   -8.020   -8.020   -3.741   -3.741    0.239    0.239
    6.163    6.163    7.127    7.127    7.132    7.132
            0.477667  0.327358  0.000000
  -15.681  -15.681  -14.638  -14.638   -8.015   -8.015   -3.742   -3.742    0.240    0.240
    6.157    6.157    7.126    7.126    7.131    7.131
            0.478000  0.326780  0.000000
  -15.682  -15.682  -14.639  -14.639   -8.011   -8.011   -3.743   -3.743    0.240    0.240
    6.151    6.151    7.124    7.124    7.129    7.129
            0.478333  0.326203  0.000000
  -15.682  -15.682  -14.640  -14.640   -8.006   -8.006   -3.744   -3.744    0.240    0.240
    6.145    6.145    7.123    7.123    7.128    7.128
            0.478667  0.325626  0.000000
  -15.683  -15.683  -14.641  -14.641   -8.002   -8.002   -3.746   -3.746    0.240    0.240
    6.139    6.139    7.122    7.122    7.126    7.126
            0.479000  0.325048  0.000000
  -15.684  -15.684  -14.642  -14.642   -7.997   -7.997   -3.747   -3.747    0.241    0.241
    6.133    6.133    7.120    7.120    7.125    7.125
            0.479333  0.324471  0.000000
  -15.685  -15.685  -14.643  -14.643   -7.993   -7.993   -3.748   -3.748    0.241    0.241
    6.127    6.127    7.119    7.119    7.124    7.124
            0.479667  0.323894  0.000000
  -15.686  -15.686  -14.643  -14.643   -7.989   -7.989   -3.749   -3.749    0.241    0.241
    6.121    6.121    7.117    7.117    7.122    7.122
            0.480000  0.323316  0.000000
  -15.687  -15.687  -14.644  -14.644   -7.985   -7.985   -3.750   -3.750    0.242    0.242
    6.115    6.115    7.116    7.116    7.121    7.121
            0.480333  0.322739  0.000000
  -15.687  -15.687  -14.645  -14.645   -7.980   -7.980   -3.752   -3.752    0.242    0.242
    6.110    6.110    7.115    7.115    7.120    7.120
            0.480667  0.322161  0.000000
  -15.688  -15.688  -14.646  -14.646   -7.976   -7.976   -3.753   -3.753    0.242    0.242
    6.104    6.104    7.114    7.114    7.118    7.118
            0.481000  0.321584  0.000000
  -15.689  -15.689  -14.647  -14.647   -7.972   -7.972   -3.754   -3.754    0.242    0.242
    6.099    6.099    7.112    7.112    7.117    7.117
            0.481333  0.321007  0.000000
  -15.690  -15.690  -14.647  -14.647   -7.968   -7.968   -3.755   -3.755    0.243    0.243
    6.094    6.094    7.111    7.111    7.116    7.116
            0.481667  0.320429  0.000000
  -15.691  -15.691  -14.648  -14.648   -7.965   -7.965   -3.756   -3.756    0.243    0.243
    6.088    6.088    7.110    7.110    7.115    7.115
            0.482000  0.319852  0.000000
  -15.691  -15.691  -14.649  -14.649   -7.961   -7.961   -3.757   -3.757    0.243    0.243
    6.083    6.083    7.109    7.109    7.113    7.113
            0.482333  0.319275  0.000000
  -15.692  -15.692  -14.650  -14.650   -7.957   -7.957   -3.758   -3.758    0.243    0.243
    6.078    6.078    7.107    7.107    7.112    7.112
            0.482667  0.318697  0.000000
  -15.693  -15.693  -14.650  -14.650   -7.953   -7.953   -3.759   -3.759    0.244    0.244
    6.073    6.073    7.106    7.106    7.111    7.111
            0.483000  0.318120  0.000000
  -15.693  -15.693  -14.651  -14.651   -7.950   -7.950   -3.760   -3.760    0.244    0.244
    6.068    6.068    7.105    7.105    7.110    7.110
            0.483333  0.317543  0.000000
  -15.694  -15.694  -14.652  -14.652   -7.946   -7.946   -3.761   -3.761    0.244    0.244
    6.063    6.064    7.104    7.104    7.109    7.109
            0.483667  0.316965  0.000000
  -15.695  -15.695  -14.652  -14.652   -7.943   -7.943   -3.762   -3.762    0.244    0.244
    6.059    6.059    7.103    7.103    7.108    7.108
            0.484000  0.316388  0.000000
  -15.695  -15.695  -14.653  -14.653   -7.939   -7.939   -3.763   -3.763    0.245    0.245
    6.054    6.054    7.102    7.102    7.107    7.107
            0.484333  0.315811  0.000000
  -15.696  -15.696  -14.654  -14.654   -7.936   -7.936   -3.764   -3.764    0.245    0.245
    6.050    6.050    7.101    7.101    7.106    7.106
            0.484667  0.315233  0.000000
  -15.697  -15.697  -14.654  -14.654   -7.933   -7.933   -3.765   -3.765    0.245    0.245
    6.045    6.045    7.100    7.100    7.105    7.105
            0.485000  0.314656  0.000000
  -15.697  -15.697  -14.655  -14.655   -7.930   -7.930   -3.766   -3.766    0.245    0.245
    6.041    6.041    7.099    7.099    7.104    7.104
            0.485333  0.314079  0.000000
  -15.698  -15.698  -14.655  -14.655   -7.926   -7.926   -3.766   -3.766    0.245    0.245
    6.037    6.037    7.098    7.098    7.103    7.103
            0.485667  0.313501  0.000000
  -15.698  -15.698  -14.656  -14.656   -7.923   -7.923   -3.767   -3.767    0.246    0.246
    6.033    6.033    7.097    7.097    7.102    7.102
            0.486000  0.312924  0.000000
  -15.699  -15.699  -14.656  -14.656   -7.920   -7.920   -3.768   -3.768    0.246    0.246
    6.029    6.029    7.096    7.096    7.101    7.101
            0.486333  0.312346  0.000000
  -15.700  -15.700  -14.657  -14.657   -7.918   -7.918   -3.769   -3.769    0.246    0.246
    6.025    6.025    7.095    7.095    7.100    7.100
            0.486667  0.311769  0.000000
  -15.700  -15.700  -14.658  -14.658   -7.915   -7.915   -3.770   -3.770    0.246    0.246
    6.021    6.021    7.094    7.094    7.099    7.099
            0.487000  0.311192  0.000000
  -15.701  -15.701  -14.658  -14.658   -7.912   -7.912   -3.770   -3.770    0.246    0.246
    6.017    6.017    7.093    7.093    7.098    7.098
            0.487333  0.310614  0.000000
  -15.701  -15.701  -14.659  -14.659   -7.909   -7.909   -3.771   -3.771    0.247    0.247
    6.013    6.013    7.093    7.093    7.097    7.097
            0.487667  0.310037  0.000000
  -15.702  -15.702  -14.659  -14.659   -7.907   -7.907   -3.772   -3.772    0.247    0.247
    6.010    6.010    7.092    7.092    7.097    7.097
            0.488000  0.309460  0.000000
  -15.702  -15.702  -14.660  -14.660   -7.904   -7.904   -3.773   -3.773    0.247    0.247
    6.006    6.006    7.091    7.091    7.096    7.096
            0.488333  0.308882  0.000000
  -15.703  -15.703  -14.660  -14.660   -7.901   -7.901   -3.773   -3.773    0.247    0.247
    6.003    6.003    7.090    7.090    7.095    7.095
            0.488667  0.308305  0.000000
  -15.703  -15.703  -14.661  -14.661   -7.899   -7.899   -3.774   -3.774    0.247    0.247
    6.000    6.000    7.089    7.089    7.094    7.094
            0.489000  0.307728  0.000000
  -15.704  -15.704  -14.661  -14.661   -7.897   -7.897   -3.775   -3.775    0.247    0.247
    5.996    5.996    7.089    7.089    7.094    7.094
            0.489333  0.307150  0.000000
  -15.704  -15.704  -14.661  -14.661   -7.894   -7.894   -3.775   -3.775    0.248    0.248
    5.993    5.993    7.088    7.088    7.093    7.093
            0.489667  0.306573  0.000000
  -15.704  -15.704  -14.662  -14.662   -7.892   -7.892   -3.776   -3.776    0.248    0.248
    5.990    5.990    7.087    7.087    7.092    7.092
            0.490000  0.305996  0.000000
  -15.705  -15.705  -14.662  -14.662   -7.890   -7.890   -3.776   -3.776    0.248    0.248
    5.987    5.987    7.087    7.087    7.092    7.092
            0.490333  0.305418  0.000000
  -15.705  -15.705  -14.663  -14.663   -7.888   -7.888   -3.777   -3.777    0.248    0.248
    5.984    5.984    7.086    7.086    7.091    7.091
            0.490667  0.304841  0.000000
  -15.706  -15.706  -14.663  -14.663   -7.886   -7.886   -3.777   -3.777    0.248    0.248
    5.982    5.982    7.085    7.085    7.090    7.090
            0.491000  0.304264  0.000000
  -15.706  -15.706  -14.663  -14.663   -7.884   -7.884   -3.778   -3.778    0.248    0.248
    5.979    5.979    7.085    7.085    7.090    7.090
            0.491333  0.303686  0.000000
  -15.706  -15.706  -14.664  -14.664   -7.882   -7.882   -3.778   -3.778    0.248    0.248
    5.977    5.977    7.084    7.084    7.089    7.089
            0.491667  0.303109  0.000000
  -15.707  -15.707  -14.664  -14.664   -7.880   -7.880   -3.779   -3.779    0.248    0.248
    5.974    5.974    7.084    7.084    7.089    7.089
            0.492000  0.302532  0.000000
  -15.707  -15.707  -14.664  -14.664   -7.878   -7.878   -3.779   -3.779    0.249    0.249
    5.972    5.972    7.083    7.083    7.088    7.088
            0.492333  0.301954  0.000000
  -15.707  -15.707  -14.665  -14.665   -7.877   -7.877   -3.780   -3.780    0.249    0.249
    5.970    5.970    7.082    7.082    7.087    7.087
            0.492667  0.301377  0.000000
  -15.708  -15.708  -14.665  -14.665   -7.875   -7.875   -3.780   -3.780    0.249    0.249
    5.967    5.967    7.082    7.082    7.087    7.087
            0.493000  0.300799  0.000000
  -15.708  -15.708  -14.665  -14.665   -7.874   -7.874   -3.781   -3.781    0.249    0.249
    5.965    5.965    7.082    7.082    7.087    7.087
            0.493333  0.300222  0.000000
  -15.708  -15.708  -14.666  -14.666   -7.872   -7.872   -3.781   -3.781    0.249    0.249
    5.963    5.963    7.081    7.081    7.086    7.086
            0.493667  0.299645  0.000000
  -15.708  -15.708  -14.666  -14.666   -7.871   -7.871   -3.781   -3.781    0.249    0.249
    5.961    5.961    7.081    7.081    7.086    7.086
            0.494000  0.299067  0.000000
  -15.709  -15.709  -14.666  -14.666   -7.870   -7.869   -3.782   -3.782    0.249    0.249
    5.960    5.960    7.080    7.080    7.085    7.085
            0.494333  0.298490  0.000000
  -15.709  -15.709  -14.666  -14.666   -7.868   -7.868   -3.782   -3.782    0.249    0.249
    5.958    5.958    7.080    7.080    7.085    7.085
            0.494667  0.297913  0.000000
  -15.709  -15.709  -14.667  -14.667   -7.867   -7.867   -3.782   -3.782    0.249    0.249
    5.956    5.956    7.079    7.079    7.085    7.085
            0.495000  0.297335  0.000000
  -15.709  -15.709  -14.667  -14.667   -7.866   -7.866   -3.783   -3.783    0.249    0.249
    5.955    5.955    7.079    7.079    7.084    7.084
            0.495333  0.296758  0.000000
  -15.710  -15.710  -14.667  -14.667   -7.865   -7.865   -3.783   -3.783    0.249    0.249
    5.954    5.954    7.079    7.079    7.084    7.084
            0.495667  0.296181  0.000000
  -15.710  -15.710  -14.667  -14.667   -7.864   -7.864   -3.783   -3.783    0.249    0.249
    5.952    5.952    7.079    7.079    7.084    7.084
            0.496000  0.295603  0.000000
  -15.710  -15.710  -14.667  -14.667   -7.863   -7.863   -3.784   -3.784    0.249    0.250
    5.951    5.951    7.078    7.078    7.083    7.083
            0.496333  0.295026  0.000000
  -15.710  -15.710  -14.667  -14.667   -7.862   -7.862   -3.784   -3.784    0.250    0.250
    5.950    5.950    7.078    7.078    7.083    7.083
            0.496667  0.294449  0.000000
  -15.710  -15.710  -14.668  -14.668   -7.862   -7.862   -3.784   -3.784    0.250    0.250
    5.949    5.949    7.078    7.078    7.083    7.083
            0.497000  0.293871  0.000000
  -15.710  -15.710  -14.668  -14.668   -7.861   -7.861   -3.784   -3.784    0.250    0.250
    5.948    5.948    7.078    7.078    7.083    7.083
            0.497333  0.293294  0.000000
  -15.710  -15.710  -14.668  -14.668   -7.860   -7.860   -3.784   -3.784    0.250    0.250
    5.947    5.947    7.077    7.077    7.082    7.082
            0.497667  0.292717  0.000000
  -15.711  -15.711  -14.668  -14.668   -7.860   -7.860   -3.784   -3.784    0.250    0.250
    5.946    5.946    7.077    7.077    7.082    7.082
            0.498000  0.292139  0.000000
  -15.711  -15.711  -14.668  -14.668   -7.859   -7.859   -3.785   -3.785    0.250    0.250
    5.946    5.946    7.077    7.077    7.082    7.082
            0.498333  0.291562  0.000000
  -15.711  -15.711  -14.668  -14.668   -7.859   -7.859   -3.785   -3.785    0.250    0.250
    5.945    5.945    7.077    7.077    7.082    7.082
            0.498667  0.290985  0.000000
  -15.711  -15.711  -14.668  -14.668   -7.859   -7.859   -3.785   -3.785    0.250    0.250
    5.945    5.945    7.077    7.077    7.082    7.082
            0.499000  0.290407  0.000000
  -15.711  -15.711  -14.668  -14.668   -7.858   -7.858   -3.785   -3.785    0.250    0.250
    5.945    5.945    7.077    7.077    7.082    7.082
            0.499333  0.289830  0.000000
  -15.711  -15.711  -14.668  -14.668   -7.858   -7.858   -3.785   -3.785    0.250    0.250
    5.944    5.944    7.077    7.077    7.082    7.082
            0.499667  0.289252  0.000000
  -15.711  -15.711  -14.668  -14.668   -7.858   -7.858   -3.785   -3.785    0.250    0.250
    5.944    5.944    7.077    7.077    7.082    7.082
            0.500000  0.288675  0.000000
  -15.711  -15.711  -14.668  -14.668   -7.858   -7.858   -3.785   -3.785    0.250    0.250
    5.944    5.944    7.077    7.077    7.082    7.082
            0.499000  0.288098  0.000000
  -15.711  -15.711  -14.668  -14.668   -7.858   -7.858   -3.785   -3.785    0.250    0.250
    5.944    5.944    7.046    7.046    7.112    7.112
            0.498000  0.287520  0.000000
  -15.713  -15.713  -14.666  -14.666   -7.858   -7.858   -3.786   -3.786    0.251    0.251
    5.944    5.944    7.013    7.014    7.145    7.145
            0.497000  0.286943  0.000000
  -15.715  -15.715  -14.664  -14.664   -7.858   -7.858   -3.786   -3.786    0.252    0.252
    5.944    5.944    6.981    6.981    7.178    7.178
            0.496000  0.286366  0.000000
  -15.718  -15.718  -14.661  -14.661   -7.858   -7.858   -3.787   -3.787    0.253    0.253
    5.944    5.944    6.948    6.948    7.211    7.211
            0.495000  0.285788  0.000000
  -15.722  -15.722  -14.656  -14.656   -7.857   -7.857   -3.789   -3.789    0.255    0.255
    5.944    5.944    6.916    6.916    7.245    7.245
            0.494000  0.285211  0.000000
  -15.727  -15.727  -14.651  -14.651   -7.857   -7.857   -3.791   -3.791    0.257    0.257
    5.945    5.945    6.883    6.883    7.278    7.278
            0.493000  0.284634  0.000000
  -15.732  -15.732  -14.645  -14.645   -7.857   -7.857   -3.793   -3.793    0.259    0.259
    5.945    5.945    6.851    6.851    7.311    7.311
            0.492000  0.284056  0.000000
  -15.739  -15.739  -14.638  -14.638   -7.856   -7.856   -3.795   -3.795    0.262    0.262
    5.945    5.945    6.818    6.818    7.344    7.344
            0.491000  0.283479  0.000000
  -15.746  -15.746  -14.630  -14.630   -7.856   -7.856   -3.798   -3.798    0.265    0.265
    5.945    5.945    6.786    6.786    7.378    7.378
            0.490000  0.282902  0.000000
  -15.754  -15.754  -14.622  -14.622   -7.856   -7.856   -3.801   -3.801    0.269    0.269
    5.945    5.945    6.754    6.754    7.411    7.411
            0.489000  0.282324  0.000000
  -15.762  -15.762  -14.613  -14.613   -7.855   -7.855   -3.804   -3.804    0.273    0.273
    5.946    5.946    6.721    6.721    7.445    7.445
            0.488000  0.281747  0.000000
  -15.772  -15.772  -14.603  -14.603   -7.855   -7.855   -3.807   -3.807    0.278    0.278
    5.946    5.946    6.689    6.689    7.479    7.479
            0.487000  0.281170  0.000000
  -15.781  -15.781  -14.592  -14.592   -7.854   -7.854   -3.811   -3.811    0.282    0.282
    5.946    5.946    6.657    6.657    7.512    7.512
            0.486000  0.280592  0.000000
  -15.792  -15.792  -14.580  -14.580   -7.853   -7.853   -3.815   -3.815    0.287    0.287
    5.946    5.946    6.625    6.625    7.546    7.546
            0.485000  0.280015  0.000000
  -15.803  -15.803  -14.568  -14.568   -7.853   -7.853   -3.820   -3.820    0.293    0.293
    5.947    5.947    6.593    6.593    7.580    7.580
            0.484000  0.279438  0.000000
  -15.814  -15.814  -14.556  -14.556   -7.852   -7.852   -3.825   -3.825    0.299    0.299
    5.947    5.947    6.561    6.561    7.614    7.614
            0.483000  0.278860  0.000000
  -15.826  -15.826  -14.543  -14.543   -7.851   -7.851   -3.830   -3.830    0.305    0.305
    5.948    5.948    6.529    6.529    7.648    7.648
            0.482000  0.278283  0.000000
  -15.839  -15.839  -14.529  -14.529   -7.850   -7.850   -3.835   -3.835    0.312    0.312
    5.948    5.948    6.498    6.498    7.682    7.682
            0.481000  0.277705  0.000000
  -15.852  -15.852  -14.515  -14.515   -7.849   -7.849   -3.841   -3.841    0.319    0.319
    5.948    5.948    6.466    6.466    7.716    7.716
            0.480000  0.277128  0.000000
  -15.865  -15.865  -14.500  -14.500   -7.849   -7.849   -3.846   -3.846    0.326    0.326
    5.949    5.949    6.434    6.434    7.750    7.750
            0.479000  0.276551  0.000000
  -15.879  -15.879  -14.485  -14.485   -7.848   -7.848   -3.853   -3.853    0.334    0.334
    5.949    5.949    6.403    6.403    7.784    7.784
            0.478000  0.275973  0.000000
  -15.893  -15.893  -14.469  -14.469   -7.847   -7.847   -3.859   -3.859    0.342    0.342
    5.950    5.950    6.371    6.371    7.819    7.819
            0.477000  0.275396  0.000000
  -15.907  -15.907  -14.453  -14.453   -7.846   -7.846   -3.866   -3.866    0.350    0.350
    5.950    5.950    6.340    6.340    7.853    7.853
            0.476000  0.274819  0.000000
  -15.922  -15.922  -14.437  -14.437   -7.844   -7.844   -3.873   -3.873    0.359    0.359
    5.951    5.951    6.309    6.309    7.887    7.887
            0.475000  0.274241  0.000000
  -15.937  -15.937  -14.420  -14.420   -7.843   -7.843   -3.880   -3.880    0.368    0.368
    5.952    5.952    6.277    6.277    7.922    7.922
            0.474000  0.273664  0.000000
  -15.952  -15.952  -14.403  -14.403   -7.842   -7.842   -3.888   -3.888    0.377    0.377
    5.952    5.952    6.246    6.246    7.956    7.956
            0.473000  0.273087  0.000000
  -15.968  -15.968  -14.386  -14.386   -7.841   -7.841   -3.895   -3.895    0.387    0.387
    5.953    5.953    6.215    6.215    7.988    7.988
            0.472000  0.272509  0.000000
  -15.983  -15.983  -14.368  -14.368   -7.840   -7.840   -3.903   -3.903    0.397    0.397
    5.953    5.953    6.184    6.184    7.979    7.979
            0.471000  0.271932  0.000000
  -15.999  -15.999  -14.350  -14.350   -7.838   -7.838   -3.912   -3.912    0.407    0.407
    5.954    5.954    6.153    6.153    7.949    7.950
            0.470000  0.271355  0.000000
  -16.015  -16.015  -14.332  -14.332   -7.837   -7.837   -3.920   -3.920    0.418    0.418
    5.955    5.955    6.122    6.122    7.920    7.920
            0.469000  0.270777  0.000000
  -16.032  -16.032  -14.314  -14.314   -7.835   -7.835   -3.929   -3.929    0.429    0.429
    5.956    5.956    6.091    6.091    7.890    7.890
            0.468000  0.270200  0.000000
  -16.048  -16.048  -14.295  -14.295   -7.834   -7.834   -3.938   -3.938    0.440    0.440
    5.956    5.956    6.060    6.060    7.860    7.861
            0.467000  0.269623  0.000000
  -16.065  -16.065  -14.276  -14.276   -7.832   -7.832   -3.947   -3.947    0.452    0.452
    5.957    5.957    6.030    6.030    7.831    7.831
            0.466000  0.269045  0.000000
  -16.081  -16.081  -14.257  -14.257   -7.831   -7.831   -3.957   -3.957    0.464    0.464
    5.958    5.958    5.999    5.999    7.801    7.801
            0.465000  0.268468  0.000000
  -16.098  -16.098  -14.238  -14.238   -7.829   -7.829   -3.966   -3.966    0.476    0.476
    5.958    5.958    5.969    5.969    7.771    7.772
            0.464000  0.267891  0.000000
  -16.115  -16.115  -14.218  -14.218   -7.828   -7.828   -3.976   -3.976    0.489    0.489
    5.937    5.937    5.960    5.960    7.742    7.742
            0.463000  0.267313  0.000000
  -16.133  -16.133  -14.199  -14.198   -7.826   -7.826   -3.986   -3.986    0.502    0.502
    5.907    5.907    5.961    5.961    7.712    7.712
            0.462000  0.266736  0.000000
  -16.150  -16.150  -14.179  -14.179   -7.824   -7.824   -3.997   -3.997    0.515    0.515
    5.876    5.876    5.961    5.961    7.683    7.683
            0.461000  0.266158  0.000000
  -16.167  -16.167  -14.159  -14.159   -7.822   -7.822   -4.007   -4.007    0.528    0.528
    5.846    5.846    5.962    5.962    7.653    7.654
            0.460000  0.265581  0.000000
  -16.185  -16.185  -14.138  -14.138   -7.820   -7.820   -4.018   -4.018    0.542    0.542
    5.816    5.816    5.963    5.963    7.624    7.624
            0.459000  0.265004  0.000000
  -16.202  -16.202  -14.118  -14.118   -7.818   -7.818   -4.029   -4.029    0.556    0.556
    5.786    5.786    5.964    5.964    7.595    7.595
            0.458000  0.264426  0.000000
  -16.220  -16.220  -14.097  -14.097   -7.817   -7.817   -4.040   -4.040    0.570    0.570
    5.755    5.755    5.965    5.965    7.566    7.566
            0.457000  0.263849  0.000000
  -16.237  -16.237  -14.077  -14.077   -7.815   -7.815   -4.052   -4.052    0.584    0.584
    5.725    5.725    5.966    5.966    7.536    7.537
            0.456000  0.263272  0.000000
  -16.255  -16.255  -14.056  -14.056   -7.813   -7.813   -4.063   -4.063    0.599    0.599
    5.695    5.695    5.967    5.967    7.507    7.508
            0.455000  0.262694  0.000000
  -16.273  -16.273  -14.035  -14.035   -7.810   -7.810   -4.075   -4.075    0.614    0.614
    5.665    5.665    5.968    5.968    7.478    7.479
            0.454000  0.262117  0.000000
  -16.291  -16.291  -14.014  -14.014   -7.808   -7.808   -4.087   -4.087    0.629    0.629
    5.635    5.635    5.969    5.969    7.449    7.450
            0.453000  0.261540  0.000000
  -16.309  -16.309  -13.993  -13.993   -7.806   -7.806   -4.099   -4.099    0.645    0.645
    5.605    5.606    5.970    5.970    7.420    7.421
            0.452000  0.260962  0.000000
  -16.327  -16.327  -13.971  -13.971   -7.804   -7.804   -4.111   -4.111    0.660    0.661
    5.576    5.576    5.971    5.971    7.391    7.392
            0.451000  0.260385  0.000000
  -16.345  -16.345  -13.950  -13.950   -7.802   -7.802   -4.124   -4.124    0.676    0.677
    5.546    5.546    5.973    5.973    7.363    7.363
            0.450000  0.259808  0.000000
  -16.363  -16.363  -13.929  -13.928   -7.799   -7.799   -4.136   -4.136    0.693    0.693
    5.516    5.516    5.974    5.974    7.334    7.334
            0.449000  0.259230  0.000000
  -16.381  -16.381  -13.907  -13.907   -7.797   -7.797   -4.149   -4.149    0.709    0.709
    5.487    5.487    5.975    5.975    7.305    7.306
            0.448000  0.258653  0.000000
  -16.399  -16.399  -13.885  -13.885   -7.795   -7.795   -4.162   -4.162    0.726    0.726
    5.457    5.457    5.976    5.976    7.277    7.277
            0.447000  0.258076  0.000000
  -16.417  -16.417  -13.863  -13.863   -7.792   -7.792   -4.175   -4.175    0.743    0.743
    5.428    5.428    5.977    5.977    7.248    7.248
            0.446000  0.257498  0.000000
  -16.435  -16.435  -13.841  -13.841   -7.790   -7.790   -4.188   -4.188    0.760    0.760
    5.398    5.398    5.979    5.979    7.220    7.220
            0.445000  0.256921  0.000000
  -16.454  -16.454  -13.819  -13.819   -7.787   -7.787   -4.202   -4.202    0.777    0.777
    5.369    5.369    5.980    5.980    7.191    7.191
            0.444000  0.256344  0.000000
  -16.472  -16.472  -13.797  -13.797   -7.784   -7.784   -4.215   -4.215    0.795    0.795
    5.340    5.340    5.981    5.981    7.163    7.163
            0.443000  0.255766  0.000000
  -16.490  -16.490  -13.775  -13.775   -7.782   -7.782   -4.229   -4.229    0.812    0.813
    5.311    5.311    5.982    5.982    7.135    7.135
            0.442000  0.255189  0.000000
  -16.508  -16.508  -13.753  -13.753   -7.779   -7.779   -4.243   -4.243    0.830    0.831
    5.282    5.282    5.984    5.984    7.106    7.107
            0.441000  0.254611  0.000000
  -16.527  -16.527  -13.731  -13.731   -7.776   -7.776   -4.257   -4.257    0.849    0.849
    5.253    5.253    5.985    5.985    7.078    7.078
            0.440000  0.254034  0.000000
  -16.545  -16.545  -13.708  -13.708   -7.774   -7.774   -4.271   -4.271    0.867    0.867
    5.224    5.224    5.986    5.986    7.050    7.050
            0.439000  0.253457  0.000000
  -16.563  -16.563  -13.686  -13.686   -7.771   -7.771   -4.285   -4.285    0.886    0.886
    5.195    5.195    5.988    5.988    7.022    7.022
            0.438000  0.252879  0.000000
  -16.581  -16.581  -13.663  -13.663   -7.768   -7.768   -4.299   -4.299    0.904    0.904
    5.166    5.166    5.989    5.989    6.994    6.994
            0.437000  0.252302  0.000000
  -16.600  -16.600  -13.640  -13.640   -7.765   -7.765   -4.314   -4.314    0.923    0.923
    5.137    5.137    5.991    5.991    6.966    6.966
            0.436000  0.251725  0.000000
  -16.618  -16.618  -13.618  -13.618   -7.762   -7.762   -4.328   -4.328    0.942    0.942
    5.108    5.108    5.992    5.992    6.938    6.939
            0.435000  0.251147  0.000000
  -16.636  -16.636  -13.595  -13.595   -7.759   -7.759   -4.343   -4.343    0.962    0.962
    5.080    5.080    5.993    5.993    6.911    6.911
            0.434000  0.250570  0.000000
  -16.654  -16.654  -13.572  -13.572   -7.756   -7.756   -4.358   -4.357    0.981    0.981
    5.051    5.051    5.995    5.995    6.883    6.883
            0.433000  0.249993  0.000000
  -16.673  -16.673  -13.549  -13.549   -7.753   -7.753   -4.372   -4.372    1.001    1.001
    5.022    5.022    5.996    5.996    6.855    6.855
            0.432000  0.249415  0.000000
  -16.691  -16.691  -13.526  -13.526   -7.750   -7.750   -4.387   -4.387    1.021    1.021
    4.994    4.994    5.998    5.998    6.828    6.828
            0.431000  0.248838  0.000000
  -16.709  -16.709  -13.503  -13.503   -7.747   -7.747   -4.402   -4.402    1.041    1.041
    4.966    4.966    5.999    5.999    6.800    6.800
            0.430000  0.248261  0.000000
  -16.727  -16.727  -13.480  -13.480   -7.743   -7.743   -4.418   -4.418    1.061    1.061
    4.937    4.937    6.001    6.001    6.773    6.773
            0.429000  0.247683  0.000000
  -16.746  -16.746  -13.457  -13.457   -7.740   -7.740   -4.433   -4.433    1.081    1.081
    4.909    4.909    6.002    6.002    6.745    6.745
            0.428000  0.247106  0.000000
  -16.764  -16.764  -13.434  -13.434   -7.737   -7.737   -4.448   -4.448    1.102    1.102
    4.881    4.881    6.004    6.004    6.718    6.718
            0.427000  0.246529  0.000000
  -16.782  -16.782  -13.411  -13.410   -7.733   -7.733   -4.464   -4.464    1.122    1.123
    4.853    4.853    6.006    6.006    6.691    6.691
            0.426000  0.245951  0.000000
  -16.800  -16.800  -13.387  -13.387   -7.730   -7.730   -4.479   -4.479    1.143    1.143
    4.825    4.825    6.007    6.007    6.664    6.664
            0.425000  0.245374  0.000000
  -16.819  -16.819  -13.364  -13.364   -7.726   -7.726   -4.495   -4.495    1.164    1.164
    4.797    4.797    6.009    6.009    6.637    6.637
            0.424000  0.244797  0.000000
  -16.837  -16.837  -13.340  -13.340   -7.723   -7.723   -4.511   -4.510    1.185    1.185
    4.769    4.769    6.010    6.010    6.610    6.610
            0.423000  0.244219  0.000000
  -16.855  -16.855  -13.317  -13.317   -7.719   -7.719   -4.526   -4.526    1.207    1.207
    4.741    4.741    6.012    6.012    6.583    6.583
            0.422000  0.243642  0.000000
  -16.873  -16.873  -13.293  -13.293   -7.716   -7.716   -4.542   -4.542    1.228    1.228
    4.713    4.713    6.013    6.013    6.556    6.556
            0.421000  0.243064  0.000000
  -16.891  -16.891  -13.270  -13.270   -7.712   -7.712   -4.558   -4.558    1.250    1.250
    4.685    4.685    6.015    6.015    6.529    6.529
            0.420000  0.242487  0.000000
  -16.909  -16.909  -13.246  -13.246   -7.708   -7.708   -4.574   -4.574    1.271    1.271
    4.658    4.658    6.016    6.016    6.503    6.503
            0.419000  0.241910  0.000000
  -16.927  -16.927  -13.222  -13.222   -7.705   -7.705   -4.590   -4.590    1.293    1.293
    4.630    4.630    6.018    6.018    6.476    6.476
            0.418000  0.241332  0.000000
  -16.945  -16.945  -13.199  -13.199   -7.701   -7.701   -4.606   -4.606    1.315    1.315
    4.602    4.602    6.019    6.019    6.450    6.450
            0.417000  0.240755  0.000000
  -16.964  -16.964  -13.175  -13.175   -7.697   -7.697   -4.622   -4.622    1.337    1.337
    4.575    4.575    6.021    6.021    6.423    6.423
            0.416000  0.240178  0.000000
  -16.982  -16.982  -13.151  -13.151   -7.693   -7.693   -4.639   -4.639    1.359    1.359
    4.548    4.548    6.022    6.022    6.397    6.397
            0.415000  0.239600  0.000000
  -17.000  -17.000  -13.127  -13.127   -7.689   -7.689   -4.655   -4.655    1.382    1.382
    4.520    4.520    6.024    6.024    6.371    6.371
            0.414000  0.239023  0.000000
  -17.018  -17.018  -13.103  -13.103   -7.685   -7.685   -4.671   -4.671    1.404    1.404
    4.493    4.493    6.025    6.025    6.345    6.345
            0.413000  0.238446  0.000000
  -17.036  -17.036  -13.079  -13.079   -7.681   -7.681   -4.688   -4.688    1.427    1.427
    4.466    4.466    6.026    6.026    6.320    6.320
            0.412000  0.237868  0.000000
  -17.053  -17.053  -13.055  -13.055   -7.677   -7.677   -4.704   -4.704    1.449    1.450
    4.439    4.439    6.027    6.027    6.294    6.294
            0.411000  0.237291  0.000000
  -17.071  -17.071  -13.031  -13.031   -7.673   -7.673   -4.721   -4.721    1.472    1.472
    4.412    4.412    6.028    6.028    6.269    6.269
            0.410000  0.236714  0.000000
  -17.089  -17.089  -13.007  -13.007   -7.669   -7.669   -4.737   -4.737    1.495    1.495
    4.384    4.385    6.028    6.028    6.244    6.244
            0.409000  0.236136  0.000000
  -17.107  -17.107  -12.983  -12.983   -7.665   -7.665   -4.754   -4.754    1.518    1.518
    4.358    4.358    6.028    6.028    6.220    6.220
            0.408000  0.235559  0.000000
  -17.125  -17.125  -12.959  -12.959   -7.661   -7.661   -4.771   -4.771    1.541    1.541
    4.331    4.331    6.028    6.028    6.197    6.197
            0.407000  0.234982  0.000000
  -17.143  -17.143  -12.935  -12.935   -7.656   -7.656   -4.787   -4.787    1.565    1.565
    4.304    4.304    6.026    6.026    6.174    6.174
            0.406000  0.234404  0.000000
  -17.161  -17.161  -12.911  -12.911   -7.652   -7.652   -4.804   -4.804    1.588    1.588
    4.277    4.277    6.023    6.023    6.153    6.153
            0.405000  0.233827  0.000000
  -17.178  -17.178  -12.886  -12.886   -7.648   -7.648   -4.821   -4.821    1.611    1.612
    4.250    4.250    6.018    6.019    6.134    6.134
            0.404000  0.233250  0.000000
  -17.196  -17.196  -12.862  -12.862   -7.643   -7.643   -4.838   -4.838    1.635    1.635
    4.224    4.224    6.010    6.011    6.118    6.118
            0.403000  0.232672  0.000000
  -17.214  -17.214  -12.838  -12.838   -7.639   -7.639   -4.855   -4.855    1.659    1.659
    4.197    4.197    5.999    6.000    6.105    6.106
            0.402000  0.232095  0.000000
  -17.232  -17.231  -12.813  -12.813   -7.634   -7.634   -4.872   -4.872    1.682    1.683
    4.171    4.171    5.984    5.985    6.097    6.097
            0.401000  0.231517  0.000000
  -17.249  -17.249  -12.789  -12.789   -7.630   -7.630   -4.889   -4.889    1.706    1.706
    4.144    4.144    5.967    5.967    6.091    6.091
            0.400000  0.230940  0.000000
  -17.267  -17.267  -12.764  -12.764   -7.625   -7.625   -4.906   -4.905    1.730    1.730
    4.118    4.118    5.947    5.947    6.088    6.088
            0.399000  0.230363  0.000000
  -17.284  -17.284  -12.740  -12.740   -7.620   -7.620   -4.923   -4.922    1.754    1.755
    4.092    4.092    5.925    5.925    6.086    6.086
            0.398000  0.229785  0.000000
  -17.302  -17.302  -12.715  -12.715   -7.616   -7.616   -4.940   -4.940    1.779    1.779
    4.066    4.066    5.902    5.903    6.085    6.085
            0.397000  0.229208  0.000000
  -17.319  -17.319  -12.691  -12.691   -7.611   -7.611   -4.957   -4.957    1.803    1.803
    4.039    4.039    5.879    5.880    6.085    6.086
            0.396000  0.228631  0.000000
  -17.337  -17.337  -12.666  -12.666   -7.606   -7.606   -4.974   -4.974    1.827    1.827
    4.013    4.013    5.855    5.856    6.086    6.086
            0.395000  0.228053  0.000000
  -17.354  -17.354  -12.641  -12.641   -7.601   -7.601   -4.991   -4.991    1.852    1.852
    3.987    3.987    5.831    5.832    6.087    6.087
            0.394000  0.227476  0.000000
  -17.372  -17.372  -12.617  -12.617   -7.597   -7.597   -5.008   -5.008    1.876    1.876
    3.961    3.961    5.807    5.808    6.088    6.088
            0.393000  0.226899  0.000000
  -17.389  -17.389  -12.592  -12.592   -7.592   -7.592   -5.025   -5.025    1.901    1.901
    3.935    3.935    5.783    5.783    6.090    6.090
            0.392000  0.226321  0.000000
  -17.407  -17.407  -12.567  -12.567   -7.587   -7.587   -5.042   -5.042    1.925    1.925
    3.910    3.910    5.758    5.759    6.091    6.091
            0.391000  0.225744  0.000000
  -17.424  -17.424  -12.542  -12.542   -7.582   -7.582   -5.059   -5.059    1.950    1.950
    3.884    3.884    5.734    5.734    6.093    6.093
            0.390000  0.225167  0.000000
  -17.441  -17.441  -12.518  -12.518   -7.577   -7.577   -5.077   -5.077    1.975    1.975
    3.858    3.858    5.710    5.710    6.095    6.095
            0.389000  0.224589  0.000000
  -17.459  -17.459  -12.493  -12.493   -7.572   -7.572   -5.094   -5.094    2.000    2.000
    3.833    3.833    5.685    5.685    6.097    6.097
            0.388000  0.224012  0.000000
  -17.476  -17.476  -12.468  -12.468   -7.567   -7.567   -5.111   -5.111    2.025    2.025
    3.807    3.807    5.660    5.661    6.099    6.099
            0.387000  0.223435  0.000000
  -17.493  -17.493  -12.443  -12.443   -7.561   -7.561   -5.128   -5.128    2.050    2.050
    3.782    3.782    5.636    5.636    6.101    6.101
            0.386000  0.222857  0.000000
  -17.510  -17.510  -12.418  -12.418   -7.556   -7.556   -5.146   -5.146    2.075    2.075
    3.756    3.756    5.612    5.612    6.103    6.103
            0.385000  0.222280  0.000000
  -17.527  -17.527  -12.393  -12.393   -7.551   -7.551   -5.163   -5.163    2.100    2.100
    3.731    3.731    5.587    5.587    6.105    6.105
            0.384000  0.221703  0.000000
  -17.545  -17.544  -12.368  -12.368   -7.546   -7.546   -5.180   -5.180    2.125    2.125
    3.706    3.706    5.563    5.563    6.108    6.108
            0.383000  0.221125  0.000000
  -17.562  -17.562  -12.343  -12.343   -7.540   -7.540   -5.197   -5.197    2.151    2.151
    3.680    3.680    5.538    5.539    6.110    6.110
            0.382000  0.220548  0.000000
  -17.579  -17.579  -12.318  -12.318   -7.535   -7.535   -5.215   -5.215    2.176    2.176
    3.655    3.655    5.514    5.514    6.112    6.112
            0.381000  0.219970  0.000000
  -17.596  -17.596  -12.293  -12.293   -7.530   -7.530   -5.232   -5.232    2.201    2.201
    3.630    3.630    5.490    5.490    6.115    6.115
            0.380000  0.219393  0.000000
  -17.613  -17.613  -12.268  -12.268   -7.524   -7.524   -5.249   -5.249    2.227    2.227
    3.605    3.605    5.465    5.466    6.117    6.117
            0.379000  0.218816  0.000000
  -17.630  -17.630  -12.243  -12.243   -7.519   -7.519   -5.267   -5.267    2.252    2.252
    3.580    3.580    5.441    5.442    6.119    6.120
            0.378000  0.218238  0.000000
  -17.646  -17.646  -12.217  -12.217   -7.513   -7.513   -5.284   -5.284    2.278    2.278
    3.555    3.555    5.417    5.417    6.122    6.122
            0.377000  0.217661  0.000000
  -17.663  -17.663  -12.192  -12.192   -7.507   -7.507   -5.301   -5.301    2.304    2.304
    3.531    3.531    5.393    5.393    6.124    6.124
            0.376000  0.217084  0.000000
  -17.680  -17.680  -12.167  -12.167   -7.502   -7.502   -5.319   -5.319    2.329    2.329
    3.506    3.506    5.369    5.369    6.127    6.127
            0.375000  0.216506  0.000000
  -17.697  -17.697  -12.142  -12.142   -7.496   -7.496   -5.336   -5.336    2.355    2.355
    3.481    3.481    5.345    5.345    6.129    6.129
            0.374000  0.215929  0.000000
  -17.714  -17.714  -12.116  -12.116   -7.490   -7.490   -5.353   -5.353    2.381    2.381
    3.457    3.457    5.321    5.321    6.132    6.132
            0.373000  0.215352  0.000000
  -17.730  -17.730  -12.091  -12.091   -7.485   -7.485   -5.371   -5.371    2.407    2.407
    3.432    3.432    5.297    5.298    6.134    6.135
            0.372000  0.214774  0.000000
  -17.747  -17.747  -12.066  -12.066   -7.479   -7.479   -5.388   -5.388    2.433    2.433
    3.408    3.408    5.273    5.274    6.137    6.137
            0.371000  0.214197  0.000000
  -17.764  -17.764  -12.040  -12.040   -7.473   -7.473   -5.405   -5.405    2.459    2.459
    3.383    3.383    5.250    5.250    6.140    6.140
            0.370000  0.213620  0.000000
  -17.780  -17.780  -12.015  -12.015   -7.467   -7.467   -5.423   -5.422    2.485    2.485
    3.359    3.359    5.226    5.226    6.142    6.142
            0.369000  0.213042  0.000000
  -17.797  -17.797  -11.990  -11.990   -7.461   -7.461   -5.440   -5.440    2.511    2.511
    3.335    3.335    5.202    5.203    6.145    6.145
            0.368000  0.212465  0.000000
  -17.814  -17.813  -11.964  -11.964   -7.455   -7.455   -5.457   -5.457    2.537    2.537
    3.311    3.311    5.179    5.179    6.147    6.148
            0.367000  0.211888  0.000000
  -17.830  -17.830  -11.939  -11.939   -7.449   -7.449   -5.474   -5.474    2.563    2.563
    3.287    3.287    5.155    5.156    6.150    6.150
            0.366000  0.211310  0.000000
  -17.846  -17.846  -11.913  -11.913   -7.443   -7.443   -5.492   -5.492    2.589    2.589
    3.263    3.263    5.132    5.132    6.153    6.153
            0.365000  0.210733  0.000000
  -17.863  -17.863  -11.888  -11.888   -7.437   -7.437   -5.509   -5.509    2.615    2.615
    3.239    3.239    5.109    5.109    6.155    6.155
            0.364000  0.210155  0.000000
  -17.879  -17.879  -11.862  -11.862   -7.431   -7.431   -5.526   -5.526    2.641    2.641
    3.215    3.215    5.085    5.086    6.158    6.158
            0.363000  0.209578  0.000000
  -17.896  -17.896  -11.837  -11.837   -7.425   -7.425   -5.543   -5.543    2.667    2.667
    3.192    3.192    5.062    5.062    6.161    6.161
            0.362000  0.209001  0.000000
  -17.912  -17.912  -11.811  -11.811   -7.419   -7.419   -5.561   -5.561    2.693    2.693
    3.168    3.168    5.039    5.039    6.163    6.163
            0.361000  0.208423  0.000000
  -17.928  -17.928  -11.786  -11.785   -7.412   -7.412   -5.578   -5.578    2.719    2.719
    3.145    3.145    5.016    5.016    6.166    6.166
            0.360000  0.207846  0.000000
  -17.945  -17.944  -11.760  -11.760   -7.406   -7.406   -5.595   -5.595    2.745    2.745
    3.122    3.122    4.993    4.993    6.169    6.169
            0.359000  0.207269  0.000000
  -17.961  -17.961  -11.734  -11.734   -7.400   -7.400   -5.612   -5.612    2.771    2.771
    3.099    3.099    4.970    4.970    6.171    6.171
            0.358000  0.206691  0.000000
  -17.977  -17.977  -11.709  -11.709   -7.393   -7.393   -5.630   -5.630    2.797    2.797
    3.076    3.076    4.947    4.947    6.174    6.174
            0.357000  0.206114  0.000000
  -17.993  -17.993  -11.683  -11.683   -7.387   -7.387   -5.647   -5.647    2.822    2.822
    3.054    3.054    4.924    4.924    6.177    6.177
            0.356000  0.205537  0.000000
  -18.009  -18.009  -11.657  -11.657   -7.380   -7.380   -5.664   -5.664    2.846    2.846
    3.033    3.033    4.902    4.902    6.179    6.179
            0.355000  0.204959  0.000000
  -18.025  -18.025  -11.631  -11.631   -7.374   -7.374   -5.681   -5.681    2.869    2.869
    3.013    3.013    4.879    4.879    6.182    6.182
            0.354000  0.204382  0.000000
  -18.041  -18.041  -11.606  -11.606   -7.367   -7.367   -5.698   -5.698    2.889    2.889
    2.997    2.997    4.856    4.856    6.185    6.185
            0.353000  0.203805  0.000000
  -18.057  -18.057  -11.580  -11.580   -7.361   -7.361   -5.715   -5.715    2.901    2.901
    2.988    2.988    4.834    4.834    6.187    6.187
            0.352000  0.203227  0.000000
  -18.073  -18.073  -11.554  -11.554   -7.354   -7.354   -5.732   -5.732    2.900    2.900
    2.993    2.993    4.811    4.812    6.190    6.190
            0.351000  0.202650  0.000000
  -18.089  -18.089  -11.528  -11.528   -7.348   -7.348   -5.750   -5.749    2.888    2.888
    3.009    3.009    4.789    4.789    6.192    6.193
            0.350000  0.202073  0.000000
  -18.105  -18.105  -11.502  -11.502   -7.341   -7.341   -5.767   -5.767    2.870    2.870
    3.030    3.030    4.767    4.767    6.195    6.195
            0.349000  0.201495  0.000000
  -18.121  -18.121  -11.477  -11.477   -7.334   -7.334   -5.784   -5.784    2.850    2.850
    3.054    3.054    4.744    4.745    6.198    6.198
            0.348000  0.200918  0.000000
  -18.136  -18.136  -11.451  -11.451   -7.327   -7.327   -5.801   -5.801    2.829    2.829
    3.079    3.079    4.722    4.723    6.200    6.200
            0.347000  0.200341  0.000000
  -18.152  -18.152  -11.425  -11.425   -7.320   -7.320   -5.818   -5.818    2.808    2.808
    3.104    3.104    4.700    4.700    6.203    6.203
            0.346000  0.199763  0.000000
  -18.168  -18.168  -11.399  -11.399   -7.314   -7.314   -5.835   -5.835    2.786    2.786
    3.130    3.130    4.678    4.678    6.205    6.205
            0.345000  0.199186  0.000000
  -18.184  -18.183  -11.373  -11.373   -7.307   -7.307   -5.852   -5.852    2.764    2.764
    3.156    3.156    4.656    4.657    6.207    6.208
            0.344000  0.198608  0.000000
  -18.199  -18.199  -11.347  -11.347   -7.300   -7.300   -5.869   -5.869    2.742    2.742
    3.182    3.183    4.635    4.635    6.210    6.210
            0.343000  0.198031  0.000000
  -18.215  -18.215  -11.321  -11.321   -7.293   -7.293   -5.886   -5.885    2.719    2.719
    3.209    3.209    4.613    4.613    6.212    6.212
            0.342000  0.197454  0.000000
  -18.230  -18.230  -11.295  -11.295   -7.286   -7.286   -5.902   -5.902    2.697    2.697
    3.235    3.236    4.591    4.592    6.214    6.214
            0.341000  0.196876  0.000000
  -18.246  -18.246  -11.269  -11.269   -7.279   -7.279   -5.919   -5.919    2.675    2.675
    3.262    3.262    4.570    4.570    6.216    6.217
            0.340000  0.196299  0.000000
  -18.261  -18.261  -11.243  -11.243   -7.272   -7.272   -5.936   -5.936    2.653    2.653
    3.289    3.289    4.548    4.549    6.219    6.219
            0.339000  0.195722  0.000000
  -18.277  -18.277  -11.217  -11.217   -7.264   -7.264   -5.953   -5.953    2.631    2.631
    3.315    3.315    4.527    4.527    6.221    6.221
            0.338000  0.195144  0.000000
  -18.292  -18.292  -11.191  -11.191   -7.257   -7.257   -5.970   -5.970    2.609    2.609
    3.342    3.342    4.506    4.506    6.222    6.222
            0.337000  0.194567  0.000000
  -18.307  -18.307  -11.165  -11.165   -7.250   -7.250   -5.987   -5.987    2.586    2.586
    3.368    3.369    4.485    4.485    6.224    6.224
            0.336000  0.193990  0.000000
  -18.323  -18.323  -11.139  -11.139   -7.243   -7.243   -6.003   -6.003    2.564    2.564
    3.395    3.395    4.464    4.464    6.226    6.226
            0.335000  0.193412  0.000000
  -18.338  -18.338  -11.113  -11.113   -7.235   -7.235   -6.020   -6.020    2.542    2.542
    3.421    3.422    4.443    4.443    6.227    6.227
            0.334000  0.192835  0.000000
  -18.353  -18.353  -11.087  -11.087   -7.228   -7.228   -6.037   -6.037    2.521    2.521
    3.448    3.448    4.422    4.423    6.228    6.229
            0.333000  0.192258  0.000000
  -18.368  -18.368  -11.060  -11.060   -7.221   -7.221   -6.054   -6.053    2.499    2.499
    3.474    3.475    4.402    4.402    6.230    6.230
            0.332000  0.191680  0.000000
  -18.383  -18.383  -11.034  -11.034   -7.213   -7.213   -6.070   -6.070    2.477    2.477
    3.501    3.501    4.382    4.382    6.230    6.230
            0.331000  0.191103  0.000000
  -18.399  -18.398  -11.008  -11.008   -7.206   -7.206   -6.087   -6.087    2.455    2.455
    3.527    3.527    4.362    4.362    6.231    6.231
            0.330000  0.190526  0.000000
  -18.414  -18.414  -10.982  -10.982   -7.198   -7.198   -6.103   -6.103    2.433    2.433
    3.553    3.553    4.342    4.342    6.231    6.231
            0.329000  0.189948  0.000000
  -18.429  -18.429  -10.956  -10.956   -7.191   -7.191   -6.120   -6.120    2.412    2.412
    3.579    3.579    4.322    4.322    6.231    6.231
            0.328000  0.189371  0.000000
  -18.444  -18.444  -10.930  -10.929   -7.183   -7.183   -6.136   -6.136    2.390    2.390
    3.605    3.605    4.303    4.303    6.231    6.231
            0.327000  0.188794  0.000000
  -18.458  -18.458  -10.903  -10.903   -7.176   -7.176   -6.153   -6.153    2.369    2.369
    3.630    3.630    4.284    4.284    6.230    6.230
            0.326000  0.188216  0.000000
  -18.473  -18.473  -10.877  -10.877   -7.168   -7.168   -6.169   -6.169    2.347    2.347
    3.656    3.656    4.265    4.265    6.228    6.228
            0.325000  0.187639  0.000000
  -18.488  -18.488  -10.851  -10.851   -7.160   -7.160   -6.186   -6.186    2.326    2.326
    3.680    3.680    4.247    4.247    6.226    6.226
            0.324000  0.187061  0.000000
  -18.503  -18.503  -10.825  -10.825   -7.153   -7.153   -6.202   -6.202    2.305    2.305
    3.705    3.705    4.229    4.229    6.223    6.224
            0.323000  0.186484  0.000000
  -18.518  -18.518  -10.798  -10.798   -7.145   -7.145   -6.219   -6.219    2.283    2.283
    3.728    3.729    4.212    4.212    6.220    6.220
            0.322000  0.185907  0.000000
  -18.533  -18.532  -10.772  -10.772   -7.137   -7.137   -6.235   -6.235    2.262    2.262
    3.752    3.752    4.196    4.196    6.216    6.216
            0.321000  0.185329  0.000000
  -18.547  -18.547  -10.746  -10.746   -7.129   -7.129   -6.251   -6.251    2.241    2.241
    3.774    3.774    4.181    4.181    6.211    6.211
            0.320000  0.184752  0.000000
  -18.562  -18.562  -10.719  -10.719   -7.121   -7.121   -6.268   -6.268    2.220    2.220
    3.794    3.794    4.167    4.167    6.205    6.205
            0.319000  0.184175  0.000000
  -18.576  -18.576  -10.693  -10.693   -7.114   -7.114   -6.284   -6.284    2.199    2.199
    3.813    3.813    4.155    4.155    6.198    6.198
            0.318000  0.183597  0.000000
  -18.591  -18.591  -10.667  -10.667   -7.106   -7.106   -6.300   -6.300    2.178    2.178
    3.830    3.830    4.145    4.146    6.190    6.190
            0.317000  0.183020  0.000000
  -18.606  -18.605  -10.640  -10.640   -7.098   -7.098   -6.316   -6.316    2.157    2.157
    3.844    3.844    4.139    4.139    6.181    6.181
            0.316000  0.182443  0.000000
  -18.620  -18.620  -10.614  -10.614   -7.090   -7.090   -6.333   -6.333    2.136    2.136
    3.855    3.855    4.135    4.135    6.171    6.171
            0.315000  0.181865  0.000000
  -18.634  -18.634  -10.588  -10.588   -7.082   -7.082   -6.349   -6.349    2.116    2.116
    3.862    3.862    4.136    4.136    6.160    6.160
            0.314000  0.181288  0.000000
  -18.649  -18.649  -10.561  -10.561   -7.074   -7.074   -6.365   -6.365    2.095    2.095
    3.864    3.865    4.141    4.141    6.148    6.148
            0.313000  0.180711  0.000000
  -18.663  -18.663  -10.535  -10.535   -7.065   -7.065   -6.381   -6.381    2.074    2.074
    3.863    3.863    4.149    4.150    6.135    6.135
            0.312000  0.180133  0.000000
  -18.677  -18.677  -10.509  -10.508   -7.057   -7.057   -6.397   -6.397    2.054    2.054
    3.858    3.858    4.162    4.162    6.122    6.122
            0.311000  0.179556  0.000000
  -18.692  -18.692  -10.482  -10.482   -7.049   -7.049   -6.413   -6.413    2.033    2.033
    3.850    3.850    4.178    4.178    6.108    6.108
            0.310000  0.178979  0.000000
  -18.706  -18.706  -10.456  -10.456   -7.041   -7.041   -6.429   -6.429    2.013    2.013
    3.840    3.840    4.196    4.196    6.094    6.094
            0.309000  0.178401  0.000000
  -18.720  -18.720  -10.429  -10.429   -7.033   -7.033   -6.445   -6.445    1.992    1.993
    3.827    3.827    4.216    4.216    6.079    6.079
            0.308000  0.177824  0.000000
  -18.734  -18.734  -10.403  -10.403   -7.024   -7.024   -6.461   -6.461    1.972    1.972
    3.814    3.814    4.238    4.238    6.063    6.063
            0.307000  0.177247  0.000000
  -18.748  -18.748  -10.376  -10.376   -7.016   -7.016   -6.477   -6.476    1.952    1.952
    3.799    3.799    4.260    4.260    6.048    6.048
            0.306000  0.176669  0.000000
  -18.762  -18.762  -10.350  -10.350   -7.008   -7.008   -6.492   -6.492    1.932    1.932
    3.783    3.783    4.284    4.284    6.032    6.032
            0.305000  0.176092  0.000000
  -18.776  -18.776  -10.324  -10.324   -6.999   -6.999   -6.508   -6.508    1.912    1.912
    3.767    3.767    4.308    4.308    6.015    6.015
            0.304000  0.175514  0.000000
  -18.790  -18.790  -10.297  -10.297   -6.991   -6.991   -6.524   -6.524    1.892    1.892
    3.750    3.751    4.333    4.333    5.999    5.999
            0.303000  0.174937  0.000000
  -18.804  -18.804  -10.271  -10.271   -6.982   -6.982   -6.540   -6.540    1.872    1.872
    3.733    3.733    4.358    4.358    5.982    5.982
            0.302000  0.174360  0.000000
  -18.818  -18.818  -10.244  -10.244   -6.974   -6.974   -6.555   -6.555    1.852    1.852
    3.716    3.716    4.384    4.384    5.965    5.965
            0.301000  0.173782  0.000000
  -18.832  -18.832  -10.218  -10.218   -6.965   -6.965   -6.571   -6.571    1.832    1.832
    3.698    3.699    4.410    4.410    5.948    5.948
            0.300000  0.173205  0.000000
  -18.846  -18.846  -10.191  -10.191   -6.957   -6.957   -6.587   -6.586    1.812    1.812
    3.681    3.681    4.436    4.436    5.931    5.931
            0.299000  0.172628  0.000000
  -18.860  -18.860  -10.165  -10.165   -6.948   -6.948   -6.602   -6.602    1.792    1.792
    3.663    3.663    4.462    4.462    5.913    5.913
            0.298000  0.172050  0.000000
  -18.873  -18.873  -10.138  -10.138   -6.940   -6.940   -6.618   -6.618    1.773    1.773
    3.645    3.645    4.488    4.488    5.896    5.896
            0.297000  0.171473  0.000000
  -18.887  -18.887  -10.112  -10.112   -6.931   -6.931   -6.633   -6.633    1.753    1.753
    3.627    3.627    4.515    4.515    5.878    5.878
            0.296000  0.170896  0.000000
  -18.901  -18.901  -10.085  -10.085   -6.922   -6.922   -6.649   -6.648    1.734    1.734
    3.609    3.609    4.542    4.542    5.861    5.861
            0.295000  0.170318  0.000000
  -18.914  -18.914  -10.059  -10.059   -6.914   -6.914   -6.664   -6.664    1.714    1.714
    3.591    3.591    4.568    4.569    5.843    5.843
            0.294000  0.169741  0.000000
  -18.928  -18.928  -10.032  -10.032   -6.905   -6.905   -6.679   -6.679    1.695    1.695
    3.572    3.573    4.595    4.595    5.826    5.826
            0.293000  0.169164  0.000000
  -18.941  -18.941  -10.006  -10.006   -6.896   -6.896   -6.695   -6.695    1.676    1.676
    3.554    3.554    4.622    4.622    5.808    5.808
            0.292000  0.168586  0.000000
  -18.955  -18.955   -9.979   -9.979   -6.887   -6.887   -6.710   -6.710    1.656    1.656
    3.536    3.536    4.649    4.649    5.791    5.791
            0.291000  0.168009  0.000000
  -18.968  -18.968   -9.953   -9.953   -6.878   -6.878   -6.725   -6.725    1.637    1.637
    3.518    3.518    4.676    4.676    5.773    5.773
            0.290000  0.167432  0.000000
  -18.981  -18.981   -9.926   -9.926   -6.869   -6.869   -6.740   -6.740    1.618    1.618
    3.500    3.500    4.703    4.703    5.756    5.756
            0.289000  0.166854  0.000000
  -18.995  -18.995   -9.900   -9.900   -6.861   -6.861   -6.756   -6.755    1.599    1.599
    3.482    3.482    4.730    4.730    5.738    5.738
            0.288000  0.166277  0.000000
  -19.008  -19.008   -9.873   -9.873   -6.852   -6.852   -6.771   -6.771    1.580    1.580
    3.464    3.464    4.757    4.758    5.720    5.720
            0.287000  0.165700  0.000000
  -19.021  -19.021   -9.847   -9.847   -6.843   -6.843   -6.786   -6.786    1.561    1.561
    3.445    3.446    4.785    4.785    5.703    5.703
            0.286000  0.165122  0.000000
  -19.035  -19.034   -9.820   -9.820   -6.834   -6.834   -6.801   -6.801    1.542    1.542
    3.427    3.428    4.812    4.812    5.685    5.685
            0.285000  0.164545  0.000000
  -19.048  -19.048   -9.794   -9.793   -6.825   -6.825   -6.816   -6.816    1.523    1.523
    3.409    3.409    4.839    4.839    5.668    5.668
            0.284000  0.163967  0.000000
  -19.061  -19.061   -9.767   -9.767   -6.831   -6.831   -6.815   -6.815    1.505    1.505
    3.391    3.391    4.866    4.866    5.650    5.650
            0.283000  0.163390  0.000000
  -19.074  -19.074   -9.740   -9.740   -6.846   -6.846   -6.806   -6.806    1.486    1.486
    3.373    3.374    4.893    4.893    5.633    5.633
            0.282000  0.162813  0.000000
  -19.087  -19.087   -9.714   -9.714   -6.861   -6.861   -6.797   -6.797    1.467    1.467
    3.355    3.356    4.920    4.921    5.615    5.615
            0.281000  0.162235  0.000000
  -19.100  -19.100   -9.687   -9.687   -6.875   -6.875   -6.788   -6.788    1.449    1.449
    3.338    3.338    4.948    4.948    5.598    5.598
            0.280000  0.161658  0.000000
  -19.113  -19.113   -9.661   -9.661   -6.890   -6.890   -6.779   -6.779    1.430    1.430
    3.320    3.320    4.975    4.975    5.581    5.581
            0.279000  0.161081  0.000000
  -19.126  -19.126   -9.634   -9.634   -6.905   -6.905   -6.770   -6.770    1.412    1.412
    3.302    3.302    5.002    5.002    5.563    5.563
            0.278000  0.160503  0.000000
  -19.139  -19.139   -9.608   -9.608   -6.920   -6.920   -6.760   -6.760    1.394    1.394
    3.284    3.284    5.029    5.029    5.546    5.546
            0.277000  0.159926  0.000000
  -19.151  -19.151   -9.581   -9.581   -6.934   -6.934   -6.751   -6.751    1.375    1.375
    3.267    3.267    5.056    5.056    5.529    5.529
            0.276000  0.159349  0.000000
  -19.164  -19.164   -9.555   -9.555   -6.949   -6.949   -6.742   -6.742    1.357    1.357
    3.249    3.249    5.083    5.083    5.512    5.512
            0.275000  0.158771  0.000000
  -19.177  -19.177   -9.528   -9.528   -6.964   -6.964   -6.733   -6.733    1.339    1.339
    3.231    3.231    5.110    5.110    5.495    5.495
            0.274000  0.158194  0.000000
  -19.189  -19.189   -9.502   -9.502   -6.978   -6.978   -6.723   -6.723    1.321    1.321
    3.214    3.214    5.137    5.138    5.478    5.478
            0.273000  0.157617  0.000000
  -19.202  -19.202   -9.475   -9.475   -6.993   -6.993   -6.714   -6.714    1.303    1.303
    3.196    3.196    5.164    5.165    5.461    5.461
            0.272000  0.157039  0.000000
  -19.215  -19.215   -9.449   -9.449   -7.007   -7.007   -6.704   -6.704    1.285    1.285
    3.179    3.179    5.191    5.191    5.444    5.444
            0.271000  0.156462  0.000000
  -19.227  -19.227   -9.422   -9.422   -7.022   -7.021   -6.695   -6.695    1.267    1.267
    3.161    3.162    5.218    5.218    5.427    5.427
            0.270000  0.155885  0.000000
  -19.240  -19.240   -9.396   -9.396   -7.036   -7.036   -6.685   -6.685    1.249    1.249
    3.144    3.144    5.245    5.245    5.410    5.410
            0.269000  0.155307  0.000000
  -19.252  -19.252   -9.369   -9.369   -7.050   -7.050   -6.676   -6.676    1.232    1.232
    3.127    3.127    5.272    5.272    5.393    5.393
            0.268000  0.154730  0.000000
  -19.265  -19.265   -9.343   -9.343   -7.065   -7.064   -6.666   -6.666    1.214    1.214
    3.110    3.110    5.298    5.298    5.377    5.377
            0.267000  0.154153  0.000000
  -19.277  -19.277   -9.316   -9.316   -7.079   -7.079   -6.657   -6.657    1.196    1.196
    3.093    3.093    5.324    5.324    5.361    5.361
            0.266000  0.153575  0.000000
  -19.289  -19.289   -9.290   -9.290   -7.093   -7.093   -6.647   -6.647    1.179    1.179
    3.075    3.076    5.337    5.337    5.358    5.359
            0.265000  0.152998  0.000000
  -19.302  -19.302   -9.263   -9.263   -7.107   -7.107   -6.638   -6.638    1.161    1.161
    3.058    3.059    5.324    5.324    5.381    5.381
            0.264000  0.152420  0.000000
  -19.314  -19.314   -9.237   -9.237   -7.121   -7.121   -6.628   -6.628    1.144    1.144
    3.041    3.042    5.308    5.308    5.407    5.407
            0.263000  0.151843  0.000000
  -19.326  -19.326   -9.210   -9.210   -7.135   -7.135   -6.618   -6.618    1.127    1.127
    3.024    3.025    5.292    5.292    5.433    5.433
            0.262000  0.151266  0.000000
  -19.338  -19.338   -9.184   -9.184   -7.149   -7.149   -6.609   -6.609    1.109    1.109
    3.008    3.008    5.275    5.275    5.460    5.460
            0.261000  0.150688  0.000000
  -19.350  -19.350   -9.158   -9.158   -7.163   -7.163   -6.599   -6.599    1.092    1.092
    2.991    2.991    5.259    5.259    5.486    5.486
            0.260000  0.150111  0.000000
  -19.362  -19.362   -9.131   -9.131   -7.177   -7.177   -6.589   -6.589    1.075    1.075
    2.974    2.974    5.243    5.243    5.512    5.512
            0.259000  0.149534  0.000000
  -19.374  -19.374   -9.105   -9.105   -7.191   -7.191   -6.579   -6.579    1.058    1.058
    2.957    2.958    5.226    5.226    5.538    5.538
            0.258000  0.148956  0.000000
  -19.386  -19.386   -9.078   -9.078   -7.205   -7.205   -6.570   -6.570    1.041    1.041
    2.941    2.941    5.210    5.210    5.564    5.564
            0.257000  0.148379  0.000000
  -19.398  -19.398   -9.052   -9.052   -7.219   -7.219   -6.560   -6.560    1.024    1.024
    2.924    2.924    5.194    5.194    5.590    5.590
            0.256000  0.147802  0.000000
  -19.410  -19.410   -9.026   -9.025   -7.232   -7.232   -6.550   -6.550    1.007    1.007
    2.908    2.908    5.178    5.178    5.616    5.616
            0.255000  0.147224  0.000000
  -19.422  -19.422   -8.999   -8.999   -7.246   -7.246   -6.540   -6.540    0.990    0.990
    2.891    2.891    5.162    5.162    5.642    5.642
            0.254000  0.146647  0.000000
  -19.434  -19.434   -8.973   -8.973   -7.260   -7.260   -6.530   -6.530    0.974    0.974
    2.875    2.875    5.146    5.146    5.667    5.667
            0.253000  0.146070  0.000000
  -19.445  -19.445   -8.946   -8.946   -7.273   -7.273   -6.520   -6.520    0.957    0.957
    2.859    2.859    5.130    5.130    5.692    5.692
            0.252000  0.145492  0.000000
  -19.457  -19.457   -8.920   -8.920   -7.287   -7.287   -6.510   -6.510    0.940    0.940
    2.842    2.842    5.114    5.114    5.717    5.717
            0.251000  0.144915  0.000000
  -19.469  -19.469   -8.894   -8.894   -7.300   -7.300   -6.500   -6.500    0.924    0.924
    2.826    2.826    5.098    5.098    5.742    5.742
            0.250000  0.144338  0.000000
  -19.480  -19.480   -8.867   -8.867   -7.314   -7.314   -6.490   -6.490    0.907    0.907
    2.810    2.810    5.082    5.082    5.766    5.767
            0.249000  0.143760  0.000000
  -19.492  -19.492   -8.841   -8.841   -7.327   -7.327   -6.480   -6.480    0.891    0.891
    2.794    2.794    5.066    5.066    5.790    5.791
            0.248000  0.143183  0.000000
  -19.504  -19.504   -8.815   -8.815   -7.341   -7.341   -6.470   -6.470    0.874    0.874
    2.778    2.778    5.051    5.051    5.814    5.814
            0.247000  0.142606  0.000000
  -19.515  -19.515   -8.789   -8.788   -7.354   -7.354   -6.460   -6.460    0.858    0.858
    2.762    2.762    5.035    5.035    5.837    5.837
            0.246000  0.142028  0.000000
  -19.526  -19.526   -8.762   -8.762   -7.367   -7.367   -6.450   -6.450    0.842    0.842
    2.746    2.746    5.019    5.019    5.860    5.860
            0.245000  0.141451  0.000000
  -19.538  -19.538   -8.736   -8.736   -7.381   -7.381   -6.440   -6.440    0.826    0.826
    2.730    2.730    5.004    5.004    5.882    5.882
            0.244000  0.140873  0.000000
  -19.549  -19.549   -8.710   -8.710   -7.394   -7.394   -6.430   -6.430    0.810    0.810
    2.714    2.715    4.988    4.988    5.903    5.903
            0.243000  0.140296  0.000000
  -19.561  -19.561   -8.684   -8.684   -7.407   -7.407   -6.420   -6.420    0.794    0.794
    2.699    2.699    4.973    4.973    5.922    5.923
            0.242000  0.139719  0.000000
  -19.572  -19.572   -8.657   -8.657   -7.420   -7.420   -6.410   -6.410    0.778    0.778
    2.683    2.683    4.958    4.958    5.941    5.941
            0.241000  0.139141  0.000000
  -19.583  -19.583   -8.631   -8.631   -7.433   -7.433   -6.400   -6.400    0.762    0.762
    2.668    2.668    4.942    4.942    5.958    5.958
            0.240000  0.138564  0.000000
  -19.594  -19.594   -8.605   -8.605   -7.446   -7.446   -6.389   -6.389    0.746    0.746
    2.652    2.652    4.927    4.927    5.974    5.974
            0.239000  0.137987  0.000000
  -19.605  -19.605   -8.579   -8.579   -7.459   -7.459   -6.379   -6.379    0.730    0.730
    2.637    2.637    4.912    4.912    5.987    5.987
            0.238000  0.137409  0.000000
  -19.616  -19.616   -8.553   -8.553   -7.472   -7.472   -6.369   -6.369    0.714    0.714
    2.621    2.621    4.897    4.897    5.998    5.998
            0.237000  0.136832  0.000000
  -19.627  -19.627   -8.527   -8.527   -7.485   -7.485   -6.359   -6.359    0.699    0.699
    2.606    2.606    4.882    4.882    6.007    6.007
            0.236000  0.136255  0.000000
  -19.638  -19.638   -8.501   -8.500   -7.497   -7.497   -6.348   -6.348    0.683    0.683
    2.591    2.591    4.867    4.867    6.013    6.013
            0.235000  0.135677  0.000000
  -19.649  -19.649   -8.474   -8.474   -7.510   -7.510   -6.338   -6.338    0.668    0.668
    2.575    2.575    4.852    4.852    6.016    6.016
            0.234000  0.135100  0.000000
  -19.660  -19.660   -8.448   -8.448   -7.523   -7.523   -6.328   -6.328    0.652    0.652
    2.560    2.560    4.837    4.837    6.017    6.017
            0.233000  0.134523  0.000000
  -19.671  -19.671   -8.422   -8.422   -7.536   -7.536   -6.318   -6.318    0.637    0.637
    2.545    2.545    4.822    4.822    6.015    6.015
            0.232000  0.133945  0.000000
  -19.682  -19.682   -8.396   -8.396   -7.548   -7.548   -6.307   -6.307    0.622    0.622
    2.530    2.530    4.807    4.807    6.012    6.012
            0.231000  0.133368  0.000000
  -19.693  -19.693   -8.370   -8.370   -7.561   -7.561   -6.297   -6.297    0.606    0.606
    2.515    2.515    4.793    4.793    6.007    6.007
            0.230000  0.132791  0.000000
  -19.703  -19.703   -8.344   -8.344   -7.573   -7.573   -6.286   -6.286    0.591    0.591
    2.500    2.500    4.778    4.778    6.000    6.000
            0.229000  0.132213  0.000000
  -19.714  -19.714   -8.318   -8.318   -7.586   -7.586   -6.276   -6.276    0.576    0.576
    2.485    2.486    4.764    4.764    5.993    5.993
            0.228000  0.131636  0.000000
  -19.725  -19.725   -8.293   -8.292   -7.598   -7.598   -6.266   -6.266    0.561    0.561
    2.471    2.471    4.749    4.749    5.984    5.984
            0.227000  0.131059  0.000000
  -19.735  -19.735   -8.267   -8.267   -7.611   -7.611   -6.255   -6.255    0.546    0.546
    2.456    2.456    4.735    4.735    5.975    5.975
            0.226000  0.130481  0.000000
  -19.746  -19.746   -8.241   -8.241   -7.623   -7.623   -6.245   -6.245    0.531    0.531
    2.441    2.441    4.720    4.720    5.965    5.965
            0.225000  0.129904  0.000000
  -19.756  -19.756   -8.215   -8.215   -7.635   -7.635   -6.234   -6.234    0.516    0.516
    2.427    2.427    4.706    4.706    5.955    5.955
            0.224000  0.129326  0.000000
  -19.767  -19.767   -8.189   -8.189   -7.647   -7.647   -6.224   -6.224    0.501    0.501
    2.412    2.412    4.692    4.692    5.944    5.944
            0.223000  0.128749  0.000000
  -19.777  -19.777   -8.163   -8.163   -7.659   -7.659   -6.213   -6.213    0.487    0.487
    2.398    2.398    4.677    4.677    5.933    5.933
            0.222000  0.128172  0.000000
  -19.788  -19.788   -8.138   -8.137   -7.672   -7.672   -6.203   -6.203    0.472    0.472
    2.383    2.384    4.663    4.663    5.922    5.922
            0.221000  0.127594  0.000000
  -19.798  -19.798   -8.112   -8.112   -7.684   -7.684   -6.192   -6.192    0.458    0.458
    2.369    2.369    4.649    4.649    5.910    5.910
            0.220000  0.127017  0.000000
  -19.808  -19.808   -8.086   -8.086   -7.696   -7.696   -6.182   -6.182    0.443    0.443
    2.355    2.355    4.635    4.635    5.898    5.899
            0.219000  0.126440  0.000000
  -19.818  -19.818   -8.060   -8.060   -7.708   -7.708   -6.171   -6.171    0.429    0.429
    2.341    2.341    4.621    4.621    5.886    5.887
            0.218000  0.125862  0.000000
  -19.829  -19.829   -8.035   -8.035   -7.720   -7.720   -6.161   -6.161    0.414    0.414
    2.327    2.327    4.607    4.607    5.874    5.875
            0.217000  0.125285  0.000000
  -19.839  -19.839   -8.009   -8.009   -7.731   -7.731   -6.150   -6.150    0.400    0.400
    2.312    2.313    4.594    4.594    5.862    5.863
            0.216000  0.124708  0.000000
  -19.849  -19.849   -7.984   -7.983   -7.743   -7.743   -6.140   -6.140    0.386    0.386
    2.298    2.299    4.580    4.580    5.850    5.850
            0.215000  0.124130  0.000000
  -19.859  -19.859   -7.958   -7.958   -7.755   -7.755   -6.129   -6.129    0.371    0.371
    2.285    2.285    4.566    4.566    5.838    5.838
            0.214000  0.123553  0.000000
  -19.869  -19.869   -7.932   -7.932   -7.767   -7.767   -6.118   -6.118    0.357    0.357
    2.271    2.271    4.552    4.552    5.826    5.826
            0.213000  0.122976  0.000000
  -19.879  -19.879   -7.907   -7.907   -7.778   -7.778   -6.108   -6.108    0.343    0.343
    2.257    2.257    4.539    4.539    5.813    5.814
            0.212000  0.122398  0.000000
  -19.889  -19.889   -7.882   -7.881   -7.790   -7.790   -6.097   -6.097    0.329    0.329
    2.243    2.243    4.525    4.525    5.801    5.801
            0.211000  0.121821  0.000000
  -19.899  -19.899   -7.857   -7.856   -7.801   -7.801   -6.087   -6.087    0.315    0.315
    2.229    2.230    4.512    4.512    5.789    5.789
            0.210000  0.121244  0.000000
  -19.908  -19.908   -7.832   -7.831   -7.812   -7.811   -6.076   -6.076    0.301    0.301
    2.216    2.216    4.499    4.499    5.776    5.777
            0.209000  0.120666  0.000000
  -19.918  -19.918   -7.827   -7.826   -7.804   -7.803   -6.065   -6.065    0.288    0.288
    2.202    2.202    4.485    4.485    5.764    5.764
            0.208000  0.120089  0.000000
  -19.928  -19.928   -7.837   -7.836   -7.779   -7.779   -6.055   -6.055    0.274    0.274
    2.189    2.189    4.472    4.472    5.752    5.752
            0.207000  0.119512  0.000000
  -19.938  -19.938   -7.848   -7.848   -7.754   -7.754   -6.044   -6.044    0.260    0.260
    2.175    2.175    4.459    4.459    5.739    5.740
            0.206000  0.118934  0.000000
  -19.947  -19.947   -7.859   -7.859   -7.729   -7.729   -6.033   -6.033    0.247    0.247
    2.162    2.162    4.446    4.446    5.727    5.727
            0.205000  0.118357  0.000000
  -19.957  -19.957   -7.870   -7.870   -7.704   -7.704   -6.023   -6.023    0.233    0.233
    2.149    2.149    4.433    4.433    5.715    5.715
            0.204000  0.117779  0.000000
  -19.966  -19.966   -7.882   -7.881   -7.678   -7.678   -6.012   -6.012    0.220    0.220
    2.135    2.136    4.419    4.420    5.702    5.703
            0.203000  0.117202  0.000000
  -19.976  -19.976   -7.893   -7.893   -7.653   -7.653   -6.001   -6.001    0.206    0.206
    2.122    2.122    4.407    4.407    5.690    5.690
            0.202000  0.116625  0.000000
  -19.985  -19.985   -7.904   -7.904   -7.628   -7.628   -5.991   -5.991    0.193    0.193
    2.109    2.109    4.394    4.394    5.678    5.678
            0.201000  0.116047  0.000000
  -19.995  -19.995   -7.915   -7.915   -7.603   -7.603   -5.980   -5.980    0.180    0.180
    2.096    2.096    4.381    4.381    5.666    5.666
            0.200000  0.115470  0.000000
  -20.004  -20.004   -7.926   -7.926   -7.578   -7.578   -5.969   -5.969    0.166    0.166
    2.083    2.083    4.368    4.368    5.654    5.654
            0.199000  0.114893  0.000000
  -20.013  -20.013   -7.937   -7.937   -7.553   -7.553   -5.958   -5.958    0.153    0.153
    2.070    2.070    4.355    4.355    5.641    5.642
            0.198000  0.114315  0.000000
  -20.023  -20.023   -7.948   -7.948   -7.528   -7.528   -5.948   -5.948    0.140    0.140
    2.057    2.057    4.343    4.343    5.629    5.630
            0.197000  0.113738  0.000000
  -20.032  -20.032   -7.958   -7.958   -7.503   -7.503   -5.937   -5.937    0.127    0.127
    2.045    2.045    4.330    4.330    5.617    5.618
            0.196000  0.113161  0.000000
  -20.041  -20.041   -7.969   -7.969   -7.478   -7.478   -5.926   -5.926    0.114    0.114
    2.032    2.032    4.318    4.318    5.605    5.606
            0.195000  0.112583  0.000000
  -20.050  -20.050   -7.980   -7.980   -7.453   -7.453   -5.915   -5.915    0.101    0.101
    2.019    2.019    4.305    4.305    5.593    5.594
            0.194000  0.112006  0.000000
  -20.059  -20.059   -7.991   -7.991   -7.429   -7.429   -5.905   -5.905    0.089    0.089
    2.007    2.007    4.293    4.293    5.582    5.582
            0.193000  0.111429  0.000000
  -20.068  -20.068   -8.001   -8.001   -7.404   -7.404   -5.894   -5.894    0.076    0.076
    1.994    1.994    4.280    4.280    5.570    5.570
            0.192000  0.110851  0.000000
  -20.077  -20.077   -8.012   -8.012   -7.379   -7.379   -5.883   -5.883    0.063    0.063
    1.982    1.982    4.268    4.268    5.558    5.558
            0.191000  0.110274  0.000000
  -20.086  -20.086   -8.023   -8.022   -7.354   -7.354   -5.872   -5.872    0.051    0.051
    1.969    1.969    4.256    4.256    5.546    5.546
            0.190000  0.109697  0.000000
  -20.095  -20.095   -8.033   -8.033   -7.330   -7.330   -5.862   -5.862    0.038    0.038
    1.957    1.957    4.244    4.244    5.534    5.535
            0.189000  0.109119  0.000000
  -20.104  -20.104   -8.043   -8.043   -7.305   -7.305   -5.851   -5.851    0.026    0.026
    1.945    1.945    4.232    4.232    5.523    5.523
            0.188000  0.108542  0.000000
  -20.113  -20.113   -8.054   -8.054   -7.281   -7.281   -5.840   -5.840    0.013    0.013
    1.932    1.933    4.220    4.220    5.511    5.511
            0.187000  0.107965  0.000000
  -20.122  -20.122   -8.064   -8.064   -7.256   -7.256   -5.829   -5.829    0.001    0.001
    1.920    1.920    4.208    4.208    5.499    5.500
            0.186000  0.107387  0.000000
  -20.130  -20.130   -8.074   -8.074   -7.232   -7.232   -5.819   -5.819   -0.011   -0.011
    1.908    1.908    4.196    4.196    5.488    5.488
            0.185000  0.106810  0.000000
  -20.139  -20.139   -8.085   -8.085   -7.207   -7.207   -5.808   -5.808   -0.024   -0.024
    1.896    1.896    4.184    4.184    5.476    5.477
            0.184000  0.106232  0.000000
  -20.148  -20.148   -8.095   -8.095   -7.183   -7.183   -5.797   -5.797   -0.036   -0.036
    1.884    1.884    4.172    4.172    5.465    5.465
            0.183000  0.105655  0.000000
  -20.156  -20.156   -8.105   -8.105   -7.159   -7.159   -5.786   -5.786   -0.048   -0.048
    1.872    1.872    4.161    4.161    5.454    5.454
            0.182000  0.105078  0.000000
  -20.165  -20.165   -8.115   -8.115   -7.135   -7.135   -5.776   -5.776   -0.060   -0.060
    1.861    1.861    4.149    4.149    5.442    5.443
            0.181000  0.104500  0.000000
  -20.173  -20.173   -8.125   -8.125   -7.110   -7.110   -5.765   -5.765   -0.072   -0.072
    1.849    1.849    4.137    4.137    5.431    5.431
            0.180000  0.103923  0.000000
  -20.182  -20.182   -8.135   -8.135   -7.086   -7.086   -5.754   -5.754   -0.084   -0.084
    1.837    1.837    4.126    4.126    5.420    5.420
            0.179000  0.103346  0.000000
  -20.190  -20.190   -8.145   -8.145   -7.062   -7.062   -5.743   -5.743   -0.096   -0.096
    1.825    1.826    4.115    4.115    5.409    5.409
            0.178000  0.102768  0.000000
  -20.198  -20.198   -8.155   -8.155   -7.038   -7.038   -5.733   -5.733   -0.107   -0.107
    1.814    1.814    4.103    4.103    5.398    5.398
            0.177000  0.102191  0.000000
  -20.207  -20.207   -8.165   -8.165   -7.014   -7.014   -5.722   -5.722   -0.119   -0.119
    1.802    1.802    4.092    4.092    5.387    5.387
            0.176000  0.101614  0.000000
  -20.215  -20.215   -8.174   -8.174   -6.990   -6.990   -5.711   -5.711   -0.131   -0.131
    1.791    1.791    4.081    4.081    5.376    5.376
            0.175000  0.101036  0.000000
  -20.223  -20.223   -8.184   -8.184   -6.966   -6.966   -5.701   -5.701   -0.142   -0.142
    1.780    1.780    4.069    4.069    5.365    5.365
            0.174000  0.100459  0.000000
  -20.231  -20.231   -8.194   -8.194   -6.943   -6.943   -5.690   -5.690   -0.154   -0.154
    1.768    1.768    4.058    4.058    5.354    5.354
            0.173000  0.099882  0.000000
  -20.240  -20.240   -8.203   -8.203   -6.919   -6.919   -5.679   -5.679   -0.165   -0.165
    1.757    1.757    4.047    4.047    5.343    5.343
            0.172000  0.099304  0.000000
  -20.248  -20.248   -8.213   -8.213   -6.895   -6.895   -5.668   -5.668   -0.176   -0.176
    1.746    1.746    4.036    4.036    5.332    5.333
            0.171000  0.098727  0.000000
  -20.256  -20.256   -8.222   -8.222   -6.872   -6.872   -5.658   -5.658   -0.188   -0.188
    1.735    1.735    4.025    4.025    5.322    5.322
            0.170000  0.098150  0.000000
  -20.264  -20.264   -8.232   -8.232   -6.848   -6.848   -5.647   -5.647   -0.199   -0.199
    1.724    1.724    4.014    4.014    5.311    5.311
            0.169000  0.097572  0.000000
  -20.272  -20.272   -8.241   -8.241   -6.825   -6.825   -5.636   -5.636   -0.210   -0.210
    1.713    1.713    4.004    4.004    5.300    5.301
            0.168000  0.096995  0.000000
  -20.279  -20.279   -8.251   -8.251   -6.801   -6.801   -5.626   -5.626   -0.221   -0.221
    1.702    1.702    3.993    3.993    5.290    5.290
            0.167000  0.096417  0.000000
  -20.287  -20.287   -8.260   -8.260   -6.778   -6.778   -5.615   -5.615   -0.232   -0.232
    1.691    1.691    3.982    3.982    5.279    5.280
            0.166000  0.095840  0.000000
  -20.295  -20.295   -8.269   -8.269   -6.754   -6.754   -5.604   -5.604   -0.243   -0.243
    1.680    1.680    3.972    3.972    5.269    5.269
            0.165000  0.095263  0.000000
  -20.303  -20.303   -8.278   -8.278   -6.731   -6.731   -5.594   -5.594   -0.254   -0.254
    1.669    1.669    3.961    3.961    5.259    5.259
            0.164000  0.094685  0.000000
  -20.311  -20.311   -8.288   -8.287   -6.708   -6.708   -5.583   -5.583   -0.265   -0.265
    1.659    1.659    3.950    3.950    5.248    5.249
            0.163000  0.094108  0.000000
  -20.318  -20.318   -8.297   -8.297   -6.685   -6.685   -5.573   -5.573   -0.276   -0.276
    1.648    1.648    3.940    3.940    5.238    5.238
            0.162000  0.093531  0.000000
  -20.326  -20.326   -8.306   -8.306   -6.662   -6.662   -5.562   -5.562   -0.286   -0.286
    1.638    1.638    3.930    3.930    5.228    5.228
            0.161000  0.092953  0.000000
  -20.333  -20.333   -8.315   -8.315   -6.639   -6.639   -5.551   -5.551   -0.297   -0.297
    1.627    1.627    3.919    3.919    5.218    5.218
            0.160000  0.092376  0.000000
  -20.341  -20.341   -8.323   -8.323   -6.616   -6.616   -5.541   -5.541   -0.308   -0.308
    1.617    1.617    3.909    3.909    5.208    5.208
            0.159000  0.091799  0.000000
  -20.348  -20.348   -8.332   -8.332   -6.593   -6.593   -5.530   -5.530   -0.318   -0.318
    1.606    1.606    3.899    3.899    5.198    5.198
            0.158000  0.091221  0.000000
  -20.356  -20.356   -8.341   -8.341   -6.570   -6.570   -5.520   -5.520   -0.329   -0.329
    1.596    1.596    3.889    3.889    5.188    5.188
            0.157000  0.090644  0.000000
  -20.363  -20.363   -8.350   -8.350   -6.548   -6.547   -5.509   -5.509   -0.339   -0.339
    1.586    1.586    3.879    3.879    5.178    5.178
            0.156000  0.090067  0.000000
  -20.371  -20.371   -8.359   -8.359   -6.525   -6.525   -5.499   -5.499   -0.349   -0.349
    1.576    1.576    3.869    3.869    5.168    5.168
            0.155000  0.089489  0.000000
  -20.378  -20.378   -8.367   -8.367   -6.502   -6.502   -5.488   -5.488   -0.359   -0.359
    1.566    1.566    3.859    3.859    5.159    5.159
            0.154000  0.088912  0.000000
  -20.385  -20.385   -8.376   -8.376   -6.480   -6.480   -5.478   -5.478   -0.370   -0.370
    1.556    1.556    3.849    3.849    5.149    5.149
            0.153000  0.088335  0.000000
  -20.392  -20.392   -8.384   -8.384   -6.457   -6.457   -5.467   -5.467   -0.380   -0.380
    1.546    1.546    3.839    3.839    5.139    5.139
            0.152000  0.087757  0.000000
  -20.400  -20.400   -8.393   -8.393   -6.435   -6.435   -5.457   -5.457   -0.390   -0.390
    1.536    1.536    3.830    3.830    5.130    5.130
            0.151000  0.087180  0.000000
  -20.407  -20.407   -8.401   -8.401   -6.413   -6.413   -5.446   -5.446   -0.400   -0.400
    1.526    1.526    3.820    3.820    5.120    5.120
            0.150000  0.086603  0.000000
  -20.414  -20.414   -8.410   -8.410   -6.391   -6.391   -5.436   -5.436   -0.410   -0.410
    1.516    1.516    3.810    3.810    5.111    5.111
            0.149000  0.086025  0.000000
  -20.421  -20.421   -8.418   -8.418   -6.368   -6.368   -5.426   -5.426   -0.420   -0.420
    1.507    1.507    3.801    3.801    5.101    5.102
            0.148000  0.085448  0.000000
  -20.428  -20.428   -8.426   -8.426   -6.346   -6.346   -5.415   -5.415   -0.429   -0.429
    1.497    1.497    3.791    3.791    5.092    5.092
            0.147000  0.084870  0.000000
  -20.435  -20.435   -8.435   -8.434   -6.324   -6.324   -5.405   -5.405   -0.439   -0.439
    1.487    1.487    3.782    3.782    5.083    5.083
            0.146000  0.084293  0.000000
  -20.441  -20.441   -8.443   -8.443   -6.303   -6.303   -5.394   -5.394   -0.449   -0.449
    1.478    1.478    3.772    3.772    5.074    5.074
            0.145000  0.083716  0.000000
  -20.448  -20.448   -8.451   -8.451   -6.281   -6.281   -5.384   -5.384   -0.458   -0.458
    1.468    1.469    3.763    3.763    5.064    5.065
            0.144000  0.083138  0.000000
  -20.455  -20.455   -8.459   -8.459   -6.259   -6.259   -5.374   -5.374   -0.468   -0.468
    1.459    1.459    3.754    3.754    5.055    5.056
            0.143000  0.082561  0.000000
  -20.462  -20.462   -8.467   -8.467   -6.237   -6.237   -5.364   -5.364   -0.477   -0.477
    1.450    1.450    3.745    3.745    5.046    5.046
            0.142000  0.081984  0.000000
  -20.469  -20.469   -8.475   -8.475   -6.216   -6.216   -5.353   -5.353   -0.487   -0.487
    1.441    1.441    3.736    3.736    5.037    5.038
            0.141000  0.081406  0.000000
  -20.475  -20.475   -8.483   -8.483   -6.194   -6.194   -5.343   -5.343   -0.496   -0.496
    1.431    1.431    3.727    3.727    5.028    5.029
            0.140000  0.080829  0.000000
  -20.482  -20.482   -8.491   -8.490   -6.173   -6.173   -5.333   -5.333   -0.505   -0.505
    1.422    1.422    3.718    3.718    5.020    5.020
            0.139000  0.080252  0.000000
  -20.488  -20.488   -8.498   -8.498   -6.152   -6.152   -5.323   -5.323   -0.514   -0.514
    1.413    1.413    3.709    3.709    5.011    5.011
            0.138000  0.079674  0.000000
  -20.495  -20.495   -8.506   -8.506   -6.131   -6.131   -5.313   -5.313   -0.523   -0.523
    1.404    1.404    3.700    3.700    5.002    5.002
            0.137000  0.079097  0.000000
  -20.501  -20.501   -8.514   -8.514   -6.109   -6.109   -5.303   -5.303   -0.533   -0.533
    1.395    1.395    3.691    3.691    4.993    4.994
            0.136000  0.078520  0.000000
  -20.508  -20.508   -8.521   -8.521   -6.088   -6.088   -5.293   -5.293   -0.542   -0.542
    1.386    1.387    3.682    3.682    4.985    4.985
            0.135000  0.077942  0.000000
  -20.514  -20.514   -8.529   -8.529   -6.067   -6.067   -5.283   -5.283   -0.550   -0.550
    1.378    1.378    3.674    3.674    4.976    4.977
            0.134000  0.077365  0.000000
  -20.520  -20.520   -8.536   -8.536   -6.047   -6.047   -5.273   -5.273   -0.559   -0.559
    1.369    1.369    3.665    3.665    4.968    4.968
            0.133000  0.076788  0.000000
  -20.527  -20.527   -8.544   -8.544   -6.026   -6.026   -5.263   -5.263   -0.568   -0.568
    1.360    1.360    3.657    3.657    4.959    4.960
            0.132000  0.076210  0.000000
  -20.533  -20.533   -8.551   -8.551   -6.005   -6.005   -5.253   -5.253   -0.577   -0.577
    1.352    1.352    3.648    3.648    4.951    4.951
            0.131000  0.075633  0.000000
  -20.539  -20.539   -8.559   -8.559   -5.985   -5.985   -5.243   -5.243   -0.585   -0.585
    1.343    1.343    3.640    3.640    4.943    4.943
            0.130000  0.075056  0.000000
  -20.545  -20.545   -8.566   -8.566   -5.964   -5.964   -5.233   -5.233   -0.594   -0.594
    1.335    1.335    3.632    3.632    4.935    4.935
            0.129000  0.074478  0.000000
  -20.551  -20.551   -8.573   -8.573   -5.944   -5.944   -5.223   -5.223   -0.603   -0.603
    1.326    1.326    3.623    3.623    4.926    4.927
            0.128000  0.073901  0.000000
  -20.557  -20.557   -8.580   -8.580   -5.924   -5.924   -5.213   -5.213   -0.611   -0.611
    1.318    1.318    3.615    3.615    4.918    4.919
            0.127000  0.073323  0.000000
  -20.563  -20.563   -8.587   -8.587   -5.903   -5.903   -5.203   -5.203   -0.619   -0.619
    1.310    1.310    3.607    3.607    4.910    4.911
            0.126000  0.072746  0.000000
  -20.569  -20.569   -8.595   -8.595   -5.883   -5.883   -5.194   -5.194   -0.628   -0.628
    1.302    1.302    3.599    3.599    4.902    4.903
            0.125000  0.072169  0.000000
  -20.575  -20.575   -8.602   -8.602   -5.863   -5.863   -5.184   -5.184   -0.636   -0.636
    1.293    1.293    3.591    3.591    4.894    4.895
            0.124000  0.071591  0.000000
  -20.581  -20.581   -8.609   -8.608   -5.843   -5.843   -5.174   -5.174   -0.644   -0.644
    1.285    1.285    3.583    3.583    4.887    4.887
            0.123000  0.071014  0.000000
  -20.587  -20.587   -8.615   -8.615   -5.824   -5.824   -5.165   -5.165   -0.652   -0.652
    1.277    1.277    3.575    3.575    4.879    4.879
            0.122000  0.070437  0.000000
  -20.593  -20.593   -8.622   -8.622   -5.804   -5.804   -5.155   -5.155   -0.660   -0.660
    1.269    1.269    3.567    3.567    4.871    4.871
            0.121000  0.069859  0.000000
  -20.598  -20.598   -8.629   -8.629   -5.784   -5.784   -5.145   -5.145   -0.668   -0.668
    1.261    1.262    3.559    3.559    4.863    4.864
            0.120000  0.069282  0.000000
  -20.604  -20.604   -8.636   -8.636   -5.765   -5.765   -5.136   -5.136   -0.676   -0.676
    1.254    1.254    3.552    3.552    4.856    4.856
            0.119000  0.068705  0.000000
  -20.610  -20.610   -8.643   -8.642   -5.746   -5.746   -5.126   -5.126   -0.684   -0.684
    1.246    1.246    3.544    3.544    4.848    4.848
            0.118000  0.068127  0.000000
  -20.615  -20.615   -8.649   -8.649   -5.726   -5.726   -5.117   -5.117   -0.692   -0.692
    1.238    1.238    3.537    3.537    4.841    4.841
            0.117000  0.067550  0.000000
  -20.621  -20.621   -8.656   -8.656   -5.707   -5.707   -5.108   -5.108   -0.700   -0.700
    1.231    1.231    3.529    3.529    4.833    4.834
            0.116000  0.066973  0.000000
  -20.626  -20.626   -8.662   -8.662   -5.688   -5.688   -5.098   -5.098   -0.707   -0.707
    1.223    1.223    3.522    3.522    4.826    4.826
            0.115000  0.066395  0.000000
  -20.632  -20.632   -8.669   -8.669   -5.669   -5.669   -5.089   -5.089   -0.715   -0.715
    1.216    1.216    3.514    3.514    4.819    4.819
            0.114000  0.065818  0.000000
  -20.637  -20.637   -8.675   -8.675   -5.650   -5.650   -5.080   -5.080   -0.723   -0.723
    1.208    1.208    3.507    3.507    4.812    4.812
            0.113000  0.065241  0.000000
  -20.642  -20.642   -8.682   -8.681   -5.632   -5.632   -5.070   -5.070   -0.730   -0.730
    1.201    1.201    3.500    3.500    4.804    4.805
            0.112000  0.064663  0.000000
  -20.648  -20.648   -8.688   -8.688   -5.613   -5.613   -5.061   -5.061   -0.737   -0.737
    1.193    1.194    3.492    3.492    4.797    4.797
            0.111000  0.064086  0.000000
  -20.653  -20.653   -8.694   -8.694   -5.595   -5.595   -5.052   -5.052   -0.745   -0.745
    1.186    1.186    3.485    3.485    4.790    4.790
            0.110000  0.063509  0.000000
  -20.658  -20.658   -8.700   -8.700   -5.576   -5.576   -5.043   -5.043   -0.752   -0.752
    1.179    1.179    3.478    3.478    4.783    4.783
            0.109000  0.062931  0.000000
  -20.663  -20.663   -8.706   -8.706   -5.558   -5.558   -5.034   -5.034   -0.759   -0.759
    1.172    1.172    3.471    3.471    4.776    4.777
            0.108000  0.062354  0.000000
  -20.668  -20.668   -8.712   -8.712   -5.540   -5.540   -5.025   -5.025   -0.766   -0.766
    1.165    1.165    3.464    3.464    4.770    4.770
            0.107000  0.061776  0.000000
  -20.673  -20.673   -8.719   -8.718   -5.522   -5.522   -5.016   -5.016   -0.774   -0.774
    1.158    1.158    3.458    3.458    4.763    4.763
            0.106000  0.061199  0.000000
  -20.678  -20.678   -8.725   -8.724   -5.504   -5.504   -5.007   -5.007   -0.781   -0.781
    1.151    1.151    3.451    3.451    4.756    4.756
            0.105000  0.060622  0.000000
  -20.683  -20.683   -8.730   -8.730   -5.486   -5.486   -4.998   -4.998   -0.787   -0.787
    1.144    1.144    3.444    3.444    4.749    4.750
            0.104000  0.060044  0.000000
  -20.688  -20.688   -8.736   -8.736   -5.469   -5.469   -4.989   -4.989   -0.794   -0.794
    1.137    1.137    3.437    3.437    4.743    4.743
            0.103000  0.059467  0.000000
  -20.693  -20.693   -8.742   -8.742   -5.451   -5.451   -4.981   -4.981   -0.801   -0.801
    1.131    1.131    3.431    3.431    4.736    4.736
            0.102000  0.058890  0.000000
  -20.698  -20.698   -8.748   -8.748   -5.434   -5.434   -4.972   -4.972   -0.808   -0.808
    1.124    1.124    3.424    3.424    4.730    4.730
            0.101000  0.058312  0.000000
  -20.703  -20.703   -8.754   -8.754   -5.416   -5.416   -4.963   -4.963   -0.815   -0.815
    1.117    1.117    3.418    3.418    4.723    4.723
            0.100000  0.057735  0.000000
  -20.707  -20.707   -8.759   -8.759   -5.399   -5.399   -4.955   -4.955   -0.821   -0.821
    1.111    1.111    3.411    3.411    4.717    4.717
            0.099000  0.057158  0.000000
  -20.712  -20.712   -8.765   -8.765   -5.382   -5.382   -4.946   -4.946   -0.828   -0.828
    1.104    1.105    3.405    3.405    4.711    4.711
            0.098000  0.056580  0.000000
  -20.717  -20.717   -8.770   -8.770   -5.365   -5.365   -4.938   -4.938   -0.834   -0.834
    1.098    1.098    3.399    3.399    4.705    4.705
            0.097000  0.056003  0.000000
  -20.721  -20.721   -8.776   -8.776   -5.348   -5.348   -4.929   -4.929   -0.841   -0.841
    1.092    1.092    3.392    3.392    4.698    4.698
            0.096000  0.055426  0.000000
  -20.726  -20.726   -8.781   -8.781   -5.332   -5.332   -4.921   -4.921   -0.847   -0.847
    1.085    1.086    3.386    3.386    4.692    4.692
            0.095000  0.054848  0.000000
  -20.730  -20.730   -8.787   -8.787   -5.315   -5.315   -4.912   -4.912   -0.853   -0.853
    1.079    1.079    3.380    3.380    4.686    4.686
            0.094000  0.054271  0.000000
  -20.735  -20.735   -8.792   -8.792   -5.299   -5.299   -4.904   -4.904   -0.860   -0.860
    1.073    1.073    3.374    3.374    4.680    4.680
            0.093000  0.053694  0.000000
  -20.739  -20.739   -8.797   -8.797   -5.283   -5.283   -4.896   -4.896   -0.866   -0.866
    1.067    1.067    3.368    3.368    4.674    4.674
            0.092000  0.053116  0.000000
  -20.744  -20.744   -8.802   -8.802   -5.267   -5.267   -4.888   -4.888   -0.872   -0.872
    1.061    1.061    3.362    3.362    4.668    4.669
            0.091000  0.052539  0.000000
  -20.748  -20.748   -8.807   -8.807   -5.251   -5.251   -4.880   -4.880   -0.878   -0.878
    1.055    1.055    3.356    3.356    4.663    4.663
            0.090000  0.051962  0.000000
  -20.752  -20.752   -8.813   -8.813   -5.235   -5.235   -4.872   -4.872   -0.884   -0.884
    1.049    1.049    3.351    3.351    4.657    4.657
            0.089000  0.051384  0.000000
  -20.756  -20.756   -8.818   -8.818   -5.219   -5.219   -4.864   -4.864   -0.890   -0.890
    1.043    1.044    3.345    3.345    4.651    4.651
            0.088000  0.050807  0.000000
  -20.761  -20.761   -8.823   -8.823   -5.203   -5.203   -4.856   -4.856   -0.896   -0.896
    1.038    1.038    3.339    3.339    4.646    4.646
            0.087000  0.050229  0.000000
  -20.765  -20.765   -8.827   -8.827   -5.188   -5.188   -4.848   -4.848   -0.901   -0.901
    1.032    1.032    3.334    3.334    4.640    4.640
            0.086000  0.049652  0.000000
  -20.769  -20.769   -8.832   -8.832   -5.173   -5.173   -4.840   -4.840   -0.907   -0.907
    1.026    1.026    3.328    3.328    4.635    4.635
            0.085000  0.049075  0.000000
  -20.773  -20.773   -8.837   -8.837   -5.158   -5.158   -4.833   -4.833   -0.913   -0.913
    1.021    1.021    3.323    3.323    4.629    4.629
            0.084000  0.048497  0.000000
  -20.777  -20.777   -8.842   -8.842   -5.143   -5.143   -4.825   -4.825   -0.918   -0.918
    1.015    1.015    3.317    3.317    4.624    4.624
            0.083000  0.047920  0.000000
  -20.781  -20.781   -8.847   -8.847   -5.128   -5.128   -4.817   -4.817   -0.924   -0.924
    1.010    1.010    3.312    3.312    4.619    4.619
            0.082000  0.047343  0.000000
  -20.785  -20.785   -8.851   -8.851   -5.113   -5.113   -4.810   -4.810   -0.929   -0.929
    1.005    1.005    3.307    3.307    4.613    4.614
            0.081000  0.046765  0.000000
  -20.788  -20.788   -8.856   -8.856   -5.098   -5.098   -4.802   -4.802   -0.934   -0.934
    0.999    0.999    3.301    3.301    4.608    4.608
            0.080000  0.046188  0.000000
  -20.792  -20.792   -8.860   -8.860   -5.084   -5.084   -4.795   -4.795   -0.940   -0.940
    0.994    0.994    3.296    3.296    4.603    4.603
            0.079000  0.045611  0.000000
  -20.796  -20.796   -8.865   -8.865   -5.070   -5.070   -4.788   -4.788   -0.945   -0.945
    0.989    0.989    3.291    3.291    4.598    4.598
            0.078000  0.045033  0.000000
  -20.800  -20.800   -8.869   -8.869   -5.056   -5.056   -4.781   -4.781   -0.950   -0.950
    0.984    0.984    3.286    3.286    4.593    4.593
            0.077000  0.044456  0.000000
  -20.803  -20.803   -8.874   -8.874   -5.042   -5.042   -4.773   -4.773   -0.955   -0.955
    0.979    0.979    3.281    3.281    4.588    4.588
            0.076000  0.043879  0.000000
  -20.807  -20.807   -8.878   -8.878   -5.028   -5.028   -4.766   -4.766   -0.960   -0.960
    0.974    0.974    3.276    3.276    4.583    4.584
            0.075000  0.043301  0.000000
  -20.811  -20.811   -8.882   -8.882   -5.014   -5.014   -4.759   -4.759   -0.965   -0.965
    0.969    0.969    3.272    3.272    4.579    4.579
            0.074000  0.042724  0.000000
  -20.814  -20.814   -8.886   -8.886   -5.001   -5.001   -4.752   -4.752   -0.970   -0.970
    0.964    0.964    3.267    3.267    4.574    4.574
            0.073000  0.042147  0.000000
  -20.818  -20.818   -8.891   -8.890   -4.987   -4.987   -4.745   -4.745   -0.975   -0.975
    0.959    0.959    3.262    3.262    4.569    4.569
            0.072000  0.041569  0.000000
  -20.821  -20.821   -8.895   -8.895   -4.974   -4.974   -4.739   -4.739   -0.980   -0.980
    0.955    0.955    3.258    3.258    4.565    4.565
            0.071000  0.040992  0.000000
  -20.824  -20.824   -8.899   -8.899   -4.961   -4.961   -4.732   -4.732   -0.985   -0.985
    0.950    0.950    3.253    3.253    4.560    4.560
            0.070000  0.040415  0.000000
  -20.828  -20.828   -8.903   -8.903   -4.948   -4.948   -4.725   -4.725   -0.989   -0.989
    0.945    0.946    3.248    3.248    4.556    4.556
            0.069000  0.039837  0.000000
  -20.831  -20.831   -8.907   -8.906   -4.935   -4.935   -4.719   -4.719   -0.994   -0.994
    0.941    0.941    3.244    3.244    4.551    4.551
            0.068000  0.039260  0.000000
  -20.834  -20.834   -8.910   -8.910   -4.923   -4.923   -4.712   -4.712   -0.998   -0.998
    0.937    0.937    3.240    3.240    4.547    4.547
            0.067000  0.038682  0.000000
  -20.837  -20.837   -8.914   -8.914   -4.910   -4.910   -4.706   -4.706   -1.003   -1.003
    0.932    0.932    3.235    3.235    4.543    4.543
            0.066000  0.038105  0.000000
  -20.840  -20.840   -8.918   -8.918   -4.898   -4.898   -4.699   -4.699   -1.007   -1.007
    0.928    0.928    3.231    3.231    4.539    4.539
            0.065000  0.037528  0.000000
  -20.844  -20.844   -8.922   -8.922   -4.886   -4.886   -4.693   -4.693   -1.011   -1.011
    0.924    0.924    3.227    3.227    4.534    4.535
            0.064000  0.036950  0.000000
  -20.847  -20.847   -8.925   -8.925   -4.874   -4.874   -4.687   -4.687   -1.016   -1.016
    0.919    0.919    3.223    3.223    4.530    4.530
            0.063000  0.036373  0.000000
  -20.850  -20.850   -8.929   -8.929   -4.862   -4.862   -4.681   -4.681   -1.020   -1.020
    0.915    0.915    3.219    3.219    4.526    4.526
            0.062000  0.035796  0.000000
  -20.853  -20.853   -8.932   -8.932   -4.851   -4.851   -4.675   -4.675   -1.024   -1.024
    0.911    0.911    3.215    3.215    4.522    4.522
            0.061000  0.035218  0.000000
  -20.855  -20.855   -8.936   -8.936   -4.839   -4.839   -4.669   -4.669   -1.028   -1.028
    0.907    0.907    3.211    3.211    4.518    4.519
            0.060000  0.034641  0.000000
  -20.858  -20.858   -8.939   -8.939   -4.828   -4.828   -4.663   -4.663   -1.032   -1.032
    0.903    0.903    3.207    3.207    4.515    4.515
            0.059000  0.034064  0.000000
  -20.861  -20.861   -8.943   -8.943   -4.817   -4.817   -4.657   -4.657   -1.036   -1.036
    0.899    0.899    3.203    3.203    4.511    4.511
            0.058000  0.033486  0.000000
  -20.864  -20.864   -8.946   -8.946   -4.806   -4.806   -4.652   -4.652   -1.040   -1.040
    0.896    0.896    3.199    3.199    4.507    4.507
            0.057000  0.032909  0.000000
  -20.867  -20.867   -8.949   -8.949   -4.795   -4.795   -4.646   -4.646   -1.044   -1.044
    0.892    0.892    3.196    3.196    4.504    4.504
            0.056000  0.032332  0.000000
  -20.869  -20.869   -8.952   -8.952   -4.784   -4.784   -4.640   -4.640   -1.047   -1.047
    0.888    0.888    3.192    3.192    4.500    4.500
            0.055000  0.031754  0.000000
  -20.872  -20.872   -8.955   -8.955   -4.774   -4.774   -4.635   -4.635   -1.051   -1.051
    0.885    0.885    3.189    3.189    4.496    4.497
            0.054000  0.031177  0.000000
  -20.874  -20.874   -8.959   -8.958   -4.764   -4.764   -4.630   -4.630   -1.054   -1.054
    0.881    0.881    3.185    3.185    4.493    4.493
            0.053000  0.030600  0.000000
  -20.877  -20.877   -8.962   -8.962   -4.754   -4.754   -4.624   -4.624   -1.058   -1.058
    0.878    0.878    3.182    3.182    4.490    4.490
            0.052000  0.030022  0.000000
  -20.879  -20.879   -8.964   -8.964   -4.744   -4.744   -4.619   -4.619   -1.061   -1.061
    0.874    0.874    3.178    3.178    4.486    4.486
            0.051000  0.029445  0.000000
  -20.882  -20.882   -8.967   -8.967   -4.734   -4.734   -4.614   -4.614   -1.065   -1.065
    0.871    0.871    3.175    3.175    4.483    4.483
            0.050000  0.028868  0.000000
  -20.884  -20.884   -8.970   -8.970   -4.724   -4.724   -4.609   -4.609   -1.068   -1.068
    0.868    0.868    3.172    3.172    4.480    4.480
            0.049000  0.028290  0.000000
  -20.887  -20.887   -8.973   -8.973   -4.715   -4.715   -4.604   -4.604   -1.071   -1.071
    0.864    0.864    3.169    3.169    4.477    4.477
            0.048000  0.027713  0.000000
  -20.889  -20.889   -8.976   -8.976   -4.706   -4.706   -4.599   -4.599   -1.075   -1.075
    0.861    0.861    3.166    3.166    4.474    4.474
            0.047000  0.027135  0.000000
  -20.891  -20.891   -8.978   -8.978   -4.697   -4.697   -4.595   -4.595   -1.078   -1.078
    0.858    0.858    3.163    3.163    4.471    4.471
            0.046000  0.026558  0.000000
  -20.893  -20.893   -8.981   -8.981   -4.688   -4.688   -4.590   -4.590   -1.081   -1.081
    0.855    0.855    3.160    3.160    4.468    4.468
            0.045000  0.025981  0.000000
  -20.895  -20.895   -8.984   -8.984   -4.679   -4.679   -4.585   -4.585   -1.084   -1.084
    0.852    0.852    3.157    3.157    4.465    4.465
            0.044000  0.025403  0.000000
  -20.898  -20.898   -8.986   -8.986   -4.671   -4.671   -4.581   -4.581   -1.087   -1.087
    0.849    0.849    3.154    3.154    4.462    4.462
            0.043000  0.024826  0.000000
  -20.900  -20.900   -8.989   -8.989   -4.662   -4.662   -4.577   -4.577   -1.090   -1.090
    0.846    0.847    3.151    3.151    4.459    4.459
            0.042000  0.024249  0.000000
  -20.902  -20.902   -8.991   -8.991   -4.654   -4.654   -4.572   -4.572   -1.092   -1.092
    0.844    0.844    3.148    3.148    4.457    4.457
            0.041000  0.023671  0.000000
  -20.904  -20.904   -8.993   -8.993   -4.646   -4.646   -4.568   -4.568   -1.095   -1.095
    0.841    0.841    3.146    3.146    4.454    4.454
            0.040000  0.023094  0.000000
  -20.905  -20.905   -8.996   -8.996   -4.638   -4.638   -4.564   -4.564   -1.098   -1.098
    0.838    0.838    3.143    3.143    4.451    4.451
            0.039000  0.022517  0.000000
  -20.907  -20.907   -8.998   -8.998   -4.631   -4.631   -4.560   -4.560   -1.100   -1.100
    0.836    0.836    3.141    3.141    4.449    4.449
            0.038000  0.021939  0.000000
  -20.909  -20.909   -9.000   -9.000   -4.623   -4.623   -4.556   -4.556   -1.103   -1.103
    0.833    0.833    3.138    3.138    4.446    4.446
            0.037000  0.021362  0.000000
  -20.911  -20.911   -9.002   -9.002   -4.616   -4.616   -4.552   -4.552   -1.105   -1.105
    0.831    0.831    3.136    3.136    4.444    4.444
            0.036000  0.020785  0.000000
  -20.913  -20.913   -9.004   -9.004   -4.609   -4.609   -4.549   -4.549   -1.108   -1.108
    0.829    0.829    3.133    3.133    4.442    4.442
            0.035000  0.020207  0.000000
  -20.914  -20.914   -9.006   -9.006   -4.602   -4.602   -4.545   -4.545   -1.110   -1.110
    0.826    0.826    3.131    3.131    4.439    4.440
            0.034000  0.019630  0.000000
  -20.916  -20.916   -9.008   -9.008   -4.596   -4.596   -4.541   -4.541   -1.112   -1.112
    0.824    0.824    3.129    3.129    4.437    4.437
            0.033000  0.019053  0.000000
  -20.918  -20.918   -9.010   -9.010   -4.589   -4.589   -4.538   -4.538   -1.115   -1.115
    0.822    0.822    3.127    3.127    4.435    4.435
            0.032000  0.018475  0.000000
  -20.919  -20.919   -9.012   -9.012   -4.583   -4.583   -4.535   -4.535   -1.117   -1.117
    0.820    0.820    3.125    3.125    4.433    4.433
            0.031000  0.017898  0.000000
  -20.921  -20.921   -9.014   -9.014   -4.577   -4.577   -4.531   -4.531   -1.119   -1.119
    0.818    0.818    3.123    3.123    4.431    4.431
            0.030000  0.017321  0.000000
  -20.922  -20.922   -9.015   -9.015   -4.571   -4.571   -4.528   -4.528   -1.121   -1.121
    0.816    0.816    3.121    3.121    4.429    4.429
            0.029000  0.016743  0.000000
  -20.923  -20.923   -9.017   -9.017   -4.565   -4.565   -4.525   -4.525   -1.123   -1.123
    0.814    0.814    3.119    3.119    4.427    4.427
            0.028000  0.016166  0.000000
  -20.925  -20.925   -9.019   -9.019   -4.560   -4.560   -4.522   -4.522   -1.125   -1.125
    0.812    0.812    3.117    3.117    4.426    4.426
            0.027000  0.015588  0.000000
  -20.926  -20.926   -9.020   -9.020   -4.554   -4.554   -4.519   -4.519   -1.126   -1.126
    0.810    0.810    3.115    3.115    4.424    4.424
            0.026000  0.015011  0.000000
  -20.927  -20.927   -9.022   -9.022   -4.549   -4.549   -4.516   -4.516   -1.128   -1.128
    0.808    0.808    3.114    3.114    4.422    4.422
            0.025000  0.014434  0.000000
  -20.928  -20.928   -9.023   -9.023   -4.544   -4.544   -4.514   -4.514   -1.130   -1.130
    0.807    0.807    3.112    3.112    4.420    4.421
            0.024000  0.013856  0.000000
  -20.930  -20.930   -9.025   -9.025   -4.539   -4.539   -4.511   -4.511   -1.132   -1.132
    0.805    0.805    3.110    3.110    4.419    4.419
            0.023000  0.013279  0.000000
  -20.931  -20.931   -9.026   -9.026   -4.535   -4.535   -4.509   -4.509   -1.133   -1.133
    0.804    0.804    3.109    3.109    4.417    4.417
            0.022000  0.012702  0.000000
  -20.932  -20.932   -9.027   -9.027   -4.531   -4.531   -4.506   -4.506   -1.135   -1.135
    0.802    0.802    3.108    3.108    4.416    4.416
            0.021000  0.012124  0.000000
  -20.933  -20.933   -9.028   -9.028   -4.526   -4.526   -4.504   -4.504   -1.136   -1.136
    0.801    0.801    3.106    3.106    4.415    4.415
            0.020000  0.011547  0.000000
  -20.934  -20.934   -9.029   -9.029   -4.523   -4.522   -4.502   -4.502   -1.137   -1.137
    0.799    0.799    3.105    3.105    4.413    4.413
            0.019000  0.010970  0.000000
  -20.935  -20.935   -9.031   -9.031   -4.519   -4.519   -4.500   -4.500   -1.139   -1.139
    0.798    0.798    3.104    3.104    4.412    4.412
            0.018000  0.010392  0.000000
  -20.936  -20.936   -9.032   -9.032   -4.515   -4.515   -4.498   -4.498   -1.140   -1.140
    0.797    0.797    3.102    3.102    4.411    4.411
            0.017000  0.009815  0.000000
  -20.936  -20.936   -9.033   -9.033   -4.512   -4.512   -4.496   -4.496   -1.141   -1.141
    0.796    0.796    3.101    3.101    4.410    4.410
            0.016000  0.009238  0.000000
  -20.937  -20.937   -9.034   -9.034   -4.509   -4.509   -4.494   -4.494   -1.142   -1.142
    0.795    0.795    3.100    3.100    4.409    4.409
            0.015000  0.008660  0.000000
  -20.938  -20.938   -9.034   -9.034   -4.506   -4.506   -4.492   -4.492   -1.143   -1.143
    0.794    0.794    3.099    3.099    4.408    4.408
            0.014000  0.008083  0.000000
  -20.939  -20.939   -9.035   -9.035   -4.503   -4.503   -4.490   -4.490   -1.144   -1.144
    0.793    0.793    3.098    3.098    4.407    4.407
            0.013000  0.007506  0.000000
  -20.939  -20.939   -9.036   -9.036   -4.501   -4.501   -4.489   -4.489   -1.145   -1.145
    0.792    0.792    3.097    3.097    4.406    4.406
            0.012000  0.006928  0.000000
  -20.940  -20.940   -9.037   -9.037   -4.499   -4.499   -4.487   -4.487   -1.146   -1.146
    0.791    0.791    3.097    3.097    4.405    4.405
            0.011000  0.006351  0.000000
  -20.940  -20.940   -9.037   -9.037   -4.497   -4.497   -4.486   -4.486   -1.147   -1.147
    0.790    0.790    3.096    3.096    4.405    4.405
            0.010000  0.005774  0.000000
  -20.941  -20.941   -9.038   -9.038   -4.495   -4.495   -4.484   -4.484   -1.147   -1.147
    0.790    0.790    3.095    3.095    4.404    4.404
            0.009000  0.005196  0.000000
  -20.941  -20.941   -9.039   -9.039   -4.493   -4.493   -4.483   -4.483   -1.148   -1.148
    0.789    0.789    3.095    3.095    4.403    4.403
            0.008000  0.004619  0.000000
  -20.942  -20.942   -9.039   -9.039   -4.492   -4.492   -4.482   -4.482   -1.148   -1.148
    0.789    0.789    3.094    3.094    4.403    4.403
            0.007000  0.004041  0.000000
  -20.942  -20.942   -9.039   -9.039   -4.490   -4.490   -4.481   -4.481   -1.149   -1.149
    0.788    0.788    3.094    3.094    4.402    4.402
            0.006000  0.003464  0.000000
  -20.942  -20.942   -9.040   -9.040   -4.489   -4.489   -4.480   -4.480   -1.149   -1.149
    0.788    0.788    3.093    3.093    4.402    4.402
            0.005000  0.002887  0.000000
  -20.943  -20.943   -9.040   -9.040   -4.489   -4.489   -4.479   -4.479   -1.150   -1.150
    0.787    0.787    3.093    3.093    4.401    4.401
            0.004000  0.002309  0.000000
  -20.943  -20.943   -9.040   -9.040   -4.488   -4.488   -4.479   -4.479   -1.150   -1.150
    0.787    0.787    3.093    3.093    4.401    4.401
            0.003000  0.001732  0.000000
  -20.943  -20.943   -9.041   -9.041   -4.487   -4.487   -4.478   -4.478   -1.150   -1.150
    0.787    0.787    3.092    3.092    4.401    4.401
            0.002000  0.001155  0.000000
  -20.943  -20.943   -9.041   -9.041   -4.487   -4.487   -4.478   -4.478   -1.150   -1.150
    0.787    0.787    3.092    3.092    4.401    4.401
            0.001000  0.000577  0.000000
  -20.943  -20.943   -9.041   -9.041   -4.487   -4.487   -4.478   -4.478   -1.150   -1.150
    0.787    0.787    3.092    3.092    4.401    4.401
            0.000000  0.000000  0.000000
  -20.943  -20.943   -9.041   -9.041   -4.487   -4.487   -4.477   -4.477   -1.150   -1.150
    0.787    0.787    3.092    3.092    4.401    4.401
